;FLAVOR:Marlin
;TIME:1412
;Filament used: 3.67144m
;Layer height: 0.2
;MINX:122.55
;MINY:123.05
;MINZ:0.3
;MAXX:181.45
;MAXY:180.95
;MAXZ:8.3
;TARGET_MACHINE.NAME:SV07 Plus
;Generated with Cura_SteamEngine 5.10.2
M140 S50
M105
M190 S50
M104 S195
M105
M109 S195
G28 ;Home

G92 E0 ;Reset Extruder
G1 Z2.0 F3000 ;Move Z Axis up
G1 X10.1 Y20 Z0.28 F5000.0 ;Move to start position
G1 X10.1 Y200.0 Z0.28 F1500.0 E15 ;Draw the first line
G1 X10.4 Y200.0 Z0.28 F5000.0 ;Move to side a little
G1 X10.4 Y20 Z0.28 F1500.0 E30 ;Draw the second line
G92 E0 ;Reset Extruder
G1 Z2.0 F3000 ;Move Z Axis up

M82 ;absolute extrusion mode
G92 E0
G92 E0
G1 F2400 E-0.5
;LAYER_COUNT:39
;LAYER:0
M107
M204 S1000
G1 F600 Z0.7
G0 F5040 X123.881 Y124.638 Z0.7
;TYPE:SKIRT
G1 F600 Z0.3
G1 F2400 E0
G1 F2100 X124.559 Y124.019 E0.08615
G1 X125.572 Y123.424 E0.1964
G1 X126.97 Y123.05 E0.33221
G1 X176.668 Y123.06 E4.99604
G1 X177.768 Y123.202 E5.10013
G1 X177.961 Y123.258 E5.11899
G1 X179.081 Y123.777 E5.23483
G1 X179.859 Y124.377 E5.32703
G1 X180.481 Y125.06 E5.41372
G1 X181.076 Y126.071 E5.52381
G1 X181.45 Y127.47 E5.6597
G1 X181.432 Y176.264 E10.2387
G1 X181.281 Y177.38 E10.34439
G1 X180.727 Y178.575 E10.46799
G1 X180.119 Y179.362 E10.56132
G1 X179.441 Y179.981 E10.64748
G1 X178.428 Y180.576 E10.75772
G1 X177.03 Y180.95 E10.89353
G1 X127.236 Y180.932 E15.56637
G1 X126.12 Y180.781 E15.67206
G1 X124.925 Y180.227 E15.79566
G1 X124.138 Y179.619 E15.88899
G1 X123.519 Y178.941 E15.97515
G1 X122.924 Y177.928 E16.0854
G1 X122.55 Y176.53 E16.2212
G1 X122.568 Y127.736 E20.8002
G1 X122.719 Y126.62 E20.90588
G1 X123.273 Y125.425 E21.02949
G1 X123.881 Y124.638 E21.12282
G0 F5040 X124.364 Y125.091
G1 F2100 X124.956 Y124.551 E21.19802
G1 X125.827 Y124.039 E21.29283
G1 X127.058 Y123.71 E21.41241
G1 X176.584 Y123.715 E26.0601
G1 X177.684 Y123.857 E26.16418
G1 X178.735 Y124.344 E26.27288
G1 X179.409 Y124.864 E26.35277
G1 X179.949 Y125.456 E26.42797
G1 X180.461 Y126.327 E26.52278
G1 X180.79 Y127.558 E26.64236
G1 X180.778 Y176.176 E31.20484
G1 X180.641 Y177.191 E31.30095
G1 X180.157 Y178.234 E31.40886
G1 X179.636 Y178.909 E31.48888
G1 X179.044 Y179.449 E31.56407
G1 X178.173 Y179.961 E31.65889
G1 X176.942 Y180.29 E31.77846
G1 X127.324 Y180.278 E36.43479
G1 X126.309 Y180.141 E36.5309
G1 X125.266 Y179.657 E36.63881
G1 X124.591 Y179.136 E36.71882
G1 X124.051 Y178.544 E36.79402
G1 X123.539 Y177.673 E36.88883
G1 X123.21 Y176.442 E37.00841
G1 X123.222 Y127.824 E41.57089
G1 X123.359 Y126.809 E41.66701
G1 X123.843 Y125.766 E41.77491
G1 X124.364 Y125.091 E41.85493
G0 F5040 X124.853 Y125.538
G1 F2100 X125.349 Y125.085 E41.91797
G1 X126.082 Y124.655 E41.99772
G1 X127.147 Y124.37 E42.10118
G1 X176.5 Y124.37 E46.73263
G1 X177.5 Y124.499 E46.82725
G1 X178.39 Y124.911 E46.91929
G1 X178.962 Y125.353 E46.98713
G1 X179.415 Y125.849 E47.05017
G1 X179.845 Y126.582 E47.12992
G1 X180.13 Y127.647 E47.23338
G1 X180.124 Y176.088 E51.77925
G1 X180.001 Y177.002 E51.86579
G1 X179.589 Y177.89 E51.95766
G1 X179.147 Y178.462 E52.0255
G1 X178.651 Y178.915 E52.08853
G1 X177.918 Y179.345 E52.16828
G1 X176.853 Y179.63 E52.27174
G1 X127.412 Y179.624 E56.91146
G1 X126.498 Y179.501 E56.998
G1 X125.61 Y179.089 E57.08987
G1 X125.038 Y178.647 E57.15771
G1 X124.585 Y178.151 E57.22074
G1 X124.155 Y177.418 E57.30049
G1 X123.87 Y176.353 E57.40395
G1 X123.876 Y127.912 E61.94983
G1 X123.999 Y126.998 E62.03637
G1 X124.411 Y126.11 E62.12824
G1 X124.853 Y125.538 E62.19607
G0 F5040 X125.339 Y125.987
G1 F2100 X125.742 Y125.619 E62.24729
G1 X126.336 Y125.271 E62.31189
G1 X127.236 Y125.03 E62.39933
G1 X176.5 Y125.03 E67.02243
G1 X177.315 Y125.14 E67.09961
G1 X178.047 Y125.479 E67.17531
G1 X178.513 Y125.839 E67.23057
G1 X178.881 Y126.242 E67.28179
G1 X179.229 Y126.836 E67.34639
G1 X179.47 Y127.736 E67.43383
G1 X179.47 Y176 E71.96309
G1 X179.36 Y176.815 E72.04026
G1 X179.021 Y177.547 E72.11597
G1 X178.661 Y178.013 E72.17123
G1 X178.258 Y178.381 E72.22244
G1 X177.664 Y178.729 E72.28705
G1 X176.764 Y178.97 E72.37448
G1 X127.5 Y178.97 E76.99758
G1 X126.685 Y178.86 E77.07476
G1 X125.953 Y178.521 E77.15046
G1 X125.487 Y178.161 E77.20572
G1 X125.119 Y177.758 E77.25694
G1 X124.771 Y177.164 E77.32154
G1 X124.53 Y176.264 E77.40898
G1 X124.53 Y128 E81.93824
G1 X124.64 Y127.185 E82.01541
G1 X124.979 Y126.453 E82.09112
G1 X125.339 Y125.987 E82.14638
G0 F5040 X125.846 Y126.41
G1 F2100 X126.137 Y126.152 E82.18287
G1 X126.591 Y125.886 E82.23225
G1 X127.324 Y125.69 E82.30346
G1 X176.5 Y125.69 E86.9183
G1 X177.126 Y125.78 E86.97765
G1 X177.769 Y126.078 E87.04416
G1 X178.09 Y126.346 E87.0834
G1 X178.348 Y126.637 E87.1199
G1 X178.614 Y127.091 E87.16928
G1 X178.81 Y127.824 E87.24048
G1 X178.81 Y176 E91.76148
G1 X178.72 Y176.626 E91.82083
G1 X178.422 Y177.269 E91.88734
G1 X178.154 Y177.59 E91.92658
G1 X177.863 Y177.848 E91.96308
G1 X177.409 Y178.114 E92.01246
G1 X176.676 Y178.31 E92.08366
G1 X127.5 Y178.31 E96.69851
G1 X126.874 Y178.22 E96.75786
G1 X126.231 Y177.922 E96.82437
G1 X125.91 Y177.654 E96.86361
G1 X125.652 Y177.363 E96.9001
G1 X125.386 Y176.909 E96.94948
G1 X125.19 Y176.176 E97.02069
G1 X125.19 Y128 E101.54169
G1 X125.28 Y127.374 E101.60104
G1 X125.578 Y126.731 E101.66755
G1 X125.846 Y126.41 E101.70679
G0 F5040 X126.284 Y126.904
G1 F2100 X126.575 Y126.646 E101.74329
G1 X126.843 Y126.502 E101.77184
G1 X127.412 Y126.35 E101.82711
G1 X176.5 Y126.35 E106.43369
G1 X176.937 Y126.42 E106.47523
G1 X177.413 Y126.64 E106.52444
G1 X177.596 Y126.784 E106.54629
G1 X177.854 Y127.075 E106.58278
G1 X177.998 Y127.343 E106.61134
G1 X178.15 Y127.912 E106.6666
G1 X178.15 Y176 E111.17935
G1 X178.08 Y176.437 E111.22088
G1 X177.86 Y176.913 E111.27009
G1 X177.716 Y177.096 E111.29194
G1 X177.425 Y177.354 E111.32844
G1 X177.157 Y177.498 E111.35699
G1 X176.588 Y177.65 E111.41226
G1 X127.5 Y177.65 E116.01885
G1 X127.063 Y177.58 E116.06038
G1 X126.587 Y177.36 E116.10959
G1 X126.404 Y177.216 E116.13144
G1 X126.146 Y176.925 E116.16794
G1 X126.002 Y176.657 E116.19649
G1 X125.85 Y176.088 E116.25176
G1 X125.85 Y128 E120.7645
G1 X125.92 Y127.563 E120.80604
G1 X126.14 Y127.087 E120.85525
G1 X126.284 Y126.904 E120.8771
G1 F2400 E120.3771
G1 F600 Z0.7
G0 F5040 X127.209 Y127.844 Z0.7
G1 F600 Z0.3
G1 F2400 E120.8771
G1 F2100 X127.318 Y127.725 E120.89224
G1 X127.5 Y127.67 E120.91009
G1 X176.5 Y127.67 E125.50842
G1 X176.656 Y127.709 E125.52351
G1 X176.775 Y127.818 E125.53865
G1 X176.83 Y128 E125.55649
G1 X176.83 Y176 E130.06098
G1 X176.791 Y176.156 E130.07607
G1 X176.682 Y176.275 E130.09121
G1 X176.5 Y176.33 E130.10906
G1 X127.5 Y176.33 E134.70739
G1 X127.344 Y176.291 E134.72248
G1 X127.225 Y176.182 E134.73762
G1 X127.17 Y176 E134.75546
G1 X127.17 Y128 E139.25995
G1 X127.209 Y127.844 E139.27504
G0 F5040 X126.569 Y127.684
G1 F2100 X126.722 Y127.398 E139.30548
G1 X127.013 Y127.14 E139.34197
G1 X127.5 Y127.01 E139.38927
G1 X176.5 Y127.01 E143.9876
G1 X176.816 Y127.069 E144.01777
G1 X177.102 Y127.222 E144.04821
G1 X177.36 Y127.513 E144.08471
G1 X177.49 Y128 E144.13201
G1 X177.49 Y176 E148.63649
G1 X177.431 Y176.316 E148.66666
G1 X177.278 Y176.602 E148.6971
G1 X176.987 Y176.86 E148.7336
G1 X176.5 Y176.99 E148.7809
G1 X127.5 Y176.99 E153.37923
G1 X127.184 Y176.931 E153.4094
G1 X126.898 Y176.778 E153.43983
G1 X126.64 Y176.487 E153.47633
G1 X126.51 Y176 E153.52363
G1 X126.51 Y128 E158.02812
G1 X126.569 Y127.684 E158.05829
G1 F2400 E157.55829
G1 F600 Z0.7
;MESH:case_VL53L8+RP2040-down.stl
G0 F5040 X176.17 Y175.67 Z0.7
;TYPE:WALL-OUTER
G1 F600 Z0.3
G1 F2400 E158.05829
G1 F2100 X176.17 Y128.33 E162.50084
G1 X127.83 Y128.33 E167.03723
G1 X127.83 Y175.67 E171.47978
G1 X176.17 Y175.67 E176.01617
G1 F2400 E175.51617
G1 F600 Z0.7
G0 F5040 X175.51 Y175.01 Z0.7
;TYPE:WALL-INNER
G1 F600 Z0.3
G1 F2400 E176.01617
G1 F2100 X175.51 Y128.99 E180.33485
G1 X128.49 Y128.99 E184.74737
G1 X128.49 Y175.01 E189.06605
G1 X175.51 Y175.01 E193.47857
G1 F2400 E192.97857
G1 F600 Z0.7
G0 F5040 X174.85 Y174.35 Z0.7
G1 F600 Z0.3
G1 F2400 E193.47857
G1 F2100 X174.85 Y129.65 E197.67337
G1 X129.15 Y129.65 E201.96201
G1 X129.15 Y174.35 E206.15682
G1 X174.85 Y174.35 E210.44546
G0 F5040 X174.234 Y173.734
;TYPE:SKIN
G1 F2100 X174.234 Y130.266 E214.52465
G1 X129.766 Y130.266 E218.69768
G1 X129.766 Y173.734 E222.77687
G1 X174.234 Y173.734 E226.9499
G1 F2400 E226.4499
G1 F600 Z0.7
G0 F5040 X173.532 Y130.596 Z0.7
G1 F600 Z0.3
G1 F2400 E226.9499
G1 F2100 X173.904 Y130.969 E226.99934
G1 F2400 E226.49934
G1 F600 Z0.7
G0 F5040 X173.904 Y131.902 Z0.7
G1 F600 Z0.3
G1 F2400 E226.99934
G1 F2100 X172.598 Y130.596 E227.17267
G1 F2400 E226.67267
G1 F600 Z0.7
G0 F5040 X171.665 Y130.596 Z0.7
G1 F600 Z0.3
G1 F2400 E227.17267
G1 F2100 X173.904 Y132.836 E227.46988
G1 F2400 E226.96988
G1 F600 Z0.7
G0 F5040 X173.904 Y133.769 Z0.7
G1 F600 Z0.3
G1 F2400 E227.46988
G1 F2100 X170.732 Y130.596 E227.89092
G1 F2400 E227.39092
G1 F600 Z0.7
G0 F5040 X169.798 Y130.596 Z0.7
G1 F600 Z0.3
G1 F2400 E227.89092
G1 F2100 X173.904 Y134.702 E228.43584
G1 F2400 E227.93584
G1 F600 Z0.7
G0 F5040 X173.904 Y135.636 Z0.7
G1 F600 Z0.3
G1 F2400 E228.43584
G1 F2100 X168.865 Y130.596 E229.10466
G1 F2400 E228.60466
G1 F600 Z0.7
G0 F5040 X167.931 Y130.596 Z0.7
G1 F600 Z0.3
G1 F2400 E229.10466
G1 F2100 X173.904 Y136.569 E229.89736
G1 F2400 E229.39736
G1 F600 Z0.7
G0 F5040 X173.904 Y137.503 Z0.7
G1 F600 Z0.3
G1 F2400 E229.89736
G1 F2100 X166.998 Y130.596 E230.81396
G1 F2400 E230.31396
G1 F600 Z0.7
G0 F5040 X166.065 Y130.596 Z0.7
G1 F600 Z0.3
G1 F2400 E230.81396
G1 F2100 X173.904 Y138.436 E231.85438
G1 F2400 E231.35438
G1 F600 Z0.7
G0 F5040 X173.904 Y139.369 Z0.7
G1 F600 Z0.3
G1 F2400 E231.85438
G1 F2100 X165.131 Y130.596 E233.01868
G1 F2400 E232.51868
G1 F600 Z0.7
G0 F5040 X164.198 Y130.596 Z0.7
G1 F600 Z0.3
G1 F2400 E233.01868
G1 F2100 X173.904 Y140.303 E234.30688
G1 F2400 E233.80688
G1 F600 Z0.7
G0 F5040 X173.904 Y141.236 Z0.7
G1 F600 Z0.3
G1 F2400 E234.30688
G1 F2100 X163.265 Y130.596 E235.7189
G1 F2400 E235.2189
G1 F600 Z0.7
G0 F5040 X162.331 Y130.596 Z0.7
G1 F600 Z0.3
G1 F2400 E235.7189
G1 F2100 X173.904 Y142.169 E237.2548
G1 F2400 E236.7548
G1 F600 Z0.7
G0 F5040 X173.904 Y143.103 Z0.7
G1 F600 Z0.3
G1 F2400 E237.2548
G1 F2100 X161.398 Y130.596 E238.9146
G1 F2400 E238.4146
G1 F600 Z0.7
G0 F5040 X160.464 Y130.596 Z0.7
G1 F600 Z0.3
G1 F2400 E238.9146
G1 F2100 X173.904 Y144.036 E240.69828
G1 F2400 E240.19828
G1 F600 Z0.7
G0 F5040 X173.904 Y144.97 Z0.7
G1 F600 Z0.3
G1 F2400 E240.69828
G1 F2100 X159.531 Y130.596 E242.60586
G1 F2400 E242.10586
G1 F600 Z0.7
G0 F5040 X158.598 Y130.596 Z0.7
G1 F600 Z0.3
G1 F2400 E242.60586
G1 F2100 X173.904 Y145.903 E244.63726
G1 F2400 E244.13726
G1 F600 Z0.7
G0 F5040 X173.904 Y146.836 Z0.7
G1 F600 Z0.3
G1 F2400 E244.63726
G1 F2100 X157.664 Y130.596 E246.79254
G1 F2400 E246.29254
G1 F600 Z0.7
G0 F5040 X156.731 Y130.596 Z0.7
G1 F600 Z0.3
G1 F2400 E246.79254
G1 F2100 X173.904 Y147.77 E249.07172
G1 F2400 E248.57172
G1 F600 Z0.7
G0 F5040 X173.904 Y148.703 Z0.7
G1 F600 Z0.3
G1 F2400 E249.07172
G1 F2100 X155.798 Y130.596 E251.47472
G1 F2400 E250.97472
G1 F600 Z0.7
G0 F5040 X154.864 Y130.596 Z0.7
G1 F600 Z0.3
G1 F2400 E251.47472
G1 F2100 X173.904 Y149.637 E254.00167
G1 F2400 E253.50167
G1 F600 Z0.7
G0 F5040 X173.904 Y150.57 Z0.7
G1 F600 Z0.3
G1 F2400 E254.00167
G1 F2100 X153.931 Y130.596 E256.65245
G1 F2400 E256.15245
G1 F600 Z0.7
G0 F5040 X152.997 Y130.596 Z0.7
G1 F600 Z0.3
G1 F2400 E256.65245
G1 F2100 X173.904 Y151.503 E259.42712
G1 F2400 E258.92712
G1 F600 Z0.7
G0 F5040 X173.904 Y152.437 Z0.7
G1 F600 Z0.3
G1 F2400 E259.42712
G1 F2100 X152.064 Y130.596 E262.32567
G1 F2400 E261.82567
G1 F600 Z0.7
G0 F5040 X151.131 Y130.596 Z0.7
G1 F600 Z0.3
G1 F2400 E262.32567
G1 F2100 X173.904 Y153.37 E265.34805
G1 F2400 E264.84805
G1 F600 Z0.7
G0 F5040 X173.904 Y154.303 Z0.7
G1 F600 Z0.3
G1 F2400 E265.34805
G1 F2100 X150.197 Y130.596 E268.49432
G1 F2400 E267.99432
G1 F600 Z0.7
G0 F5040 X149.264 Y130.596 Z0.7
G1 F600 Z0.3
G1 F2400 E268.49432
G1 F2100 X173.904 Y155.237 E271.76448
G1 F2400 E271.26448
G1 F600 Z0.7
G0 F5040 X173.904 Y156.17 Z0.7
G1 F600 Z0.3
G1 F2400 E271.76448
G1 F2100 X148.33 Y130.596 E275.15852
G1 F2400 E274.65852
G1 F600 Z0.7
G0 F5040 X147.397 Y130.596 Z0.7
G1 F600 Z0.3
G1 F2400 E275.15852
G1 F2100 X173.904 Y157.104 E278.67646
G1 F2400 E278.17646
G1 F600 Z0.7
G0 F5040 X173.904 Y158.037 Z0.7
G1 F600 Z0.3
G1 F2400 E278.67646
G1 F2100 X146.464 Y130.596 E282.31822
G1 F2400 E281.81822
G1 F600 Z0.7
G0 F5040 X145.53 Y130.596 Z0.7
G1 F600 Z0.3
G1 F2400 E282.31822
G1 F2100 X173.904 Y158.97 E286.08386
G1 F2400 E285.58386
G1 F600 Z0.7
G0 F5040 X173.904 Y159.904 Z0.7
G1 F600 Z0.3
G1 F2400 E286.08386
G1 F2100 X144.597 Y130.596 E289.9734
G1 F2400 E289.4734
G1 F600 Z0.7
G0 F5040 X143.664 Y130.596 Z0.7
G1 F600 Z0.3
G1 F2400 E289.9734
G1 F2100 X173.904 Y160.837 E293.98676
G1 F2400 E293.48676
G1 F600 Z0.7
G0 F5040 X173.904 Y161.77 Z0.7
G1 F600 Z0.3
G1 F2400 E293.98676
G1 F2100 X142.73 Y130.596 E298.12401
G1 F2400 E297.62401
G1 F600 Z0.7
G0 F5040 X141.797 Y130.596 Z0.7
G1 F600 Z0.3
G1 F2400 E298.12401
G1 F2100 X173.904 Y162.704 E302.38514
G1 F2400 E301.88514
G1 F600 Z0.7
G0 F5040 X173.904 Y163.637 Z0.7
G1 F600 Z0.3
G1 F2400 E302.38514
G1 F2100 X140.863 Y130.596 E306.77017
G1 F2400 E306.27017
G1 F600 Z0.7
G0 F5040 X139.93 Y130.596 Z0.7
G1 F600 Z0.3
G1 F2400 E306.77017
G1 F2100 X173.904 Y164.571 E311.27909
G1 F2400 E310.77909
G1 F600 Z0.7
G0 F5040 X173.904 Y165.504 Z0.7
G1 F600 Z0.3
G1 F2400 E311.27909
G1 F2100 X138.997 Y130.596 E315.91183
G1 F2400 E315.41183
G1 F600 Z0.7
G0 F5040 X138.063 Y130.596 Z0.7
G1 F600 Z0.3
G1 F2400 E315.91183
G1 F2100 X173.904 Y166.437 E320.66845
G1 F2400 E320.16845
G1 F600 Z0.7
G0 F5040 X173.904 Y167.371 Z0.7
G1 F600 Z0.3
G1 F2400 E320.66845
G1 F2100 X137.13 Y130.596 E325.54897
G1 F2400 E325.04897
G1 F600 Z0.7
G0 F5040 X136.197 Y130.596 Z0.7
G1 F600 Z0.3
G1 F2400 E325.54897
G1 F2100 X173.904 Y168.304 E330.55331
G1 F2400 E330.05331
G1 F600 Z0.7
G0 F5040 X173.904 Y169.238 Z0.7
G1 F600 Z0.3
G1 F2400 E330.55331
G1 F2100 X135.263 Y130.596 E335.68161
G1 F2400 E335.18161
G1 F600 Z0.7
G0 F5040 X134.33 Y130.596 Z0.7
G1 F600 Z0.3
G1 F2400 E335.68161
G1 F2100 X173.904 Y170.171 E340.93372
G1 F2400 E340.43372
G1 F600 Z0.7
G0 F5040 X173.904 Y171.104 Z0.7
G1 F600 Z0.3
G1 F2400 E340.93372
G1 F2100 X133.396 Y130.596 E346.30973
G1 F2400 E345.80973
G1 F600 Z0.7
G0 F5040 X132.463 Y130.596 Z0.7
G1 F600 Z0.3
G1 F2400 E346.30973
G1 F2100 X173.904 Y172.038 E351.80963
G1 F2400 E351.30963
G1 F600 Z0.7
G0 F5040 X173.904 Y172.971 Z0.7
G1 F600 Z0.3
G1 F2400 E351.80963
G1 F2100 X131.53 Y130.596 E357.43335
G1 F2400 E356.93335
G1 F600 Z0.7
G0 F5040 X130.596 Y130.596 Z0.7
G1 F600 Z0.3
G1 F2400 E357.43335
G1 F2100 X173.404 Y173.404 E363.1146
G1 F2400 E362.6146
G1 F600 Z0.7
G0 F5040 X172.47 Y173.404 Z0.7
G1 F600 Z0.3
G1 F2400 E363.1146
G1 F2100 X130.096 Y131.029 E368.73832
G1 F2400 E368.23832
G1 F600 Z0.7
G0 F5040 X130.096 Y131.962 Z0.7
G1 F600 Z0.3
G1 F2400 E368.73832
G1 F2100 X171.537 Y173.404 E374.23821
G1 F2400 E373.73821
G1 F600 Z0.7
G0 F5040 X170.604 Y173.404 Z0.7
G1 F600 Z0.3
G1 F2400 E374.23821
G1 F2100 X130.096 Y132.896 E379.61422
G1 F2400 E379.11422
G1 F600 Z0.7
G0 F5040 X130.096 Y133.829 Z0.7
G1 F600 Z0.3
G1 F2400 E379.61422
G1 F2100 X169.67 Y173.404 E384.86634
G1 F2400 E384.36634
G1 F600 Z0.7
G0 F5040 X168.737 Y173.404 Z0.7
G1 F600 Z0.3
G1 F2400 E384.86634
G1 F2100 X130.096 Y134.763 E389.99457
G1 F2400 E389.49457
G1 F600 Z0.7
G0 F5040 X130.096 Y135.696 Z0.7
G1 F600 Z0.3
G1 F2400 E389.99457
G1 F2100 X167.804 Y173.404 E394.99898
G1 F2400 E394.49898
G1 F600 Z0.7
G0 F5040 X166.87 Y173.404 Z0.7
G1 F600 Z0.3
G1 F2400 E394.99898
G1 F2100 X130.096 Y136.629 E399.87949
G1 F2400 E399.37949
G1 F600 Z0.7
G0 F5040 X130.096 Y137.563 Z0.7
G1 F600 Z0.3
G1 F2400 E399.87949
G1 F2100 X165.937 Y173.404 E404.63612
G1 F2400 E404.13612
G1 F600 Z0.7
G0 F5040 X165.003 Y173.404 Z0.7
G1 F600 Z0.3
G1 F2400 E404.63612
G1 F2100 X130.096 Y138.496 E409.26886
G1 F2400 E408.76886
G1 F600 Z0.7
G0 F5040 X130.096 Y139.429 Z0.7
G1 F600 Z0.3
G1 F2400 E409.26886
G1 F2100 X164.07 Y173.404 E413.77778
G1 F2400 E413.27778
G1 F600 Z0.7
G0 F5040 X163.137 Y173.404 Z0.7
G1 F600 Z0.3
G1 F2400 E413.77778
G1 F2100 X130.096 Y140.363 E418.1628
G1 F2400 E417.6628
G1 F600 Z0.7
G0 F5040 X130.096 Y141.296 Z0.7
G1 F600 Z0.3
G1 F2400 E418.1628
G1 F2100 X162.203 Y173.404 E422.42394
G1 F2400 E421.92394
G1 F600 Z0.7
G0 F5040 X161.27 Y173.404 Z0.7
G1 F600 Z0.3
G1 F2400 E422.42394
G1 F2100 X130.096 Y142.23 E426.56119
G1 F2400 E426.06119
G1 F600 Z0.7
G0 F5040 X130.096 Y143.163 Z0.7
G1 F600 Z0.3
G1 F2400 E426.56119
G1 F2100 X160.336 Y173.404 E430.57455
G1 F2400 E430.07455
G1 F600 Z0.7
G0 F5040 X159.403 Y173.404 Z0.7
G1 F600 Z0.3
G1 F2400 E430.57455
G1 F2100 X130.096 Y144.096 E434.46408
G1 F2400 E433.96408
G1 F600 Z0.7
G0 F5040 X130.096 Y145.03 Z0.7
G1 F600 Z0.3
G1 F2400 E434.46408
G1 F2100 X158.47 Y173.404 E438.22973
G1 F2400 E437.72973
G1 F600 Z0.7
G0 F5040 X157.536 Y173.404 Z0.7
G1 F600 Z0.3
G1 F2400 E438.22973
G1 F2100 X130.096 Y145.963 E441.87149
G1 F2400 E441.37149
G1 F600 Z0.7
G0 F5040 X130.096 Y146.896 Z0.7
G1 F600 Z0.3
G1 F2400 E441.87149
G1 F2100 X156.603 Y173.404 E445.38942
G1 F2400 E444.88942
G1 F600 Z0.7
G0 F5040 X155.67 Y173.404 Z0.7
G1 F600 Z0.3
G1 F2400 E445.38942
G1 F2100 X130.096 Y147.83 E448.78347
G1 F2400 E448.28347
G1 F600 Z0.7
G0 F5040 X130.096 Y148.763 Z0.7
G1 F600 Z0.3
G1 F2400 E448.78347
G1 F2100 X154.736 Y173.404 E452.05363
G1 F2400 E451.55363
G1 F600 Z0.7
G0 F5040 X153.803 Y173.404 Z0.7
G1 F600 Z0.3
G1 F2400 E452.05363
G1 F2100 X130.096 Y149.697 E455.19989
G1 F2400 E454.69989
G1 F600 Z0.7
G0 F5040 X130.096 Y150.63 Z0.7
G1 F600 Z0.3
G1 F2400 E455.19989
G1 F2100 X152.869 Y173.404 E458.22227
G1 F2400 E457.72227
G1 F600 Z0.7
G0 F5040 X151.936 Y173.404 Z0.7
G1 F600 Z0.3
G1 F2400 E458.22227
G1 F2100 X130.096 Y151.563 E461.12083
G1 F2400 E460.62083
G1 F600 Z0.7
G0 F5040 X130.096 Y152.497 Z0.7
G1 F600 Z0.3
G1 F2400 E461.12083
G1 F2100 X151.003 Y173.404 E463.89549
G1 F2400 E463.39549
G1 F600 Z0.7
G0 F5040 X150.069 Y173.404 Z0.7
G1 F600 Z0.3
G1 F2400 E463.89549
G1 F2100 X130.096 Y153.43 E466.54627
G1 F2400 E466.04627
G1 F600 Z0.7
G0 F5040 X130.096 Y154.364 Z0.7
G1 F600 Z0.3
G1 F2400 E466.54627
G1 F2100 X149.136 Y173.404 E469.07316
G1 F2400 E468.57316
G1 F600 Z0.7
G0 F5040 X148.203 Y173.404 Z0.7
G1 F600 Z0.3
G1 F2400 E469.07316
G1 F2100 X130.096 Y155.297 E471.47623
G1 F2400 E470.97623
G1 F600 Z0.7
G0 F5040 X130.096 Y156.23 Z0.7
G1 F600 Z0.3
G1 F2400 E471.47623
G1 F2100 X147.269 Y173.404 E473.7554
G1 F2400 E473.2554
G1 F600 Z0.7
G0 F5040 X146.336 Y173.404 Z0.7
G1 F600 Z0.3
G1 F2400 E473.7554
G1 F2100 X130.096 Y157.164 E475.91069
G1 F2400 E475.41069
G1 F600 Z0.7
G0 F5040 X130.096 Y158.097 Z0.7
G1 F600 Z0.3
G1 F2400 E475.91069
G1 F2100 X145.402 Y173.404 E477.94209
G1 F2400 E477.44209
G1 F600 Z0.7
G0 F5040 X144.469 Y173.404 Z0.7
G1 F600 Z0.3
G1 F2400 E477.94209
G1 F2100 X130.096 Y159.03 E479.84966
G1 F2400 E479.34966
G1 F600 Z0.7
G0 F5040 X130.096 Y159.964 Z0.7
G1 F600 Z0.3
G1 F2400 E479.84966
G1 F2100 X143.536 Y173.404 E481.63335
G1 F2400 E481.13335
G1 F600 Z0.7
G0 F5040 X142.602 Y173.404 Z0.7
G1 F600 Z0.3
G1 F2400 E481.63335
G1 F2100 X130.096 Y160.897 E483.29314
G1 F2400 E482.79314
G1 F600 Z0.7
G0 F5040 X130.096 Y161.831 Z0.7
G1 F600 Z0.3
G1 F2400 E483.29314
G1 F2100 X141.669 Y173.404 E484.82905
G1 F2400 E484.32905
G1 F600 Z0.7
G0 F5040 X140.735 Y173.404 Z0.7
G1 F600 Z0.3
G1 F2400 E484.82905
G1 F2100 X130.096 Y162.764 E486.24107
G1 F2400 E485.74107
G1 F600 Z0.7
G0 F5040 X130.096 Y163.697 Z0.7
G1 F600 Z0.3
G1 F2400 E486.24107
G1 F2100 X139.802 Y173.404 E487.52926
G1 F2400 E487.02926
G1 F600 Z0.7
G0 F5040 X138.869 Y173.404 Z0.7
G1 F600 Z0.3
G1 F2400 E487.52926
G1 F2100 X130.096 Y164.631 E488.69357
G1 F2400 E488.19357
G1 F600 Z0.7
G0 F5040 X130.096 Y165.564 Z0.7
G1 F600 Z0.3
G1 F2400 E488.69357
G1 F2100 X137.935 Y173.404 E489.73399
G1 F2400 E489.23399
G1 F600 Z0.7
G0 F5040 X137.002 Y173.404 Z0.7
G1 F600 Z0.3
G1 F2400 E489.73399
G1 F2100 X130.096 Y166.497 E490.65058
G1 F2400 E490.15058
G1 F600 Z0.7
G0 F5040 X130.096 Y167.431 Z0.7
G1 F600 Z0.3
G1 F2400 E490.65058
G1 F2100 X136.069 Y173.404 E491.44329
G1 F2400 E490.94329
G1 F600 Z0.7
G0 F5040 X135.135 Y173.404 Z0.7
G1 F600 Z0.3
G1 F2400 E491.44329
G1 F2100 X130.096 Y168.364 E492.1121
G1 F2400 E491.6121
G1 F600 Z0.7
G0 F5040 X130.096 Y169.298 Z0.7
G1 F600 Z0.3
G1 F2400 E492.1121
G1 F2100 X134.202 Y173.404 E492.65703
G1 F2400 E492.15703
G1 F600 Z0.7
G0 F5040 X133.268 Y173.404 Z0.7
G1 F600 Z0.3
G1 F2400 E492.65703
G1 F2100 X130.096 Y170.231 E493.07807
G1 F2400 E492.57807
G1 F600 Z0.7
G0 F5040 X130.096 Y171.164 Z0.7
G1 F600 Z0.3
G1 F2400 E493.07807
G1 F2100 X132.335 Y173.404 E493.37528
G1 F2400 E492.87528
G1 F600 Z0.7
G0 F5040 X131.402 Y173.404 Z0.7
G1 F600 Z0.3
G1 F2400 E493.37528
G1 F2100 X130.096 Y172.098 E493.54861
G1 F2400 E493.04861
G1 F600 Z0.7
G0 F5040 X130.096 Y173.031 Z0.7
G1 F600 Z0.3
G1 F2400 E493.54861
G1 F2100 X130.468 Y173.404 E493.59804
G1 F2400 E493.09804
G1 F600 Z0.7
;MESH:NONMESH
G0 F5040 X176.28 Y175.78 Z0.7
;TIME_ELAPSED:193.414753
;LAYER:1
M106 S255
M204 S4500
;MESH:case_VL53L8+RP2040-down.stl
G0 F10020 X176.28 Y175.78 Z0.9
;TYPE:WALL-OUTER
G1 F600 Z0.5
G1 F2400 E493.59804
G1 F5550 X176.28 Y128.22 E495.25108
G1 X127.72 Y128.22 E496.93887
G1 X127.72 Y175.78 E498.5919
G1 X176.28 Y175.78 E500.2797
G0 F10020 X175.84 Y175.34
;TYPE:WALL-INNER
G1 F6300 X175.84 Y128.66 E501.90215
G1 X128.16 Y128.66 E503.55935
G1 X128.16 Y175.34 E505.1818
G1 X175.84 Y175.34 E506.83901
G0 F10020 X175.4 Y174.9
G1 F6300 X175.4 Y129.1 E508.43087
G1 X128.6 Y129.1 E510.05749
G1 X128.6 Y174.9 E511.64935
G1 X175.4 Y174.9 E513.27598
G0 F10020 X175.004 Y174.504
;TYPE:SKIN
G1 F5550 X175.004 Y129.496 E514.84031
G1 X128.996 Y129.496 E516.4394
G1 X128.996 Y174.504 E518.00374
G1 X175.004 Y174.504 E519.60283
G0 F10020 X174.178 Y174.284
G1 F5550 X174.784 Y173.678 E519.63262
G0 F10020 X174.784 Y173.056
G1 F5550 X173.556 Y174.284 E519.69298
G0 F10020 X172.934 Y174.284
G1 F5550 X174.784 Y172.434 E519.78391
G0 F10020 X174.784 Y171.811
G1 F5550 X172.311 Y174.284 E519.90547
G0 F10020 X171.689 Y174.284
G1 F5550 X174.784 Y171.189 E520.0576
G0 F10020 X174.784 Y170.567
G1 F5550 X171.067 Y174.284 E520.24031
G0 F10020 X170.445 Y174.284
G1 F5550 X174.784 Y169.945 E520.45358
G0 F10020 X174.784 Y169.322
G1 F5550 X169.822 Y174.284 E520.69748
G0 F10020 X169.2 Y174.284
G1 F5550 X174.784 Y168.7 E520.97196
G0 F10020 X174.784 Y168.078
G1 F5550 X168.578 Y174.284 E521.277
G0 F10020 X167.956 Y174.284
G1 F5550 X174.784 Y167.456 E521.61262
G0 F10020 X174.784 Y166.833
G1 F5550 X167.333 Y174.284 E521.97887
G0 F10020 X166.711 Y174.284
G1 F5550 X174.784 Y166.211 E522.37569
G0 F10020 X174.784 Y165.589
G1 F5550 X166.089 Y174.284 E522.80308
G0 F10020 X165.467 Y174.284
G1 F5550 X174.784 Y164.967 E523.26104
G0 F10020 X174.784 Y164.344
G1 F5550 X164.844 Y174.284 E523.74963
G0 F10020 X164.222 Y174.284
G1 F5550 X174.784 Y163.722 E524.26879
G0 F10020 X174.784 Y163.1
G1 F5550 X163.6 Y174.284 E524.81852
G0 F10020 X162.978 Y174.284
G1 F5550 X174.784 Y162.478 E525.39883
G0 F10020 X174.784 Y161.855
G1 F5550 X162.355 Y174.284 E526.00976
G0 F10020 X161.733 Y174.284
G1 F5550 X174.784 Y161.233 E526.65126
G0 F10020 X174.784 Y160.611
G1 F5550 X161.111 Y174.284 E527.32334
G0 F10020 X160.488 Y174.284
G1 F5550 X174.784 Y159.989 E528.02601
G0 F10020 X174.784 Y159.366
G1 F5550 X159.866 Y174.284 E528.75929
G0 F10020 X159.244 Y174.284
G1 F5550 X174.784 Y158.744 E529.52313
G0 F10020 X174.784 Y158.122
G1 F5550 X158.622 Y174.284 E530.31755
G0 F10020 X157.999 Y174.284
G1 F5550 X174.784 Y157.5 E531.14257
G0 F10020 X174.784 Y156.877
G1 F5550 X157.377 Y174.284 E531.99819
G0 F10020 X156.755 Y174.284
G1 F5550 X174.784 Y156.255 E532.88438
G0 F10020 X174.784 Y155.633
G1 F5550 X156.133 Y174.284 E533.80114
G0 F10020 X155.51 Y174.284
G1 F5550 X174.784 Y155.011 E534.74851
G0 F10020 X174.784 Y154.388
G1 F5550 X154.888 Y174.284 E535.72647
G0 F10020 X154.266 Y174.284
G1 F5550 X174.784 Y153.766 E536.735
G0 F10020 X174.784 Y153.144
G1 F5550 X153.644 Y174.284 E537.77411
G0 F10020 X153.021 Y174.284
G1 F5550 X174.784 Y152.522 E538.84381
G0 F10020 X174.784 Y151.899
G1 F5550 X152.399 Y174.284 E539.94411
G0 F10020 X151.777 Y174.284
G1 F5550 X174.784 Y151.277 E541.07499
G0 F10020 X174.784 Y150.655
G1 F5550 X151.155 Y174.284 E542.23644
G0 F10020 X150.532 Y174.284
G1 F5550 X174.784 Y150.033 E543.42849
G0 F10020 X174.784 Y149.41
G1 F5550 X149.91 Y174.284 E544.65114
G0 F10020 X149.288 Y174.284
G1 F5550 X174.784 Y148.788 E545.90436
G0 F10020 X174.784 Y148.166
G1 F5550 X148.666 Y174.284 E547.18815
G0 F10020 X148.043 Y174.284
G1 F5550 X174.784 Y147.543 E548.50257
G0 F10020 X174.784 Y146.921
G1 F5550 X147.421 Y174.284 E549.84756
G0 F10020 X146.799 Y174.284
G1 F5550 X174.784 Y146.299 E551.22312
G0 F10020 X174.784 Y145.677
G1 F5550 X146.177 Y174.284 E552.62926
G0 F10020 X145.554 Y174.284
G1 F5550 X174.784 Y145.054 E554.06602
G0 F10020 X174.784 Y144.432
G1 F5550 X144.932 Y174.284 E555.53335
G0 F10020 X144.31 Y174.284
G1 F5550 X174.784 Y143.81 E557.03126
G0 F10020 X174.784 Y143.188
G1 F5550 X143.688 Y174.284 E558.55974
G0 F10020 X143.065 Y174.284
G1 F5550 X174.784 Y142.565 E560.11884
G0 F10020 X174.784 Y141.943
G1 F5550 X142.443 Y174.284 E561.70852
G0 F10020 X141.821 Y174.284
G1 F5550 X174.784 Y141.321 E563.32877
G0 F10020 X174.784 Y140.699
G1 F5550 X141.199 Y174.284 E564.97959
G0 F10020 X140.576 Y174.284
G1 F5550 X174.784 Y140.076 E566.66104
G0 F10020 X174.784 Y139.454
G1 F5550 X139.954 Y174.284 E568.37306
G0 F10020 X139.332 Y174.284
G1 F5550 X174.784 Y138.832 E570.11565
G0 F10020 X174.784 Y138.21
G1 F5550 X138.71 Y174.284 E571.88882
G0 F10020 X138.087 Y174.284
G1 F5550 X174.784 Y137.587 E573.6926
G0 F10020 X174.784 Y136.965
G1 F5550 X137.465 Y174.284 E575.52697
G0 F10020 X136.843 Y174.284
G1 F5550 X174.784 Y136.343 E577.3919
G0 F10020 X174.784 Y135.721
G1 F5550 X136.221 Y174.284 E579.28741
G0 F10020 X135.598 Y174.284
G1 F5550 X174.784 Y135.098 E581.21355
G0 F10020 X174.784 Y134.476
G1 F5550 X134.976 Y174.284 E583.17025
G0 F10020 X134.354 Y174.284
G1 F5550 X174.784 Y133.854 E585.15753
G0 F10020 X174.784 Y133.232
G1 F5550 X133.732 Y174.284 E587.17539
G0 F10020 X133.109 Y174.284
G1 F5550 X174.784 Y132.609 E589.22386
G0 F10020 X174.784 Y131.987
G1 F5550 X132.487 Y174.284 E591.30291
G0 F10020 X131.865 Y174.284
G1 F5550 X174.784 Y131.365 E593.41254
G0 F10020 X174.784 Y130.743
G1 F5550 X131.243 Y174.284 E595.55273
G0 F10020 X130.62 Y174.284
G1 F5550 X174.784 Y130.12 E597.72355
G0 F10020 X174.566 Y129.716
G1 F5550 X129.998 Y174.284 E599.91423
G0 F10020 X129.376 Y174.284
G1 F5550 X173.944 Y129.716 E602.10491
G0 F10020 X173.322 Y129.716
G1 F5550 X129.216 Y173.822 E604.27288
G0 F10020 X129.216 Y173.199
G1 F5550 X172.7 Y129.716 E606.41025
G0 F10020 X172.077 Y129.716
G1 F5550 X129.216 Y172.577 E608.51702
G0 F10020 X129.216 Y171.955
G1 F5550 X171.455 Y129.716 E610.59322
G0 F10020 X170.833 Y129.716
G1 F5550 X129.216 Y171.333 E612.63884
G0 F10020 X129.216 Y170.71
G1 F5550 X170.211 Y129.716 E614.65387
G0 F10020 X169.588 Y129.716
G1 F5550 X129.216 Y170.088 E616.6383
G0 F10020 X129.216 Y169.466
G1 F5550 X168.966 Y129.716 E618.59215
G0 F10020 X168.344 Y129.716
G1 F5550 X129.216 Y168.844 E620.51544
G0 F10020 X129.216 Y168.221
G1 F5550 X167.721 Y129.716 E622.40809
G0 F10020 X167.099 Y129.716
G1 F5550 X129.216 Y167.599 E624.27018
G0 F10020 X129.216 Y166.977
G1 F5550 X166.477 Y129.716 E626.10169
G0 F10020 X165.855 Y129.716
G1 F5550 X129.216 Y166.355 E627.90263
G0 F10020 X129.216 Y165.732
G1 F5550 X165.232 Y129.716 E629.67295
G0 F10020 X164.61 Y129.716
G1 F5550 X129.216 Y165.11 E631.41269
G0 F10020 X129.216 Y164.488
G1 F5550 X163.988 Y129.716 E633.12186
G0 F10020 X163.366 Y129.716
G1 F5550 X129.216 Y163.866 E634.80045
G0 F10020 X129.216 Y163.243
G1 F5550 X162.743 Y129.716 E636.44843
G0 F10020 X162.121 Y129.716
G1 F5550 X129.216 Y162.621 E638.06583
G0 F10020 X129.216 Y161.999
G1 F5550 X161.499 Y129.716 E639.65265
G0 F10020 X160.877 Y129.716
G1 F5550 X129.216 Y161.377 E641.2089
G0 F10020 X129.216 Y160.754
G1 F5550 X160.254 Y129.716 E642.73453
G0 F10020 X159.632 Y129.716
G1 F5550 X129.216 Y160.132 E644.22959
G0 F10020 X129.216 Y159.51
G1 F5550 X159.01 Y129.716 E645.69407
G0 F10020 X158.388 Y129.716
G1 F5550 X129.216 Y158.888 E647.12798
G0 F10020 X129.216 Y158.265
G1 F5550 X157.765 Y129.716 E648.53126
G0 F10020 X157.143 Y129.716
G1 F5550 X129.216 Y157.643 E649.90398
G0 F10020 X129.216 Y157.021
G1 F5550 X156.521 Y129.716 E651.24612
G0 F10020 X155.899 Y129.716
G1 F5550 X129.216 Y156.399 E652.55768
G0 F10020 X129.216 Y155.776
G1 F5550 X155.276 Y129.716 E653.83862
G0 F10020 X154.654 Y129.716
G1 F5550 X129.216 Y155.154 E655.08899
G0 F10020 X129.216 Y154.532
G1 F5550 X154.032 Y129.716 E656.30879
G0 F10020 X153.41 Y129.716
G1 F5550 X129.216 Y153.91 E657.49801
G0 F10020 X129.216 Y153.287
G1 F5550 X152.787 Y129.716 E658.65661
G0 F10020 X152.165 Y129.716
G1 F5550 X129.216 Y152.665 E659.78464
G0 F10020 X129.216 Y152.043
G1 F5550 X151.543 Y129.716 E660.88209
G0 F10020 X150.921 Y129.716
G1 F5550 X129.216 Y151.421 E661.94897
G0 F10020 X129.216 Y150.798
G1 F5550 X150.298 Y129.716 E662.98522
G0 F10020 X149.676 Y129.716
G1 F5550 X129.216 Y150.176 E663.99091
G0 F10020 X129.216 Y149.554
G1 F5550 X149.054 Y129.716 E664.96602
G0 F10020 X148.432 Y129.716
G1 F5550 X129.216 Y148.932 E665.91055
G0 F10020 X129.216 Y148.309
G1 F5550 X147.809 Y129.716 E666.82446
G0 F10020 X147.187 Y129.716
G1 F5550 X129.216 Y147.687 E667.7078
G0 F10020 X129.216 Y147.065
G1 F5550 X146.565 Y129.716 E668.56057
G0 F10020 X145.943 Y129.716
G1 F5550 X129.216 Y146.443 E669.38276
G0 F10020 X129.216 Y145.82
G1 F5550 X145.32 Y129.716 E670.17433
G0 F10020 X144.698 Y129.716
G1 F5550 X129.216 Y145.198 E670.93533
G0 F10020 X129.216 Y144.576
G1 F5550 X144.076 Y129.716 E671.66575
G0 F10020 X143.454 Y129.716
G1 F5550 X129.216 Y143.954 E672.3656
G0 F10020 X129.216 Y143.331
G1 F5550 X142.831 Y129.716 E673.03482
G0 F10020 X142.209 Y129.716
G1 F5550 X129.216 Y142.709 E673.67348
G0 F10020 X129.216 Y142.087
G1 F5550 X141.587 Y129.716 E674.28156
G0 F10020 X140.965 Y129.716
G1 F5550 X129.216 Y141.464 E674.85904
G0 F10020 X129.216 Y140.842
G1 F5550 X140.342 Y129.716 E675.40592
G0 F10020 X139.72 Y129.716
G1 F5550 X129.216 Y140.22 E675.92223
G0 F10020 X129.216 Y139.598
G1 F5550 X139.098 Y129.716 E676.40797
G0 F10020 X138.476 Y129.716
G1 F5550 X129.216 Y138.975 E676.8631
G0 F10020 X129.216 Y138.353
G1 F5550 X137.853 Y129.716 E677.28764
G0 F10020 X137.231 Y129.716
G1 F5550 X129.216 Y137.731 E677.68161
G0 F10020 X129.216 Y137.109
G1 F5550 X136.609 Y129.716 E678.045
G0 F10020 X135.987 Y129.716
G1 F5550 X129.216 Y136.486 E678.3778
G0 F10020 X129.216 Y135.864
G1 F5550 X135.364 Y129.716 E678.67999
G0 F10020 X134.742 Y129.716
G1 F5550 X129.216 Y135.242 E678.95161
G0 F10020 X129.216 Y134.62
G1 F5550 X134.12 Y129.716 E679.19266
G0 F10020 X133.498 Y129.716
G1 F5550 X129.216 Y133.997 E679.40311
G0 F10020 X129.216 Y133.375
G1 F5550 X132.875 Y129.716 E679.58297
G0 F10020 X132.253 Y129.716
G1 F5550 X129.216 Y132.753 E679.73225
G0 F10020 X129.216 Y132.131
G1 F5550 X131.631 Y129.716 E679.85095
G0 F10020 X131.009 Y129.716
G1 F5550 X129.216 Y131.508 E679.93906
G0 F10020 X129.216 Y130.886
G1 F5550 X130.386 Y129.716 E679.99657
G0 F10020 X129.764 Y129.716
G1 F5550 X129.216 Y130.264 E680.02351
G1 F2400 E679.52351
G1 F600 Z0.9
;MESH:NONMESH
G0 F10020 X176.28 Y175.78 Z0.9
;TIME_ELAPSED:256.455560
;LAYER:2
M204 S8000
;MESH:case_VL53L8+RP2040-down.stl
G0 F15000 X176.28 Y175.78 Z1.1
;TYPE:WALL-OUTER
G1 F600 Z0.7
G1 F2400 E680.02351
G1 F9000 X176.28 Y128.22 E681.67654
G1 X127.72 Y128.22 E683.36433
G1 X127.72 Y175.78 E685.01737
G1 X176.28 Y175.78 E686.70516
G0 F15000 X175.84 Y175.34
;TYPE:WALL-INNER
G1 F10500 X175.84 Y128.66 E688.32761
G1 X128.16 Y128.66 E689.98482
G1 X128.16 Y175.34 E691.60727
G1 X175.84 Y175.34 E693.26447
G0 F15000 X175.4 Y174.9
G1 F10500 X175.4 Y129.1 E694.85634
G1 X128.6 Y129.1 E696.48296
G1 X128.6 Y174.9 E698.07482
G1 X175.4 Y174.9 E699.70144
G0 F15000 X175.004 Y174.504
;TYPE:SKIN
G1 F9000 X175.004 Y129.496 E701.26578
G1 X128.996 Y129.496 E702.86487
G1 X128.996 Y174.504 E704.4292
G1 X175.004 Y174.504 E706.0283
G1 F2400 E705.5283
G1 F600 Z1.1
G0 F15000 X174.519 Y129.717 Z1.1
G1 F600 Z0.7
G1 F2400 E706.0283
G1 F9000 X174.784 Y129.982 E706.04132
G0 F15000 X174.784 Y130.604
G1 F9000 X173.897 Y129.717 E706.08492
G0 F15000 X173.274 Y129.717
G1 F9000 X174.784 Y131.226 E706.15912
G0 F15000 X174.784 Y131.849
G1 F9000 X172.652 Y129.717 E706.26392
G0 F15000 X172.03 Y129.717
G1 F9000 X174.784 Y132.471 E706.39928
G0 F15000 X174.784 Y133.093
G1 F9000 X171.408 Y129.717 E706.56523
G0 F15000 X170.785 Y129.717
G1 F9000 X174.784 Y133.715 E706.76177
G0 F15000 X174.784 Y134.338
G1 F9000 X170.163 Y129.717 E706.98891
G0 F15000 X169.541 Y129.717
G1 F9000 X174.784 Y134.96 E707.24662
G0 F15000 X174.784 Y135.582
G1 F9000 X168.919 Y129.717 E707.5349
G0 F15000 X168.296 Y129.717
G1 F9000 X174.784 Y136.204 E707.85379
G0 F15000 X174.784 Y136.827
G1 F9000 X167.674 Y129.717 E708.20327
G0 F15000 X167.052 Y129.717
G1 F9000 X174.784 Y137.449 E708.58333
G0 F15000 X174.784 Y138.071
G1 F9000 X166.43 Y129.717 E708.99396
G0 F15000 X165.807 Y129.717
G1 F9000 X174.784 Y138.693 E709.43518
G0 F15000 X174.784 Y139.316
G1 F9000 X165.185 Y129.717 E709.90701
G0 F15000 X164.563 Y129.717
G1 F9000 X174.784 Y139.938 E710.40941
G0 F15000 X174.784 Y140.56
G1 F9000 X163.941 Y129.717 E710.94238
G0 F15000 X163.318 Y129.717
G1 F9000 X174.784 Y141.182 E711.50595
G0 F15000 X174.784 Y141.805
G1 F9000 X162.696 Y129.717 E712.10012
G0 F15000 X162.074 Y129.717
G1 F9000 X174.784 Y142.427 E712.72486
G0 F15000 X174.784 Y143.049
G1 F9000 X161.452 Y129.717 E713.38018
G0 F15000 X160.829 Y129.717
G1 F9000 X174.784 Y143.671 E714.06609
G0 F15000 X174.784 Y144.294
G1 F9000 X160.207 Y129.717 E714.7826
G0 F15000 X159.585 Y129.717
G1 F9000 X174.784 Y144.916 E715.52969
G0 F15000 X174.784 Y145.538
G1 F9000 X158.963 Y129.717 E716.30735
G0 F15000 X158.34 Y129.717
G1 F9000 X174.784 Y146.16 E717.1156
G0 F15000 X174.784 Y146.783
G1 F9000 X157.718 Y129.717 E717.95446
G0 F15000 X157.096 Y129.717
G1 F9000 X174.784 Y147.405 E718.82389
G0 F15000 X174.784 Y148.027
G1 F9000 X156.474 Y129.717 E719.72389
G0 F15000 X155.851 Y129.717
G1 F9000 X174.784 Y148.649 E720.65449
G0 F15000 X174.784 Y149.272
G1 F9000 X155.229 Y129.717 E721.61569
G0 F15000 X154.607 Y129.717
G1 F9000 X174.784 Y149.894 E722.60746
G0 F15000 X174.784 Y150.516
G1 F9000 X153.985 Y129.717 E723.62981
G0 F15000 X153.362 Y129.717
G1 F9000 X174.784 Y151.138 E724.68275
G0 F15000 X174.784 Y151.761
G1 F9000 X152.74 Y129.717 E725.76629
G0 F15000 X152.118 Y129.717
G1 F9000 X174.784 Y152.383 E726.88041
G0 F15000 X174.784 Y153.005
G1 F9000 X151.496 Y129.717 E728.0251
G0 F15000 X150.873 Y129.717
G1 F9000 X174.784 Y153.627 E729.20038
G0 F15000 X174.784 Y154.25
G1 F9000 X150.251 Y129.717 E730.40627
G0 F15000 X149.629 Y129.717
G1 F9000 X174.784 Y154.872 E731.64273
G0 F15000 X174.784 Y155.494
G1 F9000 X149.006 Y129.717 E732.90978
G0 F15000 X148.384 Y129.717
G1 F9000 X174.784 Y156.116 E734.20742
G0 F15000 X174.784 Y156.739
G1 F9000 X147.762 Y129.717 E735.53564
G0 F15000 X147.14 Y129.717
G1 F9000 X174.784 Y157.361 E736.89445
G0 F15000 X174.784 Y157.983
G1 F9000 X146.517 Y129.717 E738.28385
G0 F15000 X145.895 Y129.717
G1 F9000 X174.784 Y158.605 E739.70382
G0 F15000 X174.784 Y159.228
G1 F9000 X145.273 Y129.717 E741.15439
G0 F15000 X144.651 Y129.717
G1 F9000 X174.784 Y159.85 E742.63554
G0 F15000 X174.784 Y160.472
G1 F9000 X144.028 Y129.717 E744.14728
G0 F15000 X143.406 Y129.717
G1 F9000 X174.784 Y161.094 E745.6896
G0 F15000 X174.784 Y161.717
G1 F9000 X142.784 Y129.717 E747.26251
G0 F15000 X142.162 Y129.717
G1 F9000 X174.784 Y162.339 E748.866
G0 F15000 X174.784 Y162.961
G1 F9000 X141.539 Y129.717 E750.50009
G0 F15000 X140.917 Y129.717
G1 F9000 X174.784 Y163.583 E752.16475
G0 F15000 X174.784 Y164.206
G1 F9000 X140.295 Y129.717 E753.86001
G0 F15000 X139.673 Y129.717
G1 F9000 X174.784 Y164.828 E755.58584
G0 F15000 X174.784 Y165.45
G1 F9000 X139.05 Y129.717 E757.34227
G0 F15000 X138.428 Y129.717
G1 F9000 X174.784 Y166.073 E759.1293
G0 F15000 X174.784 Y166.695
G1 F9000 X137.806 Y129.717 E760.9469
G0 F15000 X137.184 Y129.717
G1 F9000 X174.784 Y167.317 E762.79507
G0 F15000 X174.784 Y167.939
G1 F9000 X136.561 Y129.717 E764.67385
G0 F15000 X135.939 Y129.717
G1 F9000 X174.784 Y168.562 E766.58322
G0 F15000 X174.784 Y169.184
G1 F9000 X135.317 Y129.717 E768.52316
G0 F15000 X134.695 Y129.717
G1 F9000 X174.784 Y169.806 E770.49368
G0 F15000 X174.784 Y170.428
G1 F9000 X134.072 Y129.717 E772.4948
G0 F15000 X133.45 Y129.717
G1 F9000 X174.784 Y171.051 E774.52651
G0 F15000 X174.784 Y171.673
G1 F9000 X132.828 Y129.717 E776.5888
G0 F15000 X132.206 Y129.717
G1 F9000 X174.784 Y172.295 E778.68166
G0 F15000 X174.784 Y172.917
G1 F9000 X131.583 Y129.717 E780.80512
G0 F15000 X130.961 Y129.717
G1 F9000 X174.784 Y173.54 E782.95918
G0 F15000 X174.784 Y174.162
G1 F9000 X130.339 Y129.717 E785.14381
G0 F15000 X129.717 Y129.717
G1 F9000 X174.283 Y174.283 E787.33439
G0 F15000 X173.661 Y174.283
G1 F9000 X129.216 Y129.838 E789.51902
G0 F15000 X129.216 Y130.46
G1 F9000 X173.039 Y174.283 E791.67308
G0 F15000 X172.417 Y174.283
G1 F9000 X129.216 Y131.083 E793.79654
G0 F15000 X129.216 Y131.705
G1 F9000 X171.794 Y174.283 E795.8894
G0 F15000 X171.172 Y174.283
G1 F9000 X129.216 Y132.327 E797.95169
G0 F15000 X129.216 Y132.95
G1 F9000 X170.55 Y174.283 E799.98338
G0 F15000 X169.928 Y174.283
G1 F9000 X129.216 Y133.572 E801.9845
G0 F15000 X129.216 Y134.194
G1 F9000 X169.305 Y174.283 E803.95502
G0 F15000 X168.683 Y174.283
G1 F9000 X129.216 Y134.816 E805.89496
G0 F15000 X129.216 Y135.439
G1 F9000 X168.061 Y174.283 E807.80431
G0 F15000 X167.439 Y174.283
G1 F9000 X129.216 Y136.061 E809.68308
G0 F15000 X129.216 Y136.683
G1 F9000 X166.816 Y174.283 E811.53126
G0 F15000 X166.194 Y174.283
G1 F9000 X129.216 Y137.305 E813.34886
G0 F15000 X129.216 Y137.928
G1 F9000 X165.572 Y174.283 E815.13586
G0 F15000 X164.95 Y174.283
G1 F9000 X129.216 Y138.55 E816.89229
G0 F15000 X129.216 Y139.172
G1 F9000 X164.327 Y174.283 E818.61812
G0 F15000 X163.705 Y174.283
G1 F9000 X129.216 Y139.794 E820.31338
G0 F15000 X129.216 Y140.417
G1 F9000 X163.083 Y174.283 E821.97804
G0 F15000 X162.461 Y174.283
G1 F9000 X129.216 Y141.039 E823.61213
G0 F15000 X129.216 Y141.661
G1 F9000 X161.838 Y174.283 E825.21562
G0 F15000 X161.216 Y174.283
G1 F9000 X129.216 Y142.283 E826.78853
G0 F15000 X129.216 Y142.906
G1 F9000 X160.594 Y174.283 E828.33085
G0 F15000 X159.972 Y174.283
G1 F9000 X129.216 Y143.528 E829.84259
G0 F15000 X129.216 Y144.15
G1 F9000 X159.349 Y174.283 E831.32374
G0 F15000 X158.727 Y174.283
G1 F9000 X129.216 Y144.772 E832.77431
G0 F15000 X129.216 Y145.395
G1 F9000 X158.105 Y174.283 E834.19428
G0 F15000 X157.483 Y174.283
G1 F9000 X129.216 Y146.017 E835.58368
G0 F15000 X129.216 Y146.639
G1 F9000 X156.86 Y174.283 E836.94249
G0 F15000 X156.238 Y174.283
G1 F9000 X129.216 Y147.261 E838.27071
G0 F15000 X129.216 Y147.884
G1 F9000 X155.616 Y174.283 E839.56835
G0 F15000 X154.994 Y174.283
G1 F9000 X129.216 Y148.506 E840.8354
G0 F15000 X129.216 Y149.128
G1 F9000 X154.371 Y174.283 E842.07186
G0 F15000 X153.749 Y174.283
G1 F9000 X129.216 Y149.75 E843.27775
G0 F15000 X129.216 Y150.373
G1 F9000 X153.127 Y174.283 E844.45303
G0 F15000 X152.505 Y174.283
G1 F9000 X129.216 Y150.995 E845.59775
G0 F15000 X129.216 Y151.617
G1 F9000 X151.882 Y174.283 E846.71186
G0 F15000 X151.26 Y174.283
G1 F9000 X129.216 Y152.239 E847.7954
G0 F15000 X129.216 Y152.862
G1 F9000 X150.638 Y174.283 E848.84835
G0 F15000 X150.016 Y174.283
G1 F9000 X129.216 Y153.484 E849.87072
G0 F15000 X129.216 Y154.106
G1 F9000 X149.393 Y174.283 E850.86249
G0 F15000 X148.771 Y174.283
G1 F9000 X129.216 Y154.728 E851.82369
G0 F15000 X129.216 Y155.351
G1 F9000 X148.149 Y174.283 E852.75429
G0 F15000 X147.527 Y174.283
G1 F9000 X129.216 Y155.973 E853.65432
G0 F15000 X129.216 Y156.595
G1 F9000 X146.904 Y174.283 E854.52374
G0 F15000 X146.282 Y174.283
G1 F9000 X129.216 Y157.217 E855.3626
G0 F15000 X129.216 Y157.84
G1 F9000 X145.66 Y174.283 E856.17086
G0 F15000 X145.038 Y174.283
G1 F9000 X129.216 Y158.462 E856.94854
G0 F15000 X129.216 Y159.084
G1 F9000 X144.415 Y174.283 E857.69563
G0 F15000 X143.793 Y174.283
G1 F9000 X129.216 Y159.706 E858.41214
G0 F15000 X129.216 Y160.329
G1 F9000 X143.171 Y174.283 E859.09805
G0 F15000 X142.548 Y174.283
G1 F9000 X129.216 Y160.951 E859.75337
G0 F15000 X129.216 Y161.573
G1 F9000 X141.926 Y174.283 E860.37811
G0 F15000 X141.304 Y174.283
G1 F9000 X129.216 Y162.195 E860.97228
G0 F15000 X129.216 Y162.818
G1 F9000 X140.682 Y174.283 E861.53585
G0 F15000 X140.059 Y174.283
G1 F9000 X129.216 Y163.44 E862.06882
G0 F15000 X129.216 Y164.062
G1 F9000 X139.437 Y174.283 E862.57122
G0 F15000 X138.815 Y174.283
G1 F9000 X129.216 Y164.684 E863.04305
G0 F15000 X129.216 Y165.307
G1 F9000 X138.193 Y174.283 E863.48427
G0 F15000 X137.57 Y174.283
G1 F9000 X129.216 Y165.929 E863.8949
G0 F15000 X129.216 Y166.551
G1 F9000 X136.948 Y174.283 E864.27496
G0 F15000 X136.326 Y174.283
G1 F9000 X129.216 Y167.173 E864.62444
G0 F15000 X129.216 Y167.796
G1 F9000 X135.704 Y174.283 E864.94332
G0 F15000 X135.081 Y174.283
G1 F9000 X129.216 Y168.418 E865.23161
G0 F15000 X129.216 Y169.04
G1 F9000 X134.459 Y174.283 E865.48932
G0 F15000 X133.837 Y174.283
G1 F9000 X129.216 Y169.662 E865.71646
G0 F15000 X129.216 Y170.285
G1 F9000 X133.215 Y174.283 E865.913
G0 F15000 X132.592 Y174.283
G1 F9000 X129.216 Y170.907 E866.07894
G0 F15000 X129.216 Y171.529
G1 F9000 X131.97 Y174.283 E866.21431
G0 F15000 X131.348 Y174.283
G1 F9000 X129.216 Y172.152 E866.31908
G0 F15000 X129.216 Y172.774
G1 F9000 X130.726 Y174.283 E866.39328
G0 F15000 X130.103 Y174.283
G1 F9000 X129.216 Y173.396 E866.43688
G0 F15000 X129.216 Y174.018
G1 F9000 X129.481 Y174.283 E866.44991
G1 F2400 E865.94991
G1 F600 Z1.1
;MESH:NONMESH
G0 F15000 X176.28 Y175.78 Z1.1
;TIME_ELAPSED:297.102863
;LAYER:3
;MESH:case_VL53L8+RP2040-down.stl
G0 X176.28 Y175.78 Z1.3
;TYPE:WALL-OUTER
G1 F600 Z0.9
G1 F2400 E866.44991
G1 F9000 X176.28 Y128.22 E868.10294
G1 X127.72 Y128.22 E869.79073
G1 X127.72 Y175.78 E871.44377
G1 X176.28 Y175.78 E873.13156
G0 F15000 X175.84 Y175.34
;TYPE:WALL-INNER
G1 F10500 X175.84 Y128.66 E874.75401
G1 X128.16 Y128.66 E876.41122
G1 X128.16 Y175.34 E878.03367
G1 X175.84 Y175.34 E879.69087
G0 F15000 X175.4 Y174.9
G1 F10500 X175.4 Y129.1 E881.28274
G1 X128.6 Y129.1 E882.90936
G1 X128.6 Y174.9 E884.50122
G1 X175.4 Y174.9 E886.12784
G0 F15000 X175.056 Y174.57
;TYPE:FILL
G1 X175.07 Y174.556 E886.12853
G1 X175.07 Y170.923 E886.2548
G1 X133.578 Y129.43 E888.2943
G1 X133.09 Y129.43 E888.31127
G1 X128.93 Y133.59 E888.51574
G1 X128.93 Y137.225 E888.64209
G1 X166.274 Y174.57 E890.4777
G1 X166.761 Y174.57 E890.49463
G1 X175.07 Y166.261 E890.90305
G1 X175.07 Y162.627 E891.02935
G1 X141.874 Y129.43 E892.66108
G1 X141.386 Y129.43 E892.67804
G1 X128.93 Y141.886 E893.2903
G1 X128.93 Y145.521 E893.41664
G1 X157.978 Y174.57 E894.84448
G1 X158.465 Y174.57 E894.8614
G1 X175.07 Y157.965 E895.6776
G1 X175.07 Y154.331 E895.80391
G1 X150.17 Y129.43 E897.02786
G1 X149.682 Y129.43 E897.04482
G1 X128.93 Y150.182 E898.06485
G1 X128.93 Y153.817 E898.19119
G1 X149.682 Y174.57 E899.21125
G1 X150.169 Y174.57 E899.22818
G1 X175.07 Y149.669 E900.45215
G1 X175.07 Y146.035 E900.57846
G1 X158.465 Y129.43 E901.39466
G1 X157.978 Y129.43 E901.41158
G1 X128.93 Y158.477 E902.83937
G1 X128.93 Y162.113 E902.96575
G1 X141.387 Y174.57 E903.57805
G1 X141.873 Y174.57 E903.59495
G1 X175.07 Y141.373 E905.2267
G1 X175.07 Y137.739 E905.353
G1 X166.761 Y129.43 E905.76142
G1 X166.273 Y129.43 E905.77838
G1 X128.93 Y166.773 E907.61392
G1 X128.93 Y170.408 E907.74027
G1 X133.091 Y174.57 E907.94482
G1 X133.577 Y174.57 E907.96171
G1 X175.07 Y133.077 E910.00124
G1 X175.07 Y129.444 E910.12751
G1 X175.057 Y129.43 E910.12818
G1 X175.07 Y129.43 E910.12863
G1 X174.569 Y129.43 E910.14604
G1 X129.43 Y174.57 E912.36481
G1 X128.943 Y174.57 E912.38174
G1 X128.93 Y174.556 E912.3824
G1 X128.93 Y170.921 E912.50874
G1 X170.421 Y129.43 E914.54817
G1 X170.909 Y129.43 E914.56513
G1 X175.07 Y133.592 E914.76969
G1 X175.07 Y137.225 E914.89596
G1 X137.725 Y174.57 E916.7316
G1 X137.239 Y174.57 E916.74849
G1 X128.93 Y166.261 E917.15691
G1 X128.93 Y162.625 E917.28329
G1 X162.125 Y129.43 E918.91494
G1 X162.613 Y129.43 E918.9319
G1 X175.07 Y141.887 E919.54421
G1 X175.07 Y145.521 E919.67051
G1 X146.021 Y174.57 E921.09838
G1 X145.535 Y174.57 E921.11527
G1 X128.93 Y157.965 E921.93146
G1 X128.93 Y154.33 E922.0578
G1 X153.83 Y129.43 E923.28173
G1 X154.318 Y129.43 E923.29869
G1 X175.07 Y150.183 E924.31875
G1 X175.07 Y153.817 E924.44506
G1 X154.317 Y174.57 E925.46514
G1 X153.83 Y174.57 E925.48207
G1 X128.93 Y149.669 E926.70602
G1 X128.93 Y146.034 E926.83236
G1 X145.534 Y129.43 E927.6485
G1 X146.022 Y129.43 E927.66547
G1 X175.07 Y158.479 E929.0933
G1 X175.07 Y162.113 E929.21961
G1 X162.613 Y174.57 E929.83192
G1 X162.126 Y174.57 E929.84884
G1 X128.93 Y141.373 E931.48057
G1 X128.93 Y137.738 E931.60691
G1 X137.238 Y129.43 E932.01528
G1 X137.726 Y129.43 E932.03224
G1 X175.07 Y166.775 E933.86786
G1 X175.07 Y170.408 E933.99413
G1 X170.908 Y174.57 E934.19871
G1 X170.422 Y174.57 E934.2156
G1 X128.93 Y133.077 E936.2551
G1 X128.93 Y129.442 E936.38144
G1 X128.942 Y129.43 E936.38203
G1 X129.43 Y129.43 E936.399
G1 X174.57 Y174.57 E938.61779
G1 X175.056 Y174.57 E938.63468
G1 F2400 E938.13468
G1 F600 Z1.3
G0 F15000 X171.346 Y167.2 Z1.3
G1 F600 Z0.9
G1 F2400 E938.63468
G1 F15000 X169.984 Y167.2 E938.68202
G0 X170.424 Y166.76
G1 X170.906 Y166.76 E938.69877
G0 X171.171 Y166.011
G1 X169.829 Y163.207 E938.80682
G1 X169.793 Y163.24
G1 X167.388 Y163.24 E938.89041
G0 X167.872 Y163.728
G1 X166.081 Y166.08 E938.99316
G0 X166.395 Y166.393
G1 X168.187 Y164.042 E939.0959
G1 X168.253 Y163.955
G1 F2400 E938.5959
G1 F600 Z1.3
G0 F15000 X170.159 Y162.877 Z1.3
G1 F600 Z0.9
G1 F2400 E939.0959
G1 F15000 X171.501 Y165.681 E939.20395
G1 X171.548 Y165.78
G1 F2400 E938.70395
G1 F600 Z1.3
G0 F15000 X169.536 Y167.644 Z1.3
G1 F600 Z0.9
G1 F2400 E939.20395
G1 F15000 X167.475 Y167.474 E939.27583
G1 X167.366 Y167.465
G1 F2400 E938.77583
G1 F600 Z1.3
G0 F15000 X162.502 Y166.651 Z1.3
G1 F600 Z0.9
G1 F2400 E939.27583
G1 F15000 X161.956 Y170.249 E939.40231
G0 X161.649 Y169.945
G1 X159.266 Y171.709 E939.50536
G0 X158.951 Y171.394
G1 X161.335 Y169.63 E939.60844
G0 X161.021 Y169.316
G1 X158.636 Y171.08 E939.71154
G0 X158.4 Y170.485
G1 X158.4 Y166.697 E939.8432
G0 X158.575 Y166.869
G1 X161.561 Y165.709 E939.95454
G0 X161.901 Y166.049
G1 X158.915 Y167.209 E940.06588
G1 X158.813 Y167.248
G1 F2400 E939.56588
G1 F600 Z1.3
G0 F15000 X157.96 Y166.78 Z1.3
G1 F600 Z0.9
G1 F2400 E940.06588
G1 F15000 X157.96 Y170.401 E940.19174
G0 X157.52 Y169.961
G1 X157.52 Y167.22 E940.28701
G1 X157.52 Y167.11
G1 F2400 E939.78701
G1 F600 Z1.3
G0 F15000 X154.44 Y162.001 Z1.3
G1 F600 Z0.9
G1 F2400 E940.28701
G1 F15000 X154.44 Y158.589 E940.4056
G0 X154.44 Y157.853
G1 X154.44 Y154.442 E940.52415
G0 X154.44 Y153.705
G1 X154.44 Y150.295 E940.64267
G0 X154.44 Y149.558
G1 X154.44 Y146.147 E940.76123
G0 X154 Y145.703
G1 X154 Y141.705 E940.90019
G0 X154.44 Y141.999
G1 X154.44 Y145.41 E941.01874
G1 X154.44 Y145.52
G1 F2400 E940.51874
G1 F600 Z1.3
G0 F15000 X153.582 Y142.12 Z1.3
G1 F600 Z0.9
G1 F2400 E941.01874
G1 F15000 X150.416 Y142.12 E941.12878
G1 X150.414 Y142.12
G1 X149.434 Y142.12 E941.16284
G1 X146.268 Y142.12 E941.27288
G1 X145.286 Y142.12 E941.30701
G1 X142.121 Y142.12 E941.41702
G1 X141.139 Y142.12 E941.45115
G1 X137.974 Y142.12 E941.56116
G1 X136.991 Y142.12 E941.59532
G1 X133.826 Y142.12 E941.70533
G1 X132.846 Y142.12 E941.73939
G1 X132.843 Y142.12
G1 X129.678 Y142.12 E941.84939
G0 X129.36 Y141.805
G1 X129.36 Y145.603 E941.9814
G0 X129.36 Y145.953
G1 X129.36 Y149.751 E942.11341
G0 X129.36 Y150.101
G1 X129.36 Y153.899 E942.24541
G0 X129.36 Y154.248
G1 X129.36 Y158.047 E942.37746
G0 X129.36 Y158.396
G1 X129.36 Y162.195 E942.5095
G0 X129.638 Y161.92
G1 X132.887 Y161.92 E942.62242
G1 X133.782 Y161.92 E942.65353
G1 X137.034 Y161.92 E942.76656
G1 X137.93 Y161.92 E942.7977
G1 X141.182 Y161.92 E942.91073
G1 X141.18 Y161.92
G1 X142.078 Y161.92 E942.94194
G1 X145.331 Y161.92 E943.05501
G1 X146.225 Y161.92 E943.08608
G1 X149.478 Y161.92 E943.19914
G1 X150.373 Y161.92 E943.23025
G1 X153.624 Y161.92 E943.34324
G1 X153.734 Y161.92
G1 F2400 E942.84324
G1 F600 Z1.3
G0 F15000 X149.478 Y161.92 Z1.3
G1 F600 Z1.3
G0 F15000 X146.228 Y161.92
G1 F600 Z1.3
G0 F15000 X145.331 Y161.92
G1 F600 Z1.3
G0 F15000 X142.081 Y161.92
G1 F600 Z1.3
G0 F15000 X137.034 Y161.92
G1 F600 Z1.3
G0 F15000 X133.785 Y161.92
G1 F600 Z1.3
G0 F15000 X132.887 Y161.92
G1 F600 Z1.3
G0 F15000 X132.984 Y166.168
G1 F600 Z0.9
G1 F2400 E943.34324
G1 F15000 X129.7 Y167.03 E943.46125
G0 X129.936 Y167.268
G1 X129.33 Y170.521 E943.57626
G0 X129.58 Y170.274
G1 X133.003 Y170.995 E943.69784
G0 X133.27 Y170.602
G1 X129.952 Y169.903 E943.8157
G1 X129.845 Y169.881
G1 F2400 E943.3157
G1 F600 Z1.3
G0 F15000 X133.428 Y170.572 Z1.3
G1 F600 Z0.9
G1 F2400 E943.8157
G1 F15000 X134.236 Y167.421 E943.92876
G0 X134.597 Y167.782
G1 X134.039 Y169.96 E944.00691
G1 X134.012 Y170.066
G1 F2400 E943.50691
G1 F600 Z1.3
G0 F15000 X133.826 Y142.12 Z1.3
G1 F600 Z1.3
G0 F15000 X136.991 Y142.12
G1 F600 Z1.3
G0 F15000 X137.972 Y142.12
G1 F600 Z1.3
G0 F15000 X141.139 Y142.12
G1 F600 Z1.3
G0 F15000 X142.118 Y142.12
G1 F600 Z1.3
G0 F15000 X145.286 Y142.12
G1 F600 Z1.3
G0 F15000 X146.266 Y142.12
G1 F600 Z1.3
G0 F15000 X149.434 Y142.12
G1 F600 Z1.3
G0 F15000 X157.47 Y136.729
G1 F600 Z0.9
G1 F2400 E944.00691
G1 F15000 X158.318 Y133.433 E944.1252
G1 X158.457 Y133.568
G1 X161.425 Y132.391 E944.23617
G0 X161.764 Y132.73
G1 X158.795 Y133.908 E944.34719
G0 X159.041 Y134.156
G1 X158.193 Y137.452 E944.46548
G0 X158.491 Y137.751
G1 X161.973 Y137.087 E944.58868
G0 X161.641 Y136.752
G1 X162.784 Y133.753 E944.70023
G1 X162.823 Y133.651
G1 F2400 E944.20023
G1 F600 Z1.3
G0 F15000 X162.35 Y137.463 Z1.3
G1 F600 Z0.9
G1 F2400 E944.70023
G1 F15000 X158.867 Y138.127 E944.82347
G1 X158.759 Y138.147
G1 F2400 E944.32347
G1 F600 Z1.3
G0 F15000 X165.588 Y140.698 Z1.3
G1 F600 Z0.9
G1 F2400 E944.82347
G1 F15000 X166.957 Y137.924 E944.93099
G0 X166.425 Y137.389
G1 X168.39 Y135.21 E945.03297
G0 X168.965 Y135.036
G1 X171.887 Y136.258 E945.14305
G1 X171.988 Y136.3
G1 F2400 E944.64305
G1 F600 Z1.3
G0 F15000 X171.16 Y136.988 Z1.3
G1 F600 Z0.9
G1 F2400 E945.14305
G1 F15000 X171.16 Y137.976 E945.17739
G1 X171.031 Y137.851
G1 X169.116 Y140.08 E945.27953
G0 X169.428 Y140.392
G1 X171.343 Y138.163 E945.38167
G1 X171.414 Y138.08
G1 F2400 E944.88167
G1 F600 Z1.3
G0 F15000 X134.433 Y134.435 Z1.3
G1 F600 Z0.9
G1 F2400 E945.38167
G1 F15000 X134.061 Y136.754 E945.4633
G1 X134.044 Y136.862
G1 F2400 E944.9633
G1 F600 Z1.3
G0 F15000 X133.197 Y137.618 Z1.3
G1 F600 Z0.9
G1 F2400 E945.4633
G1 F15000 X129.713 Y136.959 E945.58654
G0 X129.475 Y137.193
G1 X130.032 Y134.181 E945.693
G1 X129.915 Y134.062
G1 X133.181 Y133.182 E945.81057
G0 X132.822 Y132.823
G1 X129.557 Y133.703 E945.9281
G1 X129.451 Y133.731
G1 F2400 E945.4281
G1 F600 Z1.3
G0 F15000 X129.336 Y137.335 Z1.3
G1 F600 Z0.9
G1 F2400 E945.9281
G1 F15000 X132.82 Y137.995 E946.05134
G1 X132.928 Y138.015
G1 F2400 E945.55134
G1 F600 Z1.3
;MESH:NONMESH
G0 F15000 X176.28 Y175.78 Z1.3
;TIME_ELAPSED:319.379409
;LAYER:4
;MESH:case_VL53L8+RP2040-down.stl
G0 X176.28 Y175.78 Z1.5
;TYPE:WALL-OUTER
G1 F600 Z1.1
G1 F2400 E946.05134
G1 F9000 X176.28 Y128.22 E947.70438
G1 X127.72 Y128.22 E949.39217
G1 X127.72 Y175.78 E951.04521
G1 X176.28 Y175.78 E952.733
G0 F15000 X175.84 Y175.34
;TYPE:WALL-INNER
G1 F10500 X175.84 Y128.66 E954.35545
G1 X128.16 Y128.66 E956.01265
G1 X128.16 Y175.34 E957.6351
G1 X175.84 Y175.34 E959.29231
G0 F15000 X175.4 Y174.9
G1 F10500 X175.4 Y129.1 E960.88417
G1 X128.6 Y129.1 E962.51079
G1 X128.6 Y174.9 E964.10266
G1 X175.4 Y174.9 E965.72928
G1 F2400 E965.22928
G1 F600 Z1.5
G0 F15000 X171.741 Y138.558 Z1.5
;TYPE:FILL
G1 F600 Z1.1
G1 F2400 E965.72928
G1 F15000 X175.07 Y141.887 E965.89291
G1 X175.07 Y145.521 E966.01922
G1 X146.021 Y174.57 E967.44708
G1 X145.535 Y174.57 E967.46397
G1 X133.394 Y162.429 E968.06074
G1 X133.275 Y162.429 E968.06488
G1 X128.93 Y166.773 E968.27843
G1 X128.93 Y170.409 E968.4048
G1 X133.091 Y174.57 E968.60933
G1 X133.577 Y174.57 E968.62622
G1 X145.718 Y162.429 E969.223
G1 X145.839 Y162.43 E969.2272
G1 X157.978 Y174.57 E969.8239
G1 X158.465 Y174.57 E969.84083
G1 X166.333 Y166.702 E970.22757
G1 X166.579 Y167.169 E970.24592
G1 X167.047 Y167.699 E970.27049
G1 X167.632 Y168.101 E970.29516
G1 X168.298 Y168.355 E970.31994
G1 X168.364 Y168.364 E970.32225
G1 X174.57 Y174.57 E970.6273
G1 X175.07 Y174.57 E970.64468
G1 X175.07 Y170.923 E970.77144
G1 X171.372 Y167.224 E970.95323
G1 X170.951 Y167.702 E970.97537
G1 X170.365 Y168.105 E971.00009
G1 X169.701 Y168.357 E971.02477
G1 X168.998 Y168.441 E971.04938
G1 X168.77 Y168.412 E971.05737
G1 X162.613 Y174.57 E971.36003
G1 X162.126 Y174.57 E971.37696
G1 X158.637 Y171.081 E971.54846
G1 X158.331 Y170.92 E971.56047
G1 X158.137 Y170.749 E971.56946
G1 X154.317 Y174.57 E971.75725
G1 X153.83 Y174.57 E971.77418
G1 X141.69 Y162.429 E972.37093
G1 X141.571 Y162.429 E972.37507
G1 X134.864 Y169.135 E972.70471
G1 X134.941 Y168.502 E972.72688
G1 X134.89 Y168.073 E972.74189
G1 X141.387 Y174.57 E973.06124
G1 X141.873 Y174.57 E973.07814
G1 X154.014 Y162.429 E973.67491
G1 X154.134 Y162.43 E973.67908
G1 X158.04 Y166.336 E973.87107
G1 X158.331 Y166.079 E973.88457
G1 X158.957 Y165.75 E973.90915
G1 X158.999 Y165.74 E973.91065
G1 X175.07 Y149.669 E974.7006
G1 X175.07 Y146.035 E974.8269
G1 X169.426 Y140.39 E975.10435
G1 X169.701 Y140.357 E975.11398
G1 X170.365 Y140.105 E975.13866
G1 X170.951 Y139.702 E975.16338
G1 X171.42 Y139.169 E975.18806
G1 X171.746 Y138.548 E975.21243
G1 X171.919 Y137.853 E975.23733
G1 X171.919 Y137.148 E975.26183
G1 X171.74 Y136.407 E975.28833
G1 X175.07 Y133.077 E975.45201
G1 X175.07 Y129.43 E975.57877
G1 X174.569 Y129.43 E975.59618
G1 X169.392 Y134.607 E975.85065
G1 X169.002 Y134.559 E975.8643
G1 X168.893 Y134.546
G1 F2400 E975.3643
G1 F600 Z1.5
G0 F15000 X162.175 Y133.529 Z1.5
G1 F600 Z1.1
G1 F2400 E975.8643
G1 F15000 X166.273 Y129.43 E976.06576
G1 X166.761 Y129.43 E976.08272
G1 X175.07 Y137.739 E976.49114
G1 X175.07 Y141.373 E976.61745
G1 X154.93 Y161.513 E977.6074
G1 X154.929 Y159.077 E977.69207
G1 X170.422 Y174.57 E978.4536
G1 X170.908 Y174.57 E978.47049
G1 X175.07 Y170.408 E978.67507
G1 X175.07 Y166.775 E978.80134
G1 X154.929 Y146.633 E979.79137
G1 X154.93 Y149.069 E979.87604
G1 X166.094 Y137.905 E980.42479
G1 X166.25 Y138.543 E980.44762
G1 X166.579 Y139.169 E980.4722
G1 X167.048 Y139.7 E980.49682
G1 X167.632 Y140.102 E980.52146
G1 X167.932 Y140.215 E980.53261
G1 X154.93 Y153.217 E981.1717
G1 X154.929 Y150.781 E981.25637
G1 X167.284 Y163.136 E981.86366
G1 X167.054 Y163.295 E981.87338
G1 X166.58 Y163.833 E981.8983
G1 X166.253 Y164.454 E981.92269
G1 X166.082 Y165.144 E981.9474
G1 X166.081 Y165.846 E981.9718
G1 X166.157 Y166.157 E981.98293
G1 X154.929 Y154.929 E982.53483
G1 X154.93 Y157.365 E982.61949
G1 X175.07 Y137.225 E983.60945
G1 X175.07 Y133.592 E983.73572
G1 X170.909 Y129.43 E983.94027
G1 X170.421 Y129.43 E983.95723
G1 X154.93 Y144.922 E984.71869
G1 X154.929 Y142.486 E984.80336
G1 X175.07 Y162.627 E985.79337
G1 X175.07 Y166.261 E985.91967
G1 X166.761 Y174.57 E986.32809
G1 X166.274 Y174.57 E986.34502
G1 X162.182 Y170.478 E986.54615
G1 X162.605 Y169.865 E986.57204
G1 X162.856 Y169.203 E986.59665
G1 X162.941 Y168.502 E986.62119
G1 X162.857 Y167.8 E986.64576
G1 X162.606 Y167.137 E986.6704
G1 X162.258 Y166.629 E986.6918
G1 X175.07 Y153.817 E987.32156
G1 X175.07 Y150.183 E987.44787
G1 X162.256 Y137.369 E988.07772
G1 X162.605 Y136.865 E988.09903
G1 X162.856 Y136.203 E988.12363
G1 X162.941 Y135.502 E988.14818
G1 X162.857 Y134.8 E988.17275
G1 X162.606 Y134.137 E988.19739
G1 X162.205 Y133.554 E988.22198
G1 X161.667 Y133.08 E988.24691
G1 X161.046 Y132.753 E988.2713
G1 X160.356 Y132.582 E988.29601
G1 X159.654 Y132.581 E988.32041
G1 X159.544 Y132.581
G1 F2400 E987.82041
G1 F600 Z1.5
G0 F15000 X134.864 Y134.864 Z1.5
G1 F600 Z1.1
G1 F2400 E988.32041
G1 F15000 X141.57 Y141.57 E988.65003
G1 X141.689 Y141.571 E988.65417
G1 X153.83 Y129.43 E989.25094
G1 X154.318 Y129.43 E989.2679
G1 X158.137 Y133.249 E989.45562
G1 X158.331 Y133.079 E989.46459
G1 X158.638 Y132.918 E989.47663
G1 X162.125 Y129.43 E989.64806
G1 X162.613 Y129.43 E989.66502
G1 X167.956 Y134.773 E989.92765
G1 X167.637 Y134.894 E989.9395
G1 X167.054 Y135.295 E989.9641
G1 X166.58 Y135.833 E989.98902
G1 X166.253 Y136.454 E990.01341
G1 X166.102 Y137.066 E990.03532
G1 X158.465 Y129.43 E990.41068
G1 X157.978 Y129.43 E990.42761
G1 X145.837 Y141.571 E991.02438
G1 X145.718 Y141.571 E991.02852
G1 X133.578 Y129.43 E991.62527
G1 X133.09 Y129.43 E991.64223
G1 X128.93 Y133.591 E991.84673
G1 X128.93 Y137.225 E991.97304
G1 X133.274 Y141.57 E992.18659
G1 X133.394 Y141.571 E992.19076
G1 X145.534 Y129.43 E992.78751
G1 X146.022 Y129.43 E992.80447
G1 X175.07 Y158.479 E994.23231
G1 X175.07 Y162.113 E994.35861
G1 X171.942 Y165.241 E994.51237
G1 X171.752 Y164.458 E994.54037
G1 X171.418 Y163.83 E994.56509
G1 X170.953 Y163.301 E994.58957
G1 X170.365 Y162.895 E994.61441
G1 X170.201 Y162.833 E994.6205
G1 X175.07 Y157.965 E994.85981
G1 X175.07 Y154.331 E994.98611
G1 X158.997 Y138.258 E995.77616
G1 X158.952 Y138.246 E995.77778
G1 X158.331 Y137.92 E995.80216
G1 X158.04 Y137.663 E995.81565
G1 X154.132 Y141.571 E996.00774
G1 X154.014 Y141.571 E996.01184
G1 X141.874 Y129.43 E996.60859
G1 X141.386 Y129.43 E996.62555
G1 X134.89 Y135.926 E996.94485
G1 X134.941 Y135.502 E996.9597
G1 X134.857 Y134.8 E996.98427
G1 X134.606 Y134.137 E997.00891
G1 X134.205 Y133.554 E997.03351
G1 X133.625 Y133.043 E997.06037
G1 X137.238 Y129.43 E997.23796
G1 X137.726 Y129.43 E997.25493
G1 X149.866 Y141.571 E997.85167
G1 X149.984 Y141.571 E997.85578
G1 X157.382 Y134.174 E998.21939
G1 X157.145 Y134.798 E998.24259
G1 X157.059 Y135.497 E998.26707
G1 X157.143 Y136.2 E998.29168
G1 X157.268 Y136.528 E998.30388
G1 X150.17 Y129.43 E998.65277
G1 X149.682 Y129.43 E998.66973
G1 X137.541 Y141.571 E999.2665
G1 X137.422 Y141.57 E999.27064
G1 X133.735 Y137.883 E999.45187
G1 X133.042 Y138.252 E999.47916
G1 X132.412 Y138.404 E999.50168
G1 X129.246 Y141.571 E999.65733
G1 X129.126 Y141.57 E999.6615
G1 X128.93 Y141.373 E999.67116
G1 X128.93 Y137.739 E999.79746
G1 X129.561 Y137.107 E999.8285
G1 X129.395 Y136.865 E999.8387
G1 X129.143 Y136.2 E999.86342
G1 X129.059 Y135.497 E999.88803
G1 X129.145 Y134.798 E999.91251
G1 X129.398 Y134.132 E999.93727
G1 X129.637 Y133.785 E999.95191
G1 X128.93 Y133.077 E999.98669
G1 X128.93 Y129.43 E1000.11345
G1 X129.43 Y129.43 E1000.13083
G1 X132.656 Y132.656 E1000.2894
G1 X132.356 Y132.582 E1000.30013
G1 X131.654 Y132.581 E1000.32453
G1 X131.544 Y132.581
G1 F2400 E999.82453
G1 F600 Z1.5
G0 F15000 X131.654 Y165.581 Z1.5
G1 F600 Z1.1
G1 F2400 E1000.32453
G1 F15000 X132.356 Y165.582 E1000.34893
G1 X133.046 Y165.753 E1000.37364
G1 X133.735 Y166.116 E1000.40071
G1 X137.423 Y162.429 E1000.58196
G1 X137.542 Y162.429 E1000.5861
G1 X149.682 Y174.57 E1001.18285
G1 X150.169 Y174.57 E1001.19977
G1 X157.269 Y167.47 E1001.54877
G1 X157.145 Y167.798 E1001.56095
G1 X157.059 Y168.497 E1001.58543
G1 X157.143 Y169.2 E1001.61004
G1 X157.379 Y169.822 E1001.63316
G1 X149.987 Y162.43 E1001.9965
G1 X149.866 Y162.429 E1002.00071
G1 X137.725 Y174.57 E1002.59748
G1 X137.239 Y174.57 E1002.61438
G1 X133.616 Y170.947 E1002.79246
G1 X133.042 Y171.252 E1002.81505
G1 X132.653 Y171.346 E1002.82896
G1 X129.43 Y174.57 E1002.98741
G1 X128.93 Y174.57 E1003.00479
G1 X128.93 Y170.921 E1003.13161
G1 X129.635 Y170.216 E1003.16627
G1 X129.395 Y169.865 E1003.18105
G1 X129.143 Y169.2 E1003.20576
G1 X129.059 Y168.497 E1003.23037
G1 X129.145 Y167.798 E1003.25485
G1 X129.398 Y167.132 E1003.27961
G1 X129.562 Y166.893 E1003.28969
G1 X128.93 Y166.261 E1003.32075
G1 X128.93 Y162.625 E1003.44713
G1 X129.127 Y162.429 E1003.45679
G1 X129.246 Y162.429 E1003.46092
G1 X132.412 Y165.595 E1003.61654
G1 X132.489 Y165.672
G1 F2400 E1003.11654
G1 F600 Z1.5
G0 F15000 X132.941 Y170.98 Z1.5
;TYPE:SKIN
G1 F600 Z1.1
G1 F2400 E1003.61654
G1 F9000 X133.501 Y170.682 E1003.63859
G1 X133.981 Y170.256 E1003.6609
G1 X134.343 Y169.732 E1003.68303
G1 X134.572 Y169.134 E1003.70529
G1 X134.65 Y168.499 E1003.72753
G1 X134.576 Y167.865 E1003.74971
G1 X134.347 Y167.264 E1003.77206
G1 X133.99 Y166.748 E1003.79387
G1 X133.498 Y166.315 E1003.81665
G1 X132.945 Y166.024 E1003.83837
G1 X132.316 Y165.868 E1003.8609
G1 X131.69 Y165.865 E1003.88265
G1 X131.055 Y166.02 E1003.90537
G1 X130.494 Y166.315 E1003.9274
G1 X130.015 Y166.739 E1003.94964
G1 X129.657 Y167.26 E1003.97161
G1 X129.424 Y167.866 E1003.99417
G1 X129.346 Y168.497 E1004.01627
G1 X129.424 Y169.13 E1004.03844
G1 X129.653 Y169.733 E1004.06086
G1 X130.01 Y170.253 E1004.08278
G1 X130.494 Y170.681 E1004.10524
G1 X131.051 Y170.972 E1004.12708
G1 X131.684 Y171.132 E1004.14977
G1 X132.313 Y171.132 E1004.17164
G1 X132.941 Y170.98 E1004.19409
G1 F2400 E1003.69409
G1 F600 Z1.5
G0 F15000 X129.945 Y169.769 Z1.5
G1 F600 Z1.1
G1 F2400 E1004.19409
G1 F9000 X130.733 Y170.557 E1004.23283
G1 X130.81 Y170.634
G1 F2400 E1003.73283
G1 F600 Z1.5
G0 F15000 X131.709 Y170.911 Z1.5
G1 F600 Z1.1
G1 F2400 E1004.23283
G1 F9000 X129.606 Y168.808 E1004.3362
G0 F15000 X129.606 Y168.185
G1 F9000 X132.323 Y170.903 E1004.46977
G0 F15000 X132.824 Y170.781
G1 F9000 X129.728 Y167.685 E1004.62195
G0 F15000 X129.924 Y167.259
G1 F9000 X133.237 Y170.573 E1004.78482
G0 F15000 X133.593 Y170.306
G1 F9000 X130.178 Y166.891 E1004.95268
G0 F15000 X130.506 Y166.597
G1 F9000 X133.898 Y169.989 E1005.11941
G0 F15000 X134.15 Y169.619
G1 F9000 X130.888 Y166.356 E1005.27977
G0 F15000 X131.332 Y166.179
G1 F9000 X134.323 Y169.17 E1005.42679
G0 F15000 X134.413 Y168.636
G1 F9000 X131.863 Y166.087 E1005.55211
G0 F15000 X132.552 Y166.154
G1 F9000 X134.368 Y167.97 E1005.64137
G1 X134.445 Y168.047
G1 F2400 E1005.14137
G1 F600 Z1.5
G0 F15000 X154.64 Y162.143 Z1.5
G1 F600 Z1.1
G1 F2400 E1005.64137
G1 F9000 X154.643 Y141.857 E1006.34645
G1 X128.997 Y141.857 E1007.23782
G1 X128.997 Y162.14 E1007.9428
G1 X154.64 Y162.143 E1008.83407
G1 F2400 E1008.33407
G1 F600 Z1.5
G0 F15000 X154.423 Y142.6 Z1.5
G1 F600 Z1.1
G1 F2400 E1008.83407
G1 F9000 X153.9 Y142.077 E1008.85977
G0 F15000 X153.277 Y142.077
G1 F9000 X154.423 Y143.222 E1008.91608
G0 F15000 X154.423 Y143.845
G1 F9000 X152.655 Y142.077 E1009.00298
G0 F15000 X152.033 Y142.077
G1 F9000 X154.423 Y144.467 E1009.12046
G0 F15000 X154.423 Y145.089
G1 F9000 X151.411 Y142.077 E1009.26851
G0 F15000 X150.788 Y142.077
G1 F9000 X154.423 Y145.711 E1009.44716
G0 F15000 X154.423 Y146.334
G1 F9000 X150.166 Y142.077 E1009.65641
G0 F15000 X149.544 Y142.077
G1 F9000 X154.423 Y146.956 E1009.89623
G0 F15000 X154.422 Y147.577
G1 F9000 X148.922 Y142.077 E1010.16657
G0 F15000 X148.299 Y142.077
G1 F9000 X154.422 Y148.2 E1010.46754
G0 F15000 X154.422 Y148.822
G1 F9000 X147.677 Y142.077 E1010.79908
G0 F15000 X147.055 Y142.077
G1 F9000 X154.422 Y149.444 E1011.16119
G0 F15000 X154.422 Y150.066
G1 F9000 X146.433 Y142.077 E1011.55388
G0 F15000 X145.81 Y142.077
G1 F9000 X154.422 Y150.689 E1011.97719
G0 F15000 X154.422 Y151.311
G1 F9000 X145.188 Y142.077 E1012.43108
G0 F15000 X144.566 Y142.077
G1 F9000 X154.422 Y151.933 E1012.91553
G0 F15000 X154.422 Y152.555
G1 F9000 X143.944 Y142.077 E1013.43057
G0 F15000 X143.321 Y142.077
G1 F9000 X154.422 Y153.177 E1013.9762
G0 F15000 X154.422 Y153.799
G1 F9000 X142.699 Y142.077 E1014.5524
G0 F15000 X142.077 Y142.077
G1 F9000 X154.422 Y154.422 E1015.1592
G0 F15000 X154.422 Y155.044
G1 F9000 X141.455 Y142.077 E1015.79657
G0 F15000 X140.832 Y142.077
G1 F9000 X154.422 Y155.666 E1016.46455
G0 F15000 X154.422 Y156.288
G1 F9000 X140.21 Y142.077 E1017.16309
G0 F15000 X139.588 Y142.077
G1 F9000 X154.422 Y156.911 E1017.89224
G0 F15000 X154.421 Y157.532
G1 F9000 X138.966 Y142.077 E1018.65191
G0 F15000 X138.343 Y142.077
G1 F9000 X154.421 Y158.154 E1019.44217
G0 F15000 X154.421 Y158.777
G1 F9000 X137.721 Y142.077 E1020.26304
G0 F15000 X137.099 Y142.077
G1 F9000 X154.421 Y159.399 E1021.11448
G0 F15000 X154.421 Y160.021
G1 F9000 X136.477 Y142.077 E1021.99649
G0 F15000 X135.854 Y142.077
G1 F9000 X154.421 Y160.643 E1022.9091
G0 F15000 X154.421 Y161.266
G1 F9000 X135.232 Y142.077 E1023.85231
G0 F15000 X134.61 Y142.077
G1 F9000 X154.421 Y161.888 E1024.82609
G0 F15000 X153.832 Y161.922
G1 F9000 X133.988 Y142.077 E1025.80152
G0 F15000 X133.365 Y142.077
G1 F9000 X153.21 Y161.922 E1026.77697
G0 F15000 X152.588 Y161.922
G1 F9000 X132.743 Y142.077 E1027.75242
G0 F15000 X132.121 Y142.077
G1 F9000 X151.966 Y161.922 E1028.72788
G0 F15000 X151.343 Y161.922
G1 F9000 X131.499 Y142.077 E1029.70331
G0 F15000 X130.876 Y142.077
G1 F9000 X150.721 Y161.922 E1030.67876
G0 F15000 X150.099 Y161.922
G1 F9000 X130.254 Y142.077 E1031.65421
G0 F15000 X129.632 Y142.077
G1 F9000 X149.477 Y161.922 E1032.62967
G0 F15000 X148.854 Y161.922
G1 F9000 X129.217 Y142.284 E1033.59492
G0 F15000 X129.217 Y142.906
G1 F9000 X148.232 Y161.922 E1034.5296
G0 F15000 X147.61 Y161.922
G1 F9000 X129.217 Y143.529 E1035.43368
G0 F15000 X129.217 Y144.151
G1 F9000 X146.988 Y161.922 E1036.30719
G0 F15000 X146.365 Y161.922
G1 F9000 X129.217 Y144.773 E1037.1501
G0 F15000 X129.217 Y145.395
G1 F9000 X145.742 Y161.921 E1037.96239
G0 F15000 X145.12 Y161.921
G1 F9000 X129.217 Y146.018 E1038.74408
G0 F15000 X129.217 Y146.64
G1 F9000 X144.498 Y161.921 E1039.49519
G0 F15000 X143.876 Y161.921
G1 F9000 X129.217 Y147.262 E1040.21574
G0 F15000 X129.217 Y147.884
G1 F9000 X143.253 Y161.921 E1040.90568
G0 F15000 X142.631 Y161.921
G1 F9000 X129.217 Y148.507 E1041.56503
G0 F15000 X129.217 Y149.129
G1 F9000 X142.009 Y161.921 E1042.1938
G0 F15000 X141.387 Y161.921
G1 F9000 X129.217 Y149.751 E1042.792
G0 F15000 X129.217 Y150.373
G1 F9000 X140.764 Y161.921 E1043.3596
G0 F15000 X140.142 Y161.921
G1 F9000 X129.217 Y150.996 E1043.8966
G0 F15000 X129.217 Y151.618
G1 F9000 X139.52 Y161.921 E1044.40303
G0 F15000 X138.898 Y161.921
G1 F9000 X129.217 Y152.24 E1044.87889
G0 F15000 X129.217 Y152.862
G1 F9000 X138.275 Y161.921 E1045.32415
G0 F15000 X137.653 Y161.921
G1 F9000 X129.217 Y153.485 E1045.73881
G0 F15000 X129.217 Y154.107
G1 F9000 X137.03 Y161.92 E1046.12284
G0 F15000 X136.408 Y161.92
G1 F9000 X129.217 Y154.729 E1046.47631
G0 F15000 X129.217 Y155.351
G1 F9000 X135.786 Y161.92 E1046.7992
G0 F15000 X135.163 Y161.92
G1 F9000 X129.217 Y155.974 E1047.09146
G0 F15000 X129.217 Y156.596
G1 F9000 X134.541 Y161.92 E1047.35316
G0 F15000 X133.919 Y161.92
G1 F9000 X129.217 Y157.218 E1047.58428
G0 F15000 X129.217 Y157.84
G1 F9000 X133.297 Y161.92 E1047.78483
G0 F15000 X132.674 Y161.92
G1 F9000 X129.217 Y158.463 E1047.95475
G0 F15000 X129.217 Y159.085
G1 F9000 X132.052 Y161.92 E1048.0941
G0 F15000 X131.43 Y161.92
G1 F9000 X129.217 Y159.707 E1048.20288
G0 F15000 X129.217 Y160.329
G1 F9000 X130.808 Y161.92 E1048.28108
G0 F15000 X130.185 Y161.92
G1 F9000 X129.217 Y160.952 E1048.32866
G0 F15000 X129.217 Y161.574
G1 F9000 X129.563 Y161.92 E1048.34567
G1 F2400 E1047.84567
G1 F600 Z1.5
G0 F15000 X132.941 Y137.98 Z1.5
G1 F600 Z1.1
G1 F2400 E1048.34567
G1 F9000 X133.501 Y137.682 E1048.36772
G1 X133.981 Y137.256 E1048.39002
G1 X134.343 Y136.732 E1048.41216
G1 X134.572 Y136.134 E1048.43441
G1 X134.65 Y135.499 E1048.45665
G1 X134.576 Y134.865 E1048.47884
G1 X134.347 Y134.264 E1048.50119
G1 X133.99 Y133.748 E1048.523
G1 X133.498 Y133.315 E1048.54578
G1 X132.945 Y133.024 E1048.5675
G1 X132.316 Y132.868 E1048.59002
G1 X131.69 Y132.865 E1048.61178
G1 X131.055 Y133.02 E1048.6345
G1 X130.494 Y133.315 E1048.65653
G1 X130.015 Y133.739 E1048.67876
G1 X129.657 Y134.26 E1048.70073
G1 X129.424 Y134.866 E1048.7233
G1 X129.346 Y135.497 E1048.7454
G1 X129.424 Y136.13 E1048.76757
G1 X129.653 Y136.733 E1048.78998
G1 X130.01 Y137.253 E1048.81191
G1 X130.494 Y137.681 E1048.83436
G1 X131.051 Y137.972 E1048.85621
G1 X131.684 Y138.132 E1048.8789
G1 X132.313 Y138.132 E1048.90076
G1 X132.941 Y137.98 E1048.92322
G1 F2400 E1048.42322
G1 F600 Z1.5
G0 F15000 X129.989 Y136.834 Z1.5
G1 F600 Z1.1
G1 F2400 E1048.92322
G1 F9000 X130.688 Y137.533 E1048.95758
G1 X130.765 Y137.61
G1 F2400 E1048.45758
G1 F600 Z1.5
G0 F15000 X131.682 Y137.904 Z1.5
G1 F600 Z1.1
G1 F2400 E1048.95758
G1 F9000 X129.609 Y135.832 E1049.05945
G0 F15000 X129.603 Y135.204
G1 F9000 X132.307 Y137.907 E1049.19233
G0 F15000 X132.808 Y137.786
G1 F9000 X129.722 Y134.7 E1049.34402
G0 F15000 X129.915 Y134.271
G1 F9000 X133.225 Y137.58 E1049.5067
G0 F15000 X133.582 Y137.316
G1 F9000 X130.169 Y133.903 E1049.67446
G0 F15000 X130.497 Y133.608
G1 F9000 X133.89 Y137.001 E1049.84124
G0 F15000 X134.144 Y136.633
G1 F9000 X130.875 Y133.364 E1050.00192
G0 F15000 X131.316 Y133.183
G1 F9000 X134.318 Y136.185 E1050.14948
G0 F15000 X134.41 Y135.654
G1 F9000 X131.841 Y133.086 E1050.27573
G0 F15000 X132.525 Y133.147
G1 F9000 X134.37 Y134.992 E1050.36642
G1 X134.447 Y135.069
G1 F2400 E1049.86642
G1 F600 Z1.5
G0 F15000 X160.941 Y137.98 Z1.5
G1 F600 Z1.1
G1 F2400 E1050.36642
G1 F9000 X161.501 Y137.682 E1050.38847
G1 X161.981 Y137.256 E1050.41077
G1 X162.343 Y136.732 E1050.43291
G1 X162.572 Y136.134 E1050.45516
G1 X162.65 Y135.499 E1050.4774
G1 X162.576 Y134.865 E1050.49959
G1 X162.347 Y134.264 E1050.52194
G1 X161.99 Y133.748 E1050.54375
G1 X161.498 Y133.315 E1050.56653
G1 X160.945 Y133.024 E1050.58825
G1 X160.316 Y132.868 E1050.61077
G1 X159.69 Y132.865 E1050.63253
G1 X159.055 Y133.02 E1050.65525
G1 X158.494 Y133.315 E1050.67728
G1 X158.015 Y133.739 E1050.69951
G1 X157.657 Y134.26 E1050.72148
G1 X157.424 Y134.866 E1050.74405
G1 X157.346 Y135.497 E1050.76615
G1 X157.424 Y136.13 E1050.78832
G1 X157.653 Y136.733 E1050.81073
G1 X158.01 Y137.253 E1050.83266
G1 X158.494 Y137.681 E1050.85511
G1 X159.051 Y137.972 E1050.87696
G1 X159.684 Y138.132 E1050.89965
G1 X160.313 Y138.132 E1050.92151
G1 X160.941 Y137.98 E1050.94397
G1 F2400 E1050.44397
G1 F600 Z1.5
G0 F15000 X157.986 Y136.829 Z1.5
G1 F600 Z1.1
G1 F2400 E1050.94397
G1 F9000 X158.692 Y137.535 E1050.97867
G1 X158.769 Y137.612
G1 F2400 E1050.47867
G1 F600 Z1.5
G0 F15000 X159.684 Y137.905 Z1.5
G1 F600 Z1.1
G1 F2400 E1050.97867
G1 F9000 X157.609 Y135.83 E1051.08067
G0 F15000 X157.603 Y135.202
G1 F9000 X160.308 Y137.907 E1051.21363
G0 F15000 X160.809 Y137.785
G1 F9000 X157.723 Y134.7 E1051.36529
G0 F15000 X157.916 Y134.27
G1 F9000 X161.225 Y137.58 E1051.52796
G0 F15000 X161.583 Y137.315
G1 F9000 X158.17 Y133.902 E1051.69572
G0 F15000 X158.497 Y133.607
G1 F9000 X161.891 Y137.001 E1051.86255
G0 F15000 X162.145 Y136.632
G1 F9000 X158.876 Y133.363 E1052.02323
G0 F15000 X159.318 Y133.183
G1 F9000 X162.318 Y136.184 E1052.17072
G0 F15000 X162.41 Y135.653
G1 F9000 X159.843 Y133.086 E1052.2969
G0 F15000 X160.526 Y133.147
G1 F9000 X162.369 Y134.99 E1052.38749
G1 X162.446 Y135.067
G1 F2400 E1051.88749
G1 F600 Z1.5
G0 F15000 X169.63 Y140.076 Z1.5
G1 F600 Z1.1
G1 F2400 E1052.38749
G1 F9000 X170.232 Y139.844 E1052.40991
G1 X170.752 Y139.485 E1052.43187
G1 X171.181 Y139.002 E1052.45433
G1 X171.472 Y138.445 E1052.47617
G1 X171.632 Y137.812 E1052.49886
G1 X171.632 Y137.183 E1052.52072
G1 X171.48 Y136.555 E1052.54318
G1 X171.182 Y135.995 E1052.56523
G1 X170.756 Y135.515 E1052.58754
G1 X170.232 Y135.153 E1052.60967
G1 X169.634 Y134.924 E1052.63193
G1 X169 Y134.846 E1052.65413
G1 X168.366 Y134.924 E1052.67633
G1 X167.763 Y135.153 E1052.69875
G1 X167.248 Y135.506 E1052.72045
G1 X166.815 Y135.998 E1052.74323
G1 X166.524 Y136.551 E1052.76495
G1 X166.368 Y137.184 E1052.78761
G1 X166.365 Y137.806 E1052.80923
G1 X166.52 Y138.445 E1052.83208
G1 X166.815 Y139.001 E1052.85396
G1 X167.24 Y139.482 E1052.87627
G1 X167.76 Y139.843 E1052.89827
G1 X168.365 Y140.072 E1052.92075
G1 X168.997 Y140.15 E1052.94289
G1 X169.63 Y140.076 E1052.96504
G1 F2400 E1052.46504
G1 F600 Z1.5
G0 F15000 X168.489 Y139.865 Z1.5
G1 F600 Z1.1
G1 F2400 E1052.96504
G1 F9000 X166.642 Y138.019 E1053.0558
G0 F15000 X166.587 Y137.341
G1 F9000 X169.155 Y139.91 E1053.18205
G0 F15000 X169.687 Y139.818
G1 F9000 X166.685 Y136.817 E1053.32959
G0 F15000 X166.865 Y136.375
G1 F9000 X170.134 Y139.644 E1053.49027
G0 F15000 X170.502 Y139.389
G1 F9000 X167.109 Y135.996 E1053.65705
G0 F15000 X167.403 Y135.668
G1 F9000 X170.816 Y139.082 E1053.82483
G0 F15000 X171.079 Y138.722
G1 F9000 X167.772 Y135.414 E1053.98741
G0 F15000 X168.202 Y135.222
G1 F9000 X171.282 Y138.302 E1054.1388
G0 F15000 X171.407 Y137.805
G1 F9000 X168.706 Y135.104 E1054.27157
G0 F15000 X169.333 Y135.109
G1 F9000 X171.405 Y137.181 E1054.37341
G1 X171.482 Y137.258
G1 F2400 E1053.87341
G1 F600 Z1.5
G0 F15000 X171.037 Y136.191 Z1.5
G1 F600 Z1.1
G1 F2400 E1054.37341
G1 F9000 X170.344 Y135.498 E1054.40748
G1 X170.267 Y135.421
G1 F2400 E1053.90748
G1 F600 Z1.5
G0 F15000 X169.63 Y168.076 Z1.5
G1 F600 Z1.1
G1 F2400 E1054.40748
G1 F9000 X170.232 Y167.844 E1054.4299
G1 X170.753 Y167.486 E1054.45187
G1 X171.181 Y167.002 E1054.47433
G1 X171.472 Y166.445 E1054.49617
G1 X171.632 Y165.812 E1054.51886
G1 X171.632 Y165.183 E1054.54072
G1 X171.48 Y164.555 E1054.56318
G1 X171.182 Y163.995 E1054.58523
G1 X170.756 Y163.515 E1054.60754
G1 X170.232 Y163.153 E1054.62967
G1 X169.634 Y162.924 E1054.65193
G1 X169 Y162.846 E1054.67413
G1 X168.366 Y162.924 E1054.69633
G1 X167.763 Y163.153 E1054.71875
G1 X167.248 Y163.506 E1054.74045
G1 X166.815 Y163.998 E1054.76323
G1 X166.524 Y164.551 E1054.78495
G1 X166.368 Y165.184 E1054.80761
G1 X166.365 Y165.806 E1054.82923
G1 X166.52 Y166.445 E1054.85208
G1 X166.815 Y167.001 E1054.87396
G1 X167.239 Y167.481 E1054.89622
G1 X167.76 Y167.839 E1054.91819
G1 X168.366 Y168.072 E1054.94076
G1 X168.997 Y168.15 E1054.96286
G1 X169.63 Y168.076 E1054.98501
G1 F2400 E1054.48501
G1 F600 Z1.5
G0 F15000 X168.487 Y167.865 Z1.5
G1 F600 Z1.1
G1 F2400 E1054.98501
G1 F9000 X166.643 Y166.021 E1055.07565
G0 F15000 X166.587 Y165.343
G1 F9000 X169.154 Y167.91 E1055.20182
G0 F15000 X169.686 Y167.819
G1 F9000 X166.685 Y164.818 E1055.34933
G0 F15000 X166.864 Y164.375
G1 F9000 X170.133 Y167.644 E1055.51002
G0 F15000 X170.502 Y167.391
G1 F9000 X167.108 Y163.997 E1055.67684
G0 F15000 X167.402 Y163.668
G1 F9000 X170.816 Y167.083 E1055.84468
G0 F15000 X171.079 Y166.723
G1 F9000 X167.77 Y163.414 E1056.00733
G0 F15000 X168.2 Y163.222
G1 F9000 X171.281 Y166.303 E1056.15877
G0 F15000 X171.407 Y165.807
G1 F9000 X168.704 Y163.104 E1056.29163
G0 F15000 X169.332 Y163.109
G1 F9000 X171.406 Y165.183 E1056.39358
G1 X171.483 Y165.26
G1 F2400 E1055.89358
G1 F600 Z1.5
G0 F15000 X171.039 Y164.194 Z1.5
G1 F600 Z1.1
G1 F2400 E1056.39358
G1 F9000 X170.34 Y163.495 E1056.42793
G1 X170.263 Y163.418
G1 F2400 E1055.92793
G1 F600 Z1.5
G0 F15000 X160.941 Y170.98 Z1.5
G1 F600 Z1.1
G1 F2400 E1056.42793
G1 F9000 X161.501 Y170.682 E1056.44998
G1 X161.981 Y170.256 E1056.47229
G1 X162.343 Y169.732 E1056.49442
G1 X162.572 Y169.134 E1056.51668
G1 X162.65 Y168.499 E1056.53892
G1 X162.576 Y167.865 E1056.5611
G1 X162.347 Y167.264 E1056.58346
G1 X161.99 Y166.748 E1056.60527
G1 X161.498 Y166.315 E1056.62805
G1 X160.945 Y166.024 E1056.64976
G1 X160.316 Y165.868 E1056.67229
G1 X159.69 Y165.865 E1056.69405
G1 X159.055 Y166.02 E1056.71677
G1 X158.494 Y166.315 E1056.7388
G1 X158.015 Y166.739 E1056.76103
G1 X157.657 Y167.26 E1056.783
G1 X157.424 Y167.866 E1056.80557
G1 X157.346 Y168.497 E1056.82767
G1 X157.424 Y169.13 E1056.84983
G1 X157.653 Y169.733 E1056.87225
G1 X158.01 Y170.253 E1056.89417
G1 X158.494 Y170.681 E1056.91663
G1 X159.051 Y170.972 E1056.93847
G1 X159.684 Y171.132 E1056.96117
G1 X160.313 Y171.132 E1056.98303
G1 X160.941 Y170.98 E1057.00549
G1 F2400 E1056.50549
G1 F600 Z1.5
G0 F15000 X157.942 Y169.765 Z1.5
G1 F600 Z1.1
G1 F2400 E1057.00549
G1 F9000 X158.736 Y170.558 E1057.04449
G1 X158.813 Y170.635
G1 F2400 E1056.54449
G1 F600 Z1.5
G0 F15000 X159.711 Y170.912 Z1.5
G1 F600 Z1.1
G1 F2400 E1057.04449
G1 F9000 X157.606 Y168.806 E1057.14798
G0 F15000 X157.606 Y168.185
G1 F9000 X160.324 Y170.903 E1057.28158
G0 F15000 X160.825 Y170.781
G1 F9000 X157.729 Y167.685 E1057.43376
G0 F15000 X157.924 Y167.258
G1 F9000 X161.238 Y170.572 E1057.59666
G0 F15000 X161.594 Y170.305
G1 F9000 X158.178 Y166.889 E1057.76456
G0 F15000 X158.508 Y166.597
G1 F9000 X161.899 Y169.988 E1057.93124
G0 F15000 X162.151 Y169.618
G1 F9000 X158.889 Y166.356 E1058.09158
G0 F15000 X159.334 Y166.179
G1 F9000 X162.323 Y169.168 E1058.2385
G0 F15000 X162.413 Y168.635
G1 F9000 X159.864 Y166.087 E1058.36377
G0 F15000 X160.554 Y166.155
G1 F9000 X162.368 Y167.968 E1058.45291
G1 X162.445 Y168.045
G1 F2400 E1057.95291
G1 F600 Z1.5
;MESH:NONMESH
G0 F15000 X176.28 Y175.78 Z1.5
;TIME_ELAPSED:358.776015
;LAYER:5
;MESH:case_VL53L8+RP2040-down.stl
G0 X176.28 Y175.78 Z1.7
;TYPE:WALL-OUTER
G1 F600 Z1.3
G1 F2400 E1058.45291
G1 F9000 X176.28 Y128.22 E1060.10595
G1 X127.72 Y128.22 E1061.79374
G1 X127.72 Y175.78 E1063.44677
G1 X176.28 Y175.78 E1065.13457
G0 F15000 X175.84 Y175.34
;TYPE:WALL-INNER
G1 F10500 X175.84 Y128.66 E1066.75702
G1 X128.16 Y128.66 E1068.41422
G1 X128.16 Y175.34 E1070.03667
G1 X175.84 Y175.34 E1071.69388
G0 F15000 X175.4 Y174.9
G1 F10500 X175.4 Y129.1 E1073.28574
G1 X128.6 Y129.1 E1074.91236
G1 X128.6 Y174.9 E1076.50422
G1 X175.4 Y174.9 E1078.13084
G1 F2400 E1077.63084
G1 F600 Z1.7
G0 F15000 X171.731 Y136.416 Z1.7
;TYPE:FILL
G1 F600 Z1.3
G1 F2400 E1078.13084
G1 F15000 X175.07 Y133.077 E1078.29497
G1 X175.07 Y129.444 E1078.42124
G1 X175.057 Y129.43 E1078.4219
G1 X174.569 Y129.43 E1078.43887
G1 X169.392 Y134.607 E1078.69333
G1 X169.002 Y134.559 E1078.70699
G1 X169.702 Y134.644 E1078.7315
G1 X170.365 Y134.896 E1078.75615
G1 X170.956 Y135.304 E1078.78111
G1 X171.42 Y135.831 E1078.80552
G1 X171.731 Y136.416 E1078.82854
G1 F2400 E1078.32854
G1 F600 Z1.7
G0 F15000 X160.352 Y165.581 Z1.7
G1 F600 Z1.3
G1 F2400 E1078.82854
G1 F15000 X161.045 Y165.75 E1078.85334
G1 X161.703 Y166.1 E1078.87924
G1 X162.273 Y166.614 E1078.90592
G1 X175.07 Y153.817 E1079.53494
G1 X175.07 Y150.183 E1079.66124
G1 X162.256 Y137.368 E1080.29112
G1 X162.604 Y136.865 E1080.31238
G1 X162.856 Y136.202 E1080.33703
G1 X162.941 Y135.502 E1080.36154
G1 X162.857 Y134.8 E1080.38611
G1 X162.606 Y134.137 E1080.41075
G1 X162.182 Y133.521 E1080.43675
G1 X166.273 Y129.43 E1080.63783
G1 X166.761 Y129.43 E1080.6548
G1 X175.07 Y137.739 E1081.06321
G1 X175.07 Y141.373 E1081.18952
G1 X154.93 Y161.513 E1082.17947
G1 X154.93 Y159.078 E1082.26411
G1 X170.422 Y174.57 E1083.02559
G1 X170.908 Y174.57 E1083.04248
G1 X175.07 Y170.408 E1083.24706
G1 X175.07 Y166.775 E1083.37333
G1 X154.93 Y146.634 E1084.36331
G1 X154.93 Y149.069 E1084.44794
G1 X166.094 Y137.906 E1084.99667
G1 X166.248 Y138.541 E1085.01938
G1 X166.6 Y139.204 E1085.04547
G1 X167.05 Y139.702 E1085.0688
G1 X167.634 Y140.104 E1085.09344
G1 X167.931 Y140.216 E1085.10447
G1 X154.93 Y153.217 E1085.74352
G1 X154.93 Y150.782 E1085.82815
G1 X167.246 Y163.098 E1086.43353
G1 X166.645 Y163.399 E1086.45689
G1 X166.713 Y163.68 E1086.46694
G1 X166.58 Y163.831 E1086.47393
G1 X166.25 Y164.455 E1086.49847
G1 X166.081 Y165.148 E1086.52326
G1 X166.081 Y165.851 E1086.54769
G1 X166.155 Y166.155 E1086.55857
G1 X154.93 Y154.93 E1087.11032
G1 X154.93 Y157.365 E1087.19495
G1 X175.07 Y137.225 E1088.1849
G1 X175.07 Y133.592 E1088.31118
G1 X170.909 Y129.43 E1088.51573
G1 X170.421 Y129.43 E1088.53269
G1 X154.93 Y144.922 E1089.29415
G1 X154.93 Y142.486 E1089.37882
G1 X175.07 Y162.627 E1090.3688
G1 X175.07 Y166.261 E1090.4951
G1 X166.761 Y174.57 E1090.90352
G1 X166.274 Y174.57 E1090.92045
G1 X162.177 Y170.473 E1091.12183
G1 X161.669 Y170.92 E1091.14535
G1 X161.046 Y171.25 E1091.16985
G1 X160.352 Y171.419 E1091.19468
G1 X159.648 Y171.419 E1091.21915
G1 X158.955 Y171.25 E1091.24394
G1 X158.64 Y171.084 E1091.25632
G1 X162.126 Y174.57 E1091.42767
G1 X162.613 Y174.57 E1091.44459
G1 X168.77 Y168.412 E1091.74726
G1 X168.998 Y168.441 E1091.75524
G1 X169.701 Y168.357 E1091.77985
G1 X170.365 Y168.105 E1091.80454
G1 X170.95 Y167.702 E1091.82923
G1 X171.372 Y167.224 E1091.85139
G1 X175.07 Y170.923 E1092.03318
G1 X175.07 Y174.57 E1092.15994
G1 X174.57 Y174.57 E1092.17732
G1 X168.364 Y168.364 E1092.48237
G1 X168.296 Y168.355 E1092.48475
G1 X167.634 Y168.104 E1092.50936
G1 X167.05 Y167.702 E1092.534
G1 X166.6 Y167.204 E1092.55733
G1 X166.333 Y166.702 E1092.57709
G1 X158.465 Y174.57 E1092.96383
G1 X157.978 Y174.57 E1092.98076
G1 X145.839 Y162.43 E1093.57746
G1 X145.718 Y162.429 E1093.58166
G1 X133.577 Y174.57 E1094.17844
G1 X133.091 Y174.57 E1094.19533
G1 X128.93 Y170.409 E1094.39986
G1 X128.93 Y166.773 E1094.52623
G1 X133.274 Y162.429 E1094.73976
G1 X133.395 Y162.43 E1094.74396
G1 X145.535 Y174.57 E1095.34069
G1 X146.021 Y174.57 E1095.35758
G1 X175.07 Y145.521 E1096.78544
G1 X175.07 Y141.887 E1096.91175
G1 X171.744 Y138.561 E1097.07523
G1 X171.696 Y138.761 E1097.08238
G1 X171.566 Y138.892 E1097.0888
G1 X171.422 Y139.167 E1097.09959
G1 X170.95 Y139.702 E1097.12438
G1 X170.365 Y140.105 E1097.14907
G1 X169.701 Y140.357 E1097.17376
G1 X169.426 Y140.39 E1097.18339
G1 X175.07 Y146.035 E1097.46083
G1 X175.07 Y149.669 E1097.58714
G1 X159 Y165.739 E1098.37704
G1 X158.961 Y165.748 E1098.37843
G1 X158.298 Y166.097 E1098.40447
G1 X158.037 Y166.333 E1098.4167
G1 X154.134 Y162.43 E1098.60855
G1 X154.014 Y162.429 E1098.61272
G1 X141.873 Y174.57 E1099.20949
G1 X141.387 Y174.57 E1099.22638
G1 X134.89 Y168.073 E1099.54573
G1 X134.941 Y168.502 E1099.56075
G1 X134.864 Y169.135 E1099.58291
G1 X141.57 Y162.429 E1099.91254
G1 X141.691 Y162.43 E1099.91674
G1 X153.83 Y174.57 E1100.51344
G1 X154.317 Y174.57 E1100.53037
G1 X158.138 Y170.749 E1100.71819
G1 X157.799 Y170.451 E1100.73387
G1 X157.397 Y169.867 E1100.75852
G1 X157.143 Y169.199 E1100.78335
G1 X157.059 Y168.497 E1100.80793
G1 X157.145 Y167.797 E1100.83244
G1 X157.242 Y167.497 E1100.8434
G1 X150.169 Y174.57 E1101.19106
G1 X149.682 Y174.57 E1101.20799
G1 X137.543 Y162.43 E1101.80469
G1 X137.422 Y162.429 E1101.80889
G1 X133.734 Y166.117 E1101.99017
G1 X133.045 Y165.75 E1102.01731
G1 X132.411 Y165.595 E1102.03999
G1 X129.247 Y162.43 E1102.19554
G1 X129.126 Y162.429 E1102.19974
G1 X128.93 Y162.625 E1102.20938
G1 X128.93 Y166.261 E1102.33575
G1 X129.563 Y166.894 E1102.36687
G1 X129.242 Y167.359 E1102.38651
G1 X129.242 Y167.54 E1102.3928
G1 X129.145 Y167.797 E1102.40234
G1 X129.059 Y168.497 E1102.42686
G1 X129.143 Y169.199 E1102.45143
G1 X129.397 Y169.867 E1102.47627
G1 X129.636 Y170.215 E1102.49094
G1 X128.93 Y170.921 E1102.52565
G1 X128.93 Y174.57 E1102.65247
G1 X129.43 Y174.57 E1102.66985
G1 X132.654 Y171.345 E1102.82835
G1 X133.046 Y171.25 E1102.84237
G1 X133.617 Y170.948 E1102.86482
G1 X137.239 Y174.57 E1103.04285
G1 X137.725 Y174.57 E1103.05974
G1 X149.866 Y162.429 E1103.65652
G1 X149.987 Y162.43 E1103.66072
G1 X157.381 Y169.824 E1104.02417
G1 X157.458 Y169.901
G1 F2400 E1103.52417
G1 F600 Z1.7
G0 F15000 X134.864 Y134.864 Z1.7
G1 F600 Z1.3
G1 F2400 E1104.02417
G1 F15000 X141.57 Y141.57 E1104.35379
G1 X141.69 Y141.57 E1104.35796
G1 X153.83 Y129.43 E1104.95468
G1 X154.318 Y129.43 E1104.97165
G1 X158.133 Y133.246 E1105.15919
G1 X158.298 Y133.097 E1105.16692
G1 X158.638 Y132.918 E1105.18027
G1 X162.125 Y129.43 E1105.3517
G1 X162.613 Y129.43 E1105.36866
G1 X167.956 Y134.773 E1105.63129
G1 X167.637 Y134.894 E1105.64314
G1 X167.046 Y135.301 E1105.66809
G1 X166.581 Y135.83 E1105.69257
G1 X166.25 Y136.455 E1105.71715
G1 X166.102 Y137.066 E1105.739
G1 X158.465 Y129.43 E1106.11436
G1 X157.978 Y129.43 E1106.13129
G1 X145.838 Y141.57 E1106.72801
G1 X145.718 Y141.57 E1106.73218
G1 X133.578 Y129.43 E1107.32891
G1 X133.09 Y129.43 E1107.34587
G1 X128.93 Y133.591 E1107.55037
G1 X128.93 Y137.225 E1107.67668
G1 X133.274 Y141.57 E1107.89022
G1 X133.394 Y141.57 E1107.8944
G1 X145.534 Y129.43 E1108.49112
G1 X146.022 Y129.43 E1108.50808
G1 X175.07 Y158.479 E1109.93592
G1 X175.07 Y162.113 E1110.06223
G1 X171.943 Y165.24 E1110.21593
G1 X171.75 Y164.454 E1110.24406
G1 X171.42 Y163.831 E1110.26856
G1 X170.956 Y163.304 E1110.29297
G1 X170.365 Y162.896 E1110.31793
G1 X170.201 Y162.834 E1110.32402
G1 X175.07 Y157.965 E1110.56335
G1 X175.07 Y154.331 E1110.68966
G1 X159.001 Y138.261 E1111.47953
G1 X158.955 Y138.25 E1111.48118
G1 X158.331 Y137.919 E1111.50573
G1 X158.04 Y137.663 E1111.5192
G1 X154.134 Y141.57 E1111.71122
G1 X154.014 Y141.57 E1111.71539
G1 X141.874 Y129.43 E1112.31211
G1 X141.386 Y129.43 E1112.32907
G1 X134.89 Y135.926 E1112.64837
G1 X134.941 Y135.502 E1112.66322
G1 X134.857 Y134.8 E1112.68779
G1 X134.606 Y134.137 E1112.71243
G1 X134.203 Y133.551 E1112.73715
G1 X133.632 Y133.036 E1112.76388
G1 X137.238 Y129.43 E1112.94112
G1 X137.726 Y129.43 E1112.95808
G1 X149.866 Y141.57 E1113.55481
G1 X149.986 Y141.57 E1113.55898
G1 X157.341 Y134.215 E1113.9205
G1 X157.242 Y134.359 E1113.92658
G1 X157.242 Y134.54 E1113.93287
G1 X157.145 Y134.797 E1113.94242
G1 X157.059 Y135.497 E1113.96693
G1 X157.143 Y136.199 E1113.9915
G1 X157.268 Y136.528 E1114.00374
G1 X150.17 Y129.43 E1114.35263
G1 X149.682 Y129.43 E1114.36959
G1 X137.542 Y141.57 E1114.96631
G1 X137.422 Y141.57 E1114.97048
G1 X133.736 Y137.884 E1115.15166
G1 X133.042 Y138.252 E1115.17897
G1 X132.411 Y138.405 E1115.20153
G1 X129.246 Y141.57 E1115.35711
G1 X129.126 Y141.57 E1115.36128
G1 X128.93 Y141.373 E1115.37094
G1 X128.93 Y137.739 E1115.49724
G1 X129.56 Y137.108 E1115.52823
G1 X129.397 Y136.869 E1115.53829
G1 X129.143 Y136.199 E1115.56319
G1 X129.059 Y135.497 E1115.58777
G1 X129.145 Y134.797 E1115.61228
G1 X129.242 Y134.54 E1115.62183
G1 X129.242 Y134.359 E1115.62812
G1 X129.637 Y133.785 E1115.65233
G1 X128.93 Y133.077 E1115.68711
G1 X128.93 Y129.43 E1115.81387
G1 X129.43 Y129.43 E1115.83125
G1 X132.654 Y132.654 E1115.98972
G1 X132.352 Y132.581 E1116.00052
G1 X132.246 Y132.556
G1 F2400 E1115.50052
G1 F600 Z1.7
G0 F15000 X132.945 Y137.98 Z1.7
;TYPE:SKIN
G1 F600 Z1.3
G1 F2400 E1116.00052
G1 F9000 X133.501 Y137.682 E1116.02244
G1 X133.978 Y137.264 E1116.04449
G1 X134.343 Y136.732 E1116.06691
G1 X134.572 Y136.135 E1116.08914
G1 X134.65 Y135.499 E1116.11141
G1 X134.576 Y134.865 E1116.13359
G1 X134.348 Y134.264 E1116.15593
G1 X133.981 Y133.739 E1116.1782
G1 X133.536 Y133.334 E1116.19911
G1 X132.944 Y133.02 E1116.2224
G1 X132.313 Y132.865 E1116.24498
G1 X131.683 Y132.865 E1116.26688
G1 X131.059 Y133.02 E1116.28923
G1 X130.464 Y133.332 E1116.31258
G1 X130.014 Y133.736 E1116.3336
G1 X129.528 Y134.445 E1116.36348
G1 X129.516 Y134.626 E1116.36978
G1 X129.424 Y134.863 E1116.37862
G1 X129.346 Y135.496 E1116.40078
G1 X129.424 Y136.13 E1116.42299
G1 X129.653 Y136.737 E1116.44553
G1 X130.01 Y137.256 E1116.46743
G1 X130.494 Y137.681 E1116.48982
G1 X131.051 Y137.976 E1116.51172
G1 X131.683 Y138.131 E1116.53434
G1 X132.314 Y138.132 E1116.55627
G1 X132.945 Y137.98 E1116.57883
G1 F2400 E1116.07883
G1 F600 Z1.7
G0 F15000 X134.205 Y136.476 Z1.7
G1 F600 Z1.3
G1 F2400 E1116.57883
G1 F9000 X132.954 Y137.726 E1116.6403
G0 F15000 X132.146 Y137.912
G1 F9000 X134.41 Y135.649 E1116.75156
G0 F15000 X134.377 Y135.059
G1 F9000 X131.561 Y137.875 E1116.88997
G0 F15000 X131.074 Y137.739
G1 F9000 X134.232 Y134.582 E1117.04518
G0 F15000 X134.017 Y134.175
G1 F9000 X130.667 Y137.524 E1117.20982
G0 F15000 X130.327 Y137.242
G1 F9000 X133.747 Y133.822 E1117.37792
G0 F15000 X133.42 Y133.527
G1 F9000 X130.038 Y136.909 E1117.54416
G0 F15000 X129.806 Y136.519
G1 F9000 X133.017 Y133.307 E1117.70202
G0 F15000 X132.553 Y133.15
G1 F9000 X129.638 Y136.064 E1117.84527
G0 F15000 X129.57 Y135.51
G1 F9000 X131.996 Y133.085 E1117.9645
G0 F15000 X131.262 Y133.196
G1 F9000 X129.676 Y134.782 E1118.04245
G1 X129.599 Y134.859
G1 F2400 E1117.54245
G1 F600 Z1.7
G0 F15000 X154.644 Y162.144 Z1.7
G1 F600 Z1.3
G1 F2400 E1118.04245
G1 F9000 X154.644 Y141.856 E1118.7476
G1 X128.996 Y141.856 E1119.63904
G1 X128.996 Y162.144 E1120.34419
G1 X154.644 Y162.144 E1121.23563
G0 F15000 X154.181 Y161.924
G1 F9000 X154.424 Y161.681 E1121.24758
G0 F15000 X154.424 Y161.059
G1 F9000 X153.559 Y161.924 E1121.2901
G0 F15000 X152.937 Y161.924
G1 F9000 X154.424 Y160.437 E1121.36319
G0 F15000 X154.424 Y159.815
G1 F9000 X152.314 Y161.924 E1121.46688
G0 F15000 X151.692 Y161.924
G1 F9000 X154.424 Y159.192 E1121.60116
G0 F15000 X154.424 Y158.57
G1 F9000 X151.07 Y161.924 E1121.76603
G0 F15000 X150.448 Y161.924
G1 F9000 X154.424 Y157.948 E1121.96146
G0 F15000 X154.424 Y157.326
G1 F9000 X149.825 Y161.924 E1122.18749
G0 F15000 X149.203 Y161.924
G1 F9000 X154.424 Y156.703 E1122.44412
G0 F15000 X154.424 Y156.081
G1 F9000 X148.581 Y161.924 E1122.73133
G0 F15000 X147.959 Y161.924
G1 F9000 X154.424 Y155.459 E1123.04911
G0 F15000 X154.424 Y154.837
G1 F9000 X147.336 Y161.924 E1123.39748
G0 F15000 X146.714 Y161.924
G1 F9000 X154.424 Y154.214 E1123.77646
G0 F15000 X154.424 Y153.592
G1 F9000 X146.092 Y161.924 E1124.186
G0 F15000 X145.47 Y161.924
G1 F9000 X154.424 Y152.97 E1124.62613
G0 F15000 X154.424 Y152.348
G1 F9000 X144.847 Y161.924 E1125.09685
G0 F15000 X144.225 Y161.924
G1 F9000 X154.424 Y151.725 E1125.59816
G0 F15000 X154.424 Y151.103
G1 F9000 X143.603 Y161.924 E1126.13005
G0 F15000 X142.981 Y161.924
G1 F9000 X154.424 Y150.481 E1126.69252
G0 F15000 X154.424 Y149.859
G1 F9000 X142.358 Y161.924 E1127.28558
G0 F15000 X141.736 Y161.924
G1 F9000 X154.424 Y149.236 E1127.90924
G0 F15000 X154.424 Y148.614
G1 F9000 X141.114 Y161.924 E1128.56348
G0 F15000 X140.492 Y161.924
G1 F9000 X154.424 Y147.992 E1129.24828
G0 F15000 X154.424 Y147.37
G1 F9000 X139.869 Y161.924 E1129.96369
G0 F15000 X139.247 Y161.924
G1 F9000 X154.424 Y146.747 E1130.70969
G0 F15000 X154.424 Y146.125
G1 F9000 X138.625 Y161.924 E1131.48627
G0 F15000 X138.002 Y161.924
G1 F9000 X154.424 Y145.503 E1132.29345
G0 F15000 X154.424 Y144.881
G1 F9000 X137.38 Y161.924 E1133.1312
G0 F15000 X136.758 Y161.924
G1 F9000 X154.424 Y144.258 E1133.99954
G0 F15000 X154.424 Y143.636
G1 F9000 X136.136 Y161.924 E1134.89847
G0 F15000 X135.513 Y161.924
G1 F9000 X154.424 Y143.014 E1135.82798
G0 F15000 X154.424 Y142.392
G1 F9000 X134.891 Y161.924 E1136.78808
G0 F15000 X134.269 Y161.924
G1 F9000 X154.117 Y142.075 E1137.7637
G0 F15000 X153.495 Y142.075
G1 F9000 X133.647 Y161.924 E1138.73933
G0 F15000 X133.024 Y161.924
G1 F9000 X152.873 Y142.075 E1139.71498
G0 F15000 X152.251 Y142.075
G1 F9000 X132.402 Y161.924 E1140.69063
G0 F15000 X131.78 Y161.924
G1 F9000 X151.628 Y142.075 E1141.66625
G0 F15000 X151.006 Y142.075
G1 F9000 X131.158 Y161.924 E1142.64188
G0 F15000 X130.535 Y161.924
G1 F9000 X150.384 Y142.075 E1143.61753
G0 F15000 X149.762 Y142.075
G1 F9000 X129.913 Y161.924 E1144.59318
G0 F15000 X129.291 Y161.924
G1 F9000 X149.139 Y142.075 E1145.5688
G0 F15000 X148.517 Y142.075
G1 F9000 X129.216 Y161.377 E1146.51754
G0 F15000 X129.216 Y160.754
G1 F9000 X147.895 Y142.075 E1147.43568
G0 F15000 X147.273 Y142.075
G1 F9000 X129.216 Y160.132 E1148.32325
G0 F15000 X129.216 Y159.51
G1 F9000 X146.65 Y142.075 E1149.18022
G0 F15000 X146.028 Y142.075
G1 F9000 X129.216 Y158.888 E1150.00661
G0 F15000 X129.216 Y158.265
G1 F9000 X145.406 Y142.075 E1150.80241
G0 F15000 X144.784 Y142.075
G1 F9000 X129.216 Y157.643 E1151.56763
G0 F15000 X129.216 Y157.021
G1 F9000 X144.161 Y142.075 E1152.30226
G0 F15000 X143.539 Y142.075
G1 F9000 X129.216 Y156.399 E1153.00631
G0 F15000 X129.216 Y155.776
G1 F9000 X142.917 Y142.075 E1153.67976
G0 F15000 X142.295 Y142.075
G1 F9000 X129.216 Y155.154 E1154.32264
G0 F15000 X129.216 Y154.532
G1 F9000 X141.672 Y142.075 E1154.93492
G0 F15000 X141.05 Y142.075
G1 F9000 X129.216 Y153.91 E1155.51663
G0 F15000 X129.216 Y153.287
G1 F9000 X140.428 Y142.075 E1156.06774
G0 F15000 X139.806 Y142.075
G1 F9000 X129.216 Y152.665 E1156.58828
G0 F15000 X129.216 Y152.043
G1 F9000 X139.183 Y142.075 E1157.07822
G0 F15000 X138.561 Y142.075
G1 F9000 X129.216 Y151.421 E1157.53758
G0 F15000 X129.216 Y150.798
G1 F9000 X137.939 Y142.075 E1157.96635
G0 F15000 X137.317 Y142.075
G1 F9000 X129.216 Y150.176 E1158.36454
G0 F15000 X129.216 Y149.554
G1 F9000 X136.694 Y142.075 E1158.73214
G0 F15000 X136.072 Y142.075
G1 F9000 X129.216 Y148.932 E1159.06916
G0 F15000 X129.216 Y148.309
G1 F9000 X135.45 Y142.075 E1159.37558
G0 F15000 X134.828 Y142.075
G1 F9000 X129.216 Y147.687 E1159.65143
G0 F15000 X129.216 Y147.065
G1 F9000 X134.205 Y142.075 E1159.89668
G0 F15000 X133.583 Y142.075
G1 F9000 X129.216 Y146.443 E1160.11136
G0 F15000 X129.216 Y145.82
G1 F9000 X132.961 Y142.075 E1160.29544
G0 F15000 X132.339 Y142.075
G1 F9000 X129.216 Y145.198 E1160.44895
G0 F15000 X129.216 Y144.576
G1 F9000 X131.716 Y142.075 E1160.57186
G0 F15000 X131.094 Y142.075
G1 F9000 X129.216 Y143.954 E1160.66419
G0 F15000 X129.216 Y143.331
G1 F9000 X130.472 Y142.075 E1160.72593
G0 F15000 X129.85 Y142.075
G1 F9000 X129.216 Y142.709 E1160.75709
G1 X129.139 Y142.786
G1 F2400 E1160.25709
G1 F600 Z1.7
G0 F15000 X132.945 Y170.976 Z1.7
G1 F600 Z1.3
G1 F2400 E1160.75709
G1 F9000 X133.502 Y170.681 E1160.779
G1 X133.978 Y170.264 E1160.80099
G1 X134.343 Y169.732 E1160.82342
G1 X134.572 Y169.135 E1160.84564
G1 X134.65 Y168.499 E1160.86791
G1 X134.576 Y167.865 E1160.8901
G1 X134.348 Y167.264 E1160.91244
G1 X133.981 Y166.739 E1160.9347
G1 X133.536 Y166.334 E1160.95562
G1 X132.944 Y166.02 E1160.97891
G1 X132.313 Y165.865 E1161.00149
G1 X131.683 Y165.865 E1161.02339
G1 X131.059 Y166.02 E1161.04574
G1 X130.464 Y166.332 E1161.06909
G1 X130.014 Y166.736 E1161.09011
G1 X129.528 Y167.445 E1161.11998
G1 X129.516 Y167.626 E1161.12629
G1 X129.424 Y167.863 E1161.13512
G1 X129.346 Y168.496 E1161.15729
G1 X129.424 Y169.13 E1161.17949
G1 X129.653 Y169.736 E1161.20201
G1 X130.014 Y170.257 E1161.22404
G1 X130.491 Y170.681 E1161.24622
G1 X131.051 Y170.976 E1161.26822
G1 X131.683 Y171.132 E1161.29085
G1 X132.313 Y171.132 E1161.31274
G1 X132.945 Y170.976 E1161.33537
G1 F2400 E1160.83537
G1 F600 Z1.7
G0 F15000 X134.217 Y169.443 Z1.7
G1 F600 Z1.3
G1 F2400 E1161.33537
G1 F9000 X132.92 Y170.74 E1161.39912
G0 F15000 X132.126 Y170.912
G1 F9000 X134.413 Y168.624 E1161.51156
G0 F15000 X134.375 Y168.04
G1 F9000 X131.544 Y170.872 E1161.65074
G0 F15000 X131.06 Y170.733
G1 F9000 X134.227 Y167.566 E1161.80641
G0 F15000 X134.008 Y167.163
G1 F9000 X130.653 Y170.518 E1161.97132
G0 F15000 X130.316 Y170.232
G1 F9000 X133.736 Y166.813 E1162.1394
G0 F15000 X133.411 Y166.516
G1 F9000 X130.031 Y169.895 E1162.30551
G0 F15000 X129.8 Y169.504
G1 F9000 X133.004 Y166.3 E1162.463
G0 F15000 X132.536 Y166.146
G1 F9000 X129.635 Y169.047 E1162.6056
G0 F15000 X129.569 Y168.491
G1 F9000 X131.974 Y166.085 E1162.72383
G0 F15000 X131.234 Y166.203
G1 F9000 X129.683 Y167.755 E1162.8001
G1 X129.606 Y167.832
G1 F2400 E1162.3001
G1 F600 Z1.7
G0 F15000 X160.945 Y170.976 Z1.7
G1 F600 Z1.3
G1 F2400 E1162.8001
G1 F9000 X161.502 Y170.681 E1162.822
G1 X161.978 Y170.264 E1162.844
G1 X162.343 Y169.732 E1162.86642
G1 X162.572 Y169.135 E1162.88865
G1 X162.65 Y168.499 E1162.91092
G1 X162.576 Y167.865 E1162.9331
G1 X162.348 Y167.264 E1162.95544
G1 X161.981 Y166.739 E1162.97771
G1 X161.536 Y166.334 E1162.99862
G1 X160.944 Y166.02 E1163.02191
G1 X160.313 Y165.865 E1163.0445
G1 X159.683 Y165.865 E1163.06639
G1 X159.059 Y166.02 E1163.08874
G1 X158.464 Y166.332 E1163.11209
G1 X158.014 Y166.736 E1163.13311
G1 X157.528 Y167.445 E1163.16299
G1 X157.516 Y167.626 E1163.16929
G1 X157.424 Y167.863 E1163.17813
G1 X157.346 Y168.496 E1163.2003
G1 X157.424 Y169.13 E1163.2225
G1 X157.653 Y169.736 E1163.24501
G1 X158.014 Y170.257 E1163.26704
G1 X158.491 Y170.681 E1163.28923
G1 X159.051 Y170.976 E1163.31123
G1 X159.683 Y171.132 E1163.33385
G1 X160.313 Y171.132 E1163.35575
G1 X160.945 Y170.976 E1163.37837
G1 F2400 E1162.87837
G1 F600 Z1.7
G0 F15000 X162.216 Y169.445 Z1.7
G1 F600 Z1.3
G1 F2400 E1163.37837
G1 F9000 X160.923 Y170.739 E1163.44195
G0 F15000 X160.127 Y170.912
G1 F9000 X162.413 Y168.626 E1163.55432
G0 F15000 X162.375 Y168.042
G1 F9000 X159.545 Y170.872 E1163.69342
G0 F15000 X159.062 Y170.733
G1 F9000 X162.227 Y167.567 E1163.84902
G0 F15000 X162.009 Y167.164
G1 F9000 X158.654 Y170.519 E1164.01393
G0 F15000 X158.317 Y170.233
G1 F9000 X161.737 Y166.814 E1164.18201
G0 F15000 X161.411 Y166.517
G1 F9000 X158.032 Y169.896 E1164.3481
G0 F15000 X157.801 Y169.505
G1 F9000 X161.005 Y166.301 E1164.50559
G0 F15000 X160.537 Y166.147
G1 F9000 X157.636 Y169.047 E1164.64816
G0 F15000 X157.569 Y168.492
G1 F9000 X159.976 Y166.085 E1164.76647
G0 F15000 X159.236 Y166.203
G1 F9000 X157.683 Y167.756 E1164.84281
G1 X157.606 Y167.833
G1 F2400 E1164.34281
G1 F600 Z1.7
G0 F15000 X169.63 Y168.076 Z1.7
G1 F600 Z1.3
G1 F2400 E1164.84281
G1 F9000 X170.232 Y167.844 E1164.86523
G1 X170.752 Y167.486 E1164.88717
G1 X171.182 Y166.997 E1164.90981
G1 X171.432 Y166.617 E1164.92562
G1 X171.632 Y165.813 E1164.95441
G1 X171.632 Y165.179 E1164.97645
G1 X171.476 Y164.552 E1164.9989
G1 X171.181 Y163.994 E1165.02084
G1 X170.764 Y163.518 E1165.04284
G1 X170.232 Y163.153 E1165.06526
G1 X169.634 Y162.924 E1165.08752
G1 X169 Y162.846 E1165.10972
G1 X168.366 Y162.924 E1165.13192
G1 X167.841 Y163.122 E1165.15142
G1 X166.975 Y163.552 E1165.18503
G1 X166.998 Y163.644 E1165.18833
G1 X166.962 Y163.827 E1165.19481
G1 X166.814 Y163.992 E1165.20251
G1 X166.52 Y164.551 E1165.22446
G1 X166.364 Y165.183 E1165.24709
G1 X166.364 Y165.813 E1165.26899
G1 X166.52 Y166.441 E1165.29148
G1 X166.834 Y167.036 E1165.31486
G1 X167.238 Y167.481 E1165.33575
G1 X167.764 Y167.843 E1165.35794
G1 X168.362 Y168.072 E1165.3802
G1 X168.997 Y168.15 E1165.40244
G1 X169.63 Y168.076 E1165.42459
G1 F2400 E1164.92459
G1 F600 Z1.7
G0 F15000 X170.474 Y167.41 Z1.7
G1 F600 Z1.3
G1 F2400 E1165.42459
G1 F9000 X170.898 Y166.986 E1165.44543
G1 F2400 E1164.94543
G1 F600 Z1.7
G0 F15000 X171.391 Y165.871 Z1.7
G1 F600 Z1.3
G1 F2400 E1165.44543
G1 F9000 X169.377 Y167.885 E1165.54442
G0 F15000 X168.743 Y167.897
G1 F9000 X171.412 Y165.228 E1165.67562
G0 F15000 X171.292 Y164.725
G1 F9000 X168.231 Y167.787 E1165.8261
G0 F15000 X167.796 Y167.598
G1 F9000 X171.094 Y164.301 E1165.98818
G0 F15000 X170.837 Y163.936
G1 F9000 X167.427 Y167.345 E1166.15577
G0 F15000 X167.124 Y167.026
G1 F9000 X170.527 Y163.623 E1166.32304
G0 F15000 X170.158 Y163.37
G1 F9000 X166.879 Y166.649 E1166.48422
G0 F15000 X166.691 Y166.215
G1 F9000 X169.716 Y163.19 E1166.63291
G0 F15000 X169.192 Y163.091
G1 F9000 X166.584 Y165.7 E1166.76112
G0 F15000 X166.628 Y165.034
G1 F9000 X168.537 Y163.124 E1166.85498
G1 X168.614 Y163.047
G1 F2400 E1166.35498
G1 F600 Z1.7
G0 F15000 X167.504 Y163.535 Z1.7
G1 F600 Z1.3
G1 F2400 E1166.85498
G1 F9000 X167.153 Y163.886 E1166.87223
G1 F2400 E1166.37223
G1 F600 Z1.7
G0 F15000 X169.63 Y140.076 Z1.7
G1 F600 Z1.3
G1 F2400 E1166.87223
G1 F9000 X170.232 Y139.844 E1166.89466
G1 X170.752 Y139.486 E1166.9166
G1 X171.182 Y138.997 E1166.93923
G1 X171.432 Y138.617 E1166.95504
G1 X171.632 Y137.813 E1166.98384
G1 X171.632 Y137.179 E1167.00588
G1 X171.476 Y136.552 E1167.02833
G1 X171.181 Y135.994 E1167.05027
G1 X170.764 Y135.518 E1167.07226
G1 X170.232 Y135.153 E1167.09469
G1 X169.634 Y134.924 E1167.11695
G1 X169 Y134.846 E1167.13915
G1 X168.366 Y134.924 E1167.16135
G1 X167.764 Y135.153 E1167.18374
G1 X167.228 Y135.522 E1167.20635
G1 X166.815 Y135.994 E1167.22815
G1 X166.52 Y136.551 E1167.25006
G1 X166.364 Y137.183 E1167.27268
G1 X166.364 Y137.813 E1167.29458
G1 X166.52 Y138.441 E1167.31707
G1 X166.834 Y139.036 E1167.34046
G1 X167.238 Y139.481 E1167.36135
G1 X167.764 Y139.843 E1167.38354
G1 X168.362 Y140.072 E1167.4058
G1 X168.997 Y140.15 E1167.42803
G1 X169.63 Y140.076 E1167.45018
G1 F2400 E1166.95018
G1 F600 Z1.7
G0 F15000 X170.469 Y139.413 Z1.7
G1 F600 Z1.3
G1 F2400 E1167.45018
G1 F9000 X170.908 Y138.974 E1167.47176
G1 F2400 E1166.97176
G1 F600 Z1.7
G0 F15000 X171.391 Y137.87 Z1.7
G1 F600 Z1.3
G1 F2400 E1167.47176
G1 F9000 X169.375 Y139.885 E1167.57083
G0 F15000 X168.741 Y139.897
G1 F9000 X171.412 Y137.226 E1167.70212
G0 F15000 X171.292 Y136.724
G1 F9000 X168.23 Y139.786 E1167.85263
G0 F15000 X167.796 Y139.598
G1 F9000 X171.094 Y136.3 E1168.01474
G0 F15000 X170.836 Y135.935
G1 F9000 X167.427 Y139.345 E1168.18233
G0 F15000 X167.123 Y139.026
G1 F9000 X170.527 Y135.622 E1168.34964
G0 F15000 X170.157 Y135.369
G1 F9000 X166.879 Y138.648 E1168.51079
G0 F15000 X166.691 Y138.213
G1 F9000 X169.714 Y135.19 E1168.65939
G0 F15000 X169.191 Y135.091
G1 F9000 X166.584 Y137.698 E1168.78753
G0 F15000 X166.629 Y137.031
G1 F9000 X168.535 Y135.125 E1168.88122
G1 X168.612 Y135.048
G1 F2400 E1168.38122
G1 F600 Z1.7
G0 F15000 X160.945 Y137.98 Z1.7
G1 F600 Z1.3
G1 F2400 E1168.88122
G1 F9000 X161.501 Y137.682 E1168.90314
G1 X161.978 Y137.264 E1168.92519
G1 X162.343 Y136.732 E1168.94761
G1 X162.572 Y136.135 E1168.96983
G1 X162.65 Y135.499 E1168.9921
G1 X162.576 Y134.865 E1169.01429
G1 X162.348 Y134.264 E1169.03663
G1 X161.981 Y133.739 E1169.0589
G1 X161.536 Y133.334 E1169.07981
G1 X160.944 Y133.02 E1169.1031
G1 X160.313 Y132.865 E1169.12568
G1 X159.683 Y132.865 E1169.14758
G1 X159.059 Y133.02 E1169.16993
G1 X158.464 Y133.332 E1169.19328
G1 X158.014 Y133.736 E1169.2143
G1 X157.528 Y134.445 E1169.24417
G1 X157.516 Y134.626 E1169.25048
G1 X157.424 Y134.863 E1169.25932
G1 X157.346 Y135.496 E1169.28148
G1 X157.424 Y136.13 E1169.30368
G1 X157.653 Y136.737 E1169.32623
G1 X158.01 Y137.256 E1169.34813
G1 X158.494 Y137.681 E1169.37052
G1 X159.051 Y137.976 E1169.39242
G1 X159.683 Y138.131 E1169.41504
G1 X160.314 Y138.132 E1169.43697
G1 X160.945 Y137.98 E1169.45953
G1 F2400 E1168.95953
G1 F600 Z1.7
G0 F15000 X162.204 Y136.478 Z1.7
G1 F600 Z1.3
G1 F2400 E1169.45953
G1 F9000 X160.957 Y137.725 E1169.52082
G0 F15000 X160.148 Y137.912
G1 F9000 X162.41 Y135.65 E1169.63201
G0 F15000 X162.377 Y135.06
G1 F9000 X159.562 Y137.875 E1169.77038
G0 F15000 X159.075 Y137.74
G1 F9000 X162.233 Y134.582 E1169.9256
G0 F15000 X162.017 Y134.176
G1 F9000 X158.668 Y137.524 E1170.0902
G0 F15000 X158.328 Y137.242
G1 F9000 X161.747 Y133.823 E1170.25825
G0 F15000 X161.421 Y133.527
G1 F9000 X158.039 Y136.909 E1170.42449
G0 F15000 X157.806 Y136.52
G1 F9000 X161.018 Y133.308 E1170.58237
G0 F15000 X160.554 Y133.15
G1 F9000 X157.639 Y136.065 E1170.72565
G0 F15000 X157.57 Y135.511
G1 F9000 X159.997 Y133.085 E1170.84492
G0 F15000 X159.264 Y133.195
G1 F9000 X157.675 Y134.784 E1170.92303
G1 X157.598 Y134.861
G1 F2400 E1170.42303
G1 F600 Z1.7
;MESH:NONMESH
G0 F15000 X176.28 Y175.78 Z1.7
;TIME_ELAPSED:395.625008
;LAYER:6
;MESH:case_VL53L8+RP2040-down.stl
G0 X176.28 Y175.78 Z1.9
;TYPE:WALL-OUTER
G1 F600 Z1.5
G1 F2400 E1170.92303
G1 F9000 X176.28 Y128.22 E1172.57606
G1 X127.72 Y128.22 E1174.26386
G1 X127.72 Y175.78 E1175.91689
G1 X176.28 Y175.78 E1177.60468
G0 F15000 X175.84 Y175.34
;TYPE:WALL-INNER
G1 F10500 X175.84 Y128.66 E1179.22713
G1 X128.16 Y128.66 E1180.88434
G1 X128.16 Y175.34 E1182.50679
G1 X175.84 Y175.34 E1184.164
G0 F15000 X175.4 Y174.9
G1 F10500 X175.4 Y129.1 E1185.75586
G1 X128.6 Y129.1 E1187.38248
G1 X128.6 Y174.9 E1188.97434
G1 X175.4 Y174.9 E1190.60096
G1 F2400 E1190.10096
G1 F600 Z1.9
G0 F15000 X171.731 Y136.416 Z1.9
;TYPE:FILL
G1 F600 Z1.5
G1 F2400 E1190.60096
G1 F15000 X175.07 Y133.077 E1190.76509
G1 X175.07 Y129.444 E1190.89136
G1 X175.057 Y129.43 E1190.89202
G1 X174.569 Y129.43 E1190.90898
G1 X169.392 Y134.607 E1191.16345
G1 X169.002 Y134.559 E1191.17711
G1 X169.702 Y134.644 E1191.20162
G1 X170.365 Y134.896 E1191.22627
G1 X170.956 Y135.304 E1191.25123
G1 X171.42 Y135.831 E1191.27564
G1 X171.731 Y136.416 E1191.29866
G1 F2400 E1190.79866
G1 F600 Z1.9
G0 F15000 X160.352 Y165.581 Z1.9
G1 F600 Z1.5
G1 F2400 E1191.29866
G1 F15000 X161.045 Y165.75 E1191.32345
G1 X161.703 Y166.1 E1191.34936
G1 X162.273 Y166.614 E1191.37604
G1 X175.07 Y153.817 E1192.00505
G1 X175.07 Y150.183 E1192.13136
G1 X162.256 Y137.368 E1192.76124
G1 X162.604 Y136.865 E1192.7825
G1 X162.856 Y136.202 E1192.80715
G1 X162.941 Y135.502 E1192.83166
G1 X162.857 Y134.8 E1192.85623
G1 X162.606 Y134.137 E1192.88087
G1 X162.182 Y133.521 E1192.90686
G1 X166.273 Y129.43 E1193.10795
G1 X166.761 Y129.43 E1193.12491
G1 X175.07 Y137.739 E1193.53333
G1 X175.07 Y141.373 E1193.65964
G1 X154.93 Y161.513 E1194.64959
G1 X154.93 Y159.078 E1194.73422
G1 X170.422 Y174.57 E1195.49571
G1 X170.908 Y174.57 E1195.5126
G1 X175.07 Y170.408 E1195.71718
G1 X175.07 Y166.775 E1195.84345
G1 X154.93 Y146.634 E1196.83343
G1 X154.93 Y149.069 E1196.91806
G1 X166.094 Y137.906 E1197.46679
G1 X166.248 Y138.541 E1197.4895
G1 X166.6 Y139.204 E1197.51559
G1 X167.05 Y139.702 E1197.53892
G1 X167.634 Y140.104 E1197.56356
G1 X167.931 Y140.216 E1197.57459
G1 X154.93 Y153.217 E1198.21364
G1 X154.93 Y150.782 E1198.29827
G1 X167.246 Y163.098 E1198.90365
G1 X166.645 Y163.399 E1198.92701
G1 X166.713 Y163.68 E1198.93706
G1 X166.58 Y163.831 E1198.94405
G1 X166.25 Y164.455 E1198.96859
G1 X166.081 Y165.148 E1198.99338
G1 X166.081 Y165.851 E1199.01781
G1 X166.155 Y166.155 E1199.02869
G1 X154.93 Y154.93 E1199.58044
G1 X154.93 Y157.365 E1199.66507
G1 X175.07 Y137.225 E1200.65502
G1 X175.07 Y133.592 E1200.78129
G1 X170.909 Y129.43 E1200.98585
G1 X170.421 Y129.43 E1201.00281
G1 X154.93 Y144.922 E1201.76427
G1 X154.93 Y142.486 E1201.84894
G1 X175.07 Y162.627 E1202.83892
G1 X175.07 Y166.261 E1202.96522
G1 X166.761 Y174.57 E1203.37364
G1 X166.274 Y174.57 E1203.39057
G1 X162.177 Y170.473 E1203.59195
G1 X161.669 Y170.92 E1203.61547
G1 X161.042 Y171.252 E1203.64013
G1 X160.352 Y171.419 E1203.6648
G1 X159.648 Y171.419 E1203.68927
G1 X158.955 Y171.25 E1203.71406
G1 X158.64 Y171.084 E1203.72644
G1 X162.126 Y174.57 E1203.89779
G1 X162.613 Y174.57 E1203.91471
G1 X168.77 Y168.412 E1204.21738
G1 X168.998 Y168.441 E1204.22537
G1 X169.701 Y168.357 E1204.24997
G1 X170.365 Y168.105 E1204.27466
G1 X170.95 Y167.702 E1204.29935
G1 X171.372 Y167.224 E1204.32151
G1 X175.07 Y170.923 E1204.5033
G1 X175.07 Y174.57 E1204.63006
G1 X174.57 Y174.57 E1204.64744
G1 X168.364 Y168.364 E1204.95249
G1 X168.296 Y168.355 E1204.95487
G1 X167.634 Y168.104 E1204.97948
G1 X167.05 Y167.702 E1205.00412
G1 X166.6 Y167.204 E1205.02745
G1 X166.333 Y166.702 E1205.04721
G1 X158.465 Y174.57 E1205.43395
G1 X157.978 Y174.57 E1205.45088
G1 X145.839 Y162.43 E1206.04758
G1 X145.718 Y162.429 E1206.05179
G1 X133.577 Y174.57 E1206.64856
G1 X133.091 Y174.57 E1206.66545
G1 X128.93 Y170.409 E1206.86998
G1 X128.93 Y166.773 E1206.99636
G1 X133.274 Y162.429 E1207.20988
G1 X133.395 Y162.43 E1207.21408
G1 X145.535 Y174.57 E1207.81081
G1 X146.021 Y174.57 E1207.8277
G1 X175.07 Y145.521 E1209.25556
G1 X175.07 Y141.887 E1209.38187
G1 X171.744 Y138.561 E1209.54536
G1 X171.696 Y138.761 E1209.5525
G1 X171.566 Y138.892 E1209.55892
G1 X171.422 Y139.167 E1209.56971
G1 X170.95 Y139.702 E1209.5945
G1 X170.365 Y140.105 E1209.6192
G1 X169.701 Y140.357 E1209.64388
G1 X169.426 Y140.39 E1209.65351
G1 X175.07 Y146.035 E1209.93095
G1 X175.07 Y149.669 E1210.05726
G1 X159 Y165.739 E1210.84716
G1 X158.959 Y165.748 E1210.84862
G1 X158.297 Y166.098 E1210.87464
G1 X158.037 Y166.333 E1210.88683
G1 X154.134 Y162.43 E1211.07867
G1 X154.014 Y162.429 E1211.08284
G1 X141.873 Y174.57 E1211.67962
G1 X141.387 Y174.57 E1211.69651
G1 X134.89 Y168.073 E1212.01586
G1 X134.941 Y168.502 E1212.03088
G1 X134.864 Y169.135 E1212.05304
G1 X141.57 Y162.429 E1212.38266
G1 X141.691 Y162.43 E1212.38687
G1 X153.83 Y174.57 E1212.98357
G1 X154.317 Y174.57 E1213.0005
G1 X158.138 Y170.749 E1213.18831
G1 X157.799 Y170.451 E1213.204
G1 X157.397 Y169.867 E1213.22864
G1 X157.143 Y169.199 E1213.25348
G1 X157.059 Y168.497 E1213.27805
G1 X157.145 Y167.797 E1213.30257
G1 X157.242 Y167.497 E1213.31352
G1 X150.169 Y174.57 E1213.66119
G1 X149.682 Y174.57 E1213.67811
G1 X137.543 Y162.43 E1214.27481
G1 X137.422 Y162.429 E1214.27902
G1 X133.734 Y166.117 E1214.4603
G1 X133.045 Y165.75 E1214.48743
G1 X132.411 Y165.595 E1214.51012
G1 X129.247 Y162.43 E1214.66566
G1 X129.126 Y162.429 E1214.66987
G1 X128.93 Y162.625 E1214.6795
G1 X128.93 Y166.261 E1214.80588
G1 X129.563 Y166.894 E1214.83699
G1 X129.242 Y167.359 E1214.85663
G1 X129.242 Y167.54 E1214.86292
G1 X129.145 Y167.797 E1214.87247
G1 X129.059 Y168.497 E1214.89698
G1 X129.143 Y169.199 E1214.92156
G1 X129.397 Y169.867 E1214.9464
G1 X129.636 Y170.215 E1214.96107
G1 X128.93 Y170.921 E1214.99577
G1 X128.93 Y174.57 E1215.1226
G1 X129.43 Y174.57 E1215.13998
G1 X132.653 Y171.346 E1215.29842
G1 X133.042 Y171.252 E1215.31233
G1 X133.617 Y170.948 E1215.33494
G1 X137.239 Y174.57 E1215.51297
G1 X137.725 Y174.57 E1215.52987
G1 X149.866 Y162.429 E1216.12664
G1 X149.987 Y162.43 E1216.13085
G1 X157.381 Y169.824 E1216.49429
G1 X157.458 Y169.901
G1 F2400 E1215.99429
G1 F600 Z1.9
G0 F15000 X134.864 Y134.864 Z1.9
G1 F600 Z1.5
G1 F2400 E1216.49429
G1 F15000 X141.57 Y141.57 E1216.82391
G1 X141.69 Y141.57 E1216.82808
G1 X153.83 Y129.43 E1217.42481
G1 X154.318 Y129.43 E1217.44177
G1 X158.133 Y133.246 E1217.62931
G1 X158.297 Y133.098 E1217.63699
G1 X158.638 Y132.918 E1217.65039
G1 X162.125 Y129.43 E1217.82182
G1 X162.613 Y129.43 E1217.83878
G1 X167.956 Y134.773 E1218.10141
G1 X167.637 Y134.894 E1218.11326
G1 X167.046 Y135.301 E1218.13821
G1 X166.581 Y135.83 E1218.16269
G1 X166.25 Y136.455 E1218.18727
G1 X166.102 Y137.066 E1218.20912
G1 X158.465 Y129.43 E1218.58448
G1 X157.978 Y129.43 E1218.60141
G1 X145.838 Y141.57 E1219.19813
G1 X145.718 Y141.57 E1219.2023
G1 X133.578 Y129.43 E1219.79903
G1 X133.09 Y129.43 E1219.81599
G1 X128.93 Y133.591 E1220.02049
G1 X128.93 Y137.225 E1220.1468
G1 X133.274 Y141.57 E1220.36034
G1 X133.394 Y141.57 E1220.36452
G1 X145.534 Y129.43 E1220.96124
G1 X146.022 Y129.43 E1220.9782
G1 X175.07 Y158.479 E1222.40604
G1 X175.07 Y162.113 E1222.53235
G1 X171.943 Y165.24 E1222.68605
G1 X171.75 Y164.454 E1222.71418
G1 X171.42 Y163.831 E1222.73868
G1 X170.956 Y163.304 E1222.76309
G1 X170.365 Y162.896 E1222.78805
G1 X170.201 Y162.834 E1222.79414
G1 X175.07 Y157.965 E1223.03347
G1 X175.07 Y154.331 E1223.15978
G1 X159.001 Y138.261 E1223.94965
G1 X158.955 Y138.25 E1223.9513
G1 X158.331 Y137.919 E1223.97585
G1 X158.04 Y137.663 E1223.98932
G1 X154.134 Y141.57 E1224.18134
G1 X154.014 Y141.57 E1224.18551
G1 X141.874 Y129.43 E1224.78223
G1 X141.386 Y129.43 E1224.79919
G1 X134.89 Y135.926 E1225.11849
G1 X134.941 Y135.502 E1225.13334
G1 X134.857 Y134.8 E1225.15791
G1 X134.606 Y134.137 E1225.18255
G1 X134.203 Y133.551 E1225.20727
G1 X133.632 Y133.036 E1225.234
G1 X137.238 Y129.43 E1225.41124
G1 X137.726 Y129.43 E1225.4282
G1 X149.866 Y141.57 E1226.02493
G1 X149.986 Y141.57 E1226.0291
G1 X157.341 Y134.215 E1226.39063
G1 X157.242 Y134.359 E1226.3967
G1 X157.242 Y134.54 E1226.40299
G1 X157.145 Y134.797 E1226.41254
G1 X157.059 Y135.497 E1226.43705
G1 X157.143 Y136.2 E1226.46166
G1 X157.268 Y136.528 E1226.47386
G1 X150.17 Y129.43 E1226.82275
G1 X149.682 Y129.43 E1226.83971
G1 X137.542 Y141.57 E1227.43644
G1 X137.422 Y141.57 E1227.44061
G1 X133.736 Y137.884 E1227.62179
G1 X133.042 Y138.252 E1227.64909
G1 X132.411 Y138.405 E1227.67166
G1 X129.246 Y141.57 E1227.82723
G1 X129.126 Y141.57 E1227.8314
G1 X128.93 Y141.373 E1227.84106
G1 X128.93 Y137.739 E1227.96736
G1 X129.56 Y137.108 E1227.99836
G1 X129.397 Y136.871 E1228.00835
G1 X129.143 Y136.2 E1228.03329
G1 X129.059 Y135.497 E1228.0579
G1 X129.145 Y134.797 E1228.08241
G1 X129.242 Y134.54 E1228.09196
G1 X129.242 Y134.359 E1228.09825
G1 X129.637 Y133.785 E1228.12247
G1 X128.93 Y133.077 E1228.15724
G1 X128.93 Y129.43 E1228.284
G1 X129.43 Y129.43 E1228.30138
G1 X132.654 Y132.654 E1228.45985
G1 X132.352 Y132.581 E1228.47065
G1 X132.246 Y132.556
G1 F2400 E1227.97065
G1 F600 Z1.9
G0 F15000 X132.945 Y137.98 Z1.9
;TYPE:SKIN
G1 F600 Z1.5
G1 F2400 E1228.47065
G1 F9000 X133.501 Y137.682 E1228.49257
G1 X133.978 Y137.264 E1228.51462
G1 X134.343 Y136.732 E1228.53704
G1 X134.572 Y136.134 E1228.5593
G1 X134.65 Y135.499 E1228.58154
G1 X134.576 Y134.865 E1228.60372
G1 X134.348 Y134.264 E1228.62606
G1 X133.981 Y133.739 E1228.64833
G1 X133.536 Y133.334 E1228.66924
G1 X132.944 Y133.02 E1228.69253
G1 X132.313 Y132.864 E1228.71512
G1 X131.683 Y132.864 E1228.73702
G1 X131.055 Y133.02 E1228.75951
G1 X130.465 Y133.332 E1228.78271
G1 X130.014 Y133.736 E1228.80375
G1 X129.528 Y134.445 E1228.83363
G1 X129.516 Y134.626 E1228.83993
G1 X129.424 Y134.863 E1228.84877
G1 X129.346 Y135.496 E1228.87094
G1 X129.424 Y136.131 E1228.89317
G1 X129.653 Y136.741 E1228.91582
G1 X130.006 Y137.252 E1228.93741
G1 X130.494 Y137.681 E1228.95999
G1 X131.051 Y137.976 E1228.9819
G1 X131.683 Y138.131 E1229.00452
G1 X132.314 Y138.132 E1229.02645
G1 X132.945 Y137.98 E1229.04901
G1 F2400 E1228.54901
G1 F600 Z1.9
G0 F15000 X129.973 Y136.818 Z1.9
G1 F600 Z1.5
G1 F2400 E1229.04901
G1 F9000 X130.692 Y137.537 E1229.08435
G1 X130.769 Y137.614
G1 F2400 E1228.58435
G1 F600 Z1.9
G0 F15000 X131.682 Y137.904 Z1.9
G1 F600 Z1.5
G1 F2400 E1229.08435
G1 F9000 X129.608 Y135.831 E1229.18627
G0 F15000 X129.603 Y135.204
G1 F9000 X132.307 Y137.907 E1229.31915
G0 F15000 X132.809 Y137.787
G1 F9000 X129.702 Y134.681 E1229.47185
G0 F15000 X129.915 Y134.27
G1 F9000 X133.225 Y137.58 E1229.63455
G0 F15000 X133.584 Y137.317
G1 F9000 X130.168 Y133.901 E1229.80246
G0 F15000 X130.493 Y133.604
G1 F9000 X133.891 Y137.003 E1229.9695
G0 F15000 X134.144 Y136.633
G1 F9000 X130.876 Y133.365 E1230.13014
G0 F15000 X131.316 Y133.183
G1 F9000 X134.317 Y136.184 E1230.27765
G0 F15000 X134.41 Y135.654
G1 F9000 X131.84 Y133.085 E1230.40395
G0 F15000 X132.52 Y133.143
G1 F9000 X134.37 Y134.992 E1230.49486
G1 X134.447 Y135.069
G1 F2400 E1229.99486
G1 F600 Z1.9
G0 F15000 X154.644 Y162.144 Z1.9
G1 F600 Z1.5
G1 F2400 E1230.49486
G1 F9000 X154.644 Y141.856 E1231.20001
G1 X128.996 Y141.856 E1232.09145
G1 X128.996 Y162.144 E1232.7966
G1 X154.644 Y162.144 E1233.68804
G1 F2400 E1233.18804
G1 F600 Z1.9
G0 F15000 X153.899 Y142.076 Z1.9
G1 F600 Z1.5
G1 F2400 E1233.68804
G1 F9000 X154.424 Y142.602 E1233.71387
G0 F15000 X154.424 Y143.224
G1 F9000 X153.277 Y142.076 E1233.77027
G0 F15000 X152.654 Y142.076
G1 F9000 X154.424 Y143.846 E1233.85727
G0 F15000 X154.424 Y144.468
G1 F9000 X152.032 Y142.076 E1233.97485
G0 F15000 X151.41 Y142.076
G1 F9000 X154.424 Y145.091 E1234.12302
G0 F15000 X154.424 Y145.713
G1 F9000 X150.788 Y142.076 E1234.30177
G0 F15000 X150.165 Y142.076
G1 F9000 X154.424 Y146.335 E1234.51112
G0 F15000 X154.424 Y146.957
G1 F9000 X149.543 Y142.076 E1234.75103
G0 F15000 X148.921 Y142.076
G1 F9000 X154.424 Y147.58 E1235.02155
G0 F15000 X154.424 Y148.202
G1 F9000 X148.299 Y142.076 E1235.32264
G0 F15000 X147.676 Y142.076
G1 F9000 X154.424 Y148.824 E1235.65433
G0 F15000 X154.424 Y149.446
G1 F9000 X147.054 Y142.076 E1236.01659
G0 F15000 X146.432 Y142.076
G1 F9000 X154.424 Y150.069 E1236.40945
G0 F15000 X154.424 Y150.691
G1 F9000 X145.81 Y142.076 E1236.83289
G0 F15000 X145.187 Y142.076
G1 F9000 X154.424 Y151.313 E1237.28692
G0 F15000 X154.424 Y151.935
G1 F9000 X144.565 Y142.076 E1237.77152
G0 F15000 X143.943 Y142.076
G1 F9000 X154.424 Y152.558 E1238.28673
G0 F15000 X154.424 Y153.18
G1 F9000 X143.321 Y142.076 E1238.8325
G0 F15000 X142.698 Y142.076
G1 F9000 X154.424 Y153.802 E1239.40888
G0 F15000 X154.424 Y154.424
G1 F9000 X142.076 Y142.076 E1240.01583
G0 F15000 X141.454 Y142.076
G1 F9000 X154.424 Y155.047 E1240.65337
G0 F15000 X154.424 Y155.669
G1 F9000 X140.832 Y142.076 E1241.32149
G0 F15000 X140.209 Y142.076
G1 F9000 X154.424 Y156.291 E1242.02021
G0 F15000 X154.424 Y156.913
G1 F9000 X139.587 Y142.076 E1242.7495
G0 F15000 X138.965 Y142.076
G1 F9000 X154.424 Y157.536 E1243.50939
G0 F15000 X154.424 Y158.158
G1 F9000 X138.343 Y142.076 E1244.29986
G0 F15000 X137.72 Y142.076
G1 F9000 X154.424 Y158.78 E1245.12092
G0 F15000 X154.424 Y159.402
G1 F9000 X137.098 Y142.076 E1245.97255
G0 F15000 X136.476 Y142.076
G1 F9000 X154.424 Y160.025 E1246.85479
G0 F15000 X154.424 Y160.647
G1 F9000 X135.854 Y142.076 E1247.7676
G0 F15000 X135.231 Y142.076
G1 F9000 X154.424 Y161.269 E1248.711
G0 F15000 X154.424 Y161.891
G1 F9000 X134.609 Y142.076 E1249.68498
G0 F15000 X133.987 Y142.076
G1 F9000 X153.835 Y161.924 E1250.66058
G0 F15000 X153.212 Y161.924
G1 F9000 X133.365 Y142.076 E1251.63616
G0 F15000 X132.742 Y142.076
G1 F9000 X152.59 Y161.924 E1252.61176
G0 F15000 X151.968 Y161.924
G1 F9000 X132.12 Y142.076 E1253.58736
G0 F15000 X131.498 Y142.076
G1 F9000 X151.346 Y161.924 E1254.56296
G0 F15000 X150.723 Y161.924
G1 F9000 X130.876 Y142.076 E1255.53853
G0 F15000 X130.253 Y142.076
G1 F9000 X150.101 Y161.924 E1256.51413
G0 F15000 X149.479 Y161.924
G1 F9000 X129.631 Y142.076 E1257.48973
G0 F15000 X129.216 Y142.283
G1 F9000 X148.857 Y161.924 E1258.45516
G0 F15000 X148.234 Y161.924
G1 F9000 X129.216 Y142.906 E1259.38996
G0 F15000 X129.216 Y143.528
G1 F9000 X147.612 Y161.924 E1260.29419
G0 F15000 X146.99 Y161.924
G1 F9000 X129.216 Y144.15 E1261.16785
G0 F15000 X129.216 Y144.772
G1 F9000 X146.368 Y161.924 E1262.01093
G0 F15000 X145.745 Y161.924
G1 F9000 X129.216 Y145.395 E1262.82339
G0 F15000 X129.216 Y146.017
G1 F9000 X145.123 Y161.924 E1263.60528
G0 F15000 X144.501 Y161.924
G1 F9000 X129.216 Y146.639 E1264.35659
G0 F15000 X129.216 Y147.261
G1 F9000 X143.879 Y161.924 E1265.07733
G0 F15000 X143.256 Y161.924
G1 F9000 X129.216 Y147.884 E1265.76745
G0 F15000 X129.216 Y148.506
G1 F9000 X142.634 Y161.924 E1266.42699
G0 F15000 X142.012 Y161.924
G1 F9000 X129.216 Y149.128 E1267.05596
G0 F15000 X129.216 Y149.75
G1 F9000 X141.39 Y161.924 E1267.65435
G0 F15000 X140.767 Y161.924
G1 F9000 X129.216 Y150.373 E1268.22213
G0 F15000 X129.216 Y150.995
G1 F9000 X140.145 Y161.924 E1268.75933
G0 F15000 X139.523 Y161.924
G1 F9000 X129.216 Y151.617 E1269.26595
G0 F15000 X129.216 Y152.239
G1 F9000 X138.901 Y161.924 E1269.74201
G0 F15000 X138.278 Y161.924
G1 F9000 X129.216 Y152.862 E1270.18744
G0 F15000 X129.216 Y153.484
G1 F9000 X137.656 Y161.924 E1270.60229
G0 F15000 X137.034 Y161.924
G1 F9000 X129.216 Y154.106 E1270.98657
G0 F15000 X129.216 Y154.728
G1 F9000 X136.412 Y161.924 E1271.34028
G0 F15000 X135.789 Y161.924
G1 F9000 X129.216 Y155.351 E1271.66337
G0 F15000 X129.216 Y155.973
G1 F9000 X135.167 Y161.924 E1271.95588
G0 F15000 X134.545 Y161.924
G1 F9000 X129.216 Y156.595 E1272.21782
G0 F15000 X129.216 Y157.217
G1 F9000 X133.922 Y161.924 E1272.44916
G0 F15000 X133.3 Y161.924
G1 F9000 X129.216 Y157.84 E1272.64991
G0 F15000 X129.216 Y158.462
G1 F9000 X132.678 Y161.924 E1272.82008
G0 F15000 X132.056 Y161.924
G1 F9000 X129.216 Y159.084 E1272.95967
G0 F15000 X129.216 Y159.706
G1 F9000 X131.433 Y161.924 E1273.06867
G0 F15000 X130.811 Y161.924
G1 F9000 X129.216 Y160.329 E1273.14707
G0 F15000 X129.216 Y160.951
G1 F9000 X130.189 Y161.924 E1273.1949
G0 F15000 X129.567 Y161.924
G1 F9000 X129.216 Y161.573 E1273.21215
G1 F2400 E1272.71215
G1 F600 Z1.9
G0 F15000 X132.941 Y170.98 Z1.9
G1 F600 Z1.5
G1 F2400 E1273.21215
G1 F9000 X133.502 Y170.681 E1273.23425
G1 X133.978 Y170.264 E1273.25624
G1 X134.343 Y169.732 E1273.27867
G1 X134.572 Y169.135 E1273.30089
G1 X134.65 Y168.499 E1273.32316
G1 X134.576 Y167.865 E1273.34535
G1 X134.348 Y167.264 E1273.36769
G1 X133.981 Y166.739 E1273.38995
G1 X133.536 Y166.334 E1273.41086
G1 X132.944 Y166.02 E1273.43416
G1 X132.313 Y165.864 E1273.45675
G1 X131.683 Y165.864 E1273.47864
G1 X131.055 Y166.02 E1273.50113
G1 X130.465 Y166.332 E1273.52433
G1 X130.014 Y166.736 E1273.54538
G1 X129.528 Y167.445 E1273.57525
G1 X129.516 Y167.626 E1273.58156
G1 X129.424 Y167.863 E1273.59039
G1 X129.346 Y168.496 E1273.61256
G1 X129.424 Y169.13 E1273.63476
G1 X129.653 Y169.736 E1273.65728
G1 X130.014 Y170.257 E1273.67931
G1 X130.491 Y170.681 E1273.70149
G1 X131.051 Y170.976 E1273.72349
G1 X131.683 Y171.131 E1273.74611
G1 X132.313 Y171.131 E1273.76801
G1 X132.941 Y170.98 E1273.79046
G1 F2400 E1273.29046
G1 F600 Z1.9
G0 F15000 X129.939 Y169.763 Z1.9
G1 F600 Z1.5
G1 F2400 E1273.79046
G1 F9000 X130.739 Y170.563 E1273.82978
G1 X130.816 Y170.64
G1 F2400 E1273.32978
G1 F600 Z1.9
G0 F15000 X131.708 Y170.91 Z1.9
G1 F600 Z1.5
G1 F2400 E1273.82978
G1 F9000 X129.606 Y168.808 E1273.9331
G0 F15000 X129.606 Y168.185
G1 F9000 X132.322 Y170.902 E1274.06662
G0 F15000 X132.824 Y170.781
G1 F9000 X129.707 Y167.664 E1274.21984
G0 F15000 X129.922 Y167.258
G1 F9000 X133.237 Y170.573 E1274.38278
G0 F15000 X133.594 Y170.307
G1 F9000 X130.176 Y166.889 E1274.55079
G0 F15000 X130.504 Y166.594
G1 F9000 X133.899 Y169.99 E1274.71769
G0 F15000 X134.15 Y169.619
G1 F9000 X130.889 Y166.357 E1274.878
G0 F15000 X131.332 Y166.179
G1 F9000 X134.323 Y169.169 E1275.025
G0 F15000 X134.413 Y168.636
G1 F9000 X131.86 Y166.084 E1275.15046
G0 F15000 X132.548 Y166.15
G1 F9000 X134.368 Y167.97 E1275.23992
G1 X134.445 Y168.047
G1 F2400 E1274.73992
G1 F600 Z1.9
G0 F15000 X160.941 Y170.98 Z1.9
G1 F600 Z1.5
G1 F2400 E1275.23992
G1 F9000 X161.502 Y170.681 E1275.26202
G1 X161.978 Y170.264 E1275.28401
G1 X162.343 Y169.732 E1275.30644
G1 X162.572 Y169.135 E1275.32866
G1 X162.65 Y168.499 E1275.35093
G1 X162.576 Y167.865 E1275.37312
G1 X162.348 Y167.264 E1275.39546
G1 X161.981 Y166.739 E1275.41772
G1 X161.536 Y166.334 E1275.43863
G1 X160.944 Y166.02 E1275.46193
G1 X160.313 Y165.864 E1275.48452
G1 X159.683 Y165.864 E1275.50641
G1 X159.055 Y166.02 E1275.52891
G1 X158.465 Y166.332 E1275.5521
G1 X158.014 Y166.736 E1275.57315
G1 X157.528 Y167.445 E1275.60302
G1 X157.516 Y167.626 E1275.60933
G1 X157.424 Y167.863 E1275.61816
G1 X157.346 Y168.496 E1275.64033
G1 X157.424 Y169.13 E1275.66253
G1 X157.653 Y169.736 E1275.68505
G1 X158.014 Y170.257 E1275.70708
G1 X158.491 Y170.681 E1275.72926
G1 X159.051 Y170.976 E1275.75126
G1 X159.683 Y171.131 E1275.77388
G1 X160.313 Y171.131 E1275.79578
G1 X160.941 Y170.98 E1275.81823
G1 F2400 E1275.31823
G1 F600 Z1.9
G0 F15000 X157.935 Y169.758 Z1.9
G1 F600 Z1.5
G1 F2400 E1275.81823
G1 F9000 X158.742 Y170.565 E1275.85789
G1 X158.819 Y170.642
G1 F2400 E1275.35789
G1 F600 Z1.9
G0 F15000 X159.71 Y170.911 Z1.9
G1 F600 Z1.5
G1 F2400 E1275.85789
G1 F9000 X157.606 Y168.806 E1275.96134
G0 F15000 X157.606 Y168.184
G1 F9000 X160.323 Y170.901 E1276.09489
G0 F15000 X160.825 Y170.781
G1 F9000 X157.707 Y167.663 E1276.24815
G0 F15000 X157.923 Y167.257
G1 F9000 X161.238 Y170.572 E1276.41109
G0 F15000 X161.595 Y170.307
G1 F9000 X158.176 Y166.888 E1276.57915
G0 F15000 X158.504 Y166.594
G1 F9000 X161.9 Y169.989 E1276.74605
G0 F15000 X162.151 Y169.618
G1 F9000 X158.89 Y166.357 E1276.90634
G0 F15000 X159.334 Y166.179
G1 F9000 X162.323 Y169.168 E1277.05326
G0 F15000 X162.413 Y168.635
G1 F9000 X159.861 Y166.084 E1277.17867
G0 F15000 X160.55 Y166.15
G1 F9000 X162.368 Y167.968 E1277.26804
G1 X162.445 Y168.045
G1 F2400 E1276.76804
G1 F600 Z1.9
G0 F15000 X169.63 Y168.076 Z1.9
G1 F600 Z1.5
G1 F2400 E1277.26804
G1 F9000 X170.232 Y167.844 E1277.29046
G1 X170.752 Y167.486 E1277.3124
G1 X171.182 Y166.997 E1277.33503
G1 X171.432 Y166.617 E1277.35084
G1 X171.632 Y165.813 E1277.37964
G1 X171.632 Y165.179 E1277.40168
G1 X171.476 Y164.552 E1277.42413
G1 X171.181 Y163.994 E1277.44607
G1 X170.764 Y163.518 E1277.46807
G1 X170.232 Y163.153 E1277.49049
G1 X169.634 Y162.924 E1277.51275
G1 X169 Y162.846 E1277.53495
G1 X168.366 Y162.924 E1277.55715
G1 X167.841 Y163.122 E1277.57665
G1 X166.975 Y163.552 E1277.61026
G1 X166.998 Y163.644 E1277.61355
G1 X166.962 Y163.827 E1277.62004
G1 X166.814 Y163.992 E1277.62774
G1 X166.52 Y164.551 E1277.64969
G1 X166.364 Y165.183 E1277.67232
G1 X166.364 Y165.813 E1277.69421
G1 X166.52 Y166.441 E1277.71671
G1 X166.834 Y167.036 E1277.74009
G1 X167.238 Y167.481 E1277.76098
G1 X167.764 Y167.843 E1277.78317
G1 X168.362 Y168.072 E1277.80543
G1 X168.997 Y168.15 E1277.82767
G1 X169.63 Y168.076 E1277.84982
G1 F2400 E1277.34982
G1 F600 Z1.9
G0 F15000 X168.487 Y167.865 Z1.9
G1 F600 Z1.5
G1 F2400 E1277.84982
G1 F9000 X166.642 Y166.019 E1277.94053
G0 F15000 X166.584 Y165.339
G1 F9000 X169.154 Y167.91 E1278.06688
G0 F15000 X169.686 Y167.819
G1 F9000 X166.681 Y164.815 E1278.21456
G0 F15000 X166.862 Y164.373
G1 F9000 X170.133 Y167.644 E1278.37534
G0 F15000 X170.502 Y167.391
G1 F9000 X167.106 Y163.994 E1278.54229
G0 F15000 X167.347 Y163.614
G1 F9000 X170.815 Y167.082 E1278.71276
G0 F15000 X171.089 Y166.733
G1 F9000 X167.762 Y163.407 E1278.87627
G0 F15000 X168.2 Y163.222
G1 F9000 X171.283 Y166.305 E1279.02781
G0 F15000 X171.407 Y165.807
G1 F9000 X168.704 Y163.104 E1279.16067
G0 F15000 X169.332 Y163.109
G1 F9000 X171.407 Y165.184 E1279.26266
G1 X171.484 Y165.261
G1 F2400 E1278.76266
G1 F600 Z1.9
G0 F15000 X171.037 Y164.192 Z1.9
G1 F600 Z1.5
G1 F2400 E1279.26266
G1 F9000 X170.339 Y163.494 E1279.29697
G1 X170.262 Y163.417
G1 F2400 E1278.79697
G1 F600 Z1.9
G0 F15000 X169.63 Y140.076 Z1.9
G1 F600 Z1.5
G1 F2400 E1279.29697
G1 F9000 X170.232 Y139.844 E1279.3194
G1 X170.752 Y139.486 E1279.34134
G1 X171.182 Y138.997 E1279.36397
G1 X171.432 Y138.617 E1279.37978
G1 X171.632 Y137.813 E1279.40858
G1 X171.632 Y137.179 E1279.43061
G1 X171.476 Y136.552 E1279.45307
G1 X171.181 Y135.994 E1279.47501
G1 X170.764 Y135.518 E1279.497
G1 X170.232 Y135.153 E1279.51943
G1 X169.634 Y134.924 E1279.54168
G1 X169 Y134.846 E1279.56388
G1 X168.366 Y134.924 E1279.58609
G1 X167.764 Y135.153 E1279.60847
G1 X167.228 Y135.522 E1279.63109
G1 X166.815 Y135.994 E1279.65289
G1 X166.52 Y136.551 E1279.6748
G1 X166.364 Y137.183 E1279.69742
G1 X166.364 Y137.813 E1279.71932
G1 X166.52 Y138.441 E1279.74181
G1 X166.834 Y139.036 E1279.76519
G1 X167.238 Y139.481 E1279.78608
G1 X167.764 Y139.843 E1279.80828
G1 X168.362 Y140.072 E1279.83053
G1 X168.997 Y140.15 E1279.85277
G1 X169.63 Y140.076 E1279.87492
G1 F2400 E1279.37492
G1 F600 Z1.9
G0 F15000 X168.489 Y139.865 Z1.9
G1 F600 Z1.5
G1 F2400 E1279.87492
G1 F9000 X166.641 Y138.017 E1279.96576
G0 F15000 X166.584 Y137.338
G1 F9000 X169.155 Y139.91 E1280.09215
G0 F15000 X169.687 Y139.818
G1 F9000 X166.681 Y136.813 E1280.23989
G0 F15000 X166.863 Y136.373
G1 F9000 X170.133 Y139.643 E1280.40062
G0 F15000 X170.503 Y139.39
G1 F9000 X167.106 Y135.994 E1280.56757
G0 F15000 X167.404 Y135.669
G1 F9000 X170.816 Y139.081 E1280.73528
G0 F15000 X171.089 Y138.732
G1 F9000 X167.773 Y135.416 E1280.89827
G0 F15000 X168.202 Y135.222
G1 F9000 X171.284 Y138.304 E1281.04976
G0 F15000 X171.408 Y137.806
G1 F9000 X168.706 Y135.104 E1281.18258
G0 F15000 X169.333 Y135.109
G1 F9000 X171.406 Y137.182 E1281.28447
G1 X171.483 Y137.259
G1 F2400 E1280.78447
G1 F600 Z1.9
G0 F15000 X171.036 Y136.189 Z1.9
G1 F600 Z1.5
G1 F2400 E1281.28447
G1 F9000 X170.344 Y135.498 E1281.31846
G1 X170.267 Y135.421
G1 F2400 E1280.81846
G1 F600 Z1.9
G0 F15000 X160.945 Y137.98 Z1.9
G1 F600 Z1.5
G1 F2400 E1281.31846
G1 F9000 X161.501 Y137.682 E1281.34039
G1 X161.978 Y137.264 E1281.36243
G1 X162.343 Y136.732 E1281.38486
G1 X162.572 Y136.134 E1281.40711
G1 X162.65 Y135.499 E1281.42935
G1 X162.576 Y134.865 E1281.45153
G1 X162.348 Y134.264 E1281.47388
G1 X161.981 Y133.739 E1281.49614
G1 X161.536 Y133.334 E1281.51705
G1 X160.944 Y133.02 E1281.54034
G1 X160.313 Y132.864 E1281.56294
G1 X159.683 Y132.864 E1281.58483
G1 X159.055 Y133.02 E1281.60732
G1 X158.465 Y133.332 E1281.63052
G1 X158.014 Y133.736 E1281.65157
G1 X157.528 Y134.445 E1281.68144
G1 X157.516 Y134.626 E1281.68775
G1 X157.424 Y134.863 E1281.69658
G1 X157.346 Y135.496 E1281.71875
G1 X157.424 Y136.131 E1281.74099
G1 X157.653 Y136.741 E1281.76363
G1 X158.006 Y137.252 E1281.78522
G1 X158.494 Y137.681 E1281.8078
G1 X159.051 Y137.976 E1281.82971
G1 X159.683 Y138.131 E1281.85233
G1 X160.314 Y138.132 E1281.87426
G1 X160.945 Y137.98 E1281.89682
G1 F2400 E1281.39682
G1 F600 Z1.9
G0 F15000 X157.97 Y136.813 Z1.9
G1 F600 Z1.5
G1 F2400 E1281.89682
G1 F9000 X158.695 Y137.539 E1281.93248
G1 X158.772 Y137.616
G1 F2400 E1281.43248
G1 F600 Z1.9
G0 F15000 X159.683 Y137.904 Z1.9
G1 F600 Z1.5
G1 F2400 E1281.93248
G1 F9000 X157.608 Y135.83 E1282.03445
G0 F15000 X157.603 Y135.202
G1 F9000 X160.308 Y137.907 E1282.16741
G0 F15000 X160.81 Y137.786
G1 F9000 X157.702 Y134.679 E1282.32015
G0 F15000 X157.915 Y134.269
G1 F9000 X161.226 Y137.58 E1282.4829
G0 F15000 X161.585 Y137.317
G1 F9000 X158.168 Y133.9 E1282.65086
G0 F15000 X158.494 Y133.604
G1 F9000 X161.892 Y137.002 E1282.81788
G0 F15000 X162.145 Y136.632
G1 F9000 X158.877 Y133.365 E1282.97849
G0 F15000 X159.318 Y133.183
G1 F9000 X162.318 Y136.183 E1283.12595
G0 F15000 X162.41 Y135.653
G1 F9000 X159.841 Y133.085 E1283.2522
G0 F15000 X160.522 Y133.143
G1 F9000 X162.37 Y134.991 E1283.34304
G1 X162.447 Y135.068
G1 F2400 E1282.84304
G1 F600 Z1.9
;MESH:NONMESH
G0 F15000 X176.28 Y175.78 Z1.9
;TIME_ELAPSED:433.904622
;LAYER:7
;MESH:case_VL53L8+RP2040-down.stl
G0 X176.28 Y175.78 Z2.1
;TYPE:WALL-OUTER
G1 F600 Z1.7
G1 F2400 E1283.34304
G1 F9000 X176.28 Y128.22 E1284.99608
G1 X127.72 Y128.22 E1286.68387
G1 X127.72 Y175.78 E1288.3369
G1 X176.28 Y175.78 E1290.0247
G0 F15000 X175.84 Y175.34
;TYPE:WALL-INNER
G1 F10500 X175.84 Y128.66 E1291.64714
G1 X128.16 Y128.66 E1293.30435
G1 X128.16 Y175.34 E1294.9268
G1 X175.84 Y175.34 E1296.58401
G0 F15000 X175.4 Y174.9
G1 F10500 X175.4 Y129.1 E1298.17587
G1 X128.6 Y129.1 E1299.80249
G1 X128.6 Y174.9 E1301.39435
G1 X175.4 Y174.9 E1303.02097
G1 F2400 E1302.52097
G1 F600 Z2.1
G0 F15000 X171.731 Y136.416 Z2.1
;TYPE:FILL
G1 F600 Z1.7
G1 F2400 E1303.02097
G1 F15000 X175.07 Y133.077 E1303.1851
G1 X175.07 Y129.444 E1303.31137
G1 X175.057 Y129.43 E1303.31203
G1 X174.569 Y129.43 E1303.32899
G1 X169.392 Y134.607 E1303.58346
G1 X169.002 Y134.559 E1303.59712
G1 X169.702 Y134.644 E1303.62163
G1 X170.365 Y134.896 E1303.64628
G1 X170.956 Y135.304 E1303.67124
G1 X171.42 Y135.831 E1303.69565
G1 X171.731 Y136.416 E1303.71867
G1 F2400 E1303.21867
G1 F600 Z2.1
G0 F15000 X160.352 Y165.581 Z2.1
G1 F600 Z1.7
G1 F2400 E1303.71867
G1 F15000 X161.045 Y165.75 E1303.74347
G1 X161.703 Y166.1 E1303.76937
G1 X162.273 Y166.614 E1303.79605
G1 X175.07 Y153.817 E1304.42507
G1 X175.07 Y150.183 E1304.55137
G1 X162.256 Y137.368 E1305.18125
G1 X162.604 Y136.865 E1305.20251
G1 X162.856 Y136.202 E1305.22716
G1 X162.941 Y135.502 E1305.25167
G1 X162.857 Y134.8 E1305.27624
G1 X162.606 Y134.137 E1305.30088
G1 X162.182 Y133.521 E1305.32688
G1 X166.273 Y129.43 E1305.52796
G1 X166.761 Y129.43 E1305.54492
G1 X175.07 Y137.739 E1305.95334
G1 X175.07 Y141.373 E1306.07965
G1 X154.93 Y161.513 E1307.0696
G1 X154.93 Y159.078 E1307.15423
G1 X170.422 Y174.57 E1307.91572
G1 X170.908 Y174.57 E1307.93261
G1 X175.07 Y170.408 E1308.13719
G1 X175.07 Y166.775 E1308.26346
G1 X154.93 Y146.634 E1309.25344
G1 X154.93 Y149.069 E1309.33807
G1 X166.094 Y137.906 E1309.8868
G1 X166.248 Y138.541 E1309.90951
G1 X166.6 Y139.204 E1309.9356
G1 X167.05 Y139.702 E1309.95893
G1 X167.634 Y140.104 E1309.98357
G1 X167.931 Y140.216 E1309.9946
G1 X154.93 Y153.217 E1310.63365
G1 X154.93 Y150.782 E1310.71828
G1 X167.246 Y163.098 E1311.32366
G1 X166.645 Y163.399 E1311.34702
G1 X166.713 Y163.68 E1311.35707
G1 X166.58 Y163.831 E1311.36406
G1 X166.25 Y164.455 E1311.3886
G1 X166.081 Y165.148 E1311.41339
G1 X166.081 Y165.851 E1311.43782
G1 X166.155 Y166.155 E1311.4487
G1 X154.93 Y154.93 E1312.00045
G1 X154.93 Y157.365 E1312.08508
G1 X175.07 Y137.225 E1313.07503
G1 X175.07 Y133.592 E1313.2013
G1 X170.909 Y129.43 E1313.40586
G1 X170.421 Y129.43 E1313.42282
G1 X154.93 Y144.922 E1314.18428
G1 X154.93 Y142.486 E1314.26895
G1 X175.07 Y162.627 E1315.25893
G1 X175.07 Y166.261 E1315.38523
G1 X166.761 Y174.57 E1315.79365
G1 X166.274 Y174.57 E1315.81058
G1 X162.177 Y170.473 E1316.01196
G1 X161.669 Y170.92 E1316.03548
G1 X161.042 Y171.252 E1316.06014
G1 X160.352 Y171.419 E1316.08481
G1 X159.648 Y171.419 E1316.10928
G1 X158.955 Y171.25 E1316.13407
G1 X158.64 Y171.084 E1316.14645
G1 X162.126 Y174.57 E1316.3178
G1 X162.613 Y174.57 E1316.33472
G1 X168.77 Y168.412 E1316.63739
G1 X168.998 Y168.441 E1316.64538
G1 X169.701 Y168.357 E1316.66998
G1 X170.365 Y168.105 E1316.69467
G1 X170.95 Y167.702 E1316.71936
G1 X171.372 Y167.224 E1316.74152
G1 X175.07 Y170.923 E1316.92332
G1 X175.07 Y174.57 E1317.05007
G1 X174.57 Y174.57 E1317.06745
G1 X168.364 Y168.364 E1317.3725
G1 X168.296 Y168.355 E1317.37488
G1 X167.634 Y168.104 E1317.39949
G1 X167.05 Y167.702 E1317.42413
G1 X166.6 Y167.204 E1317.44746
G1 X166.333 Y166.702 E1317.46722
G1 X158.465 Y174.57 E1317.85396
G1 X157.978 Y174.57 E1317.87089
G1 X145.839 Y162.43 E1318.46759
G1 X145.718 Y162.429 E1318.4718
G1 X133.577 Y174.57 E1319.06857
G1 X133.091 Y174.57 E1319.08546
G1 X128.93 Y170.409 E1319.28999
G1 X128.93 Y166.773 E1319.41637
G1 X133.274 Y162.429 E1319.62989
G1 X133.395 Y162.43 E1319.6341
G1 X145.535 Y174.57 E1320.23082
G1 X146.021 Y174.57 E1320.24771
G1 X175.07 Y145.521 E1321.67558
G1 X175.07 Y141.887 E1321.80188
G1 X171.744 Y138.561 E1321.96537
G1 X171.696 Y138.761 E1321.97252
G1 X171.566 Y138.892 E1321.97893
G1 X171.422 Y139.167 E1321.98972
G1 X170.95 Y139.702 E1322.01452
G1 X170.365 Y140.105 E1322.03921
G1 X169.701 Y140.357 E1322.06389
G1 X169.426 Y140.39 E1322.07352
G1 X175.07 Y146.035 E1322.35097
G1 X175.07 Y149.669 E1322.47727
G1 X159 Y165.739 E1323.26717
G1 X158.959 Y165.748 E1323.26863
G1 X158.297 Y166.098 E1323.29466
G1 X158.037 Y166.333 E1323.30684
G1 X154.134 Y162.43 E1323.49868
G1 X154.014 Y162.429 E1323.50285
G1 X141.873 Y174.57 E1324.09963
G1 X141.387 Y174.57 E1324.11652
G1 X134.89 Y168.073 E1324.43587
G1 X134.941 Y168.502 E1324.45089
G1 X134.864 Y169.135 E1324.47305
G1 X141.57 Y162.429 E1324.80267
G1 X141.691 Y162.43 E1324.80688
G1 X153.83 Y174.57 E1325.40358
G1 X154.317 Y174.57 E1325.42051
G1 X158.138 Y170.749 E1325.60832
G1 X157.799 Y170.451 E1325.62401
G1 X157.397 Y169.867 E1325.64865
G1 X157.143 Y169.199 E1325.67349
G1 X157.059 Y168.497 E1325.69806
G1 X157.145 Y167.797 E1325.72258
G1 X157.242 Y167.497 E1325.73354
G1 X150.169 Y174.57 E1326.0812
G1 X149.682 Y174.57 E1326.09813
G1 X137.543 Y162.43 E1326.69483
G1 X137.422 Y162.429 E1326.69903
G1 X133.734 Y166.117 E1326.88031
G1 X133.045 Y165.75 E1326.90744
G1 X132.411 Y165.595 E1326.93013
G1 X129.247 Y162.43 E1327.08567
G1 X129.126 Y162.429 E1327.08988
G1 X128.93 Y162.625 E1327.09951
G1 X128.93 Y166.261 E1327.22589
G1 X129.563 Y166.894 E1327.257
G1 X129.242 Y167.359 E1327.27664
G1 X129.242 Y167.54 E1327.28293
G1 X129.145 Y167.797 E1327.29248
G1 X129.059 Y168.497 E1327.31699
G1 X129.143 Y169.199 E1327.34157
G1 X129.397 Y169.867 E1327.36641
G1 X129.636 Y170.215 E1327.38108
G1 X128.93 Y170.921 E1327.41578
G1 X128.93 Y174.57 E1327.54261
G1 X129.43 Y174.57 E1327.55999
G1 X132.653 Y171.346 E1327.71844
G1 X133.042 Y171.252 E1327.73235
G1 X133.617 Y170.948 E1327.75495
G1 X137.239 Y174.57 E1327.93299
G1 X137.725 Y174.57 E1327.94988
G1 X149.866 Y162.429 E1328.54665
G1 X149.987 Y162.43 E1328.55086
G1 X157.381 Y169.824 E1328.9143
G1 X157.458 Y169.901
G1 F2400 E1328.4143
G1 F600 Z2.1
G0 F15000 X134.864 Y134.864 Z2.1
G1 F600 Z1.7
G1 F2400 E1328.9143
G1 F15000 X141.57 Y141.57 E1329.24392
G1 X141.69 Y141.57 E1329.24809
G1 X153.83 Y129.43 E1329.84482
G1 X154.318 Y129.43 E1329.86178
G1 X158.133 Y133.246 E1330.04933
G1 X158.297 Y133.098 E1330.057
G1 X158.638 Y132.918 E1330.07041
G1 X162.125 Y129.43 E1330.24183
G1 X162.613 Y129.43 E1330.25879
G1 X167.956 Y134.773 E1330.52142
G1 X167.637 Y134.894 E1330.53328
G1 X167.046 Y135.301 E1330.55822
G1 X166.581 Y135.83 E1330.5827
G1 X166.25 Y136.455 E1330.60728
G1 X166.102 Y137.066 E1330.62913
G1 X158.465 Y129.43 E1331.00449
G1 X157.978 Y129.43 E1331.02142
G1 X145.838 Y141.57 E1331.61814
G1 X145.718 Y141.57 E1331.62231
G1 X133.578 Y129.43 E1332.21904
G1 X133.09 Y129.43 E1332.236
G1 X128.93 Y133.591 E1332.4405
G1 X128.93 Y137.225 E1332.56681
G1 X133.274 Y141.57 E1332.78036
G1 X133.394 Y141.57 E1332.78453
G1 X145.534 Y129.43 E1333.38125
G1 X146.022 Y129.43 E1333.39821
G1 X175.07 Y158.479 E1334.82605
G1 X175.07 Y162.113 E1334.95236
G1 X171.943 Y165.24 E1335.10606
G1 X171.75 Y164.454 E1335.13419
G1 X171.42 Y163.831 E1335.15869
G1 X170.956 Y163.304 E1335.1831
G1 X170.365 Y162.896 E1335.20806
G1 X170.201 Y162.834 E1335.21415
G1 X175.07 Y157.965 E1335.45348
G1 X175.07 Y154.331 E1335.57979
G1 X159.001 Y138.261 E1336.36966
G1 X158.955 Y138.25 E1336.37131
G1 X158.33 Y137.919 E1336.39589
G1 X158.04 Y137.663 E1336.40933
G1 X154.134 Y141.57 E1336.60135
G1 X154.014 Y141.57 E1336.60552
G1 X141.874 Y129.43 E1337.20225
G1 X141.386 Y129.43 E1337.21921
G1 X134.89 Y135.926 E1337.53851
G1 X134.941 Y135.502 E1337.55335
G1 X134.857 Y134.8 E1337.57793
G1 X134.606 Y134.137 E1337.60257
G1 X134.203 Y133.551 E1337.62729
G1 X133.632 Y133.036 E1337.65401
G1 X137.238 Y129.43 E1337.83126
G1 X137.726 Y129.43 E1337.84822
G1 X149.866 Y141.57 E1338.44495
G1 X149.986 Y141.57 E1338.44912
G1 X157.341 Y134.215 E1338.81064
G1 X157.242 Y134.359 E1338.81671
G1 X157.242 Y134.54 E1338.82301
G1 X157.145 Y134.797 E1338.83255
G1 X157.059 Y135.497 E1338.85707
G1 X157.143 Y136.199 E1338.88164
G1 X157.269 Y136.53 E1338.89395
G1 X150.17 Y129.43 E1339.24292
G1 X149.682 Y129.43 E1339.25988
G1 X137.542 Y141.57 E1339.8566
G1 X137.422 Y141.57 E1339.86077
G1 X133.736 Y137.884 E1340.04195
G1 X133.042 Y138.252 E1340.06925
G1 X132.411 Y138.405 E1340.09182
G1 X129.246 Y141.57 E1340.24739
G1 X129.126 Y141.57 E1340.25156
G1 X128.93 Y141.373 E1340.26122
G1 X128.93 Y137.739 E1340.38753
G1 X129.561 Y137.107 E1340.41857
G1 X129.397 Y136.868 E1340.42864
G1 X129.143 Y136.199 E1340.45352
G1 X129.059 Y135.497 E1340.47809
G1 X129.145 Y134.797 E1340.5026
G1 X129.242 Y134.54 E1340.51215
G1 X129.242 Y134.359 E1340.51844
G1 X129.637 Y133.785 E1340.54266
G1 X128.93 Y133.077 E1340.57743
G1 X128.93 Y129.43 E1340.70419
G1 X129.43 Y129.43 E1340.72157
G1 X132.654 Y132.654 E1340.88004
G1 X132.352 Y132.581 E1340.89084
G1 X132.246 Y132.556
G1 F2400 E1340.39084
G1 F600 Z2.1
G0 F15000 X132.945 Y137.98 Z2.1
;TYPE:SKIN
G1 F600 Z1.7
G1 F2400 E1340.89084
G1 F9000 X133.501 Y137.682 E1340.91277
G1 X133.978 Y137.264 E1340.93481
G1 X134.343 Y136.732 E1340.95723
G1 X134.572 Y136.135 E1340.97946
G1 X134.65 Y135.499 E1341.00173
G1 X134.576 Y134.865 E1341.02391
G1 X134.348 Y134.264 E1341.04626
G1 X133.981 Y133.739 E1341.06852
G1 X133.536 Y133.334 E1341.08943
G1 X132.944 Y133.02 E1341.11272
G1 X132.313 Y132.864 E1341.13532
G1 X131.683 Y132.864 E1341.15721
G1 X131.055 Y133.02 E1341.1797
G1 X130.465 Y133.332 E1341.2029
G1 X130.014 Y133.736 E1341.22395
G1 X129.528 Y134.445 E1341.25382
G1 X129.516 Y134.626 E1341.26013
G1 X129.424 Y134.863 E1341.26896
G1 X129.346 Y135.496 E1341.29113
G1 X129.424 Y136.13 E1341.31333
G1 X129.653 Y136.736 E1341.33585
G1 X130.014 Y137.257 E1341.35788
G1 X130.491 Y137.681 E1341.38006
G1 X131.051 Y137.976 E1341.40206
G1 X131.683 Y138.131 E1341.42468
G1 X132.314 Y138.132 E1341.44661
G1 X132.945 Y137.98 E1341.46917
G1 F2400 E1340.96917
G1 F600 Z2.1
G0 F15000 X134.205 Y136.476 Z2.1
G1 F600 Z1.7
G1 F2400 E1341.46917
G1 F9000 X132.954 Y137.726 E1341.53064
G0 F15000 X132.146 Y137.912
G1 F9000 X134.41 Y135.649 E1341.64189
G0 F15000 X134.377 Y135.059
G1 F9000 X131.561 Y137.875 E1341.78031
G0 F15000 X131.074 Y137.739
G1 F9000 X134.232 Y134.582 E1341.93551
G0 F15000 X134.017 Y134.175
G1 F9000 X130.666 Y137.525 E1342.1002
G0 F15000 X130.328 Y137.242
G1 F9000 X133.747 Y133.822 E1342.26828
G0 F15000 X133.42 Y133.527
G1 F9000 X130.04 Y136.907 E1342.43442
G0 F15000 X129.806 Y136.519
G1 F9000 X133.017 Y133.308 E1342.59226
G0 F15000 X132.553 Y133.15
G1 F9000 X129.638 Y136.064 E1342.73551
G0 F15000 X129.57 Y135.51
G1 F9000 X131.996 Y133.084 E1342.85476
G0 F15000 X131.262 Y133.196
G1 F9000 X129.676 Y134.782 E1342.93272
G1 X129.599 Y134.859
G1 F2400 E1342.43272
G1 F600 Z2.1
G0 F15000 X154.644 Y162.144 Z2.1
G1 F600 Z1.7
G1 F2400 E1342.93272
G1 F9000 X154.644 Y141.856 E1343.63786
G1 X128.996 Y141.856 E1344.52931
G1 X128.996 Y162.144 E1345.23445
G1 X154.644 Y162.144 E1346.1259
G0 F15000 X154.181 Y161.924
G1 F9000 X154.424 Y161.681 E1346.13784
G0 F15000 X154.424 Y161.059
G1 F9000 X153.559 Y161.924 E1346.18036
G0 F15000 X152.937 Y161.924
G1 F9000 X154.424 Y160.437 E1346.25345
G0 F15000 X154.424 Y159.815
G1 F9000 X152.314 Y161.924 E1346.35714
G0 F15000 X151.692 Y161.924
G1 F9000 X154.424 Y159.192 E1346.49143
G0 F15000 X154.424 Y158.57
G1 F9000 X151.07 Y161.924 E1346.65629
G0 F15000 X150.448 Y161.924
G1 F9000 X154.424 Y157.948 E1346.85172
G0 F15000 X154.424 Y157.326
G1 F9000 X149.825 Y161.924 E1347.07776
G0 F15000 X149.203 Y161.924
G1 F9000 X154.424 Y156.703 E1347.33439
G0 F15000 X154.424 Y156.081
G1 F9000 X148.581 Y161.924 E1347.62159
G0 F15000 X147.959 Y161.924
G1 F9000 X154.424 Y155.459 E1347.93937
G0 F15000 X154.424 Y154.837
G1 F9000 X147.336 Y161.924 E1348.28775
G0 F15000 X146.714 Y161.924
G1 F9000 X154.424 Y154.214 E1348.66672
G0 F15000 X154.424 Y153.592
G1 F9000 X146.092 Y161.924 E1349.07627
G0 F15000 X145.47 Y161.924
G1 F9000 X154.424 Y152.97 E1349.51639
G0 F15000 X154.424 Y152.348
G1 F9000 X144.847 Y161.924 E1349.98711
G0 F15000 X144.225 Y161.924
G1 F9000 X154.424 Y151.725 E1350.48843
G0 F15000 X154.424 Y151.103
G1 F9000 X143.603 Y161.924 E1351.02032
G0 F15000 X142.981 Y161.924
G1 F9000 X154.424 Y150.481 E1351.58278
G0 F15000 X154.424 Y149.859
G1 F9000 X142.358 Y161.924 E1352.17585
G0 F15000 X141.736 Y161.924
G1 F9000 X154.424 Y149.236 E1352.79951
G0 F15000 X154.424 Y148.614
G1 F9000 X141.114 Y161.924 E1353.45374
G0 F15000 X140.492 Y161.924
G1 F9000 X154.424 Y147.992 E1354.13855
G0 F15000 X154.424 Y147.37
G1 F9000 X139.869 Y161.924 E1354.85395
G0 F15000 X139.247 Y161.924
G1 F9000 X154.424 Y146.747 E1355.59996
G0 F15000 X154.424 Y146.125
G1 F9000 X138.625 Y161.924 E1356.37654
G0 F15000 X138.002 Y161.924
G1 F9000 X154.424 Y145.503 E1357.18371
G0 F15000 X154.424 Y144.881
G1 F9000 X137.38 Y161.924 E1358.02146
G0 F15000 X136.758 Y161.924
G1 F9000 X154.424 Y144.258 E1358.88981
G0 F15000 X154.424 Y143.636
G1 F9000 X136.136 Y161.924 E1359.78873
G0 F15000 X135.513 Y161.924
G1 F9000 X154.424 Y143.014 E1360.71825
G0 F15000 X154.424 Y142.392
G1 F9000 X134.891 Y161.924 E1361.67834
G0 F15000 X134.269 Y161.924
G1 F9000 X154.117 Y142.075 E1362.65397
G0 F15000 X153.495 Y142.075
G1 F9000 X133.647 Y161.924 E1363.62959
G0 F15000 X133.024 Y161.924
G1 F9000 X152.873 Y142.075 E1364.60524
G0 F15000 X152.251 Y142.075
G1 F9000 X132.402 Y161.924 E1365.58089
G0 F15000 X131.78 Y161.924
G1 F9000 X151.628 Y142.075 E1366.55652
G0 F15000 X151.006 Y142.075
G1 F9000 X131.158 Y161.924 E1367.53214
G0 F15000 X130.535 Y161.924
G1 F9000 X150.384 Y142.075 E1368.50779
G0 F15000 X149.762 Y142.075
G1 F9000 X129.913 Y161.924 E1369.48344
G0 F15000 X129.291 Y161.924
G1 F9000 X149.139 Y142.075 E1370.45907
G0 F15000 X148.517 Y142.075
G1 F9000 X129.216 Y161.377 E1371.4078
G0 F15000 X129.216 Y160.754
G1 F9000 X147.895 Y142.075 E1372.32594
G0 F15000 X147.273 Y142.075
G1 F9000 X129.216 Y160.132 E1373.21351
G0 F15000 X129.216 Y159.51
G1 F9000 X146.65 Y142.075 E1374.07048
G0 F15000 X146.028 Y142.075
G1 F9000 X129.216 Y158.888 E1374.89687
G0 F15000 X129.216 Y158.265
G1 F9000 X145.406 Y142.075 E1375.69267
G0 F15000 X144.784 Y142.075
G1 F9000 X129.216 Y157.643 E1376.45789
G0 F15000 X129.216 Y157.021
G1 F9000 X144.161 Y142.075 E1377.19252
G0 F15000 X143.539 Y142.075
G1 F9000 X129.216 Y156.399 E1377.89657
G0 F15000 X129.216 Y155.776
G1 F9000 X142.917 Y142.075 E1378.57002
G0 F15000 X142.295 Y142.075
G1 F9000 X129.216 Y155.154 E1379.2129
G0 F15000 X129.216 Y154.532
G1 F9000 X141.672 Y142.075 E1379.82519
G0 F15000 X141.05 Y142.075
G1 F9000 X129.216 Y153.91 E1380.40689
G0 F15000 X129.216 Y153.287
G1 F9000 X140.428 Y142.075 E1380.958
G0 F15000 X139.806 Y142.075
G1 F9000 X129.216 Y152.665 E1381.47854
G0 F15000 X129.216 Y152.043
G1 F9000 X139.183 Y142.075 E1381.96848
G0 F15000 X138.561 Y142.075
G1 F9000 X129.216 Y151.421 E1382.42784
G0 F15000 X129.216 Y150.798
G1 F9000 X137.939 Y142.075 E1382.85661
G0 F15000 X137.317 Y142.075
G1 F9000 X129.216 Y150.176 E1383.2548
G0 F15000 X129.216 Y149.554
G1 F9000 X136.694 Y142.075 E1383.6224
G0 F15000 X136.072 Y142.075
G1 F9000 X129.216 Y148.932 E1383.95942
G0 F15000 X129.216 Y148.309
G1 F9000 X135.45 Y142.075 E1384.26584
G0 F15000 X134.828 Y142.075
G1 F9000 X129.216 Y147.687 E1384.54169
G0 F15000 X129.216 Y147.065
G1 F9000 X134.205 Y142.075 E1384.78695
G0 F15000 X133.583 Y142.075
G1 F9000 X129.216 Y146.443 E1385.00162
G0 F15000 X129.216 Y145.82
G1 F9000 X132.961 Y142.075 E1385.1857
G0 F15000 X132.339 Y142.075
G1 F9000 X129.216 Y145.198 E1385.33921
G0 F15000 X129.216 Y144.576
G1 F9000 X131.716 Y142.075 E1385.46212
G0 F15000 X131.094 Y142.075
G1 F9000 X129.216 Y143.954 E1385.55446
G0 F15000 X129.216 Y143.331
G1 F9000 X130.472 Y142.075 E1385.61619
G0 F15000 X129.85 Y142.075
G1 F9000 X129.216 Y142.709 E1385.64736
G1 X129.139 Y142.786
G1 F2400 E1385.14736
G1 F600 Z2.1
G0 F15000 X132.941 Y170.98 Z2.1
G1 F600 Z1.7
G1 F2400 E1385.64736
G1 F9000 X133.502 Y170.681 E1385.66945
G1 X133.978 Y170.264 E1385.69145
G1 X134.343 Y169.732 E1385.71387
G1 X134.572 Y169.135 E1385.73609
G1 X134.65 Y168.499 E1385.75836
G1 X134.576 Y167.865 E1385.78055
G1 X134.348 Y167.264 E1385.80289
G1 X133.981 Y166.739 E1385.82516
G1 X133.536 Y166.334 E1385.84607
G1 X132.944 Y166.02 E1385.86936
G1 X132.313 Y165.864 E1385.89195
G1 X131.683 Y165.864 E1385.91385
G1 X131.055 Y166.02 E1385.93634
G1 X130.465 Y166.332 E1385.95954
G1 X130.014 Y166.736 E1385.98058
G1 X129.528 Y167.445 E1386.01046
G1 X129.516 Y167.626 E1386.01676
G1 X129.424 Y167.863 E1386.0256
G1 X129.346 Y168.496 E1386.04777
G1 X129.424 Y169.13 E1386.06997
G1 X129.653 Y169.736 E1386.09248
G1 X130.014 Y170.257 E1386.11452
G1 X130.491 Y170.681 E1386.1367
G1 X131.051 Y170.976 E1386.1587
G1 X131.683 Y171.131 E1386.18131
G1 X132.313 Y171.131 E1386.20321
G1 X132.941 Y170.98 E1386.22566
G1 F2400 E1385.72566
G1 F600 Z2.1
G0 F15000 X134.217 Y169.443 Z2.1
G1 F600 Z1.7
G1 F2400 E1386.22566
G1 F9000 X132.916 Y170.744 E1386.28961
G0 F15000 X132.127 Y170.911
G1 F9000 X134.413 Y168.624 E1386.402
G0 F15000 X134.376 Y168.04
G1 F9000 X131.544 Y170.871 E1386.54118
G0 F15000 X131.06 Y170.733
G1 F9000 X134.227 Y167.566 E1386.69685
G0 F15000 X134.008 Y167.163
G1 F9000 X130.653 Y170.518 E1386.86176
G0 F15000 X130.316 Y170.232
G1 F9000 X133.736 Y166.813 E1387.02984
G0 F15000 X133.411 Y166.516
G1 F9000 X130.031 Y169.895 E1387.19595
G0 F15000 X129.8 Y169.504
G1 F9000 X133.003 Y166.301 E1387.35339
G0 F15000 X132.536 Y166.146
G1 F9000 X129.635 Y169.047 E1387.49599
G0 F15000 X129.569 Y168.491
G1 F9000 X131.976 Y166.084 E1387.6143
G0 F15000 X131.235 Y166.203
G1 F9000 X129.683 Y167.755 E1387.69058
G1 X129.606 Y167.832
G1 F2400 E1387.19058
G1 F600 Z2.1
G0 F15000 X160.941 Y170.98 Z2.1
G1 F600 Z1.7
G1 F2400 E1387.69058
G1 F9000 X161.502 Y170.681 E1387.71268
G1 X161.978 Y170.264 E1387.73467
G1 X162.343 Y169.732 E1387.7571
G1 X162.572 Y169.135 E1387.77932
G1 X162.65 Y168.499 E1387.80159
G1 X162.576 Y167.865 E1387.82378
G1 X162.348 Y167.264 E1387.84612
G1 X161.981 Y166.739 E1387.86838
G1 X161.536 Y166.334 E1387.8893
G1 X160.944 Y166.02 E1387.91259
G1 X160.313 Y165.864 E1387.93518
G1 X159.683 Y165.864 E1387.95708
G1 X159.055 Y166.02 E1387.97957
G1 X158.465 Y166.332 E1388.00277
G1 X158.014 Y166.736 E1388.02381
G1 X157.528 Y167.445 E1388.05369
G1 X157.516 Y167.626 E1388.05999
G1 X157.424 Y167.863 E1388.06883
G1 X157.346 Y168.496 E1388.091
G1 X157.424 Y169.13 E1388.1132
G1 X157.653 Y169.736 E1388.13571
G1 X158.014 Y170.257 E1388.15774
G1 X158.491 Y170.681 E1388.17993
G1 X159.051 Y170.976 E1388.20193
G1 X159.683 Y171.131 E1388.22454
G1 X160.313 Y171.131 E1388.24644
G1 X160.941 Y170.98 E1388.26889
G1 F2400 E1387.76889
G1 F600 Z2.1
G0 F15000 X162.216 Y169.445 Z2.1
G1 F600 Z1.7
G1 F2400 E1388.26889
G1 F9000 X160.919 Y170.742 E1388.33264
G0 F15000 X160.129 Y170.911
G1 F9000 X162.413 Y168.626 E1388.44493
G0 F15000 X162.376 Y168.041
G1 F9000 X159.546 Y170.871 E1388.58404
G0 F15000 X159.062 Y170.733
G1 F9000 X162.227 Y167.567 E1388.73963
G0 F15000 X162.009 Y167.164
G1 F9000 X158.654 Y170.519 E1388.90454
G0 F15000 X158.317 Y170.233
G1 F9000 X161.737 Y166.814 E1389.07262
G0 F15000 X161.411 Y166.517
G1 F9000 X158.032 Y169.896 E1389.23871
G0 F15000 X157.801 Y169.505
G1 F9000 X161.004 Y166.302 E1389.39615
G0 F15000 X160.537 Y166.146
G1 F9000 X157.636 Y169.047 E1389.53875
G0 F15000 X157.569 Y168.492
G1 F9000 X159.977 Y166.084 E1389.65711
G0 F15000 X159.237 Y166.202
G1 F9000 X157.683 Y167.756 E1389.73349
G1 X157.606 Y167.833
G1 F2400 E1389.23349
G1 F600 Z2.1
G0 F15000 X169.63 Y168.076 Z2.1
G1 F600 Z1.7
G1 F2400 E1389.73349
G1 F9000 X170.232 Y167.844 E1389.75592
G1 X170.752 Y167.486 E1389.77786
G1 X171.182 Y166.997 E1389.80049
G1 X171.432 Y166.617 E1389.8163
G1 X171.632 Y165.813 E1389.8451
G1 X171.632 Y165.179 E1389.86713
G1 X171.476 Y164.552 E1389.88959
G1 X171.181 Y163.994 E1389.91153
G1 X170.764 Y163.518 E1389.93352
G1 X170.232 Y163.153 E1389.95595
G1 X169.634 Y162.924 E1389.9782
G1 X169 Y162.846 E1390.00041
G1 X168.366 Y162.924 E1390.02261
G1 X167.841 Y163.122 E1390.04211
G1 X166.975 Y163.552 E1390.07572
G1 X166.998 Y163.644 E1390.07901
G1 X166.962 Y163.827 E1390.08549
G1 X166.814 Y163.992 E1390.0932
G1 X166.52 Y164.551 E1390.11515
G1 X166.364 Y165.183 E1390.13778
G1 X166.364 Y165.813 E1390.15967
G1 X166.52 Y166.441 E1390.18216
G1 X166.834 Y167.036 E1390.20555
G1 X167.238 Y167.481 E1390.22644
G1 X167.764 Y167.843 E1390.24863
G1 X168.362 Y168.072 E1390.27089
G1 X168.997 Y168.15 E1390.29312
G1 X169.63 Y168.076 E1390.31527
G1 F2400 E1389.81527
G1 F600 Z2.1
G0 F15000 X170.474 Y167.41 Z2.1
G1 F600 Z1.7
G1 F2400 E1390.31527
G1 F9000 X170.898 Y166.986 E1390.33612
G1 F2400 E1389.83612
G1 F600 Z2.1
G0 F15000 X171.391 Y165.871 Z2.1
G1 F600 Z1.7
G1 F2400 E1390.33612
G1 F9000 X169.377 Y167.885 E1390.43511
G0 F15000 X168.743 Y167.897
G1 F9000 X171.412 Y165.228 E1390.5663
G0 F15000 X171.292 Y164.725
G1 F9000 X168.231 Y167.787 E1390.71679
G0 F15000 X167.796 Y167.598
G1 F9000 X171.094 Y164.301 E1390.87887
G0 F15000 X170.837 Y163.936
G1 F9000 X167.427 Y167.345 E1391.04646
G0 F15000 X167.124 Y167.026
G1 F9000 X170.527 Y163.623 E1391.21373
G0 F15000 X170.158 Y163.37
G1 F9000 X166.879 Y166.649 E1391.3749
G0 F15000 X166.691 Y166.215
G1 F9000 X169.716 Y163.19 E1391.52359
G0 F15000 X169.192 Y163.091
G1 F9000 X166.584 Y165.7 E1391.65181
G0 F15000 X166.628 Y165.034
G1 F9000 X168.537 Y163.124 E1391.74567
G1 X168.614 Y163.047
G1 F2400 E1391.24567
G1 F600 Z2.1
G0 F15000 X167.504 Y163.535 Z2.1
G1 F600 Z1.7
G1 F2400 E1391.74567
G1 F9000 X167.153 Y163.886 E1391.76292
G1 F2400 E1391.26292
G1 F600 Z2.1
G0 F15000 X169.63 Y140.076 Z2.1
G1 F600 Z1.7
G1 F2400 E1391.76292
G1 F9000 X170.232 Y139.844 E1391.78535
G1 X170.752 Y139.486 E1391.80729
G1 X171.182 Y138.997 E1391.82992
G1 X171.432 Y138.617 E1391.84573
G1 X171.632 Y137.813 E1391.87453
G1 X171.632 Y137.179 E1391.89656
G1 X171.476 Y136.552 E1391.91902
G1 X171.181 Y135.994 E1391.94096
G1 X170.764 Y135.518 E1391.96295
G1 X170.232 Y135.153 E1391.98538
G1 X169.634 Y134.924 E1392.00763
G1 X169 Y134.846 E1392.02983
G1 X168.366 Y134.924 E1392.05204
G1 X167.764 Y135.153 E1392.07442
G1 X167.228 Y135.522 E1392.09704
G1 X166.815 Y135.994 E1392.11884
G1 X166.52 Y136.551 E1392.14075
G1 X166.364 Y137.183 E1392.16337
G1 X166.364 Y137.813 E1392.18527
G1 X166.52 Y138.441 E1392.20776
G1 X166.834 Y139.036 E1392.23114
G1 X167.238 Y139.481 E1392.25203
G1 X167.764 Y139.843 E1392.27423
G1 X168.362 Y140.072 E1392.29648
G1 X168.997 Y140.15 E1392.31872
G1 X169.63 Y140.076 E1392.34087
G1 F2400 E1391.84087
G1 F600 Z2.1
G0 F15000 X170.469 Y139.413 Z2.1
G1 F600 Z1.7
G1 F2400 E1392.34087
G1 F9000 X170.908 Y138.974 E1392.36245
G1 F2400 E1391.86245
G1 F600 Z2.1
G0 F15000 X171.391 Y137.87 Z2.1
G1 F600 Z1.7
G1 F2400 E1392.36245
G1 F9000 X169.375 Y139.885 E1392.46152
G0 F15000 X168.741 Y139.897
G1 F9000 X171.412 Y137.226 E1392.59281
G0 F15000 X171.292 Y136.724
G1 F9000 X168.23 Y139.786 E1392.74332
G0 F15000 X167.796 Y139.598
G1 F9000 X171.094 Y136.3 E1392.90542
G0 F15000 X170.836 Y135.935
G1 F9000 X167.427 Y139.345 E1393.07301
G0 F15000 X167.123 Y139.026
G1 F9000 X170.527 Y135.622 E1393.24033
G0 F15000 X170.157 Y135.369
G1 F9000 X166.879 Y138.648 E1393.40148
G0 F15000 X166.691 Y138.213
G1 F9000 X169.714 Y135.19 E1393.55007
G0 F15000 X169.191 Y135.091
G1 F9000 X166.584 Y137.698 E1393.67822
G0 F15000 X166.629 Y137.031
G1 F9000 X168.535 Y135.125 E1393.7719
G1 X168.612 Y135.048
G1 F2400 E1393.2719
G1 F600 Z2.1
G0 F15000 X160.945 Y137.98 Z2.1
G1 F600 Z1.7
G1 F2400 E1393.7719
G1 F9000 X161.501 Y137.682 E1393.79383
G1 X161.978 Y137.264 E1393.81587
G1 X162.343 Y136.732 E1393.8383
G1 X162.572 Y136.135 E1393.86052
G1 X162.65 Y135.499 E1393.88279
G1 X162.576 Y134.865 E1393.90498
G1 X162.348 Y134.264 E1393.92732
G1 X161.981 Y133.739 E1393.94958
G1 X161.536 Y133.334 E1393.9705
G1 X160.944 Y133.02 E1393.99379
G1 X160.313 Y132.864 E1394.01638
G1 X159.683 Y132.864 E1394.03828
G1 X159.055 Y133.02 E1394.06077
G1 X158.465 Y133.332 E1394.08396
G1 X158.014 Y133.736 E1394.10501
G1 X157.528 Y134.445 E1394.13488
G1 X157.516 Y134.626 E1394.14119
G1 X157.424 Y134.863 E1394.15003
G1 X157.346 Y135.496 E1394.17219
G1 X157.424 Y136.13 E1394.1944
G1 X157.653 Y136.736 E1394.21691
G1 X158.014 Y137.257 E1394.23894
G1 X158.491 Y137.681 E1394.26112
G1 X159.051 Y137.976 E1394.28312
G1 X159.683 Y138.131 E1394.30574
G1 X160.314 Y138.132 E1394.32767
G1 X160.945 Y137.98 E1394.35023
G1 F2400 E1393.85023
G1 F600 Z2.1
G0 F15000 X162.204 Y136.478 Z2.1
G1 F600 Z1.7
G1 F2400 E1394.35023
G1 F9000 X160.957 Y137.725 E1394.41153
G0 F15000 X160.148 Y137.912
G1 F9000 X162.41 Y135.65 E1394.52271
G0 F15000 X162.377 Y135.06
G1 F9000 X159.562 Y137.875 E1394.66108
G0 F15000 X159.075 Y137.74
G1 F9000 X162.233 Y134.582 E1394.81631
G0 F15000 X162.017 Y134.176
G1 F9000 X158.667 Y137.526 E1394.98097
G0 F15000 X158.328 Y137.242
G1 F9000 X161.747 Y133.823 E1395.14903
G0 F15000 X161.421 Y133.527
G1 F9000 X158.04 Y136.908 E1395.31521
G0 F15000 X157.806 Y136.52
G1 F9000 X161.018 Y133.308 E1395.4731
G0 F15000 X160.554 Y133.15
G1 F9000 X157.639 Y136.065 E1395.61638
G0 F15000 X157.57 Y135.511
G1 F9000 X159.998 Y133.084 E1395.7357
G0 F15000 X159.264 Y133.196
G1 F9000 X157.675 Y134.784 E1395.81378
G1 X157.598 Y134.861
G1 F2400 E1395.31378
G1 F600 Z2.1
;MESH:NONMESH
G0 F15000 X176.28 Y175.78 Z2.1
;TIME_ELAPSED:470.754177
;LAYER:8
;MESH:case_VL53L8+RP2040-down.stl
G0 X176.28 Y175.78 Z2.3
;TYPE:WALL-OUTER
G1 F600 Z1.9
G1 F2400 E1395.81378
G1 F9000 X176.28 Y128.22 E1397.46682
G1 X127.72 Y128.22 E1399.15461
G1 X127.72 Y175.78 E1400.80764
G1 X176.28 Y175.78 E1402.49543
G0 F15000 X175.84 Y175.34
;TYPE:WALL-INNER
G1 F10500 X175.84 Y128.66 E1404.11788
G1 X128.16 Y128.66 E1405.77509
G1 X128.16 Y175.34 E1407.39754
G1 X175.84 Y175.34 E1409.05475
G0 F15000 X175.4 Y174.9
G1 F10500 X175.4 Y129.1 E1410.64661
G1 X128.6 Y129.1 E1412.27323
G1 X128.6 Y174.9 E1413.86509
G1 X175.4 Y174.9 E1415.49171
G1 F2400 E1414.99171
G1 F600 Z2.3
G0 F15000 X171.731 Y136.416 Z2.3
;TYPE:FILL
G1 F600 Z1.9
G1 F2400 E1415.49171
G1 F15000 X175.07 Y133.077 E1415.65584
G1 X175.07 Y129.444 E1415.78211
G1 X175.057 Y129.43 E1415.78277
G1 X174.569 Y129.43 E1415.79973
G1 X169.392 Y134.607 E1416.0542
G1 X169.002 Y134.559 E1416.06786
G1 X169.702 Y134.644 E1416.09237
G1 X170.365 Y134.896 E1416.11702
G1 X170.956 Y135.304 E1416.14198
G1 X171.42 Y135.831 E1416.16639
G1 X171.731 Y136.416 E1416.18941
G1 F2400 E1415.68941
G1 F600 Z2.3
G0 F15000 X160.352 Y165.581 Z2.3
G1 F600 Z1.9
G1 F2400 E1416.18941
G1 F15000 X161.045 Y165.75 E1416.21421
G1 X161.703 Y166.1 E1416.24011
G1 X162.273 Y166.614 E1416.26679
G1 X175.07 Y153.817 E1416.8958
G1 X175.07 Y150.183 E1417.02211
G1 X162.256 Y137.368 E1417.65199
G1 X162.604 Y136.865 E1417.67325
G1 X162.856 Y136.202 E1417.6979
G1 X162.941 Y135.502 E1417.72241
G1 X162.857 Y134.8 E1417.74698
G1 X162.606 Y134.137 E1417.77162
G1 X162.182 Y133.521 E1417.79761
G1 X166.273 Y129.43 E1417.9987
G1 X166.761 Y129.43 E1418.01566
G1 X175.07 Y137.739 E1418.42408
G1 X175.07 Y141.373 E1418.55039
G1 X154.93 Y161.513 E1419.54034
G1 X154.93 Y159.078 E1419.62497
G1 X170.422 Y174.57 E1420.38646
G1 X170.908 Y174.57 E1420.40335
G1 X175.07 Y170.408 E1420.60793
G1 X175.07 Y166.775 E1420.7342
G1 X154.93 Y146.634 E1421.72418
G1 X154.93 Y149.069 E1421.80881
G1 X166.094 Y137.906 E1422.35754
G1 X166.248 Y138.541 E1422.38025
G1 X166.6 Y139.204 E1422.40634
G1 X167.05 Y139.702 E1422.42967
G1 X167.634 Y140.104 E1422.45431
G1 X167.931 Y140.216 E1422.46534
G1 X154.93 Y153.217 E1423.10439
G1 X154.93 Y150.782 E1423.18902
G1 X167.246 Y163.098 E1423.7944
G1 X166.645 Y163.399 E1423.81776
G1 X166.713 Y163.68 E1423.82781
G1 X166.58 Y163.831 E1423.8348
G1 X166.25 Y164.455 E1423.85934
G1 X166.081 Y165.148 E1423.88413
G1 X166.081 Y165.851 E1423.90856
G1 X166.155 Y166.155 E1423.91944
G1 X154.93 Y154.93 E1424.47119
G1 X154.93 Y157.365 E1424.55582
G1 X175.07 Y137.225 E1425.54577
G1 X175.07 Y133.592 E1425.67204
G1 X170.909 Y129.43 E1425.8766
G1 X170.421 Y129.43 E1425.89356
G1 X154.93 Y144.922 E1426.65502
G1 X154.93 Y142.486 E1426.73969
G1 X175.07 Y162.627 E1427.72967
G1 X175.07 Y166.261 E1427.85597
G1 X166.761 Y174.57 E1428.26439
G1 X166.274 Y174.57 E1428.28132
G1 X162.177 Y170.473 E1428.4827
G1 X161.669 Y170.92 E1428.50622
G1 X161.042 Y171.252 E1428.53088
G1 X160.352 Y171.419 E1428.55555
G1 X159.648 Y171.419 E1428.58002
G1 X158.955 Y171.25 E1428.60481
G1 X158.64 Y171.084 E1428.61719
G1 X162.126 Y174.57 E1428.78854
G1 X162.613 Y174.57 E1428.80546
G1 X168.77 Y168.412 E1429.10813
G1 X168.998 Y168.441 E1429.11612
G1 X169.701 Y168.357 E1429.14072
G1 X170.365 Y168.105 E1429.16541
G1 X170.95 Y167.702 E1429.1901
G1 X171.372 Y167.224 E1429.21226
G1 X175.07 Y170.923 E1429.39406
G1 X175.07 Y174.57 E1429.52081
G1 X174.57 Y174.57 E1429.53819
G1 X168.364 Y168.364 E1429.84324
G1 X168.296 Y168.355 E1429.84562
G1 X167.634 Y168.104 E1429.87023
G1 X167.05 Y167.702 E1429.89487
G1 X166.6 Y167.204 E1429.9182
G1 X166.333 Y166.702 E1429.93796
G1 X158.465 Y174.57 E1430.3247
G1 X157.978 Y174.57 E1430.34163
G1 X145.839 Y162.43 E1430.93833
G1 X145.718 Y162.429 E1430.94254
G1 X133.577 Y174.57 E1431.53931
G1 X133.091 Y174.57 E1431.5562
G1 X128.93 Y170.409 E1431.76073
G1 X128.93 Y166.773 E1431.88711
G1 X133.274 Y162.429 E1432.10063
G1 X133.395 Y162.43 E1432.10484
G1 X145.535 Y174.57 E1432.70156
G1 X146.021 Y174.57 E1432.71845
G1 X175.07 Y145.521 E1434.14631
G1 X175.07 Y141.887 E1434.27262
G1 X171.744 Y138.561 E1434.43611
G1 X171.696 Y138.761 E1434.44325
G1 X171.566 Y138.892 E1434.44967
G1 X171.422 Y139.167 E1434.46046
G1 X170.95 Y139.702 E1434.48526
G1 X170.365 Y140.105 E1434.50995
G1 X169.701 Y140.357 E1434.53463
G1 X169.426 Y140.39 E1434.54426
G1 X175.07 Y146.035 E1434.8217
G1 X175.07 Y149.669 E1434.94801
G1 X159 Y165.739 E1435.73791
G1 X158.959 Y165.748 E1435.73937
G1 X158.297 Y166.098 E1435.7654
G1 X158.037 Y166.333 E1435.77758
G1 X154.134 Y162.43 E1435.96942
G1 X154.014 Y162.429 E1435.97359
G1 X141.873 Y174.57 E1436.57037
G1 X141.387 Y174.57 E1436.58726
G1 X134.89 Y168.073 E1436.90661
G1 X134.941 Y168.502 E1436.92163
G1 X134.864 Y169.135 E1436.94379
G1 X141.57 Y162.429 E1437.27341
G1 X141.691 Y162.43 E1437.27762
G1 X153.83 Y174.57 E1437.87432
G1 X154.317 Y174.57 E1437.89125
G1 X158.138 Y170.749 E1438.07906
G1 X157.799 Y170.451 E1438.09475
G1 X157.397 Y169.867 E1438.11939
G1 X157.143 Y169.199 E1438.14423
G1 X157.059 Y168.497 E1438.1688
G1 X157.145 Y167.797 E1438.19332
G1 X157.242 Y167.497 E1438.20428
G1 X150.169 Y174.57 E1438.55194
G1 X149.682 Y174.57 E1438.56887
G1 X137.543 Y162.43 E1439.16557
G1 X137.422 Y162.429 E1439.16977
G1 X133.734 Y166.117 E1439.35105
G1 X133.045 Y165.75 E1439.37818
G1 X132.411 Y165.595 E1439.40087
G1 X129.247 Y162.43 E1439.55641
G1 X129.126 Y162.429 E1439.56062
G1 X128.93 Y162.625 E1439.57025
G1 X128.93 Y166.261 E1439.69663
G1 X129.563 Y166.894 E1439.72774
G1 X129.242 Y167.359 E1439.74738
G1 X129.242 Y167.54 E1439.75367
G1 X129.145 Y167.797 E1439.76322
G1 X129.059 Y168.497 E1439.78773
G1 X129.143 Y169.199 E1439.81231
G1 X129.397 Y169.867 E1439.83715
G1 X129.636 Y170.215 E1439.85182
G1 X128.93 Y170.921 E1439.88652
G1 X128.93 Y174.57 E1440.01335
G1 X129.43 Y174.57 E1440.03073
G1 X132.653 Y171.346 E1440.18917
G1 X133.042 Y171.252 E1440.20308
G1 X133.617 Y170.948 E1440.22569
G1 X137.239 Y174.57 E1440.40373
G1 X137.725 Y174.57 E1440.42062
G1 X149.866 Y162.429 E1441.01739
G1 X149.987 Y162.43 E1441.0216
G1 X157.381 Y169.824 E1441.38504
G1 X157.458 Y169.901
G1 F2400 E1440.88504
G1 F600 Z2.3
G0 F15000 X134.864 Y134.864 Z2.3
G1 F600 Z1.9
G1 F2400 E1441.38504
G1 F15000 X141.57 Y141.57 E1441.71466
G1 X141.69 Y141.57 E1441.71883
G1 X153.83 Y129.43 E1442.31556
G1 X154.318 Y129.43 E1442.33252
G1 X158.133 Y133.246 E1442.52006
G1 X158.297 Y133.098 E1442.52774
G1 X158.638 Y132.918 E1442.54114
G1 X162.125 Y129.43 E1442.71257
G1 X162.613 Y129.43 E1442.72953
G1 X167.956 Y134.773 E1442.99216
G1 X167.637 Y134.894 E1443.00402
G1 X167.046 Y135.301 E1443.02896
G1 X166.581 Y135.83 E1443.05344
G1 X166.25 Y136.455 E1443.07802
G1 X166.102 Y137.066 E1443.09987
G1 X158.465 Y129.43 E1443.47523
G1 X157.978 Y129.43 E1443.49216
G1 X145.838 Y141.57 E1444.08888
G1 X145.718 Y141.57 E1444.09305
G1 X133.578 Y129.43 E1444.68978
G1 X133.09 Y129.43 E1444.70674
G1 X128.93 Y133.591 E1444.91124
G1 X128.93 Y137.225 E1445.03755
G1 X133.274 Y141.57 E1445.2511
G1 X133.394 Y141.57 E1445.25527
G1 X145.534 Y129.43 E1445.85199
G1 X146.022 Y129.43 E1445.86895
G1 X175.07 Y158.479 E1447.29679
G1 X175.07 Y162.113 E1447.4231
G1 X171.943 Y165.24 E1447.5768
G1 X171.75 Y164.454 E1447.60493
G1 X171.42 Y163.831 E1447.62943
G1 X170.956 Y163.304 E1447.65384
G1 X170.365 Y162.896 E1447.6788
G1 X170.201 Y162.834 E1447.68489
G1 X175.07 Y157.965 E1447.92422
G1 X175.07 Y154.331 E1448.05053
G1 X159.001 Y138.261 E1448.8404
G1 X158.955 Y138.25 E1448.84205
G1 X158.33 Y137.919 E1448.86663
G1 X158.04 Y137.663 E1448.88007
G1 X154.134 Y141.57 E1449.07209
G1 X154.014 Y141.57 E1449.07626
G1 X141.874 Y129.43 E1449.67299
G1 X141.386 Y129.43 E1449.68995
G1 X134.89 Y135.926 E1450.00925
G1 X134.941 Y135.502 E1450.02409
G1 X134.857 Y134.8 E1450.04867
G1 X134.606 Y134.137 E1450.07331
G1 X134.203 Y133.551 E1450.09802
G1 X133.632 Y133.036 E1450.12475
G1 X137.238 Y129.43 E1450.302
G1 X137.726 Y129.43 E1450.31896
G1 X149.866 Y141.57 E1450.91568
G1 X149.986 Y141.57 E1450.91986
G1 X157.341 Y134.215 E1451.28138
G1 X157.242 Y134.359 E1451.28745
G1 X157.242 Y134.54 E1451.29374
G1 X157.145 Y134.797 E1451.30329
G1 X157.059 Y135.497 E1451.32781
G1 X157.143 Y136.199 E1451.35238
G1 X157.269 Y136.53 E1451.36469
G1 X150.17 Y129.43 E1451.71365
G1 X149.682 Y129.43 E1451.73062
G1 X137.542 Y141.57 E1452.32734
G1 X137.422 Y141.57 E1452.33151
G1 X133.736 Y137.884 E1452.51269
G1 X133.042 Y138.252 E1452.53999
G1 X132.411 Y138.405 E1452.56256
G1 X129.246 Y141.57 E1452.71813
G1 X129.126 Y141.57 E1452.7223
G1 X128.93 Y141.373 E1452.73196
G1 X128.93 Y137.739 E1452.85827
G1 X129.561 Y137.107 E1452.88931
G1 X129.397 Y136.868 E1452.89938
G1 X129.143 Y136.199 E1452.92425
G1 X129.059 Y135.497 E1452.94883
G1 X129.145 Y134.797 E1452.97334
G1 X129.242 Y134.54 E1452.98289
G1 X129.242 Y134.359 E1452.98918
G1 X129.637 Y133.785 E1453.0134
G1 X128.93 Y133.077 E1453.04817
G1 X128.93 Y129.43 E1453.17493
G1 X129.43 Y129.43 E1453.19231
G1 X132.654 Y132.654 E1453.35078
G1 X132.352 Y132.581 E1453.36158
G1 X132.246 Y132.556
G1 F2400 E1452.86158
G1 F600 Z2.3
G0 F15000 X132.945 Y137.98 Z2.3
;TYPE:SKIN
G1 F600 Z1.9
G1 F2400 E1453.36158
G1 F9000 X133.501 Y137.682 E1453.38351
G1 X133.978 Y137.264 E1453.40555
G1 X134.343 Y136.732 E1453.42797
G1 X134.572 Y136.135 E1453.4502
G1 X134.65 Y135.499 E1453.47247
G1 X134.576 Y134.865 E1453.49465
G1 X134.348 Y134.264 E1453.517
G1 X133.981 Y133.739 E1453.53926
G1 X133.536 Y133.334 E1453.56017
G1 X132.944 Y133.02 E1453.58346
G1 X132.313 Y132.864 E1453.60606
G1 X131.683 Y132.864 E1453.62795
G1 X131.055 Y133.02 E1453.65044
G1 X130.465 Y133.332 E1453.67364
G1 X130.014 Y133.736 E1453.69469
G1 X129.528 Y134.445 E1453.72456
G1 X129.516 Y134.626 E1453.73087
G1 X129.424 Y134.863 E1453.7397
G1 X129.346 Y135.496 E1453.76187
G1 X129.424 Y136.13 E1453.78407
G1 X129.653 Y136.736 E1453.80659
G1 X130.014 Y137.257 E1453.82862
G1 X130.491 Y137.681 E1453.8508
G1 X131.051 Y137.976 E1453.8728
G1 X131.683 Y138.131 E1453.89542
G1 X132.314 Y138.132 E1453.91735
G1 X132.945 Y137.98 E1453.93991
G1 F2400 E1453.43991
G1 F600 Z2.3
G0 F15000 X129.987 Y136.832 Z2.3
G1 F600 Z1.9
G1 F2400 E1453.93991
G1 F9000 X130.695 Y137.539 E1453.97468
G1 X130.772 Y137.616
G1 F2400 E1453.47468
G1 F600 Z2.3
G0 F15000 X131.682 Y137.904 Z2.3
G1 F600 Z1.9
G1 F2400 E1453.97468
G1 F9000 X129.609 Y135.832 E1454.07656
G0 F15000 X129.603 Y135.204
G1 F9000 X132.307 Y137.907 E1454.20944
G0 F15000 X132.809 Y137.787
G1 F9000 X129.702 Y134.681 E1454.36214
G0 F15000 X129.915 Y134.27
G1 F9000 X133.225 Y137.58 E1454.52484
G0 F15000 X133.584 Y137.317
G1 F9000 X130.168 Y133.901 E1454.69274
G0 F15000 X130.493 Y133.604
G1 F9000 X133.891 Y137.003 E1454.85979
G0 F15000 X134.144 Y136.633
G1 F9000 X130.876 Y133.365 E1455.02043
G0 F15000 X131.316 Y133.183
G1 F9000 X134.318 Y136.185 E1455.16799
G0 F15000 X134.41 Y135.654
G1 F9000 X131.84 Y133.085 E1455.29429
G0 F15000 X132.52 Y133.142
G1 F9000 X134.37 Y134.992 E1455.38522
G1 X134.447 Y135.069
G1 F2400 E1454.88522
G1 F600 Z2.3
G0 F15000 X154.644 Y162.144 Z2.3
G1 F600 Z1.9
G1 F2400 E1455.38522
G1 F9000 X154.644 Y141.856 E1456.09037
G1 X128.996 Y141.856 E1456.98181
G1 X128.996 Y162.144 E1457.68696
G1 X154.644 Y162.144 E1458.5784
G1 F2400 E1458.0784
G1 F600 Z2.3
G0 F15000 X153.899 Y142.076 Z2.3
G1 F600 Z1.9
G1 F2400 E1458.5784
G1 F9000 X154.424 Y142.602 E1458.60423
G0 F15000 X154.424 Y143.224
G1 F9000 X153.277 Y142.076 E1458.66064
G0 F15000 X152.654 Y142.076
G1 F9000 X154.424 Y143.846 E1458.74764
G0 F15000 X154.424 Y144.468
G1 F9000 X152.032 Y142.076 E1458.86521
G0 F15000 X151.41 Y142.076
G1 F9000 X154.424 Y145.091 E1459.01339
G0 F15000 X154.424 Y145.713
G1 F9000 X150.788 Y142.076 E1459.19213
G0 F15000 X150.165 Y142.076
G1 F9000 X154.424 Y146.335 E1459.40148
G0 F15000 X154.424 Y146.957
G1 F9000 X149.543 Y142.076 E1459.6414
G0 F15000 X148.921 Y142.076
G1 F9000 X154.424 Y147.58 E1459.91191
G0 F15000 X154.424 Y148.202
G1 F9000 X148.299 Y142.076 E1460.213
G0 F15000 X147.676 Y142.076
G1 F9000 X154.424 Y148.824 E1460.54469
G0 F15000 X154.424 Y149.446
G1 F9000 X147.054 Y142.076 E1460.90695
G0 F15000 X146.432 Y142.076
G1 F9000 X154.424 Y150.069 E1461.29981
G0 F15000 X154.424 Y150.691
G1 F9000 X145.81 Y142.076 E1461.72325
G0 F15000 X145.187 Y142.076
G1 F9000 X154.424 Y151.313 E1462.17728
G0 F15000 X154.424 Y151.935
G1 F9000 X144.565 Y142.076 E1462.66189
G0 F15000 X143.943 Y142.076
G1 F9000 X154.424 Y152.558 E1463.17709
G0 F15000 X154.424 Y153.18
G1 F9000 X143.321 Y142.076 E1463.72287
G0 F15000 X142.698 Y142.076
G1 F9000 X154.424 Y153.802 E1464.29924
G0 F15000 X154.424 Y154.424
G1 F9000 X142.076 Y142.076 E1464.90619
G0 F15000 X141.454 Y142.076
G1 F9000 X154.424 Y155.047 E1465.54374
G0 F15000 X154.424 Y155.669
G1 F9000 X140.832 Y142.076 E1466.21186
G0 F15000 X140.209 Y142.076
G1 F9000 X154.424 Y156.291 E1466.91057
G0 F15000 X154.424 Y156.913
G1 F9000 X139.587 Y142.076 E1467.63987
G0 F15000 X138.965 Y142.076
G1 F9000 X154.424 Y157.536 E1468.39976
G0 F15000 X154.424 Y158.158
G1 F9000 X138.343 Y142.076 E1469.19022
G0 F15000 X137.72 Y142.076
G1 F9000 X154.424 Y158.78 E1470.01128
G0 F15000 X154.424 Y159.402
G1 F9000 X137.098 Y142.076 E1470.86292
G0 F15000 X136.476 Y142.076
G1 F9000 X154.424 Y160.025 E1471.74515
G0 F15000 X154.424 Y160.647
G1 F9000 X135.854 Y142.076 E1472.65796
G0 F15000 X135.231 Y142.076
G1 F9000 X154.424 Y161.269 E1473.60136
G0 F15000 X154.424 Y161.891
G1 F9000 X134.609 Y142.076 E1474.57534
G0 F15000 X133.987 Y142.076
G1 F9000 X153.835 Y161.924 E1475.55094
G0 F15000 X153.212 Y161.924
G1 F9000 X133.365 Y142.076 E1476.52652
G0 F15000 X132.742 Y142.076
G1 F9000 X152.59 Y161.924 E1477.50212
G0 F15000 X151.968 Y161.924
G1 F9000 X132.12 Y142.076 E1478.47772
G0 F15000 X131.498 Y142.076
G1 F9000 X151.346 Y161.924 E1479.45332
G0 F15000 X150.723 Y161.924
G1 F9000 X130.876 Y142.076 E1480.4289
G0 F15000 X130.253 Y142.076
G1 F9000 X150.101 Y161.924 E1481.4045
G0 F15000 X149.479 Y161.924
G1 F9000 X129.631 Y142.076 E1482.3801
G0 F15000 X129.216 Y142.283
G1 F9000 X148.857 Y161.924 E1483.34552
G0 F15000 X148.234 Y161.924
G1 F9000 X129.216 Y142.906 E1484.28033
G0 F15000 X129.216 Y143.528
G1 F9000 X147.612 Y161.924 E1485.18455
G0 F15000 X146.99 Y161.924
G1 F9000 X129.216 Y144.15 E1486.05821
G0 F15000 X129.216 Y144.772
G1 F9000 X146.368 Y161.924 E1486.90129
G0 F15000 X145.745 Y161.924
G1 F9000 X129.216 Y145.395 E1487.71375
G0 F15000 X129.216 Y146.017
G1 F9000 X145.123 Y161.924 E1488.49564
G0 F15000 X144.501 Y161.924
G1 F9000 X129.216 Y146.639 E1489.24695
G0 F15000 X129.216 Y147.261
G1 F9000 X143.879 Y161.924 E1489.96769
G0 F15000 X143.256 Y161.924
G1 F9000 X129.216 Y147.884 E1490.65781
G0 F15000 X129.216 Y148.506
G1 F9000 X142.634 Y161.924 E1491.31735
G0 F15000 X142.012 Y161.924
G1 F9000 X129.216 Y149.128 E1491.94632
G0 F15000 X129.216 Y149.75
G1 F9000 X141.39 Y161.924 E1492.54472
G0 F15000 X140.767 Y161.924
G1 F9000 X129.216 Y150.373 E1493.11249
G0 F15000 X129.216 Y150.995
G1 F9000 X140.145 Y161.924 E1493.64969
G0 F15000 X139.523 Y161.924
G1 F9000 X129.216 Y151.617 E1494.15631
G0 F15000 X129.216 Y152.239
G1 F9000 X138.901 Y161.924 E1494.63237
G0 F15000 X138.278 Y161.924
G1 F9000 X129.216 Y152.862 E1495.0778
G0 F15000 X129.216 Y153.484
G1 F9000 X137.656 Y161.924 E1495.49265
G0 F15000 X137.034 Y161.924
G1 F9000 X129.216 Y154.106 E1495.87694
G0 F15000 X129.216 Y154.728
G1 F9000 X136.412 Y161.924 E1496.23065
G0 F15000 X135.789 Y161.924
G1 F9000 X129.216 Y155.351 E1496.55373
G0 F15000 X129.216 Y155.973
G1 F9000 X135.167 Y161.924 E1496.84625
G0 F15000 X134.545 Y161.924
G1 F9000 X129.216 Y156.595 E1497.10818
G0 F15000 X129.216 Y157.217
G1 F9000 X133.922 Y161.924 E1497.33953
G0 F15000 X133.3 Y161.924
G1 F9000 X129.216 Y157.84 E1497.54027
G0 F15000 X129.216 Y158.462
G1 F9000 X132.678 Y161.924 E1497.71044
G0 F15000 X132.056 Y161.924
G1 F9000 X129.216 Y159.084 E1497.85004
G0 F15000 X129.216 Y159.706
G1 F9000 X131.433 Y161.924 E1497.95903
G0 F15000 X130.811 Y161.924
G1 F9000 X129.216 Y160.329 E1498.03743
G0 F15000 X129.216 Y160.951
G1 F9000 X130.189 Y161.924 E1498.08526
G0 F15000 X129.567 Y161.924
G1 F9000 X129.216 Y161.573 E1498.10251
G1 F2400 E1497.60251
G1 F600 Z2.3
G0 F15000 X132.941 Y170.98 Z2.3
G1 F600 Z1.9
G1 F2400 E1498.10251
G1 F9000 X133.502 Y170.681 E1498.12461
G1 X133.978 Y170.264 E1498.1466
G1 X134.343 Y169.732 E1498.16903
G1 X134.572 Y169.135 E1498.19125
G1 X134.65 Y168.499 E1498.21352
G1 X134.576 Y167.865 E1498.23571
G1 X134.348 Y167.264 E1498.25805
G1 X133.981 Y166.739 E1498.28031
G1 X133.536 Y166.334 E1498.30123
G1 X132.944 Y166.02 E1498.32452
G1 X132.313 Y165.864 E1498.34711
G1 X131.683 Y165.864 E1498.36901
G1 X131.055 Y166.02 E1498.3915
G1 X130.465 Y166.332 E1498.41469
G1 X130.014 Y166.736 E1498.43574
G1 X129.528 Y167.445 E1498.46562
G1 X129.516 Y167.626 E1498.47192
G1 X129.424 Y167.863 E1498.48076
G1 X129.346 Y168.496 E1498.50292
G1 X129.424 Y169.13 E1498.52513
G1 X129.653 Y169.736 E1498.54764
G1 X130.014 Y170.257 E1498.56967
G1 X130.491 Y170.681 E1498.59185
G1 X131.051 Y170.976 E1498.61385
G1 X131.683 Y171.131 E1498.63647
G1 X132.313 Y171.131 E1498.65837
G1 X132.941 Y170.98 E1498.68082
G1 F2400 E1498.18082
G1 F600 Z2.3
G0 F15000 X129.939 Y169.763 Z2.3
G1 F600 Z1.9
G1 F2400 E1498.68082
G1 F9000 X130.739 Y170.563 E1498.72014
G1 X130.816 Y170.64
G1 F2400 E1498.22014
G1 F600 Z2.3
G0 F15000 X131.708 Y170.91 Z2.3
G1 F600 Z1.9
G1 F2400 E1498.72014
G1 F9000 X129.606 Y168.808 E1498.82346
G0 F15000 X129.606 Y168.185
G1 F9000 X132.322 Y170.902 E1498.95699
G0 F15000 X132.824 Y170.781
G1 F9000 X129.707 Y167.664 E1499.1102
G0 F15000 X129.922 Y167.258
G1 F9000 X133.237 Y170.573 E1499.27314
G0 F15000 X133.594 Y170.307
G1 F9000 X130.176 Y166.889 E1499.44115
G0 F15000 X130.504 Y166.594
G1 F9000 X133.899 Y169.99 E1499.60805
G0 F15000 X134.15 Y169.619
G1 F9000 X130.889 Y166.357 E1499.76837
G0 F15000 X131.332 Y166.179
G1 F9000 X134.323 Y169.169 E1499.91536
G0 F15000 X134.413 Y168.636
G1 F9000 X131.86 Y166.084 E1500.04082
G0 F15000 X132.548 Y166.15
G1 F9000 X134.368 Y167.97 E1500.13028
G1 X134.445 Y168.047
G1 F2400 E1499.63028
G1 F600 Z2.3
G0 F15000 X160.941 Y170.98 Z2.3
G1 F600 Z1.9
G1 F2400 E1500.13028
G1 F9000 X161.502 Y170.681 E1500.15238
G1 X161.978 Y170.264 E1500.17437
G1 X162.343 Y169.732 E1500.1968
G1 X162.572 Y169.135 E1500.21902
G1 X162.65 Y168.499 E1500.24129
G1 X162.576 Y167.865 E1500.26348
G1 X162.348 Y167.264 E1500.28582
G1 X161.981 Y166.739 E1500.30808
G1 X161.536 Y166.334 E1500.329
G1 X160.944 Y166.02 E1500.35229
G1 X160.313 Y165.864 E1500.37488
G1 X159.683 Y165.864 E1500.39678
G1 X159.055 Y166.02 E1500.41927
G1 X158.465 Y166.332 E1500.44246
G1 X158.014 Y166.736 E1500.46351
G1 X157.528 Y167.445 E1500.49339
G1 X157.516 Y167.626 E1500.49969
G1 X157.424 Y167.863 E1500.50853
G1 X157.346 Y168.496 E1500.53069
G1 X157.424 Y169.13 E1500.5529
G1 X157.653 Y169.736 E1500.57541
G1 X158.014 Y170.257 E1500.59744
G1 X158.491 Y170.681 E1500.61962
G1 X159.051 Y170.976 E1500.64162
G1 X159.683 Y171.131 E1500.66424
G1 X160.313 Y171.131 E1500.68614
G1 X160.941 Y170.98 E1500.70859
G1 F2400 E1500.20859
G1 F600 Z2.3
G0 F15000 X157.935 Y169.758 Z2.3
G1 F600 Z1.9
G1 F2400 E1500.70859
G1 F9000 X158.742 Y170.565 E1500.74825
G1 X158.819 Y170.642
G1 F2400 E1500.24825
G1 F600 Z2.3
G0 F15000 X159.71 Y170.911 Z2.3
G1 F600 Z1.9
G1 F2400 E1500.74825
G1 F9000 X157.606 Y168.806 E1500.8517
G0 F15000 X157.606 Y168.184
G1 F9000 X160.323 Y170.901 E1500.98525
G0 F15000 X160.825 Y170.781
G1 F9000 X157.707 Y167.663 E1501.13851
G0 F15000 X157.923 Y167.257
G1 F9000 X161.238 Y170.572 E1501.30145
G0 F15000 X161.595 Y170.307
G1 F9000 X158.176 Y166.888 E1501.46951
G0 F15000 X158.504 Y166.594
G1 F9000 X161.9 Y169.989 E1501.63641
G0 F15000 X162.151 Y169.618
G1 F9000 X158.89 Y166.357 E1501.7967
G0 F15000 X159.334 Y166.179
G1 F9000 X162.323 Y169.168 E1501.94362
G0 F15000 X162.413 Y168.635
G1 F9000 X159.861 Y166.084 E1502.06904
G0 F15000 X160.55 Y166.15
G1 F9000 X162.368 Y167.968 E1502.1584
G1 X162.445 Y168.045
G1 F2400 E1501.6584
G1 F600 Z2.3
G0 F15000 X169.63 Y168.076 Z2.3
G1 F600 Z1.9
G1 F2400 E1502.1584
G1 F9000 X170.232 Y167.844 E1502.18082
G1 X170.752 Y167.486 E1502.20276
G1 X171.182 Y166.997 E1502.2254
G1 X171.432 Y166.617 E1502.24121
G1 X171.632 Y165.813 E1502.27
G1 X171.632 Y165.179 E1502.29204
G1 X171.476 Y164.552 E1502.3145
G1 X171.181 Y163.994 E1502.33643
G1 X170.764 Y163.518 E1502.35843
G1 X170.232 Y163.153 E1502.38085
G1 X169.634 Y162.924 E1502.40311
G1 X169 Y162.846 E1502.42531
G1 X168.366 Y162.924 E1502.44751
G1 X167.841 Y163.122 E1502.46701
G1 X166.975 Y163.552 E1502.50062
G1 X166.998 Y163.644 E1502.50392
G1 X166.962 Y163.827 E1502.5104
G1 X166.814 Y163.992 E1502.5181
G1 X166.52 Y164.551 E1502.54005
G1 X166.364 Y165.183 E1502.56268
G1 X166.364 Y165.813 E1502.58458
G1 X166.52 Y166.441 E1502.60707
G1 X166.834 Y167.036 E1502.63045
G1 X167.238 Y167.481 E1502.65134
G1 X167.764 Y167.843 E1502.67353
G1 X168.362 Y168.072 E1502.69579
G1 X168.997 Y168.15 E1502.71803
G1 X169.63 Y168.076 E1502.74018
G1 F2400 E1502.24018
G1 F600 Z2.3
G0 F15000 X168.487 Y167.865 Z2.3
G1 F600 Z1.9
G1 F2400 E1502.74018
G1 F9000 X166.642 Y166.019 E1502.83089
G0 F15000 X166.584 Y165.339
G1 F9000 X169.154 Y167.91 E1502.95724
G0 F15000 X169.686 Y167.819
G1 F9000 X166.681 Y164.815 E1503.10492
G0 F15000 X166.862 Y164.373
G1 F9000 X170.133 Y167.644 E1503.2657
G0 F15000 X170.502 Y167.391
G1 F9000 X167.106 Y163.994 E1503.43265
G0 F15000 X167.347 Y163.614
G1 F9000 X170.815 Y167.082 E1503.60312
G0 F15000 X171.089 Y166.733
G1 F9000 X167.762 Y163.407 E1503.76663
G0 F15000 X168.2 Y163.222
G1 F9000 X171.283 Y166.305 E1503.91817
G0 F15000 X171.407 Y165.807
G1 F9000 X168.704 Y163.104 E1504.05103
G0 F15000 X169.332 Y163.109
G1 F9000 X171.407 Y165.184 E1504.15302
G1 X171.484 Y165.261
G1 F2400 E1503.65302
G1 F600 Z2.3
G0 F15000 X171.037 Y164.192 Z2.3
G1 F600 Z1.9
G1 F2400 E1504.15302
G1 F9000 X170.339 Y163.494 E1504.18733
G1 X170.262 Y163.417
G1 F2400 E1503.68733
G1 F600 Z2.3
G0 F15000 X169.63 Y140.076 Z2.3
G1 F600 Z1.9
G1 F2400 E1504.18733
G1 F9000 X170.232 Y139.844 E1504.20976
G1 X170.752 Y139.486 E1504.2317
G1 X171.182 Y138.997 E1504.25433
G1 X171.432 Y138.617 E1504.27014
G1 X171.632 Y137.813 E1504.29894
G1 X171.632 Y137.179 E1504.32097
G1 X171.476 Y136.552 E1504.34343
G1 X171.181 Y135.994 E1504.36537
G1 X170.764 Y135.518 E1504.38736
G1 X170.232 Y135.153 E1504.40979
G1 X169.634 Y134.924 E1504.43204
G1 X169 Y134.846 E1504.45425
G1 X168.366 Y134.924 E1504.47645
G1 X167.764 Y135.153 E1504.49884
G1 X167.228 Y135.522 E1504.52145
G1 X166.815 Y135.994 E1504.54325
G1 X166.52 Y136.551 E1504.56516
G1 X166.364 Y137.183 E1504.58778
G1 X166.364 Y137.813 E1504.60968
G1 X166.52 Y138.441 E1504.63217
G1 X166.834 Y139.036 E1504.65555
G1 X167.238 Y139.481 E1504.67644
G1 X167.764 Y139.843 E1504.69864
G1 X168.362 Y140.072 E1504.72089
G1 X168.997 Y140.15 E1504.74313
G1 X169.63 Y140.076 E1504.76528
G1 F2400 E1504.26528
G1 F600 Z2.3
G0 F15000 X168.489 Y139.865 Z2.3
G1 F600 Z1.9
G1 F2400 E1504.76528
G1 F9000 X166.641 Y138.017 E1504.85612
G0 F15000 X166.584 Y137.338
G1 F9000 X169.155 Y139.91 E1504.98252
G0 F15000 X169.687 Y139.818
G1 F9000 X166.681 Y136.813 E1505.13025
G0 F15000 X166.863 Y136.373
G1 F9000 X170.133 Y139.643 E1505.29098
G0 F15000 X170.503 Y139.39
G1 F9000 X167.106 Y135.994 E1505.45793
G0 F15000 X167.404 Y135.669
G1 F9000 X170.816 Y139.081 E1505.62564
G0 F15000 X171.089 Y138.732
G1 F9000 X167.773 Y135.416 E1505.78864
G0 F15000 X168.202 Y135.222
G1 F9000 X171.284 Y138.304 E1505.94013
G0 F15000 X171.408 Y137.806
G1 F9000 X168.706 Y135.104 E1506.07294
G0 F15000 X169.333 Y135.109
G1 F9000 X171.406 Y137.182 E1506.17484
G1 X171.483 Y137.259
G1 F2400 E1505.67484
G1 F600 Z2.3
G0 F15000 X171.036 Y136.189 Z2.3
G1 F600 Z1.9
G1 F2400 E1506.17484
G1 F9000 X170.344 Y135.498 E1506.20882
G1 X170.267 Y135.421
G1 F2400 E1505.70882
G1 F600 Z2.3
G0 F15000 X160.945 Y137.98 Z2.3
G1 F600 Z1.9
G1 F2400 E1506.20882
G1 F9000 X161.501 Y137.682 E1506.23075
G1 X161.978 Y137.264 E1506.25279
G1 X162.343 Y136.732 E1506.27522
G1 X162.572 Y136.135 E1506.29744
G1 X162.65 Y135.499 E1506.31971
G1 X162.576 Y134.865 E1506.3419
G1 X162.348 Y134.264 E1506.36424
G1 X161.981 Y133.739 E1506.3865
G1 X161.536 Y133.334 E1506.40742
G1 X160.944 Y133.02 E1506.43071
G1 X160.313 Y132.864 E1506.4533
G1 X159.683 Y132.864 E1506.4752
G1 X159.055 Y133.02 E1506.49769
G1 X158.465 Y133.332 E1506.52089
G1 X158.014 Y133.736 E1506.54193
G1 X157.528 Y134.445 E1506.57181
G1 X157.516 Y134.626 E1506.57811
G1 X157.424 Y134.863 E1506.58695
G1 X157.346 Y135.496 E1506.60912
G1 X157.424 Y136.13 E1506.63132
G1 X157.653 Y136.736 E1506.65383
G1 X158.014 Y137.257 E1506.67586
G1 X158.491 Y137.681 E1506.69805
G1 X159.051 Y137.976 E1506.72005
G1 X159.683 Y138.131 E1506.74266
G1 X160.314 Y138.132 E1506.76459
G1 X160.945 Y137.98 E1506.78715
G1 F2400 E1506.28715
G1 F600 Z2.3
G0 F15000 X157.984 Y136.827 Z2.3
G1 F600 Z1.9
G1 F2400 E1506.78715
G1 F9000 X158.697 Y137.541 E1506.82222
G1 X158.774 Y137.618
G1 F2400 E1506.32222
G1 F600 Z2.3
G0 F15000 X159.683 Y137.904 Z2.3
G1 F600 Z1.9
G1 F2400 E1506.82222
G1 F9000 X157.609 Y135.83 E1506.92417
G0 F15000 X157.603 Y135.202
G1 F9000 X160.308 Y137.907 E1507.05713
G0 F15000 X160.81 Y137.786
G1 F9000 X157.702 Y134.679 E1507.20987
G0 F15000 X157.915 Y134.269
G1 F9000 X161.226 Y137.58 E1507.37262
G0 F15000 X161.585 Y137.317
G1 F9000 X158.168 Y133.9 E1507.54058
G0 F15000 X158.494 Y133.604
G1 F9000 X161.892 Y137.002 E1507.7076
G0 F15000 X162.145 Y136.632
G1 F9000 X158.877 Y133.365 E1507.86821
G0 F15000 X159.318 Y133.183
G1 F9000 X162.318 Y136.183 E1508.01567
G0 F15000 X162.41 Y135.653
G1 F9000 X159.841 Y133.085 E1508.14192
G0 F15000 X160.522 Y133.143
G1 F9000 X162.369 Y134.99 E1508.23271
G1 X162.446 Y135.067
G1 F2400 E1507.73271
G1 F600 Z2.3
;MESH:NONMESH
G0 F15000 X132.584 Y137.119 Z2.3
;TIME_ELAPSED:509.760210
;LAYER:9
;MESH:case_VL53L8+RP2040-down.stl
G0 X132.584 Y137.119 Z2.5
;TYPE:WALL-OUTER
G1 F600 Z2.1
G1 F2400 E1508.23271
G1 F9000 X132.232 Y137.203 E1508.24529
G1 X131.762 Y137.202 E1508.26162
G1 X131.403 Y137.112 E1508.27449
G1 X131.003 Y136.899 E1508.29024
G1 X130.69 Y136.617 E1508.30488
G1 X130.486 Y136.321 E1508.31738
G1 X130.323 Y135.894 E1508.33326
G1 X130.281 Y135.525 E1508.34617
G1 X130.325 Y135.113 E1508.36057
G1 X130.49 Y134.675 E1508.37684
G1 X130.694 Y134.379 E1508.38934
G1 X131.045 Y134.069 E1508.40561
G1 X131.414 Y133.882 E1508.41999
G1 X131.778 Y133.791 E1508.43303
G1 X132.232 Y133.797 E1508.44881
G1 X132.584 Y133.881 E1508.46139
G1 X132.955 Y134.069 E1508.47585
G1 X133.306 Y134.379 E1508.49212
G1 X133.535 Y134.723 E1508.50649
G1 X133.671 Y135.092 E1508.52015
G1 X133.719 Y135.527 E1508.53536
G1 X133.67 Y135.908 E1508.54872
G1 X133.509 Y136.323 E1508.56419
G1 X133.301 Y136.619 E1508.57676
G1 X132.957 Y136.926 E1508.59279
G1 X132.584 Y137.119 E1508.60738
G1 F2400 E1508.10738
G1 F600 Z2.5
G0 F15000 X160.591 Y137.117 Z2.5
G1 F600 Z2.1
G1 F2400 E1508.60738
G1 F9000 X160.208 Y137.207 E1508.62106
G1 X159.805 Y137.208 E1508.63507
G1 X159.386 Y137.106 E1508.65005
G1 X159.015 Y136.908 E1508.66467
G1 X158.707 Y136.639 E1508.67888
G1 X158.486 Y136.321 E1508.69234
G1 X158.332 Y135.93 E1508.70695
G1 X158.281 Y135.525 E1508.72114
G1 X158.33 Y135.088 E1508.73642
G1 X158.49 Y134.675 E1508.75181
G1 X158.694 Y134.379 E1508.76431
G1 X159.045 Y134.069 E1508.78059
G1 X159.414 Y133.882 E1508.79496
G1 X159.778 Y133.791 E1508.80801
G1 X160.232 Y133.797 E1508.82379
G1 X160.584 Y133.881 E1508.83636
G1 X160.955 Y134.069 E1508.85082
G1 X161.306 Y134.379 E1508.8671
G1 X161.522 Y134.694 E1508.88037
G1 X161.673 Y135.102 E1508.89549
G1 X161.72 Y135.513 E1508.90987
G1 X161.67 Y135.909 E1508.92374
G1 X161.526 Y136.294 E1508.93803
G1 X161.287 Y136.636 E1508.95253
G1 X160.968 Y136.92 E1508.96738
G1 X160.591 Y137.117 E1508.98216
G1 F2400 E1508.48216
G1 F600 Z2.5
G0 F15000 X169.408 Y139.17 Z2.5
G1 F600 Z2.1
G1 F2400 E1508.98216
G1 F9000 X169.027 Y139.219 E1508.99551
G1 X168.597 Y139.172 E1509.01055
G1 X168.189 Y139.019 E1509.02569
G1 X167.864 Y138.791 E1509.03949
G1 X167.584 Y138.476 E1509.05414
G1 X167.386 Y138.1 E1509.06891
G1 X167.288 Y137.695 E1509.08339
G1 X167.294 Y137.283 E1509.09771
G1 X167.394 Y136.874 E1509.11235
G1 X167.59 Y136.509 E1509.12675
G1 X167.839 Y136.225 E1509.13987
G1 X168.175 Y135.986 E1509.15421
G1 X168.567 Y135.833 E1509.16883
G1 X169 Y135.78 E1509.18399
G1 X169.436 Y135.834 E1509.19926
G1 X169.821 Y135.99 E1509.2137
G1 X170.157 Y136.23 E1509.22805
G1 X170.426 Y136.543 E1509.2424
G1 X170.619 Y136.916 E1509.25699
G1 X170.708 Y137.32 E1509.27137
G1 X170.705 Y137.718 E1509.28521
G1 X170.595 Y138.135 E1509.3002
G1 X170.397 Y138.498 E1509.31457
G1 X170.117 Y138.806 E1509.32904
G1 X169.821 Y139.01 E1509.34153
G1 X169.408 Y139.17 E1509.35692
G1 F2400 E1508.85692
G1 F600 Z2.5
G0 F15000 X153.716 Y161.046 Z2.5
G1 F600 Z2.1
G1 F2400 E1509.35692
G1 F9000 X153.609 Y161.19 E1509.36316
G1 X153.516 Y161.22 E1509.36656
G1 X129.437 Y161.217 E1510.20347
G1 X129.323 Y161.128 E1510.20849
G1 X129.283 Y161.034 E1510.21204
G1 X129.28 Y143 E1510.83885
G1 X129.323 Y142.867 E1510.84371
G1 X129.436 Y142.78 E1510.84866
G1 X153.553 Y142.78 E1511.68689
G1 X153.645 Y142.833 E1511.69058
G1 X153.721 Y142.958 E1511.69567
G1 X153.716 Y161.046 E1512.32435
G1 F2400 E1511.82435
G1 F600 Z2.5
G0 F15000 X160.584 Y170.119 Z2.5
G1 F600 Z2.1
G1 F2400 E1512.32435
G1 F9000 X160.232 Y170.203 E1512.33693
G1 X159.762 Y170.202 E1512.35326
G1 X159.36 Y170.095 E1512.36772
G1 X159.003 Y169.899 E1512.38188
G1 X158.727 Y169.659 E1512.39459
G1 X158.486 Y169.321 E1512.40902
G1 X158.325 Y168.907 E1512.42446
G1 X158.281 Y168.525 E1512.43782
G1 X158.329 Y168.09 E1512.45303
G1 X158.476 Y167.699 E1512.46755
G1 X158.721 Y167.347 E1512.48246
G1 X159.023 Y167.082 E1512.49642
G1 X159.39 Y166.89 E1512.51082
G1 X159.804 Y166.788 E1512.52564
G1 X160.204 Y166.793 E1512.53954
G1 X160.602 Y166.887 E1512.55376
G1 X160.991 Y167.092 E1512.56904
G1 X161.297 Y167.367 E1512.58334
G1 X161.53 Y167.711 E1512.59778
G1 X161.67 Y168.09 E1512.61182
G1 X161.72 Y168.514 E1512.62666
G1 X161.667 Y168.922 E1512.64096
G1 X161.509 Y169.323 E1512.65594
G1 X161.301 Y169.619 E1512.66852
G1 X160.957 Y169.926 E1512.68454
G1 X160.584 Y170.119 E1512.69914
G1 F2400 E1512.19914
G1 F600 Z2.5
G0 F15000 X169.788 Y167.029 Z2.5
G1 F600 Z2.1
G1 F2400 E1512.69914
G1 F9000 X169.395 Y167.173 E1512.71369
G1 X168.973 Y167.219 E1512.72844
G1 X168.562 Y167.162 E1512.74286
G1 X168.183 Y167.015 E1512.75699
G1 X167.862 Y166.789 E1512.77064
G1 X167.586 Y166.479 E1512.78506
G1 X167.393 Y166.118 E1512.79929
G1 X167.288 Y165.693 E1512.81451
G1 X167.295 Y165.274 E1512.82907
G1 X167.388 Y164.89 E1512.8428
G1 X167.581 Y164.52 E1512.85731
G1 X167.852 Y164.212 E1512.87157
G1 X168.191 Y163.976 E1512.88592
G1 X168.602 Y163.823 E1512.90117
G1 X168.998 Y163.78 E1512.91501
G1 X169.408 Y163.825 E1512.92935
G1 X169.821 Y163.99 E1512.9448
G1 X170.157 Y164.23 E1512.95916
G1 X170.426 Y164.543 E1512.9735
G1 X170.619 Y164.916 E1512.9881
G1 X170.708 Y165.32 E1513.00248
G1 X170.705 Y165.718 E1513.01631
G1 X170.595 Y166.135 E1513.0313
G1 X170.397 Y166.498 E1513.04567
G1 X170.117 Y166.806 E1513.06014
G1 X169.788 Y167.029 E1513.07395
G1 F2400 E1512.57395
G1 F600 Z2.5
G0 F15000 X176.28 Y175.78 Z2.5
G1 F600 Z2.1
G1 F2400 E1513.07395
G1 F9000 X176.28 Y128.22 E1514.72699
G1 X127.721 Y128.221 E1516.41474
G1 X127.72 Y175.78 E1518.06775
G1 X176.28 Y175.78 E1519.75554
G1 F2400 E1519.25554
G1 F600 Z2.5
G0 F15000 X132.584 Y170.119 Z2.5
G1 F600 Z2.1
G1 F2400 E1519.75554
G1 F9000 X132.232 Y170.203 E1519.76812
G1 X131.762 Y170.202 E1519.78445
G1 X131.403 Y170.112 E1519.79732
G1 X131.003 Y169.899 E1519.81307
G1 X130.69 Y169.617 E1519.82771
G1 X130.486 Y169.321 E1519.8402
G1 X130.323 Y168.894 E1519.85609
G1 X130.281 Y168.525 E1519.869
G1 X130.325 Y168.113 E1519.8834
G1 X130.49 Y167.675 E1519.89967
G1 X130.694 Y167.379 E1519.91216
G1 X131.045 Y167.069 E1519.92844
G1 X131.414 Y166.882 E1519.94282
G1 X131.778 Y166.791 E1519.95586
G1 X132.232 Y166.797 E1519.97164
G1 X132.635 Y166.901 E1519.9861
G1 X132.998 Y167.099 E1520.00048
G1 X133.306 Y167.379 E1520.01494
G1 X133.535 Y167.723 E1520.02931
G1 X133.675 Y168.117 E1520.04384
G1 X133.719 Y168.527 E1520.05817
G1 X133.67 Y168.908 E1520.07152
G1 X133.509 Y169.323 E1520.08699
G1 X133.301 Y169.619 E1520.09957
G1 X132.957 Y169.926 E1520.11559
G1 X132.584 Y170.119 E1520.13019
G0 F15000 X132.845 Y170.486
;TYPE:WALL-INNER
G1 F10500 X132.294 Y170.639 E1520.15007
G1 X131.816 Y170.648 E1520.16668
G1 X131.282 Y170.535 E1520.18565
G1 X130.838 Y170.315 E1520.20288
G1 X130.372 Y169.936 E1520.22375
G1 X130.05 Y169.429 E1520.24463
G1 X129.889 Y168.97 E1520.26154
G1 X129.843 Y168.574 E1520.27539
G1 X129.888 Y168.06 E1520.29333
G1 X130.054 Y167.567 E1520.31141
G1 X130.375 Y167.062 E1520.3322
G1 X130.841 Y166.679 E1520.35317
G1 X131.285 Y166.461 E1520.37036
G1 X131.702 Y166.357 E1520.3853
G1 X132.188 Y166.352 E1520.40219
G1 X132.686 Y166.454 E1520.41986
G1 X133.159 Y166.679 E1520.43806
G1 X133.561 Y167.009 E1520.45614
G1 X133.921 Y167.49 E1520.47702
G1 X134.112 Y168.063 E1520.49802
G1 X134.16 Y168.499 E1520.51326
G1 X134.112 Y168.938 E1520.52861
G1 X133.946 Y169.429 E1520.54663
G1 X133.661 Y169.872 E1520.56493
G1 X133.293 Y170.224 E1520.58263
G1 X132.845 Y170.486 E1520.60067
G0 F15000 X133.053 Y170.873
G1 F10500 X132.37 Y171.072 E1520.6254
G1 X131.816 Y171.088 E1520.64466
G1 X131.161 Y170.958 E1520.66787
G1 X130.631 Y170.704 E1520.6883
G1 X130.15 Y170.322 E1520.70965
G1 X129.965 Y170.117 E1520.71924
G1 X129.638 Y169.584 E1520.74098
G1 F9705.9 X129.477 Y169.256 E1520.75472
G1 F7938.1 X129.352 Y169.064 E1520.76525
G1 F7241.4 X129.315 Y168.634 E1520.787
G1 F7403.8 X129.316 Y168.355 E1520.80075
G1 F7264.2 X129.349 Y167.994 E1520.81897
G1 F8264.8 X129.5 Y167.747 E1520.83175
G1 F10131.6 X129.642 Y167.412 E1520.84486
G1 F10500 X129.97 Y166.879 E1520.86661
G1 X130.42 Y166.439 E1520.88848
G1 X130.636 Y166.29 E1520.8976
G1 X131.164 Y166.038 E1520.91794
G1 X131.626 Y165.924 E1520.93448
G1 X132.193 Y165.912 E1520.95419
G1 X132.788 Y166.026 E1520.97524
G1 X133.044 Y166.122 E1520.98475
G1 X133.58 Y166.439 E1521.00639
G1 X134.03 Y166.879 E1521.02827
G1 X134.359 Y167.416 E1521.05015
G1 X134.526 Y167.888 E1521.06756
G1 X134.6 Y168.499 E1521.08895
G1 X134.526 Y169.114 E1521.11048
G1 X134.358 Y169.584 E1521.12783
G1 X134.021 Y170.125 E1521.14998
G1 X133.586 Y170.552 E1521.17117
G1 X133.053 Y170.873 E1521.19279
G1 F2400 E1520.69279
G1 F600 Z2.5
G0 F15000 X128.16 Y175.34 Z2.5
G1 F600 Z2.1
G1 F2400 E1521.19279
G1 F10500 X175.84 Y175.34 E1522.85
G1 X175.84 Y128.66 E1524.47245
G1 X128.161 Y128.661 E1526.12962
G1 X128.16 Y142.333 E1526.60481
G1 F9240 X128.22 Y143 E1526.63126
G1 F8250 X128.22 Y143.956 E1526.67355
G1 F8235.3 X128.22 Y144.912 E1526.71592
G1 X128.221 Y145.868 E1526.75828
G1 X128.221 Y146.824 E1526.80065
G1 F8220.6 X128.221 Y147.78 E1526.84309
G1 X128.221 Y148.736 E1526.88553
G1 F8206 X128.221 Y149.692 E1526.92805
G1 X128.222 Y150.648 E1526.97056
G1 F8191.5 X128.222 Y151.604 E1527.01315
G1 X128.222 Y152.56 E1527.05575
G1 X128.222 Y153.516 E1527.09834
G1 F8177 X128.223 Y154.472 E1527.141
G1 X128.223 Y155.428 E1527.18367
G1 F8162.5 X128.223 Y156.384 E1527.22641
G1 X128.223 Y157.34 E1527.26916
G1 F8148.1 X128.223 Y158.296 E1527.31198
G1 X128.224 Y159.252 E1527.35479
G1 X128.224 Y160.208 E1527.39761
G1 F8133.8 X128.224 Y161.164 E1527.44051
G1 F9166.7 X128.159 Y161.662 E1527.4605
G1 F10500 X128.16 Y175.34 E1527.9359
G0 F15000 X128.6 Y174.9
G1 F10500 X175.4 Y174.9 E1529.56252
G1 X175.4 Y129.1 E1531.15439
G1 X128.601 Y129.101 E1532.78097
G1 X128.601 Y134.223 E1532.959
G1 F10131.6 X128.615 Y134.586 E1532.97208
G1 F8264.8 X128.704 Y134.955 E1532.98884
G1 F7264.2 X128.693 Y135.317 E1533.00704
G1 F7403.8 X128.693 Y135.668 E1533.02434
G1 F7241.4 X128.706 Y136.12 E1533.04713
G1 F7938.1 X128.635 Y136.409 E1533.06081
G1 F9705.9 X128.6 Y136.773 E1533.07456
G1 F10500 X128.6 Y142.354 E1533.26854
G1 X129.076 Y141.984 E1533.28949
G1 X129.5 Y141.9 E1533.30452
G1 X153.598 Y141.904 E1534.14209
G1 X153.859 Y141.959 E1534.15136
G1 X154.062 Y142.054 E1534.15915
G1 X154.339 Y142.287 E1534.17173
G1 X154.521 Y142.588 E1534.18395
G1 X154.601 Y143.001 E1534.19858
G1 X154.592 Y161.1 E1534.82764
G1 X154.518 Y161.409 E1534.83868
G1 X154.413 Y161.609 E1534.84653
G1 X154.243 Y161.809 E1534.85566
G1 X153.94 Y162.007 E1534.86824
G1 X153.596 Y162.096 E1534.88059
G1 X129.5 Y162.097 E1535.71809
G1 X129.076 Y162.012 E1535.73312
G1 X128.599 Y161.639 E1535.75417
G1 X128.601 Y167.223 E1535.94825
G1 F10131.6 X128.615 Y167.586 E1535.96133
G1 F8264.8 X128.704 Y167.955 E1535.97809
G1 F7264.2 X128.693 Y168.317 E1535.99629
G1 F7403.8 X128.693 Y168.668 E1536.01359
G1 F7241.4 X128.706 Y169.12 E1536.03638
G1 F7938.1 X128.635 Y169.409 E1536.05006
G1 F9705.9 X128.6 Y169.773 E1536.06381
G1 F10500 X128.6 Y174.9 E1536.24201
G1 F2400 E1535.74201
G1 F600 Z2.5
G0 F15000 X129.5 Y161.657 Z2.5
G1 F600 Z2.1
G1 F2400 E1536.24201
G1 F10500 X129.245 Y161.606 E1536.25105
G1 X128.971 Y161.392 E1536.26313
G1 F9166.7 X128.786 Y161.121 E1536.27619
G1 F8133.8 X128.786 Y160.167 E1536.319
G1 F8148.1 X128.785 Y159.213 E1536.36173
G1 X128.785 Y158.259 E1536.40446
G1 X128.785 Y157.305 E1536.44718
G1 F8162.5 X128.784 Y156.351 E1536.48984
G1 X128.784 Y155.397 E1536.53249
G1 F8177 X128.784 Y154.443 E1536.57507
G1 X128.783 Y153.489 E1536.61765
G1 F8191.5 X128.783 Y152.535 E1536.66015
G1 X128.783 Y151.581 E1536.70265
G1 X128.783 Y150.627 E1536.74515
G1 F8206 X128.782 Y149.673 E1536.78758
G1 X128.782 Y148.719 E1536.83001
G1 F8220.6 X128.782 Y147.765 E1536.87236
G1 X128.781 Y146.811 E1536.91471
G1 F8235.3 X128.781 Y145.857 E1536.95699
G1 X128.781 Y144.903 E1536.99927
G1 X128.78 Y143.949 E1537.04154
G1 F8250 X128.78 Y142.995 E1537.08374
G1 F9240 X128.971 Y142.603 E1537.10097
G1 F10500 X129.246 Y142.39 E1537.11306
G1 X129.5 Y142.34 E1537.12205
G1 X153.559 Y142.342 E1537.95827
G1 X153.716 Y142.375 E1537.96384
G1 X153.951 Y142.517 E1537.97339
G1 X154.113 Y142.753 E1537.98334
G1 X154.161 Y143.001 E1537.99212
G1 X154.154 Y161.06 E1538.61979
G1 X154.074 Y161.319 E1538.62921
G1 X154 Y161.428 E1538.63379
G1 X153.762 Y161.605 E1538.6441
G1 X153.556 Y161.658 E1538.65149
G1 X129.5 Y161.657 E1539.4876
G1 F2400 E1538.9876
G1 F600 Z2.5
G0 F15000 X131.816 Y137.648 Z2.5
G1 F600 Z2.1
G1 F2400 E1539.4876
G1 F10500 X131.282 Y137.535 E1539.50657
G1 X130.838 Y137.315 E1539.5238
G1 X130.372 Y136.936 E1539.54467
G1 X130.05 Y136.429 E1539.56555
G1 X129.889 Y135.97 E1539.58246
G1 X129.843 Y135.574 E1539.59631
G1 X129.888 Y135.06 E1539.61425
G1 X130.054 Y134.567 E1539.63233
G1 X130.375 Y134.062 E1539.65312
G1 X130.841 Y133.679 E1539.67409
G1 X131.285 Y133.461 E1539.69128
G1 X131.702 Y133.357 E1539.70622
G1 X132.188 Y133.352 E1539.72311
G1 X132.686 Y133.453 E1539.74077
G1 X133.159 Y133.679 E1539.75899
G1 X133.561 Y134.009 E1539.77707
G1 X133.872 Y134.425 E1539.79512
G1 X134.099 Y134.99 E1539.81629
G1 X134.156 Y135.581 E1539.83692
G1 X134.098 Y136.011 E1539.852
G1 X133.946 Y136.429 E1539.86746
G1 X133.661 Y136.872 E1539.88577
G1 X133.293 Y137.224 E1539.90347
G1 X132.845 Y137.486 E1539.92151
G1 X132.294 Y137.639 E1539.94138
G1 X131.816 Y137.648 E1539.958
G0 F15000 X131.816 Y138.088
G1 F10500 X131.161 Y137.958 E1539.98121
G1 X130.631 Y137.704 E1540.00164
G1 X130.15 Y137.322 E1540.02299
G1 X129.965 Y137.117 E1540.03259
G1 X129.638 Y136.584 E1540.05432
G1 F9705.9 X129.477 Y136.256 E1540.06806
G1 F7938.1 X129.352 Y136.064 E1540.07859
G1 F7241.4 X129.315 Y135.634 E1540.10034
G1 F7403.8 X129.316 Y135.355 E1540.11409
G1 F7264.2 X129.349 Y134.994 E1540.13231
G1 F8264.8 X129.5 Y134.747 E1540.14509
G1 F10131.6 X129.642 Y134.412 E1540.1582
G1 F10500 X129.97 Y133.879 E1540.17995
G1 X130.42 Y133.439 E1540.20182
G1 X130.636 Y133.29 E1540.21094
G1 X131.163 Y133.038 E1540.23125
G1 X131.626 Y132.924 E1540.24782
G1 X132.193 Y132.912 E1540.26753
G1 X132.788 Y133.025 E1540.28858
G1 X133.364 Y133.29 E1540.31062
G1 X133.852 Y133.679 E1540.33231
G1 X134.309 Y134.273 E1540.35836
G1 X134.527 Y134.888 E1540.38104
G1 X134.6 Y135.5 E1540.40246
G1 X134.526 Y136.114 E1540.42395
G1 X134.358 Y136.584 E1540.4413
G1 X134.021 Y137.125 E1540.46345
G1 X133.586 Y137.552 E1540.48464
G1 X133.053 Y137.873 E1540.50627
G1 X132.37 Y138.072 E1540.53099
G1 X131.816 Y138.088 E1540.55026
G1 F2400 E1540.05026
G1 F600 Z2.5
G0 F15000 X157.896 Y136.002 Z2.5
G1 F600 Z2.1
G1 F2400 E1540.55026
G1 F10500 X157.844 Y135.419 E1540.5706
G1 X157.902 Y134.986 E1540.58578
G1 X158.054 Y134.567 E1540.60127
G1 X158.375 Y134.062 E1540.62207
G1 X158.841 Y133.679 E1540.64304
G1 X159.306 Y133.456 E1540.66096
G1 X159.702 Y133.357 E1540.67515
G1 X160.188 Y133.352 E1540.69204
G1 X160.686 Y133.453 E1540.7097
G1 X161.159 Y133.679 E1540.72792
G1 X161.561 Y134.009 E1540.746
G1 X161.908 Y134.484 E1540.76645
G1 X162.105 Y135.018 E1540.78623
G1 X162.16 Y135.492 E1540.80281
G1 X162.098 Y136.013 E1540.82105
G1 X161.92 Y136.49 E1540.83875
G1 X161.62 Y136.924 E1540.85708
G1 X161.238 Y137.269 E1540.87497
G1 X160.822 Y137.498 E1540.89148
G1 X160.263 Y137.643 E1540.91155
G1 X159.783 Y137.648 E1540.92824
G1 X159.231 Y137.518 E1540.94795
G1 X158.75 Y137.259 E1540.96693
G1 X158.378 Y136.931 E1540.98417
G1 X158.081 Y136.498 E1541.00242
G1 X157.896 Y136.002 E1541.02082
G0 F15000 X157.472 Y136.146
G1 F10500 X157.406 Y135.623 E1541.03914
G1 X157.474 Y134.883 E1541.06497
G1 X157.642 Y134.412 E1541.08235
G1 X157.97 Y133.879 E1541.1041
G1 X158.42 Y133.439 E1541.12598
G1 X158.636 Y133.29 E1541.1351
G1 X159.198 Y133.029 E1541.15664
G1 X159.626 Y132.924 E1541.17195
G1 X160.193 Y132.912 E1541.19166
G1 X160.788 Y133.025 E1541.21271
G1 X161.364 Y133.29 E1541.23475
G1 X161.852 Y133.679 E1541.25644
G1 X162.295 Y134.274 E1541.28223
G1 X162.528 Y134.861 E1541.30418
G1 X162.609 Y135.487 E1541.32612
G1 X162.522 Y136.149 E1541.34932
G1 X162.299 Y136.723 E1541.37073
G1 X161.953 Y137.211 E1541.39152
G1 X161.499 Y137.631 E1541.41301
G1 X160.921 Y137.944 E1541.43586
G1 X160.317 Y138.08 E1541.45738
G1 X159.701 Y138.088 E1541.47879
G1 X159.076 Y137.93 E1541.5012
G1 X158.485 Y137.611 E1541.52454
G1 X158.049 Y137.223 E1541.54482
G1 X157.689 Y136.699 E1541.56692
G1 X157.472 Y136.146 E1541.58757
G1 F2400 E1541.08757
G1 F600 Z2.5
G0 F15000 X166.859 Y137.217 Z2.5
G1 F600 Z2.1
G1 F2400 E1541.58757
G1 F10500 X166.975 Y136.738 E1541.6047
G1 X167.215 Y136.276 E1541.62279
G1 X167.553 Y135.889 E1541.64065
G1 X168.069 Y135.549 E1541.66213
G1 X168.53 Y135.389 E1541.67909
G1 X169 Y135.34 E1541.69552
G1 X169.595 Y135.424 E1541.7164
G1 X170.05 Y135.614 E1541.73354
G1 X170.487 Y135.939 E1541.75247
G1 X170.814 Y136.335 E1541.77032
G1 X171.047 Y136.814 E1541.78883
G1 X171.148 Y137.32 E1541.80676
G1 X171.139 Y137.794 E1541.82324
G1 X171.041 Y138.193 E1541.83752
G1 X170.817 Y138.659 E1541.85549
G1 X170.487 Y139.061 E1541.87357
G1 X170.071 Y139.372 E1541.89162
G1 X169.511 Y139.598 E1541.91261
G1 X168.919 Y139.656 E1541.93329
G1 X168.512 Y139.604 E1541.94755
G1 X168.018 Y139.426 E1541.9658
G1 X167.551 Y139.101 E1541.98557
G1 X167.204 Y138.698 E1542.00406
G1 X166.967 Y138.235 E1542.02214
G1 X166.849 Y137.725 E1542.04033
G1 X166.859 Y137.217 E1542.05799
G0 F15000 X166.424 Y137.152
G1 F10500 X166.59 Y136.518 E1542.08077
G1 X166.894 Y135.97 E1542.10255
G1 X167.314 Y135.514 E1542.1241
G1 X167.916 Y135.137 E1542.14878
G1 X168.454 Y134.956 E1542.16851
G1 X169 Y134.9 E1542.18759
G1 X169.479 Y134.946 E1542.20432
G1 X169.755 Y135.014 E1542.2142
G1 X170.286 Y135.243 E1542.23429
G1 X170.817 Y135.648 E1542.25751
G1 X171.201 Y136.127 E1542.27884
G1 X171.475 Y136.712 E1542.3013
G1 X171.588 Y137.32 E1542.32279
G1 X171.573 Y137.87 E1542.34191
G1 X171.468 Y138.299 E1542.35726
G1 X171.207 Y138.864 E1542.3789
G1 X170.817 Y139.352 E1542.40061
G1 X170.321 Y139.734 E1542.42237
G1 X169.614 Y140.026 E1542.44895
G1 X168.992 Y140.1 E1542.47073
G1 X168.362 Y140.029 E1542.49276
G1 X167.749 Y139.781 E1542.51574
G1 X167.279 Y139.449 E1542.53574
G1 X166.858 Y138.984 E1542.55755
G1 X166.571 Y138.434 E1542.57911
G1 X166.408 Y137.829 E1542.60089
G1 X166.424 Y137.152 E1542.62442
G1 F2400 E1542.12442
G1 F600 Z2.5
G0 F15000 X168.995 Y163.34 Z2.5
G1 F600 Z2.1
G1 F2400 E1542.62442
G1 F10500 X169.51 Y163.397 E1542.64243
G1 X169.935 Y163.556 E1542.6582
G1 X170.434 Y163.875 E1542.67879
G1 X170.814 Y164.335 E1542.69953
G1 X171.047 Y164.814 E1542.71804
G1 X171.148 Y165.32 E1542.73597
G1 X171.139 Y165.794 E1542.75245
G1 X171.041 Y166.193 E1542.76673
G1 X170.817 Y166.659 E1542.7847
G1 X170.487 Y167.061 E1542.80278
G1 X169.971 Y167.429 E1542.82481
G1 X169.471 Y167.607 E1542.84326
G1 X169 Y167.66 E1542.85973
G1 X168.407 Y167.574 E1542.88056
G1 X167.971 Y167.401 E1542.89686
G1 X167.58 Y167.127 E1542.91345
G1 X167.232 Y166.739 E1542.93157
G1 X166.992 Y166.301 E1542.94893
G1 X166.849 Y165.718 E1542.96979
G1 X166.855 Y165.248 E1542.98613
G1 X166.973 Y164.744 E1543.00412
G1 X167.217 Y164.273 E1543.02256
G1 X167.548 Y163.894 E1543.04005
G1 X167.973 Y163.594 E1543.05813
G1 X168.475 Y163.401 E1543.07682
G1 X168.995 Y163.34 E1543.09502
G0 F15000 X168.993 Y162.9
G1 F10500 X169.612 Y162.969 E1543.11667
G1 X170.095 Y163.146 E1543.13454
G1 X170.617 Y163.47 E1543.1559
G1 X170.817 Y163.648 E1543.1652
G1 X171.201 Y164.127 E1543.18654
G1 X171.475 Y164.712 E1543.20899
G1 X171.588 Y165.32 E1543.23049
G1 X171.573 Y165.87 E1543.24961
G1 X171.468 Y166.299 E1543.26496
G1 X171.207 Y166.864 E1543.28659
G1 X170.817 Y167.352 E1543.30831
G1 X170.617 Y167.53 E1543.31761
G1 X170.154 Y167.829 E1543.33677
G1 X169.547 Y168.04 E1543.3591
G1 X169 Y168.1 E1543.37823
G1 X168.252 Y167.986 E1543.40453
G1 X167.719 Y167.763 E1543.42461
G1 X167.257 Y167.435 E1543.4443
G1 X166.846 Y166.965 E1543.466
G1 X166.549 Y166.399 E1543.48822
G1 X166.409 Y165.744 E1543.5115
G1 X166.418 Y165.164 E1543.53166
G1 X166.558 Y164.597 E1543.55196
G1 X166.854 Y164.011 E1543.57478
G1 X167.274 Y163.542 E1543.59666
G1 X167.756 Y163.211 E1543.61698
G1 X168.37 Y162.966 E1543.63996
G1 X168.993 Y162.9 E1543.66174
G1 F2400 E1543.16174
G1 F600 Z2.5
G0 F15000 X161.904 Y167.477 Z2.5
G1 F600 Z2.1
G1 F2400 E1543.66174
G1 F10500 X162.107 Y168.029 E1543.68218
G1 X162.16 Y168.481 E1543.698
G1 X162.101 Y168.998 E1543.71608
G1 X161.937 Y169.451 E1543.73283
G1 X161.661 Y169.872 E1543.75032
G1 X161.293 Y170.224 E1543.76802
G1 X160.845 Y170.486 E1543.78606
G1 X160.294 Y170.639 E1543.80594
G1 X159.655 Y170.629 E1543.82815
G1 X159.154 Y170.483 E1543.84629
G1 X158.714 Y170.231 E1543.86391
G1 X158.438 Y169.991 E1543.87662
G1 X158.124 Y169.571 E1543.89485
G1 X157.897 Y169.007 E1543.91598
G1 X157.844 Y168.419 E1543.9365
G1 X157.9 Y167.992 E1543.95147
G1 X158.085 Y167.498 E1543.9698
G1 X158.412 Y167.033 E1543.98956
G1 X158.774 Y166.719 E1544.00622
G1 X159.235 Y166.478 E1544.0243
G1 X159.722 Y166.354 E1544.04176
G1 X160.252 Y166.355 E1544.06018
G1 X160.712 Y166.46 E1544.07658
G1 X161.211 Y166.709 E1544.09597
G1 X161.625 Y167.067 E1544.11499
G1 X161.904 Y167.477 E1544.13223
G0 F15000 X162.313 Y167.298
G1 F10500 X162.533 Y167.894 E1544.15431
G1 X162.605 Y168.512 E1544.17593
G1 X162.531 Y169.092 E1544.19626
G1 X162.343 Y169.621 E1544.21577
G1 X162.021 Y170.125 E1544.23656
G1 X161.586 Y170.552 E1544.25774
G1 X161.053 Y170.873 E1544.27937
G1 X160.37 Y171.072 E1544.30409
G1 X159.816 Y171.088 E1544.32336
G1 X159.549 Y171.056 E1544.3327
G1 X158.947 Y170.872 E1544.35458
G1 X158.426 Y170.563 E1544.37564
G1 X157.966 Y170.117 E1544.39791
G1 X157.638 Y169.584 E1544.41966
G1 X157.468 Y169.107 E1544.43726
G1 X157.39 Y168.498 E1544.4586
G1 X157.479 Y167.842 E1544.48161
G1 X157.693 Y167.297 E1544.50196
G1 X158.038 Y166.776 E1544.52368
G1 X158.525 Y166.356 E1544.54603
G1 X159.08 Y166.066 E1544.56779
G1 X159.76 Y165.909 E1544.59205
G1 X160.299 Y165.918 E1544.61079
G1 X160.92 Y166.057 E1544.6329
G1 X161.492 Y166.362 E1544.65543
G1 X161.97 Y166.789 E1544.67771
G1 X162.313 Y167.298 E1544.69904
G1 F2400 E1544.19904
G1 F600 Z2.5
G0 F15000 X159 Y138.261 Z2.5
;TYPE:FILL
G1 F600 Z2.1
G1 F2400 E1544.69904
G1 F15000 X175.07 Y154.331 E1545.48894
G1 X175.07 Y157.965 E1545.61525
G1 X170.201 Y162.834 E1545.85458
G1 X170.812 Y163.203 E1545.87939
G1 X171.309 Y163.705 E1545.90394
G1 X171.665 Y164.294 E1545.92786
G1 X171.796 Y164.632 E1545.94046
G1 X171.913 Y165.27 E1545.963
G1 X175.07 Y162.113 E1546.11818
G1 X175.07 Y158.479 E1546.24449
G1 X146.023 Y129.432 E1547.67225
G1 X145.533 Y129.431 E1547.68928
G1 X133.393 Y141.571 E1548.28601
G1 X133.275 Y141.571 E1548.29011
G1 X128.93 Y137.225 E1548.50371
G1 X128.93 Y136.784 E1548.51903
G1 X128.996 Y136.444 E1548.53107
G1 X129.06 Y136.314 E1548.53611
G1 X129.147 Y136.409 E1548.54059
G1 X129.552 Y137.116 E1548.56891
G1 X128.93 Y137.738 E1548.59948
G1 X128.93 Y141.373 E1548.72582
G1 X129.186 Y141.631 E1548.73845
G1 X132.418 Y138.398 E1548.89734
G1 X132.87 Y138.295 E1548.91345
G1 X133.206 Y138.165 E1548.92598
G1 X133.71 Y137.858 E1548.94649
G1 X137.423 Y141.571 E1549.12899
G1 X137.539 Y141.573 E1549.13303
G1 X149.681 Y129.431 E1549.72985
G1 X150.171 Y129.432 E1549.74688
G1 X157.268 Y136.529 E1550.09572
G1 X157.152 Y136.236 E1550.10668
G1 X157.078 Y135.656 E1550.127
G1 X157.079 Y135.331 E1550.1383
G1 X157.152 Y134.808 E1550.15665
G1 X157.337 Y134.285 E1550.17593
G1 X157.44 Y134.116 E1550.18281
G1 X149.981 Y141.575 E1550.54945
G1 X149.87 Y141.574 E1550.5533
G1 X137.727 Y129.432 E1551.15015
G1 X137.237 Y129.431 E1551.16718
G1 X133.599 Y133.07 E1551.34603
G1 X133.198 Y132.829 E1551.36229
G1 X132.667 Y132.667 E1551.38159
G1 X129.432 Y129.432 E1551.5406
G1 X128.931 Y129.442 E1551.55801
G1 X128.931 Y133.079 E1551.68442
G1 X129.646 Y133.794 E1551.71957
G1 X129.489 Y133.995 E1551.72843
G1 X129.186 Y134.603 E1551.75204
G1 X129.054 Y134.756 E1551.75907
G1 X128.931 Y134.498 E1551.769
G1 X128.931 Y133.589 E1551.8006
G1 X133.09 Y129.431 E1552.005
G1 X133.58 Y129.432 E1552.02203
G1 X145.721 Y141.573 E1552.61881
G1 X145.834 Y141.574 E1552.62273
G1 X157.978 Y129.43 E1553.21966
G1 X158.466 Y129.431 E1553.23662
G1 X166.106 Y137.071 E1553.61215
G1 X166.266 Y136.418 E1553.63552
G1 X166.575 Y135.845 E1553.65814
G1 X167.026 Y135.327 E1553.68202
G1 X167.496 Y134.984 E1553.70224
G1 X167.958 Y134.775 E1553.71986
G1 X162.614 Y129.431 E1553.98254
G1 X162.125 Y129.43 E1553.99954
G1 X158.621 Y132.935 E1554.1718
G1 X158.139 Y133.251 E1554.19183
G1 X154.318 Y129.431 E1554.37962
G1 X153.83 Y129.43 E1554.39658
G1 X141.687 Y141.573 E1554.99345
G1 X141.573 Y141.573 E1554.99741
G1 X134.854 Y134.854 E1555.32768
G1 X134.921 Y135.331 E1555.34442
G1 X134.885 Y135.931 E1555.36531
G1 X141.385 Y129.431 E1555.68481
G1 X141.875 Y129.432 E1555.70184
G1 X154.229 Y141.789 E1556.30916
G1 X158.04 Y137.663 E1556.50438
G1 X158.338 Y137.911 E1556.51785
G1 X158.944 Y138.247 E1556.54194
G1 X159.67 Y138.418 E1556.56786
G1 X160.36 Y138.408 E1556.59184
G1 X161.043 Y138.255 E1556.61617
G1 X161.688 Y137.895 E1556.64185
G1 X162.168 Y137.477 E1556.66397
G1 X162.249 Y137.362 E1556.66886
G1 X175.07 Y150.183 E1557.29906
G1 X175.07 Y153.817 E1557.42536
G1 X162.256 Y166.63 E1558.05519
G1 X162.619 Y167.164 E1558.07763
G1 X162.858 Y167.826 E1558.1021
G1 X162.931 Y168.462 E1558.12435
G1 X162.863 Y169.173 E1558.14917
G1 X162.645 Y169.754 E1558.17074
G1 X162.286 Y170.324 E1558.19415
G1 X162.157 Y170.452 E1558.20047
G1 X166.274 Y174.57 E1558.40286
G1 X166.761 Y174.57 E1558.41979
G1 X175.07 Y166.261 E1558.8282
G1 X175.07 Y162.627 E1558.95451
G1 X154.751 Y142.307 E1559.95329
G1 X154.881 Y142.623 E1559.96516
G1 X154.931 Y142.903 E1559.97505
G1 X154.93 Y144.922 E1560.04522
G1 X170.421 Y129.43 E1560.80669
G1 X170.91 Y129.431 E1560.82368
G1 X175.07 Y133.592 E1561.02819
G1 X175.07 Y137.225 E1561.15446
G1 X154.923 Y157.372 E1562.14475
G1 X154.924 Y154.924 E1562.22984
G1 X166.158 Y166.158 E1562.78203
G1 X166.092 Y165.89 E1562.79162
G1 X166.08 Y165.159 E1562.81703
G1 X166.261 Y164.432 E1562.84307
G1 X166.603 Y163.799 E1562.86808
G1 X167.055 Y163.293 E1562.89166
G1 X167.283 Y163.135 E1562.9013
G1 X154.926 Y150.778 E1563.5087
G1 X154.926 Y153.222 E1563.59364
G1 X167.932 Y140.215 E1564.23296
G1 X167.685 Y140.121 E1564.24214
G1 X167.077 Y139.723 E1564.2674
G1 X166.59 Y139.179 E1564.29278
G1 X166.263 Y138.552 E1564.31736
G1 X166.087 Y137.912 E1564.34043
G1 X154.928 Y149.072 E1564.88896
G1 X154.929 Y146.633 E1564.97373
G1 X175.07 Y166.775 E1565.96375
G1 X175.07 Y170.408 E1566.09003
G1 X170.908 Y174.57 E1566.2946
G1 X170.422 Y174.57 E1566.3115
G1 X154.921 Y159.069 E1567.07342
G1 X154.921 Y161.132 E1567.14513
G1 X154.825 Y161.532 E1567.15943
G1 X154.697 Y161.746 E1567.16809
G1 X175.07 Y141.373 E1568.1695
G1 X175.07 Y137.739 E1568.29581
G1 X166.762 Y129.431 E1568.70417
G1 X166.273 Y129.43 E1568.72117
G1 X162.157 Y133.546 E1568.92349
G1 X161.794 Y133.186 E1568.94125
G1 X161.198 Y132.829 E1568.9654
G1 X160.867 Y132.704 E1568.9777
G1 X160.204 Y132.581 E1569.00114
G1 X160.096 Y132.561
G1 F2400 E1568.50114
G1 F600 Z2.5
G0 F15000 X168.995 Y134.57 Z2.5
G1 F600 Z2.1
G1 F2400 E1569.00114
G1 F15000 X169.392 Y134.607 E1569.01499
G1 X174.569 Y129.43 E1569.26946
G1 X175.07 Y129.431 E1569.28688
G1 X175.07 Y133.077 E1569.4136
G1 X171.718 Y136.429 E1569.57836
G1 X171.796 Y136.632 E1569.58592
G1 X171.919 Y137.311 E1569.6099
G1 X171.898 Y137.923 E1569.63119
G1 X171.785 Y138.389 E1569.64785
G1 X171.496 Y139.025 E1569.67214
G1 X171.063 Y139.574 E1569.69644
G1 X170.808 Y139.8 E1569.70828
G1 X170.211 Y140.163 E1569.73256
G1 X169.689 Y140.348 E1569.75181
G1 X169.421 Y140.385 E1569.76122
G1 X175.07 Y146.035 E1570.03891
G1 X175.07 Y149.669 E1570.16522
G1 X158.989 Y165.749 E1570.95563
G1 X158.907 Y165.771 E1570.95858
G1 X158.339 Y166.083 E1570.98111
G1 X158.042 Y166.338 E1570.99471
G1 X154.028 Y162.323 E1571.19204
G1 X153.919 Y162.374 E1571.19622
G1 X141.873 Y174.57 E1571.79202
G1 X141.387 Y174.57 E1571.80892
G1 X134.883 Y168.066 E1572.12861
G1 X134.944 Y168.503 E1572.14395
G1 X134.854 Y169.145 E1572.16648
G1 X141.574 Y162.425 E1572.49679
G1 X141.687 Y162.426 E1572.50072
G1 X153.83 Y174.57 E1573.09761
G1 X154.317 Y174.57 E1573.11454
G1 X158.137 Y170.749 E1573.30233
G1 X158.613 Y171.056 E1573.32202
G1 X162.126 Y174.57 E1573.49472
G1 X162.613 Y174.57 E1573.51165
G1 X168.774 Y168.408 E1573.81451
G1 X169 Y168.431 E1573.8224
G1 X169.607 Y168.365 E1573.84362
G1 X170.293 Y168.128 E1573.86885
G1 X170.81 Y167.798 E1573.89017
G1 X171.063 Y167.574 E1573.90191
G1 X171.353 Y167.205 E1573.91823
G1 X175.07 Y170.923 E1574.10095
G1 X175.07 Y174.57 E1574.22771
G1 X174.57 Y174.57 E1574.24509
G1 X168.348 Y168.348 E1574.55092
G1 X168.142 Y168.297 E1574.5583
G1 X167.588 Y168.07 E1574.57911
G1 X167.035 Y167.682 E1574.60259
G1 X166.574 Y167.152 E1574.627
G1 X166.333 Y166.701 E1574.64478
G1 X158.465 Y174.57 E1575.03154
G1 X157.978 Y174.57 E1575.04847
G1 X145.834 Y162.426 E1575.64539
G1 X145.722 Y162.425 E1575.64928
G1 X133.577 Y174.57 E1576.24625
G1 X133.091 Y174.57 E1576.26314
G1 X128.93 Y170.409 E1576.46767
G1 X128.93 Y169.784 E1576.4894
G1 X128.996 Y169.444 E1576.50143
G1 X129.06 Y169.314 E1576.50647
G1 X129.147 Y169.409 E1576.51095
G1 X129.619 Y170.232 E1576.54392
G1 X128.93 Y170.921 E1576.57779
G1 X128.93 Y174.57 E1576.70462
G1 X129.43 Y174.57 E1576.722
G1 X132.655 Y171.345 E1576.88052
G1 X133.206 Y171.165 E1576.90066
G1 X133.597 Y170.928 E1576.91655
G1 X137.239 Y174.57 E1577.09557
G1 X137.725 Y174.57 E1577.11246
G1 X149.87 Y162.425 E1577.70943
G1 X149.982 Y162.426 E1577.71333
G1 X157.369 Y169.813 E1578.07642
G1 X157.146 Y169.179 E1578.09978
G1 X157.057 Y168.492 E1578.12386
G1 X157.158 Y167.756 E1578.14968
G1 X157.272 Y167.467 E1578.16048
G1 X150.169 Y174.57 E1578.50962
G1 X149.682 Y174.57 E1578.52654
G1 X137.539 Y162.427 E1579.12342
G1 X137.425 Y162.426 E1579.12738
G1 X133.713 Y166.138 E1579.30984
G1 X133.198 Y165.829 E1579.33071
G1 X132.867 Y165.705 E1579.343
G1 X132.441 Y165.624 E1579.35807
G1 X129.189 Y162.367 E1579.51804
G1 X128.93 Y162.625 E1579.53075
G1 X128.93 Y166.261 E1579.65712
G1 X129.566 Y166.897 E1579.68838
G1 X129.489 Y166.995 E1579.69271
G1 X129.186 Y167.603 E1579.71633
G1 X129.054 Y167.756 E1579.72335
G1 X128.959 Y167.557 E1579.73101
G1 X128.931 Y166.773 E1579.75828
G1 X133.278 Y162.426 E1579.97195
G1 X133.391 Y162.427 E1579.97588
G1 X145.535 Y174.57 E1580.57278
G1 X146.021 Y174.57 E1580.58967
G1 X175.07 Y145.521 E1582.01753
G1 X175.07 Y141.887 E1582.14384
G1 X171.718 Y138.535 E1582.3086
G1 X171.641 Y138.458
G1 F2400 E1581.8086
G1 F600 Z2.5
;MESH:NONMESH
G0 F15000 X132.586 Y137.114 Z2.5
;TIME_ELAPSED:538.154498
;LAYER:10
;MESH:case_VL53L8+RP2040-down.stl
G0 X132.586 Y137.114 Z2.7
;TYPE:WALL-OUTER
G1 F600 Z2.3
G1 F2400 E1582.3086
G1 F9000 X132.218 Y137.205 E1582.32177
G1 X131.762 Y137.202 E1582.33762
G1 X131.403 Y137.112 E1582.35049
G1 X131.044 Y136.927 E1582.36453
G1 X130.694 Y136.617 E1582.38078
G1 X130.466 Y136.276 E1582.39503
G1 X130.323 Y135.894 E1582.40921
G1 X130.281 Y135.525 E1582.42212
G1 X130.334 Y135.06 E1582.43838
G1 X130.49 Y134.675 E1582.45282
G1 X130.73 Y134.339 E1582.46717
G1 X131.044 Y134.069 E1582.48157
G1 X131.41 Y133.882 E1582.49585
G1 X131.778 Y133.791 E1582.50903
G1 X132.234 Y133.794 E1582.52488
G1 X132.635 Y133.901 E1582.5393
G1 X132.998 Y134.099 E1582.55367
G1 X133.306 Y134.379 E1582.56814
G1 X133.51 Y134.675 E1582.58064
G1 X133.67 Y135.088 E1582.59603
G1 X133.719 Y135.527 E1582.61138
G1 X133.67 Y135.908 E1582.62474
G1 X133.51 Y136.321 E1582.64013
G1 X133.306 Y136.617 E1582.65262
G1 X132.955 Y136.927 E1582.6689
G1 X132.586 Y137.114 E1582.68328
G1 F2400 E1582.18328
G1 F600 Z2.7
G0 F15000 X160.617 Y137.104 Z2.7
G1 F600 Z2.3
G1 F2400 E1582.68328
G1 F9000 X160.209 Y137.207 E1582.6979
G1 X159.805 Y137.208 E1582.71195
G1 X159.386 Y137.106 E1582.72693
G1 X159.015 Y136.908 E1582.74155
G1 X158.711 Y136.638 E1582.75568
G1 X158.476 Y136.298 E1582.77005
G1 X158.332 Y135.93 E1582.78378
G1 X158.281 Y135.525 E1582.79797
G1 X158.325 Y135.088 E1582.81324
G1 X158.49 Y134.675 E1582.82869
G1 X158.73 Y134.339 E1582.84305
G1 X159.044 Y134.069 E1582.85744
G1 X159.41 Y133.882 E1582.87172
G1 X159.778 Y133.791 E1582.8849
G1 X160.234 Y133.794 E1582.90075
G1 X160.635 Y133.901 E1582.91517
G1 X160.998 Y134.099 E1582.92955
G1 X161.306 Y134.379 E1582.94401
G1 X161.522 Y134.694 E1582.95729
G1 X161.673 Y135.098 E1582.97228
G1 X161.72 Y135.512 E1582.98676
G1 X161.662 Y135.934 E1583.00157
G1 X161.525 Y136.296 E1583.01502
G1 X161.281 Y136.648 E1583.02991
G1 X160.982 Y136.911 E1583.04375
G1 X160.617 Y137.104 E1583.0581
G1 F2400 E1582.5581
G1 F600 Z2.7
G0 F15000 X169.408 Y139.17 Z2.7
G1 F600 Z2.3
G1 F2400 E1583.0581
G1 F9000 X169.027 Y139.219 E1583.07145
G1 X168.597 Y139.172 E1583.08648
G1 X168.19 Y139.02 E1583.10158
G1 X167.857 Y138.789 E1583.11567
G1 X167.585 Y138.482 E1583.12993
G1 X167.386 Y138.101 E1583.14487
G1 X167.289 Y137.71 E1583.15887
G1 X167.291 Y137.276 E1583.17395
G1 X167.401 Y136.86 E1583.18891
G1 X167.599 Y136.502 E1583.20313
G1 X167.866 Y136.204 E1583.21703
G1 X168.22 Y135.966 E1583.23186
G1 X168.602 Y135.823 E1583.24604
G1 X169 Y135.78 E1583.25995
G1 X169.436 Y135.834 E1583.27522
G1 X169.821 Y135.99 E1583.28966
G1 X170.157 Y136.23 E1583.30401
G1 X170.427 Y136.544 E1583.3184
G1 X170.614 Y136.91 E1583.33269
G1 X170.702 Y137.262 E1583.3453
G1 X170.705 Y137.718 E1583.36115
G1 X170.595 Y138.135 E1583.37614
G1 X170.397 Y138.498 E1583.39051
G1 X170.117 Y138.806 E1583.40498
G1 X169.821 Y139.01 E1583.41747
G1 X169.408 Y139.17 E1583.43287
G1 F2400 E1582.93287
G1 F600 Z2.7
G0 F15000 X153.72 Y161.02 Z2.7
G1 F600 Z2.3
G1 F2400 E1583.43287
G1 F9000 X153.668 Y161.144 E1583.43754
G1 X153.546 Y161.216 E1583.44246
G1 X129.435 Y161.22 E1584.28049
G1 X129.323 Y161.132 E1584.28544
G1 X129.283 Y161.038 E1584.28899
G1 X129.28 Y143 E1584.91593
G1 X129.323 Y142.867 E1584.92079
G1 X129.436 Y142.78 E1584.92575
G1 X153.546 Y142.784 E1585.76373
G1 X153.635 Y142.825 E1585.76714
G1 X153.72 Y142.937 E1585.77203
G1 X153.72 Y161.02 E1586.40053
G1 F2400 E1585.90053
G1 F600 Z2.7
G0 F15000 X160.586 Y170.114 Z2.7
G1 F600 Z2.3
G1 F2400 E1586.40053
G1 F9000 X160.218 Y170.205 E1586.41371
G1 X159.762 Y170.202 E1586.42956
G1 X159.36 Y170.095 E1586.44402
G1 X159.044 Y169.927 E1586.45646
G1 X158.694 Y169.617 E1586.47271
G1 X158.466 Y169.276 E1586.48696
G1 X158.321 Y168.881 E1586.50159
G1 X158.281 Y168.475 E1586.51577
G1 X158.325 Y168.091 E1586.5292
G1 X158.476 Y167.698 E1586.54384
G1 X158.721 Y167.347 E1586.55871
G1 X159.023 Y167.082 E1586.57268
G1 X159.41 Y166.882 E1586.58782
G1 X159.805 Y166.788 E1586.60193
G1 X160.203 Y166.789 E1586.61576
G1 X160.624 Y166.895 E1586.63085
G1 X160.971 Y167.078 E1586.64449
G1 X161.284 Y167.352 E1586.65895
G1 X161.53 Y167.711 E1586.67407
G1 X161.67 Y168.086 E1586.68799
G1 X161.72 Y168.514 E1586.70296
G1 X161.666 Y168.924 E1586.71734
G1 X161.51 Y169.321 E1586.73216
G1 X161.306 Y169.617 E1586.74466
G1 X160.955 Y169.927 E1586.76093
G1 X160.586 Y170.114 E1586.77531
G1 F2400 E1586.27531
G1 F600 Z2.7
G0 F15000 X169.788 Y167.029 Z2.7
G1 F600 Z2.3
G1 F2400 E1586.77531
G1 F9000 X169.395 Y167.173 E1586.78986
G1 X168.973 Y167.219 E1586.80461
G1 X168.562 Y167.162 E1586.81903
G1 X168.175 Y167.01 E1586.83349
G1 X167.863 Y166.794 E1586.84668
G1 X167.586 Y166.483 E1586.86115
G1 X167.392 Y166.117 E1586.87555
G1 X167.288 Y165.693 E1586.89072
G1 X167.291 Y165.274 E1586.90529
G1 X167.388 Y164.889 E1586.91908
G1 X167.591 Y164.51 E1586.93403
G1 X167.852 Y164.216 E1586.94769
G1 X168.22 Y163.966 E1586.96316
G1 X168.583 Y163.827 E1586.97667
G1 X168.998 Y163.78 E1586.99118
G1 X169.408 Y163.825 E1587.00552
G1 X169.821 Y163.99 E1587.02098
G1 X170.157 Y164.23 E1587.03533
G1 X170.427 Y164.544 E1587.04972
G1 X170.614 Y164.91 E1587.06401
G1 X170.702 Y165.262 E1587.07662
G1 X170.705 Y165.718 E1587.09247
G1 X170.595 Y166.135 E1587.10746
G1 X170.397 Y166.498 E1587.12183
G1 X170.117 Y166.806 E1587.13629
G1 X169.788 Y167.029 E1587.15011
G1 F2400 E1586.65011
G1 F600 Z2.7
G0 F15000 X176.28 Y175.78 Z2.7
G1 F600 Z2.3
G1 F2400 E1587.15011
G1 F9000 X176.28 Y128.22 E1588.80314
G1 X127.72 Y128.22 E1590.49094
G1 X127.72 Y175.78 E1592.14397
G1 X176.28 Y175.78 E1593.83176
G1 F2400 E1593.33176
G1 F600 Z2.7
G0 F15000 X132.586 Y170.114 Z2.7
G1 F600 Z2.3
G1 F2400 E1593.83176
G1 F9000 X132.218 Y170.205 E1593.84494
G1 X131.762 Y170.202 E1593.86079
G1 X131.403 Y170.112 E1593.87365
G1 X131.044 Y169.927 E1593.88769
G1 X130.694 Y169.617 E1593.90394
G1 X130.466 Y169.276 E1593.9182
G1 X130.323 Y168.894 E1593.93237
G1 X130.281 Y168.525 E1593.94528
G1 X130.334 Y168.06 E1593.96155
G1 X130.49 Y167.675 E1593.97599
G1 X130.73 Y167.339 E1593.99034
G1 X131.044 Y167.069 E1594.00473
G1 X131.41 Y166.882 E1594.01902
G1 X131.778 Y166.791 E1594.03219
G1 X132.234 Y166.794 E1594.04804
G1 X132.635 Y166.901 E1594.06247
G1 X132.998 Y167.099 E1594.07684
G1 X133.306 Y167.379 E1594.09131
G1 X133.51 Y167.675 E1594.1038
G1 X133.67 Y168.088 E1594.1192
G1 X133.719 Y168.527 E1594.13455
G1 X133.67 Y168.908 E1594.1479
G1 X133.51 Y169.321 E1594.16329
G1 X133.306 Y169.617 E1594.17579
G1 X132.955 Y169.927 E1594.19207
G1 X132.586 Y170.114 E1594.20644
G0 F15000 X132.693 Y170.541
;TYPE:WALL-INNER
G1 F10500 X132.294 Y170.639 E1594.22072
G1 X131.816 Y170.648 E1594.23734
G1 X131.282 Y170.535 E1594.25631
G1 X130.838 Y170.315 E1594.27353
G1 X130.375 Y169.934 E1594.29438
G1 X130.056 Y169.435 E1594.31496
G1 X129.889 Y168.97 E1594.33213
G1 X129.843 Y168.574 E1594.34599
G1 X129.89 Y167.981 E1594.36666
G1 X130.128 Y167.425 E1594.38769
G1 X130.439 Y167.009 E1594.40574
G1 X130.838 Y166.681 E1594.42369
G1 X131.282 Y166.461 E1594.44091
G1 X131.702 Y166.357 E1594.45595
G1 X132.341 Y166.367 E1594.47816
G1 X132.839 Y166.511 E1594.49618
G1 X133.159 Y166.679 E1594.50874
G1 X133.561 Y167.009 E1594.52682
G1 X133.872 Y167.425 E1594.54487
G1 X134.098 Y167.986 E1594.56589
G1 X134.156 Y168.581 E1594.58667
G1 X134.098 Y169.011 E1594.60175
G1 X133.946 Y169.429 E1594.61721
G1 X133.625 Y169.934 E1594.63801
G1 X133.159 Y170.317 E1594.65898
G1 X132.693 Y170.541 E1594.67695
G0 F15000 X132.799 Y170.968
G1 F10500 X132.37 Y171.072 E1594.69229
G1 X131.816 Y171.088 E1594.71155
G1 X131.161 Y170.958 E1594.73476
G1 X130.631 Y170.704 E1594.75519
G1 X130.148 Y170.317 E1594.7767
G1 X129.97 Y170.117 E1594.78601
G1 X129.646 Y169.595 E1594.80736
G1 F9788.1 X129.485 Y169.265 E1594.82105
G1 F7993.1 X129.352 Y169.064 E1594.83206
G1 F7241.4 X129.315 Y168.634 E1594.85381
G1 F7403.8 X129.315 Y168.368 E1594.86692
G1 F7287.1 X129.345 Y168.007 E1594.88506
G1 F8400 X129.506 Y167.739 E1594.89864
G1 F10312.5 X129.646 Y167.401 E1594.91159
G1 F10500 X129.97 Y166.879 E1594.93294
G1 X130.148 Y166.679 E1594.94225
G1 X130.631 Y166.292 E1594.96376
G1 X131.161 Y166.038 E1594.98419
G1 X131.626 Y165.924 E1595.00083
G1 X132.18 Y165.908 E1595.02009
G1 X132.799 Y166.028 E1595.04201
G1 X133.364 Y166.29 E1595.06365
G1 X133.852 Y166.679 E1595.08534
G1 X134.308 Y167.27 E1595.11129
G1 X134.526 Y167.883 E1595.1339
G1 X134.6 Y168.5 E1595.1555
G1 X134.526 Y169.114 E1595.177
G1 X134.358 Y169.584 E1595.19434
G1 X134.03 Y170.117 E1595.2161
G1 X133.58 Y170.557 E1595.23797
G1 X133.364 Y170.706 E1595.24709
G1 X132.799 Y170.968 E1595.26874
G1 F2400 E1594.76874
G1 F600 Z2.7
G0 F15000 X128.16 Y175.34 Z2.7
G1 F600 Z2.3
G1 F2400 E1595.26874
G1 F10500 X175.84 Y175.34 E1596.92594
G1 X175.84 Y128.66 E1598.54839
G1 X128.16 Y128.66 E1600.2056
G1 X128.16 Y142.333 E1600.68083
G1 F9240 X128.22 Y143 E1600.70728
G1 F8250 X128.22 Y143.957 E1600.74961
G1 F8235.3 X128.22 Y144.914 E1600.79202
G1 X128.221 Y145.871 E1600.83443
G1 X128.221 Y146.828 E1600.87684
G1 F8220.6 X128.221 Y147.785 E1600.91933
G1 X128.221 Y148.742 E1600.96181
G1 F8206 X128.221 Y149.699 E1601.00437
G1 X128.222 Y150.656 E1601.04693
G1 F8191.5 X128.222 Y151.613 E1601.08957
G1 X128.222 Y152.57 E1601.13221
G1 X128.222 Y153.527 E1601.17484
G1 F8177 X128.223 Y154.484 E1601.21755
G1 X128.223 Y155.441 E1601.26027
G1 F8162.5 X128.223 Y156.398 E1601.30305
G1 X128.223 Y157.355 E1601.34584
G1 F8148.1 X128.223 Y158.312 E1601.3887
G1 X128.224 Y159.269 E1601.43157
G1 X128.224 Y160.226 E1601.47443
G1 F8133.8 X128.224 Y161.183 E1601.51737
G1 F9166.7 X128.159 Y161.666 E1601.53677
G1 F10500 X128.16 Y175.34 E1602.01204
G0 F15000 X128.6 Y174.9
G1 F10500 X175.4 Y174.9 E1603.63866
G1 X175.4 Y129.1 E1605.23052
G1 X128.6 Y129.1 E1606.85714
G1 X128.601 Y134.206 E1607.03461
G1 F10312.5 X128.608 Y134.571 E1607.04753
G1 F8400 X128.703 Y134.972 E1607.06543
G1 F7287.1 X128.693 Y135.334 E1607.08357
G1 F7403.8 X128.693 Y135.668 E1607.10003
G1 F7241.4 X128.706 Y136.12 E1607.12282
G1 F7993.1 X128.631 Y136.425 E1607.13716
G1 F9788.1 X128.601 Y136.79 E1607.15082
G1 F10500 X128.6 Y142.354 E1607.3442
G1 X129.076 Y141.984 E1607.36516
G1 X129.5 Y141.9 E1607.38018
G1 X153.61 Y141.905 E1608.21817
G1 X153.942 Y141.992 E1608.2301
G1 X154.246 Y142.19 E1608.24271
G1 X154.46 Y142.461 E1608.25471
G1 X154.596 Y142.9 E1608.27068
G1 X154.601 Y161.157 E1608.90524
G1 X154.46 Y161.538 E1608.91936
G1 X154.174 Y161.871 E1608.93461
G1 X153.86 Y162.04 E1608.94701
G1 X153.532 Y162.1 E1608.9586
G1 X129.5 Y162.1 E1609.79387
G1 X129.076 Y162.016 E1609.8089
G1 X128.599 Y161.643 E1609.82994
G1 X128.601 Y167.206 E1610.0233
G1 F10312.5 X128.608 Y167.571 E1610.03622
G1 F8400 X128.703 Y167.972 E1610.05412
G1 F7287.1 X128.693 Y168.334 E1610.07226
G1 F7403.8 X128.693 Y168.668 E1610.08872
G1 F7241.4 X128.706 Y169.12 E1610.11151
G1 F7993.1 X128.631 Y169.425 E1610.12585
G1 F9788.1 X128.601 Y169.79 E1610.1395
G1 F10500 X128.6 Y174.9 E1610.31711
G1 F2400 E1609.81711
G1 F600 Z2.7
G0 F15000 X129.5 Y161.66 Z2.7
G1 F600 Z2.3
G1 F2400 E1610.31711
G1 F10500 X129.245 Y161.61 E1610.32614
G1 X128.971 Y161.396 E1610.33823
G1 F9166.7 X128.786 Y161.125 E1610.35129
G1 F8133.8 X128.786 Y160.171 E1610.39409
G1 F8148.1 X128.785 Y159.217 E1610.43682
G1 X128.785 Y158.263 E1610.47955
G1 X128.785 Y157.309 E1610.52228
G1 F8162.5 X128.784 Y156.355 E1610.56493
G1 X128.784 Y155.401 E1610.60759
G1 F8177 X128.784 Y154.447 E1610.65016
G1 X128.783 Y153.493 E1610.69274
G1 F8191.5 X128.783 Y152.539 E1610.73524
G1 X128.783 Y151.585 E1610.77775
G1 X128.783 Y150.631 E1610.82025
G1 F8206 X128.782 Y149.677 E1610.86268
G1 X128.782 Y148.723 E1610.9051
G1 F8220.6 X128.782 Y147.769 E1610.94746
G1 X128.781 Y146.815 E1610.98981
G1 F8235.3 X128.781 Y145.861 E1611.03208
G1 X128.781 Y144.907 E1611.07436
G1 X128.78 Y143.953 E1611.11664
G1 F8250 X128.78 Y142.999 E1611.15884
G1 F9240 X128.971 Y142.603 E1611.1762
G1 F10500 X129.246 Y142.39 E1611.18829
G1 X129.5 Y142.34 E1611.19729
G1 X153.566 Y142.343 E1612.03375
G1 X153.766 Y142.395 E1612.04093
G1 X153.948 Y142.514 E1612.04849
G1 X154.113 Y142.753 E1612.05858
G1 X154.158 Y142.94 E1612.06527
G1 X154.158 Y161.06 E1612.69506
G1 X154.113 Y161.247 E1612.70175
G1 X153.948 Y161.486 E1612.71184
G1 X153.766 Y161.605 E1612.7194
G1 X153.566 Y161.657 E1612.72658
G1 X129.5 Y161.66 E1613.56304
G1 F2400 E1613.06304
G1 F600 Z2.7
G0 F15000 X131.816 Y137.648 Z2.7
G1 F600 Z2.3
G1 F2400 E1613.56304
G1 F10500 X131.282 Y137.535 E1613.58201
G1 X130.838 Y137.315 E1613.59923
G1 X130.375 Y136.934 E1613.62007
G1 X130.056 Y136.435 E1613.64066
G1 X129.889 Y135.97 E1613.65783
G1 X129.843 Y135.574 E1613.67169
G1 X129.89 Y134.981 E1613.69236
G1 X130.128 Y134.425 E1613.71338
G1 X130.439 Y134.009 E1613.73144
G1 X130.838 Y133.681 E1613.74939
G1 X131.282 Y133.461 E1613.76661
G1 X131.702 Y133.357 E1613.78165
G1 X132.341 Y133.367 E1613.80386
G1 X132.839 Y133.511 E1613.82188
G1 X133.159 Y133.679 E1613.83444
G1 X133.561 Y134.009 E1613.85252
G1 X133.872 Y134.425 E1613.87057
G1 X134.098 Y134.986 E1613.89159
G1 X134.156 Y135.581 E1613.91237
G1 X134.098 Y136.011 E1613.92745
G1 X133.946 Y136.429 E1613.94291
G1 X133.625 Y136.934 E1613.96371
G1 X133.159 Y137.317 E1613.98468
G1 X132.693 Y137.541 E1614.00265
G1 X132.294 Y137.639 E1614.01693
G1 X131.816 Y137.648 E1614.03354
G0 F15000 X131.816 Y138.088
G1 F10500 X131.161 Y137.958 E1614.05675
G1 X130.631 Y137.704 E1614.07718
G1 X130.148 Y137.317 E1614.09869
G1 X129.97 Y137.117 E1614.108
G1 X129.646 Y136.595 E1614.12935
G1 F9788.1 X129.485 Y136.265 E1614.14304
G1 F7993.1 X129.352 Y136.064 E1614.15405
G1 F7241.4 X129.315 Y135.634 E1614.1758
G1 F7403.8 X129.315 Y135.368 E1614.18891
G1 F7287.1 X129.345 Y135.007 E1614.20705
G1 F8400 X129.506 Y134.739 E1614.22063
G1 F10312.5 X129.646 Y134.401 E1614.23358
G1 F10500 X129.97 Y133.879 E1614.25493
G1 X130.148 Y133.679 E1614.26424
G1 X130.631 Y133.292 E1614.28575
G1 X131.161 Y133.038 E1614.30618
G1 X131.626 Y132.924 E1614.32282
G1 X132.18 Y132.908 E1614.34208
G1 X132.799 Y133.028 E1614.364
G1 X133.364 Y133.29 E1614.38564
G1 X133.852 Y133.679 E1614.40733
G1 X134.308 Y134.27 E1614.43328
G1 X134.526 Y134.883 E1614.45589
G1 X134.6 Y135.5 E1614.47749
G1 X134.526 Y136.114 E1614.49899
G1 X134.358 Y136.584 E1614.51633
G1 X134.03 Y137.117 E1614.53809
G1 X133.58 Y137.557 E1614.55996
G1 X133.364 Y137.706 E1614.56908
G1 X132.799 Y137.968 E1614.59073
G1 X132.37 Y138.072 E1614.60607
G1 X131.816 Y138.088 E1614.62533
G1 F2400 E1614.12533
G1 F600 Z2.7
G0 F15000 X157.84 Y135.5 Z2.7
G1 F600 Z2.3
G1 F2400 E1614.62533
G1 F10500 X157.897 Y134.986 E1614.64331
G1 X158.056 Y134.561 E1614.65908
G1 X158.375 Y134.062 E1614.67966
G1 X158.838 Y133.681 E1614.70051
G1 X159.304 Y133.455 E1614.71851
G1 X159.702 Y133.357 E1614.73275
G1 X160.341 Y133.367 E1614.75497
G1 X160.839 Y133.511 E1614.77298
G1 X161.159 Y133.679 E1614.78554
G1 X161.561 Y134.009 E1614.80362
G1 X161.928 Y134.523 E1614.82557
G1 X162.105 Y135.015 E1614.84375
G1 X162.16 Y135.488 E1614.8603
G1 X162.082 Y136.066 E1614.88057
G1 X161.917 Y136.496 E1614.89658
G1 X161.624 Y136.924 E1614.9146
G1 X161.198 Y137.295 E1614.93424
G1 X160.759 Y137.521 E1614.9514
G1 X160.267 Y137.643 E1614.96902
G1 X159.783 Y137.648 E1614.98584
G1 X159.231 Y137.518 E1615.00555
G1 X158.773 Y137.276 E1615.02356
G1 X158.381 Y136.929 E1615.04175
G1 X158.086 Y136.501 E1615.05982
G1 X157.896 Y136.002 E1615.07838
G1 X157.84 Y135.5 E1615.09593
G0 F15000 X157.4 Y135.5
G1 F10500 X157.469 Y134.884 E1615.11748
G1 X157.646 Y134.401 E1615.13536
G1 X157.97 Y133.879 E1615.15671
G1 X158.148 Y133.679 E1615.16602
G1 X158.631 Y133.292 E1615.18753
G1 X159.197 Y133.028 E1615.20924
G1 X159.626 Y132.924 E1615.22458
G1 X160.18 Y132.908 E1615.24384
G1 X160.799 Y133.028 E1615.26576
G1 X161.364 Y133.29 E1615.2874
G1 X161.852 Y133.679 E1615.30909
G1 X162.295 Y134.274 E1615.33488
G1 X162.529 Y134.858 E1615.35674
G1 X162.606 Y135.532 E1615.38032
G1 X162.522 Y136.149 E1615.40196
G1 X162.309 Y136.696 E1615.42237
G1 X161.962 Y137.218 E1615.44415
G1 X161.452 Y137.664 E1615.4677
G1 X160.869 Y137.948 E1615.49024
G1 X160.324 Y138.079 E1615.50972
G1 X159.701 Y138.088 E1615.53138
G1 X159.076 Y137.93 E1615.55379
G1 X158.485 Y137.611 E1615.57713
G1 X158.051 Y137.22 E1615.59743
G1 X157.696 Y136.705 E1615.61917
G1 X157.471 Y136.146 E1615.64012
G1 X157.4 Y135.5 E1615.6627
G1 F2400 E1615.1627
G1 F600 Z2.7
G0 F15000 X166.852 Y137.241 Z2.7
G1 F600 Z2.3
G1 F2400 E1615.6627
G1 F10500 X166.975 Y136.738 E1615.6807
G1 X167.215 Y136.28 E1615.69867
G1 X167.555 Y135.891 E1615.71663
G1 X168.061 Y135.556 E1615.73772
G1 X168.526 Y135.389 E1615.75489
G1 X169 Y135.34 E1615.77146
G1 X169.595 Y135.424 E1615.79234
G1 X170.05 Y135.614 E1615.80948
G1 X170.487 Y135.939 E1615.82841
G1 X170.815 Y136.338 E1615.84636
G1 X171.041 Y136.803 E1615.86433
G1 X171.148 Y137.316 E1615.88255
G1 X171.139 Y137.794 E1615.89916
G1 X171.041 Y138.193 E1615.91344
G1 X170.817 Y138.659 E1615.93141
G1 X170.487 Y139.061 E1615.94949
G1 X170.071 Y139.372 E1615.96754
G1 X169.511 Y139.598 E1615.98853
G1 X168.919 Y139.656 E1616.00921
G1 X168.431 Y139.583 E1616.02636
G1 X167.972 Y139.402 E1616.04351
G1 X167.529 Y139.083 E1616.06248
G1 X167.204 Y138.703 E1616.07986
G1 X166.968 Y138.237 E1616.09801
G1 X166.849 Y137.725 E1616.11628
G1 X166.852 Y137.241 E1616.13311
G0 F15000 X166.415 Y137.191
G1 F10500 X166.562 Y136.588 E1616.15468
G1 X166.843 Y136.029 E1616.17642
G1 X167.317 Y135.516 E1616.2007
G1 X167.901 Y135.146 E1616.22473
G1 X168.45 Y134.956 E1616.24492
G1 X169 Y134.9 E1616.26414
G1 X169.479 Y134.946 E1616.28086
G1 X169.755 Y135.014 E1616.29074
G1 X170.286 Y135.243 E1616.31084
G1 X170.817 Y135.648 E1616.33405
G1 X171.204 Y136.131 E1616.35556
G1 X171.468 Y136.697 E1616.37727
G1 X171.588 Y137.316 E1616.39919
G1 X171.573 Y137.87 E1616.41845
G1 X171.468 Y138.299 E1616.4338
G1 X171.207 Y138.864 E1616.45543
G1 X170.817 Y139.352 E1616.47714
G1 X170.321 Y139.734 E1616.4989
G1 X169.614 Y140.026 E1616.52549
G1 X168.992 Y140.1 E1616.54726
G1 X168.362 Y140.029 E1616.5693
G1 X167.754 Y139.784 E1616.59208
G1 X167.296 Y139.467 E1616.61144
G1 X166.863 Y138.996 E1616.63368
G1 X166.574 Y138.441 E1616.65542
G1 X166.409 Y137.831 E1616.67739
G1 X166.415 Y137.191 E1616.69963
G1 F2400 E1616.19963
G1 F600 Z2.7
G0 F15000 X168.996 Y163.34 Z2.7
G1 F600 Z2.3
G1 F2400 E1616.69963
G1 F10500 X169.51 Y163.397 E1616.71761
G1 X169.935 Y163.556 E1616.73338
G1 X170.434 Y163.875 E1616.75396
G1 X170.815 Y164.338 E1616.7748
G1 X171.041 Y164.803 E1616.79277
G1 X171.148 Y165.316 E1616.81099
G1 X171.139 Y165.794 E1616.8276
G1 X171.041 Y166.193 E1616.84188
G1 X170.817 Y166.659 E1616.85986
G1 X170.487 Y167.061 E1616.87793
G1 X169.971 Y167.429 E1616.89996
G1 X169.471 Y167.607 E1616.91841
G1 X169 Y167.66 E1616.93488
G1 X168.407 Y167.574 E1616.95571
G1 X167.971 Y167.401 E1616.97201
G1 X167.583 Y167.133 E1616.9884
G1 X167.232 Y166.743 E1617.00664
G1 X166.986 Y166.285 E1617.02471
G1 X166.855 Y165.779 E1617.04287
G1 X166.859 Y165.192 E1617.06328
G1 X166.996 Y164.688 E1617.08143
G1 X167.216 Y164.279 E1617.09757
G1 X167.548 Y163.898 E1617.11514
G1 X167.97 Y163.599 E1617.13311
G1 X168.517 Y163.391 E1617.15345
G1 X168.996 Y163.34 E1617.17019
G0 F15000 X168.993 Y162.9
G1 F10500 X169.612 Y162.969 E1617.19184
G1 X170.095 Y163.146 E1617.20972
G1 X170.617 Y163.47 E1617.23108
G1 X170.817 Y163.648 E1617.24038
G1 X171.204 Y164.131 E1617.26189
G1 X171.468 Y164.697 E1617.2836
G1 X171.588 Y165.316 E1617.30551
G1 X171.573 Y165.87 E1617.32478
G1 X171.468 Y166.299 E1617.34013
G1 X171.207 Y166.864 E1617.36176
G1 X170.817 Y167.352 E1617.38347
G1 X170.617 Y167.53 E1617.39278
G1 X170.154 Y167.829 E1617.41193
G1 X169.547 Y168.04 E1617.43427
G1 X169 Y168.1 E1617.4534
G1 X168.252 Y167.986 E1617.47969
G1 X167.719 Y167.763 E1617.49978
G1 X167.263 Y167.445 E1617.5191
G1 X166.845 Y166.968 E1617.54114
G1 X166.558 Y166.412 E1617.56289
G1 X166.42 Y165.844 E1617.58321
G1 X166.405 Y165.195 E1617.60577
G1 X166.56 Y164.592 E1617.62741
G1 X166.843 Y164.029 E1617.64931
G1 X167.271 Y163.548 E1617.67169
G1 X167.786 Y163.194 E1617.69341
G1 X168.367 Y162.966 E1617.7151
G1 X168.993 Y162.9 E1617.73698
G1 F2400 E1617.23698
G1 F600 Z2.7
G0 F15000 X161.904 Y167.477 Z2.7
G1 F600 Z2.3
G1 F2400 E1617.73698
G1 F10500 X162.097 Y167.98 E1617.75571
G1 X162.16 Y168.482 E1617.77329
G1 X162.1 Y169.002 E1617.79148
G1 X161.937 Y169.451 E1617.80809
G1 X161.561 Y169.987 E1617.83084
G1 X161.159 Y170.317 E1617.84892
G1 X160.693 Y170.541 E1617.86689
G1 X160.294 Y170.639 E1617.88117
G1 X159.816 Y170.648 E1617.89779
G1 X159.303 Y170.541 E1617.916
G1 X158.838 Y170.315 E1617.93397
G1 X158.375 Y169.934 E1617.95481
G1 X158.056 Y169.435 E1617.9754
G1 X157.898 Y169.01 E1617.99116
G1 X157.84 Y168.5 E1618.009
G1 X157.896 Y167.995 E1618.02666
G1 X158.086 Y167.494 E1618.04528
G1 X158.412 Y167.033 E1618.0649
G1 X158.773 Y166.72 E1618.08151
G1 X159.303 Y166.455 E1618.10211
G1 X159.783 Y166.348 E1618.1192
G1 X160.249 Y166.351 E1618.1354
G1 X160.744 Y166.47 E1618.15309
G1 X161.208 Y166.708 E1618.17122
G1 X161.604 Y167.05 E1618.1894
G1 X161.904 Y167.477 E1618.20754
G0 F15000 X162.32 Y167.308
G1 F10500 X162.533 Y167.891 E1618.22911
G1 X162.6 Y168.47 E1618.24937
G1 X162.537 Y169.105 E1618.27155
G1 X162.343 Y169.621 E1618.29071
G1 X162.03 Y170.117 E1618.3111
G1 X161.58 Y170.557 E1618.33297
G1 X161.364 Y170.706 E1618.34209
G1 X160.799 Y170.968 E1618.36374
G1 X160.37 Y171.072 E1618.37908
G1 X159.816 Y171.088 E1618.39834
G1 X159.549 Y171.056 E1618.40769
G1 X158.947 Y170.872 E1618.42957
G1 X158.42 Y170.557 E1618.45091
G1 X157.97 Y170.117 E1618.47278
G1 X157.646 Y169.595 E1618.49414
G1 X157.47 Y169.112 E1618.512
G1 X157.4 Y168.5 E1618.53341
G1 X157.471 Y167.85 E1618.55614
G1 X157.696 Y167.291 E1618.57708
G1 X158.051 Y166.775 E1618.59885
G1 X158.523 Y166.358 E1618.62074
G1 X159.197 Y166.028 E1618.64683
G1 X159.702 Y165.909 E1618.66486
G1 X160.337 Y165.913 E1618.68693
G1 X160.939 Y166.068 E1618.70854
G1 X161.49 Y166.361 E1618.73023
G1 X161.959 Y166.779 E1618.75206
G1 X162.32 Y167.308 E1618.77432
G1 F2400 E1618.27432
G1 F600 Z2.7
G0 F15000 X159 Y138.261 Z2.7
;TYPE:FILL
G1 F600 Z2.3
G1 F2400 E1618.77432
G1 F15000 X175.07 Y154.331 E1619.56422
G1 X175.07 Y157.965 E1619.69053
G1 X170.201 Y162.834 E1619.92986
G1 X170.808 Y163.2 E1619.95449
G1 X171.063 Y163.426 E1619.96633
G1 X171.492 Y163.968 E1619.99036
G1 X171.787 Y164.611 E1620.01495
G1 X171.913 Y165.27 E1620.03827
G1 X175.07 Y162.113 E1620.19345
G1 X175.07 Y158.479 E1620.31975
G1 X146.022 Y129.43 E1621.74759
G1 X145.534 Y129.43 E1621.76455
G1 X133.392 Y141.572 E1622.36137
G1 X133.275 Y141.571 E1622.36544
G1 X128.93 Y137.226 E1622.57901
G1 X128.931 Y136.8 E1622.59382
G1 X128.989 Y136.459 E1622.60584
G1 X129.06 Y136.312 E1622.61152
G1 X129.163 Y136.423 E1622.61678
G1 X129.555 Y137.113 E1622.64436
G1 X128.931 Y137.737 E1622.67503
G1 X128.93 Y141.374 E1622.80144
G1 X129.186 Y141.631 E1622.81405
G1 X132.418 Y138.398 E1622.97294
G1 X132.889 Y138.285 E1622.98978
G1 X133.525 Y137.995 E1623.01407
G1 X133.705 Y137.853 E1623.02204
G1 X137.424 Y141.572 E1623.20484
G1 X137.539 Y141.573 E1623.20884
G1 X149.682 Y129.43 E1623.80571
G1 X150.17 Y129.43 E1623.82267
G1 X157.27 Y136.531 E1624.17169
G1 X157.152 Y136.238 E1624.18267
G1 X157.065 Y135.553 E1624.20667
G1 X157.132 Y134.85 E1624.23121
G1 X157.341 Y134.275 E1624.25247
G1 X157.436 Y134.12 E1624.25879
G1 X149.98 Y141.576 E1624.62528
G1 X149.871 Y141.575 E1624.62907
G1 X137.726 Y129.43 E1625.22604
G1 X137.238 Y129.43 E1625.243
G1 X133.599 Y133.07 E1625.4219
G1 X133.193 Y132.827 E1625.43834
G1 X132.662 Y132.662 E1625.45767
G1 X129.43 Y129.43 E1625.61653
G1 X128.93 Y129.442 E1625.63392
G1 X128.93 Y133.078 E1625.76029
G1 X129.646 Y133.794 E1625.79549
G1 X129.49 Y133.993 E1625.80428
G1 X129.203 Y134.592 E1625.82736
G1 X129.051 Y134.77 E1625.8355
G1 X128.931 Y134.515 E1625.84529
G1 X128.931 Y133.589 E1625.87748
G1 X133.09 Y129.43 E1626.08191
G1 X133.578 Y129.43 E1626.09887
G1 X145.722 Y141.574 E1626.69579
G1 X145.833 Y141.575 E1626.69965
G1 X157.978 Y129.43 E1627.29662
G1 X158.465 Y129.43 E1627.31355
G1 X166.101 Y137.066 E1627.68888
G1 X166.244 Y136.465 E1627.71035
G1 X166.576 Y135.849 E1627.73468
G1 X167.031 Y135.313 E1627.75911
G1 X167.643 Y134.886 E1627.78505
G1 X167.96 Y134.777 E1627.7967
G1 X162.613 Y129.43 E1628.05952
G1 X162.125 Y129.43 E1628.07649
G1 X158.622 Y132.934 E1628.2487
G1 X158.468 Y133.004 E1628.25458
G1 X158.146 Y133.259 E1628.26885
G1 X154.318 Y129.43 E1628.45704
G1 X153.83 Y129.43 E1628.474
G1 X141.686 Y141.574 E1629.07092
G1 X141.573 Y141.573 E1629.07485
G1 X134.854 Y134.854 E1629.40511
G1 X134.921 Y135.332 E1629.42189
G1 X134.885 Y135.931 E1629.44274
G1 X141.386 Y129.43 E1629.76229
G1 X141.874 Y129.43 E1629.77925
G1 X154.238 Y141.794 E1630.38699
G1 X154.028 Y141.676 E1630.39536
G1 X158.043 Y137.661 E1630.59271
G1 X158.336 Y137.911 E1630.6061
G1 X158.944 Y138.247 E1630.63024
G1 X159.671 Y138.418 E1630.6562
G1 X160.367 Y138.407 E1630.68039
G1 X161.047 Y138.247 E1630.70467
G1 X161.69 Y137.893 E1630.73019
G1 X162.272 Y137.385 E1630.75704
G1 X175.07 Y150.183 E1631.3861
G1 X175.07 Y153.817 E1631.51241
G1 X162.257 Y166.63 E1632.14221
G1 X162.579 Y167.105 E1632.16216
G1 X162.862 Y167.823 E1632.18898
G1 X162.937 Y168.521 E1632.21338
G1 X162.852 Y169.171 E1632.23617
G1 X162.644 Y169.756 E1632.25775
G1 X162.298 Y170.311 E1632.28048
G1 X162.157 Y170.452 E1632.28741
G1 X166.274 Y174.57 E1632.4898
G1 X166.761 Y174.57 E1632.50673
G1 X175.07 Y166.261 E1632.91514
G1 X175.07 Y162.627 E1633.04145
G1 X154.751 Y142.307 E1634.04023
G1 X154.881 Y142.623 E1634.0521
G1 X154.925 Y142.869 E1634.06079
G1 X154.926 Y144.925 E1634.13225
G1 X170.421 Y129.43 E1634.89388
G1 X170.909 Y129.43 E1634.91085
G1 X175.07 Y133.592 E1635.1154
G1 X175.07 Y137.225 E1635.24167
G1 X154.931 Y157.364 E1636.23157
G1 X154.929 Y154.929 E1636.31621
G1 X166.157 Y166.157 E1636.8681
G1 X166.093 Y165.891 E1636.87761
G1 X166.073 Y165.158 E1636.9031
G1 X166.262 Y164.43 E1636.92924
G1 X166.599 Y163.808 E1636.95383
G1 X167.051 Y163.299 E1636.97749
G1 X167.286 Y163.138 E1636.98739
G1 X154.927 Y150.779 E1637.59488
G1 X154.929 Y153.218 E1637.67965
G1 X167.931 Y140.216 E1638.31875
G1 X167.6 Y140.089 E1638.33107
G1 X167.014 Y139.659 E1638.35633
G1 X166.589 Y139.184 E1638.37848
G1 X166.237 Y138.505 E1638.40507
G1 X166.097 Y137.902 E1638.42658
G1 X154.928 Y149.072 E1638.9756
G1 X154.926 Y146.63 E1639.06048
G1 X175.07 Y166.775 E1640.05065
G1 X175.07 Y170.408 E1640.17693
G1 X170.908 Y174.57 E1640.3815
G1 X170.422 Y174.57 E1640.39839
G1 X154.931 Y159.079 E1641.15983
G1 X154.931 Y161.096 E1641.22994
G1 X154.882 Y161.377 E1641.23985
G1 X154.752 Y161.691 E1641.25166
G1 X175.07 Y141.373 E1642.25037
G1 X175.07 Y137.739 E1642.37667
G1 X166.761 Y129.43 E1642.78509
G1 X166.273 Y129.43 E1642.80205
G1 X162.157 Y133.546 E1643.00437
G1 X161.794 Y133.186 E1643.02214
G1 X161.193 Y132.827 E1643.04647
G1 X160.522 Y132.619 E1643.07089
G1 X160.187 Y132.578 E1643.08262
G1 X160.078 Y132.565
G1 F2400 E1642.58262
G1 F600 Z2.7
G0 F15000 X168.995 Y134.57 Z2.7
G1 F600 Z2.3
G1 F2400 E1643.08262
G1 F15000 X169.392 Y134.607 E1643.09647
G1 X174.569 Y129.43 E1643.35094
G1 X175.07 Y129.43 E1643.36836
G1 X175.07 Y133.077 E1643.49511
G1 X171.708 Y136.439 E1643.66037
G1 X171.787 Y136.611 E1643.66695
G1 X171.919 Y137.306 E1643.69153
G1 X171.898 Y137.923 E1643.71299
G1 X171.785 Y138.389 E1643.72966
G1 X171.496 Y139.025 E1643.75394
G1 X171.063 Y139.574 E1643.77824
G1 X170.808 Y139.8 E1643.79008
G1 X170.211 Y140.163 E1643.81437
G1 X169.689 Y140.348 E1643.83362
G1 X169.421 Y140.385 E1643.84302
G1 X175.07 Y146.035 E1644.12071
G1 X175.07 Y149.669 E1644.24702
G1 X159.003 Y165.736 E1645.03677
G1 X158.942 Y165.75 E1645.03895
G1 X158.336 Y166.085 E1645.06301
G1 X158.041 Y166.337 E1645.0765
G1 X154.029 Y162.325 E1645.2737
G1 X153.919 Y162.377 E1645.27793
G1 X141.873 Y174.57 E1645.87366
G1 X141.387 Y174.57 E1645.89055
G1 X134.884 Y168.067 E1646.2102
G1 X134.921 Y168.669 E1646.23116
G1 X134.854 Y169.145 E1646.24787
G1 X141.569 Y162.43 E1646.57793
G1 X141.691 Y162.43 E1646.58217
G1 X153.83 Y174.57 E1647.17887
G1 X154.317 Y174.57 E1647.1958
G1 X158.142 Y170.745 E1647.38381
G1 X158.609 Y171.053 E1647.40326
G1 X162.126 Y174.57 E1647.57613
G1 X162.613 Y174.57 E1647.59306
G1 X168.774 Y168.408 E1647.89592
G1 X169 Y168.431 E1647.90381
G1 X169.607 Y168.365 E1647.92503
G1 X170.293 Y168.128 E1647.95026
G1 X170.81 Y167.798 E1647.97158
G1 X171.063 Y167.574 E1647.98332
G1 X171.353 Y167.205 E1647.99963
G1 X175.07 Y170.923 E1648.18236
G1 X175.07 Y174.57 E1648.30912
G1 X174.57 Y174.57 E1648.3265
G1 X168.348 Y168.348 E1648.63233
G1 X168.142 Y168.297 E1648.63971
G1 X167.588 Y168.071 E1648.6605
G1 X167.037 Y167.688 E1648.68383
G1 X166.573 Y167.156 E1648.70836
G1 X166.335 Y166.7 E1648.72624
G1 X158.465 Y174.57 E1649.11308
G1 X157.978 Y174.57 E1649.13001
G1 X145.839 Y162.43 E1649.72671
G1 X145.717 Y162.43 E1649.73095
G1 X133.577 Y174.57 E1650.32767
G1 X133.091 Y174.57 E1650.34456
G1 X128.93 Y170.409 E1650.54909
G1 X128.931 Y169.8 E1650.57026
G1 X128.989 Y169.459 E1650.58228
G1 X129.06 Y169.312 E1650.58795
G1 X129.163 Y169.423 E1650.59322
G1 X129.493 Y170.005 E1650.61647
G1 X129.647 Y170.204 E1650.62522
G1 X128.931 Y170.92 E1650.66041
G1 X128.93 Y174.57 E1650.78727
G1 X129.43 Y174.57 E1650.80465
G1 X132.659 Y171.34 E1650.96339
G1 X132.889 Y171.285 E1650.97161
G1 X133.62 Y170.951 E1650.99955
G1 X137.239 Y174.57 E1651.17743
G1 X137.725 Y174.57 E1651.19433
G1 X149.865 Y162.43 E1651.79105
G1 X149.987 Y162.43 E1651.79529
G1 X157.441 Y169.885 E1652.16171
G1 X157.34 Y169.72 E1652.16843
G1 X157.149 Y169.191 E1652.18798
G1 X157.065 Y168.555 E1652.21028
G1 X157.137 Y167.797 E1652.23674
G1 X157.268 Y167.47 E1652.24898
G1 X150.169 Y174.57 E1652.59795
G1 X149.682 Y174.57 E1652.61488
G1 X137.543 Y162.43 E1653.21158
G1 X137.421 Y162.43 E1653.21582
G1 X133.713 Y166.138 E1653.39808
G1 X133.193 Y165.827 E1653.41914
G1 X132.522 Y165.619 E1653.44355
G1 X132.423 Y165.607 E1653.44702
G1 X129.187 Y162.369 E1653.60613
G1 X128.93 Y162.625 E1653.61874
G1 X128.93 Y166.261 E1653.74511
G1 X129.565 Y166.896 E1653.77633
G1 X129.49 Y166.993 E1653.78059
G1 X129.203 Y167.592 E1653.80367
G1 X129.051 Y167.77 E1653.81181
G1 X128.931 Y167.515 E1653.82161
G1 X128.931 Y166.773 E1653.84739
G1 X133.273 Y162.43 E1654.06084
G1 X133.395 Y162.43 E1654.06508
G1 X145.535 Y174.57 E1654.66181
G1 X146.021 Y174.57 E1654.6787
G1 X175.07 Y145.521 E1656.10656
G1 X175.07 Y141.887 E1656.23287
G1 X171.718 Y138.535 E1656.39763
G1 X171.641 Y138.458
G1 F2400 E1655.89763
G1 F600 Z2.7
;MESH:NONMESH
G0 F15000 X132.586 Y137.114 Z2.7
;TIME_ELAPSED:566.569618
;LAYER:11
;MESH:case_VL53L8+RP2040-down.stl
G0 X132.586 Y137.114 Z2.9
;TYPE:WALL-OUTER
G1 F600 Z2.5
G1 F2400 E1656.39763
G1 F9000 X132.218 Y137.205 E1656.41081
G1 X131.762 Y137.202 E1656.42666
G1 X131.403 Y137.112 E1656.43952
G1 X131.044 Y136.927 E1656.45356
G1 X130.694 Y136.617 E1656.46981
G1 X130.466 Y136.276 E1656.48407
G1 X130.323 Y135.894 E1656.49824
G1 X130.281 Y135.525 E1656.51115
G1 X130.334 Y135.06 E1656.52742
G1 X130.49 Y134.675 E1656.54186
G1 X130.73 Y134.339 E1656.55621
G1 X131.044 Y134.069 E1656.5706
G1 X131.41 Y133.882 E1656.58489
G1 X131.778 Y133.791 E1656.59806
G1 X132.234 Y133.794 E1656.61391
G1 X132.635 Y133.901 E1656.62834
G1 X132.998 Y134.099 E1656.64271
G1 X133.306 Y134.379 E1656.65718
G1 X133.51 Y134.675 E1656.66967
G1 X133.67 Y135.088 E1656.68507
G1 X133.719 Y135.527 E1656.70042
G1 X133.67 Y135.908 E1656.71377
G1 X133.51 Y136.321 E1656.72916
G1 X133.306 Y136.617 E1656.74166
G1 X132.955 Y136.927 E1656.75793
G1 X132.586 Y137.114 E1656.77231
G1 F2400 E1656.27231
G1 F600 Z2.9
G0 F15000 X160.617 Y137.104 Z2.9
G1 F600 Z2.5
G1 F2400 E1656.77231
G1 F9000 X160.209 Y137.207 E1656.78694
G1 X159.805 Y137.208 E1656.80098
G1 X159.386 Y137.106 E1656.81597
G1 X159.015 Y136.908 E1656.83059
G1 X158.711 Y136.638 E1656.84472
G1 X158.476 Y136.298 E1656.85908
G1 X158.332 Y135.93 E1656.87282
G1 X158.281 Y135.525 E1656.887
G1 X158.325 Y135.088 E1656.90227
G1 X158.49 Y134.675 E1656.91773
G1 X158.73 Y134.339 E1656.93208
G1 X159.044 Y134.069 E1656.94647
G1 X159.41 Y133.882 E1656.96076
G1 X159.778 Y133.791 E1656.97393
G1 X160.234 Y133.794 E1656.98978
G1 X160.635 Y133.901 E1657.00421
G1 X160.998 Y134.099 E1657.01858
G1 X161.306 Y134.379 E1657.03305
G1 X161.522 Y134.694 E1657.04632
G1 X161.673 Y135.098 E1657.06131
G1 X161.72 Y135.512 E1657.0758
G1 X161.662 Y135.934 E1657.0906
G1 X161.525 Y136.296 E1657.10405
G1 X161.281 Y136.648 E1657.11894
G1 X160.982 Y136.911 E1657.13278
G1 X160.617 Y137.104 E1657.14713
G1 F2400 E1656.64713
G1 F600 Z2.9
G0 F15000 X169.408 Y139.17 Z2.9
G1 F600 Z2.5
G1 F2400 E1657.14713
G1 F9000 X169.027 Y139.219 E1657.16048
G1 X168.597 Y139.172 E1657.17552
G1 X168.19 Y139.02 E1657.19062
G1 X167.857 Y138.789 E1657.2047
G1 X167.585 Y138.482 E1657.21896
G1 X167.386 Y138.101 E1657.2339
G1 X167.289 Y137.71 E1657.2479
G1 X167.291 Y137.276 E1657.26299
G1 X167.401 Y136.86 E1657.27794
G1 X167.599 Y136.502 E1657.29216
G1 X167.866 Y136.204 E1657.30607
G1 X168.22 Y135.966 E1657.32089
G1 X168.602 Y135.823 E1657.33507
G1 X169 Y135.78 E1657.34898
G1 X169.436 Y135.834 E1657.36425
G1 X169.821 Y135.99 E1657.37869
G1 X170.157 Y136.23 E1657.39304
G1 X170.427 Y136.544 E1657.40744
G1 X170.614 Y136.91 E1657.42172
G1 X170.702 Y137.262 E1657.43433
G1 X170.705 Y137.718 E1657.45018
G1 X170.595 Y138.135 E1657.46517
G1 X170.397 Y138.498 E1657.47954
G1 X170.117 Y138.806 E1657.49401
G1 X169.821 Y139.01 E1657.50651
G1 X169.408 Y139.17 E1657.5219
G1 F2400 E1657.0219
G1 F600 Z2.9
G0 F15000 X153.72 Y161.02 Z2.9
G1 F600 Z2.5
G1 F2400 E1657.5219
G1 F9000 X153.668 Y161.144 E1657.52657
G1 X153.546 Y161.216 E1657.5315
G1 X129.435 Y161.22 E1658.36952
G1 X129.323 Y161.132 E1658.37447
G1 X129.283 Y161.038 E1658.37802
G1 X129.28 Y143 E1659.00496
G1 X129.323 Y142.867 E1659.00982
G1 X129.436 Y142.78 E1659.01478
G1 X153.546 Y142.784 E1659.85277
G1 X153.635 Y142.825 E1659.85617
G1 X153.72 Y142.937 E1659.86106
G1 X153.72 Y161.02 E1660.48957
G1 F2400 E1659.98957
G1 F600 Z2.9
G0 F15000 X160.586 Y170.114 Z2.9
G1 F600 Z2.5
G1 F2400 E1660.48957
G1 F9000 X160.218 Y170.205 E1660.50274
G1 X159.762 Y170.202 E1660.51859
G1 X159.36 Y170.095 E1660.53305
G1 X159.044 Y169.927 E1660.54549
G1 X158.694 Y169.617 E1660.56174
G1 X158.466 Y169.276 E1660.576
G1 X158.321 Y168.881 E1660.59062
G1 X158.281 Y168.475 E1660.6048
G1 X158.325 Y168.091 E1660.61824
G1 X158.476 Y167.698 E1660.63287
G1 X158.721 Y167.347 E1660.64775
G1 X159.023 Y167.082 E1660.66171
G1 X159.41 Y166.882 E1660.67685
G1 X159.805 Y166.788 E1660.69097
G1 X160.203 Y166.789 E1660.7048
G1 X160.624 Y166.895 E1660.71989
G1 X160.971 Y167.078 E1660.73352
G1 X161.284 Y167.352 E1660.74798
G1 X161.53 Y167.711 E1660.76311
G1 X161.67 Y168.086 E1660.77702
G1 X161.72 Y168.514 E1660.792
G1 X161.666 Y168.924 E1660.80637
G1 X161.51 Y169.321 E1660.8212
G1 X161.306 Y169.617 E1660.83369
G1 X160.955 Y169.927 E1660.84997
G1 X160.586 Y170.114 E1660.86435
G1 F2400 E1660.36435
G1 F600 Z2.9
G0 F15000 X169.788 Y167.029 Z2.9
G1 F600 Z2.5
G1 F2400 E1660.86435
G1 F9000 X169.395 Y167.173 E1660.87889
G1 X168.973 Y167.219 E1660.89365
G1 X168.562 Y167.162 E1660.90807
G1 X168.175 Y167.01 E1660.92252
G1 X167.863 Y166.794 E1660.93571
G1 X167.586 Y166.483 E1660.95018
G1 X167.392 Y166.117 E1660.96458
G1 X167.288 Y165.693 E1660.97976
G1 X167.291 Y165.274 E1660.99432
G1 X167.388 Y164.889 E1661.00812
G1 X167.591 Y164.51 E1661.02306
G1 X167.852 Y164.216 E1661.03673
G1 X168.22 Y163.966 E1661.05219
G1 X168.583 Y163.827 E1661.0657
G1 X168.998 Y163.78 E1661.08022
G1 X169.408 Y163.825 E1661.09455
G1 X169.821 Y163.99 E1661.11001
G1 X170.157 Y164.23 E1661.12436
G1 X170.427 Y164.544 E1661.13875
G1 X170.614 Y164.91 E1661.15304
G1 X170.702 Y165.262 E1661.16565
G1 X170.705 Y165.718 E1661.1815
G1 X170.595 Y166.135 E1661.19649
G1 X170.397 Y166.498 E1661.21086
G1 X170.117 Y166.806 E1661.22533
G1 X169.788 Y167.029 E1661.23914
G1 F2400 E1660.73914
G1 F600 Z2.9
G0 F15000 X176.28 Y175.78 Z2.9
G1 F600 Z2.5
G1 F2400 E1661.23914
G1 F9000 X176.28 Y128.22 E1662.89218
G1 X127.72 Y128.22 E1664.57997
G1 X127.72 Y175.78 E1666.23301
G1 X176.28 Y175.78 E1667.9208
G1 F2400 E1667.4208
G1 F600 Z2.9
G0 F15000 X132.586 Y170.114 Z2.9
G1 F600 Z2.5
G1 F2400 E1667.9208
G1 F9000 X132.218 Y170.205 E1667.93397
G1 X131.762 Y170.202 E1667.94982
G1 X131.403 Y170.112 E1667.96269
G1 X131.044 Y169.927 E1667.97672
G1 X130.694 Y169.617 E1667.99297
G1 X130.466 Y169.276 E1668.00723
G1 X130.323 Y168.894 E1668.02141
G1 X130.281 Y168.525 E1668.03432
G1 X130.334 Y168.06 E1668.05058
G1 X130.49 Y167.675 E1668.06502
G1 X130.73 Y167.339 E1668.07937
G1 X131.044 Y167.069 E1668.09377
G1 X131.41 Y166.882 E1668.10805
G1 X131.778 Y166.791 E1668.12123
G1 X132.234 Y166.794 E1668.13708
G1 X132.635 Y166.901 E1668.1515
G1 X132.998 Y167.099 E1668.16587
G1 X133.306 Y167.379 E1668.18034
G1 X133.51 Y167.675 E1668.19284
G1 X133.67 Y168.088 E1668.20823
G1 X133.719 Y168.527 E1668.22358
G1 X133.67 Y168.908 E1668.23693
G1 X133.51 Y169.321 E1668.25233
G1 X133.306 Y169.617 E1668.26482
G1 X132.955 Y169.927 E1668.2811
G1 X132.586 Y170.114 E1668.29548
G0 F15000 X132.693 Y170.541
;TYPE:WALL-INNER
G1 F10500 X132.294 Y170.639 E1668.30976
G1 X131.816 Y170.648 E1668.32637
G1 X131.282 Y170.535 E1668.34535
G1 X130.838 Y170.315 E1668.36257
G1 X130.375 Y169.934 E1668.38341
G1 X130.056 Y169.435 E1668.40399
G1 X129.889 Y168.97 E1668.42117
G1 X129.843 Y168.574 E1668.43502
G1 X129.89 Y167.981 E1668.4557
G1 X130.128 Y167.425 E1668.47672
G1 X130.439 Y167.009 E1668.49477
G1 X130.838 Y166.681 E1668.51272
G1 X131.282 Y166.461 E1668.52995
G1 X131.702 Y166.357 E1668.54499
G1 X132.341 Y166.367 E1668.5672
G1 X132.839 Y166.511 E1668.58522
G1 X133.159 Y166.679 E1668.59778
G1 X133.561 Y167.009 E1668.61585
G1 X133.872 Y167.425 E1668.63391
G1 X134.098 Y167.986 E1668.65493
G1 X134.156 Y168.581 E1668.67571
G1 X134.098 Y169.011 E1668.69079
G1 X133.946 Y169.429 E1668.70625
G1 X133.625 Y169.934 E1668.72704
G1 X133.159 Y170.317 E1668.74801
G1 X132.693 Y170.541 E1668.76598
G0 F15000 X132.799 Y170.968
G1 F10500 X132.37 Y171.072 E1668.78132
G1 X131.816 Y171.088 E1668.80059
G1 X131.161 Y170.958 E1668.8238
G1 X130.631 Y170.704 E1668.84422
G1 X130.148 Y170.317 E1668.86574
G1 X129.97 Y170.117 E1668.87504
G1 X129.646 Y169.595 E1668.8964
G1 F9788.1 X129.485 Y169.265 E1668.91009
G1 F7993.1 X129.352 Y169.064 E1668.92109
G1 F7241.4 X129.315 Y168.634 E1668.94284
G1 F7403.8 X129.315 Y168.368 E1668.95595
G1 F7287.1 X129.345 Y168.007 E1668.97409
G1 F8400 X129.506 Y167.739 E1668.98768
G1 F10312.5 X129.646 Y167.401 E1669.00062
G1 F10500 X129.97 Y166.879 E1669.02198
G1 X130.148 Y166.679 E1669.03128
G1 X130.631 Y166.292 E1669.05279
G1 X131.161 Y166.038 E1669.07322
G1 X131.626 Y165.924 E1669.08986
G1 X132.18 Y165.908 E1669.10913
G1 X132.799 Y166.028 E1669.13104
G1 X133.364 Y166.29 E1669.15269
G1 X133.852 Y166.679 E1669.17438
G1 X134.308 Y167.27 E1669.20032
G1 X134.526 Y167.883 E1669.22294
G1 X134.6 Y168.5 E1669.24453
G1 X134.526 Y169.114 E1669.26603
G1 X134.358 Y169.584 E1669.28338
G1 X134.03 Y170.117 E1669.30513
G1 X133.58 Y170.557 E1669.327
G1 X133.364 Y170.706 E1669.33613
G1 X132.799 Y170.968 E1669.35777
G1 F2400 E1668.85777
G1 F600 Z2.9
G0 F15000 X128.16 Y175.34 Z2.9
G1 F600 Z2.5
G1 F2400 E1669.35777
G1 F10500 X175.84 Y175.34 E1671.01498
G1 X175.84 Y128.66 E1672.63743
G1 X128.16 Y128.66 E1674.29463
G1 X128.16 Y142.333 E1674.76986
G1 F9240 X128.22 Y143 E1674.79631
G1 F8250 X128.22 Y143.957 E1674.83865
G1 F8235.3 X128.22 Y144.914 E1674.88106
G1 X128.221 Y145.871 E1674.92347
G1 X128.221 Y146.828 E1674.96588
G1 F8220.6 X128.221 Y147.785 E1675.00836
G1 X128.221 Y148.742 E1675.05085
G1 F8206 X128.221 Y149.699 E1675.09341
G1 X128.222 Y150.656 E1675.13597
G1 F8191.5 X128.222 Y151.613 E1675.1786
G1 X128.222 Y152.57 E1675.22124
G1 X128.222 Y153.527 E1675.26388
G1 F8177 X128.223 Y154.484 E1675.30659
G1 X128.223 Y155.441 E1675.3493
G1 F8162.5 X128.223 Y156.398 E1675.39209
G1 X128.223 Y157.355 E1675.43487
G1 F8148.1 X128.223 Y158.312 E1675.47774
G1 X128.224 Y159.269 E1675.5206
G1 X128.224 Y160.226 E1675.56346
G1 F8133.8 X128.224 Y161.183 E1675.6064
G1 F9166.7 X128.159 Y161.666 E1675.6258
G1 F10500 X128.16 Y175.34 E1676.10107
G0 F15000 X128.6 Y174.9
G1 F10500 X175.4 Y174.9 E1677.72769
G1 X175.4 Y129.1 E1679.31955
G1 X128.6 Y129.1 E1680.94617
G1 X128.601 Y134.206 E1681.12364
G1 F10312.5 X128.608 Y134.571 E1681.13656
G1 F8400 X128.703 Y134.972 E1681.15447
G1 F7287.1 X128.693 Y135.334 E1681.1726
G1 F7403.8 X128.693 Y135.668 E1681.18907
G1 F7241.4 X128.706 Y136.12 E1681.21185
G1 F7993.1 X128.631 Y136.425 E1681.22619
G1 F9788.1 X128.601 Y136.79 E1681.23985
G1 F10500 X128.6 Y142.354 E1681.43324
G1 X129.076 Y141.984 E1681.45419
G1 X129.5 Y141.9 E1681.46921
G1 X153.61 Y141.905 E1682.3072
G1 X153.942 Y141.992 E1682.31913
G1 X154.246 Y142.19 E1682.33174
G1 X154.46 Y142.461 E1682.34374
G1 X154.596 Y142.9 E1682.35972
G1 X154.601 Y161.157 E1682.99427
G1 X154.46 Y161.538 E1683.00839
G1 X154.174 Y161.871 E1683.02365
G1 X153.86 Y162.04 E1683.03604
G1 X153.532 Y162.1 E1683.04763
G1 X129.5 Y162.1 E1683.88291
G1 X129.076 Y162.016 E1683.89793
G1 X128.599 Y161.643 E1683.91898
G1 X128.601 Y167.206 E1684.11233
G1 F10312.5 X128.608 Y167.571 E1684.12525
G1 F8400 X128.703 Y167.972 E1684.14315
G1 F7287.1 X128.693 Y168.334 E1684.16129
G1 F7403.8 X128.693 Y168.668 E1684.17775
G1 F7241.4 X128.706 Y169.12 E1684.20054
G1 F7993.1 X128.631 Y169.425 E1684.21488
G1 F9788.1 X128.601 Y169.79 E1684.22854
G1 F10500 X128.6 Y174.9 E1684.40614
G1 F2400 E1683.90614
G1 F600 Z2.9
G0 F15000 X129.5 Y161.66 Z2.9
G1 F600 Z2.5
G1 F2400 E1684.40614
G1 F10500 X129.245 Y161.61 E1684.41518
G1 X128.971 Y161.396 E1684.42726
G1 F9166.7 X128.786 Y161.125 E1684.44032
G1 F8133.8 X128.786 Y160.171 E1684.48313
G1 F8148.1 X128.785 Y159.217 E1684.52586
G1 X128.785 Y158.263 E1684.56859
G1 X128.785 Y157.309 E1684.61131
G1 F8162.5 X128.784 Y156.355 E1684.65397
G1 X128.784 Y155.401 E1684.69662
G1 F8177 X128.784 Y154.447 E1684.7392
G1 X128.783 Y153.493 E1684.78178
G1 F8191.5 X128.783 Y152.539 E1684.82428
G1 X128.783 Y151.585 E1684.86678
G1 X128.783 Y150.631 E1684.90928
G1 F8206 X128.782 Y149.677 E1684.95171
G1 X128.782 Y148.723 E1684.99414
G1 F8220.6 X128.782 Y147.769 E1685.03649
G1 X128.781 Y146.815 E1685.07884
G1 F8235.3 X128.781 Y145.861 E1685.12112
G1 X128.781 Y144.907 E1685.1634
G1 X128.78 Y143.953 E1685.20567
G1 F8250 X128.78 Y142.999 E1685.24787
G1 F9240 X128.971 Y142.603 E1685.26524
G1 F10500 X129.246 Y142.39 E1685.27733
G1 X129.5 Y142.34 E1685.28633
G1 X153.566 Y142.343 E1686.12278
G1 X153.766 Y142.395 E1686.12997
G1 X153.948 Y142.514 E1686.13752
G1 X154.113 Y142.753 E1686.14762
G1 X154.158 Y142.94 E1686.1543
G1 X154.158 Y161.06 E1686.7841
G1 X154.113 Y161.247 E1686.79078
G1 X153.948 Y161.486 E1686.80088
G1 X153.766 Y161.605 E1686.80843
G1 X153.566 Y161.657 E1686.81562
G1 X129.5 Y161.66 E1687.65207
G1 F2400 E1687.15207
G1 F600 Z2.9
G0 F15000 X131.816 Y137.648 Z2.9
G1 F600 Z2.5
G1 F2400 E1687.65207
G1 F10500 X131.282 Y137.535 E1687.67105
G1 X130.838 Y137.315 E1687.68827
G1 X130.375 Y136.934 E1687.70911
G1 X130.056 Y136.435 E1687.72969
G1 X129.889 Y135.97 E1687.74687
G1 X129.843 Y135.574 E1687.76072
G1 X129.89 Y134.981 E1687.7814
G1 X130.128 Y134.425 E1687.80242
G1 X130.439 Y134.009 E1687.82047
G1 X130.838 Y133.681 E1687.83842
G1 X131.282 Y133.461 E1687.85565
G1 X131.702 Y133.357 E1687.87069
G1 X132.341 Y133.367 E1687.8929
G1 X132.839 Y133.511 E1687.91092
G1 X133.159 Y133.679 E1687.92348
G1 X133.561 Y134.009 E1687.94155
G1 X133.872 Y134.425 E1687.95961
G1 X134.098 Y134.986 E1687.98063
G1 X134.156 Y135.581 E1688.00141
G1 X134.098 Y136.011 E1688.01649
G1 X133.946 Y136.429 E1688.03195
G1 X133.625 Y136.934 E1688.05274
G1 X133.159 Y137.317 E1688.07371
G1 X132.693 Y137.541 E1688.09168
G1 X132.294 Y137.639 E1688.10596
G1 X131.816 Y137.648 E1688.12258
G0 F15000 X131.816 Y138.088
G1 F10500 X131.161 Y137.958 E1688.14579
G1 X130.631 Y137.704 E1688.16621
G1 X130.148 Y137.317 E1688.18773
G1 X129.97 Y137.117 E1688.19703
G1 X129.646 Y136.595 E1688.21839
G1 F9788.1 X129.485 Y136.265 E1688.23208
G1 F7993.1 X129.352 Y136.064 E1688.24308
G1 F7241.4 X129.315 Y135.634 E1688.26483
G1 F7403.8 X129.315 Y135.368 E1688.27794
G1 F7287.1 X129.345 Y135.007 E1688.29608
G1 F8400 X129.506 Y134.739 E1688.30967
G1 F10312.5 X129.646 Y134.401 E1688.32261
G1 F10500 X129.97 Y133.879 E1688.34397
G1 X130.148 Y133.679 E1688.35327
G1 X130.631 Y133.292 E1688.37479
G1 X131.161 Y133.038 E1688.39521
G1 X131.626 Y132.924 E1688.41185
G1 X132.18 Y132.908 E1688.43112
G1 X132.799 Y133.028 E1688.45303
G1 X133.364 Y133.29 E1688.47468
G1 X133.852 Y133.679 E1688.49637
G1 X134.308 Y134.27 E1688.52231
G1 X134.526 Y134.883 E1688.54493
G1 X134.6 Y135.5 E1688.56653
G1 X134.526 Y136.114 E1688.58802
G1 X134.358 Y136.584 E1688.60537
G1 X134.03 Y137.117 E1688.62712
G1 X133.58 Y137.557 E1688.649
G1 X133.364 Y137.706 E1688.65812
G1 X132.799 Y137.968 E1688.67976
G1 X132.37 Y138.072 E1688.6951
G1 X131.816 Y138.088 E1688.71437
G1 F2400 E1688.21437
G1 F600 Z2.9
G0 F15000 X157.84 Y135.5 Z2.9
G1 F600 Z2.5
G1 F2400 E1688.71437
G1 F10500 X157.897 Y134.986 E1688.73234
G1 X158.056 Y134.561 E1688.74811
G1 X158.375 Y134.062 E1688.7687
G1 X158.838 Y133.681 E1688.78954
G1 X159.304 Y133.455 E1688.80754
G1 X159.702 Y133.357 E1688.82179
G1 X160.341 Y133.367 E1688.844
G1 X160.839 Y133.511 E1688.86202
G1 X161.159 Y133.679 E1688.87458
G1 X161.561 Y134.009 E1688.89266
G1 X161.928 Y134.523 E1688.91461
G1 X162.105 Y135.015 E1688.93278
G1 X162.16 Y135.488 E1688.94933
G1 X162.082 Y136.066 E1688.9696
G1 X161.917 Y136.496 E1688.98561
G1 X161.624 Y136.924 E1689.00364
G1 X161.198 Y137.295 E1689.02327
G1 X160.759 Y137.521 E1689.04043
G1 X160.267 Y137.643 E1689.05805
G1 X159.783 Y137.648 E1689.07488
G1 X159.231 Y137.518 E1689.09459
G1 X158.773 Y137.276 E1689.11259
G1 X158.381 Y136.929 E1689.13079
G1 X158.086 Y136.501 E1689.14885
G1 X157.896 Y136.002 E1689.16741
G1 X157.84 Y135.5 E1689.18497
G0 F15000 X157.4 Y135.5
G1 F10500 X157.469 Y134.884 E1689.20651
G1 X157.646 Y134.401 E1689.22439
G1 X157.97 Y133.879 E1689.24575
G1 X158.148 Y133.679 E1689.25505
G1 X158.631 Y133.292 E1689.27656
G1 X159.197 Y133.028 E1689.29827
G1 X159.626 Y132.924 E1689.31361
G1 X160.18 Y132.908 E1689.33288
G1 X160.799 Y133.028 E1689.35479
G1 X161.364 Y133.29 E1689.37644
G1 X161.852 Y133.679 E1689.39813
G1 X162.295 Y134.274 E1689.42391
G1 X162.529 Y134.858 E1689.44578
G1 X162.606 Y135.532 E1689.46936
G1 X162.522 Y136.149 E1689.491
G1 X162.309 Y136.696 E1689.5114
G1 X161.962 Y137.218 E1689.53319
G1 X161.452 Y137.664 E1689.55674
G1 X160.869 Y137.948 E1689.57928
G1 X160.324 Y138.079 E1689.59876
G1 X159.701 Y138.088 E1689.62041
G1 X159.076 Y137.93 E1689.64282
G1 X158.485 Y137.611 E1689.66616
G1 X158.051 Y137.22 E1689.68647
G1 X157.696 Y136.705 E1689.70821
G1 X157.471 Y136.146 E1689.72915
G1 X157.4 Y135.5 E1689.75174
G1 F2400 E1689.25174
G1 F600 Z2.9
G0 F15000 X166.852 Y137.241 Z2.9
G1 F600 Z2.5
G1 F2400 E1689.75174
G1 F10500 X166.975 Y136.738 E1689.76974
G1 X167.215 Y136.28 E1689.78771
G1 X167.555 Y135.891 E1689.80566
G1 X168.061 Y135.556 E1689.82676
G1 X168.526 Y135.389 E1689.84393
G1 X169 Y135.34 E1689.86049
G1 X169.595 Y135.424 E1689.88138
G1 X170.05 Y135.614 E1689.89851
G1 X170.487 Y135.939 E1689.91744
G1 X170.815 Y136.338 E1689.9354
G1 X171.041 Y136.803 E1689.95337
G1 X171.148 Y137.316 E1689.97158
G1 X171.139 Y137.794 E1689.9882
G1 X171.041 Y138.193 E1690.00248
G1 X170.817 Y138.659 E1690.02045
G1 X170.487 Y139.061 E1690.03852
G1 X170.071 Y139.372 E1690.05658
G1 X169.511 Y139.598 E1690.07757
G1 X168.919 Y139.656 E1690.09824
G1 X168.431 Y139.583 E1690.11539
G1 X167.972 Y139.402 E1690.13254
G1 X167.529 Y139.083 E1690.15151
G1 X167.204 Y138.703 E1690.16889
G1 X166.968 Y138.237 E1690.18705
G1 X166.849 Y137.725 E1690.20532
G1 X166.852 Y137.241 E1690.22214
G0 F15000 X166.415 Y137.191
G1 F10500 X166.562 Y136.588 E1690.24371
G1 X166.843 Y136.029 E1690.26546
G1 X167.317 Y135.516 E1690.28973
G1 X167.901 Y135.146 E1690.31376
G1 X168.45 Y134.956 E1690.33396
G1 X169 Y134.9 E1690.35317
G1 X169.479 Y134.946 E1690.3699
G1 X169.755 Y135.014 E1690.37978
G1 X170.286 Y135.243 E1690.39987
G1 X170.817 Y135.648 E1690.42309
G1 X171.204 Y136.131 E1690.4446
G1 X171.468 Y136.697 E1690.4663
G1 X171.588 Y137.316 E1690.48822
G1 X171.573 Y137.87 E1690.50748
G1 X171.468 Y138.299 E1690.52283
G1 X171.207 Y138.864 E1690.54446
G1 X170.817 Y139.352 E1690.56618
G1 X170.321 Y139.734 E1690.58794
G1 X169.614 Y140.026 E1690.61452
G1 X168.992 Y140.1 E1690.63629
G1 X168.362 Y140.029 E1690.65833
G1 X167.754 Y139.784 E1690.68111
G1 X167.296 Y139.467 E1690.70047
G1 X166.863 Y138.996 E1690.72271
G1 X166.574 Y138.441 E1690.74446
G1 X166.409 Y137.831 E1690.76642
G1 X166.415 Y137.191 E1690.78867
G1 F2400 E1690.28867
G1 F600 Z2.9
G0 F15000 X168.996 Y163.34 Z2.9
G1 F600 Z2.5
G1 F2400 E1690.78867
G1 F10500 X169.51 Y163.397 E1690.80664
G1 X169.935 Y163.556 E1690.82241
G1 X170.434 Y163.875 E1690.843
G1 X170.815 Y164.338 E1690.86384
G1 X171.041 Y164.803 E1690.88181
G1 X171.148 Y165.316 E1690.90002
G1 X171.139 Y165.794 E1690.91664
G1 X171.041 Y166.193 E1690.93092
G1 X170.817 Y166.659 E1690.94889
G1 X170.487 Y167.061 E1690.96697
G1 X169.971 Y167.429 E1690.98899
G1 X169.471 Y167.607 E1691.00744
G1 X169 Y167.66 E1691.02392
G1 X168.407 Y167.574 E1691.04474
G1 X167.971 Y167.401 E1691.06105
G1 X167.583 Y167.133 E1691.07744
G1 X167.232 Y166.743 E1691.09567
G1 X166.986 Y166.285 E1691.11374
G1 X166.855 Y165.779 E1691.13191
G1 X166.859 Y165.192 E1691.15231
G1 X166.996 Y164.688 E1691.17046
G1 X167.216 Y164.279 E1691.18661
G1 X167.548 Y163.898 E1691.20417
G1 X167.97 Y163.599 E1691.22215
G1 X168.517 Y163.391 E1691.24249
G1 X168.996 Y163.34 E1691.25923
G0 F15000 X168.993 Y162.9
G1 F10500 X169.612 Y162.969 E1691.28088
G1 X170.095 Y163.146 E1691.29876
G1 X170.617 Y163.47 E1691.32011
G1 X170.817 Y163.648 E1691.32942
G1 X171.204 Y164.131 E1691.35093
G1 X171.468 Y164.697 E1691.37263
G1 X171.588 Y165.316 E1691.39455
G1 X171.573 Y165.87 E1691.41381
G1 X171.468 Y166.299 E1691.42916
G1 X171.207 Y166.864 E1691.45079
G1 X170.817 Y167.352 E1691.47251
G1 X170.617 Y167.53 E1691.48181
G1 X170.154 Y167.829 E1691.50097
G1 X169.547 Y168.04 E1691.5233
G1 X169 Y168.1 E1691.54243
G1 X168.252 Y167.986 E1691.56873
G1 X167.719 Y167.763 E1691.58881
G1 X167.263 Y167.445 E1691.60813
G1 X166.845 Y166.968 E1691.63018
G1 X166.558 Y166.412 E1691.65192
G1 X166.42 Y165.844 E1691.67224
G1 X166.405 Y165.195 E1691.6948
G1 X166.56 Y164.592 E1691.71644
G1 X166.843 Y164.029 E1691.73834
G1 X167.271 Y163.548 E1691.76072
G1 X167.786 Y163.194 E1691.78244
G1 X168.367 Y162.966 E1691.80414
G1 X168.993 Y162.9 E1691.82601
G1 F2400 E1691.32601
G1 F600 Z2.9
G0 F15000 X161.904 Y167.477 Z2.9
G1 F600 Z2.5
G1 F2400 E1691.82601
G1 F10500 X162.097 Y167.98 E1691.84474
G1 X162.16 Y168.482 E1691.86232
G1 X162.1 Y169.002 E1691.88052
G1 X161.937 Y169.451 E1691.89712
G1 X161.561 Y169.987 E1691.91988
G1 X161.159 Y170.317 E1691.93795
G1 X160.693 Y170.541 E1691.95592
G1 X160.294 Y170.639 E1691.9702
G1 X159.816 Y170.648 E1691.98682
G1 X159.303 Y170.541 E1692.00504
G1 X158.838 Y170.315 E1692.02301
G1 X158.375 Y169.934 E1692.04385
G1 X158.056 Y169.435 E1692.06443
G1 X157.898 Y169.01 E1692.08019
G1 X157.84 Y168.5 E1692.09803
G1 X157.896 Y167.995 E1692.11569
G1 X158.086 Y167.494 E1692.13431
G1 X158.412 Y167.033 E1692.15394
G1 X158.773 Y166.72 E1692.17054
G1 X159.303 Y166.455 E1692.19114
G1 X159.783 Y166.348 E1692.20823
G1 X160.249 Y166.351 E1692.22443
G1 X160.744 Y166.47 E1692.24212
G1 X161.208 Y166.708 E1692.26025
G1 X161.604 Y167.05 E1692.27844
G1 X161.904 Y167.477 E1692.29657
G0 F15000 X162.32 Y167.308
G1 F10500 X162.533 Y167.891 E1692.31815
G1 X162.6 Y168.47 E1692.33841
G1 X162.537 Y169.105 E1692.36058
G1 X162.343 Y169.621 E1692.37974
G1 X162.03 Y170.117 E1692.40013
G1 X161.58 Y170.557 E1692.422
G1 X161.364 Y170.706 E1692.43112
G1 X160.799 Y170.968 E1692.45277
G1 X160.37 Y171.072 E1692.46811
G1 X159.816 Y171.088 E1692.48738
G1 X159.549 Y171.056 E1692.49672
G1 X158.947 Y170.872 E1692.5186
G1 X158.42 Y170.557 E1692.53994
G1 X157.97 Y170.117 E1692.56182
G1 X157.646 Y169.595 E1692.58317
G1 X157.47 Y169.112 E1692.60104
G1 X157.4 Y168.5 E1692.62245
G1 X157.471 Y167.85 E1692.64517
G1 X157.696 Y167.291 E1692.66612
G1 X158.051 Y166.775 E1692.68789
G1 X158.523 Y166.358 E1692.70978
G1 X159.197 Y166.028 E1692.73586
G1 X159.702 Y165.909 E1692.75389
G1 X160.337 Y165.913 E1692.77596
G1 X160.939 Y166.068 E1692.79757
G1 X161.49 Y166.361 E1692.81926
G1 X161.959 Y166.779 E1692.8411
G1 X162.32 Y167.308 E1692.86336
G1 F2400 E1692.36336
G1 F600 Z2.9
G0 F15000 X162.936 Y168.52 Z2.9
;TYPE:FILL
G1 F600 Z2.5
G1 F2400 E1692.86336
G1 F15000 X162.88 Y168.96 E1692.87877
G1 X164.074 Y168.96 E1692.92027
G1 X163.634 Y169.4 E1692.9419
G0 X163.24 Y169.797
G1 X163.634 Y169.4 E1692.96134
G1 X162.771 Y169.4 E1692.99134
G1 X162.852 Y169.171 E1692.99978
G1 X162.88 Y168.96 E1693.00718
G0 X162.771 Y169.4
G1 X162.644 Y169.756 E1693.02031
G1 X162.298 Y170.311 E1693.04304
G1 X162.157 Y170.452 E1693.04998
G1 X163.24 Y171.537 E1693.10326
G1 X163.24 Y173.941 E1693.18681
G1 X168.499 Y168.682 E1693.44531
G0 X168.838 Y168.839
G1 X168.348 Y168.348 E1693.46942
G1 X168.142 Y168.297 E1693.4768
G1 X167.588 Y168.071 E1693.49759
G1 X167.037 Y167.688 E1693.52092
G1 X166.573 Y167.156 E1693.54545
G1 X166.335 Y166.7 E1693.56333
G1 X165.88 Y167.154 E1693.58567
G1 X165.88 Y165.881 E1693.62992
G1 X165.196 Y165.195 E1693.66359
G1 X165.119 Y165.118
G1 F2400 E1693.16359
G1 F600 Z2.9
G0 F15000 X165.88 Y165.881 Z2.9
G1 F600 Z2.5
G1 F2400 E1693.66359
G1 F15000 X166.157 Y166.157 E1693.67718
G1 X166.093 Y165.891 E1693.68669
G1 X166.073 Y165.158 E1693.71217
G1 X166.262 Y164.43 E1693.73831
G1 X166.599 Y163.808 E1693.7629
G1 X167.051 Y163.299 E1693.78656
G1 X167.286 Y163.138 E1693.79646
G1 X166.802 Y162.657 E1693.82018
G0 X166.523 Y162.367
G1 X174.68 Y154.208 E1694.22118
G0 X174.68 Y153.94
G1 X163.24 Y142.503 E1694.78342
G1 X163.163 Y142.426
G1 F2400 E1694.28342
G1 F600 Z2.9
G0 F15000 X162.318 Y141.68 Z2.9
G1 F600 Z2.5
G1 F2400 E1694.78342
G1 F15000 X165.67 Y138.329 E1694.94816
G1 X165.747 Y138.252
G1 F2400 E1694.44816
G1 F600 Z2.9
G0 F15000 X165.651 Y136.618 Z2.9
G1 F600 Z2.5
G1 F2400 E1694.94816
G1 F15000 X166.101 Y137.066 E1694.97023
G1 X166.244 Y136.465 E1694.9917
G1 X166.576 Y135.849 E1695.01602
G1 X167.031 Y135.313 E1695.04046
G1 X167.643 Y134.886 E1695.06639
G1 X167.96 Y134.777 E1695.07805
G1 X167.233 Y134.052 E1695.11373
G1 X165.434 Y136.397 E1695.21646
G1 X165.651 Y136.618 E1695.22722
G1 X165.67 Y138.329 E1695.2867
G1 X166.097 Y137.902 E1695.30768
G1 X166.237 Y138.505 E1695.3292
G1 X166.589 Y139.184 E1695.35578
G1 X167.014 Y139.659 E1695.37794
G1 X167.6 Y140.089 E1695.4032
G1 X167.931 Y140.216 E1695.41552
G1 X167.348 Y140.8 E1695.4442
G1 X169.835 Y140.8 E1695.53064
G1 X169.869 Y140.833 E1695.53229
G1 X169.835 Y140.8
G1 X169.421 Y140.385 E1695.55266
G1 X169.689 Y140.348 E1695.56207
G1 X170.211 Y140.163 E1695.58131
G1 X170.808 Y139.8 E1695.6056
G1 X171.063 Y139.574 E1695.61744
G1 X171.496 Y139.025 E1695.64174
G1 X171.785 Y138.389 E1695.66602
G1 X171.898 Y137.923 E1695.68269
G1 X171.919 Y137.306 E1695.70415
G1 X171.787 Y136.611 E1695.72874
G1 X171.708 Y136.439 E1695.73531
G1 X172.04 Y136.109 E1695.75158
G1 X172.04 Y138.856 E1695.84706
G1 X172.349 Y139.167 E1695.8623
G1 X172.48 Y139.296
G1 X172.349 Y139.167 E1695.86869
G1 X169.869 Y140.833 E1695.97253
G1 X174.68 Y145.643 E1696.20898
G0 X174.68 Y145.912
G1 X175.07 Y145.521 E1696.22818
G1 X175.07 Y141.887 E1696.35448
G1 X174.68 Y141.496 E1696.37368
G0 X174.68 Y141.764
G1 X175.07 Y141.373 E1696.39287
G1 X175.07 Y137.739 E1696.51918
G1 X174.68 Y137.348 E1696.53837
G0 X174.68 Y137.616
G1 X175.07 Y137.225 E1696.55757
G1 X175.07 Y133.592 E1696.68384
G1 X170.909 Y129.43 E1696.88839
G1 X170.421 Y129.43 E1696.90535
G1 X165.23 Y134.618 E1697.16044
G1 X165.153 Y134.695
G1 F2400 E1696.66044
G1 F600 Z2.9
G0 F15000 X164.807 Y135.769 Z2.9
G1 F600 Z2.5
G1 F2400 E1697.16044
G1 F15000 X162.845 Y133.812 E1697.25675
G0 X162.36 Y133.323
G1 X161.04 Y132.007 E1697.32154
G1 X161.04 Y132.779 E1697.34837
G1 X161.193 Y132.827 E1697.35394
G1 X161.794 Y133.186 E1697.37828
G1 X162.157 Y133.546 E1697.39604
G1 X162.534 Y133.171 E1697.41453
G1 X162.611 Y133.094
G1 F2400 E1696.91453
G1 F600 Z2.9
G0 F15000 X163.24 Y132.461 Z2.9
G1 F600 Z2.5
G1 F2400 E1697.41453
G1 F15000 X166.273 Y129.43 E1697.56356
G1 X166.761 Y129.43 E1697.58052
G1 X171.529 Y134.2 E1697.81494
G0 X171.696 Y134.364
G1 X171.529 Y134.2 E1697.82307
G1 X169.801 Y134.2 E1697.88313
G1 X169.392 Y134.607 E1697.90318
G1 X168.995 Y134.57 E1697.91704
G0 X168.357 Y134.755
G1 X166.727 Y133.126 E1697.99714
G0 X166.605 Y133.425
G1 X163.24 Y130.059 E1698.16257
G1 X163.24 Y132.461 E1698.24605
G1 X162.534 Y133.171 E1698.28085
G1 X165.23 Y134.618 E1698.3872
G1 X163.392 Y136.459 E1698.47762
G0 X163.013 Y136.838
G1 X161.693 Y138.16 E1698.54255
G1 X163.045 Y138.16 E1698.58954
G1 X163.027 Y138.138 E1698.59053
G1 X163.013 Y136.838 E1698.63572
G1 X163.392 Y136.459 E1698.65435
G1 X162.845 Y133.812 E1698.74829
G1 X162.36 Y133.323 E1698.77223
G1 X162.36 Y129.43 E1698.90754
G1 X162.613 Y129.43 E1698.91633
G1 X163.24 Y130.059 E1698.9472
G1 X163.317 Y130.136
G1 F2400 E1698.4472
G1 F600 Z2.9
G0 F15000 X162.36 Y129.43 Z2.9
G1 F600 Z2.5
G1 F2400 E1698.9472
G1 F15000 X162.125 Y129.43 E1698.95537
G1 X161.754 Y129.8 E1698.97358
G1 F2400 E1698.47358
G1 F600 Z2.9
G0 F15000 X160.16 Y131.397 Z2.9
G1 F600 Z2.5
G1 F2400 E1698.97358
G1 F15000 X160.16 Y132.689 E1699.01848
G1 X160.187 Y132.578
G1 X160.522 Y132.619 E1699.03021
G1 X161.04 Y132.779 E1699.04906
G0 X161.04 Y132.007
G1 X158.836 Y129.8 E1699.15747
G1 X158.813 Y129.779
G1 X158.836 Y129.8 E1699.15855
G1 X161.754 Y129.8 E1699.25997
G1 X159.795 Y131.758 E1699.35624
G1 X157.522 Y132.634 E1699.4409
G1 X158.146 Y133.259 E1699.4716
G1 X158.468 Y133.004 E1699.48588
G1 X158.622 Y132.934 E1699.49175
G1 X159.795 Y131.758 E1699.54949
G1 X159.872 Y131.681
G1 F2400 E1699.04949
G1 F600 Z2.9
G0 F15000 X157.522 Y132.634 Z2.9
G1 F600 Z2.5
G1 F2400 E1699.54949
G1 F15000 X157.46 Y132.575 E1699.55246
G1 X156.453 Y135.103 E1699.64704
G1 X157.436 Y134.12 E1699.69536
G1 X157.341 Y134.275 E1699.70168
G1 X157.132 Y134.85 E1699.72294
G1 X157.068 Y135.52 E1699.74633
G1 X156.261 Y135.52 E1699.77438
G1 X157.27 Y136.531 E1699.82403
G1 X157.152 Y136.238 E1699.83501
G1 X157.065 Y135.553 E1699.85901
G1 X157.068 Y135.52 E1699.86016
G0 X156.453 Y135.103
G1 X150.314 Y141.24 E1700.16186
G1 X149.538 Y141.24 E1700.18883
G1 X149.871 Y141.575 E1700.20525
G1 X149.98 Y141.576 E1700.20904
G1 X150.318 Y141.24 E1700.22561
G1 X153.682 Y141.24 E1700.34253
G1 X154.238 Y141.794 E1700.36981
G1 X154.028 Y141.676 E1700.37818
G1 X158.043 Y137.661 E1700.57553
G1 X158.336 Y137.911 E1700.58892
G1 X158.944 Y138.247 E1700.61306
G1 X159.671 Y138.418 E1700.63902
G1 X160.367 Y138.407 E1700.66321
G1 X161.047 Y138.247 E1700.68749
G1 X161.69 Y137.893 E1700.71301
G1 X162.272 Y137.385 E1700.73986
G1 X163.027 Y138.138 E1700.77692
G1 X163.045 Y138.16
G1 X174.68 Y149.792 E1701.34875
G1 X174.68 Y145.912 E1701.4836
G1 X163.24 Y157.352 E1702.04592
G1 X163.24 Y159.09 E1702.10633
G1 X166.802 Y162.657 E1702.28154
G1 X165.196 Y165.195 E1702.38593
G1 X162.8 Y162.798 E1702.50372
G1 X162.8 Y161.94 E1702.53354
G1 X159.74 Y165 E1702.68395
G1 X160.851 Y165 E1702.72257
G1 X158.211 Y162.36 E1702.85233
G1 X158.232 Y162.36
G1 X163.24 Y157.349 E1703.09857
G1 X163.24 Y157.352
G1 X163.24 Y154.947 E1703.18216
G1 X170.522 Y162.227 E1703.54005
G1 X170.599 Y162.304
G1 F2400 E1703.04005
G1 F600 Z2.9
G0 F15000 X172.818 Y164.525 Z2.9
G1 F600 Z2.5
G1 F2400 E1703.54005
G1 F15000 X170.522 Y162.227 E1703.65295
G1 X166.523 Y162.367 E1703.79203
G1 X162.257 Y166.63 E1704.00165
G1 X162.579 Y167.105 E1704.02159
G1 X162.862 Y167.823 E1704.04842
G1 X162.936 Y168.52 E1704.07278
G1 X164.371 Y168.52 E1704.12265
G1 X160.851 Y165 E1704.29567
G1 X160.774 Y164.923
G1 F2400 E1703.79567
G1 F600 Z2.9
G0 F15000 X159.74 Y165 Z2.9
G1 F600 Z2.5
G1 F2400 E1704.29567
G1 F15000 X159.631 Y165.105 E1704.30093
G1 X157.518 Y165.813 E1704.37839
G1 X158.041 Y166.337 E1704.40412
G1 X158.336 Y166.085 E1704.41761
G1 X158.942 Y165.75 E1704.44167
G1 X159.003 Y165.736 E1704.44385
G1 X159.631 Y165.105 E1704.47479
G1 X159.708 Y165.028
G1 F2400 E1703.97479
G1 F600 Z2.9
G0 F15000 X157.518 Y165.813 Z2.9
G1 F600 Z2.5
G1 F2400 E1704.47479
G1 F15000 X157.404 Y165.702 E1704.48032
G1 X156.339 Y168.399 E1704.5811
G1 X157.268 Y167.47 E1704.62677
G1 X157.137 Y167.797 E1704.63901
G1 X157.065 Y168.555 E1704.66547
G1 X157.149 Y169.191 E1704.68777
G1 X157.34 Y169.72 E1704.70732
G1 X157.441 Y169.885 E1704.71404
G1 X157.08 Y169.525 E1704.73176
G1 X157.003 Y169.448
G1 F2400 E1704.23176
G1 F600 Z2.9
G0 F15000 X156.339 Y168.399 Z2.9
G1 F600 Z2.5
G1 F2400 E1704.73176
G1 F15000 X150.501 Y174.24 E1705.0188
G1 X153.502 Y174.24 E1705.1231
G1 X154.645 Y174.24 E1705.16283
G1 X157.08 Y171.806 E1705.28249
G1 X157.08 Y169.525 E1705.36177
G1 X150.355 Y162.8 E1705.69233
G1 X150.358 Y162.8
G1 X149.987 Y162.43 E1705.71054
G1 X149.865 Y162.43 E1705.71478
G1 X149.497 Y162.8 E1705.73292
G0 X149.294 Y163
G1 X149.497 Y162.8 E1705.74283
G1 X150.358 Y162.8 E1705.77275
G1 X153.499 Y162.8 E1705.88192
G1 X142.197 Y174.24 E1706.44086
G1 X142.201 Y174.24
G1 X141.058 Y174.24 E1706.48059
G1 X135.991 Y169.176 E1706.72957
G0 X135.679 Y168.864
G1 X135.991 Y169.176 E1706.74491
G1 X133.999 Y171.327 E1706.84681
G1 X133.687 Y171.016 E1706.86212
G1 X135.679 Y168.864 E1706.96404
G1 X134.884 Y168.067 E1707.00317
G1 X134.921 Y168.669 E1707.02413
G1 X134.854 Y169.145 E1707.04084
G1 X141.202 Y162.8 E1707.35279
G1 X141.198 Y162.8
G1 X142.059 Y162.8 E1707.38271
G1 X141.691 Y162.43 E1707.40085
G1 X141.569 Y162.43 E1707.40509
G1 X141.202 Y162.8 E1707.42321
G1 X137.914 Y162.8 E1707.53749
G1 X149.354 Y174.24 E1708.0998
G1 X150.497 Y174.24 E1708.13953
G1 X150.169 Y174.57 E1708.1557
G1 X149.682 Y174.57 E1708.17263
G1 X149.351 Y174.24 E1708.18887
G1 X146.353 Y174.24 E1708.29307
G1 X146.021 Y174.57 E1708.30934
G1 X145.535 Y174.57 E1708.32624
G1 X145.204 Y174.24 E1708.34248
G1 X142.201 Y174.24 E1708.44686
G1 X141.873 Y174.57 E1708.46303
G1 X141.387 Y174.57 E1708.47992
G1 X141.056 Y174.24 E1708.49617
G1 X138.056 Y174.24 E1708.60044
G1 X149.294 Y163 E1709.15287
G1 X146.414 Y163.004 E1709.25297
G1 X157.647 Y174.24 E1709.80519
G1 X154.649 Y174.24 E1709.90939
G1 X154.317 Y174.57 E1709.92566
G1 X153.83 Y174.57 E1709.94259
G1 X153.499 Y174.24 E1709.95883
G1 X153.502 Y174.24
G1 X142.062 Y162.8 E1710.52115
G1 X145.346 Y162.8 E1710.63529
G1 X145.717 Y162.43 E1710.6535
G1 X145.839 Y162.43 E1710.65774
G1 X146.414 Y163.004 E1710.68598
G1 X146.491 Y163.081
G1 F2400 E1710.18598
G1 F600 Z2.9
G0 F15000 X145.346 Y162.8 Z2.9
G1 F600 Z2.5
G1 F2400 E1710.68598
G1 F15000 X134.465 Y173.679 E1711.22077
G0 X133.908 Y174.24
G1 X134.465 Y173.679 E1711.24825
G1 X132.784 Y174.262 E1711.31009
G1 X132.76 Y174.24 E1711.31122
G1 X129.762 Y174.24 E1711.41542
G1 X129.43 Y174.57 E1711.43169
G1 X129.36 Y174.57 E1711.43413
G1 X129.36 Y170.84 E1711.56377
G1 X128.93 Y170.409 E1711.58493
G1 X128.931 Y169.8 E1711.6061
G1 X128.989 Y169.459 E1711.61812
G1 X129.06 Y169.312 E1711.62379
G1 X129.163 Y169.423 E1711.62906
G1 X129.493 Y170.005 E1711.65231
G1 X129.647 Y170.204 E1711.66105
G1 X128.931 Y170.92 E1711.69625
G1 X128.93 Y174.57 E1711.82311
G1 X129.36 Y174.57 E1711.83806
G0 X129.762 Y174.24
G1 X131.688 Y172.313 E1711.93275
G1 X134.134 Y171.466 E1712.02272
G1 X133.999 Y171.327 E1712.02945
G1 X134.134 Y171.466
G1 X136.908 Y174.24 E1712.16581
G1 X136.911 Y174.24
G1 X133.908 Y174.24 E1712.27018
G1 X133.577 Y174.57 E1712.28643
G1 X133.091 Y174.57 E1712.30332
G1 X132.784 Y174.262 E1712.31843
G1 X132.76 Y174.24
G1 X129.36 Y170.84 E1712.48555
G1 X129.283 Y170.763
G1 F2400 E1711.98555
G1 F600 Z2.9
G0 F15000 X130.24 Y170.671 Z2.9
G1 F600 Z2.5
G1 F2400 E1712.48555
G1 F15000 X130.24 Y171.717 E1712.52191
G1 X130.24 Y171.827
G1 F2400 E1712.02191
G1 F600 Z2.9
G0 F15000 X131.56 Y171.259 Z2.9
G1 F600 Z2.5
G1 F2400 E1712.52191
G1 F15000 X131.56 Y172.437 E1712.56285
G1 X131.688 Y172.313
G1 X132.659 Y171.34 E1712.61063
G1 X132.889 Y171.285 E1712.61885
G1 X133.62 Y170.951 E1712.64678
G1 X133.687 Y171.016 E1712.65003
G1 X133.766 Y171.092
G1 F2400 E1712.15003
G1 F600 Z2.9
G0 F15000 X134.672 Y167.64 Z2.9
G1 F600 Z2.5
G1 F2400 E1712.65003
G1 F15000 X136.357 Y167.64 E1712.70859
G1 X136.467 Y167.64
G1 F2400 E1712.20859
G1 F600 Z2.9
G0 F15000 X134.409 Y165.44 Z2.9
G1 F600 Z2.5
G1 F2400 E1712.70859
G1 F15000 X137.05 Y162.8 E1712.83838
G1 X137.053 Y162.8
G1 X137.421 Y162.43 E1712.85652
G1 X137.543 Y162.43 E1712.86076
G1 X137.911 Y162.8 E1712.8789
G1 X137.053 Y162.8 E1712.90872
G1 X133.766 Y162.8 E1713.02297
G1 X145.207 Y174.24 E1713.58531
G1 X146.349 Y174.24 E1713.625
G1 X158.232 Y162.36 E1714.20902
G1 X162.359 Y162.36 E1714.35246
G1 X154.929 Y154.929 E1714.7177
G1 X154.931 Y157.364 E1714.80233
G1 X163.24 Y149.053 E1715.2108
G1 X163.24 Y149.056
G1 X163.24 Y146.651 E1715.29439
G1 X158.272 Y141.68 E1715.53866
G1 X162.318 Y141.68 E1715.67928
G1 X154.928 Y149.072 E1716.04258
G1 X154.926 Y146.63 E1716.12745
G1 X163.24 Y154.942 E1716.53607
G1 X163.24 Y153.204 E1716.59647
G1 X154.752 Y161.691 E1717.01366
G1 X154.882 Y161.377 E1717.02548
G1 X154.931 Y161.096 E1717.03539
G1 X154.931 Y159.079 E1717.1055
G1 X158.211 Y162.36 E1717.26674
G1 X154.065 Y162.36 E1717.41085
G1 X154.029 Y162.325 E1717.41259
G1 X153.919 Y162.377 E1717.41682
G1 X153.503 Y162.8 E1717.43744
G1 X154.503 Y162.8 E1717.4722
G1 X157.404 Y165.702 E1717.61482
G1 X157.481 Y165.779
G1 F2400 E1717.11482
G1 F600 Z2.9
G0 F15000 X154.503 Y162.8 Z2.9
G1 F600 Z2.5
G1 F2400 E1717.61482
G1 F15000 X154.065 Y162.36 E1717.63639
G0 X153.503 Y162.8
G1 F2400 E1717.13639
G1 F600 Z2.9
G0 F15000 X162.359 Y162.36 Z2.9
G1 F600 Z2.5
G1 F2400 E1717.63639
G1 F15000 X162.8 Y162.798 E1717.658
G0 X162.8 Y161.94
G1 X163.24 Y161.498 E1717.67967
G1 X163.24 Y159.094 E1717.76323
G1 X154.927 Y150.779 E1718.17189
G1 X154.929 Y153.218 E1718.25666
G1 X163.24 Y144.908 E1718.66516
G1 X163.24 Y146.647 E1718.7256
G1 X174.68 Y158.088 E1719.28794
G0 X174.68 Y158.356
G1 X170.201 Y162.834 E1719.50807
G1 X170.808 Y163.2 E1719.53271
G1 X171.063 Y163.426 E1719.54455
G1 X171.492 Y163.968 E1719.56858
G1 X171.787 Y164.611 E1719.59317
G1 X171.913 Y165.27 E1719.61649
G1 X174.68 Y162.504 E1719.75247
G1 X174.68 Y166.383 E1719.88729
G1 X172.818 Y164.525 E1719.97872
G1 X171.965 Y167.815 E1720.09685
G1 X171.829 Y167.683 E1720.10344
G1 X170.839 Y167.773 E1720.13799
G1 X171.063 Y167.574 E1720.1484
G1 X171.353 Y167.205 E1720.16471
G1 X171.829 Y167.683 E1720.18816
G1 X171.965 Y167.815
G1 X172.233 Y168.088 E1720.20146
G1 X169.756 Y168.314 E1720.28791
G1 X169.607 Y168.365 E1720.29338
G1 X169 Y168.431 E1720.3146
G1 X168.774 Y168.408 E1720.3225
G1 X168.499 Y168.682 E1720.33599
G1 X164.533 Y168.679 E1720.47384
G1 X170.422 Y174.57 E1720.76335
G1 X170.908 Y174.57 E1720.78024
G1 X175.07 Y170.408 E1720.98482
G1 X175.07 Y168.977 E1721.03456
G1 X172.782 Y168.635 E1721.11496
G1 X175.07 Y170.923 E1721.22743
G1 X175.07 Y174.57 E1721.35418
G1 X174.57 Y174.57 E1721.37156
G1 X168.838 Y168.839 E1721.65329
G1 X172.639 Y168.492 E1721.78595
G1 X172.233 Y168.088 E1721.80585
G0 X172.639 Y168.492
G1 X172.782 Y168.635 E1721.81288
G0 X173.096 Y168.237
G1 X173.87 Y167.463 E1721.85093
G0 X174.256 Y167.075
G1 X175.07 Y166.261 E1721.89094
G1 X175.07 Y162.627 E1722.01725
G1 X174.68 Y162.235 E1722.03646
G1 X174.68 Y158.356 E1722.17129
G1 X175.07 Y157.965 E1722.19048
G1 X175.07 Y154.331 E1722.31679
G1 X174.68 Y153.94 E1722.33598
G1 X174.68 Y150.06 E1722.47084
G1 X175.07 Y149.669 E1722.49003
G1 X175.07 Y146.035 E1722.61634
G1 X174.68 Y145.643 E1722.63556
G1 X174.68 Y141.764 E1722.77038
G1 X163.24 Y153.201 E1723.33262
G1 X163.24 Y150.799 E1723.41611
G1 X154.751 Y142.307 E1723.83345
G1 X154.881 Y142.623 E1723.84532
G1 X154.925 Y142.869 E1723.85401
G1 X154.926 Y144.925 E1723.92547
G1 X160.81 Y139.04 E1724.21471
G1 X159.779 Y139.04 E1724.25055
G1 X159 Y138.261 E1724.28884
G1 X158.923 Y138.184
G1 F2400 E1723.78884
G1 F600 Z2.9
G0 F15000 X159.779 Y139.04 Z2.9
G1 F600 Z2.5
G1 F2400 E1724.28884
G1 F15000 X163.24 Y142.503 E1724.45901
G1 X163.24 Y144.905 E1724.5425
G1 X167.348 Y140.8 E1724.74434
G1 X167.425 Y140.723
G1 F2400 E1724.24434
G1 F600 Z2.9
G0 F15000 X165.434 Y136.397 Z2.9
G1 F600 Z2.5
G1 F2400 E1724.74434
G1 F15000 X165.121 Y136.083 E1724.75975
G1 X166.919 Y133.739 E1724.86243
G1 X167.233 Y134.052 E1724.87784
G0 X166.919 Y133.739
G1 X166.605 Y133.425 E1724.89328
G1 X164.807 Y135.769 E1724.99595
G1 X165.121 Y136.083 E1725.01139
G1 X165.198 Y136.16
G1 F2400 E1724.51139
G1 F600 Z2.9
G0 F15000 X161.693 Y138.16 Z2.9
G1 F600 Z2.5
G1 F2400 E1725.01139
G1 F15000 X160.81 Y139.04 E1725.05472
G1 X160.733 Y139.117
G1 F2400 E1724.55472
G1 F600 Z2.9
G0 F15000 X157.52 Y138.183 Z2.9
G1 F600 Z2.5
G1 F2400 E1725.05472
G1 F15000 X157.52 Y136.854 E1725.10091
G1 X157.52 Y136.744
G1 F2400 E1724.60091
G1 F600 Z2.9
G0 F15000 X156.261 Y135.52 Z2.9
G1 F600 Z2.5
G1 F2400 E1725.10091
G1 F15000 X150.541 Y129.8 E1725.38207
G1 X153.459 Y129.8 E1725.48349
G1 X153.83 Y129.43 E1725.5017
G1 X154.318 Y129.43 E1725.51866
G1 X154.686 Y129.8 E1725.5368
G1 X154.689 Y129.8
G1 X153.459 Y129.8 E1725.57955
G1 X153.462 Y129.8
G1 X142.018 Y141.24 E1726.14196
G1 X142.021 Y141.24
G1 X141.686 Y141.574 E1726.15841
G1 X141.573 Y141.573 E1726.16233
G1 X141.239 Y141.24 E1726.17873
G1 X137.873 Y141.24 E1726.29572
G1 X137.539 Y141.573 E1726.31211
G1 X137.424 Y141.572 E1726.31611
G1 X137.093 Y141.24 E1726.3324
G1 X137.87 Y141.24 E1726.35941
G1 X149.314 Y129.8 E1726.92182
G1 X149.311 Y129.8
G1 X150.538 Y129.8 E1726.96447
G1 X150.17 Y129.43 E1726.98261
G1 X149.682 Y129.43 E1726.99957
G1 X149.314 Y129.8 E1727.01771
G1 X146.393 Y129.8 E1727.11923
G1 X158.272 Y141.68 E1727.70315
G0 X157.914 Y141.934
G1 X154.241 Y141.928 E1727.83081
G1 X154.131 Y141.928
G0 X153.682 Y141.24
G1 X142.245 Y129.8 E1728.39306
G1 X142.242 Y129.8
G1 X145.163 Y129.8 E1728.49458
G1 X146.39 Y129.8 E1728.53723
G1 X146.022 Y129.43 E1728.55537
G1 X145.534 Y129.43 E1728.57233
G1 X145.166 Y129.8 E1728.59047
G1 X145.163 Y129.8
G1 X133.725 Y141.24 E1729.15273
G0 X132.943 Y141.24
G1 X129.36 Y137.657 E1729.32885
G1 X129.283 Y137.58
G1 F2400 E1728.82885
G1 F600 Z2.9
G0 F15000 X131.12 Y138.174 Z2.9
G1 F600 Z2.5
G1 F2400 E1729.32885
G1 F15000 X131.12 Y139.414 E1729.37195
G0 X131.35 Y139.468
G1 X132.418 Y138.398 E1729.4245
G1 X132.889 Y138.285 E1729.44133
G1 X133.525 Y137.995 E1729.46563
G1 X133.705 Y137.853 E1729.47359
G1 X134.021 Y138.167 E1729.48908
G1 X135.827 Y135.828 E1729.59179
G1 X141.242 Y141.24 E1729.85788
G1 X141.239 Y141.24
G1 X142.018 Y141.24 E1729.88496
G1 X145.387 Y141.24 E1730.00205
G1 X133.949 Y129.8 E1730.56432
G1 X136.867 Y129.8 E1730.66574
G1 X138.094 Y129.8 E1730.70839
G1 X137.726 Y129.43 E1730.72652
G1 X137.238 Y129.43 E1730.74349
G1 X136.87 Y129.8 E1730.76162
G1 X136.867 Y129.8
G1 X134.227 Y132.44 E1730.89139
G1 X134.15 Y132.517
G1 F2400 E1730.39139
G1 F600 Z2.9
G0 F15000 X132.442 Y132.44 Z2.9
G1 F600 Z2.5
G1 F2400 E1730.89139
G1 F15000 X132.662 Y132.662 E1730.90225
G1 X133.193 Y132.827 E1730.92158
G1 X133.599 Y133.07 E1730.93802
G1 X134.227 Y132.44 E1730.96894
G1 X132.442 Y132.44 E1731.03098
G1 X131.955 Y131.954 E1731.0549
G1 X131.878 Y131.877
G1 F2400 E1730.5549
G1 F600 Z2.9
G0 F15000 X130.248 Y132.274 Z2.9
G1 F600 Z2.5
G1 F2400 E1731.0549
G1 F15000 X129.36 Y133.159 E1731.09847
G1 X129.283 Y133.236
G1 F2400 E1730.59847
G1 F600 Z2.9
G0 F15000 X129.801 Y129.8 Z2.9
G1 F600 Z2.5
G1 F2400 E1731.09847
G1 F15000 X129.43 Y129.43 E1731.11668
G1 X129.36 Y129.43 E1731.11911
G1 X129.36 Y133.159 E1731.24872
G1 X128.931 Y133.589 E1731.26983
G1 X128.931 Y134.515 E1731.30202
G1 X129.051 Y134.77 E1731.31181
G1 X129.203 Y134.592 E1731.31995
G1 X129.49 Y133.993 E1731.34304
G1 X129.646 Y133.794 E1731.35182
G1 X128.93 Y133.078 E1731.38702
G1 X128.93 Y129.442 E1731.51339
G1 X129.36 Y129.43 E1731.52835
G1 X129.47 Y129.427
G1 F2400 E1731.02835
G1 F600 Z2.9
G0 F15000 X132.719 Y129.8 Z2.9
G1 F600 Z2.5
G1 F2400 E1731.52835
G1 F15000 X133.947 Y129.8 E1731.57103
G1 X133.578 Y129.43 E1731.58919
G1 X133.09 Y129.43 E1731.60615
G1 X132.722 Y129.8 E1731.62429
G1 X129.801 Y129.8 E1731.72581
G1 X131.955 Y131.954 E1731.83169
G1 X130.248 Y132.274 E1731.89205
G1 X132.722 Y129.8 E1732.01366
G1 X132.799 Y129.723
G1 F2400 E1731.51366
G1 F600 Z2.9
G0 F15000 X134.672 Y134.64 Z2.9
G1 F600 Z2.5
G1 F2400 E1732.01366
G1 F15000 X136.174 Y134.64 E1732.06586
G1 X136.284 Y134.64
G1 F2400 E1731.56586
G1 F600 Z2.9
G0 F15000 X135.513 Y135.515 Z2.9
G1 F600 Z2.5
G1 F2400 E1732.06586
G1 F15000 X134.431 Y136.917 E1732.12742
G1 X134.364 Y137.004
G1 F2400 E1731.62742
G1 F600 Z2.9
G0 F15000 X134.021 Y138.167 Z2.9
G1 F600 Z2.5
G1 F2400 E1732.12742
G1 F15000 X134.064 Y138.213 E1732.12961
G1 X131.35 Y139.468 E1732.23353
G1 X129.579 Y141.24 E1732.32061
G0 X129.36 Y141.455
G1 X129.186 Y141.631 E1732.32921
G1 X128.93 Y141.374 E1732.34182
G1 X128.931 Y137.737 E1732.46823
G1 X129.555 Y137.113 E1732.4989
G1 X129.163 Y136.423 E1732.52648
G1 X129.06 Y136.312 E1732.53175
G1 X128.989 Y136.459 E1732.53742
G1 X128.931 Y136.8 E1732.54944
G1 X128.93 Y137.226 E1732.56425
G1 X129.36 Y137.657 E1732.58541
G1 X129.36 Y141.455 E1732.71742
G1 X129.579 Y141.24 E1732.72808
G1 X132.943 Y141.24 E1732.84501
G1 X133.275 Y141.571 E1732.8613
G1 X133.392 Y141.572 E1732.86537
G1 X133.725 Y141.24 E1732.88171
G1 X137.091 Y141.24 E1732.9987
G1 X134.064 Y138.213 E1733.14749
G1 X133.987 Y138.136
G1 F2400 E1732.64749
G1 F600 Z2.9
G0 F15000 X135.827 Y135.828 Z2.9
G1 F600 Z2.5
G1 F2400 E1733.14749
G1 F15000 X134.854 Y134.854 E1733.19534
G1 X134.921 Y135.332 E1733.21212
G1 X134.885 Y135.931 E1733.23297
G1 X141.015 Y129.8 E1733.53431
G1 X141.018 Y129.8
G1 X141.386 Y129.43 E1733.55245
G1 X141.874 Y129.43 E1733.56941
G1 X142.242 Y129.8 E1733.58755
G1 X141.018 Y129.8 E1733.63009
G1 X138.097 Y129.8 E1733.73161
G1 X149.535 Y141.24 E1734.29388
G1 X149.538 Y141.24
G1 X146.169 Y141.24 E1734.41098
G1 X145.833 Y141.575 E1734.42747
G1 X145.722 Y141.574 E1734.43133
G1 X145.387 Y141.24 E1734.44777
G0 X146.169 Y141.24
G1 X156.89 Y130.52 E1734.97472
G1 X158.813 Y129.779 E1735.04635
G1 X158.465 Y129.43 E1735.06348
G1 X157.978 Y129.43 E1735.0804
G1 X157.607 Y129.8 E1735.09862
G1 X157.53 Y129.877
G1 F2400 E1734.59862
G1 F600 Z2.9
G0 F15000 X156.89 Y130.52 Z2.9
G1 F600 Z2.5
G1 F2400 E1735.09862
G1 F15000 X157.607 Y129.8 E1735.13393
G1 X154.689 Y129.8 E1735.23535
G1 X157.46 Y132.575 E1735.37166
G1 X157.537 Y132.652
G1 F2400 E1734.87166
G1 F600 Z2.9
G0 F15000 X150.318 Y141.24 Z2.9
G1 F600 Z2.9
G0 F15000 X163.24 Y150.795
G1 F600 Z2.5
G1 F2400 E1735.37166
G1 F15000 X174.68 Y162.235 E1735.93397
G0 X174.68 Y162.504
G1 X175.07 Y162.113 E1735.95317
G1 X175.07 Y158.479 E1736.07947
G1 X174.68 Y158.088 E1736.09867
G1 X174.68 Y154.208 E1736.23352
G1 X175.07 Y153.817 E1736.25272
G1 X175.07 Y150.183 E1736.37903
G1 X174.68 Y149.792 E1736.39822
G0 X174.68 Y150.06
G1 X163.24 Y161.498 E1736.96049
G1 X163.163 Y161.575
G1 F2400 E1736.46049
G1 F600 Z2.9
G0 F15000 X165.88 Y167.154 Z2.9
G1 F600 Z2.5
G1 F2400 E1736.96049
G1 F15000 X164.074 Y168.96 E1737.04926
G0 X164.371 Y168.52
G1 X164.533 Y168.679 E1737.05715
G1 F2400 E1736.55715
G1 F600 Z2.9
G0 F15000 X162.36 Y170.676 Z2.9
G1 F600 Z2.5
G1 F2400 E1737.05715
G1 F15000 X163.24 Y169.797 E1737.10038
G1 X163.24 Y171.533 E1737.16072
G1 X166.274 Y174.57 E1737.30992
G1 X166.761 Y174.57 E1737.32685
G1 X173.096 Y168.237 E1737.63819
G1 X175.071 Y168.532 E1737.7076
G1 X175.07 Y167.642 E1737.73853
G1 X173.87 Y167.463 E1737.7807
G1 X174.256 Y167.075 E1737.79972
G1 X175.071 Y167.197 E1737.82836
G1 X175.07 Y166.775 E1737.84303
G1 X174.68 Y166.383 E1737.86225
G1 X174.603 Y166.306
G1 F2400 E1737.36225
G1 F600 Z2.9
G0 F15000 X175.071 Y167.197 Z2.9
G1 F600 Z2.5
G1 F2400 E1737.86225
G1 F15000 X175.07 Y167.642 E1737.87772
G1 F2400 E1737.37772
G1 F600 Z2.9
G0 F15000 X175.071 Y168.532 Z2.9
G1 F600 Z2.5
G1 F2400 E1737.87772
G1 F15000 X175.07 Y168.977 E1737.89318
G1 F2400 E1737.39318
G1 F600 Z2.9
G0 F15000 X170.839 Y167.773 Z2.9
G1 F600 Z2.5
G1 F2400 E1737.89318
G1 F15000 X170.81 Y167.798 E1737.89451
G1 X170.293 Y168.128 E1737.91583
G1 X169.756 Y168.314 E1737.93558
G1 X169.653 Y168.35
G1 F2400 E1737.43558
G1 F600 Z2.9
G0 F15000 X163.24 Y173.941 Z2.9
G1 F600 Z2.5
G1 F2400 E1737.93558
G1 F15000 X162.613 Y174.57 E1737.96645
G1 X162.36 Y174.57 E1737.97525
G1 X162.36 Y170.676 E1738.11059
G1 X160.993 Y172.04 E1738.17771
G1 X159.597 Y172.04 E1738.22623
G1 X158.715 Y171.16 E1738.26953
G1 X158.638 Y171.083
G1 F2400 E1737.76953
G1 F600 Z2.9
G0 F15000 X157.729 Y171.16 Z2.9
G1 F600 Z2.5
G1 F2400 E1738.26953
G1 F15000 X158.142 Y170.745 E1738.28988
G1 X158.609 Y171.053 E1738.30933
G1 X158.715 Y171.16 E1738.31456
G1 X157.729 Y171.16 E1738.34883
G1 X157.08 Y171.806 E1738.38066
G1 X157.003 Y171.883
G1 F2400 E1737.88066
G1 F600 Z2.9
G0 F15000 X157.647 Y174.24 Z2.9
G1 F600 Z2.9
G0 F15000 X158.793 Y174.24
G1 F600 Z2.5
G1 F2400 E1738.38066
G1 F15000 X161.795 Y174.24 E1738.485
G1 X159.597 Y172.04 E1738.59309
G1 X159.52 Y171.963
G1 F2400 E1738.09309
G1 F600 Z2.9
G0 F15000 X160.993 Y172.04 Z2.9
G1 F600 Z2.5
G1 F2400 E1738.59309
G1 F15000 X158.796 Y174.24 E1738.70115
G1 X157.65 Y174.24 E1738.74098
G1 X157.978 Y174.57 E1738.75716
G1 X158.465 Y174.57 E1738.77408
G1 X158.796 Y174.24 E1738.79033
G1 X158.873 Y174.163
G1 F2400 E1738.29033
G1 F600 Z2.9
G0 F15000 X161.795 Y174.24 Z2.9
G1 F600 Z2.5
G1 F2400 E1738.79033
G1 F15000 X162.126 Y174.57 E1738.80657
G1 X162.36 Y174.57 E1738.81471
G1 F2400 E1738.31471
G1 F600 Z2.9
G0 F15000 X154.649 Y174.24 Z2.9
G1 F600 Z2.9
G0 F15000 X150.501 Y174.24
G1 F600 Z2.9
G0 F15000 X149.354 Y174.24
G1 F600 Z2.9
G0 F15000 X145.207 Y174.24
G1 F600 Z2.9
G0 F15000 X141.058 Y174.24
G1 F600 Z2.9
G0 F15000 X138.056 Y174.24
G1 F600 Z2.5
G1 F2400 E1738.81471
G1 F15000 X136.911 Y174.24 E1738.8545
G1 X137.239 Y174.57 E1738.87067
G1 X137.725 Y174.57 E1738.88757
G1 X138.053 Y174.24 E1738.90374
G1 X138.13 Y174.162
G1 F2400 E1738.40374
G1 F600 Z2.9
G0 F15000 X132.257 Y165.44 Z2.9
G1 F600 Z2.5
G1 F2400 E1738.90374
G1 F15000 X132.423 Y165.607 E1738.91192
G1 X132.522 Y165.619 E1738.91539
G1 X133.193 Y165.827 E1738.9398
G1 X133.713 Y166.138 E1738.96086
G1 X134.409 Y165.44 E1738.99512
G1 X132.257 Y165.44 E1739.06992
G1 X131.816 Y165 E1739.09157
G1 X131.739 Y164.923
G1 F2400 E1738.59157
G1 F600 Z2.9
G0 F15000 X130.706 Y165 Z2.9
G1 F600 Z2.5
G1 F2400 E1739.09157
G1 F15000 X129.36 Y166.343 E1739.15766
G1 X129.283 Y166.42
G1 F2400 E1738.65766
G1 F600 Z2.9
G0 F15000 X129.618 Y162.8 Z2.9
G1 F600 Z2.5
G1 F2400 E1739.15766
G1 F15000 X129.36 Y162.545 E1739.17027
G1 X129.36 Y166.343 E1739.30227
G1 X128.931 Y166.773 E1739.32339
G1 X128.931 Y167.515 E1739.34918
G1 X129.051 Y167.77 E1739.35897
G1 X129.203 Y167.592 E1739.36711
G1 X129.49 Y166.993 E1739.39019
G1 X129.565 Y166.896 E1739.39445
G1 X128.93 Y166.261 E1739.42567
G1 X128.93 Y162.625 E1739.55204
G1 X129.187 Y162.369 E1739.56465
G1 X129.36 Y162.545 E1739.57323
G1 X129.437 Y162.623
G1 F2400 E1739.07323
G1 F600 Z2.9
G0 F15000 X132.902 Y162.8 Z2.9
G1 F600 Z2.5
G1 F2400 E1739.57323
G1 F15000 X130.706 Y165 E1739.68127
G1 X131.816 Y165 E1739.71985
G1 X129.618 Y162.8 E1739.82794
G1 X132.902 Y162.8 E1739.94208
G1 X133.273 Y162.43 E1739.96029
G1 X133.395 Y162.43 E1739.96453
G1 X133.766 Y162.8 E1739.98274
G1 X133.843 Y162.877
G1 F2400 E1739.48274
G1 F600 Z2.9
G0 F15000 X163.24 Y154.947 Z2.9
G1 F600 Z2.5
G1 F2400 E1739.98274
G1 F15000 X163.24 Y154.942 E1739.98291
G1 X163.24 Y154.947 E1739.98309
G1 F2400 E1739.48309
G1 F600 Z2.9
G0 F15000 X163.24 Y153.204 Z2.9
G1 F600 Z2.9
G0 F15000 X163.24 Y150.799
G1 F600 Z2.5
G1 F2400 E1739.98309
G1 F15000 X163.24 Y149.056 E1740.04367
G1 X174.68 Y137.616 E1740.60599
G1 X174.68 Y141.496 E1740.74084
G1 X172.48 Y139.296 E1740.84898
G1 X172.48 Y135.669 E1740.97504
G1 X172.04 Y136.109 E1740.99667
G0 X172.48 Y135.669
G1 X173.786 Y134.36 E1741.06094
G1 X173.863 Y134.283
G1 F2400 E1740.56094
G1 F600 Z2.9
G0 F15000 X174.68 Y133.468 Z2.9
G1 F600 Z2.5
G1 F2400 E1741.06094
G1 F15000 X173.786 Y134.36 E1741.10483
G1 X171.696 Y134.364 E1741.17748
G1 X174.68 Y137.348 E1741.32415
G1 X174.68 Y133.468 E1741.45901
G1 X175.07 Y133.077 E1741.4782
G1 X175.07 Y129.43 E1741.60496
G1 X174.569 Y129.43 E1741.62237
G1 X169.801 Y134.2 E1741.85679
G1 X169.724 Y134.277
G1 F2400 E1741.35679
G1 F600 Z2.9
G0 F15000 X170.433 Y135.08 Z2.9
G1 F600 Z2.5
G1 F2400 E1741.85679
G1 F15000 X172.409 Y135.08 E1741.92547
G0 X172.625 Y135.52
G1 X170.997 Y135.52 E1741.98205
G1 X170.887 Y135.52
G1 F2400 E1741.48205
G1 F600 Z2.9
G0 F15000 X171.718 Y138.535 Z2.9
G1 F600 Z2.5
G1 F2400 E1741.98205
G1 F15000 X172.04 Y138.856 E1741.99785
G1 F2400 E1741.49785
G1 F600 Z2.9
;MESH:NONMESH
G0 F15000 X132.586 Y137.114 Z2.9
;TIME_ELAPSED:624.215746
;LAYER:12
;MESH:case_VL53L8+RP2040-down.stl
G0 X132.586 Y137.114 Z3.1
;TYPE:WALL-OUTER
G1 F600 Z2.7
G1 F2400 E1741.99785
G1 F9000 X132.218 Y137.205 E1742.01103
G1 X131.762 Y137.202 E1742.02688
G1 X131.403 Y137.112 E1742.03974
G1 X131.044 Y136.927 E1742.05378
G1 X130.694 Y136.617 E1742.07003
G1 X130.466 Y136.276 E1742.08429
G1 X130.323 Y135.894 E1742.09846
G1 X130.281 Y135.525 E1742.11137
G1 X130.334 Y135.06 E1742.12764
G1 X130.49 Y134.675 E1742.14208
G1 X130.73 Y134.339 E1742.15643
G1 X131.044 Y134.069 E1742.17082
G1 X131.41 Y133.882 E1742.18511
G1 X131.778 Y133.791 E1742.19828
G1 X132.234 Y133.794 E1742.21413
G1 X132.635 Y133.901 E1742.22856
G1 X132.998 Y134.099 E1742.24293
G1 X133.306 Y134.379 E1742.2574
G1 X133.51 Y134.675 E1742.26989
G1 X133.67 Y135.088 E1742.28528
G1 X133.719 Y135.527 E1742.30064
G1 X133.67 Y135.908 E1742.31399
G1 X133.51 Y136.321 E1742.32938
G1 X133.306 Y136.617 E1742.34188
G1 X132.955 Y136.927 E1742.35815
G1 X132.586 Y137.114 E1742.37253
G1 F2400 E1741.87253
G1 F600 Z3.1
G0 F15000 X160.617 Y137.104 Z3.1
G1 F600 Z2.7
G1 F2400 E1742.37253
G1 F9000 X160.209 Y137.207 E1742.38716
G1 X159.805 Y137.208 E1742.4012
G1 X159.386 Y137.106 E1742.41619
G1 X159.015 Y136.908 E1742.4308
G1 X158.711 Y136.638 E1742.44494
G1 X158.476 Y136.298 E1742.4593
G1 X158.332 Y135.93 E1742.47304
G1 X158.281 Y135.525 E1742.48722
G1 X158.325 Y135.088 E1742.50249
G1 X158.49 Y134.675 E1742.51795
G1 X158.73 Y134.339 E1742.5323
G1 X159.044 Y134.069 E1742.54669
G1 X159.41 Y133.882 E1742.56098
G1 X159.778 Y133.791 E1742.57415
G1 X160.234 Y133.794 E1742.59
G1 X160.635 Y133.901 E1742.60443
G1 X160.998 Y134.099 E1742.6188
G1 X161.306 Y134.379 E1742.63327
G1 X161.522 Y134.694 E1742.64654
G1 X161.673 Y135.098 E1742.66153
G1 X161.72 Y135.512 E1742.67602
G1 X161.662 Y135.934 E1742.69082
G1 X161.525 Y136.296 E1742.70427
G1 X161.281 Y136.648 E1742.71916
G1 X160.982 Y136.911 E1742.733
G1 X160.617 Y137.104 E1742.74735
G1 F2400 E1742.24735
G1 F600 Z3.1
G0 F15000 X169.408 Y139.17 Z3.1
G1 F600 Z2.7
G1 F2400 E1742.74735
G1 F9000 X169.027 Y139.219 E1742.7607
G1 X168.597 Y139.172 E1742.77574
G1 X168.19 Y139.02 E1742.79084
G1 X167.857 Y138.789 E1742.80492
G1 X167.585 Y138.482 E1742.81918
G1 X167.386 Y138.101 E1742.83412
G1 X167.289 Y137.71 E1742.84812
G1 X167.291 Y137.276 E1742.86321
G1 X167.401 Y136.86 E1742.87816
G1 X167.599 Y136.502 E1742.89238
G1 X167.866 Y136.204 E1742.90629
G1 X168.22 Y135.966 E1742.92111
G1 X168.602 Y135.823 E1742.93529
G1 X169 Y135.78 E1742.9492
G1 X169.436 Y135.834 E1742.96447
G1 X169.821 Y135.99 E1742.97891
G1 X170.157 Y136.23 E1742.99326
G1 X170.427 Y136.544 E1743.00766
G1 X170.614 Y136.91 E1743.02194
G1 X170.702 Y137.262 E1743.03455
G1 X170.705 Y137.718 E1743.0504
G1 X170.595 Y138.135 E1743.06539
G1 X170.397 Y138.498 E1743.07976
G1 X170.117 Y138.806 E1743.09423
G1 X169.821 Y139.01 E1743.10673
G1 X169.408 Y139.17 E1743.12212
G1 F2400 E1742.62212
G1 F600 Z3.1
G0 F15000 X153.72 Y161.02 Z3.1
G1 F600 Z2.7
G1 F2400 E1743.12212
G1 F9000 X153.668 Y161.144 E1743.12679
G1 X153.546 Y161.216 E1743.13172
G1 X129.435 Y161.22 E1743.96974
G1 X129.323 Y161.132 E1743.97469
G1 X129.283 Y161.038 E1743.97824
G1 X129.28 Y143 E1744.60518
G1 X129.323 Y142.867 E1744.61004
G1 X129.436 Y142.78 E1744.615
G1 X153.546 Y142.784 E1745.45299
G1 X153.635 Y142.825 E1745.45639
G1 X153.72 Y142.937 E1745.46128
G1 X153.72 Y161.02 E1746.08979
G1 F2400 E1745.58979
G1 F600 Z3.1
G0 F15000 X160.586 Y170.114 Z3.1
G1 F600 Z2.7
G1 F2400 E1746.08979
G1 F9000 X160.218 Y170.205 E1746.10296
G1 X159.762 Y170.202 E1746.11881
G1 X159.36 Y170.095 E1746.13327
G1 X159.044 Y169.927 E1746.14571
G1 X158.694 Y169.617 E1746.16196
G1 X158.466 Y169.276 E1746.17622
G1 X158.321 Y168.881 E1746.19084
G1 X158.281 Y168.475 E1746.20502
G1 X158.325 Y168.091 E1746.21846
G1 X158.476 Y167.698 E1746.23309
G1 X158.721 Y167.347 E1746.24797
G1 X159.023 Y167.082 E1746.26193
G1 X159.41 Y166.882 E1746.27707
G1 X159.805 Y166.788 E1746.29119
G1 X160.203 Y166.789 E1746.30502
G1 X160.624 Y166.895 E1746.32011
G1 X160.971 Y167.078 E1746.33374
G1 X161.284 Y167.352 E1746.3482
G1 X161.53 Y167.711 E1746.36333
G1 X161.67 Y168.086 E1746.37724
G1 X161.72 Y168.514 E1746.39222
G1 X161.666 Y168.924 E1746.40659
G1 X161.51 Y169.321 E1746.42142
G1 X161.306 Y169.617 E1746.43391
G1 X160.955 Y169.927 E1746.45019
G1 X160.586 Y170.114 E1746.46456
G1 F2400 E1745.96456
G1 F600 Z3.1
G0 F15000 X169.788 Y167.029 Z3.1
G1 F600 Z2.7
G1 F2400 E1746.46456
G1 F9000 X169.395 Y167.173 E1746.47911
G1 X168.973 Y167.219 E1746.49387
G1 X168.562 Y167.162 E1746.50829
G1 X168.175 Y167.01 E1746.52274
G1 X167.863 Y166.794 E1746.53593
G1 X167.586 Y166.483 E1746.5504
G1 X167.392 Y166.117 E1746.5648
G1 X167.288 Y165.693 E1746.57998
G1 X167.291 Y165.274 E1746.59454
G1 X167.388 Y164.889 E1746.60834
G1 X167.591 Y164.51 E1746.62328
G1 X167.852 Y164.216 E1746.63695
G1 X168.22 Y163.966 E1746.65241
G1 X168.583 Y163.827 E1746.66592
G1 X168.998 Y163.78 E1746.68044
G1 X169.408 Y163.825 E1746.69477
G1 X169.821 Y163.99 E1746.71023
G1 X170.157 Y164.23 E1746.72458
G1 X170.427 Y164.544 E1746.73897
G1 X170.614 Y164.91 E1746.75326
G1 X170.702 Y165.262 E1746.76587
G1 X170.705 Y165.718 E1746.78172
G1 X170.595 Y166.135 E1746.79671
G1 X170.397 Y166.498 E1746.81108
G1 X170.117 Y166.806 E1746.82555
G1 X169.788 Y167.029 E1746.83936
G1 F2400 E1746.33936
G1 F600 Z3.1
G0 F15000 X176.28 Y175.78 Z3.1
G1 F600 Z2.7
G1 F2400 E1746.83936
G1 F9000 X176.28 Y128.22 E1748.4924
G1 X127.72 Y128.22 E1750.18019
G1 X127.72 Y175.78 E1751.83323
G1 X176.28 Y175.78 E1753.52102
G1 F2400 E1753.02102
G1 F600 Z3.1
G0 F15000 X132.586 Y170.114 Z3.1
G1 F600 Z2.7
G1 F2400 E1753.52102
G1 F9000 X132.218 Y170.205 E1753.53419
G1 X131.762 Y170.202 E1753.55004
G1 X131.403 Y170.112 E1753.56291
G1 X131.044 Y169.927 E1753.57694
G1 X130.694 Y169.617 E1753.59319
G1 X130.466 Y169.276 E1753.60745
G1 X130.323 Y168.894 E1753.62163
G1 X130.281 Y168.525 E1753.63454
G1 X130.334 Y168.06 E1753.6508
G1 X130.49 Y167.675 E1753.66524
G1 X130.73 Y167.339 E1753.67959
G1 X131.044 Y167.069 E1753.69399
G1 X131.41 Y166.882 E1753.70827
G1 X131.778 Y166.791 E1753.72145
G1 X132.234 Y166.794 E1753.7373
G1 X132.635 Y166.901 E1753.75172
G1 X132.998 Y167.099 E1753.76609
G1 X133.306 Y167.379 E1753.78056
G1 X133.51 Y167.675 E1753.79306
G1 X133.67 Y168.088 E1753.80845
G1 X133.719 Y168.527 E1753.8238
G1 X133.67 Y168.908 E1753.83715
G1 X133.51 Y169.321 E1753.85255
G1 X133.306 Y169.617 E1753.86504
G1 X132.955 Y169.927 E1753.88132
G1 X132.586 Y170.114 E1753.8957
G0 F15000 X132.693 Y170.541
;TYPE:WALL-INNER
G1 F10500 X132.294 Y170.639 E1753.90998
G1 X131.816 Y170.648 E1753.92659
G1 X131.282 Y170.535 E1753.94557
G1 X130.838 Y170.315 E1753.96279
G1 X130.375 Y169.934 E1753.98363
G1 X130.056 Y169.435 E1754.00421
G1 X129.889 Y168.97 E1754.02139
G1 X129.843 Y168.574 E1754.03524
G1 X129.89 Y167.981 E1754.05592
G1 X130.128 Y167.425 E1754.07694
G1 X130.439 Y167.009 E1754.09499
G1 X130.838 Y166.681 E1754.11294
G1 X131.282 Y166.461 E1754.13017
G1 X131.702 Y166.357 E1754.14521
G1 X132.341 Y166.367 E1754.16742
G1 X132.839 Y166.511 E1754.18544
G1 X133.159 Y166.679 E1754.198
G1 X133.561 Y167.009 E1754.21607
G1 X133.872 Y167.425 E1754.23413
G1 X134.098 Y167.986 E1754.25515
G1 X134.156 Y168.581 E1754.27593
G1 X134.098 Y169.011 E1754.29101
G1 X133.946 Y169.429 E1754.30647
G1 X133.625 Y169.934 E1754.32726
G1 X133.159 Y170.317 E1754.34823
G1 X132.693 Y170.541 E1754.3662
G0 F15000 X132.799 Y170.968
G1 F10500 X132.37 Y171.072 E1754.38154
G1 X131.816 Y171.088 E1754.40081
G1 X131.161 Y170.958 E1754.42402
G1 X130.631 Y170.704 E1754.44444
G1 X130.148 Y170.317 E1754.46596
G1 X129.97 Y170.117 E1754.47526
G1 X129.646 Y169.595 E1754.49661
G1 F9788.1 X129.485 Y169.265 E1754.5103
G1 F7993.1 X129.352 Y169.064 E1754.52131
G1 F7241.4 X129.315 Y168.634 E1754.54306
G1 F7403.8 X129.315 Y168.368 E1754.55617
G1 F7287.1 X129.345 Y168.007 E1754.57431
G1 F8400 X129.506 Y167.739 E1754.5879
G1 F10312.5 X129.646 Y167.401 E1754.60084
G1 F10500 X129.97 Y166.879 E1754.6222
G1 X130.148 Y166.679 E1754.6315
G1 X130.631 Y166.292 E1754.65301
G1 X131.161 Y166.038 E1754.67344
G1 X131.626 Y165.924 E1754.69008
G1 X132.18 Y165.908 E1754.70935
G1 X132.799 Y166.028 E1754.73126
G1 X133.364 Y166.29 E1754.75291
G1 X133.852 Y166.679 E1754.7746
G1 X134.308 Y167.27 E1754.80054
G1 X134.526 Y167.883 E1754.82316
G1 X134.6 Y168.5 E1754.84475
G1 X134.526 Y169.114 E1754.86625
G1 X134.358 Y169.584 E1754.8836
G1 X134.03 Y170.117 E1754.90535
G1 X133.58 Y170.557 E1754.92722
G1 X133.364 Y170.706 E1754.93634
G1 X132.799 Y170.968 E1754.95799
G1 F2400 E1754.45799
G1 F600 Z3.1
G0 F15000 X128.16 Y175.34 Z3.1
G1 F600 Z2.7
G1 F2400 E1754.95799
G1 F10500 X175.84 Y175.34 E1756.6152
G1 X175.84 Y128.66 E1758.23765
G1 X128.16 Y128.66 E1759.89485
G1 X128.16 Y142.333 E1760.37008
G1 F9240 X128.22 Y143 E1760.39653
G1 F8250 X128.22 Y143.957 E1760.43887
G1 F8235.3 X128.22 Y144.914 E1760.48128
G1 X128.221 Y145.871 E1760.52369
G1 X128.221 Y146.828 E1760.5661
G1 F8220.6 X128.221 Y147.785 E1760.60858
G1 X128.221 Y148.742 E1760.65107
G1 F8206 X128.221 Y149.699 E1760.69363
G1 X128.222 Y150.656 E1760.73619
G1 F8191.5 X128.222 Y151.613 E1760.77882
G1 X128.222 Y152.57 E1760.82146
G1 X128.222 Y153.527 E1760.8641
G1 F8177 X128.223 Y154.484 E1760.90681
G1 X128.223 Y155.441 E1760.94952
G1 F8162.5 X128.223 Y156.398 E1760.99231
G1 X128.223 Y157.355 E1761.03509
G1 F8148.1 X128.223 Y158.312 E1761.07796
G1 X128.224 Y159.269 E1761.12082
G1 X128.224 Y160.226 E1761.16368
G1 F8133.8 X128.224 Y161.183 E1761.20662
G1 F9166.7 X128.159 Y161.666 E1761.22602
G1 F10500 X128.16 Y175.34 E1761.70129
G0 F15000 X128.6 Y174.9
G1 F10500 X175.4 Y174.9 E1763.32791
G1 X175.4 Y129.1 E1764.91977
G1 X128.6 Y129.1 E1766.54639
G1 X128.601 Y134.206 E1766.72386
G1 F10312.5 X128.608 Y134.571 E1766.73678
G1 F8400 X128.703 Y134.972 E1766.75469
G1 F7287.1 X128.693 Y135.334 E1766.77282
G1 F7403.8 X128.693 Y135.668 E1766.78928
G1 F7241.4 X128.706 Y136.12 E1766.81207
G1 F7993.1 X128.631 Y136.425 E1766.82641
G1 F9788.1 X128.601 Y136.79 E1766.84007
G1 F10500 X128.6 Y142.354 E1767.03346
G1 X129.076 Y141.984 E1767.05441
G1 X129.5 Y141.9 E1767.06943
G1 X153.61 Y141.905 E1767.90742
G1 X153.942 Y141.992 E1767.91935
G1 X154.246 Y142.19 E1767.93196
G1 X154.46 Y142.461 E1767.94396
G1 X154.596 Y142.9 E1767.95994
G1 X154.601 Y161.157 E1768.59449
G1 X154.46 Y161.538 E1768.60861
G1 X154.174 Y161.871 E1768.62387
G1 X153.86 Y162.04 E1768.63626
G1 X153.532 Y162.1 E1768.64785
G1 X129.5 Y162.1 E1769.48313
G1 X129.076 Y162.016 E1769.49815
G1 X128.599 Y161.643 E1769.5192
G1 X128.601 Y167.206 E1769.71255
G1 F10312.5 X128.608 Y167.571 E1769.72547
G1 F8400 X128.703 Y167.972 E1769.74337
G1 F7287.1 X128.693 Y168.334 E1769.76151
G1 F7403.8 X128.693 Y168.668 E1769.77797
G1 F7241.4 X128.706 Y169.12 E1769.80076
G1 F7993.1 X128.631 Y169.425 E1769.8151
G1 F9788.1 X128.601 Y169.79 E1769.82876
G1 F10500 X128.6 Y174.9 E1770.00636
G1 F2400 E1769.50636
G1 F600 Z3.1
G0 F15000 X129.5 Y161.66 Z3.1
G1 F600 Z2.7
G1 F2400 E1770.00636
G1 F10500 X129.245 Y161.61 E1770.0154
G1 X128.971 Y161.396 E1770.02748
G1 F9166.7 X128.786 Y161.125 E1770.04054
G1 F8133.8 X128.786 Y160.171 E1770.08335
G1 F8148.1 X128.785 Y159.217 E1770.12608
G1 X128.785 Y158.263 E1770.1688
G1 X128.785 Y157.309 E1770.21153
G1 F8162.5 X128.784 Y156.355 E1770.25419
G1 X128.784 Y155.401 E1770.29684
G1 F8177 X128.784 Y154.447 E1770.33942
G1 X128.783 Y153.493 E1770.382
G1 F8191.5 X128.783 Y152.539 E1770.4245
G1 X128.783 Y151.585 E1770.467
G1 X128.783 Y150.631 E1770.5095
G1 F8206 X128.782 Y149.677 E1770.55193
G1 X128.782 Y148.723 E1770.59436
G1 F8220.6 X128.782 Y147.769 E1770.63671
G1 X128.781 Y146.815 E1770.67906
G1 F8235.3 X128.781 Y145.861 E1770.72134
G1 X128.781 Y144.907 E1770.76361
G1 X128.78 Y143.953 E1770.80589
G1 F8250 X128.78 Y142.999 E1770.84809
G1 F9240 X128.971 Y142.603 E1770.86546
G1 F10500 X129.246 Y142.39 E1770.87755
G1 X129.5 Y142.34 E1770.88654
G1 X153.566 Y142.343 E1771.723
G1 X153.766 Y142.395 E1771.73019
G1 X153.948 Y142.514 E1771.73774
G1 X154.113 Y142.753 E1771.74784
G1 X154.158 Y142.94 E1771.75452
G1 X154.158 Y161.06 E1772.38432
G1 X154.113 Y161.247 E1772.391
G1 X153.948 Y161.486 E1772.4011
G1 X153.766 Y161.605 E1772.40865
G1 X153.566 Y161.657 E1772.41584
G1 X129.5 Y161.66 E1773.25229
G1 F2400 E1772.75229
G1 F600 Z3.1
G0 F15000 X131.816 Y137.648 Z3.1
G1 F600 Z2.7
G1 F2400 E1773.25229
G1 F10500 X131.282 Y137.535 E1773.27127
G1 X130.838 Y137.315 E1773.28849
G1 X130.375 Y136.934 E1773.30933
G1 X130.056 Y136.435 E1773.32991
G1 X129.889 Y135.97 E1773.34709
G1 X129.843 Y135.574 E1773.36094
G1 X129.89 Y134.981 E1773.38162
G1 X130.128 Y134.425 E1773.40264
G1 X130.439 Y134.009 E1773.42069
G1 X130.838 Y133.681 E1773.43864
G1 X131.282 Y133.461 E1773.45587
G1 X131.702 Y133.357 E1773.4709
G1 X132.341 Y133.367 E1773.49312
G1 X132.839 Y133.511 E1773.51114
G1 X133.159 Y133.679 E1773.5237
G1 X133.561 Y134.009 E1773.54177
G1 X133.872 Y134.425 E1773.55983
G1 X134.098 Y134.986 E1773.58085
G1 X134.156 Y135.581 E1773.60163
G1 X134.098 Y136.011 E1773.61671
G1 X133.946 Y136.429 E1773.63217
G1 X133.625 Y136.934 E1773.65296
G1 X133.159 Y137.317 E1773.67393
G1 X132.693 Y137.541 E1773.6919
G1 X132.294 Y137.639 E1773.70618
G1 X131.816 Y137.648 E1773.7228
G0 F15000 X131.816 Y138.088
G1 F10500 X131.161 Y137.958 E1773.74601
G1 X130.631 Y137.704 E1773.76643
G1 X130.148 Y137.317 E1773.78795
G1 X129.97 Y137.117 E1773.79725
G1 X129.646 Y136.595 E1773.81861
G1 F9788.1 X129.485 Y136.265 E1773.8323
G1 F7993.1 X129.352 Y136.064 E1773.8433
G1 F7241.4 X129.315 Y135.634 E1773.86505
G1 F7403.8 X129.315 Y135.368 E1773.87816
G1 F7287.1 X129.345 Y135.007 E1773.8963
G1 F8400 X129.506 Y134.739 E1773.90989
G1 F10312.5 X129.646 Y134.401 E1773.92283
G1 F10500 X129.97 Y133.879 E1773.94419
G1 X130.148 Y133.679 E1773.95349
G1 X130.631 Y133.292 E1773.97501
G1 X131.161 Y133.038 E1773.99543
G1 X131.626 Y132.924 E1774.01207
G1 X132.18 Y132.908 E1774.03134
G1 X132.799 Y133.028 E1774.05325
G1 X133.364 Y133.29 E1774.0749
G1 X133.852 Y133.679 E1774.09659
G1 X134.308 Y134.27 E1774.12253
G1 X134.526 Y134.883 E1774.14515
G1 X134.6 Y135.5 E1774.16675
G1 X134.526 Y136.114 E1774.18824
G1 X134.358 Y136.584 E1774.20559
G1 X134.03 Y137.117 E1774.22734
G1 X133.58 Y137.557 E1774.24922
G1 X133.364 Y137.706 E1774.25834
G1 X132.799 Y137.968 E1774.27998
G1 X132.37 Y138.072 E1774.29532
G1 X131.816 Y138.088 E1774.31459
G1 F2400 E1773.81459
G1 F600 Z3.1
G0 F15000 X157.84 Y135.5 Z3.1
G1 F600 Z2.7
G1 F2400 E1774.31459
G1 F10500 X157.897 Y134.986 E1774.33256
G1 X158.056 Y134.561 E1774.34833
G1 X158.375 Y134.062 E1774.36892
G1 X158.838 Y133.681 E1774.38976
G1 X159.304 Y133.455 E1774.40776
G1 X159.702 Y133.357 E1774.42201
G1 X160.341 Y133.367 E1774.44422
G1 X160.839 Y133.511 E1774.46224
G1 X161.159 Y133.679 E1774.4748
G1 X161.561 Y134.009 E1774.49288
G1 X161.928 Y134.523 E1774.51483
G1 X162.105 Y135.015 E1774.533
G1 X162.16 Y135.488 E1774.54955
G1 X162.082 Y136.066 E1774.56982
G1 X161.917 Y136.496 E1774.58583
G1 X161.624 Y136.924 E1774.60386
G1 X161.198 Y137.295 E1774.62349
G1 X160.759 Y137.521 E1774.64065
G1 X160.267 Y137.643 E1774.65827
G1 X159.783 Y137.648 E1774.6751
G1 X159.231 Y137.518 E1774.69481
G1 X158.773 Y137.276 E1774.71281
G1 X158.381 Y136.929 E1774.73101
G1 X158.086 Y136.501 E1774.74907
G1 X157.896 Y136.002 E1774.76763
G1 X157.84 Y135.5 E1774.78519
G0 F15000 X157.4 Y135.5
G1 F10500 X157.469 Y134.884 E1774.80673
G1 X157.646 Y134.401 E1774.82461
G1 X157.97 Y133.879 E1774.84597
G1 X158.148 Y133.679 E1774.85527
G1 X158.631 Y133.292 E1774.87678
G1 X159.197 Y133.028 E1774.89849
G1 X159.626 Y132.924 E1774.91383
G1 X160.18 Y132.908 E1774.9331
G1 X160.799 Y133.028 E1774.95501
G1 X161.364 Y133.29 E1774.97666
G1 X161.852 Y133.679 E1774.99835
G1 X162.295 Y134.274 E1775.02413
G1 X162.529 Y134.858 E1775.046
G1 X162.606 Y135.532 E1775.06958
G1 X162.522 Y136.149 E1775.09122
G1 X162.309 Y136.696 E1775.11162
G1 X161.962 Y137.218 E1775.13341
G1 X161.452 Y137.664 E1775.15696
G1 X160.869 Y137.948 E1775.17949
G1 X160.324 Y138.079 E1775.19898
G1 X159.701 Y138.088 E1775.22063
G1 X159.076 Y137.93 E1775.24304
G1 X158.485 Y137.611 E1775.26638
G1 X158.051 Y137.22 E1775.28669
G1 X157.696 Y136.705 E1775.30843
G1 X157.471 Y136.146 E1775.32937
G1 X157.4 Y135.5 E1775.35196
G1 F2400 E1774.85196
G1 F600 Z3.1
G0 F15000 X166.852 Y137.241 Z3.1
G1 F600 Z2.7
G1 F2400 E1775.35196
G1 F10500 X166.975 Y136.738 E1775.36996
G1 X167.215 Y136.28 E1775.38793
G1 X167.555 Y135.891 E1775.40588
G1 X168.061 Y135.556 E1775.42698
G1 X168.526 Y135.389 E1775.44415
G1 X169 Y135.34 E1775.46071
G1 X169.595 Y135.424 E1775.4816
G1 X170.05 Y135.614 E1775.49873
G1 X170.487 Y135.939 E1775.51766
G1 X170.815 Y136.338 E1775.53562
G1 X171.041 Y136.803 E1775.55359
G1 X171.148 Y137.316 E1775.5718
G1 X171.139 Y137.794 E1775.58842
G1 X171.041 Y138.193 E1775.6027
G1 X170.817 Y138.659 E1775.62067
G1 X170.487 Y139.061 E1775.63874
G1 X170.071 Y139.372 E1775.6568
G1 X169.511 Y139.598 E1775.67779
G1 X168.919 Y139.656 E1775.69846
G1 X168.431 Y139.583 E1775.71561
G1 X167.972 Y139.402 E1775.73276
G1 X167.529 Y139.083 E1775.75173
G1 X167.204 Y138.703 E1775.76911
G1 X166.968 Y138.237 E1775.78727
G1 X166.849 Y137.725 E1775.80554
G1 X166.852 Y137.241 E1775.82236
G0 F15000 X166.415 Y137.191
G1 F10500 X166.562 Y136.588 E1775.84393
G1 X166.843 Y136.029 E1775.86568
G1 X167.317 Y135.516 E1775.88995
G1 X167.901 Y135.146 E1775.91398
G1 X168.45 Y134.956 E1775.93418
G1 X169 Y134.9 E1775.95339
G1 X169.479 Y134.946 E1775.97012
G1 X169.755 Y135.014 E1775.98
G1 X170.286 Y135.243 E1776.00009
G1 X170.817 Y135.648 E1776.02331
G1 X171.204 Y136.131 E1776.04482
G1 X171.468 Y136.697 E1776.06652
G1 X171.588 Y137.316 E1776.08844
G1 X171.573 Y137.87 E1776.1077
G1 X171.468 Y138.299 E1776.12305
G1 X171.207 Y138.864 E1776.14468
G1 X170.817 Y139.352 E1776.1664
G1 X170.321 Y139.734 E1776.18816
G1 X169.614 Y140.026 E1776.21474
G1 X168.992 Y140.1 E1776.23651
G1 X168.362 Y140.029 E1776.25855
G1 X167.754 Y139.784 E1776.28133
G1 X167.296 Y139.467 E1776.30069
G1 X166.863 Y138.996 E1776.32293
G1 X166.574 Y138.441 E1776.34468
G1 X166.409 Y137.831 E1776.36664
G1 X166.415 Y137.191 E1776.38889
G1 F2400 E1775.88889
G1 F600 Z3.1
G0 F15000 X168.996 Y163.34 Z3.1
G1 F600 Z2.7
G1 F2400 E1776.38889
G1 F10500 X169.51 Y163.397 E1776.40686
G1 X169.935 Y163.556 E1776.42263
G1 X170.434 Y163.875 E1776.44322
G1 X170.815 Y164.338 E1776.46406
G1 X171.041 Y164.803 E1776.48203
G1 X171.148 Y165.316 E1776.50024
G1 X171.139 Y165.794 E1776.51686
G1 X171.041 Y166.193 E1776.53114
G1 X170.817 Y166.659 E1776.54911
G1 X170.487 Y167.061 E1776.56719
G1 X169.971 Y167.429 E1776.58921
G1 X169.471 Y167.607 E1776.60766
G1 X169 Y167.66 E1776.62414
G1 X168.407 Y167.574 E1776.64496
G1 X167.971 Y167.401 E1776.66126
G1 X167.583 Y167.133 E1776.67765
G1 X167.232 Y166.743 E1776.69589
G1 X166.986 Y166.285 E1776.71396
G1 X166.855 Y165.779 E1776.73213
G1 X166.859 Y165.192 E1776.75253
G1 X166.996 Y164.688 E1776.77068
G1 X167.216 Y164.279 E1776.78683
G1 X167.548 Y163.898 E1776.80439
G1 X167.97 Y163.599 E1776.82237
G1 X168.517 Y163.391 E1776.84271
G1 X168.996 Y163.34 E1776.85945
G0 F15000 X168.993 Y162.9
G1 F10500 X169.612 Y162.969 E1776.8811
G1 X170.095 Y163.146 E1776.89898
G1 X170.617 Y163.47 E1776.92033
G1 X170.817 Y163.648 E1776.92964
G1 X171.204 Y164.131 E1776.95115
G1 X171.468 Y164.697 E1776.97285
G1 X171.588 Y165.316 E1776.99477
G1 X171.573 Y165.87 E1777.01403
G1 X171.468 Y166.299 E1777.02938
G1 X171.207 Y166.864 E1777.05101
G1 X170.817 Y167.352 E1777.07273
G1 X170.617 Y167.53 E1777.08203
G1 X170.154 Y167.829 E1777.10119
G1 X169.547 Y168.04 E1777.12352
G1 X169 Y168.1 E1777.14265
G1 X168.252 Y167.986 E1777.16895
G1 X167.719 Y167.763 E1777.18903
G1 X167.263 Y167.445 E1777.20835
G1 X166.845 Y166.968 E1777.2304
G1 X166.558 Y166.412 E1777.25214
G1 X166.42 Y165.844 E1777.27246
G1 X166.405 Y165.195 E1777.29502
G1 X166.56 Y164.592 E1777.31666
G1 X166.843 Y164.029 E1777.33856
G1 X167.271 Y163.548 E1777.36094
G1 X167.786 Y163.194 E1777.38266
G1 X168.367 Y162.966 E1777.40436
G1 X168.993 Y162.9 E1777.42623
G1 F2400 E1776.92623
G1 F600 Z3.1
G0 F15000 X161.904 Y167.477 Z3.1
G1 F600 Z2.7
G1 F2400 E1777.42623
G1 F10500 X162.097 Y167.98 E1777.44496
G1 X162.16 Y168.482 E1777.46254
G1 X162.1 Y169.002 E1777.48074
G1 X161.937 Y169.451 E1777.49734
G1 X161.561 Y169.987 E1777.5201
G1 X161.159 Y170.317 E1777.53817
G1 X160.693 Y170.541 E1777.55614
G1 X160.294 Y170.639 E1777.57042
G1 X159.816 Y170.648 E1777.58704
G1 X159.303 Y170.541 E1777.60526
G1 X158.838 Y170.315 E1777.62322
G1 X158.375 Y169.934 E1777.64407
G1 X158.056 Y169.435 E1777.66465
G1 X157.898 Y169.01 E1777.68041
G1 X157.84 Y168.5 E1777.69825
G1 X157.896 Y167.995 E1777.71591
G1 X158.086 Y167.494 E1777.73453
G1 X158.412 Y167.033 E1777.75416
G1 X158.773 Y166.72 E1777.77076
G1 X159.303 Y166.455 E1777.79136
G1 X159.783 Y166.348 E1777.80845
G1 X160.249 Y166.351 E1777.82465
G1 X160.744 Y166.47 E1777.84234
G1 X161.208 Y166.708 E1777.86047
G1 X161.604 Y167.05 E1777.87866
G1 X161.904 Y167.477 E1777.89679
G0 F15000 X162.32 Y167.308
G1 F10500 X162.533 Y167.891 E1777.91837
G1 X162.6 Y168.47 E1777.93862
G1 X162.537 Y169.105 E1777.9608
G1 X162.343 Y169.621 E1777.97996
G1 X162.03 Y170.117 E1778.00035
G1 X161.58 Y170.557 E1778.02222
G1 X161.364 Y170.706 E1778.03134
G1 X160.799 Y170.968 E1778.05299
G1 X160.37 Y171.072 E1778.06833
G1 X159.816 Y171.088 E1778.0876
G1 X159.549 Y171.056 E1778.09694
G1 X158.947 Y170.872 E1778.11882
G1 X158.42 Y170.557 E1778.14016
G1 X157.97 Y170.117 E1778.16204
G1 X157.646 Y169.595 E1778.18339
G1 X157.47 Y169.112 E1778.20126
G1 X157.4 Y168.5 E1778.22267
G1 X157.471 Y167.85 E1778.24539
G1 X157.696 Y167.291 E1778.26634
G1 X158.051 Y166.775 E1778.28811
G1 X158.523 Y166.358 E1778.31
G1 X159.197 Y166.028 E1778.33608
G1 X159.702 Y165.909 E1778.35411
G1 X160.337 Y165.913 E1778.37618
G1 X160.939 Y166.068 E1778.39779
G1 X161.49 Y166.361 E1778.41948
G1 X161.959 Y166.779 E1778.44132
G1 X162.32 Y167.308 E1778.46358
G1 F2400 E1777.96358
G1 F600 Z3.1
G0 F15000 X166.362 Y133.57 Z3.1
;TYPE:FILL
G1 F600 Z2.7
G1 F2400 E1778.46358
G1 F15000 X166.362 Y133.179 E1778.47717
G1 X164.538 Y131.453 E1778.56445
G1 X163.93 Y131.43 E1778.58559
G1 X163.93 Y131.132 E1778.59595
G1 X164.548 Y131.155 E1778.61745
G1 X166.273 Y129.43 E1778.70224
G1 X166.761 Y129.43 E1778.7192
G1 X170.51 Y133.179 E1778.90347
G1 X170.51 Y133.57 E1778.91706
G1 X170.82 Y133.57 E1778.92784
G1 X170.82 Y133.18 E1778.94139
G1 X174.569 Y129.43 E1779.1257
G1 X175.07 Y129.43 E1779.14311
G1 X175.057 Y129.43 E1779.14356
G1 X175.07 Y129.443 E1779.1442
G1 X175.07 Y133.077 E1779.27051
G1 X174.968 Y133.179 E1779.27552
G1 X174.968 Y133.57 E1779.28911
G1 X174.658 Y133.57 E1779.29988
G1 X174.658 Y133.179 E1779.31347
G1 X170.909 Y129.43 E1779.49775
G1 X170.421 Y129.43 E1779.51471
G1 X166.672 Y133.18 E1779.69901
G1 X166.672 Y133.57 E1779.71257
G1 X166.362 Y133.57 E1779.72334
G1 F2400 E1779.22334
G1 F600 Z3.1
G0 F15000 X162.37 Y142.43 Z3.1
G1 F600 Z2.7
G1 F2400 E1779.72334
G1 F15000 X161.57 Y142.43 E1779.75115
G1 X154.928 Y149.072 E1780.07763
G1 X154.927 Y150.779 E1780.13696
G1 X162.37 Y158.221 E1780.50278
G1 X158.721 Y161.869 E1780.68212
G1 X161.869 Y161.869 E1780.79153
G1 X154.929 Y154.929 E1781.13266
G1 X154.929 Y153.218 E1781.19213
G1 X162.37 Y145.779 E1781.55783
G1 X159.022 Y142.43 E1781.72242
G1 X154.874 Y142.43 E1781.86659
G1 X162.37 Y149.925 E1782.23502
G1 X154.931 Y157.364 E1782.60068
G1 X154.931 Y159.079 E1782.66029
G1 X157.722 Y161.869 E1782.79745
G1 X154.63 Y161.87 E1782.90492
G1 X154.752 Y161.691 E1782.91245
G1 X162.37 Y154.074 E1783.28687
G1 X154.926 Y146.63 E1783.65277
G1 X154.926 Y144.925 E1783.71203
G1 X157.422 Y142.43 E1783.8347
G1 X157.499 Y142.353
G1 F2400 E1783.3347
G1 F600 Z3.1
G0 F15000 X167.753 Y169.43 Z3.1
G1 F600 Z2.7
G1 F2400 E1783.8347
G1 F15000 X164.598 Y172.584 E1783.98975
G1 X163.93 Y172.584 E1784.01297
G1 X163.93 Y172.894 E1784.02374
G1 X164.598 Y172.894 E1784.04696
G1 X166.274 Y174.57 E1784.12934
G1 X166.76 Y174.571 E1784.14623
G1 X171.9 Y169.43 E1784.39891
G1 X173.578 Y169.43 E1784.45723
G1 X174.657 Y170.51 E1784.51029
G1 X175.07 Y170.51 E1784.52465
G1 X175.07 Y170.82 E1784.53542
G1 X174.658 Y170.82 E1784.54974
G1 X170.908 Y174.571 E1784.73409
G1 X170.422 Y174.57 E1784.75098
G1 X165.282 Y169.43 E1785.00363
G1 X168.88 Y169.43 E1785.12869
G1 X168.97 Y168.97 E1785.14498
G1 X169.134 Y169.134 E1785.15304
G1 X169.22 Y169.43 E1785.16375
G1 X169.43 Y169.43 E1785.17105
G1 X174.57 Y174.57 E1785.4237
G1 X175.07 Y174.556 E1785.44109
G1 X175.056 Y174.571 E1785.4418
G1 X174.983 Y174.649
G1 F2400 E1784.9418
G1 F600 Z3.1
G0 F15000 X169.039 Y168.446 Z3.1
;TYPE:SKIN
G1 F600 Z2.7
G1 F2400 E1785.4418
G1 F11379.3 X168.978 Y168.449 E1785.44348
G1 F2400 E1784.94348
G1 F600 Z3.1
G0 F15000 X163.804 Y169.146 Z3.1
G1 F600 Z2.7
G1 F2400 E1785.44348
G1 F9000 X168.643 Y169.144 E1785.61167
G1 X168.715 Y168.782 E1785.6245
G1 F9230.8 X168.766 Y168.583 E1785.63146
G1 F10339.4 X168.978 Y168.449 E1785.63905
G1 X168.671 Y168.454 E1785.64834
G1 F9230.8 X168.465 Y168.444 E1785.65532
G1 F9000 X168.1 Y168.352 E1785.66841
G1 X167.534 Y168.113 E1785.68976
G1 X167.014 Y167.753 E1785.71174
G1 X166.5 Y167.166 E1785.73886
G1 X166.193 Y166.571 E1785.76213
G1 X166.03 Y165.925 E1785.78529
G1 X166.01 Y165.143 E1785.81248
G1 X166.202 Y164.404 E1785.83902
G1 X166.559 Y163.749 E1785.86494
G1 X166.991 Y163.265 E1785.88749
G1 X167.575 Y162.86 E1785.91219
G1 X168.263 Y162.578 E1785.93804
G1 X168.982 Y162.504 E1785.96316
G1 X169.662 Y162.568 E1785.9869
G1 X170.228 Y162.773 E1786.00782
G1 X170.863 Y163.16 E1786.03367
G1 X171.12 Y163.394 E1786.04575
G1 X171.55 Y163.932 E1786.06969
G1 X171.837 Y164.565 E1786.09384
G1 X171.984 Y165.324 E1786.12071
G1 X171.961 Y165.938 E1786.14207
G1 X171.837 Y166.432 E1786.15977
G1 X171.565 Y167.028 E1786.18254
G1 X171.091 Y167.633 E1786.20926
G1 X170.835 Y167.858 E1786.2211
G1 X170.347 Y168.17 E1786.24123
G1 X169.593 Y168.431 E1786.26897
G1 F9295.8 X169.323 Y168.447 E1786.27807
G1 F10421.1 X169.039 Y168.446 E1786.28659
G1 X169.246 Y168.561 E1786.2937
G1 F9295.8 X169.336 Y168.817 E1786.30283
G1 F9000 X169.433 Y169.144 E1786.31469
G1 X175.004 Y169.144 E1786.50832
G1 X175.004 Y133.856 E1787.73482
G1 X169.339 Y133.856 E1787.93171
G1 X169.266 Y134.206 E1787.94414
G1 F9406.2 X169.188 Y134.461 E1787.95301
G1 F10673.9 X169.004 Y134.572 E1787.95931
G1 X169.256 Y134.552 E1787.96671
G1 F9406.2 X169.521 Y134.552 E1787.97553
G1 F9000 X169.905 Y134.646 E1787.98927
G1 X170.515 Y134.921 E1788.01253
G1 X171.12 Y135.394 E1788.03922
G1 X171.55 Y135.932 E1788.06315
G1 X171.837 Y136.565 E1788.08731
G1 X171.984 Y137.324 E1788.11418
G1 X171.961 Y137.938 E1788.13554
G1 X171.837 Y138.431 E1788.15321
G1 X171.554 Y139.056 E1788.17705
G1 X171.121 Y139.601 E1788.20125
G1 X170.831 Y139.86 E1788.21476
G1 X170.215 Y140.232 E1788.23977
G1 X169.735 Y140.404 E1788.25749
G1 X169.036 Y140.5 E1788.28202
G1 X168.269 Y140.415 E1788.30884
G1 X167.567 Y140.145 E1788.33498
G1 X166.968 Y139.708 E1788.36075
G1 X166.534 Y139.224 E1788.38335
G1 X166.176 Y138.526 E1788.41061
G1 X166.025 Y137.899 E1788.43303
G1 X166.013 Y137.141 E1788.45938
G1 X166.18 Y136.44 E1788.48442
G1 X166.532 Y135.793 E1788.51002
G1 X166.983 Y135.262 E1788.53424
G1 X167.606 Y134.825 E1788.56069
G1 X168.402 Y134.56 E1788.58985
G1 F9428.6 X168.683 Y134.561 E1788.59917
G1 F10702.7 X168.928 Y134.577 E1788.60634
G1 X168.737 Y134.482 E1788.61258
G1 F9428.6 X168.626 Y134.223 E1788.62193
G1 F9000 X168.51 Y133.856 E1788.63531
G1 X163.815 Y133.856 E1788.79849
G1 X163.65 Y133.728 E1788.80575
G1 X163.644 Y129.496 E1788.95284
G1 X128.996 Y129.496 E1790.15709
G1 X128.996 Y134.499 E1790.33098
G1 X129.066 Y134.649 E1790.33674
G1 X129.142 Y134.559 E1790.34083
G1 X129.446 Y133.936 E1790.36492
G1 X129.894 Y133.372 E1790.38996
G1 X130.454 Y132.932 E1790.41471
G1 X131.018 Y132.668 E1790.43636
G1 X131.554 Y132.531 E1790.45558
G1 X132.202 Y132.513 E1790.47811
G1 X132.554 Y132.557 E1790.49044
G1 X133.241 Y132.778 E1790.51553
G1 X133.813 Y133.118 E1790.53866
G1 X134.35 Y133.641 E1790.56471
G1 X134.732 Y134.278 E1790.59053
G1 X134.915 Y134.806 E1790.60995
G1 X134.983 Y135.314 E1790.62776
G1 X134.982 Y135.686 E1790.64069
G1 X134.915 Y136.186 E1790.65823
G1 X134.722 Y136.74 E1790.67862
G1 X134.551 Y137.055 E1790.69107
G1 X134.126 Y137.605 E1790.71523
G1 X133.528 Y138.065 E1790.74145
G1 X132.932 Y138.337 E1790.76422
G1 X132.439 Y138.461 E1790.78189
G1 X131.816 Y138.484 E1790.80356
G1 X131.055 Y138.34 E1790.83048
G1 X130.41 Y138.033 E1790.85531
G1 X129.894 Y137.62 E1790.87828
G1 X129.423 Y137.028 E1790.90457
G1 X129.08 Y136.417 E1790.92893
G1 X128.995 Y136.795 E1790.94239
G1 X128.997 Y141.599 E1791.10937
G1 X129.457 Y141.507 E1791.12567
G1 X153.659 Y141.511 E1791.96686
G1 X154.117 Y141.638 E1791.98338
G1 X154.537 Y141.923 E1792.00102
G1 X154.711 Y142.144 E1792.01079
G1 X162.468 Y142.146 E1792.2804
G1 X162.585 Y142.201 E1792.2849
G1 X162.654 Y142.303 E1792.28918
G1 X162.657 Y161.972 E1792.97281
G1 X162.595 Y162.09 E1792.97744
G1 X162.458 Y162.155 E1792.98271
G1 X154.422 Y162.156 E1793.26202
G1 X154.237 Y162.302 E1793.27021
G1 X153.954 Y162.421 E1793.28088
G1 X153.536 Y162.497 E1793.29565
G1 X129.456 Y162.492 E1794.13259
G1 X128.996 Y162.398 E1794.14891
G1 X128.996 Y167.499 E1794.3262
G1 X129.066 Y167.649 E1794.33196
G1 X129.142 Y167.559 E1794.33605
G1 X129.446 Y166.936 E1794.36014
G1 X129.894 Y166.372 E1794.38518
G1 X130.454 Y165.932 E1794.40993
G1 X131.018 Y165.668 E1794.43158
G1 X131.554 Y165.531 E1794.45081
G1 X132.202 Y165.513 E1794.47334
G1 X132.554 Y165.557 E1794.48567
G1 X133.241 Y165.778 E1794.51075
G1 X133.813 Y166.118 E1794.53388
G1 X134.351 Y166.642 E1794.55998
G1 X134.732 Y167.281 E1794.58584
G1 X134.915 Y167.806 E1794.60516
G1 X134.983 Y168.314 E1794.62298
G1 X134.983 Y168.686 E1794.63591
G1 X134.915 Y169.19 E1794.65358
G1 X134.736 Y169.71 E1794.6727
G1 X134.551 Y170.055 E1794.6863
G1 X134.126 Y170.605 E1794.71046
G1 X133.528 Y171.065 E1794.73668
G1 X132.932 Y171.337 E1794.75945
G1 X132.438 Y171.461 E1794.77716
G1 X131.816 Y171.484 E1794.79879
G1 X131.055 Y171.34 E1794.82571
G1 X130.41 Y171.033 E1794.85054
G1 X129.894 Y170.62 E1794.87351
G1 X129.423 Y170.028 E1794.8998
G1 X129.08 Y169.417 E1794.92416
G1 X128.995 Y169.795 E1794.93762
G1 X128.997 Y174.503 E1795.10126
G1 X163.644 Y174.504 E1796.30548
G1 X163.644 Y169.922 E1796.46473
G1 F7826.1 X163.579 Y169.364 E1796.48719
G1 F6804.1 X163.576 Y169.29 E1796.49059
G1 F7659.6 X163.804 Y169.146 E1796.50161
G1 F2400 E1796.00161
G1 F600 Z3.1
G0 F15000 X160.893 Y171.35 Z3.1
G1 F600 Z2.7
G1 F2400 E1796.50161
G1 F9000 X160.438 Y171.461 E1796.51788
G1 X159.788 Y171.483 E1796.54049
G1 X159.435 Y171.435 E1796.55287
G1 X158.773 Y171.231 E1796.57695
G1 X158.141 Y170.837 E1796.60283
G1 X157.636 Y170.328 E1796.62775
G1 X157.268 Y169.723 E1796.65237
G1 X157.081 Y169.185 E1796.67216
G1 X157.001 Y168.577 E1796.69348
G1 X157.073 Y167.785 E1796.72112
G1 X157.347 Y167.097 E1796.74686
G1 X157.737 Y166.513 E1796.77127
G1 X158.28 Y166.045 E1796.79618
G1 X158.917 Y165.684 E1796.82163
G1 X159.646 Y165.515 E1796.84764
G1 X160.415 Y165.526 E1796.87437
G1 X161.108 Y165.709 E1796.89928
G1 X161.72 Y166.036 E1796.9234
G1 X162.252 Y166.512 E1796.94821
G1 X162.646 Y167.092 E1796.97258
G1 X162.924 Y167.805 E1796.99918
G1 X162.999 Y168.549 E1797.02517
G1 F7659.6 X162.995 Y169.178 E1797.05086
G1 F6804.1 X162.962 Y169.256 E1797.05475
G1 F7826.1 X162.711 Y169.759 E1797.07722
G1 F9000 X162.359 Y170.33 E1797.10054
G1 X161.852 Y170.844 E1797.12563
G1 X161.535 Y171.065 E1797.13906
G1 X160.893 Y171.35 E1797.16347
G1 F2400 E1796.66347
G1 F600 Z3.1
G0 F15000 X161.062 Y138.313 Z3.1
G1 F600 Z2.7
G1 F2400 E1797.16347
G1 F9000 X160.386 Y138.469 E1797.18759
G1 X159.637 Y138.479 E1797.21362
G1 X158.916 Y138.308 E1797.23938
G1 X158.281 Y137.952 E1797.26468
G1 X157.779 Y137.522 E1797.28765
G1 X157.377 Y136.956 E1797.31178
G1 X157.084 Y136.256 E1797.33816
G1 X157 Y135.527 E1797.36366
G1 X157.064 Y134.859 E1797.38699
G1 X157.273 Y134.264 E1797.40891
G1 X157.66 Y133.629 E1797.43475
G1 X157.895 Y133.371 E1797.44688
G1 X158.455 Y132.936 E1797.47153
G1 X159.103 Y132.642 E1797.49626
G1 X159.554 Y132.531 E1797.5124
G1 X160.202 Y132.513 E1797.53493
G1 X160.554 Y132.557 E1797.54726
G1 X161.22 Y132.767 E1797.57154
G1 X161.835 Y133.131 E1797.59637
G1 X162.36 Y133.658 E1797.62223
G1 X162.692 Y134.17 E1797.64344
G1 X162.927 Y134.852 E1797.66851
G1 X162.992 Y135.489 E1797.69077
G1 X162.923 Y136.195 E1797.71542
G1 X162.67 Y136.856 E1797.74002
G1 X162.264 Y137.479 E1797.76587
G1 X161.732 Y137.944 E1797.79042
G1 X161.062 Y138.313 E1797.81701
G1 F2400 E1797.31701
G1 F600 Z3.1
G0 F15000 X168.928 Y134.577 Z3.1
G1 F600 Z2.7
G1 F2400 E1797.81701
G1 F11647.1 X169.004 Y134.572 E1797.81906
G1 F2400 E1797.31906
G1 F600 Z3.1
G0 F15000 X174.522 Y134.076 Z3.1
G1 F600 Z2.7
G1 F2400 E1797.81906
G1 F9000 X174.784 Y134.338 E1797.83193
G0 F15000 X174.784 Y134.96
G1 F9000 X173.9 Y134.076 E1797.87539
G0 F15000 X173.278 Y134.076
G1 F9000 X174.784 Y135.582 E1797.94941
G0 F15000 X174.784 Y136.204
G1 F9000 X172.656 Y134.076 E1798.05401
G0 F15000 X172.033 Y134.076
G1 F9000 X174.784 Y136.827 E1798.18923
G0 F15000 X174.784 Y137.449
G1 F9000 X171.411 Y134.076 E1798.35503
G0 F15000 X170.789 Y134.076
G1 F9000 X174.784 Y138.071 E1798.5514
G0 F15000 X174.784 Y138.693
G1 F9000 X170.167 Y134.076 E1798.77834
G0 F15000 X169.889 Y134.421
G1 F9000 X169.544 Y134.076 E1798.7953
G1 F2400 E1798.2953
G1 F600 Z3.1
G0 F15000 X168.372 Y134.148 Z3.1
G1 F600 Z2.7
G1 F2400 E1798.7953
G1 F9000 X168.3 Y134.076 E1798.79883
G0 F15000 X168.045 Y134.444
G1 F9000 X167.678 Y134.076 E1798.8169
G0 F15000 X167.581 Y134.602
G1 F9000 X167.055 Y134.076 E1798.84275
G0 F15000 X166.433 Y134.076
G1 F9000 X167.2 Y134.842 E1798.88043
G0 F15000 X166.833 Y135.098
G1 F9000 X165.811 Y134.076 E1798.93066
G0 F15000 X165.189 Y134.076
G1 F9000 X166.548 Y135.435 E1798.99746
G0 F15000 X166.28 Y135.789
G1 F9000 X164.566 Y134.076 E1799.08169
G0 F15000 X163.944 Y134.076
G1 F9000 X166.062 Y136.194 E1799.1858
G0 F15000 X165.902 Y136.656
G1 F9000 X158.963 Y129.717 E1799.52687
G0 F15000 X159.585 Y129.717
G1 F9000 X163.424 Y133.556 E1799.71557
G0 F15000 X163.424 Y132.933
G1 F9000 X160.207 Y129.717 E1799.87368
G0 F15000 X160.829 Y129.717
G1 F9000 X163.424 Y132.311 E1800.0012
G0 F15000 X163.424 Y131.689
G1 F9000 X161.452 Y129.717 E1800.09814
G0 F15000 X162.074 Y129.717
G1 F9000 X163.424 Y131.066 E1800.16447
G0 F15000 X163.424 Y130.444
G1 F9000 X162.696 Y129.717 E1800.20023
G0 F15000 X163.318 Y129.717
G1 F9000 X163.424 Y129.822 E1800.20541
G1 F2400 E1799.70541
G1 F600 Z3.1
G0 F15000 X161.134 Y132.51 Z3.1
G1 F600 Z2.7
G1 F2400 E1800.20541
G1 F9000 X158.34 Y129.717 E1800.34272
G0 F15000 X157.718 Y129.717
G1 F9000 X160.306 Y132.305 E1800.46993
G0 F15000 X159.688 Y132.309
G1 F9000 X157.096 Y129.717 E1800.59734
G0 F15000 X156.474 Y129.717
G1 F9000 X159.158 Y132.401 E1800.72927
G0 F15000 X158.71 Y132.575
G1 F9000 X155.851 Y129.717 E1800.86977
G0 F15000 X155.229 Y129.717
G1 F9000 X158.29 Y132.778 E1801.02023
G0 F15000 X157.946 Y133.056
G1 F9000 X154.607 Y129.717 E1801.18436
G0 F15000 X153.985 Y129.717
G1 F9000 X157.618 Y133.35 E1801.36293
G0 F15000 X157.351 Y133.705
G1 F9000 X153.362 Y129.717 E1801.55898
G0 F15000 X152.74 Y129.717
G1 F9000 X157.116 Y134.092 E1801.77405
G0 F15000 X156.94 Y134.538
G1 F9000 X152.118 Y129.717 E1802.01105
G0 F15000 X151.496 Y129.717
G1 F9000 X156.825 Y135.046 E1802.27299
G0 F15000 X156.787 Y135.63
G1 F9000 X150.873 Y129.717 E1802.56366
G0 F15000 X150.251 Y129.717
G1 F9000 X156.886 Y136.352 E1802.88979
G1 X156.963 Y136.429
G1 F2400 E1802.38979
G1 F600 Z3.1
G0 F15000 X159.116 Y138.582 Z3.1
G1 F600 Z2.7
G1 F2400 E1802.88979
G1 F9000 X162.461 Y141.927 E1803.05421
G0 F15000 X162.872 Y142.338
G1 F9000 X174.784 Y154.25 E1803.63973
G0 F15000 X174.784 Y154.872
G1 F9000 X162.872 Y142.96 E1804.22524
G0 F15000 X162.872 Y143.582
G1 F9000 X174.784 Y155.494 E1804.81076
G0 F15000 X174.784 Y156.116
G1 F9000 X162.872 Y144.205 E1805.39625
G0 F15000 X162.872 Y144.827
G1 F9000 X174.784 Y156.739 E1805.98177
G0 F15000 X174.784 Y157.361
G1 F9000 X162.872 Y145.449 E1806.56729
G0 F15000 X162.872 Y146.071
G1 F9000 X174.784 Y157.983 E1807.15281
G0 F15000 X174.784 Y158.605
G1 F9000 X162.872 Y146.694 E1807.7383
G0 F15000 X162.872 Y147.316
G1 F9000 X174.784 Y159.228 E1808.32382
G0 F15000 X174.784 Y159.85
G1 F9000 X162.872 Y147.938 E1808.90934
G0 F15000 X162.872 Y148.56
G1 F9000 X174.784 Y160.472 E1809.49485
G0 F15000 X174.784 Y161.094
G1 F9000 X162.872 Y149.183 E1810.08035
G0 F15000 X162.872 Y149.805
G1 F9000 X174.784 Y161.717 E1810.66586
G0 F15000 X174.784 Y162.339
G1 F9000 X162.872 Y150.427 E1811.25138
G0 F15000 X162.872 Y151.049
G1 F9000 X174.784 Y162.961 E1811.8369
G0 F15000 X174.784 Y163.583
G1 F9000 X162.872 Y151.672 E1812.42239
G0 F15000 X162.872 Y152.294
G1 F9000 X174.784 Y164.206 E1813.00791
G0 F15000 X174.784 Y164.828
G1 F9000 X162.872 Y152.916 E1813.59343
G0 F15000 X162.872 Y153.538
G1 F9000 X174.784 Y165.45 E1814.17895
G0 F15000 X174.784 Y166.073
G1 F9000 X162.872 Y154.161 E1814.76446
G0 F15000 X162.872 Y154.783
G1 F9000 X174.784 Y166.695 E1815.34998
G0 F15000 X174.784 Y167.317
G1 F9000 X172.074 Y164.607 E1815.48319
G0 F15000 X172.202 Y165.357
G1 F9000 X174.784 Y167.939 E1815.6101
G0 F15000 X174.784 Y168.562
G1 F9000 X172.178 Y165.956 E1815.7382
G0 F15000 X172.054 Y166.454
G1 F9000 X174.524 Y168.924 E1815.85961
G0 F15000 X173.902 Y168.924
G1 F9000 X171.869 Y166.891 E1815.95953
G0 F15000 X171.645 Y167.289
G1 F9000 X173.279 Y168.924 E1816.03988
G0 F15000 X172.657 Y168.924
G1 F9000 X171.368 Y167.635 E1816.10323
G0 F15000 X171.061 Y167.95
G1 F9000 X172.035 Y168.924 E1816.15111
G0 F15000 X171.413 Y168.924
G1 F9000 X170.696 Y168.207 E1816.18635
G0 F15000 X170.295 Y168.428
G1 F9000 X170.79 Y168.924 E1816.21071
G0 F15000 X170.168 Y168.924
G1 F9000 X169.832 Y168.588 E1816.22722
G1 F2400 E1815.72722
G1 F600 Z3.1
G0 F15000 X168.302 Y168.924 Z3.1
G1 F600 Z2.7
G1 F2400 E1816.22722
G1 F9000 X167.871 Y168.493 E1816.24841
G0 F15000 X167.68 Y168.924
G1 F9000 X161.13 Y162.374 E1816.57037
G0 F15000 X160.508 Y162.374
G1 F9000 X167.058 Y168.925 E1816.89235
G0 F15000 X166.437 Y168.926
G1 F9000 X159.885 Y162.374 E1817.2144
G0 F15000 X159.264 Y162.375
G1 F9000 X165.814 Y168.926 E1817.53638
G0 F15000 X165.193 Y168.926
G1 F9000 X158.642 Y162.375 E1817.85839
G0 F15000 X158.019 Y162.375
G1 F9000 X161.123 Y165.479 E1818.01096
G0 F15000 X160.322 Y165.3
G1 F9000 X157.397 Y162.375 E1818.15473
G0 F15000 X156.775 Y162.376
G1 F9000 X159.691 Y165.291 E1818.29804
G0 F15000 X159.175 Y165.398
G1 F9000 X156.153 Y162.376 E1818.44658
G0 F15000 X155.531 Y162.376
G1 F9000 X158.705 Y165.55 E1818.6026
G0 F15000 X158.306 Y165.773
G1 F9000 X154.909 Y162.376 E1818.76957
G0 F15000 X154.378 Y162.467
G1 F9000 X157.949 Y166.038 E1818.9451
G0 F15000 X157.615 Y166.326
G1 F9000 X153.934 Y162.646 E1819.12601
G0 F15000 X153.383 Y162.717
G1 F9000 X157.355 Y166.689 E1819.32125
G0 F15000 X157.121 Y167.077
G1 F9000 X152.761 Y162.717 E1819.53556
G0 F15000 X152.139 Y162.717
G1 F9000 X156.944 Y167.522 E1819.77174
G0 F15000 X156.829 Y168.03
G1 F9000 X151.517 Y162.717 E1820.03287
G0 F15000 X150.894 Y162.717
G1 F9000 X156.783 Y168.606 E1820.32233
G0 F15000 X156.9 Y169.345
G1 F9000 X150.272 Y162.717 E1820.64812
G0 F15000 X149.65 Y162.717
G1 F9000 X161.216 Y174.283 E1821.21663
G0 F15000 X160.594 Y174.283
G1 F9000 X149.028 Y162.717 E1821.78514
G0 F15000 X148.405 Y162.717
G1 F9000 X159.972 Y174.283 E1822.35368
G0 F15000 X159.349 Y174.283
G1 F9000 X147.783 Y162.717 E1822.92219
G0 F15000 X147.161 Y162.717
G1 F9000 X158.727 Y174.283 E1823.4907
G0 F15000 X158.105 Y174.283
G1 F9000 X146.539 Y162.717 E1824.05921
G0 F15000 X145.916 Y162.717
G1 F9000 X157.483 Y174.283 E1824.62775
G0 F15000 X156.86 Y174.283
G1 F9000 X145.294 Y162.717 E1825.19626
G0 F15000 X144.672 Y162.717
G1 F9000 X156.238 Y174.283 E1825.76477
G0 F15000 X155.616 Y174.283
G1 F9000 X144.05 Y162.717 E1826.33328
G0 F15000 X143.427 Y162.717
G1 F9000 X154.994 Y174.283 E1826.90181
G0 F15000 X154.371 Y174.283
G1 F9000 X142.805 Y162.717 E1827.47032
G0 F15000 X142.183 Y162.717
G1 F9000 X153.749 Y174.283 E1828.03883
G0 F15000 X153.127 Y174.283
G1 F9000 X141.561 Y162.717 E1828.60734
G0 F15000 X140.938 Y162.717
G1 F9000 X152.505 Y174.283 E1829.17588
G0 F15000 X151.882 Y174.283
G1 F9000 X140.315 Y162.717 E1829.74441
G0 F15000 X139.693 Y162.717
G1 F9000 X151.26 Y174.283 E1830.31295
G0 F15000 X150.638 Y174.283
G1 F9000 X139.071 Y162.717 E1830.88148
G0 F15000 X138.449 Y162.717
G1 F9000 X150.016 Y174.283 E1831.45002
G0 F15000 X149.393 Y174.283
G1 F9000 X137.826 Y162.717 E1832.01856
G0 F15000 X137.204 Y162.717
G1 F9000 X148.771 Y174.283 E1832.58709
G0 F15000 X148.149 Y174.283
G1 F9000 X136.582 Y162.717 E1833.15563
G0 F15000 X135.96 Y162.717
G1 F9000 X147.527 Y174.283 E1833.72416
G0 F15000 X146.904 Y174.283
G1 F9000 X135.337 Y162.717 E1834.2927
G0 F15000 X134.715 Y162.717
G1 F9000 X146.281 Y174.283 E1834.86121
G0 F15000 X145.659 Y174.283
G1 F9000 X134.093 Y162.717 E1835.42972
G0 F15000 X133.471 Y162.717
G1 F9000 X145.037 Y174.283 E1835.99823
G0 F15000 X144.415 Y174.283
G1 F9000 X132.848 Y162.717 E1836.56676
G0 F15000 X132.226 Y162.717
G1 F9000 X143.792 Y174.283 E1837.13527
G0 F15000 X143.17 Y174.283
G1 F9000 X131.604 Y162.717 E1837.70378
G0 F15000 X130.982 Y162.717
G1 F9000 X142.548 Y174.283 E1838.27229
G0 F15000 X141.926 Y174.283
G1 F9000 X134.988 Y167.345 E1838.61332
G0 F15000 X135.185 Y168.164
G1 F9000 X141.303 Y174.283 E1838.91407
G0 F15000 X140.681 Y174.283
G1 F9000 X135.19 Y168.792 E1839.18397
G0 F15000 X135.103 Y169.327
G1 F9000 X140.059 Y174.283 E1839.42757
G0 F15000 X139.437 Y174.283
G1 F9000 X134.937 Y169.783 E1839.64877
G0 F15000 X134.723 Y170.191
G1 F9000 X138.814 Y174.283 E1839.84988
G0 F15000 X138.192 Y174.283
G1 F9000 X134.451 Y170.542 E1840.03376
G0 F15000 X134.152 Y170.865
G1 F9000 X137.57 Y174.283 E1840.20177
G0 F15000 X136.947 Y174.283
G1 F9000 X133.802 Y171.138 E1840.35636
G0 F15000 X133.406 Y171.363
G1 F9000 X136.325 Y174.283 E1840.49986
G0 F15000 X135.703 Y174.283
G1 F9000 X132.976 Y171.556 E1840.6339
G0 F15000 X132.476 Y171.678
G1 F9000 X135.081 Y174.283 E1840.76195
G0 F15000 X134.458 Y174.283
G1 F9000 X131.877 Y171.701 E1840.88884
G0 F15000 X131.132 Y171.578
G1 F9000 X133.836 Y174.283 E1841.02177
G0 F15000 X133.214 Y174.283
G1 F9000 X129.217 Y170.286 E1841.21824
G0 F15000 X129.217 Y170.908
G1 F9000 X132.592 Y174.283 E1841.38413
G0 F15000 X131.969 Y174.283
G1 F9000 X129.217 Y171.531 E1841.5194
G0 F15000 X129.217 Y172.153
G1 F9000 X131.347 Y174.283 E1841.6241
G0 F15000 X130.725 Y174.283
G1 F9000 X129.217 Y172.775 E1841.69823
G0 F15000 X129.217 Y173.397
G1 F9000 X130.103 Y174.283 E1841.74178
G0 F15000 X129.48 Y174.283
G1 F9000 X129.217 Y174.02 E1841.7547
G1 F2400 E1841.2547
G1 F600 Z3.1
G0 F15000 X129.361 Y166.696 Z3.1
G1 F600 Z2.7
G1 F2400 E1841.7547
G1 F9000 X129.219 Y166.554 E1841.76168
G0 F15000 X129.631 Y166.344
G1 F9000 X129.218 Y165.931 E1841.78198
G0 F15000 X129.218 Y165.309
G1 F9000 X129.952 Y166.043 E1841.81806
G0 F15000 X130.298 Y165.766
G1 F9000 X129.217 Y164.686 E1841.87117
G0 F15000 X129.217 Y164.063
G1 F9000 X130.721 Y165.568 E1841.94512
G0 F15000 X131.175 Y165.399
G1 F9000 X129.216 Y163.44 E1842.04142
G0 F15000 X129.216 Y162.818
G1 F9000 X131.707 Y165.309 E1842.16386
G0 F15000 X132.328 Y165.307
G1 F9000 X129.737 Y162.717 E1842.29119
G0 F15000 X130.359 Y162.717
G1 F9000 X133.158 Y165.515 E1842.42875
G1 X133.235 Y165.592
G1 F2400 E1841.92875
G1 F600 Z3.1
G0 F15000 X133.196 Y141.286 Z3.1
G1 F600 Z2.7
G1 F2400 E1842.42875
G1 F9000 X129.217 Y137.306 E1842.62435
G0 F15000 X129.217 Y137.928
G1 F9000 X132.573 Y141.285 E1842.78934
G0 F15000 X131.951 Y141.285
G1 F9000 X129.217 Y138.551 E1842.92372
G0 F15000 X129.217 Y139.173
G1 F9000 X131.329 Y141.285 E1843.02754
G0 F15000 X130.706 Y141.284
G1 F9000 X129.217 Y139.795 E1843.10072
G0 F15000 X129.217 Y140.417
G1 F9000 X130.084 Y141.284 E1843.14334
G0 F15000 X129.466 Y141.289
G1 F9000 X129.217 Y141.04 E1843.15558
G1 F2400 E1842.65558
G1 F600 Z3.1
G0 F15000 X131.107 Y138.574 Z3.1
G1 F600 Z2.7
G1 F2400 E1843.15558
G1 F9000 X133.819 Y141.286 E1843.28888
G0 F15000 X134.441 Y141.286
G1 F9000 X131.858 Y138.703 E1843.41585
G0 F15000 X132.457 Y138.68
G1 F9000 X135.064 Y141.286 E1843.54397
G0 F15000 X135.686 Y141.286
G1 F9000 X132.959 Y138.56 E1843.67798
G0 F15000 X133.391 Y138.369
G1 F9000 X136.308 Y141.286 E1843.82137
G0 F15000 X136.931 Y141.287
G1 F9000 X133.791 Y138.147 E1843.97571
G0 F15000 X134.14 Y137.873
G1 F9000 X137.553 Y141.287 E1844.14349
G0 F15000 X138.176 Y141.288
G1 F9000 X134.442 Y137.553 E1844.32706
G0 F15000 X134.714 Y137.203
G1 F9000 X138.799 Y141.288 E1844.52785
G0 F15000 X139.421 Y141.288
G1 F9000 X134.934 Y136.8 E1844.74843
G0 F15000 X135.097 Y136.342
G1 F9000 X140.044 Y141.288 E1844.99157
G0 F15000 X140.666 Y141.288
G1 F9000 X135.188 Y135.81 E1845.26083
G0 F15000 X135.188 Y135.188
G1 F9000 X141.288 Y141.288 E1845.56067
G0 F15000 X141.911 Y141.289
G1 F9000 X135.001 Y134.379 E1845.90032
G1 X134.924 Y134.302
G1 F2400 E1845.40032
G1 F600 Z3.1
G0 F15000 X133.129 Y132.507 Z3.1
G1 F600 Z2.7
G1 F2400 E1845.90032
G1 F9000 X130.339 Y129.717 E1846.03746
G0 F15000 X129.717 Y129.717
G1 F9000 X132.304 Y132.304 E1846.16462
G0 F15000 X131.687 Y132.309
G1 F9000 X129.216 Y129.838 E1846.28607
G0 F15000 X129.216 Y130.46
G1 F9000 X131.158 Y132.403 E1846.38156
G0 F15000 X130.707 Y132.574
G1 F9000 X129.217 Y131.083 E1846.45482
G0 F15000 X129.217 Y131.706
G1 F9000 X130.287 Y132.776 E1846.50741
G0 F15000 X129.941 Y133.052
G1 F9000 X129.218 Y132.329 E1846.54295
G0 F15000 X129.218 Y132.952
G1 F9000 X129.622 Y133.355 E1846.56278
G0 F15000 X129.352 Y133.708
G1 F9000 X129.22 Y133.575 E1846.5693
G1 F2400 E1846.0693
G1 F600 Z3.1
G0 F15000 X130.961 Y129.717 Z3.1
G1 F600 Z2.7
G1 F2400 E1846.5693
G1 F9000 X142.534 Y141.289 E1847.13813
G0 F15000 X143.156 Y141.289
G1 F9000 X131.583 Y129.717 E1847.70696
G0 F15000 X132.206 Y129.717
G1 F9000 X143.779 Y141.29 E1848.27581
G0 F15000 X144.401 Y141.29
G1 F9000 X132.828 Y129.717 E1848.84467
G0 F15000 X133.45 Y129.717
G1 F9000 X145.023 Y141.29 E1849.41352
G0 F15000 X145.646 Y141.291
G1 F9000 X134.072 Y129.717 E1849.98242
G0 F15000 X134.695 Y129.717
G1 F9000 X146.269 Y141.291 E1850.55133
G0 F15000 X146.892 Y141.291
G1 F9000 X135.317 Y129.717 E1851.12026
G0 F15000 X135.939 Y129.717
G1 F9000 X147.514 Y141.291 E1851.68919
G0 F15000 X148.136 Y141.291
G1 F9000 X136.561 Y129.717 E1852.25811
G0 F15000 X137.184 Y129.717
G1 F9000 X148.759 Y141.292 E1852.82707
G0 F15000 X149.381 Y141.292
G1 F9000 X137.806 Y129.717 E1853.39602
G0 F15000 X138.428 Y129.717
G1 F9000 X150.004 Y141.292 E1853.965
G0 F15000 X150.626 Y141.293
G1 F9000 X139.05 Y129.717 E1854.534
G0 F15000 X139.673 Y129.717
G1 F9000 X151.249 Y141.293 E1855.103
G0 F15000 X151.871 Y141.293
G1 F9000 X140.295 Y129.717 E1855.672
G0 F15000 X140.917 Y129.717
G1 F9000 X152.494 Y141.293 E1856.24103
G0 F15000 X153.116 Y141.293
G1 F9000 X141.539 Y129.717 E1856.81006
G0 F15000 X142.162 Y129.717
G1 F9000 X153.756 Y141.311 E1857.37994
G1 X153.833 Y141.388
G1 F2400 E1856.87994
G1 F600 Z3.1
G0 F15000 X154.991 Y141.924 Z3.1
G1 F600 Z2.7
G1 F2400 E1857.37994
G1 F9000 X142.784 Y129.717 E1857.97996
G0 F15000 X143.406 Y129.717
G1 F9000 X155.614 Y141.924 E1858.58
G0 F15000 X156.236 Y141.924
G1 F9000 X144.028 Y129.717 E1859.18005
G0 F15000 X144.651 Y129.717
G1 F9000 X156.859 Y141.925 E1859.78011
G0 F15000 X157.481 Y141.925
G1 F9000 X145.273 Y129.717 E1860.38018
G0 F15000 X145.895 Y129.717
G1 F9000 X158.104 Y141.926 E1860.9803
G0 F15000 X158.726 Y141.926
G1 F9000 X146.517 Y129.717 E1861.58041
G0 F15000 X147.14 Y129.717
G1 F9000 X159.349 Y141.926 E1862.18053
G0 F15000 X159.972 Y141.926
G1 F9000 X147.762 Y129.717 E1862.78067
G0 F15000 X148.384 Y129.717
G1 F9000 X160.594 Y141.926 E1863.38081
G0 F15000 X161.217 Y141.927
G1 F9000 X149.006 Y129.717 E1863.981
G0 F15000 X149.629 Y129.717
G1 F9000 X161.839 Y141.927 E1864.58117
G1 X161.916 Y142.004
G1 F2400 E1864.08117
G1 F600 Z3.1
G0 F15000 X160.962 Y138.561 Z3.1
G1 F600 Z2.7
G1 F2400 E1864.58117
G1 F9000 X174.784 Y152.383 E1865.26057
G0 F15000 X174.784 Y153.005
G1 F9000 X160.458 Y138.679 E1865.96474
G0 F15000 X159.856 Y138.7
G1 F9000 X174.784 Y153.627 E1866.69848
G1 X174.861 Y153.704
G1 F2400 E1866.19848
G1 F600 Z3.1
G0 F15000 X174.784 Y151.761 Z3.1
G1 F600 Z2.7
G1 F2400 E1866.69848
G1 F9000 X161.401 Y138.377 E1867.35633
G0 F15000 X161.801 Y138.155
G1 F9000 X174.784 Y151.138 E1867.99449
G0 F15000 X174.784 Y150.516
G1 F9000 X162.142 Y137.875 E1868.61587
G0 F15000 X162.46 Y137.57
G1 F9000 X174.784 Y149.894 E1869.22163
G0 F15000 X174.784 Y149.272
G1 F9000 X162.71 Y137.198 E1869.81511
G0 F15000 X162.929 Y136.794
G1 F9000 X174.784 Y148.649 E1870.39783
G0 F15000 X174.784 Y148.027
G1 F9000 X163.1 Y136.343 E1870.97214
G0 F15000 X163.181 Y135.802
G1 F9000 X165.963 Y138.584 E1871.10889
G0 F15000 X165.8 Y137.798
G1 F9000 X163.18 Y135.179 E1871.23764
G0 F15000 X162.997 Y134.373
G1 F9000 X165.788 Y137.164 E1871.37483
G1 X165.865 Y137.241
G1 F2400 E1870.87483
G1 F600 Z3.1
G0 F15000 X167.879 Y140.5 Z3.1
G1 F600 Z2.7
G1 F2400 E1871.37483
G1 F9000 X174.784 Y147.405 E1871.71424
G0 F15000 X174.784 Y146.783
G1 F9000 X168.684 Y140.682 E1872.0141
G0 F15000 X169.309 Y140.685
G1 F9000 X174.784 Y146.16 E1872.28321
G0 F15000 X174.784 Y145.538
G1 F9000 X169.845 Y140.599 E1872.52598
G0 F15000 X170.303 Y140.435
G1 F9000 X174.784 Y144.916 E1872.74624
G0 F15000 X174.784 Y144.294
G1 F9000 X170.693 Y140.203 E1872.94733
G0 F15000 X171.06 Y139.947
G1 F9000 X174.784 Y143.671 E1873.13038
G0 F15000 X174.784 Y143.049
G1 F9000 X171.372 Y139.637 E1873.29809
G0 F15000 X171.647 Y139.29
G1 F9000 X174.784 Y142.427 E1873.45228
G0 F15000 X174.784 Y141.805
G1 F9000 X171.869 Y138.89 E1873.59557
G0 F15000 X172.054 Y138.452
G1 F9000 X174.784 Y141.182 E1873.72976
G0 F15000 X174.784 Y140.56
G1 F9000 X172.178 Y137.954 E1873.85785
G0 F15000 X172.202 Y137.355
G1 F9000 X174.784 Y139.938 E1873.98479
G0 F15000 X174.784 Y139.316
G1 F9000 X172.074 Y136.606 E1874.118
G1 X171.997 Y136.529
G1 F2400 E1873.618
G1 F600 Z3.1
G0 F15000 X162.872 Y155.405 Z3.1
G1 F600 Z2.7
G1 F2400 E1874.118
G1 F9000 X169.879 Y162.412 E1874.46242
G0 F15000 X169.143 Y162.299
G1 F9000 X162.872 Y156.027 E1874.77068
G0 F15000 X162.872 Y156.65
G1 F9000 X168.551 Y162.328 E1875.0498
G0 F15000 X168.035 Y162.435
G1 F9000 X162.872 Y157.272 E1875.30358
G0 F15000 X162.872 Y157.894
G1 F9000 X167.593 Y162.615 E1875.53563
G0 F15000 X167.2 Y162.845
G1 F9000 X162.872 Y158.516 E1875.7484
G0 F15000 X162.872 Y159.139
G1 F9000 X166.839 Y163.105 E1875.94336
G0 F15000 X166.546 Y163.434
G1 F9000 X162.872 Y159.761 E1876.12393
G0 F15000 X162.872 Y160.383
G1 F9000 X166.28 Y163.791 E1876.29144
G0 F15000 X166.065 Y164.198
G1 F9000 X162.872 Y161.005 E1876.44839
G0 F15000 X162.872 Y161.628
G1 F9000 X165.908 Y164.664 E1876.59762
G0 F15000 X165.794 Y165.172
G1 F9000 X162.789 Y162.167 E1876.74533
G0 F15000 X162.374 Y162.374
G1 F9000 X165.802 Y165.802 E1876.91383
G0 F15000 X165.966 Y166.588
G1 F9000 X161.752 Y162.374 E1877.12096
G1 X161.675 Y162.297
G1 F2400 E1876.62096
G1 F600 Z3.1
G0 F15000 X162.973 Y167.328 Z3.1
G1 F600 Z2.7
G1 F2400 E1877.12096
G1 F9000 X164.571 Y168.927 E1877.19953
G0 F15000 X163.949 Y168.927
G1 F9000 X163.183 Y168.161 E1877.23718
G0 F15000 X163.262 Y168.863
G1 F9000 X163.489 Y169.089 E1877.24832
G0 F15000 X163.191 Y169.414
G1 F9000 X163.335 Y169.558 E1877.2554
G0 F15000 X162.946 Y169.79
G1 F9000 X163.424 Y170.269 E1877.27892
G0 F15000 X163.424 Y170.891
G1 F9000 X162.712 Y170.179 E1877.31391
G0 F15000 X162.459 Y170.548
G1 F9000 X163.424 Y171.514 E1877.36137
G0 F15000 X163.424 Y172.136
G1 F9000 X162.148 Y170.86 E1877.42409
G0 F15000 X161.807 Y171.14
G1 F9000 X163.424 Y172.758 E1877.5036
G0 F15000 X163.424 Y173.38
G1 F9000 X161.408 Y171.364 E1877.60269
G0 F15000 X160.977 Y171.555
G1 F9000 X163.424 Y174.003 E1877.72299
G0 F15000 X163.083 Y174.283
G1 F9000 X160.477 Y171.678 E1877.85106
G0 F15000 X159.879 Y171.702
G1 F9000 X162.461 Y174.283 E1877.97795
G0 F15000 X161.838 Y174.283
G1 F9000 X159.119 Y171.564 E1878.1116
G1 X159.042 Y171.487
G1 F2400 E1877.6116
G1 F600 Z3.1
;MESH:NONMESH
G0 F15000 X132.586 Y137.114 Z3.1
;TIME_ELAPSED:683.916354
;LAYER:13
;MESH:case_VL53L8+RP2040-down.stl
G0 X132.586 Y137.114 Z3.3
;TYPE:WALL-OUTER
G1 F600 Z2.9
G1 F2400 E1878.1116
G1 F9000 X132.218 Y137.205 E1878.12478
G1 X131.762 Y137.202 E1878.14063
G1 X131.403 Y137.112 E1878.15349
G1 X131.044 Y136.927 E1878.16753
G1 X130.694 Y136.617 E1878.18378
G1 X130.466 Y136.276 E1878.19804
G1 X130.323 Y135.894 E1878.21221
G1 X130.281 Y135.525 E1878.22512
G1 X130.334 Y135.06 E1878.24139
G1 X130.49 Y134.675 E1878.25583
G1 X130.73 Y134.339 E1878.27018
G1 X131.044 Y134.069 E1878.28457
G1 X131.41 Y133.882 E1878.29886
G1 X131.778 Y133.791 E1878.31203
G1 X132.234 Y133.794 E1878.32788
G1 X132.635 Y133.901 E1878.34231
G1 X132.998 Y134.099 E1878.35668
G1 X133.306 Y134.379 E1878.37115
G1 X133.51 Y134.675 E1878.38364
G1 X133.67 Y135.088 E1878.39903
G1 X133.719 Y135.527 E1878.41439
G1 X133.67 Y135.908 E1878.42774
G1 X133.51 Y136.321 E1878.44313
G1 X133.306 Y136.617 E1878.45563
G1 X132.955 Y136.927 E1878.4719
G1 X132.586 Y137.114 E1878.48628
G1 F2400 E1877.98628
G1 F600 Z3.3
G0 F15000 X160.617 Y137.104 Z3.3
G1 F600 Z2.9
G1 F2400 E1878.48628
G1 F9000 X160.209 Y137.207 E1878.50091
G1 X159.805 Y137.208 E1878.51495
G1 X159.386 Y137.106 E1878.52994
G1 X159.015 Y136.908 E1878.54455
G1 X158.711 Y136.638 E1878.55869
G1 X158.476 Y136.298 E1878.57305
G1 X158.332 Y135.93 E1878.58679
G1 X158.281 Y135.525 E1878.60097
G1 X158.325 Y135.088 E1878.61624
G1 X158.49 Y134.675 E1878.6317
G1 X158.73 Y134.339 E1878.64605
G1 X159.044 Y134.069 E1878.66044
G1 X159.41 Y133.882 E1878.67473
G1 X159.778 Y133.791 E1878.6879
G1 X160.234 Y133.794 E1878.70375
G1 X160.635 Y133.901 E1878.71818
G1 X160.998 Y134.099 E1878.73255
G1 X161.306 Y134.379 E1878.74702
G1 X161.522 Y134.694 E1878.76029
G1 X161.673 Y135.098 E1878.77528
G1 X161.72 Y135.512 E1878.78977
G1 X161.662 Y135.934 E1878.80457
G1 X161.525 Y136.296 E1878.81802
G1 X161.281 Y136.648 E1878.83291
G1 X160.982 Y136.911 E1878.84675
G1 X160.617 Y137.104 E1878.8611
G1 F2400 E1878.3611
G1 F600 Z3.3
G0 F15000 X169.408 Y139.17 Z3.3
G1 F600 Z2.9
G1 F2400 E1878.8611
G1 F9000 X169.027 Y139.219 E1878.87445
G1 X168.597 Y139.172 E1878.88949
G1 X168.19 Y139.02 E1878.90459
G1 X167.857 Y138.789 E1878.91867
G1 X167.585 Y138.482 E1878.93293
G1 X167.386 Y138.101 E1878.94787
G1 X167.289 Y137.71 E1878.96187
G1 X167.291 Y137.276 E1878.97696
G1 X167.401 Y136.86 E1878.99191
G1 X167.599 Y136.502 E1879.00613
G1 X167.866 Y136.204 E1879.02004
G1 X168.22 Y135.966 E1879.03486
G1 X168.602 Y135.823 E1879.04904
G1 X169 Y135.78 E1879.06295
G1 X169.436 Y135.834 E1879.07822
G1 X169.821 Y135.99 E1879.09266
G1 X170.157 Y136.23 E1879.10701
G1 X170.427 Y136.544 E1879.12141
G1 X170.614 Y136.91 E1879.13569
G1 X170.702 Y137.262 E1879.1483
G1 X170.705 Y137.718 E1879.16415
G1 X170.595 Y138.135 E1879.17914
G1 X170.397 Y138.498 E1879.19351
G1 X170.117 Y138.806 E1879.20798
G1 X169.821 Y139.01 E1879.22048
G1 X169.408 Y139.17 E1879.23587
G1 F2400 E1878.73587
G1 F600 Z3.3
G0 F15000 X153.72 Y161.02 Z3.3
G1 F600 Z2.9
G1 F2400 E1879.23587
G1 F9000 X153.668 Y161.144 E1879.24054
G1 X153.546 Y161.216 E1879.24547
G1 X129.435 Y161.22 E1880.08349
G1 X129.323 Y161.132 E1880.08844
G1 X129.283 Y161.038 E1880.09199
G1 X129.28 Y143 E1880.71893
G1 X129.323 Y142.867 E1880.72379
G1 X129.436 Y142.78 E1880.72875
G1 X153.546 Y142.784 E1881.56674
G1 X153.635 Y142.825 E1881.57014
G1 X153.72 Y142.937 E1881.57503
G1 X153.72 Y161.02 E1882.20354
G1 F2400 E1881.70354
G1 F600 Z3.3
G0 F15000 X160.586 Y170.114 Z3.3
G1 F600 Z2.9
G1 F2400 E1882.20354
G1 F9000 X160.218 Y170.205 E1882.21671
G1 X159.762 Y170.202 E1882.23256
G1 X159.36 Y170.095 E1882.24702
G1 X159.044 Y169.927 E1882.25946
G1 X158.694 Y169.617 E1882.27571
G1 X158.466 Y169.276 E1882.28997
G1 X158.321 Y168.881 E1882.30459
G1 X158.281 Y168.475 E1882.31877
G1 X158.325 Y168.091 E1882.33221
G1 X158.476 Y167.698 E1882.34684
G1 X158.721 Y167.347 E1882.36172
G1 X159.023 Y167.082 E1882.37568
G1 X159.41 Y166.882 E1882.39082
G1 X159.805 Y166.788 E1882.40493
G1 X160.203 Y166.789 E1882.41877
G1 X160.624 Y166.895 E1882.43386
G1 X160.971 Y167.078 E1882.44749
G1 X161.284 Y167.352 E1882.46195
G1 X161.53 Y167.711 E1882.47708
G1 X161.67 Y168.086 E1882.49099
G1 X161.72 Y168.514 E1882.50597
G1 X161.666 Y168.924 E1882.52034
G1 X161.51 Y169.321 E1882.53517
G1 X161.306 Y169.617 E1882.54766
G1 X160.955 Y169.927 E1882.56394
G1 X160.586 Y170.114 E1882.57831
G1 F2400 E1882.07831
G1 F600 Z3.3
G0 F15000 X169.788 Y167.029 Z3.3
G1 F600 Z2.9
G1 F2400 E1882.57831
G1 F9000 X169.395 Y167.173 E1882.59286
G1 X168.973 Y167.219 E1882.60762
G1 X168.562 Y167.162 E1882.62204
G1 X168.175 Y167.01 E1882.63649
G1 X167.863 Y166.794 E1882.64968
G1 X167.586 Y166.483 E1882.66415
G1 X167.392 Y166.117 E1882.67855
G1 X167.288 Y165.693 E1882.69373
G1 X167.291 Y165.274 E1882.70829
G1 X167.388 Y164.889 E1882.72209
G1 X167.591 Y164.51 E1882.73703
G1 X167.852 Y164.216 E1882.7507
G1 X168.22 Y163.966 E1882.76616
G1 X168.583 Y163.827 E1882.77967
G1 X168.998 Y163.78 E1882.79419
G1 X169.408 Y163.825 E1882.80852
G1 X169.821 Y163.99 E1882.82398
G1 X170.157 Y164.23 E1882.83833
G1 X170.427 Y164.544 E1882.85272
G1 X170.614 Y164.91 E1882.86701
G1 X170.702 Y165.262 E1882.87962
G1 X170.705 Y165.718 E1882.89547
G1 X170.595 Y166.135 E1882.91046
G1 X170.397 Y166.498 E1882.92483
G1 X170.117 Y166.806 E1882.9393
G1 X169.788 Y167.029 E1882.95311
G1 F2400 E1882.45311
G1 F600 Z3.3
G0 F15000 X176.28 Y175.78 Z3.3
G1 F600 Z2.9
G1 F2400 E1882.95311
G1 F9000 X176.28 Y128.22 E1884.60615
G1 X127.72 Y128.22 E1886.29394
G1 X127.72 Y175.78 E1887.94698
G1 X176.28 Y175.78 E1889.63477
G1 F2400 E1889.13477
G1 F600 Z3.3
G0 F15000 X132.586 Y170.114 Z3.3
G1 F600 Z2.9
G1 F2400 E1889.63477
G1 F9000 X132.218 Y170.205 E1889.64794
G1 X131.762 Y170.202 E1889.66379
G1 X131.403 Y170.112 E1889.67666
G1 X131.044 Y169.927 E1889.69069
G1 X130.694 Y169.617 E1889.70694
G1 X130.466 Y169.276 E1889.7212
G1 X130.323 Y168.894 E1889.73538
G1 X130.281 Y168.525 E1889.74829
G1 X130.334 Y168.06 E1889.76455
G1 X130.49 Y167.675 E1889.77899
G1 X130.73 Y167.339 E1889.79334
G1 X131.044 Y167.069 E1889.80774
G1 X131.41 Y166.882 E1889.82202
G1 X131.778 Y166.791 E1889.8352
G1 X132.234 Y166.794 E1889.85105
G1 X132.635 Y166.901 E1889.86547
G1 X132.998 Y167.099 E1889.87984
G1 X133.306 Y167.379 E1889.89431
G1 X133.51 Y167.675 E1889.90681
G1 X133.67 Y168.088 E1889.9222
G1 X133.719 Y168.527 E1889.93755
G1 X133.67 Y168.908 E1889.9509
G1 X133.51 Y169.321 E1889.9663
G1 X133.306 Y169.617 E1889.97879
G1 X132.955 Y169.927 E1889.99507
G1 X132.586 Y170.114 E1890.00945
G0 F15000 X132.693 Y170.541
;TYPE:WALL-INNER
G1 F10500 X132.294 Y170.639 E1890.02373
G1 X131.816 Y170.648 E1890.04034
G1 X131.282 Y170.535 E1890.05932
G1 X130.838 Y170.315 E1890.07654
G1 X130.375 Y169.934 E1890.09738
G1 X130.056 Y169.435 E1890.11796
G1 X129.889 Y168.97 E1890.13514
G1 X129.843 Y168.574 E1890.14899
G1 X129.89 Y167.981 E1890.16967
G1 X130.128 Y167.425 E1890.19069
G1 X130.439 Y167.009 E1890.20874
G1 X130.838 Y166.681 E1890.22669
G1 X131.282 Y166.461 E1890.24392
G1 X131.702 Y166.357 E1890.25896
G1 X132.341 Y166.367 E1890.28117
G1 X132.839 Y166.511 E1890.29919
G1 X133.159 Y166.679 E1890.31175
G1 X133.561 Y167.009 E1890.32982
G1 X133.872 Y167.425 E1890.34788
G1 X134.098 Y167.986 E1890.3689
G1 X134.156 Y168.581 E1890.38968
G1 X134.098 Y169.011 E1890.40476
G1 X133.946 Y169.429 E1890.42022
G1 X133.625 Y169.934 E1890.44101
G1 X133.159 Y170.317 E1890.46198
G1 X132.693 Y170.541 E1890.47995
G0 F15000 X132.799 Y170.968
G1 F10500 X132.37 Y171.072 E1890.49529
G1 X131.816 Y171.088 E1890.51456
G1 X131.161 Y170.958 E1890.53777
G1 X130.631 Y170.704 E1890.55819
G1 X130.148 Y170.317 E1890.57971
G1 X129.97 Y170.117 E1890.58901
G1 X129.646 Y169.595 E1890.61036
G1 F9788.1 X129.485 Y169.265 E1890.62405
G1 F7993.1 X129.352 Y169.064 E1890.63506
G1 F7241.4 X129.315 Y168.634 E1890.65681
G1 F7403.8 X129.315 Y168.368 E1890.66992
G1 F7287.1 X129.345 Y168.007 E1890.68806
G1 F8400 X129.506 Y167.739 E1890.70165
G1 F10312.5 X129.646 Y167.401 E1890.71459
G1 F10500 X129.97 Y166.879 E1890.73595
G1 X130.148 Y166.679 E1890.74525
G1 X130.631 Y166.292 E1890.76676
G1 X131.161 Y166.038 E1890.78719
G1 X131.626 Y165.924 E1890.80383
G1 X132.18 Y165.908 E1890.8231
G1 X132.799 Y166.028 E1890.84501
G1 X133.364 Y166.29 E1890.86666
G1 X133.852 Y166.679 E1890.88835
G1 X134.308 Y167.27 E1890.91429
G1 X134.526 Y167.883 E1890.93691
G1 X134.6 Y168.5 E1890.9585
G1 X134.526 Y169.114 E1890.98
G1 X134.358 Y169.584 E1890.99735
G1 X134.03 Y170.117 E1891.0191
G1 X133.58 Y170.557 E1891.04097
G1 X133.364 Y170.706 E1891.05009
G1 X132.799 Y170.968 E1891.07174
G1 F2400 E1890.57174
G1 F600 Z3.3
G0 F15000 X128.16 Y175.34 Z3.3
G1 F600 Z2.9
G1 F2400 E1891.07174
G1 F10500 X175.84 Y175.34 E1892.72895
G1 X175.84 Y128.66 E1894.3514
G1 X128.16 Y128.66 E1896.0086
G1 X128.16 Y142.333 E1896.48383
G1 F9240 X128.22 Y143 E1896.51028
G1 F8250 X128.22 Y143.957 E1896.55262
G1 F8235.3 X128.22 Y144.914 E1896.59503
G1 X128.221 Y145.871 E1896.63744
G1 X128.221 Y146.828 E1896.67985
G1 F8220.6 X128.221 Y147.785 E1896.72233
G1 X128.221 Y148.742 E1896.76482
G1 F8206 X128.221 Y149.699 E1896.80738
G1 X128.222 Y150.656 E1896.84994
G1 F8191.5 X128.222 Y151.613 E1896.89257
G1 X128.222 Y152.57 E1896.93521
G1 X128.222 Y153.527 E1896.97785
G1 F8177 X128.223 Y154.484 E1897.02056
G1 X128.223 Y155.441 E1897.06327
G1 F8162.5 X128.223 Y156.398 E1897.10606
G1 X128.223 Y157.355 E1897.14884
G1 F8148.1 X128.223 Y158.312 E1897.19171
G1 X128.224 Y159.269 E1897.23457
G1 X128.224 Y160.226 E1897.27743
G1 F8133.8 X128.224 Y161.183 E1897.32037
G1 F9166.7 X128.159 Y161.666 E1897.33977
G1 F10500 X128.16 Y175.34 E1897.81504
G0 F15000 X128.6 Y174.9
G1 F10500 X175.4 Y174.9 E1899.44166
G1 X175.4 Y129.1 E1901.03352
G1 X128.6 Y129.1 E1902.66014
G1 X128.601 Y134.206 E1902.83761
G1 F10312.5 X128.608 Y134.571 E1902.85053
G1 F8400 X128.703 Y134.972 E1902.86844
G1 F7287.1 X128.693 Y135.334 E1902.88657
G1 F7403.8 X128.693 Y135.668 E1902.90303
G1 F7241.4 X128.706 Y136.12 E1902.92582
G1 F7993.1 X128.631 Y136.425 E1902.94016
G1 F9788.1 X128.601 Y136.79 E1902.95382
G1 F10500 X128.6 Y142.354 E1903.14721
G1 X129.076 Y141.984 E1903.16816
G1 X129.5 Y141.9 E1903.18318
G1 X153.61 Y141.905 E1904.02117
G1 X153.942 Y141.992 E1904.0331
G1 X154.246 Y142.19 E1904.04571
G1 X154.46 Y142.461 E1904.05771
G1 X154.596 Y142.9 E1904.07369
G1 X154.601 Y161.157 E1904.70824
G1 X154.46 Y161.538 E1904.72236
G1 X154.174 Y161.871 E1904.73762
G1 X153.86 Y162.04 E1904.75001
G1 X153.532 Y162.1 E1904.7616
G1 X129.5 Y162.1 E1905.59688
G1 X129.076 Y162.016 E1905.6119
G1 X128.599 Y161.643 E1905.63295
G1 X128.601 Y167.206 E1905.8263
G1 F10312.5 X128.608 Y167.571 E1905.83922
G1 F8400 X128.703 Y167.972 E1905.85712
G1 F7287.1 X128.693 Y168.334 E1905.87526
G1 F7403.8 X128.693 Y168.668 E1905.89172
G1 F7241.4 X128.706 Y169.12 E1905.91451
G1 F7993.1 X128.631 Y169.425 E1905.92885
G1 F9788.1 X128.601 Y169.79 E1905.94251
G1 F10500 X128.6 Y174.9 E1906.12011
G1 F2400 E1905.62011
G1 F600 Z3.3
G0 F15000 X129.5 Y161.66 Z3.3
G1 F600 Z2.9
G1 F2400 E1906.12011
G1 F10500 X129.245 Y161.61 E1906.12915
G1 X128.971 Y161.396 E1906.14123
G1 F9166.7 X128.786 Y161.125 E1906.15429
G1 F8133.8 X128.786 Y160.171 E1906.1971
G1 F8148.1 X128.785 Y159.217 E1906.23983
G1 X128.785 Y158.263 E1906.28255
G1 X128.785 Y157.309 E1906.32528
G1 F8162.5 X128.784 Y156.355 E1906.36794
G1 X128.784 Y155.401 E1906.41059
G1 F8177 X128.784 Y154.447 E1906.45317
G1 X128.783 Y153.493 E1906.49575
G1 F8191.5 X128.783 Y152.539 E1906.53825
G1 X128.783 Y151.585 E1906.58075
G1 X128.783 Y150.631 E1906.62325
G1 F8206 X128.782 Y149.677 E1906.66568
G1 X128.782 Y148.723 E1906.70811
G1 F8220.6 X128.782 Y147.769 E1906.75046
G1 X128.781 Y146.815 E1906.79281
G1 F8235.3 X128.781 Y145.861 E1906.83509
G1 X128.781 Y144.907 E1906.87736
G1 X128.78 Y143.953 E1906.91964
G1 F8250 X128.78 Y142.999 E1906.96184
G1 F9240 X128.971 Y142.603 E1906.97921
G1 F10500 X129.246 Y142.39 E1906.9913
G1 X129.5 Y142.34 E1907.00029
G1 X153.566 Y142.343 E1907.83675
G1 X153.766 Y142.395 E1907.84394
G1 X153.948 Y142.514 E1907.85149
G1 X154.113 Y142.753 E1907.86159
G1 X154.158 Y142.94 E1907.86827
G1 X154.158 Y161.06 E1908.49807
G1 X154.113 Y161.247 E1908.50475
G1 X153.948 Y161.486 E1908.51485
G1 X153.766 Y161.605 E1908.5224
G1 X153.566 Y161.657 E1908.52959
G1 X129.5 Y161.66 E1909.36604
G1 F2400 E1908.86604
G1 F600 Z3.3
G0 F15000 X131.816 Y137.648 Z3.3
G1 F600 Z2.9
G1 F2400 E1909.36604
G1 F10500 X131.282 Y137.535 E1909.38502
G1 X130.838 Y137.315 E1909.40224
G1 X130.375 Y136.934 E1909.42308
G1 X130.056 Y136.435 E1909.44366
G1 X129.889 Y135.97 E1909.46084
G1 X129.843 Y135.574 E1909.47469
G1 X129.89 Y134.981 E1909.49537
G1 X130.128 Y134.425 E1909.51639
G1 X130.439 Y134.009 E1909.53444
G1 X130.838 Y133.681 E1909.55239
G1 X131.282 Y133.461 E1909.56962
G1 X131.702 Y133.357 E1909.58465
G1 X132.341 Y133.367 E1909.60687
G1 X132.839 Y133.511 E1909.62489
G1 X133.159 Y133.679 E1909.63745
G1 X133.561 Y134.009 E1909.65552
G1 X133.872 Y134.425 E1909.67358
G1 X134.098 Y134.986 E1909.6946
G1 X134.156 Y135.581 E1909.71538
G1 X134.098 Y136.011 E1909.73046
G1 X133.946 Y136.429 E1909.74592
G1 X133.625 Y136.934 E1909.76671
G1 X133.159 Y137.317 E1909.78768
G1 X132.693 Y137.541 E1909.80565
G1 X132.294 Y137.639 E1909.81993
G1 X131.816 Y137.648 E1909.83655
G0 F15000 X131.816 Y138.088
G1 F10500 X131.161 Y137.958 E1909.85976
G1 X130.631 Y137.704 E1909.88018
G1 X130.148 Y137.317 E1909.9017
G1 X129.97 Y137.117 E1909.911
G1 X129.646 Y136.595 E1909.93236
G1 F9788.1 X129.485 Y136.265 E1909.94605
G1 F7993.1 X129.352 Y136.064 E1909.95705
G1 F7241.4 X129.315 Y135.634 E1909.9788
G1 F7403.8 X129.315 Y135.368 E1909.99191
G1 F7287.1 X129.345 Y135.007 E1910.01005
G1 F8400 X129.506 Y134.739 E1910.02364
G1 F10312.5 X129.646 Y134.401 E1910.03658
G1 F10500 X129.97 Y133.879 E1910.05794
G1 X130.148 Y133.679 E1910.06724
G1 X130.631 Y133.292 E1910.08876
G1 X131.161 Y133.038 E1910.10918
G1 X131.626 Y132.924 E1910.12582
G1 X132.18 Y132.908 E1910.14509
G1 X132.799 Y133.028 E1910.167
G1 X133.364 Y133.29 E1910.18865
G1 X133.852 Y133.679 E1910.21034
G1 X134.308 Y134.27 E1910.23628
G1 X134.526 Y134.883 E1910.2589
G1 X134.6 Y135.5 E1910.2805
G1 X134.526 Y136.114 E1910.30199
G1 X134.358 Y136.584 E1910.31934
G1 X134.03 Y137.117 E1910.34109
G1 X133.58 Y137.557 E1910.36297
G1 X133.364 Y137.706 E1910.37209
G1 X132.799 Y137.968 E1910.39373
G1 X132.37 Y138.072 E1910.40907
G1 X131.816 Y138.088 E1910.42834
G1 F2400 E1909.92834
G1 F600 Z3.3
G0 F15000 X157.84 Y135.5 Z3.3
G1 F600 Z2.9
G1 F2400 E1910.42834
G1 F10500 X157.897 Y134.986 E1910.44631
G1 X158.056 Y134.561 E1910.46208
G1 X158.375 Y134.062 E1910.48267
G1 X158.838 Y133.681 E1910.50351
G1 X159.304 Y133.455 E1910.52151
G1 X159.702 Y133.357 E1910.53576
G1 X160.341 Y133.367 E1910.55797
G1 X160.839 Y133.511 E1910.57599
G1 X161.159 Y133.679 E1910.58855
G1 X161.561 Y134.009 E1910.60663
G1 X161.928 Y134.523 E1910.62858
G1 X162.105 Y135.015 E1910.64675
G1 X162.16 Y135.488 E1910.6633
G1 X162.082 Y136.066 E1910.68357
G1 X161.917 Y136.496 E1910.69958
G1 X161.624 Y136.924 E1910.71761
G1 X161.198 Y137.295 E1910.73724
G1 X160.759 Y137.521 E1910.7544
G1 X160.267 Y137.643 E1910.77202
G1 X159.783 Y137.648 E1910.78885
G1 X159.231 Y137.518 E1910.80856
G1 X158.773 Y137.276 E1910.82656
G1 X158.381 Y136.929 E1910.84476
G1 X158.086 Y136.501 E1910.86282
G1 X157.896 Y136.002 E1910.88138
G1 X157.84 Y135.5 E1910.89894
G0 F15000 X157.4 Y135.5
G1 F10500 X157.469 Y134.884 E1910.92048
G1 X157.646 Y134.401 E1910.93836
G1 X157.97 Y133.879 E1910.95972
G1 X158.148 Y133.679 E1910.96902
G1 X158.631 Y133.292 E1910.99053
G1 X159.197 Y133.028 E1911.01224
G1 X159.626 Y132.924 E1911.02758
G1 X160.18 Y132.908 E1911.04685
G1 X160.799 Y133.028 E1911.06876
G1 X161.364 Y133.29 E1911.09041
G1 X161.852 Y133.679 E1911.1121
G1 X162.295 Y134.274 E1911.13788
G1 X162.529 Y134.858 E1911.15975
G1 X162.606 Y135.532 E1911.18333
G1 X162.522 Y136.149 E1911.20497
G1 X162.309 Y136.696 E1911.22537
G1 X161.962 Y137.218 E1911.24716
G1 X161.452 Y137.664 E1911.27071
G1 X160.869 Y137.948 E1911.29324
G1 X160.324 Y138.079 E1911.31273
G1 X159.701 Y138.088 E1911.33438
G1 X159.076 Y137.93 E1911.35679
G1 X158.485 Y137.611 E1911.38013
G1 X158.051 Y137.22 E1911.40043
G1 X157.696 Y136.705 E1911.42218
G1 X157.471 Y136.146 E1911.44312
G1 X157.4 Y135.5 E1911.46571
G1 F2400 E1910.96571
G1 F600 Z3.3
G0 F15000 X166.852 Y137.241 Z3.3
G1 F600 Z2.9
G1 F2400 E1911.46571
G1 F10500 X166.975 Y136.738 E1911.48371
G1 X167.215 Y136.28 E1911.50168
G1 X167.555 Y135.891 E1911.51963
G1 X168.061 Y135.556 E1911.54073
G1 X168.526 Y135.389 E1911.5579
G1 X169 Y135.34 E1911.57446
G1 X169.595 Y135.424 E1911.59535
G1 X170.05 Y135.614 E1911.61248
G1 X170.487 Y135.939 E1911.63141
G1 X170.815 Y136.338 E1911.64937
G1 X171.041 Y136.803 E1911.66734
G1 X171.148 Y137.316 E1911.68555
G1 X171.139 Y137.794 E1911.70217
G1 X171.041 Y138.193 E1911.71645
G1 X170.817 Y138.659 E1911.73442
G1 X170.487 Y139.061 E1911.75249
G1 X170.071 Y139.372 E1911.77055
G1 X169.511 Y139.598 E1911.79154
G1 X168.919 Y139.656 E1911.81221
G1 X168.431 Y139.583 E1911.82936
G1 X167.972 Y139.402 E1911.84651
G1 X167.529 Y139.083 E1911.86548
G1 X167.204 Y138.703 E1911.88286
G1 X166.968 Y138.237 E1911.90102
G1 X166.849 Y137.725 E1911.91929
G1 X166.852 Y137.241 E1911.93611
G0 F15000 X166.415 Y137.191
G1 F10500 X166.562 Y136.588 E1911.95768
G1 X166.843 Y136.029 E1911.97943
G1 X167.317 Y135.516 E1912.0037
G1 X167.901 Y135.146 E1912.02773
G1 X168.45 Y134.956 E1912.04792
G1 X169 Y134.9 E1912.06714
G1 X169.479 Y134.946 E1912.08387
G1 X169.755 Y135.014 E1912.09374
G1 X170.286 Y135.243 E1912.11384
G1 X170.817 Y135.648 E1912.13706
G1 X171.204 Y136.131 E1912.15857
G1 X171.468 Y136.697 E1912.18027
G1 X171.588 Y137.316 E1912.20219
G1 X171.573 Y137.87 E1912.22145
G1 X171.468 Y138.299 E1912.2368
G1 X171.207 Y138.864 E1912.25843
G1 X170.817 Y139.352 E1912.28015
G1 X170.321 Y139.734 E1912.30191
G1 X169.614 Y140.026 E1912.32849
G1 X168.992 Y140.1 E1912.35026
G1 X168.362 Y140.029 E1912.3723
G1 X167.754 Y139.784 E1912.39508
G1 X167.296 Y139.467 E1912.41444
G1 X166.863 Y138.996 E1912.43668
G1 X166.574 Y138.441 E1912.45843
G1 X166.409 Y137.831 E1912.48039
G1 X166.415 Y137.191 E1912.50264
G1 F2400 E1912.00264
G1 F600 Z3.3
G0 F15000 X168.996 Y163.34 Z3.3
G1 F600 Z2.9
G1 F2400 E1912.50264
G1 F10500 X169.51 Y163.397 E1912.52061
G1 X169.935 Y163.556 E1912.53638
G1 X170.434 Y163.875 E1912.55697
G1 X170.815 Y164.338 E1912.57781
G1 X171.041 Y164.803 E1912.59578
G1 X171.148 Y165.316 E1912.61399
G1 X171.139 Y165.794 E1912.63061
G1 X171.041 Y166.193 E1912.64489
G1 X170.817 Y166.659 E1912.66286
G1 X170.487 Y167.061 E1912.68094
G1 X169.971 Y167.429 E1912.70296
G1 X169.471 Y167.607 E1912.72141
G1 X169 Y167.66 E1912.73789
G1 X168.407 Y167.574 E1912.75871
G1 X167.971 Y167.401 E1912.77501
G1 X167.583 Y167.133 E1912.7914
G1 X167.232 Y166.743 E1912.80964
G1 X166.986 Y166.285 E1912.82771
G1 X166.855 Y165.779 E1912.84588
G1 X166.859 Y165.192 E1912.86628
G1 X166.996 Y164.688 E1912.88443
G1 X167.216 Y164.279 E1912.90058
G1 X167.548 Y163.898 E1912.91814
G1 X167.97 Y163.599 E1912.93612
G1 X168.517 Y163.391 E1912.95646
G1 X168.996 Y163.34 E1912.9732
G0 F15000 X168.993 Y162.9
G1 F10500 X169.612 Y162.969 E1912.99485
G1 X170.095 Y163.146 E1913.01273
G1 X170.617 Y163.47 E1913.03408
G1 X170.817 Y163.648 E1913.04338
G1 X171.204 Y164.131 E1913.0649
G1 X171.468 Y164.697 E1913.0866
G1 X171.588 Y165.316 E1913.10852
G1 X171.573 Y165.87 E1913.12778
G1 X171.468 Y166.299 E1913.14313
G1 X171.207 Y166.864 E1913.16476
G1 X170.817 Y167.352 E1913.18648
G1 X170.617 Y167.53 E1913.19578
G1 X170.154 Y167.829 E1913.21494
G1 X169.547 Y168.04 E1913.23727
G1 X169 Y168.1 E1913.2564
G1 X168.252 Y167.986 E1913.2827
G1 X167.719 Y167.763 E1913.30278
G1 X167.263 Y167.445 E1913.3221
G1 X166.845 Y166.968 E1913.34415
G1 X166.558 Y166.412 E1913.36589
G1 X166.42 Y165.844 E1913.38621
G1 X166.405 Y165.195 E1913.40877
G1 X166.56 Y164.592 E1913.43041
G1 X166.843 Y164.029 E1913.45231
G1 X167.271 Y163.548 E1913.47469
G1 X167.786 Y163.194 E1913.49641
G1 X168.367 Y162.966 E1913.51811
G1 X168.993 Y162.9 E1913.53998
G1 F2400 E1913.03998
G1 F600 Z3.3
G0 F15000 X161.904 Y167.477 Z3.3
G1 F600 Z2.9
G1 F2400 E1913.53998
G1 F10500 X162.097 Y167.98 E1913.55871
G1 X162.16 Y168.482 E1913.57629
G1 X162.1 Y169.002 E1913.59449
G1 X161.937 Y169.451 E1913.61109
G1 X161.561 Y169.987 E1913.63385
G1 X161.159 Y170.317 E1913.65192
G1 X160.693 Y170.541 E1913.66989
G1 X160.294 Y170.639 E1913.68417
G1 X159.816 Y170.648 E1913.70079
G1 X159.303 Y170.541 E1913.71901
G1 X158.838 Y170.315 E1913.73697
G1 X158.375 Y169.934 E1913.75782
G1 X158.056 Y169.435 E1913.7784
G1 X157.898 Y169.01 E1913.79416
G1 X157.84 Y168.5 E1913.812
G1 X157.896 Y167.995 E1913.82966
G1 X158.086 Y167.494 E1913.84828
G1 X158.412 Y167.033 E1913.86791
G1 X158.773 Y166.72 E1913.88451
G1 X159.303 Y166.455 E1913.90511
G1 X159.783 Y166.348 E1913.9222
G1 X160.249 Y166.351 E1913.9384
G1 X160.744 Y166.47 E1913.95609
G1 X161.208 Y166.708 E1913.97422
G1 X161.604 Y167.05 E1913.99241
G1 X161.904 Y167.477 E1914.01054
G0 F15000 X162.32 Y167.308
G1 F10500 X162.533 Y167.891 E1914.03212
G1 X162.6 Y168.47 E1914.05237
G1 X162.537 Y169.105 E1914.07455
G1 X162.343 Y169.621 E1914.09371
G1 X162.03 Y170.117 E1914.1141
G1 X161.58 Y170.557 E1914.13597
G1 X161.364 Y170.706 E1914.14509
G1 X160.799 Y170.968 E1914.16674
G1 X160.37 Y171.072 E1914.18208
G1 X159.816 Y171.088 E1914.20135
G1 X159.549 Y171.056 E1914.21069
G1 X158.947 Y170.872 E1914.23257
G1 X158.42 Y170.557 E1914.25391
G1 X157.97 Y170.117 E1914.27579
G1 X157.646 Y169.595 E1914.29714
G1 X157.47 Y169.112 E1914.31501
G1 X157.4 Y168.5 E1914.33642
G1 X157.471 Y167.85 E1914.35914
G1 X157.696 Y167.291 E1914.38009
G1 X158.051 Y166.775 E1914.40186
G1 X158.523 Y166.358 E1914.42375
G1 X159.197 Y166.028 E1914.44983
G1 X159.702 Y165.909 E1914.46786
G1 X160.337 Y165.913 E1914.48993
G1 X160.939 Y166.068 E1914.51154
G1 X161.49 Y166.361 E1914.53323
G1 X161.959 Y166.779 E1914.55507
G1 X162.32 Y167.308 E1914.57733
G1 F2400 E1914.07733
G1 F600 Z3.3
G0 F15000 X166.362 Y133.57 Z3.3
;TYPE:FILL
G1 F600 Z2.9
G1 F2400 E1914.57733
G1 F15000 X166.362 Y133.179 E1914.59092
G1 X164.538 Y131.453 E1914.6782
G1 X163.93 Y131.43 E1914.69934
G1 X163.93 Y131.132 E1914.7097
G1 X164.548 Y131.155 E1914.7312
G1 X166.273 Y129.43 E1914.81599
G1 X166.761 Y129.43 E1914.83295
G1 X170.51 Y133.179 E1915.01722
G1 X170.51 Y133.57 E1915.03081
G1 X170.82 Y133.57 E1915.04159
G1 X170.82 Y133.18 E1915.05514
G1 X174.569 Y129.43 E1915.23945
G1 X175.07 Y129.43 E1915.25686
G1 X175.057 Y129.43 E1915.25731
G1 X175.07 Y129.443 E1915.25795
G1 X175.07 Y133.077 E1915.38426
G1 X174.968 Y133.179 E1915.38927
G1 X174.968 Y133.57 E1915.40286
G1 X174.658 Y133.57 E1915.41363
G1 X174.658 Y133.179 E1915.42722
G1 X170.909 Y129.43 E1915.6115
G1 X170.421 Y129.43 E1915.62846
G1 X166.672 Y133.18 E1915.81276
G1 X166.672 Y133.57 E1915.82632
G1 X166.362 Y133.57 E1915.83709
G1 F2400 E1915.33709
G1 F600 Z3.3
G0 F15000 X162.37 Y142.43 Z3.3
G1 F600 Z2.9
G1 F2400 E1915.83709
G1 F15000 X161.57 Y142.43 E1915.8649
G1 X154.928 Y149.072 E1916.19138
G1 X154.927 Y150.779 E1916.25071
G1 X162.37 Y158.221 E1916.61653
G1 X158.721 Y161.869 E1916.79587
G1 X161.869 Y161.869 E1916.90528
G1 X154.929 Y154.929 E1917.24641
G1 X154.929 Y153.218 E1917.30588
G1 X162.37 Y145.779 E1917.67158
G1 X159.022 Y142.43 E1917.83617
G1 X154.874 Y142.43 E1917.98034
G1 X162.37 Y149.925 E1918.34877
G1 X154.931 Y157.364 E1918.71443
G1 X154.931 Y159.079 E1918.77404
G1 X157.722 Y161.869 E1918.9112
G1 X154.63 Y161.87 E1919.01867
G1 X154.752 Y161.691 E1919.0262
G1 X162.37 Y154.074 E1919.40062
G1 X154.926 Y146.63 E1919.76652
G1 X154.926 Y144.925 E1919.82578
G1 X157.422 Y142.43 E1919.94845
G1 X157.499 Y142.353
G1 F2400 E1919.44845
G1 F600 Z3.3
G0 F15000 X167.753 Y169.43 Z3.3
G1 F600 Z2.9
G1 F2400 E1919.94845
G1 F15000 X164.598 Y172.584 E1920.1035
G1 X163.93 Y172.584 E1920.12672
G1 X163.93 Y172.894 E1920.13749
G1 X164.598 Y172.894 E1920.16071
G1 X166.274 Y174.57 E1920.24309
G1 X166.76 Y174.571 E1920.25998
G1 X171.9 Y169.43 E1920.51266
G1 X173.578 Y169.43 E1920.57098
G1 X174.657 Y170.51 E1920.62404
G1 X175.07 Y170.51 E1920.6384
G1 X175.07 Y170.82 E1920.64917
G1 X174.658 Y170.82 E1920.66349
G1 X170.908 Y174.571 E1920.84784
G1 X170.422 Y174.57 E1920.86473
G1 X165.282 Y169.43 E1921.11738
G1 X168.88 Y169.43 E1921.24244
G1 X168.97 Y168.97 E1921.25873
G1 X169.134 Y169.134 E1921.26679
G1 X169.22 Y169.43 E1921.2775
G1 X169.43 Y169.43 E1921.2848
G1 X174.57 Y174.57 E1921.53745
G1 X175.07 Y174.556 E1921.55484
G1 X175.056 Y174.571 E1921.55555
G1 X174.983 Y174.649
G1 F2400 E1921.05555
G1 F600 Z3.3
G0 F15000 X169.039 Y168.446 Z3.3
;TYPE:SKIN
G1 F600 Z2.9
G1 F2400 E1921.55555
G1 F11379.3 X168.978 Y168.449 E1921.55723
G1 F2400 E1921.05723
G1 F600 Z3.3
G0 F15000 X163.804 Y169.146 Z3.3
G1 F600 Z2.9
G1 F2400 E1921.55723
G1 F9000 X168.643 Y169.144 E1921.72542
G1 X168.715 Y168.782 E1921.73825
G1 F9230.8 X168.766 Y168.583 E1921.74521
G1 F10339.4 X168.978 Y168.449 E1921.7528
G1 X168.671 Y168.454 E1921.76209
G1 F9230.8 X168.465 Y168.444 E1921.76907
G1 F9000 X168.1 Y168.352 E1921.78216
G1 X167.534 Y168.113 E1921.80351
G1 X167.014 Y167.753 E1921.82549
G1 X166.5 Y167.166 E1921.85261
G1 X166.193 Y166.571 E1921.87588
G1 X166.03 Y165.925 E1921.89904
G1 X166.01 Y165.143 E1921.92623
G1 X166.202 Y164.404 E1921.95277
G1 X166.559 Y163.749 E1921.97869
G1 X166.991 Y163.265 E1922.00124
G1 X167.575 Y162.86 E1922.02594
G1 X168.263 Y162.578 E1922.05179
G1 X168.982 Y162.504 E1922.07691
G1 X169.662 Y162.568 E1922.10065
G1 X170.228 Y162.773 E1922.12157
G1 X170.863 Y163.16 E1922.14742
G1 X171.12 Y163.394 E1922.1595
G1 X171.55 Y163.932 E1922.18344
G1 X171.837 Y164.565 E1922.20759
G1 X171.984 Y165.324 E1922.23446
G1 X171.961 Y165.938 E1922.25582
G1 X171.837 Y166.432 E1922.27352
G1 X171.565 Y167.028 E1922.29629
G1 X171.091 Y167.633 E1922.32301
G1 X170.835 Y167.858 E1922.33485
G1 X170.347 Y168.17 E1922.35498
G1 X169.593 Y168.431 E1922.38272
G1 F9295.8 X169.323 Y168.447 E1922.39182
G1 F10421.1 X169.039 Y168.446 E1922.40034
G1 X169.246 Y168.561 E1922.40745
G1 F9295.8 X169.336 Y168.817 E1922.41658
G1 F9000 X169.433 Y169.144 E1922.42844
G1 X175.004 Y169.144 E1922.62207
G1 X175.004 Y133.856 E1923.84857
G1 X169.339 Y133.856 E1924.04546
G1 X169.266 Y134.206 E1924.05789
G1 F9406.2 X169.188 Y134.461 E1924.06676
G1 F10673.9 X169.004 Y134.572 E1924.07306
G1 X169.256 Y134.552 E1924.08046
G1 F9406.2 X169.521 Y134.552 E1924.08928
G1 F9000 X169.905 Y134.646 E1924.10302
G1 X170.515 Y134.921 E1924.12627
G1 X171.12 Y135.394 E1924.15297
G1 X171.55 Y135.932 E1924.1769
G1 X171.837 Y136.565 E1924.20106
G1 X171.984 Y137.324 E1924.22793
G1 X171.961 Y137.938 E1924.24929
G1 X171.837 Y138.431 E1924.26696
G1 X171.554 Y139.056 E1924.2908
G1 X171.121 Y139.601 E1924.315
G1 X170.831 Y139.86 E1924.32851
G1 X170.215 Y140.232 E1924.35352
G1 X169.735 Y140.404 E1924.37124
G1 X169.036 Y140.5 E1924.39577
G1 X168.269 Y140.415 E1924.42259
G1 X167.567 Y140.145 E1924.44873
G1 X166.968 Y139.708 E1924.4745
G1 X166.534 Y139.224 E1924.4971
G1 X166.176 Y138.526 E1924.52436
G1 X166.025 Y137.899 E1924.54678
G1 X166.013 Y137.141 E1924.57313
G1 X166.18 Y136.44 E1924.59817
G1 X166.532 Y135.793 E1924.62377
G1 X166.983 Y135.262 E1924.64799
G1 X167.606 Y134.825 E1924.67444
G1 X168.402 Y134.56 E1924.7036
G1 F9428.6 X168.683 Y134.561 E1924.71292
G1 F10702.7 X168.928 Y134.577 E1924.72009
G1 X168.737 Y134.482 E1924.72633
G1 F9428.6 X168.626 Y134.223 E1924.73568
G1 F9000 X168.51 Y133.856 E1924.74906
G1 X163.815 Y133.856 E1924.91224
G1 X163.65 Y133.728 E1924.9195
G1 X163.644 Y129.496 E1925.06659
G1 X128.996 Y129.496 E1926.27084
G1 X128.996 Y134.499 E1926.44473
G1 X129.066 Y134.649 E1926.45049
G1 X129.142 Y134.559 E1926.45458
G1 X129.446 Y133.936 E1926.47867
G1 X129.894 Y133.372 E1926.50371
G1 X130.454 Y132.932 E1926.52846
G1 X131.018 Y132.668 E1926.55011
G1 X131.554 Y132.531 E1926.56933
G1 X132.202 Y132.513 E1926.59186
G1 X132.554 Y132.557 E1926.60419
G1 X133.241 Y132.778 E1926.62928
G1 X133.813 Y133.118 E1926.65241
G1 X134.35 Y133.641 E1926.67846
G1 X134.732 Y134.278 E1926.70428
G1 X134.915 Y134.806 E1926.7237
G1 X134.983 Y135.314 E1926.74151
G1 X134.982 Y135.686 E1926.75444
G1 X134.915 Y136.186 E1926.77197
G1 X134.722 Y136.74 E1926.79237
G1 X134.551 Y137.055 E1926.80482
G1 X134.126 Y137.605 E1926.82898
G1 X133.528 Y138.065 E1926.8552
G1 X132.932 Y138.337 E1926.87797
G1 X132.439 Y138.461 E1926.89564
G1 X131.816 Y138.484 E1926.91731
G1 X131.055 Y138.34 E1926.94423
G1 X130.41 Y138.033 E1926.96906
G1 X129.894 Y137.62 E1926.99203
G1 X129.423 Y137.028 E1927.01832
G1 X129.08 Y136.417 E1927.04268
G1 X128.995 Y136.795 E1927.05614
G1 X128.997 Y141.599 E1927.22312
G1 X129.457 Y141.507 E1927.23942
G1 X153.659 Y141.511 E1928.08061
G1 X154.117 Y141.638 E1928.09713
G1 X154.537 Y141.923 E1928.11477
G1 X154.711 Y142.144 E1928.12454
G1 X162.468 Y142.146 E1928.39415
G1 X162.585 Y142.201 E1928.39865
G1 X162.654 Y142.303 E1928.40293
G1 X162.657 Y161.972 E1929.08656
G1 X162.595 Y162.09 E1929.09119
G1 X162.458 Y162.155 E1929.09646
G1 X154.422 Y162.156 E1929.37577
G1 X154.237 Y162.302 E1929.38396
G1 X153.954 Y162.421 E1929.39463
G1 X153.536 Y162.497 E1929.4094
G1 X129.456 Y162.492 E1930.24634
G1 X128.996 Y162.398 E1930.26266
G1 X128.996 Y167.499 E1930.43995
G1 X129.066 Y167.649 E1930.44571
G1 X129.142 Y167.559 E1930.4498
G1 X129.446 Y166.936 E1930.47389
G1 X129.894 Y166.372 E1930.49893
G1 X130.454 Y165.932 E1930.52368
G1 X131.018 Y165.668 E1930.54533
G1 X131.554 Y165.531 E1930.56456
G1 X132.202 Y165.513 E1930.58709
G1 X132.554 Y165.557 E1930.59942
G1 X133.241 Y165.778 E1930.6245
G1 X133.813 Y166.118 E1930.64763
G1 X134.351 Y166.642 E1930.67373
G1 X134.732 Y167.281 E1930.69959
G1 X134.915 Y167.806 E1930.71891
G1 X134.983 Y168.314 E1930.73673
G1 X134.983 Y168.686 E1930.74966
G1 X134.915 Y169.19 E1930.76733
G1 X134.736 Y169.71 E1930.78645
G1 X134.551 Y170.055 E1930.80005
G1 X134.126 Y170.605 E1930.82421
G1 X133.528 Y171.065 E1930.85043
G1 X132.932 Y171.337 E1930.8732
G1 X132.438 Y171.461 E1930.89091
G1 X131.816 Y171.484 E1930.91254
G1 X131.055 Y171.34 E1930.93946
G1 X130.41 Y171.033 E1930.96429
G1 X129.894 Y170.62 E1930.98726
G1 X129.423 Y170.028 E1931.01355
G1 X129.08 Y169.417 E1931.03791
G1 X128.995 Y169.795 E1931.05137
G1 X128.997 Y174.503 E1931.21501
G1 X163.644 Y174.504 E1932.41923
G1 X163.644 Y169.922 E1932.57848
G1 F7826.1 X163.579 Y169.364 E1932.60094
G1 F6804.1 X163.576 Y169.29 E1932.60434
G1 F7659.6 X163.804 Y169.146 E1932.61536
G1 F2400 E1932.11536
G1 F600 Z3.3
G0 F15000 X160.893 Y171.35 Z3.3
G1 F600 Z2.9
G1 F2400 E1932.61536
G1 F9000 X160.438 Y171.461 E1932.63163
G1 X159.788 Y171.483 E1932.65424
G1 X159.435 Y171.435 E1932.66662
G1 X158.773 Y171.231 E1932.6907
G1 X158.141 Y170.837 E1932.71658
G1 X157.636 Y170.328 E1932.7415
G1 X157.268 Y169.723 E1932.76612
G1 X157.081 Y169.185 E1932.78591
G1 X157.001 Y168.577 E1932.80723
G1 X157.073 Y167.785 E1932.83487
G1 X157.347 Y167.097 E1932.86061
G1 X157.737 Y166.513 E1932.88502
G1 X158.28 Y166.045 E1932.90993
G1 X158.917 Y165.684 E1932.93538
G1 X159.646 Y165.515 E1932.96139
G1 X160.415 Y165.526 E1932.98812
G1 X161.108 Y165.709 E1933.01303
G1 X161.72 Y166.036 E1933.03715
G1 X162.252 Y166.512 E1933.06196
G1 X162.646 Y167.092 E1933.08633
G1 X162.924 Y167.805 E1933.11293
G1 X162.999 Y168.549 E1933.13892
G1 F7659.6 X162.995 Y169.178 E1933.16461
G1 F6804.1 X162.962 Y169.256 E1933.1685
G1 F7826.1 X162.711 Y169.759 E1933.19097
G1 F9000 X162.359 Y170.33 E1933.21429
G1 X161.852 Y170.844 E1933.23938
G1 X161.535 Y171.065 E1933.25281
G1 X160.893 Y171.35 E1933.27722
G1 F2400 E1932.77722
G1 F600 Z3.3
G0 F15000 X161.062 Y138.313 Z3.3
G1 F600 Z2.9
G1 F2400 E1933.27722
G1 F9000 X160.386 Y138.469 E1933.30134
G1 X159.637 Y138.479 E1933.32737
G1 X158.916 Y138.308 E1933.35313
G1 X158.281 Y137.952 E1933.37843
G1 X157.779 Y137.522 E1933.4014
G1 X157.377 Y136.956 E1933.42553
G1 X157.084 Y136.256 E1933.45191
G1 X157 Y135.527 E1933.47741
G1 X157.064 Y134.859 E1933.50074
G1 X157.273 Y134.264 E1933.52266
G1 X157.66 Y133.629 E1933.5485
G1 X157.895 Y133.371 E1933.56063
G1 X158.455 Y132.936 E1933.58528
G1 X159.103 Y132.642 E1933.61001
G1 X159.554 Y132.531 E1933.62615
G1 X160.202 Y132.513 E1933.64868
G1 X160.554 Y132.557 E1933.66101
G1 X161.22 Y132.767 E1933.68529
G1 X161.835 Y133.131 E1933.71012
G1 X162.36 Y133.658 E1933.73598
G1 X162.692 Y134.17 E1933.75719
G1 X162.927 Y134.852 E1933.78226
G1 X162.992 Y135.489 E1933.80452
G1 X162.923 Y136.195 E1933.82917
G1 X162.67 Y136.856 E1933.85377
G1 X162.264 Y137.479 E1933.87962
G1 X161.732 Y137.944 E1933.90417
G1 X161.062 Y138.313 E1933.93076
G1 F2400 E1933.43076
G1 F600 Z3.3
G0 F15000 X168.928 Y134.577 Z3.3
G1 F600 Z2.9
G1 F2400 E1933.93076
G1 F11647.1 X169.004 Y134.572 E1933.93281
G1 F2400 E1933.43281
G1 F600 Z3.3
G0 F15000 X174.561 Y168.924 Z3.3
G1 F600 Z2.9
G1 F2400 E1933.93281
G1 F9000 X174.784 Y168.7 E1933.94379
G0 F15000 X174.784 Y168.078
G1 F9000 X173.938 Y168.924 E1933.98538
G0 F15000 X173.316 Y168.924
G1 F9000 X174.784 Y167.456 E1934.05753
G0 F15000 X174.784 Y166.833
G1 F9000 X172.694 Y168.924 E1934.16029
G0 F15000 X172.072 Y168.924
G1 F9000 X174.784 Y166.211 E1934.29362
G0 F15000 X174.784 Y165.589
G1 F9000 X171.449 Y168.924 E1934.45754
G0 F15000 X170.827 Y168.924
G1 F9000 X174.784 Y164.967 E1934.65205
G0 F15000 X174.784 Y164.344
G1 F9000 X170.205 Y168.924 E1934.87714
G0 F15000 X169.965 Y168.541
G1 F9000 X169.594 Y168.912 E1934.89538
G1 F2400 E1934.39538
G1 F600 Z3.3
G0 F15000 X168.493 Y168.769 Z3.3
G1 F600 Z2.9
G1 F2400 E1934.89538
G1 F9000 X168.337 Y168.925 E1934.90305
G0 F15000 X168.067 Y168.572
G1 F9000 X167.714 Y168.925 E1934.9204
G0 F15000 X167.625 Y168.393
G1 F9000 X167.091 Y168.926 E1934.94662
G0 F15000 X166.468 Y168.926
G1 F9000 X167.227 Y168.168 E1934.98391
G0 F15000 X166.86 Y167.913
G1 F9000 X165.846 Y168.926 E1935.03372
G0 F15000 X165.223 Y168.927
G1 F9000 X166.565 Y167.585 E1935.09969
G0 F15000 X166.29 Y167.238
G1 F9000 X164.6 Y168.928 E1935.18276
G0 F15000 X163.978 Y168.928
G1 F9000 X166.078 Y166.828 E1935.28598
G0 F15000 X165.912 Y166.372
G1 F9000 X163.267 Y169.016 E1935.41597
G0 F15000 X163.337 Y169.568
G1 F9000 X162.69 Y170.215 E1935.44777
G0 F15000 X163.424 Y170.104
G1 F9000 X159.244 Y174.284 E1935.65323
G0 F15000 X159.866 Y174.284
G1 F9000 X163.424 Y170.727 E1935.82809
G0 F15000 X163.424 Y171.349
G1 F9000 X160.488 Y174.284 E1935.97238
G0 F15000 X161.111 Y174.284
G1 F9000 X163.424 Y171.971 E1936.08608
G0 F15000 X163.424 Y172.593
G1 F9000 X161.733 Y174.284 E1936.1692
G0 F15000 X162.355 Y174.284
G1 F9000 X163.424 Y173.216 E1936.22172
G0 F15000 X163.424 Y173.838
G1 F9000 X162.978 Y174.284 E1936.24364
G1 F2400 E1935.74364
G1 F600 Z3.3
G0 F15000 X161.676 Y171.23 Z3.3
G1 F600 Z2.9
G1 F2400 E1936.24364
G1 F9000 X158.622 Y174.284 E1936.39375
G0 F15000 X157.999 Y174.284
G1 F9000 X160.648 Y171.635 E1936.52396
G0 F15000 X159.964 Y171.698
G1 F9000 X157.377 Y174.284 E1936.6511
G0 F15000 X156.755 Y174.284
G1 F9000 X159.394 Y171.645 E1936.78081
G0 F15000 X158.914 Y171.502
G1 F9000 X156.133 Y174.284 E1936.91753
G0 F15000 X155.51 Y174.284
G1 F9000 X158.483 Y171.311 E1937.06367
G0 F15000 X158.098 Y171.075
G1 F9000 X154.888 Y174.284 E1937.22143
G0 F15000 X154.266 Y174.284
G1 F9000 X157.771 Y170.779 E1937.39371
G0 F15000 X157.461 Y170.466
G1 F9000 X153.644 Y174.284 E1937.58135
G0 F15000 X153.021 Y174.284
G1 F9000 X157.224 Y170.082 E1937.78792
G0 F15000 X157.014 Y169.669
G1 F9000 X152.399 Y174.284 E1938.01477
G0 F15000 X151.777 Y174.284
G1 F9000 X156.861 Y169.2 E1938.26466
G0 F15000 X156.788 Y168.651
G1 F9000 X151.155 Y174.284 E1938.54155
G0 F15000 X150.532 Y174.284
G1 F9000 X156.833 Y167.983 E1938.85126
G1 X156.91 Y167.906
G0 F15000 X157.121 Y167.074
G1 F9000 X149.91 Y174.284 E1939.20568
G0 F15000 X149.288 Y174.284
G1 F9000 X161.198 Y162.374 E1939.7911
G0 F15000 X160.576 Y162.374
G1 F9000 X148.666 Y174.284 E1940.37652
G0 F15000 X148.043 Y174.284
G1 F9000 X159.954 Y162.374 E1940.96197
G0 F15000 X159.331 Y162.374
G1 F9000 X147.421 Y174.284 E1941.54739
G0 F15000 X146.799 Y174.284
G1 F9000 X158.709 Y162.374 E1942.13281
G0 F15000 X158.086 Y162.374
G1 F9000 X146.177 Y174.283 E1942.71818
G0 F15000 X145.555 Y174.283
G1 F9000 X157.464 Y162.374 E1943.30355
G0 F15000 X156.841 Y162.375
G1 F9000 X144.933 Y174.283 E1943.88887
G0 F15000 X144.311 Y174.283
G1 F9000 X156.219 Y162.375 E1944.47419
G0 F15000 X155.597 Y162.375
G1 F9000 X143.688 Y174.283 E1945.05953
G0 F15000 X143.066 Y174.283
G1 F9000 X154.974 Y162.375 E1945.64485
G0 F15000 X154.15 Y162.577
G1 F9000 X142.444 Y174.283 E1946.22025
G0 F15000 X141.822 Y174.283
G1 F9000 X153.388 Y162.717 E1946.78876
G0 F15000 X152.766 Y162.717
G1 F9000 X141.199 Y174.283 E1947.35729
G0 F15000 X140.577 Y174.283
G1 F9000 X152.144 Y162.717 E1947.92583
G0 F15000 X151.522 Y162.717
G1 F9000 X139.955 Y174.283 E1948.49436
G0 F15000 X139.333 Y174.283
G1 F9000 X150.899 Y162.717 E1949.06287
G0 F15000 X150.277 Y162.717
G1 F9000 X138.71 Y174.283 E1949.63141
G0 F15000 X138.088 Y174.283
G1 F9000 X149.655 Y162.717 E1950.19994
G0 F15000 X149.033 Y162.717
G1 F9000 X137.466 Y174.283 E1950.76848
G0 F15000 X136.844 Y174.283
G1 F9000 X148.41 Y162.717 E1951.33699
G0 F15000 X147.788 Y162.717
G1 F9000 X136.221 Y174.283 E1951.90552
G0 F15000 X135.599 Y174.283
G1 F9000 X147.166 Y162.717 E1952.47406
G0 F15000 X146.544 Y162.717
G1 F9000 X134.977 Y174.283 E1953.04259
G0 F15000 X134.355 Y174.283
G1 F9000 X145.921 Y162.717 E1953.6111
G0 F15000 X145.299 Y162.717
G1 F9000 X133.732 Y174.283 E1954.17964
G0 F15000 X133.11 Y174.283
G1 F9000 X144.677 Y162.717 E1954.74817
G0 F15000 X144.055 Y162.717
G1 F9000 X132.488 Y174.283 E1955.31671
G0 F15000 X131.866 Y174.283
G1 F9000 X143.432 Y162.717 E1955.88522
G0 F15000 X142.81 Y162.717
G1 F9000 X131.243 Y174.283 E1956.45375
G0 F15000 X130.621 Y174.283
G1 F9000 X133.657 Y171.247 E1956.60298
G1 X133.734 Y171.17
G1 F2400 E1956.10298
G1 F600 Z3.3
G0 F15000 X132.646 Y171.636 Z3.3
G1 F600 Z2.9
G1 F2400 E1956.60298
G1 F9000 X129.999 Y174.283 E1956.73309
G0 F15000 X129.376 Y174.283
G1 F9000 X131.962 Y171.698 E1956.86018
G0 F15000 X131.407 Y171.631
G1 F9000 X129.217 Y173.82 E1956.9678
G0 F15000 X129.217 Y173.198
G1 F9000 X130.906 Y171.509 E1957.05082
G0 F15000 X130.48 Y171.313
G1 F9000 X129.217 Y172.576 E1957.1129
G0 F15000 X129.217 Y171.954
G1 F9000 X130.103 Y171.068 E1957.15645
G0 F15000 X129.757 Y170.792
G1 F9000 X129.217 Y171.331 E1957.18297
G0 F15000 X129.217 Y170.709
G1 F9000 X129.478 Y170.449 E1957.19578
G1 F2400 E1956.69578
G1 F600 Z3.3
G0 F15000 X129.22 Y166.351 Z3.3
G1 F600 Z2.9
G1 F2400 E1957.19578
G1 F9000 X132.855 Y162.716 E1957.37445
G0 F15000 X133.477 Y162.716
G1 F9000 X130.543 Y165.65 E1957.51867
G1 X130.466 Y165.727
G1 F2400 E1957.01867
G1 F600 Z3.3
G0 F15000 X131.495 Y165.32 Z3.3
G1 F600 Z2.9
G1 F2400 E1957.51867
G1 F9000 X134.099 Y162.716 E1957.64666
G0 F15000 X134.722 Y162.716
G1 F9000 X132.141 Y165.297 E1957.77353
G0 F15000 X132.691 Y165.369
G1 F9000 X135.344 Y162.716 E1957.90393
G0 F15000 X135.966 Y162.716
G1 F9000 X133.164 Y165.518 E1958.04166
G0 F15000 X133.58 Y165.724
G1 F9000 X136.588 Y162.716 E1958.18952
G0 F15000 X137.211 Y162.716
G1 F9000 X133.971 Y165.956 E1958.34877
G0 F15000 X134.282 Y166.266
G1 F9000 X137.833 Y162.716 E1958.52329
G0 F15000 X138.455 Y162.716
G1 F9000 X134.578 Y166.593 E1958.71386
G0 F15000 X134.813 Y166.98
G1 F9000 X139.077 Y162.716 E1958.92345
G0 F15000 X139.7 Y162.716
G1 F9000 X135.01 Y167.405 E1959.15396
G0 F15000 X135.149 Y167.889
G1 F9000 X140.322 Y162.716 E1959.40823
G0 F15000 X140.944 Y162.716
G1 F9000 X135.201 Y168.459 E1959.69052
G0 F15000 X135.144 Y169.139
G1 F9000 X141.566 Y162.717 E1960.00618
G0 F15000 X142.188 Y162.717
G1 F9000 X134.737 Y170.167 E1960.3724
G1 X134.66 Y170.244
G1 F2400 E1959.8724
G1 F600 Z3.3
G0 F15000 X129.219 Y165.73 Z3.3
G1 F600 Z2.9
G1 F2400 E1960.3724
G1 F9000 X132.233 Y162.716 E1960.52055
G0 F15000 X131.61 Y162.716
G1 F9000 X129.218 Y165.108 E1960.63813
G0 F15000 X129.218 Y164.486
G1 F9000 X130.988 Y162.716 E1960.72513
G0 F15000 X130.366 Y162.716
G1 F9000 X129.217 Y163.864 E1960.78158
G0 F15000 X129.217 Y163.243
G1 F9000 X129.743 Y162.716 E1960.80746
G1 F2400 E1960.30746
G1 F600 Z3.3
G0 F15000 X129.376 Y141.305 Z3.3
G1 F600 Z2.9
G1 F2400 E1960.80746
G1 F9000 X131.984 Y138.697 E1960.93565
G0 F15000 X131.424 Y138.635
G1 F9000 X129.217 Y140.842 E1961.04414
G0 F15000 X129.217 Y140.219
G1 F9000 X130.919 Y138.517 E1961.12779
G0 F15000 X130.494 Y138.319
G1 F9000 X129.217 Y139.597 E1961.19059
G0 F15000 X129.217 Y138.975
G1 F9000 X130.115 Y138.077 E1961.23473
G0 F15000 X129.769 Y137.8
G1 F9000 X129.217 Y138.353 E1961.26189
G0 F15000 X129.217 Y137.73
G1 F9000 X129.487 Y137.46 E1961.27516
G1 F2400 E1960.77516
G1 F600 Z3.3
G0 F15000 X132.673 Y138.63 Z3.3
G1 F600 Z2.9
G1 F2400 E1961.27516
G1 F9000 X130.018 Y141.285 E1961.40566
G0 F15000 X130.64 Y141.285
G1 F9000 X133.739 Y138.186 E1961.55799
G1 X133.816 Y138.109
G1 F2400 E1961.05799
G1 F600 Z3.3
G0 F15000 X134.687 Y137.238 Z3.3
G1 F600 Z2.9
G1 F2400 E1961.55799
G1 F9000 X142.209 Y129.716 E1961.92772
G0 F15000 X142.831 Y129.716
G1 F9000 X131.262 Y141.286 E1962.4964
G0 F15000 X131.884 Y141.286
G1 F9000 X143.454 Y129.716 E1963.06511
G0 F15000 X144.076 Y129.716
G1 F9000 X132.506 Y141.286 E1963.63382
G0 F15000 X133.128 Y141.286
G1 F9000 X144.698 Y129.716 E1964.20252
G0 F15000 X145.32 Y129.716
G1 F9000 X133.75 Y141.286 E1964.77123
G0 F15000 X134.372 Y141.286
G1 F9000 X145.943 Y129.716 E1965.33996
G0 F15000 X146.565 Y129.716
G1 F9000 X134.994 Y141.287 E1965.90872
G0 F15000 X135.616 Y141.287
G1 F9000 X147.187 Y129.716 E1966.47748
G0 F15000 X147.809 Y129.716
G1 F9000 X136.238 Y141.287 E1967.04623
G0 F15000 X136.86 Y141.288
G1 F9000 X148.432 Y129.716 E1967.61504
G0 F15000 X149.054 Y129.716
G1 F9000 X137.482 Y141.288 E1968.18384
G0 F15000 X138.104 Y141.288
G1 F9000 X149.676 Y129.716 E1968.75265
G0 F15000 X150.298 Y129.716
G1 F9000 X138.726 Y141.288 E1969.32145
G0 F15000 X139.348 Y141.288
G1 F9000 X150.921 Y129.716 E1969.89028
G0 F15000 X151.543 Y129.716
G1 F9000 X139.97 Y141.289 E1970.45914
G0 F15000 X140.592 Y141.289
G1 F9000 X152.165 Y129.716 E1971.02799
G0 F15000 X152.787 Y129.716
G1 F9000 X141.214 Y141.289 E1971.59685
G0 F15000 X141.836 Y141.29
G1 F9000 X153.41 Y129.716 E1972.16575
G0 F15000 X154.032 Y129.716
G1 F9000 X142.458 Y141.29 E1972.73465
G0 F15000 X143.08 Y141.29
G1 F9000 X154.654 Y129.716 E1973.30356
G0 F15000 X155.276 Y129.716
G1 F9000 X143.702 Y141.291 E1973.87249
G0 F15000 X144.324 Y141.291
G1 F9000 X155.899 Y129.716 E1974.44144
G0 F15000 X156.521 Y129.716
G1 F9000 X144.946 Y141.291 E1975.01039
G0 F15000 X145.568 Y141.291
G1 F9000 X157.143 Y129.716 E1975.57935
G0 F15000 X157.765 Y129.716
G1 F9000 X146.19 Y141.291 E1976.1483
G0 F15000 X146.812 Y141.292
G1 F9000 X158.388 Y129.716 E1976.7173
G0 F15000 X159.01 Y129.716
G1 F9000 X147.434 Y141.292 E1977.2863
G0 F15000 X148.056 Y141.292
G1 F9000 X159.632 Y129.716 E1977.8553
G0 F15000 X160.254 Y129.716
G1 F9000 X148.678 Y141.293 E1978.42433
G0 F15000 X149.3 Y141.293
G1 F9000 X160.877 Y129.716 E1978.99338
G0 F15000 X161.499 Y129.716
G1 F9000 X158.577 Y132.638 E1979.13701
G1 X158.5 Y132.715
G1 F2400 E1978.63701
G1 F600 Z3.3
G0 F15000 X159.523 Y132.314 Z3.3
G1 F600 Z2.9
G1 F2400 E1979.13701
G1 F9000 X162.121 Y129.716 E1979.26471
G0 F15000 X162.743 Y129.716
G1 F9000 X160.163 Y132.296 E1979.39153
G0 F15000 X160.706 Y132.375
G1 F9000 X163.366 Y129.716 E1979.52225
G0 F15000 X163.424 Y130.28
G1 F9000 X161.179 Y132.525 E1979.6326
G0 F15000 X161.593 Y132.733
G1 F9000 X163.424 Y130.902 E1979.7226
G0 F15000 X163.424 Y131.525
G1 F9000 X161.982 Y132.966 E1979.79345
G0 F15000 X162.294 Y133.277
G1 F9000 X163.424 Y132.147 E1979.849
G0 F15000 X163.424 Y132.769
G1 F9000 X162.589 Y133.604 E1979.89004
G0 F15000 X162.836 Y133.979
G1 F9000 X163.424 Y133.391 E1979.91894
G0 F15000 X163.54 Y133.898
G1 F9000 X163.015 Y134.422 E1979.94473
G0 F15000 X163.154 Y134.905
G1 F9000 X163.984 Y134.076 E1979.9855
G0 F15000 X164.606 Y134.076
G1 F9000 X163.21 Y135.472 E1980.05412
G0 F15000 X163.147 Y136.158
G1 F9000 X165.228 Y134.076 E1980.15643
G0 F15000 X165.85 Y134.076
G1 F9000 X162.675 Y137.252 E1980.31252
G1 X162.598 Y137.329
G1 F2400 E1979.81252
G1 F600 Z3.3
G0 F15000 X161.736 Y138.191 Z3.3
G1 F600 Z2.9
G1 F2400 E1980.31252
G1 F9000 X158 Y141.926 E1980.49613
G0 F15000 X157.379 Y141.926
G1 F9000 X160.677 Y138.627 E1980.65826
G0 F15000 X159.986 Y138.696
G1 F9000 X156.756 Y141.926 E1980.81703
G0 F15000 X156.135 Y141.925
G1 F9000 X159.409 Y138.65 E1980.97798
G0 F15000 X158.906 Y138.531
G1 F9000 X155.513 Y141.925 E1981.14479
G0 F15000 X154.89 Y141.925
G1 F9000 X158.491 Y138.324 E1981.32179
G0 F15000 X158.103 Y138.089
G1 F9000 X154.542 Y141.65 E1981.49682
G0 F15000 X154.147 Y141.423
G1 F9000 X157.768 Y137.802 E1981.67481
G0 F15000 X157.476 Y137.472
G1 F9000 X153.654 Y141.294 E1981.86267
G0 F15000 X153.032 Y141.294
G1 F9000 X157.22 Y137.107 E1982.0685
G0 F15000 X157.022 Y136.682
G1 F9000 X152.41 Y141.294 E1982.2952
G0 F15000 X151.788 Y141.293
G1 F9000 X156.859 Y136.223 E1982.54443
G0 F15000 X156.791 Y135.668
G1 F9000 X151.166 Y141.293 E1982.82092
G0 F15000 X150.544 Y141.293
G1 F9000 X156.828 Y135.009 E1983.1298
G1 X156.905 Y134.932
G0 F15000 X157.103 Y134.112
G1 F9000 X149.922 Y141.293 E1983.48278
G1 X149.845 Y141.37
G1 F2400 E1982.98278
G1 F600 Z3.3
G0 F15000 X158.622 Y141.926 Z3.3
G1 F600 Z2.9
G1 F2400 E1983.48278
G1 F9000 X166.473 Y134.076 E1983.86866
G0 F15000 X167.095 Y134.076
G1 F9000 X159.245 Y141.926 E1984.25451
G0 F15000 X159.866 Y141.927
G1 F9000 X167.717 Y134.076 E1984.64042
G0 F15000 X167.932 Y134.483
G1 F9000 X168.339 Y134.076 E1984.66042
G1 F2400 E1984.16042
G1 F600 Z3.3
G0 F15000 X169.501 Y134.159 Z3.3
G1 F600 Z2.9
G1 F2400 E1984.66042
G1 F9000 X169.584 Y134.076 E1984.6645
G0 F15000 X169.865 Y134.417
G1 F9000 X170.206 Y134.076 E1984.68126
G0 F15000 X170.317 Y134.587
G1 F9000 X170.829 Y134.076 E1984.70641
G0 F15000 X171.451 Y134.076
G1 F9000 X170.723 Y134.804 E1984.74219
G0 F15000 X171.075 Y135.074
G1 F9000 X172.073 Y134.076 E1984.79125
G0 F15000 X172.695 Y134.076
G1 F9000 X171.391 Y135.381 E1984.85537
G0 F15000 X171.667 Y135.726
G1 F9000 X173.318 Y134.076 E1984.93649
G0 F15000 X173.94 Y134.076
G1 F9000 X171.883 Y136.133 E1985.0376
G0 F15000 X172.068 Y136.57
G1 F9000 X174.562 Y134.076 E1985.16019
G0 F15000 X174.784 Y134.476
G1 F9000 X172.169 Y137.091 E1985.28873
G0 F15000 X172.189 Y137.693
G1 F9000 X174.784 Y135.098 E1985.41628
G0 F15000 X174.784 Y135.721
G1 F9000 X172.056 Y138.449 E1985.55037
G1 X171.979 Y138.526
G1 F2400 E1985.05037
G1 F600 Z3.3
G0 F15000 X174.784 Y138.21 Z3.3
G1 F600 Z2.9
G1 F2400 E1985.55037
G1 F9000 X162.873 Y150.121 E1986.13584
G0 F15000 X162.873 Y150.743
G1 F9000 X174.784 Y138.832 E1986.72131
G0 F15000 X174.784 Y139.454
G1 F9000 X162.873 Y151.365 E1987.30678
G0 F15000 X162.873 Y151.988
G1 F9000 X174.784 Y140.076 E1987.89227
G0 F15000 X174.784 Y140.699
G1 F9000 X162.873 Y152.61 E1988.47774
G0 F15000 X162.873 Y153.232
G1 F9000 X174.784 Y141.321 E1989.06321
G0 F15000 X174.784 Y141.943
G1 F9000 X162.873 Y153.854 E1989.64868
G0 F15000 X162.873 Y154.477
G1 F9000 X174.784 Y142.565 E1990.23417
G0 F15000 X174.784 Y143.188
G1 F9000 X162.873 Y155.099 E1990.81964
G0 F15000 X162.873 Y155.721
G1 F9000 X174.784 Y143.81 E1991.40511
G0 F15000 X174.784 Y144.432
G1 F9000 X162.873 Y156.343 E1991.99058
G0 F15000 X162.873 Y156.966
G1 F9000 X174.784 Y145.054 E1992.57607
G0 F15000 X174.784 Y145.677
G1 F9000 X162.873 Y157.588 E1993.16154
G0 F15000 X162.873 Y158.21
G1 F9000 X174.784 Y146.299 E1993.74701
G0 F15000 X174.784 Y146.921
G1 F9000 X162.873 Y158.832 E1994.33247
G0 F15000 X162.873 Y159.455
G1 F9000 X174.784 Y147.543 E1994.91797
G0 F15000 X174.784 Y148.166
G1 F9000 X162.873 Y160.077 E1995.50344
G0 F15000 X162.873 Y160.699
G1 F9000 X174.784 Y148.788 E1996.0889
G0 F15000 X174.784 Y149.41
G1 F9000 X162.873 Y161.321 E1996.67437
G0 F15000 X162.873 Y161.944
G1 F9000 X174.784 Y150.033 E1997.25984
G0 F15000 X174.784 Y150.655
G1 F9000 X160.141 Y165.298 E1997.9796
G0 F15000 X160.691 Y165.37
G1 F9000 X174.784 Y151.277 E1998.67232
G0 F15000 X174.784 Y151.899
G1 F9000 X161.184 Y165.5 E1999.34083
G0 F15000 X161.588 Y165.718
G1 F9000 X174.784 Y152.522 E1999.98946
G0 F15000 X174.784 Y153.144
G1 F9000 X161.966 Y165.962 E2000.61951
G0 F15000 X162.294 Y166.256
G1 F9000 X174.784 Y153.766 E2001.23344
G0 F15000 X174.784 Y154.388
G1 F9000 X162.577 Y166.596 E2001.83349
G0 F15000 X162.832 Y166.963
G1 F9000 X174.784 Y155.011 E2002.42097
G0 F15000 X174.784 Y155.633
G1 F9000 X167.944 Y162.473 E2002.75718
G0 F15000 X168.729 Y162.31
G1 F9000 X174.784 Y156.255 E2003.0548
G0 F15000 X174.784 Y156.877
G1 F9000 X169.344 Y162.318 E2003.32222
G0 F15000 X169.873 Y162.41
G1 F9000 X174.784 Y157.5 E2003.56359
G0 F15000 X174.784 Y158.122
G1 F9000 X170.329 Y162.577 E2003.78257
G0 F15000 X170.718 Y162.81
G1 F9000 X174.784 Y158.744 E2003.98243
G0 F15000 X174.784 Y159.366
G1 F9000 X171.084 Y163.066 E2004.1643
G0 F15000 X171.391 Y163.381
G1 F9000 X174.784 Y159.989 E2004.33105
G0 F15000 X174.784 Y160.611
G1 F9000 X171.668 Y163.727 E2004.48422
G0 F15000 X171.883 Y164.134
G1 F9000 X174.784 Y161.233 E2004.62681
G0 F15000 X174.784 Y161.855
G1 F9000 X172.068 Y164.571 E2004.76031
G0 F15000 X172.169 Y165.092
G1 F9000 X174.784 Y162.478 E2004.88882
G0 F15000 X174.784 Y163.1
G1 F9000 X172.189 Y165.695 E2005.01638
G0 F15000 X172.056 Y166.45
G1 F9000 X174.784 Y163.722 E2005.15047
G1 X174.861 Y163.645
G1 F2400 E2004.65047
G1 F600 Z3.3
G0 F15000 X165.963 Y164.454 Z3.3
G1 F600 Z2.9
G1 F2400 E2005.15047
G1 F9000 X163.005 Y167.412 E2005.29586
G0 F15000 X163.152 Y167.887
G1 F9000 X165.794 Y165.245 E2005.42573
G0 F15000 X165.802 Y165.859
G1 F9000 X163.215 Y168.446 E2005.55289
G1 X163.138 Y168.523
G1 F2400 E2005.05289
G1 F600 Z3.3
G0 F15000 X159.491 Y165.325 Z3.3
G1 F600 Z2.9
G1 F2400 E2005.55289
G1 F9000 X162.443 Y162.374 E2005.69797
G0 F15000 X161.821 Y162.374
G1 F9000 X158.565 Y165.629 E2005.85798
G1 X158.488 Y165.706
G1 F2400 E2005.35798
G1 F600 Z3.3
G0 F15000 X162.873 Y149.499 Z3.3
G1 F600 Z2.9
G1 F2400 E2005.85798
G1 F9000 X174.784 Y137.587 E2006.44348
G0 F15000 X174.784 Y136.965
G1 F9000 X162.873 Y148.876 E2007.02895
G0 F15000 X162.873 Y148.254
G1 F9000 X174.784 Y136.343 E2007.61441
G1 X174.861 Y136.266
G1 F2400 E2007.11441
G1 F600 Z3.3
G0 F15000 X169.941 Y140.564 Z3.3
G1 F600 Z2.9
G1 F2400 E2007.61441
G1 F9000 X162.873 Y147.632 E2007.96183
G0 F15000 X162.873 Y147.01
G1 F9000 X169.182 Y140.701 E2008.27194
G0 F15000 X168.589 Y140.671
G1 F9000 X162.873 Y146.387 E2008.5529
G0 F15000 X162.873 Y145.765
G1 F9000 X168.067 Y140.571 E2008.80821
G0 F15000 X167.617 Y140.399
G1 F9000 X162.873 Y145.143 E2009.04139
G0 F15000 X162.873 Y144.521
G1 F9000 X167.227 Y140.167 E2009.25541
G0 F15000 X166.867 Y139.905
G1 F9000 X162.873 Y143.898 E2009.4517
G0 F15000 X162.873 Y143.276
G1 F9000 X166.565 Y139.584 E2009.63318
G0 F15000 X166.294 Y139.233
G1 F9000 X162.873 Y142.654 E2009.80133
G0 F15000 X162.792 Y142.112
G1 F9000 X166.081 Y138.823 E2009.963
G0 F15000 X165.911 Y138.371
G1 F9000 X162.355 Y141.928 E2010.13781
G0 F15000 X161.732 Y141.928
G1 F9000 X165.8 Y137.86 E2010.33777
G0 F15000 X165.788 Y137.249
G1 F9000 X161.11 Y141.928 E2010.56774
G0 F15000 X160.488 Y141.927
G1 F9000 X165.946 Y136.469 E2010.83602
G1 X166.023 Y136.392
G1 F2400 E2010.33602
G1 F600 Z3.3
G0 F15000 X141.587 Y129.716 Z3.3
G1 F600 Z2.9
G1 F2400 E2010.83602
G1 F9000 X135.14 Y136.163 E2011.15291
G0 F15000 X135.201 Y135.48
G1 F9000 X140.965 Y129.716 E2011.43623
G0 F15000 X140.342 Y129.716
G1 F9000 X135.151 Y134.907 E2011.69139
G0 F15000 X135.016 Y134.42
G1 F9000 X139.72 Y129.716 E2011.9226
G0 F15000 X139.098 Y129.716
G1 F9000 X134.822 Y133.992 E2012.13279
G0 F15000 X134.586 Y133.606
G1 F9000 X138.476 Y129.716 E2012.32399
G0 F15000 X137.853 Y129.716
G1 F9000 X134.293 Y133.276 E2012.49898
G0 F15000 X133.981 Y132.966
G1 F9000 X137.231 Y129.716 E2012.65873
G0 F15000 X136.609 Y129.716
G1 F9000 X133.593 Y132.732 E2012.80698
G0 F15000 X133.179 Y132.523
G1 F9000 X135.987 Y129.716 E2012.94498
G0 F15000 X135.364 Y129.716
G1 F9000 X132.706 Y132.375 E2013.07565
G0 F15000 X132.162 Y132.296
G1 F9000 X134.742 Y129.716 E2013.20247
G0 F15000 X134.12 Y129.716
G1 F9000 X131.522 Y132.314 E2013.33017
G1 X131.445 Y132.391
G1 F2400 E2012.83017
G1 F600 Z3.3
G0 F15000 X130.581 Y132.633 Z3.3
G1 F600 Z2.9
G1 F2400 E2013.33017
G1 F9000 X133.498 Y129.716 E2013.47355
G0 F15000 X132.875 Y129.716
G1 F9000 X129.22 Y133.372 E2013.65323
G0 F15000 X129.219 Y132.75
G1 F9000 X132.253 Y129.716 E2013.80236
G0 F15000 X131.631 Y129.716
G1 F9000 X129.218 Y132.129 E2013.92097
G0 F15000 X129.218 Y131.506
G1 F9000 X131.009 Y129.716 E2014.00898
G0 F15000 X130.386 Y129.716
G1 F9000 X129.217 Y130.885 E2014.06644
G0 F15000 X129.217 Y130.263
G1 F9000 X129.764 Y129.716 E2014.09333
G1 F2400 E2013.59333
G1 F600 Z3.3
;MESH:NONMESH
G0 F15000 X132.586 Y137.114 Z3.3
;TIME_ELAPSED:746.205008
;LAYER:14
;MESH:case_VL53L8+RP2040-down.stl
G0 X132.586 Y137.114 Z3.5
;TYPE:WALL-OUTER
G1 F600 Z3.1
G1 F2400 E2014.09333
G1 F9000 X132.218 Y137.205 E2014.1065
G1 X131.762 Y137.202 E2014.12235
G1 X131.403 Y137.112 E2014.13522
G1 X131.044 Y136.927 E2014.14925
G1 X130.694 Y136.617 E2014.1655
G1 X130.466 Y136.276 E2014.17976
G1 X130.323 Y135.894 E2014.19394
G1 X130.281 Y135.525 E2014.20684
G1 X130.334 Y135.06 E2014.22311
G1 X130.49 Y134.675 E2014.23755
G1 X130.73 Y134.339 E2014.2519
G1 X131.044 Y134.069 E2014.26629
G1 X131.41 Y133.882 E2014.28058
G1 X131.778 Y133.791 E2014.29376
G1 X132.234 Y133.794 E2014.30961
G1 X132.635 Y133.901 E2014.32403
G1 X132.998 Y134.099 E2014.3384
G1 X133.306 Y134.379 E2014.35287
G1 X133.51 Y134.675 E2014.36536
G1 X133.67 Y135.088 E2014.38076
G1 X133.719 Y135.527 E2014.39611
G1 X133.67 Y135.908 E2014.40946
G1 X133.51 Y136.321 E2014.42486
G1 X133.306 Y136.617 E2014.43735
G1 X132.955 Y136.927 E2014.45363
G1 X132.586 Y137.114 E2014.46801
G1 F2400 E2013.96801
G1 F600 Z3.5
G0 F15000 X160.617 Y137.104 Z3.5
G1 F600 Z3.1
G1 F2400 E2014.46801
G1 F9000 X160.209 Y137.207 E2014.48263
G1 X159.805 Y137.208 E2014.49667
G1 X159.386 Y137.106 E2014.51166
G1 X159.015 Y136.908 E2014.52628
G1 X158.711 Y136.638 E2014.54041
G1 X158.476 Y136.298 E2014.55478
G1 X158.332 Y135.93 E2014.56851
G1 X158.281 Y135.525 E2014.5827
G1 X158.325 Y135.088 E2014.59796
G1 X158.49 Y134.675 E2014.61342
G1 X158.73 Y134.339 E2014.62777
G1 X159.044 Y134.069 E2014.64217
G1 X159.41 Y133.882 E2014.65645
G1 X159.778 Y133.791 E2014.66963
G1 X160.234 Y133.794 E2014.68548
G1 X160.635 Y133.901 E2014.6999
G1 X160.998 Y134.099 E2014.71427
G1 X161.306 Y134.379 E2014.72874
G1 X161.522 Y134.694 E2014.74202
G1 X161.673 Y135.098 E2014.75701
G1 X161.72 Y135.512 E2014.77149
G1 X161.662 Y135.934 E2014.78629
G1 X161.525 Y136.296 E2014.79975
G1 X161.281 Y136.648 E2014.81463
G1 X160.982 Y136.911 E2014.82847
G1 X160.617 Y137.104 E2014.84282
G1 F2400 E2014.34282
G1 F600 Z3.5
G0 F15000 X169.408 Y139.17 Z3.5
G1 F600 Z3.1
G1 F2400 E2014.84282
G1 F9000 X169.027 Y139.219 E2014.85618
G1 X168.597 Y139.172 E2014.87121
G1 X168.19 Y139.02 E2014.88631
G1 X167.857 Y138.789 E2014.9004
G1 X167.585 Y138.482 E2014.91465
G1 X167.386 Y138.101 E2014.92959
G1 X167.289 Y137.71 E2014.94359
G1 X167.291 Y137.276 E2014.95868
G1 X167.401 Y136.86 E2014.97363
G1 X167.599 Y136.502 E2014.98785
G1 X167.866 Y136.204 E2015.00176
G1 X168.22 Y135.966 E2015.01659
G1 X168.602 Y135.823 E2015.03076
G1 X169 Y135.78 E2015.04468
G1 X169.436 Y135.834 E2015.05995
G1 X169.821 Y135.99 E2015.07439
G1 X170.157 Y136.23 E2015.08874
G1 X170.427 Y136.544 E2015.10313
G1 X170.614 Y136.91 E2015.11742
G1 X170.702 Y137.262 E2015.13003
G1 X170.705 Y137.718 E2015.14588
G1 X170.595 Y138.135 E2015.16087
G1 X170.397 Y138.498 E2015.17524
G1 X170.117 Y138.806 E2015.1897
G1 X169.821 Y139.01 E2015.2022
G1 X169.408 Y139.17 E2015.21759
G1 F2400 E2014.71759
G1 F600 Z3.5
G0 F15000 X153.72 Y161.02 Z3.5
G1 F600 Z3.1
G1 F2400 E2015.21759
G1 F9000 X153.668 Y161.144 E2015.22227
G1 X153.546 Y161.216 E2015.22719
G1 X129.435 Y161.22 E2016.06521
G1 X129.323 Y161.132 E2016.07016
G1 X129.283 Y161.038 E2016.07371
G1 X129.28 Y143 E2016.70066
G1 X129.323 Y142.867 E2016.70552
G1 X129.436 Y142.78 E2016.71047
G1 X153.546 Y142.784 E2017.54846
G1 X153.635 Y142.825 E2017.55187
G1 X153.72 Y142.937 E2017.55675
G1 X153.72 Y161.02 E2018.18526
G1 F2400 E2017.68526
G1 F600 Z3.5
G0 F15000 X160.586 Y170.114 Z3.5
G1 F600 Z3.1
G1 F2400 E2018.18526
G1 F9000 X160.218 Y170.205 E2018.19844
G1 X159.762 Y170.202 E2018.21429
G1 X159.36 Y170.095 E2018.22874
G1 X159.044 Y169.927 E2018.24118
G1 X158.694 Y169.617 E2018.25743
G1 X158.466 Y169.276 E2018.27169
G1 X158.321 Y168.881 E2018.28632
G1 X158.281 Y168.475 E2018.3005
G1 X158.325 Y168.091 E2018.31393
G1 X158.476 Y167.698 E2018.32856
G1 X158.721 Y167.347 E2018.34344
G1 X159.023 Y167.082 E2018.3574
G1 X159.41 Y166.882 E2018.37255
G1 X159.805 Y166.788 E2018.38666
G1 X160.203 Y166.789 E2018.40049
G1 X160.624 Y166.895 E2018.41558
G1 X160.971 Y167.078 E2018.42922
G1 X161.284 Y167.352 E2018.44367
G1 X161.53 Y167.711 E2018.4588
G1 X161.67 Y168.086 E2018.47271
G1 X161.72 Y168.514 E2018.48769
G1 X161.666 Y168.924 E2018.50206
G1 X161.51 Y169.321 E2018.51689
G1 X161.306 Y169.617 E2018.52938
G1 X160.955 Y169.927 E2018.54566
G1 X160.586 Y170.114 E2018.56004
G1 F2400 E2018.06004
G1 F600 Z3.5
G0 F15000 X169.788 Y167.029 Z3.5
G1 F600 Z3.1
G1 F2400 E2018.56004
G1 F9000 X169.395 Y167.173 E2018.57459
G1 X168.973 Y167.219 E2018.58934
G1 X168.562 Y167.162 E2018.60376
G1 X168.175 Y167.01 E2018.61821
G1 X167.863 Y166.794 E2018.6314
G1 X167.586 Y166.483 E2018.64588
G1 X167.392 Y166.117 E2018.66028
G1 X167.288 Y165.693 E2018.67545
G1 X167.291 Y165.274 E2018.69001
G1 X167.388 Y164.889 E2018.70381
G1 X167.591 Y164.51 E2018.71876
G1 X167.852 Y164.216 E2018.73242
G1 X168.22 Y163.966 E2018.74788
G1 X168.583 Y163.827 E2018.76139
G1 X168.998 Y163.78 E2018.77591
G1 X169.408 Y163.825 E2018.79024
G1 X169.821 Y163.99 E2018.8057
G1 X170.157 Y164.23 E2018.82005
G1 X170.427 Y164.544 E2018.83445
G1 X170.614 Y164.91 E2018.84873
G1 X170.702 Y165.262 E2018.86134
G1 X170.705 Y165.718 E2018.87719
G1 X170.595 Y166.135 E2018.89218
G1 X170.397 Y166.498 E2018.90655
G1 X170.117 Y166.806 E2018.92102
G1 X169.788 Y167.029 E2018.93484
G1 F2400 E2018.43484
G1 F600 Z3.5
G0 F15000 X176.28 Y175.78 Z3.5
G1 F600 Z3.1
G1 F2400 E2018.93484
G1 F9000 X176.28 Y128.22 E2020.58787
G1 X127.72 Y128.22 E2022.27566
G1 X127.72 Y175.78 E2023.9287
G1 X176.28 Y175.78 E2025.61649
G1 F2400 E2025.11649
G1 F600 Z3.5
G0 F15000 X132.586 Y170.114 Z3.5
G1 F600 Z3.1
G1 F2400 E2025.61649
G1 F9000 X132.218 Y170.205 E2025.62967
G1 X131.762 Y170.202 E2025.64552
G1 X131.403 Y170.112 E2025.65838
G1 X131.044 Y169.927 E2025.67242
G1 X130.694 Y169.617 E2025.68867
G1 X130.466 Y169.276 E2025.70292
G1 X130.323 Y168.894 E2025.7171
G1 X130.281 Y168.525 E2025.73001
G1 X130.334 Y168.06 E2025.74628
G1 X130.49 Y167.675 E2025.76071
G1 X130.73 Y167.339 E2025.77507
G1 X131.044 Y167.069 E2025.78946
G1 X131.41 Y166.882 E2025.80374
G1 X131.778 Y166.791 E2025.81692
G1 X132.234 Y166.794 E2025.83277
G1 X132.635 Y166.901 E2025.8472
G1 X132.998 Y167.099 E2025.86157
G1 X133.306 Y167.379 E2025.87603
G1 X133.51 Y167.675 E2025.88853
G1 X133.67 Y168.088 E2025.90392
G1 X133.719 Y168.527 E2025.91928
G1 X133.67 Y168.908 E2025.93263
G1 X133.51 Y169.321 E2025.94802
G1 X133.306 Y169.617 E2025.96052
G1 X132.955 Y169.927 E2025.97679
G1 X132.586 Y170.114 E2025.99117
G0 F15000 X132.693 Y170.541
;TYPE:WALL-INNER
G1 F10500 X132.294 Y170.639 E2026.00545
G1 X131.816 Y170.648 E2026.02207
G1 X131.282 Y170.535 E2026.04104
G1 X130.838 Y170.315 E2026.05826
G1 X130.375 Y169.934 E2026.0791
G1 X130.056 Y169.435 E2026.09969
G1 X129.889 Y168.97 E2026.11686
G1 X129.843 Y168.574 E2026.13072
G1 X129.89 Y167.981 E2026.15139
G1 X130.128 Y167.425 E2026.17241
G1 X130.439 Y167.009 E2026.19046
G1 X130.838 Y166.681 E2026.20842
G1 X131.282 Y166.461 E2026.22564
G1 X131.702 Y166.357 E2026.24068
G1 X132.341 Y166.367 E2026.26289
G1 X132.839 Y166.511 E2026.28091
G1 X133.159 Y166.679 E2026.29347
G1 X133.561 Y167.009 E2026.31155
G1 X133.872 Y167.425 E2026.3296
G1 X134.098 Y167.986 E2026.35062
G1 X134.156 Y168.581 E2026.3714
G1 X134.098 Y169.011 E2026.38648
G1 X133.946 Y169.429 E2026.40194
G1 X133.625 Y169.934 E2026.42274
G1 X133.159 Y170.317 E2026.4437
G1 X132.693 Y170.541 E2026.46167
G0 F15000 X132.799 Y170.968
G1 F10500 X132.37 Y171.072 E2026.47702
G1 X131.816 Y171.088 E2026.49628
G1 X131.161 Y170.958 E2026.51949
G1 X130.631 Y170.704 E2026.53992
G1 X130.148 Y170.317 E2026.56143
G1 X129.97 Y170.117 E2026.57073
G1 X129.646 Y169.595 E2026.59209
G1 F9788.1 X129.485 Y169.265 E2026.60578
G1 F7993.1 X129.352 Y169.064 E2026.61678
G1 F7241.4 X129.315 Y168.634 E2026.63853
G1 F7403.8 X129.315 Y168.368 E2026.65165
G1 F7287.1 X129.345 Y168.007 E2026.66979
G1 F8400 X129.506 Y167.739 E2026.68337
G1 F10312.5 X129.646 Y167.401 E2026.69632
G1 F10500 X129.97 Y166.879 E2026.71767
G1 X130.148 Y166.679 E2026.72698
G1 X130.631 Y166.292 E2026.74849
G1 X131.161 Y166.038 E2026.76892
G1 X131.626 Y165.924 E2026.78556
G1 X132.18 Y165.908 E2026.80482
G1 X132.799 Y166.028 E2026.82673
G1 X133.364 Y166.29 E2026.84838
G1 X133.852 Y166.679 E2026.87007
G1 X134.308 Y167.27 E2026.89602
G1 X134.526 Y167.883 E2026.91863
G1 X134.6 Y168.5 E2026.94023
G1 X134.526 Y169.114 E2026.96172
G1 X134.358 Y169.584 E2026.97907
G1 X134.03 Y170.117 E2027.00082
G1 X133.58 Y170.557 E2027.0227
G1 X133.364 Y170.706 E2027.03182
G1 X132.799 Y170.968 E2027.05346
G1 F2400 E2026.55346
G1 F600 Z3.5
G0 F15000 X128.16 Y175.34 Z3.5
G1 F600 Z3.1
G1 F2400 E2027.05346
G1 F10500 X175.84 Y175.34 E2028.71067
G1 X175.84 Y128.66 E2030.33312
G1 X128.16 Y128.66 E2031.99033
G1 X128.16 Y142.333 E2032.46556
G1 F9240 X128.22 Y143 E2032.49201
G1 F8250 X128.22 Y143.957 E2032.53434
G1 F8235.3 X128.22 Y144.914 E2032.57675
G1 X128.221 Y145.871 E2032.61916
G1 X128.221 Y146.828 E2032.66157
G1 F8220.6 X128.221 Y147.785 E2032.70405
G1 X128.221 Y148.742 E2032.74654
G1 F8206 X128.221 Y149.699 E2032.7891
G1 X128.222 Y150.656 E2032.83166
G1 F8191.5 X128.222 Y151.613 E2032.8743
G1 X128.222 Y152.57 E2032.91693
G1 X128.222 Y153.527 E2032.95957
G1 F8177 X128.223 Y154.484 E2033.00228
G1 X128.223 Y155.441 E2033.04499
G1 F8162.5 X128.223 Y156.398 E2033.08778
G1 X128.223 Y157.355 E2033.13057
G1 F8148.1 X128.223 Y158.312 E2033.17343
G1 X128.224 Y159.269 E2033.21629
G1 X128.224 Y160.226 E2033.25916
G1 F8133.8 X128.224 Y161.183 E2033.3021
G1 F9166.7 X128.159 Y161.666 E2033.3215
G1 F10500 X128.16 Y175.34 E2033.79676
G0 F15000 X128.6 Y174.9
G1 F10500 X175.4 Y174.9 E2035.42338
G1 X175.4 Y129.1 E2037.01525
G1 X128.6 Y129.1 E2038.64187
G1 X128.601 Y134.206 E2038.81934
G1 F10312.5 X128.608 Y134.571 E2038.83225
G1 F8400 X128.703 Y134.972 E2038.85016
G1 F7287.1 X128.693 Y135.334 E2038.86829
G1 F7403.8 X128.693 Y135.668 E2038.88476
G1 F7241.4 X128.706 Y136.12 E2038.90755
G1 F7993.1 X128.631 Y136.425 E2038.92189
G1 F9788.1 X128.601 Y136.79 E2038.93554
G1 F10500 X128.6 Y142.354 E2039.12893
G1 X129.076 Y141.984 E2039.14988
G1 X129.5 Y141.9 E2039.16491
G1 X153.61 Y141.905 E2040.00289
G1 X153.942 Y141.992 E2040.01482
G1 X154.246 Y142.19 E2040.02743
G1 X154.46 Y142.461 E2040.03944
G1 X154.596 Y142.9 E2040.05541
G1 X154.601 Y161.157 E2040.68996
G1 X154.46 Y161.538 E2040.70408
G1 X154.174 Y161.871 E2040.71934
G1 X153.86 Y162.04 E2040.73174
G1 X153.532 Y162.1 E2040.74332
G1 X129.5 Y162.1 E2041.5786
G1 X129.076 Y162.016 E2041.59362
G1 X128.599 Y161.643 E2041.61467
G1 X128.601 Y167.206 E2041.80802
G1 F10312.5 X128.608 Y167.571 E2041.82094
G1 F8400 X128.703 Y167.972 E2041.83885
G1 F7287.1 X128.693 Y168.334 E2041.85698
G1 F7403.8 X128.693 Y168.668 E2041.87345
G1 F7241.4 X128.706 Y169.12 E2041.89624
G1 F7993.1 X128.631 Y169.425 E2041.91058
G1 F9788.1 X128.601 Y169.79 E2041.92423
G1 F10500 X128.6 Y174.9 E2042.10184
G1 F2400 E2041.60184
G1 F600 Z3.5
G0 F15000 X129.5 Y161.66 Z3.5
G1 F600 Z3.1
G1 F2400 E2042.10184
G1 F10500 X129.245 Y161.61 E2042.11087
G1 X128.971 Y161.396 E2042.12295
G1 F9166.7 X128.786 Y161.125 E2042.13602
G1 F8133.8 X128.786 Y160.171 E2042.17882
G1 F8148.1 X128.785 Y159.217 E2042.22155
G1 X128.785 Y158.263 E2042.26428
G1 X128.785 Y157.309 E2042.30701
G1 F8162.5 X128.784 Y156.355 E2042.34966
G1 X128.784 Y155.401 E2042.39231
G1 F8177 X128.784 Y154.447 E2042.43489
G1 X128.783 Y153.493 E2042.47747
G1 F8191.5 X128.783 Y152.539 E2042.51997
G1 X128.783 Y151.585 E2042.56247
G1 X128.783 Y150.631 E2042.60498
G1 F8206 X128.782 Y149.677 E2042.6474
G1 X128.782 Y148.723 E2042.68983
G1 F8220.6 X128.782 Y147.769 E2042.73218
G1 X128.781 Y146.815 E2042.77454
G1 F8235.3 X128.781 Y145.861 E2042.81681
G1 X128.781 Y144.907 E2042.85909
G1 X128.78 Y143.953 E2042.90136
G1 F8250 X128.78 Y142.999 E2042.94357
G1 F9240 X128.971 Y142.603 E2042.96093
G1 F10500 X129.246 Y142.39 E2042.97302
G1 X129.5 Y142.34 E2042.98202
G1 X153.566 Y142.343 E2043.81848
G1 X153.766 Y142.395 E2043.82566
G1 X153.948 Y142.514 E2043.83322
G1 X154.113 Y142.753 E2043.84331
G1 X154.158 Y142.94 E2043.85
G1 X154.158 Y161.06 E2044.47979
G1 X154.113 Y161.247 E2044.48647
G1 X153.948 Y161.486 E2044.49657
G1 X153.766 Y161.605 E2044.50413
G1 X153.566 Y161.657 E2044.51131
G1 X129.5 Y161.66 E2045.34777
G1 F2400 E2044.84777
G1 F600 Z3.5
G0 F15000 X131.816 Y137.648 Z3.5
G1 F600 Z3.1
G1 F2400 E2045.34777
G1 F10500 X131.282 Y137.535 E2045.36674
G1 X130.838 Y137.315 E2045.38396
G1 X130.375 Y136.934 E2045.4048
G1 X130.056 Y136.435 E2045.42539
G1 X129.889 Y135.97 E2045.44256
G1 X129.843 Y135.574 E2045.45642
G1 X129.89 Y134.981 E2045.47709
G1 X130.128 Y134.425 E2045.49811
G1 X130.439 Y134.009 E2045.51616
G1 X130.838 Y133.681 E2045.53412
G1 X131.282 Y133.461 E2045.55134
G1 X131.702 Y133.357 E2045.56638
G1 X132.341 Y133.367 E2045.58859
G1 X132.839 Y133.511 E2045.60661
G1 X133.159 Y133.679 E2045.61917
G1 X133.561 Y134.009 E2045.63725
G1 X133.872 Y134.425 E2045.6553
G1 X134.098 Y134.986 E2045.67632
G1 X134.156 Y135.581 E2045.6971
G1 X134.098 Y136.011 E2045.71218
G1 X133.946 Y136.429 E2045.72764
G1 X133.625 Y136.934 E2045.74844
G1 X133.159 Y137.317 E2045.7694
G1 X132.693 Y137.541 E2045.78737
G1 X132.294 Y137.639 E2045.80165
G1 X131.816 Y137.648 E2045.81827
G0 F15000 X131.816 Y138.088
G1 F10500 X131.161 Y137.958 E2045.84148
G1 X130.631 Y137.704 E2045.86191
G1 X130.148 Y137.317 E2045.88342
G1 X129.97 Y137.117 E2045.89272
G1 X129.646 Y136.595 E2045.91408
G1 F9788.1 X129.485 Y136.265 E2045.92777
G1 F7993.1 X129.352 Y136.064 E2045.93877
G1 F7241.4 X129.315 Y135.634 E2045.96052
G1 F7403.8 X129.315 Y135.368 E2045.97364
G1 F7287.1 X129.345 Y135.007 E2045.99178
G1 F8400 X129.506 Y134.739 E2046.00536
G1 F10312.5 X129.646 Y134.401 E2046.01831
G1 F10500 X129.97 Y133.879 E2046.03966
G1 X130.148 Y133.679 E2046.04897
G1 X130.631 Y133.292 E2046.07048
G1 X131.161 Y133.038 E2046.09091
G1 X131.626 Y132.924 E2046.10755
G1 X132.18 Y132.908 E2046.12681
G1 X132.799 Y133.028 E2046.14872
G1 X133.364 Y133.29 E2046.17037
G1 X133.852 Y133.679 E2046.19206
G1 X134.308 Y134.27 E2046.21801
G1 X134.526 Y134.883 E2046.24062
G1 X134.6 Y135.5 E2046.26222
G1 X134.526 Y136.114 E2046.28371
G1 X134.358 Y136.584 E2046.30106
G1 X134.03 Y137.117 E2046.32281
G1 X133.58 Y137.557 E2046.34469
G1 X133.364 Y137.706 E2046.35381
G1 X132.799 Y137.968 E2046.37546
G1 X132.37 Y138.072 E2046.3908
G1 X131.816 Y138.088 E2046.41006
G1 F2400 E2045.91006
G1 F600 Z3.5
G0 F15000 X157.84 Y135.5 Z3.5
G1 F600 Z3.1
G1 F2400 E2046.41006
G1 F10500 X157.897 Y134.986 E2046.42804
G1 X158.056 Y134.561 E2046.44381
G1 X158.375 Y134.062 E2046.46439
G1 X158.838 Y133.681 E2046.48523
G1 X159.304 Y133.455 E2046.50323
G1 X159.702 Y133.357 E2046.51748
G1 X160.341 Y133.367 E2046.53969
G1 X160.839 Y133.511 E2046.55771
G1 X161.159 Y133.679 E2046.57027
G1 X161.561 Y134.009 E2046.58835
G1 X161.928 Y134.523 E2046.6103
G1 X162.105 Y135.015 E2046.62847
G1 X162.16 Y135.488 E2046.64502
G1 X162.082 Y136.066 E2046.6653
G1 X161.917 Y136.496 E2046.6813
G1 X161.624 Y136.924 E2046.69933
G1 X161.198 Y137.295 E2046.71897
G1 X160.759 Y137.521 E2046.73613
G1 X160.267 Y137.643 E2046.75375
G1 X159.783 Y137.648 E2046.77057
G1 X159.231 Y137.518 E2046.79028
G1 X158.773 Y137.276 E2046.80828
G1 X158.381 Y136.929 E2046.82648
G1 X158.086 Y136.501 E2046.84455
G1 X157.896 Y136.002 E2046.86311
G1 X157.84 Y135.5 E2046.88066
G0 F15000 X157.4 Y135.5
G1 F10500 X157.469 Y134.884 E2046.90221
G1 X157.646 Y134.401 E2046.92008
G1 X157.97 Y133.879 E2046.94144
G1 X158.148 Y133.679 E2046.95074
G1 X158.631 Y133.292 E2046.97226
G1 X159.197 Y133.028 E2046.99396
G1 X159.626 Y132.924 E2047.00931
G1 X160.18 Y132.908 E2047.02857
G1 X160.799 Y133.028 E2047.05048
G1 X161.364 Y133.29 E2047.07213
G1 X161.852 Y133.679 E2047.09382
G1 X162.295 Y134.274 E2047.1196
G1 X162.529 Y134.858 E2047.14147
G1 X162.606 Y135.532 E2047.16505
G1 X162.522 Y136.149 E2047.18669
G1 X162.309 Y136.696 E2047.20709
G1 X161.962 Y137.218 E2047.22888
G1 X161.452 Y137.664 E2047.25243
G1 X160.869 Y137.948 E2047.27497
G1 X160.324 Y138.079 E2047.29445
G1 X159.701 Y138.088 E2047.31611
G1 X159.076 Y137.93 E2047.33851
G1 X158.485 Y137.611 E2047.36185
G1 X158.051 Y137.22 E2047.38216
G1 X157.696 Y136.705 E2047.4039
G1 X157.471 Y136.146 E2047.42484
G1 X157.4 Y135.5 E2047.44743
G1 F2400 E2046.94743
G1 F600 Z3.5
G0 F15000 X166.852 Y137.241 Z3.5
G1 F600 Z3.1
G1 F2400 E2047.44743
G1 F10500 X166.975 Y136.738 E2047.46543
G1 X167.215 Y136.28 E2047.4834
G1 X167.555 Y135.891 E2047.50136
G1 X168.061 Y135.556 E2047.52245
G1 X168.526 Y135.389 E2047.53962
G1 X169 Y135.34 E2047.55618
G1 X169.595 Y135.424 E2047.57707
G1 X170.05 Y135.614 E2047.59421
G1 X170.487 Y135.939 E2047.61314
G1 X170.815 Y136.338 E2047.63109
G1 X171.041 Y136.803 E2047.64906
G1 X171.148 Y137.316 E2047.66727
G1 X171.139 Y137.794 E2047.68389
G1 X171.041 Y138.193 E2047.69817
G1 X170.817 Y138.659 E2047.71614
G1 X170.487 Y139.061 E2047.73422
G1 X170.071 Y139.372 E2047.75227
G1 X169.511 Y139.598 E2047.77326
G1 X168.919 Y139.656 E2047.79393
G1 X168.431 Y139.583 E2047.81108
G1 X167.972 Y139.402 E2047.82823
G1 X167.529 Y139.083 E2047.84721
G1 X167.204 Y138.703 E2047.86459
G1 X166.968 Y138.237 E2047.88274
G1 X166.849 Y137.725 E2047.90101
G1 X166.852 Y137.241 E2047.91783
G0 F15000 X166.415 Y137.191
G1 F10500 X166.562 Y136.588 E2047.93941
G1 X166.843 Y136.029 E2047.96115
G1 X167.317 Y135.516 E2047.98543
G1 X167.901 Y135.146 E2048.00946
G1 X168.45 Y134.956 E2048.02965
G1 X169 Y134.9 E2048.04886
G1 X169.479 Y134.946 E2048.06559
G1 X169.755 Y135.014 E2048.07547
G1 X170.286 Y135.243 E2048.09557
G1 X170.817 Y135.648 E2048.11878
G1 X171.204 Y136.131 E2048.14029
G1 X171.468 Y136.697 E2048.162
G1 X171.588 Y137.316 E2048.18391
G1 X171.573 Y137.87 E2048.20317
G1 X171.468 Y138.299 E2048.21853
G1 X171.207 Y138.864 E2048.24016
G1 X170.817 Y139.352 E2048.26187
G1 X170.321 Y139.734 E2048.28363
G1 X169.614 Y140.026 E2048.31022
G1 X168.992 Y140.1 E2048.33199
G1 X168.362 Y140.029 E2048.35402
G1 X167.754 Y139.784 E2048.37681
G1 X167.296 Y139.467 E2048.39617
G1 X166.863 Y138.996 E2048.4184
G1 X166.574 Y138.441 E2048.44015
G1 X166.409 Y137.831 E2048.46211
G1 X166.415 Y137.191 E2048.48436
G1 F2400 E2047.98436
G1 F600 Z3.5
G0 F15000 X168.996 Y163.34 Z3.5
G1 F600 Z3.1
G1 F2400 E2048.48436
G1 F10500 X169.51 Y163.397 E2048.50233
G1 X169.935 Y163.556 E2048.51811
G1 X170.434 Y163.875 E2048.53869
G1 X170.815 Y164.338 E2048.55953
G1 X171.041 Y164.803 E2048.5775
G1 X171.148 Y165.316 E2048.59571
G1 X171.139 Y165.794 E2048.61233
G1 X171.041 Y166.193 E2048.62661
G1 X170.817 Y166.659 E2048.64458
G1 X170.487 Y167.061 E2048.66266
G1 X169.971 Y167.429 E2048.68469
G1 X169.471 Y167.607 E2048.70313
G1 X169 Y167.66 E2048.71961
G1 X168.407 Y167.574 E2048.74043
G1 X167.971 Y167.401 E2048.75674
G1 X167.583 Y167.133 E2048.77313
G1 X167.232 Y166.743 E2048.79136
G1 X166.986 Y166.285 E2048.80943
G1 X166.855 Y165.779 E2048.8276
G1 X166.859 Y165.192 E2048.848
G1 X166.996 Y164.688 E2048.86616
G1 X167.216 Y164.279 E2048.8823
G1 X167.548 Y163.898 E2048.89986
G1 X167.97 Y163.599 E2048.91784
G1 X168.517 Y163.391 E2048.93818
G1 X168.996 Y163.34 E2048.95492
G0 F15000 X168.993 Y162.9
G1 F10500 X169.612 Y162.969 E2048.97657
G1 X170.095 Y163.146 E2048.99445
G1 X170.617 Y163.47 E2049.0158
G1 X170.817 Y163.648 E2049.02511
G1 X171.204 Y164.131 E2049.04662
G1 X171.468 Y164.697 E2049.06833
G1 X171.588 Y165.316 E2049.09024
G1 X171.573 Y165.87 E2049.1095
G1 X171.468 Y166.299 E2049.12486
G1 X171.207 Y166.864 E2049.14649
G1 X170.817 Y167.352 E2049.1682
G1 X170.617 Y167.53 E2049.1775
G1 X170.154 Y167.829 E2049.19666
G1 X169.547 Y168.04 E2049.219
G1 X169 Y168.1 E2049.23812
G1 X168.252 Y167.986 E2049.26442
G1 X167.719 Y167.763 E2049.2845
G1 X167.263 Y167.445 E2049.30383
G1 X166.845 Y166.968 E2049.32587
G1 X166.558 Y166.412 E2049.34762
G1 X166.42 Y165.844 E2049.36793
G1 X166.405 Y165.195 E2049.3905
G1 X166.56 Y164.592 E2049.41214
G1 X166.843 Y164.029 E2049.43404
G1 X167.271 Y163.548 E2049.45642
G1 X167.786 Y163.194 E2049.47814
G1 X168.367 Y162.966 E2049.49983
G1 X168.993 Y162.9 E2049.52171
G1 F2400 E2049.02171
G1 F600 Z3.5
G0 F15000 X161.904 Y167.477 Z3.5
G1 F600 Z3.1
G1 F2400 E2049.52171
G1 F10500 X162.097 Y167.98 E2049.54043
G1 X162.16 Y168.482 E2049.55802
G1 X162.1 Y169.002 E2049.57621
G1 X161.937 Y169.451 E2049.59281
G1 X161.561 Y169.987 E2049.61557
G1 X161.159 Y170.317 E2049.63365
G1 X160.693 Y170.541 E2049.65162
G1 X160.294 Y170.639 E2049.6659
G1 X159.816 Y170.648 E2049.68251
G1 X159.303 Y170.541 E2049.70073
G1 X158.838 Y170.315 E2049.7187
G1 X158.375 Y169.934 E2049.73954
G1 X158.056 Y169.435 E2049.76012
G1 X157.898 Y169.01 E2049.77588
G1 X157.84 Y168.5 E2049.79372
G1 X157.896 Y167.995 E2049.81138
G1 X158.086 Y167.494 E2049.83001
G1 X158.412 Y167.033 E2049.84963
G1 X158.773 Y166.72 E2049.86624
G1 X159.303 Y166.455 E2049.88683
G1 X159.783 Y166.348 E2049.90393
G1 X160.249 Y166.351 E2049.92012
G1 X160.744 Y166.47 E2049.93782
G1 X161.208 Y166.708 E2049.95594
G1 X161.604 Y167.05 E2049.97413
G1 X161.904 Y167.477 E2049.99227
G0 F15000 X162.32 Y167.308
G1 F10500 X162.533 Y167.891 E2050.01384
G1 X162.6 Y168.47 E2050.0341
G1 X162.537 Y169.105 E2050.05628
G1 X162.343 Y169.621 E2050.07544
G1 X162.03 Y170.117 E2050.09582
G1 X161.58 Y170.557 E2050.1177
G1 X161.364 Y170.706 E2050.12682
G1 X160.799 Y170.968 E2050.14846
G1 X160.37 Y171.072 E2050.16381
G1 X159.816 Y171.088 E2050.18307
G1 X159.549 Y171.056 E2050.19242
G1 X158.947 Y170.872 E2050.2143
G1 X158.42 Y170.557 E2050.23563
G1 X157.97 Y170.117 E2050.25751
G1 X157.646 Y169.595 E2050.27886
G1 X157.47 Y169.112 E2050.29673
G1 X157.4 Y168.5 E2050.31814
G1 X157.471 Y167.85 E2050.34087
G1 X157.696 Y167.291 E2050.36181
G1 X158.051 Y166.775 E2050.38358
G1 X158.523 Y166.358 E2050.40547
G1 X159.197 Y166.028 E2050.43155
G1 X159.702 Y165.909 E2050.44959
G1 X160.337 Y165.913 E2050.47166
G1 X160.939 Y166.068 E2050.49326
G1 X161.49 Y166.361 E2050.51495
G1 X161.959 Y166.779 E2050.53679
G1 X162.32 Y167.308 E2050.55905
G1 F2400 E2050.05905
G1 F600 Z3.5
G0 F15000 X166.362 Y133.57 Z3.5
;TYPE:FILL
G1 F600 Z3.1
G1 F2400 E2050.55905
G1 F15000 X166.362 Y133.179 E2050.57264
G1 X164.538 Y131.453 E2050.65992
G1 X163.93 Y131.43 E2050.68107
G1 X163.93 Y131.132 E2050.69142
G1 X164.548 Y131.155 E2050.71292
G1 X166.273 Y129.43 E2050.79771
G1 X166.761 Y129.43 E2050.81467
G1 X170.51 Y133.179 E2050.99895
G1 X170.51 Y133.57 E2051.01254
G1 X170.82 Y133.57 E2051.02331
G1 X170.82 Y133.18 E2051.03687
G1 X174.569 Y129.43 E2051.22117
G1 X175.07 Y129.43 E2051.23858
G1 X175.057 Y129.43 E2051.23903
G1 X175.07 Y129.443 E2051.23967
G1 X175.07 Y133.077 E2051.36598
G1 X174.968 Y133.179 E2051.37099
G1 X174.968 Y133.57 E2051.38458
G1 X174.658 Y133.57 E2051.39536
G1 X174.658 Y133.179 E2051.40895
G1 X170.909 Y129.43 E2051.59322
G1 X170.421 Y129.43 E2051.61019
G1 X166.672 Y133.18 E2051.79449
G1 X166.672 Y133.57 E2051.80804
G1 X166.362 Y133.57 E2051.81882
G1 F2400 E2051.31882
G1 F600 Z3.5
G0 F15000 X162.37 Y142.43 Z3.5
G1 F600 Z3.1
G1 F2400 E2051.81882
G1 F15000 X161.57 Y142.43 E2051.84662
G1 X154.928 Y149.072 E2052.1731
G1 X154.927 Y150.779 E2052.23243
G1 X162.37 Y158.221 E2052.59826
G1 X158.721 Y161.869 E2052.77759
G1 X161.869 Y161.869 E2052.88701
G1 X154.929 Y154.929 E2053.22813
G1 X154.929 Y153.218 E2053.2876
G1 X162.37 Y145.779 E2053.6533
G1 X159.022 Y142.43 E2053.8179
G1 X154.874 Y142.43 E2053.96207
G1 X162.37 Y149.925 E2054.3305
G1 X154.931 Y157.364 E2054.69615
G1 X154.931 Y159.079 E2054.75576
G1 X157.722 Y161.869 E2054.89292
G1 X154.63 Y161.87 E2055.00039
G1 X154.752 Y161.691 E2055.00792
G1 X162.37 Y154.074 E2055.38235
G1 X154.926 Y146.63 E2055.74825
G1 X154.926 Y144.925 E2055.80751
G1 X157.422 Y142.43 E2055.93017
G1 X157.499 Y142.353
G1 F2400 E2055.43017
G1 F600 Z3.5
G0 F15000 X167.753 Y169.43 Z3.5
G1 F600 Z3.1
G1 F2400 E2055.93017
G1 F15000 X164.598 Y172.584 E2056.08522
G1 X163.93 Y172.584 E2056.10844
G1 X163.93 Y172.894 E2056.11922
G1 X164.598 Y172.894 E2056.14243
G1 X166.274 Y174.57 E2056.22482
G1 X166.76 Y174.571 E2056.24171
G1 X171.9 Y169.43 E2056.49438
G1 X173.578 Y169.43 E2056.5527
G1 X174.657 Y170.51 E2056.60577
G1 X175.07 Y170.51 E2056.62012
G1 X175.07 Y170.82 E2056.63089
G1 X174.658 Y170.82 E2056.64521
G1 X170.908 Y174.571 E2056.82956
G1 X170.422 Y174.57 E2056.84646
G1 X165.282 Y169.43 E2057.09911
G1 X168.88 Y169.43 E2057.22416
G1 X168.97 Y168.97 E2057.24045
G1 X169.134 Y169.134 E2057.24851
G1 X169.22 Y169.43 E2057.25923
G1 X169.43 Y169.43 E2057.26653
G1 X174.57 Y174.57 E2057.51918
G1 X175.07 Y174.556 E2057.53656
G1 X175.056 Y174.571 E2057.53727
G1 X174.983 Y174.649
G1 F2400 E2057.03727
G1 F600 Z3.5
G0 F15000 X169.039 Y168.446 Z3.5
;TYPE:SKIN
G1 F600 Z3.1
G1 F2400 E2057.53727
G1 F11379.3 X168.978 Y168.449 E2057.53895
G1 F2400 E2057.03895
G1 F600 Z3.5
G0 F15000 X163.804 Y169.146 Z3.5
G1 F600 Z3.1
G1 F2400 E2057.53895
G1 F9000 X168.643 Y169.144 E2057.70714
G1 X168.715 Y168.782 E2057.71997
G1 F9230.8 X168.766 Y168.583 E2057.72693
G1 F10339.4 X168.978 Y168.449 E2057.73452
G1 X168.671 Y168.454 E2057.74381
G1 F9230.8 X168.465 Y168.444 E2057.7508
G1 F9000 X168.1 Y168.352 E2057.76388
G1 X167.534 Y168.113 E2057.78523
G1 X167.014 Y167.753 E2057.80722
G1 X166.5 Y167.166 E2057.83434
G1 X166.193 Y166.571 E2057.85761
G1 X166.03 Y165.925 E2057.88076
G1 X166.01 Y165.143 E2057.90795
G1 X166.202 Y164.404 E2057.93449
G1 X166.559 Y163.749 E2057.96042
G1 X166.991 Y163.265 E2057.98297
G1 X167.575 Y162.86 E2058.00767
G1 X168.263 Y162.578 E2058.03351
G1 X168.982 Y162.504 E2058.05863
G1 X169.662 Y162.568 E2058.08237
G1 X170.228 Y162.773 E2058.10329
G1 X170.863 Y163.16 E2058.12914
G1 X171.12 Y163.394 E2058.14122
G1 X171.55 Y163.932 E2058.16516
G1 X171.837 Y164.565 E2058.18932
G1 X171.984 Y165.324 E2058.21619
G1 X171.961 Y165.938 E2058.23754
G1 X171.837 Y166.432 E2058.25525
G1 X171.565 Y167.028 E2058.27802
G1 X171.091 Y167.633 E2058.30473
G1 X170.835 Y167.858 E2058.31657
G1 X170.347 Y168.17 E2058.33671
G1 X169.593 Y168.431 E2058.36444
G1 F9295.8 X169.323 Y168.447 E2058.37354
G1 F10421.1 X169.039 Y168.446 E2058.38207
G1 X169.246 Y168.561 E2058.38917
G1 F9295.8 X169.336 Y168.817 E2058.39831
G1 F9000 X169.433 Y169.144 E2058.41016
G1 X175.004 Y169.144 E2058.60379
G1 X175.004 Y133.856 E2059.83029
G1 X169.339 Y133.856 E2060.02719
G1 X169.266 Y134.206 E2060.03961
G1 F9406.2 X169.188 Y134.461 E2060.04848
G1 F10673.9 X169.004 Y134.572 E2060.05478
G1 X169.256 Y134.552 E2060.06219
G1 F9406.2 X169.521 Y134.552 E2060.071
G1 F9000 X169.905 Y134.646 E2060.08474
G1 X170.515 Y134.921 E2060.108
G1 X171.12 Y135.394 E2060.13469
G1 X171.55 Y135.932 E2060.15863
G1 X171.837 Y136.565 E2060.18278
G1 X171.984 Y137.324 E2060.20966
G1 X171.961 Y137.938 E2060.23101
G1 X171.837 Y138.431 E2060.24868
G1 X171.554 Y139.056 E2060.27253
G1 X171.121 Y139.601 E2060.29672
G1 X170.831 Y139.86 E2060.31023
G1 X170.215 Y140.232 E2060.33524
G1 X169.735 Y140.404 E2060.35297
G1 X169.036 Y140.5 E2060.37749
G1 X168.269 Y140.415 E2060.40431
G1 X167.567 Y140.145 E2060.43045
G1 X166.968 Y139.708 E2060.45622
G1 X166.534 Y139.224 E2060.47882
G1 X166.176 Y138.526 E2060.50608
G1 X166.025 Y137.899 E2060.5285
G1 X166.013 Y137.141 E2060.55485
G1 X166.18 Y136.44 E2060.5799
G1 X166.532 Y135.793 E2060.6055
G1 X166.983 Y135.262 E2060.62971
G1 X167.606 Y134.825 E2060.65616
G1 X168.402 Y134.56 E2060.68532
G1 F9428.6 X168.683 Y134.561 E2060.69464
G1 F10702.7 X168.928 Y134.577 E2060.70182
G1 X168.737 Y134.482 E2060.70805
G1 F9428.6 X168.626 Y134.223 E2060.7174
G1 F9000 X168.51 Y133.856 E2060.73078
G1 X163.815 Y133.856 E2060.89396
G1 X163.65 Y133.728 E2060.90122
G1 X163.644 Y129.496 E2061.04831
G1 X128.996 Y129.496 E2062.25257
G1 X128.996 Y134.499 E2062.42646
G1 X129.066 Y134.649 E2062.43221
G1 X129.142 Y134.559 E2062.4363
G1 X129.446 Y133.936 E2062.4604
G1 X129.894 Y133.372 E2062.48543
G1 X130.454 Y132.932 E2062.51018
G1 X131.018 Y132.668 E2062.53183
G1 X131.554 Y132.531 E2062.55106
G1 X132.202 Y132.513 E2062.57359
G1 X132.554 Y132.557 E2062.58592
G1 X133.241 Y132.778 E2062.611
G1 X133.813 Y133.118 E2062.63413
G1 X134.35 Y133.641 E2062.66018
G1 X134.732 Y134.278 E2062.686
G1 X134.915 Y134.806 E2062.70542
G1 X134.983 Y135.314 E2062.72323
G1 X134.982 Y135.686 E2062.73616
G1 X134.915 Y136.186 E2062.7537
G1 X134.722 Y136.74 E2062.77409
G1 X134.551 Y137.055 E2062.78655
G1 X134.126 Y137.605 E2062.8107
G1 X133.528 Y138.065 E2062.83693
G1 X132.932 Y138.337 E2062.8597
G1 X132.439 Y138.461 E2062.87737
G1 X131.816 Y138.484 E2062.89903
G1 X131.055 Y138.34 E2062.92595
G1 X130.41 Y138.033 E2062.95078
G1 X129.894 Y137.62 E2062.97375
G1 X129.423 Y137.028 E2063.00005
G1 X129.08 Y136.417 E2063.0244
G1 X128.995 Y136.795 E2063.03787
G1 X128.997 Y141.599 E2063.20484
G1 X129.457 Y141.507 E2063.22114
G1 X153.659 Y141.511 E2064.06233
G1 X154.117 Y141.638 E2064.07885
G1 X154.537 Y141.923 E2064.09649
G1 X154.711 Y142.144 E2064.10627
G1 X162.468 Y142.146 E2064.37588
G1 X162.585 Y142.201 E2064.38037
G1 X162.654 Y142.303 E2064.38465
G1 X162.657 Y161.972 E2065.06828
G1 X162.595 Y162.09 E2065.07291
G1 X162.458 Y162.155 E2065.07818
G1 X154.422 Y162.156 E2065.35749
G1 X154.237 Y162.302 E2065.36568
G1 X153.954 Y162.421 E2065.37635
G1 X153.536 Y162.497 E2065.39112
G1 X129.456 Y162.492 E2066.22806
G1 X128.996 Y162.398 E2066.24438
G1 X128.996 Y167.499 E2066.42168
G1 X129.066 Y167.649 E2066.42743
G1 X129.142 Y167.559 E2066.43152
G1 X129.446 Y166.936 E2066.45562
G1 X129.894 Y166.372 E2066.48065
G1 X130.454 Y165.932 E2066.50541
G1 X131.018 Y165.668 E2066.52705
G1 X131.554 Y165.531 E2066.54628
G1 X132.202 Y165.513 E2066.56881
G1 X132.554 Y165.557 E2066.58114
G1 X133.241 Y165.778 E2066.60622
G1 X133.813 Y166.118 E2066.62935
G1 X134.351 Y166.642 E2066.65545
G1 X134.732 Y167.281 E2066.68131
G1 X134.915 Y167.806 E2066.70063
G1 X134.983 Y168.314 E2066.71845
G1 X134.983 Y168.686 E2066.73138
G1 X134.915 Y169.19 E2066.74905
G1 X134.736 Y169.71 E2066.76817
G1 X134.551 Y170.055 E2066.78178
G1 X134.126 Y170.605 E2066.80593
G1 X133.528 Y171.065 E2066.83216
G1 X132.932 Y171.337 E2066.85493
G1 X132.438 Y171.461 E2066.87263
G1 X131.816 Y171.484 E2066.89426
G1 X131.055 Y171.34 E2066.92118
G1 X130.41 Y171.033 E2066.94601
G1 X129.894 Y170.62 E2066.96898
G1 X129.423 Y170.028 E2066.99528
G1 X129.08 Y169.417 E2067.01963
G1 X128.995 Y169.795 E2067.0331
G1 X128.997 Y174.503 E2067.19673
G1 X163.644 Y174.504 E2068.40095
G1 X163.644 Y169.922 E2068.56021
G1 F7826.1 X163.579 Y169.364 E2068.58266
G1 F6804.1 X163.576 Y169.29 E2068.58607
G1 F7659.6 X163.804 Y169.146 E2068.59708
G1 F2400 E2068.09708
G1 F600 Z3.5
G0 F15000 X160.893 Y171.35 Z3.5
G1 F600 Z3.1
G1 F2400 E2068.59708
G1 F9000 X160.438 Y171.461 E2068.61336
G1 X159.788 Y171.483 E2068.63596
G1 X159.435 Y171.435 E2068.64834
G1 X158.773 Y171.231 E2068.67242
G1 X158.141 Y170.837 E2068.69831
G1 X157.636 Y170.328 E2068.72323
G1 X157.268 Y169.723 E2068.74784
G1 X157.081 Y169.185 E2068.76764
G1 X157.001 Y168.577 E2068.78895
G1 X157.073 Y167.785 E2068.81659
G1 X157.347 Y167.097 E2068.84233
G1 X157.737 Y166.513 E2068.86674
G1 X158.28 Y166.045 E2068.89165
G1 X158.917 Y165.684 E2068.9171
G1 X159.646 Y165.515 E2068.94311
G1 X160.415 Y165.526 E2068.96984
G1 X161.108 Y165.709 E2068.99476
G1 X161.72 Y166.036 E2069.01887
G1 X162.252 Y166.512 E2069.04368
G1 X162.646 Y167.092 E2069.06805
G1 X162.924 Y167.805 E2069.09465
G1 X162.999 Y168.549 E2069.12064
G1 F7659.6 X162.995 Y169.178 E2069.14633
G1 F6804.1 X162.962 Y169.256 E2069.15023
G1 F7826.1 X162.711 Y169.759 E2069.17269
G1 F9000 X162.359 Y170.33 E2069.19601
G1 X161.852 Y170.844 E2069.2211
G1 X161.535 Y171.065 E2069.23453
G1 X160.893 Y171.35 E2069.25895
G1 F2400 E2068.75895
G1 F600 Z3.5
G0 F15000 X161.062 Y138.313 Z3.5
G1 F600 Z3.1
G1 F2400 E2069.25895
G1 F9000 X160.386 Y138.469 E2069.28306
G1 X159.637 Y138.479 E2069.3091
G1 X158.916 Y138.308 E2069.33485
G1 X158.281 Y137.952 E2069.36015
G1 X157.779 Y137.522 E2069.38313
G1 X157.377 Y136.956 E2069.40726
G1 X157.084 Y136.256 E2069.43363
G1 X157 Y135.527 E2069.45914
G1 X157.064 Y134.859 E2069.48246
G1 X157.273 Y134.264 E2069.50438
G1 X157.66 Y133.629 E2069.53023
G1 X157.895 Y133.371 E2069.54236
G1 X158.455 Y132.936 E2069.567
G1 X159.103 Y132.642 E2069.59173
G1 X159.554 Y132.531 E2069.60788
G1 X160.202 Y132.513 E2069.63041
G1 X160.554 Y132.557 E2069.64274
G1 X161.22 Y132.767 E2069.66701
G1 X161.835 Y133.131 E2069.69185
G1 X162.36 Y133.658 E2069.7177
G1 X162.692 Y134.17 E2069.73891
G1 X162.927 Y134.852 E2069.76398
G1 X162.992 Y135.489 E2069.78624
G1 X162.923 Y136.195 E2069.81089
G1 X162.67 Y136.856 E2069.83549
G1 X162.264 Y137.479 E2069.86134
G1 X161.732 Y137.944 E2069.8859
G1 X161.062 Y138.313 E2069.91248
G1 F2400 E2069.41248
G1 F600 Z3.5
G0 F15000 X168.928 Y134.577 Z3.5
G1 F600 Z3.1
G1 F2400 E2069.91248
G1 F11647.1 X169.004 Y134.572 E2069.91453
G1 F2400 E2069.41453
G1 F600 Z3.5
G0 F15000 X174.522 Y134.076 Z3.5
G1 F600 Z3.1
G1 F2400 E2069.91453
G1 F9000 X174.784 Y134.338 E2069.92741
G0 F15000 X174.784 Y134.96
G1 F9000 X173.9 Y134.076 E2069.97086
G0 F15000 X173.278 Y134.076
G1 F9000 X174.784 Y135.582 E2070.04488
G0 F15000 X174.784 Y136.204
G1 F9000 X172.656 Y134.076 E2070.14948
G0 F15000 X172.033 Y134.076
G1 F9000 X174.784 Y136.827 E2070.2847
G0 F15000 X174.784 Y137.449
G1 F9000 X171.411 Y134.076 E2070.4505
G0 F15000 X170.789 Y134.076
G1 F9000 X174.784 Y138.071 E2070.64687
G0 F15000 X174.784 Y138.693
G1 F9000 X170.167 Y134.076 E2070.87381
G0 F15000 X169.889 Y134.421
G1 F9000 X169.544 Y134.076 E2070.89077
G1 F2400 E2070.39077
G1 F600 Z3.5
G0 F15000 X168.372 Y134.148 Z3.5
G1 F600 Z3.1
G1 F2400 E2070.89077
G1 F9000 X168.3 Y134.076 E2070.89431
G0 F15000 X168.045 Y134.444
G1 F9000 X167.678 Y134.076 E2070.91237
G0 F15000 X167.581 Y134.602
G1 F9000 X167.055 Y134.076 E2070.93823
G0 F15000 X166.433 Y134.076
G1 F9000 X167.2 Y134.842 E2070.9759
G0 F15000 X166.833 Y135.098
G1 F9000 X165.811 Y134.076 E2071.02614
G0 F15000 X165.189 Y134.076
G1 F9000 X166.548 Y135.435 E2071.09294
G0 F15000 X166.28 Y135.789
G1 F9000 X164.566 Y134.076 E2071.17716
G0 F15000 X163.944 Y134.076
G1 F9000 X166.062 Y136.194 E2071.28127
G0 F15000 X165.902 Y136.656
G1 F9000 X158.963 Y129.717 E2071.62235
G0 F15000 X159.585 Y129.717
G1 F9000 X163.424 Y133.556 E2071.81105
G0 F15000 X163.424 Y132.933
G1 F9000 X160.207 Y129.717 E2071.96915
G0 F15000 X160.829 Y129.717
G1 F9000 X163.424 Y132.311 E2072.09668
G0 F15000 X163.424 Y131.689
G1 F9000 X161.452 Y129.717 E2072.19361
G0 F15000 X162.074 Y129.717
G1 F9000 X163.424 Y131.066 E2072.25994
G0 F15000 X163.424 Y130.444
G1 F9000 X162.696 Y129.717 E2072.2957
G0 F15000 X163.318 Y129.717
G1 F9000 X163.424 Y129.822 E2072.30089
G1 F2400 E2071.80089
G1 F600 Z3.5
G0 F15000 X161.134 Y132.51 Z3.5
G1 F600 Z3.1
G1 F2400 E2072.30089
G1 F9000 X158.34 Y129.717 E2072.4382
G0 F15000 X157.718 Y129.717
G1 F9000 X160.306 Y132.305 E2072.56541
G0 F15000 X159.688 Y132.309
G1 F9000 X157.096 Y129.717 E2072.69281
G0 F15000 X156.474 Y129.717
G1 F9000 X159.158 Y132.401 E2072.82474
G0 F15000 X158.71 Y132.575
G1 F9000 X155.851 Y129.717 E2072.96525
G0 F15000 X155.229 Y129.717
G1 F9000 X158.29 Y132.778 E2073.11571
G0 F15000 X157.946 Y133.056
G1 F9000 X154.607 Y129.717 E2073.27983
G0 F15000 X153.985 Y129.717
G1 F9000 X157.618 Y133.35 E2073.4584
G0 F15000 X157.351 Y133.705
G1 F9000 X153.362 Y129.717 E2073.65445
G0 F15000 X152.74 Y129.717
G1 F9000 X157.116 Y134.092 E2073.86953
G0 F15000 X156.94 Y134.538
G1 F9000 X152.118 Y129.717 E2074.10652
G0 F15000 X151.496 Y129.717
G1 F9000 X156.825 Y135.046 E2074.36846
G0 F15000 X156.787 Y135.63
G1 F9000 X150.873 Y129.717 E2074.65913
G0 F15000 X150.251 Y129.717
G1 F9000 X156.886 Y136.352 E2074.98526
G1 X156.963 Y136.429
G1 F2400 E2074.48526
G1 F600 Z3.5
G0 F15000 X159.116 Y138.582 Z3.5
G1 F600 Z3.1
G1 F2400 E2074.98526
G1 F9000 X162.461 Y141.927 E2075.14968
G0 F15000 X162.872 Y142.338
G1 F9000 X174.784 Y154.25 E2075.7352
G0 F15000 X174.784 Y154.872
G1 F9000 X162.872 Y142.96 E2076.32072
G0 F15000 X162.872 Y143.582
G1 F9000 X174.784 Y155.494 E2076.90623
G0 F15000 X174.784 Y156.116
G1 F9000 X162.872 Y144.205 E2077.49173
G0 F15000 X162.872 Y144.827
G1 F9000 X174.784 Y156.739 E2078.07725
G0 F15000 X174.784 Y157.361
G1 F9000 X162.872 Y145.449 E2078.66276
G0 F15000 X162.872 Y146.071
G1 F9000 X174.784 Y157.983 E2079.24828
G0 F15000 X174.784 Y158.605
G1 F9000 X162.872 Y146.694 E2079.83377
G0 F15000 X162.872 Y147.316
G1 F9000 X174.784 Y159.228 E2080.41929
G0 F15000 X174.784 Y159.85
G1 F9000 X162.872 Y147.938 E2081.00481
G0 F15000 X162.872 Y148.56
G1 F9000 X174.784 Y160.472 E2081.59033
G0 F15000 X174.784 Y161.094
G1 F9000 X162.872 Y149.183 E2082.17582
G0 F15000 X162.872 Y149.805
G1 F9000 X174.784 Y161.717 E2082.76134
G0 F15000 X174.784 Y162.339
G1 F9000 X162.872 Y150.427 E2083.34686
G0 F15000 X162.872 Y151.049
G1 F9000 X174.784 Y162.961 E2083.93237
G0 F15000 X174.784 Y163.583
G1 F9000 X162.872 Y151.672 E2084.51787
G0 F15000 X162.872 Y152.294
G1 F9000 X174.784 Y164.206 E2085.10338
G0 F15000 X174.784 Y164.828
G1 F9000 X162.872 Y152.916 E2085.6889
G0 F15000 X162.872 Y153.538
G1 F9000 X174.784 Y165.45 E2086.27442
G0 F15000 X174.784 Y166.073
G1 F9000 X162.872 Y154.161 E2086.85994
G0 F15000 X162.872 Y154.783
G1 F9000 X174.784 Y166.695 E2087.44545
G0 F15000 X174.784 Y167.317
G1 F9000 X172.074 Y164.607 E2087.57866
G0 F15000 X172.202 Y165.357
G1 F9000 X174.784 Y167.939 E2087.70557
G0 F15000 X174.784 Y168.562
G1 F9000 X172.178 Y165.956 E2087.83367
G0 F15000 X172.054 Y166.454
G1 F9000 X174.524 Y168.924 E2087.95508
G0 F15000 X173.902 Y168.924
G1 F9000 X171.869 Y166.891 E2088.05501
G0 F15000 X171.645 Y167.289
G1 F9000 X173.279 Y168.924 E2088.13535
G0 F15000 X172.657 Y168.924
G1 F9000 X171.368 Y167.635 E2088.19871
G0 F15000 X171.061 Y167.95
G1 F9000 X172.035 Y168.924 E2088.24658
G0 F15000 X171.413 Y168.924
G1 F9000 X170.696 Y168.207 E2088.28183
G0 F15000 X170.295 Y168.428
G1 F9000 X170.79 Y168.924 E2088.30618
G0 F15000 X170.168 Y168.924
G1 F9000 X169.832 Y168.588 E2088.3227
G1 F2400 E2087.8227
G1 F600 Z3.5
G0 F15000 X168.302 Y168.924 Z3.5
G1 F600 Z3.1
G1 F2400 E2088.3227
G1 F9000 X167.871 Y168.493 E2088.34388
G0 F15000 X167.68 Y168.924
G1 F9000 X161.13 Y162.374 E2088.66584
G0 F15000 X160.508 Y162.374
G1 F9000 X167.058 Y168.925 E2088.98782
G0 F15000 X166.437 Y168.926
G1 F9000 X159.885 Y162.374 E2089.30987
G0 F15000 X159.264 Y162.375
G1 F9000 X165.814 Y168.926 E2089.63186
G0 F15000 X165.193 Y168.926
G1 F9000 X158.642 Y162.375 E2089.95386
G0 F15000 X158.019 Y162.375
G1 F9000 X161.123 Y165.479 E2090.10643
G0 F15000 X160.322 Y165.3
G1 F9000 X157.397 Y162.375 E2090.25021
G0 F15000 X156.775 Y162.376
G1 F9000 X159.691 Y165.291 E2090.39351
G0 F15000 X159.175 Y165.398
G1 F9000 X156.153 Y162.376 E2090.54206
G0 F15000 X155.531 Y162.376
G1 F9000 X158.705 Y165.55 E2090.69807
G0 F15000 X158.306 Y165.773
G1 F9000 X154.909 Y162.376 E2090.86505
G0 F15000 X154.378 Y162.467
G1 F9000 X157.949 Y166.038 E2091.04057
G0 F15000 X157.615 Y166.326
G1 F9000 X153.934 Y162.646 E2091.22148
G0 F15000 X153.383 Y162.717
G1 F9000 X157.355 Y166.689 E2091.41672
G0 F15000 X157.121 Y167.077
G1 F9000 X152.761 Y162.717 E2091.63103
G0 F15000 X152.139 Y162.717
G1 F9000 X156.944 Y167.522 E2091.86721
G0 F15000 X156.829 Y168.03
G1 F9000 X151.517 Y162.717 E2092.12834
G0 F15000 X150.894 Y162.717
G1 F9000 X156.783 Y168.606 E2092.41781
G0 F15000 X156.9 Y169.345
G1 F9000 X150.272 Y162.717 E2092.7436
G0 F15000 X149.65 Y162.717
G1 F9000 X161.216 Y174.283 E2093.31211
G0 F15000 X160.594 Y174.283
G1 F9000 X149.028 Y162.717 E2093.88062
G0 F15000 X148.405 Y162.717
G1 F9000 X159.972 Y174.283 E2094.44915
G0 F15000 X159.349 Y174.283
G1 F9000 X147.783 Y162.717 E2095.01766
G0 F15000 X147.161 Y162.717
G1 F9000 X158.727 Y174.283 E2095.58617
G0 F15000 X158.105 Y174.283
G1 F9000 X146.539 Y162.717 E2096.15468
G0 F15000 X145.916 Y162.717
G1 F9000 X157.483 Y174.283 E2096.72322
G0 F15000 X156.86 Y174.283
G1 F9000 X145.294 Y162.717 E2097.29173
G0 F15000 X144.672 Y162.717
G1 F9000 X156.238 Y174.283 E2097.86024
G0 F15000 X155.616 Y174.283
G1 F9000 X144.05 Y162.717 E2098.42875
G0 F15000 X143.427 Y162.717
G1 F9000 X154.994 Y174.283 E2098.99729
G0 F15000 X154.371 Y174.283
G1 F9000 X142.805 Y162.717 E2099.5658
G0 F15000 X142.183 Y162.717
G1 F9000 X153.749 Y174.283 E2100.13431
G0 F15000 X153.127 Y174.283
G1 F9000 X141.561 Y162.717 E2100.70282
G0 F15000 X140.938 Y162.717
G1 F9000 X152.505 Y174.283 E2101.27135
G0 F15000 X151.882 Y174.283
G1 F9000 X140.315 Y162.717 E2101.83989
G0 F15000 X139.693 Y162.717
G1 F9000 X151.26 Y174.283 E2102.40842
G0 F15000 X150.638 Y174.283
G1 F9000 X139.071 Y162.717 E2102.97696
G0 F15000 X138.449 Y162.717
G1 F9000 X150.016 Y174.283 E2103.54549
G0 F15000 X149.393 Y174.283
G1 F9000 X137.826 Y162.717 E2104.11403
G0 F15000 X137.204 Y162.717
G1 F9000 X148.771 Y174.283 E2104.68256
G0 F15000 X148.149 Y174.283
G1 F9000 X136.582 Y162.717 E2105.2511
G0 F15000 X135.96 Y162.717
G1 F9000 X147.527 Y174.283 E2105.81963
G0 F15000 X146.904 Y174.283
G1 F9000 X135.337 Y162.717 E2106.38817
G0 F15000 X134.715 Y162.717
G1 F9000 X146.281 Y174.283 E2106.95668
G0 F15000 X145.659 Y174.283
G1 F9000 X134.093 Y162.717 E2107.52519
G0 F15000 X133.471 Y162.717
G1 F9000 X145.037 Y174.283 E2108.0937
G0 F15000 X144.415 Y174.283
G1 F9000 X132.848 Y162.717 E2108.66224
G0 F15000 X132.226 Y162.717
G1 F9000 X143.792 Y174.283 E2109.23075
G0 F15000 X143.17 Y174.283
G1 F9000 X131.604 Y162.717 E2109.79926
G0 F15000 X130.982 Y162.717
G1 F9000 X142.548 Y174.283 E2110.36777
G0 F15000 X141.926 Y174.283
G1 F9000 X134.988 Y167.345 E2110.70879
G0 F15000 X135.185 Y168.164
G1 F9000 X141.303 Y174.283 E2111.00954
G0 F15000 X140.681 Y174.283
G1 F9000 X135.19 Y168.792 E2111.27944
G0 F15000 X135.103 Y169.327
G1 F9000 X140.059 Y174.283 E2111.52305
G0 F15000 X139.437 Y174.283
G1 F9000 X134.937 Y169.783 E2111.74424
G0 F15000 X134.723 Y170.191
G1 F9000 X138.814 Y174.283 E2111.94535
G0 F15000 X138.192 Y174.283
G1 F9000 X134.451 Y170.542 E2112.12923
G0 F15000 X134.152 Y170.865
G1 F9000 X137.57 Y174.283 E2112.29724
G0 F15000 X136.947 Y174.283
G1 F9000 X133.802 Y171.138 E2112.45183
G0 F15000 X133.406 Y171.363
G1 F9000 X136.325 Y174.283 E2112.59533
G0 F15000 X135.703 Y174.283
G1 F9000 X132.976 Y171.556 E2112.72938
G0 F15000 X132.476 Y171.678
G1 F9000 X135.081 Y174.283 E2112.85742
G0 F15000 X134.458 Y174.283
G1 F9000 X131.877 Y171.701 E2112.98431
G0 F15000 X131.132 Y171.578
G1 F9000 X133.836 Y174.283 E2113.11725
G0 F15000 X133.214 Y174.283
G1 F9000 X129.217 Y170.286 E2113.31371
G0 F15000 X129.217 Y170.908
G1 F9000 X132.592 Y174.283 E2113.47961
G0 F15000 X131.969 Y174.283
G1 F9000 X129.217 Y171.531 E2113.61488
G0 F15000 X129.217 Y172.153
G1 F9000 X131.347 Y174.283 E2113.71957
G0 F15000 X130.725 Y174.283
G1 F9000 X129.217 Y172.775 E2113.7937
G0 F15000 X129.217 Y173.397
G1 F9000 X130.103 Y174.283 E2113.83725
G0 F15000 X129.48 Y174.283
G1 F9000 X129.217 Y174.02 E2113.85018
G1 F2400 E2113.35018
G1 F600 Z3.5
G0 F15000 X129.361 Y166.696 Z3.5
G1 F600 Z3.1
G1 F2400 E2113.85018
G1 F9000 X129.219 Y166.554 E2113.85716
G0 F15000 X129.631 Y166.344
G1 F9000 X129.218 Y165.931 E2113.87746
G0 F15000 X129.218 Y165.309
G1 F9000 X129.952 Y166.043 E2113.91353
G0 F15000 X130.298 Y165.766
G1 F9000 X129.217 Y164.686 E2113.96665
G0 F15000 X129.217 Y164.063
G1 F9000 X130.721 Y165.568 E2114.0406
G0 F15000 X131.175 Y165.399
G1 F9000 X129.216 Y163.44 E2114.13689
G0 F15000 X129.216 Y162.818
G1 F9000 X131.707 Y165.309 E2114.25933
G0 F15000 X132.328 Y165.307
G1 F9000 X129.737 Y162.717 E2114.38666
G0 F15000 X130.359 Y162.717
G1 F9000 X133.158 Y165.515 E2114.52422
G1 X133.235 Y165.592
G1 F2400 E2114.02422
G1 F600 Z3.5
G0 F15000 X133.196 Y141.286 Z3.5
G1 F600 Z3.1
G1 F2400 E2114.52422
G1 F9000 X129.217 Y137.306 E2114.71983
G0 F15000 X129.217 Y137.928
G1 F9000 X132.573 Y141.285 E2114.88481
G0 F15000 X131.951 Y141.285
G1 F9000 X129.217 Y138.551 E2115.0192
G0 F15000 X129.217 Y139.173
G1 F9000 X131.329 Y141.285 E2115.12301
G0 F15000 X130.706 Y141.284
G1 F9000 X129.217 Y139.795 E2115.1962
G0 F15000 X129.217 Y140.417
G1 F9000 X130.084 Y141.284 E2115.23881
G0 F15000 X129.466 Y141.289
G1 F9000 X129.217 Y141.04 E2115.25105
G1 F2400 E2114.75105
G1 F600 Z3.5
G0 F15000 X131.107 Y138.574 Z3.5
G1 F600 Z3.1
G1 F2400 E2115.25105
G1 F9000 X133.819 Y141.286 E2115.38436
G0 F15000 X134.441 Y141.286
G1 F9000 X131.858 Y138.703 E2115.51132
G0 F15000 X132.457 Y138.68
G1 F9000 X135.064 Y141.286 E2115.63944
G0 F15000 X135.686 Y141.286
G1 F9000 X132.959 Y138.56 E2115.77346
G0 F15000 X133.391 Y138.369
G1 F9000 X136.308 Y141.286 E2115.91684
G0 F15000 X136.931 Y141.287
G1 F9000 X133.791 Y138.147 E2116.07118
G0 F15000 X134.14 Y137.873
G1 F9000 X137.553 Y141.287 E2116.23897
G0 F15000 X138.176 Y141.288
G1 F9000 X134.442 Y137.553 E2116.42253
G0 F15000 X134.714 Y137.203
G1 F9000 X138.799 Y141.288 E2116.62332
G0 F15000 X139.421 Y141.288
G1 F9000 X134.934 Y136.8 E2116.8439
G0 F15000 X135.097 Y136.342
G1 F9000 X140.044 Y141.288 E2117.08704
G0 F15000 X140.666 Y141.288
G1 F9000 X135.188 Y135.81 E2117.3563
G0 F15000 X135.188 Y135.188
G1 F9000 X141.288 Y141.288 E2117.65614
G0 F15000 X141.911 Y141.289
G1 F9000 X135.001 Y134.379 E2117.99579
G1 X134.924 Y134.302
G1 F2400 E2117.49579
G1 F600 Z3.5
G0 F15000 X133.129 Y132.507 Z3.5
G1 F600 Z3.1
G1 F2400 E2117.99579
G1 F9000 X130.339 Y129.717 E2118.13293
G0 F15000 X129.717 Y129.717
G1 F9000 X132.304 Y132.304 E2118.26009
G0 F15000 X131.687 Y132.309
G1 F9000 X129.216 Y129.838 E2118.38155
G0 F15000 X129.216 Y130.46
G1 F9000 X131.158 Y132.403 E2118.47703
G0 F15000 X130.707 Y132.574
G1 F9000 X129.217 Y131.083 E2118.55029
G0 F15000 X129.217 Y131.706
G1 F9000 X130.287 Y132.776 E2118.60289
G0 F15000 X129.941 Y133.052
G1 F9000 X129.218 Y132.329 E2118.63842
G0 F15000 X129.218 Y132.952
G1 F9000 X129.622 Y133.355 E2118.65826
G0 F15000 X129.352 Y133.708
G1 F9000 X129.22 Y133.575 E2118.66477
G1 F2400 E2118.16477
G1 F600 Z3.5
G0 F15000 X130.961 Y129.717 Z3.5
G1 F600 Z3.1
G1 F2400 E2118.66477
G1 F9000 X142.534 Y141.289 E2119.2336
G0 F15000 X143.156 Y141.289
G1 F9000 X131.583 Y129.717 E2119.80243
G0 F15000 X132.206 Y129.717
G1 F9000 X143.779 Y141.29 E2120.37129
G0 F15000 X144.401 Y141.29
G1 F9000 X132.828 Y129.717 E2120.94014
G0 F15000 X133.45 Y129.717
G1 F9000 X145.023 Y141.29 E2121.50899
G0 F15000 X145.646 Y141.291
G1 F9000 X134.072 Y129.717 E2122.0779
G0 F15000 X134.695 Y129.717
G1 F9000 X146.269 Y141.291 E2122.6468
G0 F15000 X146.892 Y141.291
G1 F9000 X135.317 Y129.717 E2123.21573
G0 F15000 X135.939 Y129.717
G1 F9000 X147.514 Y141.291 E2123.78466
G0 F15000 X148.136 Y141.291
G1 F9000 X136.561 Y129.717 E2124.35359
G0 F15000 X137.184 Y129.717
G1 F9000 X148.759 Y141.292 E2124.92254
G0 F15000 X149.381 Y141.292
G1 F9000 X137.806 Y129.717 E2125.49149
G0 F15000 X138.428 Y129.717
G1 F9000 X150.004 Y141.292 E2126.06047
G0 F15000 X150.626 Y141.293
G1 F9000 X139.05 Y129.717 E2126.62947
G0 F15000 X139.673 Y129.717
G1 F9000 X151.249 Y141.293 E2127.19847
G0 F15000 X151.871 Y141.293
G1 F9000 X140.295 Y129.717 E2127.76748
G0 F15000 X140.917 Y129.717
G1 F9000 X152.494 Y141.293 E2128.3365
G0 F15000 X153.116 Y141.293
G1 F9000 X141.539 Y129.717 E2128.90553
G0 F15000 X142.162 Y129.717
G1 F9000 X153.756 Y141.311 E2129.47542
G1 X153.833 Y141.388
G1 F2400 E2128.97542
G1 F600 Z3.5
G0 F15000 X154.991 Y141.924 Z3.5
G1 F600 Z3.1
G1 F2400 E2129.47542
G1 F9000 X142.784 Y129.717 E2130.07543
G0 F15000 X143.406 Y129.717
G1 F9000 X155.614 Y141.924 E2130.67548
G0 F15000 X156.236 Y141.924
G1 F9000 X144.028 Y129.717 E2131.27552
G0 F15000 X144.651 Y129.717
G1 F9000 X156.859 Y141.925 E2131.87559
G0 F15000 X157.481 Y141.925
G1 F9000 X145.273 Y129.717 E2132.47565
G0 F15000 X145.895 Y129.717
G1 F9000 X158.104 Y141.926 E2133.07577
G0 F15000 X158.726 Y141.926
G1 F9000 X146.517 Y129.717 E2133.67589
G0 F15000 X147.14 Y129.717
G1 F9000 X159.349 Y141.926 E2134.276
G0 F15000 X159.972 Y141.926
G1 F9000 X147.762 Y129.717 E2134.87614
G0 F15000 X148.384 Y129.717
G1 F9000 X160.594 Y141.926 E2135.47628
G0 F15000 X161.217 Y141.927
G1 F9000 X149.006 Y129.717 E2136.07647
G0 F15000 X149.629 Y129.717
G1 F9000 X161.839 Y141.927 E2136.67664
G1 X161.916 Y142.004
G1 F2400 E2136.17664
G1 F600 Z3.5
G0 F15000 X160.962 Y138.561 Z3.5
G1 F600 Z3.1
G1 F2400 E2136.67664
G1 F9000 X174.784 Y152.383 E2137.35604
G0 F15000 X174.784 Y153.005
G1 F9000 X160.458 Y138.679 E2138.06021
G0 F15000 X159.856 Y138.7
G1 F9000 X174.784 Y153.627 E2138.79395
G1 X174.861 Y153.704
G1 F2400 E2138.29395
G1 F600 Z3.5
G0 F15000 X174.784 Y151.761 Z3.5
G1 F600 Z3.1
G1 F2400 E2138.79395
G1 F9000 X161.401 Y138.377 E2139.4518
G0 F15000 X161.801 Y138.155
G1 F9000 X174.784 Y151.138 E2140.08996
G0 F15000 X174.784 Y150.516
G1 F9000 X162.142 Y137.875 E2140.71134
G0 F15000 X162.46 Y137.57
G1 F9000 X174.784 Y149.894 E2141.31711
G0 F15000 X174.784 Y149.272
G1 F9000 X162.71 Y137.198 E2141.91059
G0 F15000 X162.929 Y136.794
G1 F9000 X174.784 Y148.649 E2142.4933
G0 F15000 X174.784 Y148.027
G1 F9000 X163.1 Y136.343 E2143.06761
G0 F15000 X163.181 Y135.802
G1 F9000 X165.963 Y138.584 E2143.20436
G0 F15000 X165.8 Y137.798
G1 F9000 X163.18 Y135.179 E2143.33312
G0 F15000 X162.997 Y134.373
G1 F9000 X165.788 Y137.164 E2143.47031
G1 X165.865 Y137.241
G1 F2400 E2142.97031
G1 F600 Z3.5
G0 F15000 X167.879 Y140.5 Z3.5
G1 F600 Z3.1
G1 F2400 E2143.47031
G1 F9000 X174.784 Y147.405 E2143.80971
G0 F15000 X174.784 Y146.783
G1 F9000 X168.684 Y140.682 E2144.10957
G0 F15000 X169.309 Y140.685
G1 F9000 X174.784 Y146.16 E2144.37869
G0 F15000 X174.784 Y145.538
G1 F9000 X169.845 Y140.599 E2144.62146
G0 F15000 X170.303 Y140.435
G1 F9000 X174.784 Y144.916 E2144.84172
G0 F15000 X174.784 Y144.294
G1 F9000 X170.693 Y140.203 E2145.0428
G0 F15000 X171.06 Y139.947
G1 F9000 X174.784 Y143.671 E2145.22585
G0 F15000 X174.784 Y143.049
G1 F9000 X171.372 Y139.637 E2145.39356
G0 F15000 X171.647 Y139.29
G1 F9000 X174.784 Y142.427 E2145.54776
G0 F15000 X174.784 Y141.805
G1 F9000 X171.869 Y138.89 E2145.69104
G0 F15000 X172.054 Y138.452
G1 F9000 X174.784 Y141.182 E2145.82523
G0 F15000 X174.784 Y140.56
G1 F9000 X172.178 Y137.954 E2145.95332
G0 F15000 X172.202 Y137.355
G1 F9000 X174.784 Y139.938 E2146.08026
G0 F15000 X174.784 Y139.316
G1 F9000 X172.074 Y136.606 E2146.21347
G1 X171.997 Y136.529
G1 F2400 E2145.71347
G1 F600 Z3.5
G0 F15000 X162.872 Y155.405 Z3.5
G1 F600 Z3.1
G1 F2400 E2146.21347
G1 F9000 X169.879 Y162.412 E2146.55789
G0 F15000 X169.143 Y162.299
G1 F9000 X162.872 Y156.027 E2146.86616
G0 F15000 X162.872 Y156.65
G1 F9000 X168.551 Y162.328 E2147.14527
G0 F15000 X168.035 Y162.435
G1 F9000 X162.872 Y157.272 E2147.39905
G0 F15000 X162.872 Y157.894
G1 F9000 X167.593 Y162.615 E2147.63111
G0 F15000 X167.2 Y162.845
G1 F9000 X162.872 Y158.516 E2147.84387
G0 F15000 X162.872 Y159.139
G1 F9000 X166.839 Y163.105 E2148.03884
G0 F15000 X166.546 Y163.434
G1 F9000 X162.872 Y159.761 E2148.2194
G0 F15000 X162.872 Y160.383
G1 F9000 X166.28 Y163.791 E2148.38692
G0 F15000 X166.065 Y164.198
G1 F9000 X162.872 Y161.005 E2148.54387
G0 F15000 X162.872 Y161.628
G1 F9000 X165.908 Y164.664 E2148.6931
G0 F15000 X165.794 Y165.172
G1 F9000 X162.789 Y162.167 E2148.8408
G0 F15000 X162.374 Y162.374
G1 F9000 X165.802 Y165.802 E2149.0093
G0 F15000 X165.966 Y166.588
G1 F9000 X161.752 Y162.374 E2149.21643
G1 X161.675 Y162.297
G1 F2400 E2148.71643
G1 F600 Z3.5
G0 F15000 X162.973 Y167.328 Z3.5
G1 F600 Z3.1
G1 F2400 E2149.21643
G1 F9000 X164.571 Y168.927 E2149.29501
G0 F15000 X163.949 Y168.927
G1 F9000 X163.183 Y168.161 E2149.33266
G0 F15000 X163.262 Y168.863
G1 F9000 X163.489 Y169.089 E2149.34379
G0 F15000 X163.191 Y169.414
G1 F9000 X163.335 Y169.558 E2149.35087
G0 F15000 X162.946 Y169.79
G1 F9000 X163.424 Y170.269 E2149.37439
G0 F15000 X163.424 Y170.891
G1 F9000 X162.712 Y170.179 E2149.40939
G0 F15000 X162.459 Y170.548
G1 F9000 X163.424 Y171.514 E2149.45684
G0 F15000 X163.424 Y172.136
G1 F9000 X162.148 Y170.86 E2149.51956
G0 F15000 X161.807 Y171.14
G1 F9000 X163.424 Y172.758 E2149.59907
G0 F15000 X163.424 Y173.38
G1 F9000 X161.408 Y171.364 E2149.69816
G0 F15000 X160.977 Y171.555
G1 F9000 X163.424 Y174.003 E2149.81847
G0 F15000 X163.083 Y174.283
G1 F9000 X160.477 Y171.678 E2149.94654
G0 F15000 X159.879 Y171.702
G1 F9000 X162.461 Y174.283 E2150.07343
G0 F15000 X161.838 Y174.283
G1 F9000 X159.119 Y171.564 E2150.20708
G1 X159.042 Y171.487
G1 F2400 E2149.70708
G1 F600 Z3.5
;MESH:NONMESH
G0 F15000 X132.586 Y137.114 Z3.5
;TIME_ELAPSED:805.905616
;LAYER:15
;MESH:case_VL53L8+RP2040-down.stl
G0 X132.586 Y137.114 Z3.7
;TYPE:WALL-OUTER
G1 F600 Z3.3
G1 F2400 E2150.20708
G1 F9000 X132.218 Y137.205 E2150.22025
G1 X131.762 Y137.202 E2150.2361
G1 X131.403 Y137.112 E2150.24896
G1 X131.044 Y136.927 E2150.263
G1 X130.694 Y136.617 E2150.27925
G1 X130.466 Y136.276 E2150.29351
G1 X130.323 Y135.894 E2150.30769
G1 X130.281 Y135.525 E2150.32059
G1 X130.334 Y135.06 E2150.33686
G1 X130.49 Y134.675 E2150.3513
G1 X130.73 Y134.339 E2150.36565
G1 X131.044 Y134.069 E2150.38004
G1 X131.41 Y133.882 E2150.39433
G1 X131.778 Y133.791 E2150.40751
G1 X132.234 Y133.794 E2150.42335
G1 X132.635 Y133.901 E2150.43778
G1 X132.998 Y134.099 E2150.45215
G1 X133.306 Y134.379 E2150.46662
G1 X133.51 Y134.675 E2150.47911
G1 X133.67 Y135.088 E2150.49451
G1 X133.719 Y135.527 E2150.50986
G1 X133.67 Y135.908 E2150.52321
G1 X133.51 Y136.321 E2150.53861
G1 X133.306 Y136.617 E2150.5511
G1 X132.955 Y136.927 E2150.56738
G1 X132.586 Y137.114 E2150.58176
G1 F2400 E2150.08176
G1 F600 Z3.7
G0 F15000 X160.617 Y137.104 Z3.7
G1 F600 Z3.3
G1 F2400 E2150.58176
G1 F9000 X160.209 Y137.207 E2150.59638
G1 X159.805 Y137.208 E2150.61042
G1 X159.386 Y137.106 E2150.62541
G1 X159.015 Y136.908 E2150.64003
G1 X158.711 Y136.638 E2150.65416
G1 X158.476 Y136.298 E2150.66853
G1 X158.332 Y135.93 E2150.68226
G1 X158.281 Y135.525 E2150.69645
G1 X158.325 Y135.088 E2150.71171
G1 X158.49 Y134.675 E2150.72717
G1 X158.73 Y134.339 E2150.74152
G1 X159.044 Y134.069 E2150.75592
G1 X159.41 Y133.882 E2150.7702
G1 X159.778 Y133.791 E2150.78338
G1 X160.234 Y133.794 E2150.79923
G1 X160.635 Y133.901 E2150.81365
G1 X160.998 Y134.099 E2150.82802
G1 X161.306 Y134.379 E2150.84249
G1 X161.522 Y134.694 E2150.85577
G1 X161.673 Y135.098 E2150.87076
G1 X161.72 Y135.512 E2150.88524
G1 X161.662 Y135.934 E2150.90004
G1 X161.525 Y136.296 E2150.9135
G1 X161.281 Y136.648 E2150.92838
G1 X160.982 Y136.911 E2150.94222
G1 X160.617 Y137.104 E2150.95657
G1 F2400 E2150.45657
G1 F600 Z3.7
G0 F15000 X169.408 Y139.17 Z3.7
G1 F600 Z3.3
G1 F2400 E2150.95657
G1 F9000 X169.027 Y139.219 E2150.96993
G1 X168.597 Y139.172 E2150.98496
G1 X168.19 Y139.02 E2151.00006
G1 X167.857 Y138.789 E2151.01415
G1 X167.585 Y138.482 E2151.0284
G1 X167.386 Y138.101 E2151.04334
G1 X167.289 Y137.71 E2151.05734
G1 X167.291 Y137.276 E2151.07243
G1 X167.401 Y136.86 E2151.08738
G1 X167.599 Y136.502 E2151.1016
G1 X167.866 Y136.204 E2151.11551
G1 X168.22 Y135.966 E2151.13034
G1 X168.602 Y135.823 E2151.14451
G1 X169 Y135.78 E2151.15843
G1 X169.436 Y135.834 E2151.1737
G1 X169.821 Y135.99 E2151.18814
G1 X170.157 Y136.23 E2151.20249
G1 X170.427 Y136.544 E2151.21688
G1 X170.614 Y136.91 E2151.23117
G1 X170.702 Y137.262 E2151.24378
G1 X170.705 Y137.718 E2151.25963
G1 X170.595 Y138.135 E2151.27462
G1 X170.397 Y138.498 E2151.28899
G1 X170.117 Y138.806 E2151.30345
G1 X169.821 Y139.01 E2151.31595
G1 X169.408 Y139.17 E2151.33134
G1 F2400 E2150.83134
G1 F600 Z3.7
G0 F15000 X153.72 Y161.02 Z3.7
G1 F600 Z3.3
G1 F2400 E2151.33134
G1 F9000 X153.668 Y161.144 E2151.33602
G1 X153.546 Y161.216 E2151.34094
G1 X129.435 Y161.22 E2152.17896
G1 X129.323 Y161.132 E2152.18391
G1 X129.283 Y161.038 E2152.18746
G1 X129.28 Y143 E2152.81441
G1 X129.323 Y142.867 E2152.81927
G1 X129.436 Y142.78 E2152.82422
G1 X153.546 Y142.784 E2153.66221
G1 X153.635 Y142.825 E2153.66562
G1 X153.72 Y142.937 E2153.6705
G1 X153.72 Y161.02 E2154.29901
G1 F2400 E2153.79901
G1 F600 Z3.7
G0 F15000 X160.586 Y170.114 Z3.7
G1 F600 Z3.3
G1 F2400 E2154.29901
G1 F9000 X160.218 Y170.205 E2154.31219
G1 X159.762 Y170.202 E2154.32804
G1 X159.36 Y170.095 E2154.34249
G1 X159.044 Y169.927 E2154.35493
G1 X158.694 Y169.617 E2154.37118
G1 X158.466 Y169.276 E2154.38544
G1 X158.321 Y168.881 E2154.40007
G1 X158.281 Y168.475 E2154.41425
G1 X158.325 Y168.091 E2154.42768
G1 X158.476 Y167.698 E2154.44231
G1 X158.721 Y167.347 E2154.45719
G1 X159.023 Y167.082 E2154.47115
G1 X159.41 Y166.882 E2154.4863
G1 X159.805 Y166.788 E2154.50041
G1 X160.203 Y166.789 E2154.51424
G1 X160.624 Y166.895 E2154.52933
G1 X160.971 Y167.078 E2154.54297
G1 X161.284 Y167.352 E2154.55742
G1 X161.53 Y167.711 E2154.57255
G1 X161.67 Y168.086 E2154.58646
G1 X161.72 Y168.514 E2154.60144
G1 X161.666 Y168.924 E2154.61581
G1 X161.51 Y169.321 E2154.63064
G1 X161.306 Y169.617 E2154.64313
G1 X160.955 Y169.927 E2154.65941
G1 X160.586 Y170.114 E2154.67379
G1 F2400 E2154.17379
G1 F600 Z3.7
G0 F15000 X169.788 Y167.029 Z3.7
G1 F600 Z3.3
G1 F2400 E2154.67379
G1 F9000 X169.395 Y167.173 E2154.68834
G1 X168.973 Y167.219 E2154.70309
G1 X168.562 Y167.162 E2154.71751
G1 X168.175 Y167.01 E2154.73196
G1 X167.863 Y166.794 E2154.74515
G1 X167.586 Y166.483 E2154.75963
G1 X167.392 Y166.117 E2154.77403
G1 X167.288 Y165.693 E2154.7892
G1 X167.291 Y165.274 E2154.80376
G1 X167.388 Y164.889 E2154.81756
G1 X167.591 Y164.51 E2154.83251
G1 X167.852 Y164.216 E2154.84617
G1 X168.22 Y163.966 E2154.86163
G1 X168.583 Y163.827 E2154.87514
G1 X168.998 Y163.78 E2154.88966
G1 X169.408 Y163.825 E2154.90399
G1 X169.821 Y163.99 E2154.91945
G1 X170.157 Y164.23 E2154.9338
G1 X170.427 Y164.544 E2154.9482
G1 X170.614 Y164.91 E2154.96248
G1 X170.702 Y165.262 E2154.97509
G1 X170.705 Y165.718 E2154.99094
G1 X170.595 Y166.135 E2155.00593
G1 X170.397 Y166.498 E2155.0203
G1 X170.117 Y166.806 E2155.03477
G1 X169.788 Y167.029 E2155.04859
G1 F2400 E2154.54859
G1 F600 Z3.7
G0 F15000 X176.28 Y175.78 Z3.7
G1 F600 Z3.3
G1 F2400 E2155.04859
G1 F9000 X176.28 Y128.22 E2156.70162
G1 X127.72 Y128.22 E2158.38941
G1 X127.72 Y175.78 E2160.04245
G1 X176.28 Y175.78 E2161.73024
G1 F2400 E2161.23024
G1 F600 Z3.7
G0 F15000 X132.586 Y170.114 Z3.7
G1 F600 Z3.3
G1 F2400 E2161.73024
G1 F9000 X132.218 Y170.205 E2161.74342
G1 X131.762 Y170.202 E2161.75927
G1 X131.403 Y170.112 E2161.77213
G1 X131.044 Y169.927 E2161.78617
G1 X130.694 Y169.617 E2161.80242
G1 X130.466 Y169.276 E2161.81667
G1 X130.323 Y168.894 E2161.83085
G1 X130.281 Y168.525 E2161.84376
G1 X130.334 Y168.06 E2161.86003
G1 X130.49 Y167.675 E2161.87446
G1 X130.73 Y167.339 E2161.88882
G1 X131.044 Y167.069 E2161.90321
G1 X131.41 Y166.882 E2161.91749
G1 X131.778 Y166.791 E2161.93067
G1 X132.234 Y166.794 E2161.94652
G1 X132.635 Y166.901 E2161.96095
G1 X132.998 Y167.099 E2161.97532
G1 X133.306 Y167.379 E2161.98978
G1 X133.51 Y167.675 E2162.00228
G1 X133.67 Y168.088 E2162.01767
G1 X133.719 Y168.527 E2162.03303
G1 X133.67 Y168.908 E2162.04638
G1 X133.51 Y169.321 E2162.06177
G1 X133.306 Y169.617 E2162.07427
G1 X132.955 Y169.927 E2162.09054
G1 X132.586 Y170.114 E2162.10492
G0 F15000 X132.693 Y170.541
;TYPE:WALL-INNER
G1 F10500 X132.294 Y170.639 E2162.1192
G1 X131.816 Y170.648 E2162.13582
G1 X131.282 Y170.535 E2162.15479
G1 X130.838 Y170.315 E2162.17201
G1 X130.375 Y169.934 E2162.19285
G1 X130.056 Y169.435 E2162.21344
G1 X129.889 Y168.97 E2162.23061
G1 X129.843 Y168.574 E2162.24447
G1 X129.89 Y167.981 E2162.26514
G1 X130.128 Y167.425 E2162.28616
G1 X130.439 Y167.009 E2162.30421
G1 X130.838 Y166.681 E2162.32217
G1 X131.282 Y166.461 E2162.33939
G1 X131.702 Y166.357 E2162.35443
G1 X132.341 Y166.367 E2162.37664
G1 X132.839 Y166.511 E2162.39466
G1 X133.159 Y166.679 E2162.40722
G1 X133.561 Y167.009 E2162.4253
G1 X133.872 Y167.425 E2162.44335
G1 X134.098 Y167.986 E2162.46437
G1 X134.156 Y168.581 E2162.48515
G1 X134.098 Y169.011 E2162.50023
G1 X133.946 Y169.429 E2162.51569
G1 X133.625 Y169.934 E2162.53649
G1 X133.159 Y170.317 E2162.55745
G1 X132.693 Y170.541 E2162.57542
G0 F15000 X132.799 Y170.968
G1 F10500 X132.37 Y171.072 E2162.59077
G1 X131.816 Y171.088 E2162.61003
G1 X131.161 Y170.958 E2162.63324
G1 X130.631 Y170.704 E2162.65367
G1 X130.148 Y170.317 E2162.67518
G1 X129.97 Y170.117 E2162.68448
G1 X129.646 Y169.595 E2162.70584
G1 F9788.1 X129.485 Y169.265 E2162.71953
G1 F7993.1 X129.352 Y169.064 E2162.73053
G1 F7241.4 X129.315 Y168.634 E2162.75228
G1 F7403.8 X129.315 Y168.368 E2162.76539
G1 F7287.1 X129.345 Y168.007 E2162.78354
G1 F8400 X129.506 Y167.739 E2162.79712
G1 F10312.5 X129.646 Y167.401 E2162.81007
G1 F10500 X129.97 Y166.879 E2162.83142
G1 X130.148 Y166.679 E2162.84073
G1 X130.631 Y166.292 E2162.86224
G1 X131.161 Y166.038 E2162.88267
G1 X131.626 Y165.924 E2162.89931
G1 X132.18 Y165.908 E2162.91857
G1 X132.799 Y166.028 E2162.94048
G1 X133.364 Y166.29 E2162.96213
G1 X133.852 Y166.679 E2162.98382
G1 X134.308 Y167.27 E2163.00977
G1 X134.526 Y167.883 E2163.03238
G1 X134.6 Y168.5 E2163.05398
G1 X134.526 Y169.114 E2163.07547
G1 X134.358 Y169.584 E2163.09282
G1 X134.03 Y170.117 E2163.11457
G1 X133.58 Y170.557 E2163.13645
G1 X133.364 Y170.706 E2163.14557
G1 X132.799 Y170.968 E2163.16721
G1 F2400 E2162.66721
G1 F600 Z3.7
G0 F15000 X128.16 Y175.34 Z3.7
G1 F600 Z3.3
G1 F2400 E2163.16721
G1 F10500 X175.84 Y175.34 E2164.82442
G1 X175.84 Y128.66 E2166.44687
G1 X128.16 Y128.66 E2168.10408
G1 X128.16 Y142.333 E2168.57931
G1 F9240 X128.22 Y143 E2168.60576
G1 F8250 X128.22 Y143.957 E2168.64809
G1 F8235.3 X128.22 Y144.914 E2168.6905
G1 X128.221 Y145.871 E2168.73291
G1 X128.221 Y146.828 E2168.77532
G1 F8220.6 X128.221 Y147.785 E2168.8178
G1 X128.221 Y148.742 E2168.86029
G1 F8206 X128.221 Y149.699 E2168.90285
G1 X128.222 Y150.656 E2168.94541
G1 F8191.5 X128.222 Y151.613 E2168.98805
G1 X128.222 Y152.57 E2169.03068
G1 X128.222 Y153.527 E2169.07332
G1 F8177 X128.223 Y154.484 E2169.11603
G1 X128.223 Y155.441 E2169.15874
G1 F8162.5 X128.223 Y156.398 E2169.20153
G1 X128.223 Y157.355 E2169.24432
G1 F8148.1 X128.223 Y158.312 E2169.28718
G1 X128.224 Y159.269 E2169.33004
G1 X128.224 Y160.226 E2169.37291
G1 F8133.8 X128.224 Y161.183 E2169.41585
G1 F9166.7 X128.159 Y161.666 E2169.43525
G1 F10500 X128.16 Y175.34 E2169.91051
G0 F15000 X128.6 Y174.9
G1 F10500 X175.4 Y174.9 E2171.53713
G1 X175.4 Y129.1 E2173.129
G1 X128.6 Y129.1 E2174.75562
G1 X128.601 Y134.206 E2174.93308
G1 F10312.5 X128.608 Y134.571 E2174.946
G1 F8400 X128.703 Y134.972 E2174.96391
G1 F7287.1 X128.693 Y135.334 E2174.98204
G1 F7403.8 X128.693 Y135.668 E2174.99851
G1 F7241.4 X128.706 Y136.12 E2175.0213
G1 F7993.1 X128.631 Y136.425 E2175.03564
G1 F9788.1 X128.601 Y136.79 E2175.04929
G1 F10500 X128.6 Y142.354 E2175.24268
G1 X129.076 Y141.984 E2175.26363
G1 X129.5 Y141.9 E2175.27866
G1 X153.61 Y141.905 E2176.11664
G1 X153.942 Y141.992 E2176.12857
G1 X154.246 Y142.19 E2176.14118
G1 X154.46 Y142.461 E2176.15319
G1 X154.596 Y142.9 E2176.16916
G1 X154.601 Y161.157 E2176.80371
G1 X154.46 Y161.538 E2176.81783
G1 X154.174 Y161.871 E2176.83309
G1 X153.86 Y162.04 E2176.84549
G1 X153.532 Y162.1 E2176.85707
G1 X129.5 Y162.1 E2177.69235
G1 X129.076 Y162.016 E2177.70737
G1 X128.599 Y161.643 E2177.72842
G1 X128.601 Y167.206 E2177.92177
G1 F10312.5 X128.608 Y167.571 E2177.93469
G1 F8400 X128.703 Y167.972 E2177.9526
G1 F7287.1 X128.693 Y168.334 E2177.97073
G1 F7403.8 X128.693 Y168.668 E2177.9872
G1 F7241.4 X128.706 Y169.12 E2178.00999
G1 F7993.1 X128.631 Y169.425 E2178.02433
G1 F9788.1 X128.601 Y169.79 E2178.03798
G1 F10500 X128.6 Y174.9 E2178.21559
G1 F2400 E2177.71559
G1 F600 Z3.7
G0 F15000 X129.5 Y161.66 Z3.7
G1 F600 Z3.3
G1 F2400 E2178.21559
G1 F10500 X129.245 Y161.61 E2178.22462
G1 X128.971 Y161.396 E2178.2367
G1 F9166.7 X128.786 Y161.125 E2178.24977
G1 F8133.8 X128.786 Y160.171 E2178.29257
G1 F8148.1 X128.785 Y159.217 E2178.3353
G1 X128.785 Y158.263 E2178.37803
G1 X128.785 Y157.309 E2178.42076
G1 F8162.5 X128.784 Y156.355 E2178.46341
G1 X128.784 Y155.401 E2178.50606
G1 F8177 X128.784 Y154.447 E2178.54864
G1 X128.783 Y153.493 E2178.59122
G1 F8191.5 X128.783 Y152.539 E2178.63372
G1 X128.783 Y151.585 E2178.67622
G1 X128.783 Y150.631 E2178.71873
G1 F8206 X128.782 Y149.677 E2178.76115
G1 X128.782 Y148.723 E2178.80358
G1 F8220.6 X128.782 Y147.769 E2178.84593
G1 X128.781 Y146.815 E2178.88828
G1 F8235.3 X128.781 Y145.861 E2178.93056
G1 X128.781 Y144.907 E2178.97284
G1 X128.78 Y143.953 E2179.01511
G1 F8250 X128.78 Y142.999 E2179.05732
G1 F9240 X128.971 Y142.603 E2179.07468
G1 F10500 X129.246 Y142.39 E2179.08677
G1 X129.5 Y142.34 E2179.09577
G1 X153.566 Y142.343 E2179.93223
G1 X153.766 Y142.395 E2179.93941
G1 X153.948 Y142.514 E2179.94697
G1 X154.113 Y142.753 E2179.95706
G1 X154.158 Y142.94 E2179.96375
G1 X154.158 Y161.06 E2180.59354
G1 X154.113 Y161.247 E2180.60022
G1 X153.948 Y161.486 E2180.61032
G1 X153.766 Y161.605 E2180.61788
G1 X153.566 Y161.657 E2180.62506
G1 X129.5 Y161.66 E2181.46152
G1 F2400 E2180.96152
G1 F600 Z3.7
G0 F15000 X131.816 Y137.648 Z3.7
G1 F600 Z3.3
G1 F2400 E2181.46152
G1 F10500 X131.282 Y137.535 E2181.48049
G1 X130.838 Y137.315 E2181.49771
G1 X130.375 Y136.934 E2181.51855
G1 X130.056 Y136.435 E2181.53914
G1 X129.889 Y135.97 E2181.55631
G1 X129.843 Y135.574 E2181.57017
G1 X129.89 Y134.981 E2181.59084
G1 X130.128 Y134.425 E2181.61186
G1 X130.439 Y134.009 E2181.62991
G1 X130.838 Y133.681 E2181.64787
G1 X131.282 Y133.461 E2181.66509
G1 X131.702 Y133.357 E2181.68013
G1 X132.341 Y133.367 E2181.70234
G1 X132.839 Y133.511 E2181.72036
G1 X133.159 Y133.679 E2181.73292
G1 X133.561 Y134.009 E2181.751
G1 X133.872 Y134.425 E2181.76905
G1 X134.098 Y134.986 E2181.79007
G1 X134.156 Y135.581 E2181.81085
G1 X134.098 Y136.011 E2181.82593
G1 X133.946 Y136.429 E2181.84139
G1 X133.625 Y136.934 E2181.86219
G1 X133.159 Y137.317 E2181.88315
G1 X132.693 Y137.541 E2181.90112
G1 X132.294 Y137.639 E2181.9154
G1 X131.816 Y137.648 E2181.93202
G0 F15000 X131.816 Y138.088
G1 F10500 X131.161 Y137.958 E2181.95523
G1 X130.631 Y137.704 E2181.97566
G1 X130.148 Y137.317 E2181.99717
G1 X129.97 Y137.117 E2182.00647
G1 X129.646 Y136.595 E2182.02783
G1 F9788.1 X129.485 Y136.265 E2182.04152
G1 F7993.1 X129.352 Y136.064 E2182.05252
G1 F7241.4 X129.315 Y135.634 E2182.07427
G1 F7403.8 X129.315 Y135.368 E2182.08739
G1 F7287.1 X129.345 Y135.007 E2182.10553
G1 F8400 X129.506 Y134.739 E2182.11911
G1 F10312.5 X129.646 Y134.401 E2182.13206
G1 F10500 X129.97 Y133.879 E2182.15341
G1 X130.148 Y133.679 E2182.16272
G1 X130.631 Y133.292 E2182.18423
G1 X131.161 Y133.038 E2182.20466
G1 X131.626 Y132.924 E2182.2213
G1 X132.18 Y132.908 E2182.24056
G1 X132.799 Y133.028 E2182.26247
G1 X133.364 Y133.29 E2182.28412
G1 X133.852 Y133.679 E2182.30581
G1 X134.308 Y134.27 E2182.33176
G1 X134.526 Y134.883 E2182.35437
G1 X134.6 Y135.5 E2182.37597
G1 X134.526 Y136.114 E2182.39746
G1 X134.358 Y136.584 E2182.41481
G1 X134.03 Y137.117 E2182.43656
G1 X133.58 Y137.557 E2182.45844
G1 X133.364 Y137.706 E2182.46756
G1 X132.799 Y137.968 E2182.48921
G1 X132.37 Y138.072 E2182.50455
G1 X131.816 Y138.088 E2182.52381
G1 F2400 E2182.02381
G1 F600 Z3.7
G0 F15000 X157.84 Y135.5 Z3.7
G1 F600 Z3.3
G1 F2400 E2182.52381
G1 F10500 X157.897 Y134.986 E2182.54179
G1 X158.056 Y134.561 E2182.55756
G1 X158.375 Y134.062 E2182.57814
G1 X158.838 Y133.681 E2182.59898
G1 X159.304 Y133.455 E2182.61698
G1 X159.702 Y133.357 E2182.63123
G1 X160.341 Y133.367 E2182.65344
G1 X160.839 Y133.511 E2182.67146
G1 X161.159 Y133.679 E2182.68402
G1 X161.561 Y134.009 E2182.7021
G1 X161.928 Y134.523 E2182.72405
G1 X162.105 Y135.015 E2182.74222
G1 X162.16 Y135.488 E2182.75877
G1 X162.082 Y136.066 E2182.77905
G1 X161.917 Y136.496 E2182.79505
G1 X161.624 Y136.924 E2182.81308
G1 X161.198 Y137.295 E2182.83272
G1 X160.759 Y137.521 E2182.84988
G1 X160.267 Y137.643 E2182.8675
G1 X159.783 Y137.648 E2182.88432
G1 X159.231 Y137.518 E2182.90403
G1 X158.773 Y137.276 E2182.92203
G1 X158.381 Y136.929 E2182.94023
G1 X158.086 Y136.501 E2182.9583
G1 X157.896 Y136.002 E2182.97686
G1 X157.84 Y135.5 E2182.99441
G0 F15000 X157.4 Y135.5
G1 F10500 X157.469 Y134.884 E2183.01596
G1 X157.646 Y134.401 E2183.03383
G1 X157.97 Y133.879 E2183.05519
G1 X158.148 Y133.679 E2183.06449
G1 X158.631 Y133.292 E2183.08601
G1 X159.197 Y133.028 E2183.10771
G1 X159.626 Y132.924 E2183.12306
G1 X160.18 Y132.908 E2183.14232
G1 X160.799 Y133.028 E2183.16423
G1 X161.364 Y133.29 E2183.18588
G1 X161.852 Y133.679 E2183.20757
G1 X162.295 Y134.274 E2183.23335
G1 X162.529 Y134.858 E2183.25522
G1 X162.606 Y135.532 E2183.2788
G1 X162.522 Y136.149 E2183.30044
G1 X162.309 Y136.696 E2183.32084
G1 X161.962 Y137.218 E2183.34263
G1 X161.452 Y137.664 E2183.36618
G1 X160.869 Y137.948 E2183.38872
G1 X160.324 Y138.079 E2183.4082
G1 X159.701 Y138.088 E2183.42986
G1 X159.076 Y137.93 E2183.45226
G1 X158.485 Y137.611 E2183.4756
G1 X158.051 Y137.22 E2183.49591
G1 X157.696 Y136.705 E2183.51765
G1 X157.471 Y136.146 E2183.53859
G1 X157.4 Y135.5 E2183.56118
G1 F2400 E2183.06118
G1 F600 Z3.7
G0 F15000 X166.852 Y137.241 Z3.7
G1 F600 Z3.3
G1 F2400 E2183.56118
G1 F10500 X166.975 Y136.738 E2183.57918
G1 X167.215 Y136.28 E2183.59715
G1 X167.555 Y135.891 E2183.61511
G1 X168.061 Y135.556 E2183.6362
G1 X168.526 Y135.389 E2183.65337
G1 X169 Y135.34 E2183.66993
G1 X169.595 Y135.424 E2183.69082
G1 X170.05 Y135.614 E2183.70796
G1 X170.487 Y135.939 E2183.72689
G1 X170.815 Y136.338 E2183.74484
G1 X171.041 Y136.803 E2183.76281
G1 X171.148 Y137.316 E2183.78102
G1 X171.139 Y137.794 E2183.79764
G1 X171.041 Y138.193 E2183.81192
G1 X170.817 Y138.659 E2183.82989
G1 X170.487 Y139.061 E2183.84797
G1 X170.071 Y139.372 E2183.86602
G1 X169.511 Y139.598 E2183.88701
G1 X168.919 Y139.656 E2183.90768
G1 X168.431 Y139.583 E2183.92483
G1 X167.972 Y139.402 E2183.94198
G1 X167.529 Y139.083 E2183.96096
G1 X167.204 Y138.703 E2183.97834
G1 X166.968 Y138.237 E2183.99649
G1 X166.849 Y137.725 E2184.01476
G1 X166.852 Y137.241 E2184.03158
G0 F15000 X166.415 Y137.191
G1 F10500 X166.562 Y136.588 E2184.05316
G1 X166.843 Y136.029 E2184.0749
G1 X167.317 Y135.516 E2184.09918
G1 X167.901 Y135.146 E2184.12321
G1 X168.45 Y134.956 E2184.1434
G1 X169 Y134.9 E2184.16261
G1 X169.479 Y134.946 E2184.17934
G1 X169.755 Y135.014 E2184.18922
G1 X170.286 Y135.243 E2184.20932
G1 X170.817 Y135.648 E2184.23253
G1 X171.204 Y136.131 E2184.25404
G1 X171.468 Y136.697 E2184.27575
G1 X171.588 Y137.316 E2184.29766
G1 X171.573 Y137.87 E2184.31692
G1 X171.468 Y138.299 E2184.33228
G1 X171.207 Y138.864 E2184.35391
G1 X170.817 Y139.352 E2184.37562
G1 X170.321 Y139.734 E2184.39738
G1 X169.614 Y140.026 E2184.42397
G1 X168.992 Y140.1 E2184.44574
G1 X168.362 Y140.029 E2184.46777
G1 X167.754 Y139.784 E2184.49056
G1 X167.296 Y139.467 E2184.50992
G1 X166.863 Y138.996 E2184.53215
G1 X166.574 Y138.441 E2184.5539
G1 X166.409 Y137.831 E2184.57586
G1 X166.415 Y137.191 E2184.59811
G1 F2400 E2184.09811
G1 F600 Z3.7
G0 F15000 X168.996 Y163.34 Z3.7
G1 F600 Z3.3
G1 F2400 E2184.59811
G1 F10500 X169.51 Y163.397 E2184.61608
G1 X169.935 Y163.556 E2184.63186
G1 X170.434 Y163.875 E2184.65244
G1 X170.815 Y164.338 E2184.67328
G1 X171.041 Y164.803 E2184.69125
G1 X171.148 Y165.316 E2184.70946
G1 X171.139 Y165.794 E2184.72608
G1 X171.041 Y166.193 E2184.74036
G1 X170.817 Y166.659 E2184.75833
G1 X170.487 Y167.061 E2184.77641
G1 X169.971 Y167.429 E2184.79844
G1 X169.471 Y167.607 E2184.81688
G1 X169 Y167.66 E2184.83336
G1 X168.407 Y167.574 E2184.85418
G1 X167.971 Y167.401 E2184.87049
G1 X167.583 Y167.133 E2184.88688
G1 X167.232 Y166.743 E2184.90511
G1 X166.986 Y166.285 E2184.92318
G1 X166.855 Y165.779 E2184.94135
G1 X166.859 Y165.192 E2184.96175
G1 X166.996 Y164.688 E2184.97991
G1 X167.216 Y164.279 E2184.99605
G1 X167.548 Y163.898 E2185.01361
G1 X167.97 Y163.599 E2185.03159
G1 X168.517 Y163.391 E2185.05193
G1 X168.996 Y163.34 E2185.06867
G0 F15000 X168.993 Y162.9
G1 F10500 X169.612 Y162.969 E2185.09032
G1 X170.095 Y163.146 E2185.1082
G1 X170.617 Y163.47 E2185.12955
G1 X170.817 Y163.648 E2185.13886
G1 X171.204 Y164.131 E2185.16037
G1 X171.468 Y164.697 E2185.18208
G1 X171.588 Y165.316 E2185.20399
G1 X171.573 Y165.87 E2185.22325
G1 X171.468 Y166.299 E2185.23861
G1 X171.207 Y166.864 E2185.26024
G1 X170.817 Y167.352 E2185.28195
G1 X170.617 Y167.53 E2185.29125
G1 X170.154 Y167.829 E2185.31041
G1 X169.547 Y168.04 E2185.33275
G1 X169 Y168.1 E2185.35187
G1 X168.252 Y167.986 E2185.37817
G1 X167.719 Y167.763 E2185.39825
G1 X167.263 Y167.445 E2185.41758
G1 X166.845 Y166.968 E2185.43962
G1 X166.558 Y166.412 E2185.46137
G1 X166.42 Y165.844 E2185.48168
G1 X166.405 Y165.195 E2185.50425
G1 X166.56 Y164.592 E2185.52589
G1 X166.843 Y164.029 E2185.54779
G1 X167.271 Y163.548 E2185.57017
G1 X167.786 Y163.194 E2185.59189
G1 X168.367 Y162.966 E2185.61358
G1 X168.993 Y162.9 E2185.63546
G1 F2400 E2185.13546
G1 F600 Z3.7
G0 F15000 X161.904 Y167.477 Z3.7
G1 F600 Z3.3
G1 F2400 E2185.63546
G1 F10500 X162.097 Y167.98 E2185.65418
G1 X162.16 Y168.482 E2185.67177
G1 X162.1 Y169.002 E2185.68996
G1 X161.937 Y169.451 E2185.70656
G1 X161.561 Y169.987 E2185.72932
G1 X161.159 Y170.317 E2185.7474
G1 X160.693 Y170.541 E2185.76537
G1 X160.294 Y170.639 E2185.77965
G1 X159.816 Y170.648 E2185.79626
G1 X159.303 Y170.541 E2185.81448
G1 X158.838 Y170.315 E2185.83245
G1 X158.375 Y169.934 E2185.85329
G1 X158.056 Y169.435 E2185.87387
G1 X157.898 Y169.01 E2185.88963
G1 X157.84 Y168.5 E2185.90747
G1 X157.896 Y167.995 E2185.92513
G1 X158.086 Y167.494 E2185.94376
G1 X158.412 Y167.033 E2185.96338
G1 X158.773 Y166.72 E2185.97999
G1 X159.303 Y166.455 E2186.00058
G1 X159.783 Y166.348 E2186.01768
G1 X160.249 Y166.351 E2186.03387
G1 X160.744 Y166.47 E2186.05157
G1 X161.208 Y166.708 E2186.06969
G1 X161.604 Y167.05 E2186.08788
G1 X161.904 Y167.477 E2186.10602
G0 F15000 X162.32 Y167.308
G1 F10500 X162.533 Y167.891 E2186.12759
G1 X162.6 Y168.47 E2186.14785
G1 X162.537 Y169.105 E2186.17003
G1 X162.343 Y169.621 E2186.18919
G1 X162.03 Y170.117 E2186.20957
G1 X161.58 Y170.557 E2186.23145
G1 X161.364 Y170.706 E2186.24057
G1 X160.799 Y170.968 E2186.26221
G1 X160.37 Y171.072 E2186.27756
G1 X159.816 Y171.088 E2186.29682
G1 X159.549 Y171.056 E2186.30617
G1 X158.947 Y170.872 E2186.32805
G1 X158.42 Y170.557 E2186.34938
G1 X157.97 Y170.117 E2186.37126
G1 X157.646 Y169.595 E2186.39261
G1 X157.47 Y169.112 E2186.41048
G1 X157.4 Y168.5 E2186.43189
G1 X157.471 Y167.85 E2186.45462
G1 X157.696 Y167.291 E2186.47556
G1 X158.051 Y166.775 E2186.49733
G1 X158.523 Y166.358 E2186.51922
G1 X159.197 Y166.028 E2186.5453
G1 X159.702 Y165.909 E2186.56334
G1 X160.337 Y165.913 E2186.58541
G1 X160.939 Y166.068 E2186.60701
G1 X161.49 Y166.361 E2186.6287
G1 X161.959 Y166.779 E2186.65054
G1 X162.32 Y167.308 E2186.6728
G1 F2400 E2186.1728
G1 F600 Z3.7
G0 F15000 X166.362 Y133.57 Z3.7
;TYPE:FILL
G1 F600 Z3.3
G1 F2400 E2186.6728
G1 F15000 X166.362 Y133.179 E2186.68639
G1 X164.538 Y131.453 E2186.77367
G1 X163.93 Y131.43 E2186.79482
G1 X163.93 Y131.132 E2186.80517
G1 X164.548 Y131.155 E2186.82667
G1 X166.273 Y129.43 E2186.91146
G1 X166.761 Y129.43 E2186.92842
G1 X170.51 Y133.179 E2187.1127
G1 X170.51 Y133.57 E2187.12629
G1 X170.82 Y133.57 E2187.13706
G1 X170.82 Y133.18 E2187.15062
G1 X174.569 Y129.43 E2187.33492
G1 X175.07 Y129.43 E2187.35233
G1 X175.057 Y129.43 E2187.35278
G1 X175.07 Y129.443 E2187.35342
G1 X175.07 Y133.077 E2187.47973
G1 X174.968 Y133.179 E2187.48474
G1 X174.968 Y133.57 E2187.49833
G1 X174.658 Y133.57 E2187.50911
G1 X174.658 Y133.179 E2187.5227
G1 X170.909 Y129.43 E2187.70697
G1 X170.421 Y129.43 E2187.72394
G1 X166.672 Y133.18 E2187.90824
G1 X166.672 Y133.57 E2187.92179
G1 X166.362 Y133.57 E2187.93257
G1 F2400 E2187.43257
G1 F600 Z3.7
G0 F15000 X162.37 Y142.43 Z3.7
G1 F600 Z3.3
G1 F2400 E2187.93257
G1 F15000 X161.57 Y142.43 E2187.96037
G1 X154.928 Y149.072 E2188.28685
G1 X154.927 Y150.779 E2188.34618
G1 X162.37 Y158.221 E2188.71201
G1 X158.721 Y161.869 E2188.89134
G1 X161.869 Y161.869 E2189.00076
G1 X154.929 Y154.929 E2189.34188
G1 X154.929 Y153.218 E2189.40135
G1 X162.37 Y145.779 E2189.76705
G1 X159.022 Y142.43 E2189.93165
G1 X154.874 Y142.43 E2190.07582
G1 X162.37 Y149.925 E2190.44425
G1 X154.931 Y157.364 E2190.8099
G1 X154.931 Y159.079 E2190.86951
G1 X157.722 Y161.869 E2191.00667
G1 X154.63 Y161.87 E2191.11414
G1 X154.752 Y161.691 E2191.12167
G1 X162.37 Y154.074 E2191.4961
G1 X154.926 Y146.63 E2191.862
G1 X154.926 Y144.925 E2191.92126
G1 X157.422 Y142.43 E2192.04392
G1 X157.499 Y142.353
G1 F2400 E2191.54392
G1 F600 Z3.7
G0 F15000 X167.753 Y169.43 Z3.7
G1 F600 Z3.3
G1 F2400 E2192.04392
G1 F15000 X164.598 Y172.584 E2192.19897
G1 X163.93 Y172.584 E2192.22219
G1 X163.93 Y172.894 E2192.23297
G1 X164.598 Y172.894 E2192.25618
G1 X166.274 Y174.57 E2192.33857
G1 X166.76 Y174.571 E2192.35546
G1 X171.9 Y169.43 E2192.60813
G1 X173.578 Y169.43 E2192.66645
G1 X174.657 Y170.51 E2192.71952
G1 X175.07 Y170.51 E2192.73387
G1 X175.07 Y170.82 E2192.74464
G1 X174.658 Y170.82 E2192.75896
G1 X170.908 Y174.571 E2192.94331
G1 X170.422 Y174.57 E2192.96021
G1 X165.282 Y169.43 E2193.21286
G1 X168.88 Y169.43 E2193.33791
G1 X168.97 Y168.97 E2193.3542
G1 X169.134 Y169.134 E2193.36226
G1 X169.22 Y169.43 E2193.37298
G1 X169.43 Y169.43 E2193.38028
G1 X174.57 Y174.57 E2193.63293
G1 X175.07 Y174.556 E2193.65031
G1 X175.056 Y174.571 E2193.65102
G1 X174.983 Y174.649
G1 F2400 E2193.15102
G1 F600 Z3.7
G0 F15000 X169.039 Y168.446 Z3.7
;TYPE:SKIN
G1 F600 Z3.3
G1 F2400 E2193.65102
G1 F11379.3 X168.978 Y168.449 E2193.6527
G1 F2400 E2193.1527
G1 F600 Z3.7
G0 F15000 X163.804 Y169.146 Z3.7
G1 F600 Z3.3
G1 F2400 E2193.6527
G1 F9000 X168.643 Y169.144 E2193.82089
G1 X168.715 Y168.782 E2193.83372
G1 F9230.8 X168.766 Y168.583 E2193.84068
G1 F10339.4 X168.978 Y168.449 E2193.84827
G1 X168.671 Y168.454 E2193.85756
G1 F9230.8 X168.465 Y168.444 E2193.86455
G1 F9000 X168.1 Y168.352 E2193.87763
G1 X167.534 Y168.113 E2193.89898
G1 X167.014 Y167.753 E2193.92097
G1 X166.5 Y167.166 E2193.94809
G1 X166.193 Y166.571 E2193.97136
G1 X166.03 Y165.925 E2193.99451
G1 X166.01 Y165.143 E2194.0217
G1 X166.202 Y164.404 E2194.04824
G1 X166.559 Y163.749 E2194.07417
G1 X166.991 Y163.265 E2194.09672
G1 X167.575 Y162.86 E2194.12142
G1 X168.263 Y162.578 E2194.14726
G1 X168.982 Y162.504 E2194.17238
G1 X169.662 Y162.568 E2194.19612
G1 X170.228 Y162.773 E2194.21704
G1 X170.863 Y163.16 E2194.24289
G1 X171.12 Y163.394 E2194.25497
G1 X171.55 Y163.932 E2194.27891
G1 X171.837 Y164.565 E2194.30307
G1 X171.984 Y165.324 E2194.32994
G1 X171.961 Y165.938 E2194.35129
G1 X171.837 Y166.432 E2194.369
G1 X171.565 Y167.028 E2194.39177
G1 X171.091 Y167.633 E2194.41848
G1 X170.835 Y167.858 E2194.43032
G1 X170.347 Y168.17 E2194.45046
G1 X169.593 Y168.431 E2194.47819
G1 F9295.8 X169.323 Y168.447 E2194.48729
G1 F10421.1 X169.039 Y168.446 E2194.49582
G1 X169.246 Y168.561 E2194.50292
G1 F9295.8 X169.336 Y168.817 E2194.51206
G1 F9000 X169.433 Y169.144 E2194.52391
G1 X175.004 Y169.144 E2194.71754
G1 X175.004 Y133.856 E2195.94404
G1 X169.339 Y133.856 E2196.14094
G1 X169.266 Y134.206 E2196.15336
G1 F9406.2 X169.188 Y134.461 E2196.16223
G1 F10673.9 X169.004 Y134.572 E2196.16853
G1 X169.256 Y134.552 E2196.17594
G1 F9406.2 X169.521 Y134.552 E2196.18475
G1 F9000 X169.905 Y134.646 E2196.19849
G1 X170.515 Y134.921 E2196.22175
G1 X171.12 Y135.394 E2196.24844
G1 X171.55 Y135.932 E2196.27238
G1 X171.837 Y136.565 E2196.29653
G1 X171.984 Y137.324 E2196.32341
G1 X171.961 Y137.938 E2196.34476
G1 X171.837 Y138.431 E2196.36243
G1 X171.554 Y139.056 E2196.38628
G1 X171.121 Y139.601 E2196.41047
G1 X170.831 Y139.86 E2196.42398
G1 X170.215 Y140.232 E2196.44899
G1 X169.735 Y140.404 E2196.46672
G1 X169.036 Y140.5 E2196.49124
G1 X168.269 Y140.415 E2196.51806
G1 X167.567 Y140.145 E2196.5442
G1 X166.968 Y139.708 E2196.56997
G1 X166.534 Y139.224 E2196.59257
G1 X166.176 Y138.526 E2196.61983
G1 X166.025 Y137.899 E2196.64225
G1 X166.013 Y137.141 E2196.6686
G1 X166.18 Y136.44 E2196.69365
G1 X166.532 Y135.793 E2196.71925
G1 X166.983 Y135.262 E2196.74346
G1 X167.606 Y134.825 E2196.76991
G1 X168.402 Y134.56 E2196.79907
G1 F9428.6 X168.683 Y134.561 E2196.80839
G1 F10702.7 X168.928 Y134.577 E2196.81557
G1 X168.737 Y134.482 E2196.8218
G1 F9428.6 X168.626 Y134.223 E2196.83115
G1 F9000 X168.51 Y133.856 E2196.84453
G1 X163.815 Y133.856 E2197.00771
G1 X163.65 Y133.728 E2197.01497
G1 X163.644 Y129.496 E2197.16206
G1 X128.996 Y129.496 E2198.36632
G1 X128.996 Y134.499 E2198.54021
G1 X129.066 Y134.649 E2198.54596
G1 X129.142 Y134.559 E2198.55005
G1 X129.446 Y133.936 E2198.57415
G1 X129.894 Y133.372 E2198.59918
G1 X130.454 Y132.932 E2198.62393
G1 X131.018 Y132.668 E2198.64558
G1 X131.554 Y132.531 E2198.66481
G1 X132.202 Y132.513 E2198.68734
G1 X132.554 Y132.557 E2198.69967
G1 X133.241 Y132.778 E2198.72475
G1 X133.813 Y133.118 E2198.74788
G1 X134.35 Y133.641 E2198.77393
G1 X134.732 Y134.278 E2198.79975
G1 X134.915 Y134.806 E2198.81917
G1 X134.983 Y135.314 E2198.83698
G1 X134.982 Y135.686 E2198.84991
G1 X134.915 Y136.186 E2198.86745
G1 X134.722 Y136.74 E2198.88784
G1 X134.551 Y137.055 E2198.9003
G1 X134.126 Y137.605 E2198.92445
G1 X133.528 Y138.065 E2198.95068
G1 X132.932 Y138.337 E2198.97345
G1 X132.439 Y138.461 E2198.99112
G1 X131.816 Y138.484 E2199.01278
G1 X131.055 Y138.34 E2199.0397
G1 X130.41 Y138.033 E2199.06453
G1 X129.894 Y137.62 E2199.0875
G1 X129.423 Y137.028 E2199.1138
G1 X129.08 Y136.417 E2199.13815
G1 X128.995 Y136.795 E2199.15162
G1 X128.997 Y141.599 E2199.31859
G1 X129.457 Y141.507 E2199.33489
G1 X153.659 Y141.511 E2200.17608
G1 X154.117 Y141.638 E2200.1926
G1 X154.537 Y141.923 E2200.21024
G1 X154.711 Y142.144 E2200.22002
G1 X162.468 Y142.146 E2200.48963
G1 X162.585 Y142.201 E2200.49412
G1 X162.654 Y142.303 E2200.4984
G1 X162.657 Y161.972 E2201.18203
G1 X162.595 Y162.09 E2201.18666
G1 X162.458 Y162.155 E2201.19193
G1 X154.422 Y162.156 E2201.47124
G1 X154.237 Y162.302 E2201.47943
G1 X153.954 Y162.421 E2201.4901
G1 X153.536 Y162.497 E2201.50487
G1 X129.456 Y162.492 E2202.34181
G1 X128.996 Y162.398 E2202.35813
G1 X128.996 Y167.499 E2202.53543
G1 X129.066 Y167.649 E2202.54118
G1 X129.142 Y167.559 E2202.54527
G1 X129.446 Y166.936 E2202.56937
G1 X129.894 Y166.372 E2202.5944
G1 X130.454 Y165.932 E2202.61916
G1 X131.018 Y165.668 E2202.6408
G1 X131.554 Y165.531 E2202.66003
G1 X132.202 Y165.513 E2202.68256
G1 X132.554 Y165.557 E2202.69489
G1 X133.241 Y165.778 E2202.71997
G1 X133.813 Y166.118 E2202.7431
G1 X134.351 Y166.642 E2202.7692
G1 X134.732 Y167.281 E2202.79506
G1 X134.915 Y167.806 E2202.81438
G1 X134.983 Y168.314 E2202.8322
G1 X134.983 Y168.686 E2202.84513
G1 X134.915 Y169.19 E2202.8628
G1 X134.736 Y169.71 E2202.88192
G1 X134.551 Y170.055 E2202.89553
G1 X134.126 Y170.605 E2202.91968
G1 X133.528 Y171.065 E2202.94591
G1 X132.932 Y171.337 E2202.96868
G1 X132.438 Y171.461 E2202.98638
G1 X131.816 Y171.484 E2203.00801
G1 X131.055 Y171.34 E2203.03493
G1 X130.41 Y171.033 E2203.05976
G1 X129.894 Y170.62 E2203.08273
G1 X129.423 Y170.028 E2203.10903
G1 X129.08 Y169.417 E2203.13338
G1 X128.995 Y169.795 E2203.14685
G1 X128.997 Y174.503 E2203.31048
G1 X163.644 Y174.504 E2204.5147
G1 X163.644 Y169.922 E2204.67396
G1 F7826.1 X163.579 Y169.364 E2204.69641
G1 F6804.1 X163.576 Y169.29 E2204.69982
G1 F7659.6 X163.804 Y169.146 E2204.71083
G1 F2400 E2204.21083
G1 F600 Z3.7
G0 F15000 X160.893 Y171.35 Z3.7
G1 F600 Z3.3
G1 F2400 E2204.71083
G1 F9000 X160.438 Y171.461 E2204.72711
G1 X159.788 Y171.483 E2204.74971
G1 X159.435 Y171.435 E2204.76209
G1 X158.773 Y171.231 E2204.78617
G1 X158.141 Y170.837 E2204.81206
G1 X157.636 Y170.328 E2204.83698
G1 X157.268 Y169.723 E2204.86159
G1 X157.081 Y169.185 E2204.88139
G1 X157.001 Y168.577 E2204.9027
G1 X157.073 Y167.785 E2204.93034
G1 X157.347 Y167.097 E2204.95608
G1 X157.737 Y166.513 E2204.98049
G1 X158.28 Y166.045 E2205.0054
G1 X158.917 Y165.684 E2205.03085
G1 X159.646 Y165.515 E2205.05686
G1 X160.415 Y165.526 E2205.08359
G1 X161.108 Y165.709 E2205.10851
G1 X161.72 Y166.036 E2205.13262
G1 X162.252 Y166.512 E2205.15743
G1 X162.646 Y167.092 E2205.1818
G1 X162.924 Y167.805 E2205.2084
G1 X162.999 Y168.549 E2205.23439
G1 F7659.6 X162.995 Y169.178 E2205.26008
G1 F6804.1 X162.962 Y169.256 E2205.26398
G1 F7826.1 X162.711 Y169.759 E2205.28644
G1 F9000 X162.359 Y170.33 E2205.30976
G1 X161.852 Y170.844 E2205.33485
G1 X161.535 Y171.065 E2205.34828
G1 X160.893 Y171.35 E2205.3727
G1 F2400 E2204.8727
G1 F600 Z3.7
G0 F15000 X161.062 Y138.313 Z3.7
G1 F600 Z3.3
G1 F2400 E2205.3727
G1 F9000 X160.386 Y138.469 E2205.39681
G1 X159.637 Y138.479 E2205.42285
G1 X158.916 Y138.308 E2205.4486
G1 X158.281 Y137.952 E2205.4739
G1 X157.779 Y137.522 E2205.49688
G1 X157.377 Y136.956 E2205.52101
G1 X157.084 Y136.256 E2205.54738
G1 X157 Y135.527 E2205.57289
G1 X157.064 Y134.859 E2205.59621
G1 X157.273 Y134.264 E2205.61813
G1 X157.66 Y133.629 E2205.64398
G1 X157.895 Y133.371 E2205.65611
G1 X158.455 Y132.936 E2205.68075
G1 X159.103 Y132.642 E2205.70548
G1 X159.554 Y132.531 E2205.72163
G1 X160.202 Y132.513 E2205.74416
G1 X160.554 Y132.557 E2205.75649
G1 X161.22 Y132.767 E2205.78076
G1 X161.835 Y133.131 E2205.8056
G1 X162.36 Y133.658 E2205.83145
G1 X162.692 Y134.17 E2205.85266
G1 X162.927 Y134.852 E2205.87773
G1 X162.992 Y135.489 E2205.89999
G1 X162.923 Y136.195 E2205.92464
G1 X162.67 Y136.856 E2205.94924
G1 X162.264 Y137.479 E2205.97509
G1 X161.732 Y137.944 E2205.99965
G1 X161.062 Y138.313 E2206.02623
G1 F2400 E2205.52623
G1 F600 Z3.7
G0 F15000 X168.928 Y134.577 Z3.7
G1 F600 Z3.3
G1 F2400 E2206.02623
G1 F11647.1 X169.004 Y134.572 E2206.02828
G1 F2400 E2205.52828
G1 F600 Z3.7
G0 F15000 X174.561 Y168.924 Z3.7
G1 F600 Z3.3
G1 F2400 E2206.02828
G1 F9000 X174.784 Y168.7 E2206.03926
G0 F15000 X174.784 Y168.078
G1 F9000 X173.938 Y168.924 E2206.08085
G0 F15000 X173.316 Y168.924
G1 F9000 X174.784 Y167.456 E2206.15301
G0 F15000 X174.784 Y166.833
G1 F9000 X172.694 Y168.924 E2206.25576
G0 F15000 X172.072 Y168.924
G1 F9000 X174.784 Y166.211 E2206.38909
G0 F15000 X174.784 Y165.589
G1 F9000 X171.449 Y168.924 E2206.55302
G0 F15000 X170.827 Y168.924
G1 F9000 X174.784 Y164.967 E2206.74752
G0 F15000 X174.784 Y164.344
G1 F9000 X170.205 Y168.924 E2206.97262
G0 F15000 X169.965 Y168.541
G1 F9000 X169.594 Y168.912 E2206.99085
G1 F2400 E2206.49085
G1 F600 Z3.7
G0 F15000 X168.493 Y168.769 Z3.7
G1 F600 Z3.3
G1 F2400 E2206.99085
G1 F9000 X168.337 Y168.925 E2206.99852
G0 F15000 X168.067 Y168.572
G1 F9000 X167.714 Y168.925 E2207.01587
G0 F15000 X167.625 Y168.393
G1 F9000 X167.091 Y168.926 E2207.0421
G0 F15000 X166.468 Y168.926
G1 F9000 X167.227 Y168.168 E2207.07938
G0 F15000 X166.86 Y167.913
G1 F9000 X165.846 Y168.926 E2207.1292
G0 F15000 X165.223 Y168.927
G1 F9000 X166.565 Y167.585 E2207.19516
G0 F15000 X166.29 Y167.238
G1 F9000 X164.6 Y168.928 E2207.27823
G0 F15000 X163.978 Y168.928
G1 F9000 X166.078 Y166.828 E2207.38145
G0 F15000 X165.912 Y166.372
G1 F9000 X163.267 Y169.016 E2207.51144
G0 F15000 X163.337 Y169.568
G1 F9000 X162.69 Y170.215 E2207.54324
G0 F15000 X163.424 Y170.104
G1 F9000 X159.244 Y174.284 E2207.7487
G0 F15000 X159.866 Y174.284
G1 F9000 X163.424 Y170.727 E2207.92357
G0 F15000 X163.424 Y171.349
G1 F9000 X160.488 Y174.284 E2208.06786
G0 F15000 X161.111 Y174.284
G1 F9000 X163.424 Y171.971 E2208.18155
G0 F15000 X163.424 Y172.593
G1 F9000 X161.733 Y174.284 E2208.26467
G0 F15000 X162.355 Y174.284
G1 F9000 X163.424 Y173.216 E2208.31719
G0 F15000 X163.424 Y173.838
G1 F9000 X162.978 Y174.284 E2208.33911
G1 F2400 E2207.83911
G1 F600 Z3.7
G0 F15000 X161.676 Y171.23 Z3.7
G1 F600 Z3.3
G1 F2400 E2208.33911
G1 F9000 X158.622 Y174.284 E2208.48923
G0 F15000 X157.999 Y174.284
G1 F9000 X160.648 Y171.635 E2208.61944
G0 F15000 X159.964 Y171.698
G1 F9000 X157.377 Y174.284 E2208.74657
G0 F15000 X156.755 Y174.284
G1 F9000 X159.394 Y171.645 E2208.87629
G0 F15000 X158.914 Y171.502
G1 F9000 X156.133 Y174.284 E2209.01301
G0 F15000 X155.51 Y174.284
G1 F9000 X158.483 Y171.311 E2209.15914
G0 F15000 X158.098 Y171.075
G1 F9000 X154.888 Y174.284 E2209.3169
G0 F15000 X154.266 Y174.284
G1 F9000 X157.771 Y170.779 E2209.48918
G0 F15000 X157.461 Y170.466
G1 F9000 X153.644 Y174.284 E2209.67683
G0 F15000 X153.021 Y174.284
G1 F9000 X157.224 Y170.082 E2209.8834
G0 F15000 X157.014 Y169.669
G1 F9000 X152.399 Y174.284 E2210.11024
G0 F15000 X151.777 Y174.284
G1 F9000 X156.861 Y169.2 E2210.36014
G0 F15000 X156.788 Y168.651
G1 F9000 X151.155 Y174.284 E2210.63702
G0 F15000 X150.532 Y174.284
G1 F9000 X156.833 Y167.983 E2210.94674
G1 X156.91 Y167.906
G0 F15000 X157.121 Y167.074
G1 F9000 X149.91 Y174.284 E2211.30116
G0 F15000 X149.288 Y174.284
G1 F9000 X161.198 Y162.374 E2211.88658
G0 F15000 X160.576 Y162.374
G1 F9000 X148.666 Y174.284 E2212.472
G0 F15000 X148.043 Y174.284
G1 F9000 X159.954 Y162.374 E2213.05744
G0 F15000 X159.331 Y162.374
G1 F9000 X147.421 Y174.284 E2213.64286
G0 F15000 X146.799 Y174.284
G1 F9000 X158.709 Y162.374 E2214.22828
G0 F15000 X158.086 Y162.374
G1 F9000 X146.177 Y174.283 E2214.81365
G0 F15000 X145.555 Y174.283
G1 F9000 X157.464 Y162.374 E2215.39902
G0 F15000 X156.841 Y162.375
G1 F9000 X144.933 Y174.283 E2215.98434
G0 F15000 X144.311 Y174.283
G1 F9000 X156.219 Y162.375 E2216.56966
G0 F15000 X155.597 Y162.375
G1 F9000 X143.688 Y174.283 E2217.15501
G0 F15000 X143.066 Y174.283
G1 F9000 X154.974 Y162.375 E2217.74033
G0 F15000 X154.15 Y162.577
G1 F9000 X142.444 Y174.283 E2218.31572
G0 F15000 X141.822 Y174.283
G1 F9000 X153.388 Y162.717 E2218.88423
G0 F15000 X152.766 Y162.717
G1 F9000 X141.199 Y174.283 E2219.45276
G0 F15000 X140.577 Y174.283
G1 F9000 X152.144 Y162.717 E2220.0213
G0 F15000 X151.522 Y162.717
G1 F9000 X139.955 Y174.283 E2220.58984
G0 F15000 X139.333 Y174.283
G1 F9000 X150.899 Y162.717 E2221.15835
G0 F15000 X150.277 Y162.717
G1 F9000 X138.71 Y174.283 E2221.72688
G0 F15000 X138.088 Y174.283
G1 F9000 X149.655 Y162.717 E2222.29542
G0 F15000 X149.033 Y162.717
G1 F9000 X137.466 Y174.283 E2222.86395
G0 F15000 X136.844 Y174.283
G1 F9000 X148.41 Y162.717 E2223.43246
G0 F15000 X147.788 Y162.717
G1 F9000 X136.221 Y174.283 E2224.001
G0 F15000 X135.599 Y174.283
G1 F9000 X147.166 Y162.717 E2224.56953
G0 F15000 X146.544 Y162.717
G1 F9000 X134.977 Y174.283 E2225.13807
G0 F15000 X134.355 Y174.283
G1 F9000 X145.921 Y162.717 E2225.70658
G0 F15000 X145.299 Y162.717
G1 F9000 X133.732 Y174.283 E2226.27511
G0 F15000 X133.11 Y174.283
G1 F9000 X144.677 Y162.717 E2226.84365
G0 F15000 X144.055 Y162.717
G1 F9000 X132.488 Y174.283 E2227.41218
G0 F15000 X131.866 Y174.283
G1 F9000 X143.432 Y162.717 E2227.98069
G0 F15000 X142.81 Y162.717
G1 F9000 X131.243 Y174.283 E2228.54923
G0 F15000 X130.621 Y174.283
G1 F9000 X133.657 Y171.247 E2228.69846
G1 X133.734 Y171.17
G1 F2400 E2228.19846
G1 F600 Z3.7
G0 F15000 X132.646 Y171.636 Z3.7
G1 F600 Z3.3
G1 F2400 E2228.69846
G1 F9000 X129.999 Y174.283 E2228.82857
G0 F15000 X129.376 Y174.283
G1 F9000 X131.962 Y171.698 E2228.95565
G0 F15000 X131.407 Y171.631
G1 F9000 X129.217 Y173.82 E2229.06328
G0 F15000 X129.217 Y173.198
G1 F9000 X130.906 Y171.509 E2229.1463
G0 F15000 X130.48 Y171.313
G1 F9000 X129.217 Y172.576 E2229.20838
G0 F15000 X129.217 Y171.954
G1 F9000 X130.103 Y171.068 E2229.25193
G0 F15000 X129.757 Y170.792
G1 F9000 X129.217 Y171.331 E2229.27845
G0 F15000 X129.217 Y170.709
G1 F9000 X129.478 Y170.449 E2229.29125
G1 F2400 E2228.79125
G1 F600 Z3.7
G0 F15000 X129.22 Y166.351 Z3.7
G1 F600 Z3.3
G1 F2400 E2229.29125
G1 F9000 X132.855 Y162.716 E2229.46992
G0 F15000 X133.477 Y162.716
G1 F9000 X130.543 Y165.65 E2229.61414
G1 X130.466 Y165.727
G1 F2400 E2229.11414
G1 F600 Z3.7
G0 F15000 X131.495 Y165.32 Z3.7
G1 F600 Z3.3
G1 F2400 E2229.61414
G1 F9000 X134.099 Y162.716 E2229.74214
G0 F15000 X134.722 Y162.716
G1 F9000 X132.141 Y165.297 E2229.869
G0 F15000 X132.691 Y165.369
G1 F9000 X135.344 Y162.716 E2229.99941
G0 F15000 X135.966 Y162.716
G1 F9000 X133.164 Y165.518 E2230.13713
G0 F15000 X133.58 Y165.724
G1 F9000 X136.588 Y162.716 E2230.28499
G0 F15000 X137.211 Y162.716
G1 F9000 X133.971 Y165.956 E2230.44425
G0 F15000 X134.282 Y166.266
G1 F9000 X137.833 Y162.716 E2230.61877
G0 F15000 X138.455 Y162.716
G1 F9000 X134.578 Y166.593 E2230.80933
G0 F15000 X134.813 Y166.98
G1 F9000 X139.077 Y162.716 E2231.01893
G0 F15000 X139.7 Y162.716
G1 F9000 X135.01 Y167.405 E2231.24943
G0 F15000 X135.149 Y167.889
G1 F9000 X140.322 Y162.716 E2231.5037
G0 F15000 X140.944 Y162.716
G1 F9000 X135.201 Y168.459 E2231.78599
G0 F15000 X135.144 Y169.139
G1 F9000 X141.566 Y162.717 E2232.10166
G0 F15000 X142.188 Y162.717
G1 F9000 X134.737 Y170.167 E2232.46788
G1 X134.66 Y170.244
G1 F2400 E2231.96788
G1 F600 Z3.7
G0 F15000 X129.219 Y165.73 Z3.7
G1 F600 Z3.3
G1 F2400 E2232.46788
G1 F9000 X132.233 Y162.716 E2232.61602
G0 F15000 X131.61 Y162.716
G1 F9000 X129.218 Y165.108 E2232.7336
G0 F15000 X129.218 Y164.486
G1 F9000 X130.988 Y162.716 E2232.8206
G0 F15000 X130.366 Y162.716
G1 F9000 X129.217 Y163.864 E2232.87705
G0 F15000 X129.217 Y163.243
G1 F9000 X129.743 Y162.716 E2232.90293
G1 F2400 E2232.40293
G1 F600 Z3.7
G0 F15000 X129.376 Y141.305 Z3.7
G1 F600 Z3.3
G1 F2400 E2232.90293
G1 F9000 X131.984 Y138.697 E2233.03113
G0 F15000 X131.424 Y138.635
G1 F9000 X129.217 Y140.842 E2233.13961
G0 F15000 X129.217 Y140.219
G1 F9000 X130.919 Y138.517 E2233.22327
G0 F15000 X130.494 Y138.319
G1 F9000 X129.217 Y139.597 E2233.28606
G0 F15000 X129.217 Y138.975
G1 F9000 X130.115 Y138.077 E2233.3302
G0 F15000 X129.769 Y137.8
G1 F9000 X129.217 Y138.353 E2233.35736
G0 F15000 X129.217 Y137.73
G1 F9000 X129.487 Y137.46 E2233.37063
G1 F2400 E2232.87063
G1 F600 Z3.7
G0 F15000 X132.673 Y138.63 Z3.7
G1 F600 Z3.3
G1 F2400 E2233.37063
G1 F9000 X130.018 Y141.285 E2233.50113
G0 F15000 X130.64 Y141.285
G1 F9000 X133.739 Y138.186 E2233.65346
G1 X133.816 Y138.109
G1 F2400 E2233.15346
G1 F600 Z3.7
G0 F15000 X134.687 Y137.238 Z3.7
G1 F600 Z3.3
G1 F2400 E2233.65346
G1 F9000 X142.209 Y129.716 E2234.02319
G0 F15000 X142.831 Y129.716
G1 F9000 X131.262 Y141.286 E2234.59188
G0 F15000 X131.884 Y141.286
G1 F9000 X143.454 Y129.716 E2235.16058
G0 F15000 X144.076 Y129.716
G1 F9000 X132.506 Y141.286 E2235.72929
G0 F15000 X133.128 Y141.286
G1 F9000 X144.698 Y129.716 E2236.298
G0 F15000 X145.32 Y129.716
G1 F9000 X133.75 Y141.286 E2236.8667
G0 F15000 X134.372 Y141.286
G1 F9000 X145.943 Y129.716 E2237.43544
G0 F15000 X146.565 Y129.716
G1 F9000 X134.994 Y141.287 E2238.00419
G0 F15000 X135.616 Y141.287
G1 F9000 X147.187 Y129.716 E2238.57295
G0 F15000 X147.809 Y129.716
G1 F9000 X136.238 Y141.287 E2239.1417
G0 F15000 X136.86 Y141.288
G1 F9000 X148.432 Y129.716 E2239.71051
G0 F15000 X149.054 Y129.716
G1 F9000 X137.482 Y141.288 E2240.27932
G0 F15000 X138.104 Y141.288
G1 F9000 X149.676 Y129.716 E2240.84812
G0 F15000 X150.298 Y129.716
G1 F9000 X138.726 Y141.288 E2241.41693
G0 F15000 X139.348 Y141.288
G1 F9000 X150.921 Y129.716 E2241.98576
G0 F15000 X151.543 Y129.716
G1 F9000 X139.97 Y141.289 E2242.55461
G0 F15000 X140.592 Y141.289
G1 F9000 X152.165 Y129.716 E2243.12347
G0 F15000 X152.787 Y129.716
G1 F9000 X141.214 Y141.289 E2243.69232
G0 F15000 X141.836 Y141.29
G1 F9000 X153.41 Y129.716 E2244.26122
G0 F15000 X154.032 Y129.716
G1 F9000 X142.458 Y141.29 E2244.83013
G0 F15000 X143.08 Y141.29
G1 F9000 X154.654 Y129.716 E2245.39903
G0 F15000 X155.276 Y129.716
G1 F9000 X143.702 Y141.291 E2245.96796
G0 F15000 X144.324 Y141.291
G1 F9000 X155.899 Y129.716 E2246.53691
G0 F15000 X156.521 Y129.716
G1 F9000 X144.946 Y141.291 E2247.10587
G0 F15000 X145.568 Y141.291
G1 F9000 X157.143 Y129.716 E2247.67482
G0 F15000 X157.765 Y129.716
G1 F9000 X146.19 Y141.291 E2248.24377
G0 F15000 X146.812 Y141.292
G1 F9000 X158.388 Y129.716 E2248.81277
G0 F15000 X159.01 Y129.716
G1 F9000 X147.434 Y141.292 E2249.38178
G0 F15000 X148.056 Y141.292
G1 F9000 X159.632 Y129.716 E2249.95078
G0 F15000 X160.254 Y129.716
G1 F9000 X148.678 Y141.293 E2250.5198
G0 F15000 X149.3 Y141.293
G1 F9000 X160.877 Y129.716 E2251.08886
G0 F15000 X161.499 Y129.716
G1 F9000 X158.577 Y132.638 E2251.23248
G1 X158.5 Y132.715
G1 F2400 E2250.73248
G1 F600 Z3.7
G0 F15000 X159.523 Y132.314 Z3.7
G1 F600 Z3.3
G1 F2400 E2251.23248
G1 F9000 X162.121 Y129.716 E2251.36018
G0 F15000 X162.743 Y129.716
G1 F9000 X160.163 Y132.296 E2251.487
G0 F15000 X160.706 Y132.375
G1 F9000 X163.366 Y129.716 E2251.61772
G0 F15000 X163.424 Y130.28
G1 F9000 X161.179 Y132.525 E2251.72807
G0 F15000 X161.593 Y132.733
G1 F9000 X163.424 Y130.902 E2251.81807
G0 F15000 X163.424 Y131.525
G1 F9000 X161.982 Y132.966 E2251.88893
G0 F15000 X162.294 Y133.277
G1 F9000 X163.424 Y132.147 E2251.94447
G0 F15000 X163.424 Y132.769
G1 F9000 X162.589 Y133.604 E2251.98551
G0 F15000 X162.836 Y133.979
G1 F9000 X163.424 Y133.391 E2252.01442
G0 F15000 X163.54 Y133.898
G1 F9000 X163.015 Y134.422 E2252.0402
G0 F15000 X163.154 Y134.905
G1 F9000 X163.984 Y134.076 E2252.08097
G0 F15000 X164.606 Y134.076
G1 F9000 X163.21 Y135.472 E2252.14959
G0 F15000 X163.147 Y136.158
G1 F9000 X165.228 Y134.076 E2252.2519
G0 F15000 X165.85 Y134.076
G1 F9000 X162.675 Y137.252 E2252.40799
G1 X162.598 Y137.329
G1 F2400 E2251.90799
G1 F600 Z3.7
G0 F15000 X161.736 Y138.191 Z3.7
G1 F600 Z3.3
G1 F2400 E2252.40799
G1 F9000 X158 Y141.926 E2252.5916
G0 F15000 X157.379 Y141.926
G1 F9000 X160.677 Y138.627 E2252.75374
G0 F15000 X159.986 Y138.696
G1 F9000 X156.756 Y141.926 E2252.9125
G0 F15000 X156.135 Y141.925
G1 F9000 X159.409 Y138.65 E2253.07346
G0 F15000 X158.906 Y138.531
G1 F9000 X155.513 Y141.925 E2253.24026
G0 F15000 X154.89 Y141.925
G1 F9000 X158.491 Y138.324 E2253.41726
G0 F15000 X158.103 Y138.089
G1 F9000 X154.542 Y141.65 E2253.5923
G0 F15000 X154.147 Y141.423
G1 F9000 X157.768 Y137.802 E2253.77028
G0 F15000 X157.476 Y137.472
G1 F9000 X153.654 Y141.294 E2253.95815
G0 F15000 X153.032 Y141.294
G1 F9000 X157.22 Y137.107 E2254.16398
G0 F15000 X157.022 Y136.682
G1 F9000 X152.41 Y141.294 E2254.39067
G0 F15000 X151.788 Y141.293
G1 F9000 X156.859 Y136.223 E2254.63991
G0 F15000 X156.791 Y135.668
G1 F9000 X151.166 Y141.293 E2254.9164
G0 F15000 X150.544 Y141.293
G1 F9000 X156.828 Y135.009 E2255.22528
G1 X156.905 Y134.932
G0 F15000 X157.103 Y134.112
G1 F9000 X149.922 Y141.293 E2255.57825
G1 X149.845 Y141.37
G1 F2400 E2255.07825
G1 F600 Z3.7
G0 F15000 X158.622 Y141.926 Z3.7
G1 F600 Z3.3
G1 F2400 E2255.57825
G1 F9000 X166.473 Y134.076 E2255.96413
G0 F15000 X167.095 Y134.076
G1 F9000 X159.245 Y141.926 E2256.34999
G0 F15000 X159.866 Y141.927
G1 F9000 X167.717 Y134.076 E2256.73589
G0 F15000 X167.932 Y134.483
G1 F9000 X168.339 Y134.076 E2256.7559
G1 F2400 E2256.2559
G1 F600 Z3.7
G0 F15000 X169.501 Y134.159 Z3.7
G1 F600 Z3.3
G1 F2400 E2256.7559
G1 F9000 X169.584 Y134.076 E2256.75998
G0 F15000 X169.865 Y134.417
G1 F9000 X170.206 Y134.076 E2256.77674
G0 F15000 X170.317 Y134.587
G1 F9000 X170.829 Y134.076 E2256.80188
G0 F15000 X171.451 Y134.076
G1 F9000 X170.723 Y134.804 E2256.83766
G0 F15000 X171.075 Y135.074
G1 F9000 X172.073 Y134.076 E2256.88672
G0 F15000 X172.695 Y134.076
G1 F9000 X171.391 Y135.381 E2256.95084
G0 F15000 X171.667 Y135.726
G1 F9000 X173.318 Y134.076 E2257.03197
G0 F15000 X173.94 Y134.076
G1 F9000 X171.883 Y136.133 E2257.13308
G0 F15000 X172.068 Y136.57
G1 F9000 X174.562 Y134.076 E2257.25567
G0 F15000 X174.784 Y134.476
G1 F9000 X172.169 Y137.091 E2257.3842
G0 F15000 X172.189 Y137.693
G1 F9000 X174.784 Y135.098 E2257.51176
G0 F15000 X174.784 Y135.721
G1 F9000 X172.056 Y138.449 E2257.64585
G1 X171.979 Y138.526
G1 F2400 E2257.14585
G1 F600 Z3.7
G0 F15000 X174.784 Y138.21 Z3.7
G1 F600 Z3.3
G1 F2400 E2257.64585
G1 F9000 X162.873 Y150.121 E2258.23132
G0 F15000 X162.873 Y150.743
G1 F9000 X174.784 Y138.832 E2258.81678
G0 F15000 X174.784 Y139.454
G1 F9000 X162.873 Y151.365 E2259.40225
G0 F15000 X162.873 Y151.988
G1 F9000 X174.784 Y140.076 E2259.98775
G0 F15000 X174.784 Y140.699
G1 F9000 X162.873 Y152.61 E2260.57321
G0 F15000 X162.873 Y153.232
G1 F9000 X174.784 Y141.321 E2261.15868
G0 F15000 X174.784 Y141.943
G1 F9000 X162.873 Y153.854 E2261.74415
G0 F15000 X162.873 Y154.477
G1 F9000 X174.784 Y142.565 E2262.32964
G0 F15000 X174.784 Y143.188
G1 F9000 X162.873 Y155.099 E2262.91511
G0 F15000 X162.873 Y155.721
G1 F9000 X174.784 Y143.81 E2263.50058
G0 F15000 X174.784 Y144.432
G1 F9000 X162.873 Y156.343 E2264.08605
G0 F15000 X162.873 Y156.966
G1 F9000 X174.784 Y145.054 E2264.67154
G0 F15000 X174.784 Y145.677
G1 F9000 X162.873 Y157.588 E2265.25701
G0 F15000 X162.873 Y158.21
G1 F9000 X174.784 Y146.299 E2265.84248
G0 F15000 X174.784 Y146.921
G1 F9000 X162.873 Y158.832 E2266.42795
G0 F15000 X162.873 Y159.455
G1 F9000 X174.784 Y147.543 E2267.01344
G0 F15000 X174.784 Y148.166
G1 F9000 X162.873 Y160.077 E2267.59891
G0 F15000 X162.873 Y160.699
G1 F9000 X174.784 Y148.788 E2268.18438
G0 F15000 X174.784 Y149.41
G1 F9000 X162.873 Y161.321 E2268.76985
G0 F15000 X162.873 Y161.944
G1 F9000 X174.784 Y150.033 E2269.35531
G0 F15000 X174.784 Y150.655
G1 F9000 X160.141 Y165.298 E2270.07507
G0 F15000 X160.691 Y165.37
G1 F9000 X174.784 Y151.277 E2270.76779
G0 F15000 X174.784 Y151.899
G1 F9000 X161.184 Y165.5 E2271.43631
G0 F15000 X161.588 Y165.718
G1 F9000 X174.784 Y152.522 E2272.08494
G0 F15000 X174.784 Y153.144
G1 F9000 X161.966 Y165.962 E2272.71499
G0 F15000 X162.294 Y166.256
G1 F9000 X174.784 Y153.766 E2273.32892
G0 F15000 X174.784 Y154.388
G1 F9000 X162.577 Y166.596 E2273.92896
G0 F15000 X162.832 Y166.963
G1 F9000 X174.784 Y155.011 E2274.51644
G0 F15000 X174.784 Y155.633
G1 F9000 X167.944 Y162.473 E2274.85265
G0 F15000 X168.729 Y162.31
G1 F9000 X174.784 Y156.255 E2275.15028
G0 F15000 X174.784 Y156.877
G1 F9000 X169.344 Y162.318 E2275.4177
G0 F15000 X169.873 Y162.41
G1 F9000 X174.784 Y157.5 E2275.65907
G0 F15000 X174.784 Y158.122
G1 F9000 X170.329 Y162.577 E2275.87805
G0 F15000 X170.718 Y162.81
G1 F9000 X174.784 Y158.744 E2276.0779
G0 F15000 X174.784 Y159.366
G1 F9000 X171.084 Y163.066 E2276.25977
G0 F15000 X171.391 Y163.381
G1 F9000 X174.784 Y159.989 E2276.42653
G0 F15000 X174.784 Y160.611
G1 F9000 X171.668 Y163.727 E2276.57969
G0 F15000 X171.883 Y164.134
G1 F9000 X174.784 Y161.233 E2276.72228
G0 F15000 X174.784 Y161.855
G1 F9000 X172.068 Y164.571 E2276.85578
G0 F15000 X172.169 Y165.092
G1 F9000 X174.784 Y162.478 E2276.9843
G0 F15000 X174.784 Y163.1
G1 F9000 X172.189 Y165.695 E2277.11185
G0 F15000 X172.056 Y166.45
G1 F9000 X174.784 Y163.722 E2277.24594
G1 X174.861 Y163.645
G1 F2400 E2276.74594
G1 F600 Z3.7
G0 F15000 X165.963 Y164.454 Z3.7
G1 F600 Z3.3
G1 F2400 E2277.24594
G1 F9000 X163.005 Y167.412 E2277.39134
G0 F15000 X163.152 Y167.887
G1 F9000 X165.794 Y165.245 E2277.5212
G0 F15000 X165.802 Y165.859
G1 F9000 X163.215 Y168.446 E2277.64836
G1 X163.138 Y168.523
G1 F2400 E2277.14836
G1 F600 Z3.7
G0 F15000 X159.491 Y165.325 Z3.7
G1 F600 Z3.3
G1 F2400 E2277.64836
G1 F9000 X162.443 Y162.374 E2277.79344
G0 F15000 X161.821 Y162.374
G1 F9000 X158.565 Y165.629 E2277.95346
G1 X158.488 Y165.706
G1 F2400 E2277.45346
G1 F600 Z3.7
G0 F15000 X162.873 Y149.499 Z3.7
G1 F600 Z3.3
G1 F2400 E2277.95346
G1 F9000 X174.784 Y137.587 E2278.53895
G0 F15000 X174.784 Y136.965
G1 F9000 X162.873 Y148.876 E2279.12442
G0 F15000 X162.873 Y148.254
G1 F9000 X174.784 Y136.343 E2279.70989
G1 X174.861 Y136.266
G1 F2400 E2279.20989
G1 F600 Z3.7
G0 F15000 X169.941 Y140.564 Z3.7
G1 F600 Z3.3
G1 F2400 E2279.70989
G1 F9000 X162.873 Y147.632 E2280.05731
G0 F15000 X162.873 Y147.01
G1 F9000 X169.182 Y140.701 E2280.36742
G0 F15000 X168.589 Y140.671
G1 F9000 X162.873 Y146.387 E2280.64838
G0 F15000 X162.873 Y145.765
G1 F9000 X168.067 Y140.571 E2280.90368
G0 F15000 X167.617 Y140.399
G1 F9000 X162.873 Y145.143 E2281.13687
G0 F15000 X162.873 Y144.521
G1 F9000 X167.227 Y140.167 E2281.35088
G0 F15000 X166.867 Y139.905
G1 F9000 X162.873 Y143.898 E2281.54718
G0 F15000 X162.873 Y143.276
G1 F9000 X166.565 Y139.584 E2281.72865
G0 F15000 X166.294 Y139.233
G1 F9000 X162.873 Y142.654 E2281.89681
G0 F15000 X162.792 Y142.112
G1 F9000 X166.081 Y138.823 E2282.05847
G0 F15000 X165.911 Y138.371
G1 F9000 X162.355 Y141.928 E2282.23329
G0 F15000 X161.732 Y141.928
G1 F9000 X165.8 Y137.86 E2282.43324
G0 F15000 X165.788 Y137.249
G1 F9000 X161.11 Y141.928 E2282.66321
G0 F15000 X160.488 Y141.927
G1 F9000 X165.946 Y136.469 E2282.93149
G1 X166.023 Y136.392
G1 F2400 E2282.43149
G1 F600 Z3.7
G0 F15000 X141.587 Y129.716 Z3.7
G1 F600 Z3.3
G1 F2400 E2282.93149
G1 F9000 X135.14 Y136.163 E2283.24838
G0 F15000 X135.201 Y135.48
G1 F9000 X140.965 Y129.716 E2283.5317
G0 F15000 X140.342 Y129.716
G1 F9000 X135.151 Y134.907 E2283.78686
G0 F15000 X135.016 Y134.42
G1 F9000 X139.72 Y129.716 E2284.01808
G0 F15000 X139.098 Y129.716
G1 F9000 X134.822 Y133.992 E2284.22826
G0 F15000 X134.586 Y133.606
G1 F9000 X138.476 Y129.716 E2284.41947
G0 F15000 X137.853 Y129.716
G1 F9000 X134.293 Y133.276 E2284.59445
G0 F15000 X133.981 Y132.966
G1 F9000 X137.231 Y129.716 E2284.7542
G0 F15000 X136.609 Y129.716
G1 F9000 X133.593 Y132.732 E2284.90245
G0 F15000 X133.179 Y132.523
G1 F9000 X135.987 Y129.716 E2285.04045
G0 F15000 X135.364 Y129.716
G1 F9000 X132.706 Y132.375 E2285.17112
G0 F15000 X132.162 Y132.296
G1 F9000 X134.742 Y129.716 E2285.29794
G0 F15000 X134.12 Y129.716
G1 F9000 X131.522 Y132.314 E2285.42564
G1 X131.445 Y132.391
G1 F2400 E2284.92564
G1 F600 Z3.7
G0 F15000 X130.581 Y132.633 Z3.7
G1 F600 Z3.3
G1 F2400 E2285.42564
G1 F9000 X133.498 Y129.716 E2285.56902
G0 F15000 X132.875 Y129.716
G1 F9000 X129.22 Y133.372 E2285.7487
G0 F15000 X129.219 Y132.75
G1 F9000 X132.253 Y129.716 E2285.89783
G0 F15000 X131.631 Y129.716
G1 F9000 X129.218 Y132.129 E2286.01644
G0 F15000 X129.218 Y131.506
G1 F9000 X131.009 Y129.716 E2286.10445
G0 F15000 X130.386 Y129.716
G1 F9000 X129.217 Y130.885 E2286.16191
G0 F15000 X129.217 Y130.263
G1 F9000 X129.764 Y129.716 E2286.1888
G1 F2400 E2285.6888
G1 F600 Z3.7
;MESH:NONMESH
G0 F15000 X132.586 Y137.114 Z3.7
;TIME_ELAPSED:868.194270
;LAYER:16
;MESH:case_VL53L8+RP2040-down.stl
G0 X132.586 Y137.114 Z3.9
;TYPE:WALL-OUTER
G1 F600 Z3.5
G1 F2400 E2286.1888
G1 F9000 X132.218 Y137.205 E2286.20197
G1 X131.762 Y137.202 E2286.21782
G1 X131.403 Y137.112 E2286.23069
G1 X131.044 Y136.927 E2286.24473
G1 X130.694 Y136.617 E2286.26098
G1 X130.466 Y136.276 E2286.27523
G1 X130.323 Y135.894 E2286.28941
G1 X130.281 Y135.525 E2286.30232
G1 X130.334 Y135.06 E2286.31858
G1 X130.49 Y134.675 E2286.33302
G1 X130.73 Y134.339 E2286.34737
G1 X131.044 Y134.069 E2286.36177
G1 X131.41 Y133.882 E2286.37605
G1 X131.778 Y133.791 E2286.38923
G1 X132.234 Y133.794 E2286.40508
G1 X132.635 Y133.901 E2286.4195
G1 X132.998 Y134.099 E2286.43387
G1 X133.306 Y134.379 E2286.44834
G1 X133.51 Y134.675 E2286.46084
G1 X133.67 Y135.088 E2286.47623
G1 X133.719 Y135.527 E2286.49158
G1 X133.67 Y135.908 E2286.50494
G1 X133.51 Y136.321 E2286.52033
G1 X133.306 Y136.617 E2286.53282
G1 X132.955 Y136.927 E2286.5491
G1 X132.586 Y137.114 E2286.56348
G1 F2400 E2286.06348
G1 F600 Z3.9
G0 F15000 X160.617 Y137.104 Z3.9
G1 F600 Z3.5
G1 F2400 E2286.56348
G1 F9000 X160.209 Y137.207 E2286.5781
G1 X159.805 Y137.208 E2286.59215
G1 X159.386 Y137.106 E2286.60714
G1 X159.015 Y136.908 E2286.62175
G1 X158.711 Y136.638 E2286.63588
G1 X158.476 Y136.298 E2286.65025
G1 X158.332 Y135.93 E2286.66398
G1 X158.281 Y135.525 E2286.67817
G1 X158.325 Y135.088 E2286.69344
G1 X158.49 Y134.675 E2286.70889
G1 X158.73 Y134.339 E2286.72325
G1 X159.044 Y134.069 E2286.73764
G1 X159.41 Y133.882 E2286.75192
G1 X159.778 Y133.791 E2286.7651
G1 X160.234 Y133.794 E2286.78095
G1 X160.635 Y133.901 E2286.79538
G1 X160.998 Y134.099 E2286.80975
G1 X161.306 Y134.379 E2286.82421
G1 X161.522 Y134.694 E2286.83749
G1 X161.673 Y135.098 E2286.85248
G1 X161.72 Y135.512 E2286.86696
G1 X161.662 Y135.934 E2286.88177
G1 X161.525 Y136.296 E2286.89522
G1 X161.281 Y136.648 E2286.91011
G1 X160.982 Y136.911 E2286.92395
G1 X160.617 Y137.104 E2286.9383
G1 F2400 E2286.4383
G1 F600 Z3.9
G0 F15000 X169.408 Y139.17 Z3.9
G1 F600 Z3.5
G1 F2400 E2286.9383
G1 F9000 X169.027 Y139.219 E2286.95165
G1 X168.597 Y139.172 E2286.96668
G1 X168.19 Y139.02 E2286.98178
G1 X167.857 Y138.789 E2286.99587
G1 X167.585 Y138.482 E2287.01013
G1 X167.386 Y138.101 E2287.02507
G1 X167.289 Y137.71 E2287.03907
G1 X167.291 Y137.276 E2287.05415
G1 X167.401 Y136.86 E2287.06911
G1 X167.599 Y136.502 E2287.08333
G1 X167.866 Y136.204 E2287.09723
G1 X168.22 Y135.966 E2287.11206
G1 X168.602 Y135.823 E2287.12624
G1 X169 Y135.78 E2287.14015
G1 X169.436 Y135.834 E2287.15542
G1 X169.821 Y135.99 E2287.16986
G1 X170.157 Y136.23 E2287.18421
G1 X170.427 Y136.544 E2287.1986
G1 X170.614 Y136.91 E2287.21289
G1 X170.702 Y137.262 E2287.2255
G1 X170.705 Y137.718 E2287.24135
G1 X170.595 Y138.135 E2287.25634
G1 X170.397 Y138.498 E2287.27071
G1 X170.117 Y138.806 E2287.28518
G1 X169.821 Y139.01 E2287.29767
G1 X169.408 Y139.17 E2287.31307
G1 F2400 E2286.81307
G1 F600 Z3.9
G0 F15000 X153.72 Y161.02 Z3.9
G1 F600 Z3.5
G1 F2400 E2287.31307
G1 F9000 X153.668 Y161.144 E2287.31774
G1 X153.546 Y161.216 E2287.32266
G1 X129.435 Y161.22 E2288.16069
G1 X129.323 Y161.132 E2288.16564
G1 X129.283 Y161.038 E2288.16919
G1 X129.28 Y143 E2288.79613
G1 X129.323 Y142.867 E2288.80099
G1 X129.436 Y142.78 E2288.80595
G1 X153.546 Y142.784 E2289.64393
G1 X153.635 Y142.825 E2289.64734
G1 X153.72 Y142.937 E2289.65223
G1 X153.72 Y161.02 E2290.28073
G1 F2400 E2289.78073
G1 F600 Z3.9
G0 F15000 X160.586 Y170.114 Z3.9
G1 F600 Z3.5
G1 F2400 E2290.28073
G1 F9000 X160.218 Y170.205 E2290.29391
G1 X159.762 Y170.202 E2290.30976
G1 X159.36 Y170.095 E2290.32422
G1 X159.044 Y169.927 E2290.33666
G1 X158.694 Y169.617 E2290.35291
G1 X158.466 Y169.276 E2290.36716
G1 X158.321 Y168.881 E2290.38179
G1 X158.281 Y168.475 E2290.39597
G1 X158.325 Y168.091 E2290.4094
G1 X158.476 Y167.698 E2290.42404
G1 X158.721 Y167.347 E2290.43891
G1 X159.023 Y167.082 E2290.45288
G1 X159.41 Y166.882 E2290.46802
G1 X159.805 Y166.788 E2290.48213
G1 X160.203 Y166.789 E2290.49596
G1 X160.624 Y166.895 E2290.51105
G1 X160.971 Y167.078 E2290.52469
G1 X161.284 Y167.352 E2290.53915
G1 X161.53 Y167.711 E2290.55427
G1 X161.67 Y168.086 E2290.56819
G1 X161.72 Y168.514 E2290.58316
G1 X161.666 Y168.924 E2290.59754
G1 X161.51 Y169.321 E2290.61236
G1 X161.306 Y169.617 E2290.62486
G1 X160.955 Y169.927 E2290.64113
G1 X160.586 Y170.114 E2290.65551
G1 F2400 E2290.15551
G1 F600 Z3.9
G0 F15000 X169.788 Y167.029 Z3.9
G1 F600 Z3.5
G1 F2400 E2290.65551
G1 F9000 X169.395 Y167.173 E2290.67006
G1 X168.973 Y167.219 E2290.68481
G1 X168.562 Y167.162 E2290.69923
G1 X168.175 Y167.01 E2290.71369
G1 X167.863 Y166.794 E2290.72688
G1 X167.586 Y166.483 E2290.74135
G1 X167.392 Y166.117 E2290.75575
G1 X167.288 Y165.693 E2290.77092
G1 X167.291 Y165.274 E2290.78549
G1 X167.388 Y164.889 E2290.79929
G1 X167.591 Y164.51 E2290.81423
G1 X167.852 Y164.216 E2290.82789
G1 X168.22 Y163.966 E2290.84336
G1 X168.583 Y163.827 E2290.85687
G1 X168.998 Y163.78 E2290.87138
G1 X169.408 Y163.825 E2290.88572
G1 X169.821 Y163.99 E2290.90118
G1 X170.157 Y164.23 E2290.91553
G1 X170.427 Y164.544 E2290.92992
G1 X170.614 Y164.91 E2290.94421
G1 X170.702 Y165.262 E2290.95682
G1 X170.705 Y165.718 E2290.97267
G1 X170.595 Y166.135 E2290.98766
G1 X170.397 Y166.498 E2291.00203
G1 X170.117 Y166.806 E2291.01649
G1 X169.788 Y167.029 E2291.03031
G1 F2400 E2290.53031
G1 F600 Z3.9
G0 F15000 X176.28 Y175.78 Z3.9
G1 F600 Z3.5
G1 F2400 E2291.03031
G1 F9000 X176.28 Y128.22 E2292.68334
G1 X127.72 Y128.22 E2294.37114
G1 X127.72 Y175.78 E2296.02417
G1 X176.28 Y175.78 E2297.71196
G1 F2400 E2297.21196
G1 F600 Z3.9
G0 F15000 X132.586 Y170.114 Z3.9
G1 F600 Z3.5
G1 F2400 E2297.71196
G1 F9000 X132.218 Y170.205 E2297.72514
G1 X131.762 Y170.202 E2297.74099
G1 X131.403 Y170.112 E2297.75385
G1 X131.044 Y169.927 E2297.76789
G1 X130.694 Y169.617 E2297.78414
G1 X130.466 Y169.276 E2297.7984
G1 X130.323 Y168.894 E2297.81257
G1 X130.281 Y168.525 E2297.82548
G1 X130.334 Y168.06 E2297.84175
G1 X130.49 Y167.675 E2297.85619
G1 X130.73 Y167.339 E2297.87054
G1 X131.044 Y167.069 E2297.88493
G1 X131.41 Y166.882 E2297.89922
G1 X131.778 Y166.791 E2297.91239
G1 X132.234 Y166.794 E2297.92824
G1 X132.635 Y166.901 E2297.94267
G1 X132.998 Y167.099 E2297.95704
G1 X133.306 Y167.379 E2297.97151
G1 X133.51 Y167.675 E2297.984
G1 X133.67 Y168.088 E2297.9994
G1 X133.719 Y168.527 E2298.01475
G1 X133.67 Y168.908 E2298.0281
G1 X133.51 Y169.321 E2298.04349
G1 X133.306 Y169.617 E2298.05599
G1 X132.955 Y169.927 E2298.07227
G1 X132.586 Y170.114 E2298.08664
G0 F15000 X132.693 Y170.541
;TYPE:WALL-INNER
G1 F10500 X132.294 Y170.639 E2298.10092
G1 X131.816 Y170.648 E2298.11754
G1 X131.282 Y170.535 E2298.13651
G1 X130.838 Y170.315 E2298.15373
G1 X130.375 Y169.934 E2298.17458
G1 X130.056 Y169.435 E2298.19516
G1 X129.889 Y168.97 E2298.21233
G1 X129.843 Y168.574 E2298.22619
G1 X129.89 Y167.981 E2298.24686
G1 X130.128 Y167.425 E2298.26789
G1 X130.439 Y167.009 E2298.28594
G1 X130.838 Y166.681 E2298.30389
G1 X131.282 Y166.461 E2298.32111
G1 X131.702 Y166.357 E2298.33615
G1 X132.341 Y166.367 E2298.35836
G1 X132.839 Y166.511 E2298.37638
G1 X133.159 Y166.679 E2298.38894
G1 X133.561 Y167.009 E2298.40702
G1 X133.872 Y167.425 E2298.42507
G1 X134.098 Y167.986 E2298.44609
G1 X134.156 Y168.581 E2298.46687
G1 X134.098 Y169.011 E2298.48195
G1 X133.946 Y169.429 E2298.49741
G1 X133.625 Y169.934 E2298.51821
G1 X133.159 Y170.317 E2298.53918
G1 X132.693 Y170.541 E2298.55715
G0 F15000 X132.799 Y170.968
G1 F10500 X132.37 Y171.072 E2298.57249
G1 X131.816 Y171.088 E2298.59175
G1 X131.161 Y170.958 E2298.61496
G1 X130.631 Y170.704 E2298.63539
G1 X130.148 Y170.317 E2298.6569
G1 X129.97 Y170.117 E2298.66621
G1 X129.646 Y169.595 E2298.68756
G1 F9788.1 X129.485 Y169.265 E2298.70125
G1 F7993.1 X129.352 Y169.064 E2298.71226
G1 F7241.4 X129.315 Y168.634 E2298.73401
G1 F7403.8 X129.315 Y168.368 E2298.74712
G1 F7287.1 X129.345 Y168.007 E2298.76526
G1 F8400 X129.506 Y167.739 E2298.77884
G1 F10312.5 X129.646 Y167.401 E2298.79179
G1 F10500 X129.97 Y166.879 E2298.81314
G1 X130.148 Y166.679 E2298.82245
G1 X130.631 Y166.292 E2298.84396
G1 X131.161 Y166.038 E2298.86439
G1 X131.626 Y165.924 E2298.88103
G1 X132.18 Y165.908 E2298.90029
G1 X132.799 Y166.028 E2298.92221
G1 X133.364 Y166.29 E2298.94385
G1 X133.852 Y166.679 E2298.96554
G1 X134.308 Y167.27 E2298.99149
G1 X134.526 Y167.883 E2299.0141
G1 X134.6 Y168.5 E2299.0357
G1 X134.526 Y169.114 E2299.0572
G1 X134.358 Y169.584 E2299.07454
G1 X134.03 Y170.117 E2299.0963
G1 X133.58 Y170.557 E2299.11817
G1 X133.364 Y170.706 E2299.12729
G1 X132.799 Y170.968 E2299.14894
G1 F2400 E2298.64894
G1 F600 Z3.9
G0 F15000 X128.16 Y175.34 Z3.9
G1 F600 Z3.5
G1 F2400 E2299.14894
G1 F10500 X175.84 Y175.34 E2300.80614
G1 X175.84 Y128.66 E2302.42859
G1 X128.16 Y128.66 E2304.0858
G1 X128.16 Y142.333 E2304.56103
G1 F9240 X128.22 Y143 E2304.58748
G1 F8250 X128.22 Y143.957 E2304.62981
G1 F8235.3 X128.22 Y144.914 E2304.67222
G1 X128.221 Y145.871 E2304.71463
G1 X128.221 Y146.828 E2304.75704
G1 F8220.6 X128.221 Y147.785 E2304.79953
G1 X128.221 Y148.742 E2304.84201
G1 F8206 X128.221 Y149.699 E2304.88457
G1 X128.222 Y150.656 E2304.92713
G1 F8191.5 X128.222 Y151.613 E2304.96977
G1 X128.222 Y152.57 E2305.01241
G1 X128.222 Y153.527 E2305.05504
G1 F8177 X128.223 Y154.484 E2305.09775
G1 X128.223 Y155.441 E2305.14047
G1 F8162.5 X128.223 Y156.398 E2305.18325
G1 X128.223 Y157.355 E2305.22604
G1 F8148.1 X128.223 Y158.312 E2305.2689
G1 X128.224 Y159.269 E2305.31177
G1 X128.224 Y160.226 E2305.35463
G1 F8133.8 X128.224 Y161.183 E2305.39757
G1 F9166.7 X128.159 Y161.666 E2305.41697
G1 F10500 X128.16 Y175.34 E2305.89224
G0 F15000 X128.6 Y174.9
G1 F10500 X175.4 Y174.9 E2307.51886
G1 X175.4 Y129.1 E2309.11072
G1 X128.6 Y129.1 E2310.73734
G1 X128.601 Y134.206 E2310.91481
G1 F10312.5 X128.608 Y134.571 E2310.92773
G1 F8400 X128.703 Y134.972 E2310.94563
G1 F7287.1 X128.693 Y135.334 E2310.96377
G1 F7403.8 X128.693 Y135.668 E2310.98023
G1 F7241.4 X128.706 Y136.12 E2311.00302
G1 F7993.1 X128.631 Y136.425 E2311.01736
G1 F9788.1 X128.601 Y136.79 E2311.03102
G1 F10500 X128.6 Y142.354 E2311.2244
G1 X129.076 Y141.984 E2311.24536
G1 X129.5 Y141.9 E2311.26038
G1 X153.61 Y141.905 E2312.09837
G1 X153.942 Y141.992 E2312.1103
G1 X154.246 Y142.19 E2312.12291
G1 X154.46 Y142.461 E2312.13491
G1 X154.596 Y142.9 E2312.15088
G1 X154.601 Y161.157 E2312.78544
G1 X154.46 Y161.538 E2312.79956
G1 X154.174 Y161.871 E2312.81481
G1 X153.86 Y162.04 E2312.82721
G1 X153.532 Y162.1 E2312.8388
G1 X129.5 Y162.1 E2313.67407
G1 X129.076 Y162.016 E2313.6891
G1 X128.599 Y161.643 E2313.71014
G1 X128.601 Y167.206 E2313.9035
G1 F10312.5 X128.608 Y167.571 E2313.91642
G1 F8400 X128.703 Y167.972 E2313.93432
G1 F7287.1 X128.693 Y168.334 E2313.95246
G1 F7403.8 X128.693 Y168.668 E2313.96892
G1 F7241.4 X128.706 Y169.12 E2313.99171
G1 F7993.1 X128.631 Y169.425 E2314.00605
G1 F9788.1 X128.601 Y169.79 E2314.0197
G1 F10500 X128.6 Y174.9 E2314.19731
G1 F2400 E2313.69731
G1 F600 Z3.9
G0 F15000 X129.5 Y161.66 Z3.9
G1 F600 Z3.5
G1 F2400 E2314.19731
G1 F10500 X129.245 Y161.61 E2314.20634
G1 X128.971 Y161.396 E2314.21843
G1 F9166.7 X128.786 Y161.125 E2314.23149
G1 F8133.8 X128.786 Y160.171 E2314.27429
G1 F8148.1 X128.785 Y159.217 E2314.31702
G1 X128.785 Y158.263 E2314.35975
G1 X128.785 Y157.309 E2314.40248
G1 F8162.5 X128.784 Y156.355 E2314.44513
G1 X128.784 Y155.401 E2314.48779
G1 F8177 X128.784 Y154.447 E2314.53036
G1 X128.783 Y153.493 E2314.57294
G1 F8191.5 X128.783 Y152.539 E2314.61544
G1 X128.783 Y151.585 E2314.65795
G1 X128.783 Y150.631 E2314.70045
G1 F8206 X128.782 Y149.677 E2314.74288
G1 X128.782 Y148.723 E2314.7853
G1 F8220.6 X128.782 Y147.769 E2314.82766
G1 X128.781 Y146.815 E2314.87001
G1 F8235.3 X128.781 Y145.861 E2314.91228
G1 X128.781 Y144.907 E2314.95456
G1 X128.78 Y143.953 E2314.99684
G1 F8250 X128.78 Y142.999 E2315.03904
G1 F9240 X128.971 Y142.603 E2315.0564
G1 F10500 X129.246 Y142.39 E2315.06849
G1 X129.5 Y142.34 E2315.07749
G1 X153.566 Y142.343 E2315.91395
G1 X153.766 Y142.395 E2315.92113
G1 X153.948 Y142.514 E2315.92869
G1 X154.113 Y142.753 E2315.93878
G1 X154.158 Y142.94 E2315.94547
G1 X154.158 Y161.06 E2316.57526
G1 X154.113 Y161.247 E2316.58195
G1 X153.948 Y161.486 E2316.59204
G1 X153.766 Y161.605 E2316.5996
G1 X153.566 Y161.657 E2316.60678
G1 X129.5 Y161.66 E2317.44324
G1 F2400 E2316.94324
G1 F600 Z3.9
G0 F15000 X131.816 Y137.648 Z3.9
G1 F600 Z3.5
G1 F2400 E2317.44324
G1 F10500 X131.282 Y137.535 E2317.46221
G1 X130.838 Y137.315 E2317.47943
G1 X130.375 Y136.934 E2317.50028
G1 X130.056 Y136.435 E2317.52086
G1 X129.889 Y135.97 E2317.53803
G1 X129.843 Y135.574 E2317.55189
G1 X129.89 Y134.981 E2317.57256
G1 X130.128 Y134.425 E2317.59358
G1 X130.439 Y134.009 E2317.61164
G1 X130.838 Y133.681 E2317.62959
G1 X131.282 Y133.461 E2317.64681
G1 X131.702 Y133.357 E2317.66185
G1 X132.341 Y133.367 E2317.68406
G1 X132.839 Y133.511 E2317.70208
G1 X133.159 Y133.679 E2317.71464
G1 X133.561 Y134.009 E2317.73272
G1 X133.872 Y134.425 E2317.75077
G1 X134.098 Y134.986 E2317.77179
G1 X134.156 Y135.581 E2317.79257
G1 X134.098 Y136.011 E2317.80765
G1 X133.946 Y136.429 E2317.82311
G1 X133.625 Y136.934 E2317.84391
G1 X133.159 Y137.317 E2317.86488
G1 X132.693 Y137.541 E2317.88285
G1 X132.294 Y137.639 E2317.89713
G1 X131.816 Y137.648 E2317.91374
G0 F15000 X131.816 Y138.088
G1 F10500 X131.161 Y137.958 E2317.93695
G1 X130.631 Y137.704 E2317.95738
G1 X130.148 Y137.317 E2317.97889
G1 X129.97 Y137.117 E2317.9882
G1 X129.646 Y136.595 E2318.00955
G1 F9788.1 X129.485 Y136.265 E2318.02324
G1 F7993.1 X129.352 Y136.064 E2318.03425
G1 F7241.4 X129.315 Y135.634 E2318.056
G1 F7403.8 X129.315 Y135.368 E2318.06911
G1 F7287.1 X129.345 Y135.007 E2318.08725
G1 F8400 X129.506 Y134.739 E2318.10083
G1 F10312.5 X129.646 Y134.401 E2318.11378
G1 F10500 X129.97 Y133.879 E2318.13513
G1 X130.148 Y133.679 E2318.14444
G1 X130.631 Y133.292 E2318.16595
G1 X131.161 Y133.038 E2318.18638
G1 X131.626 Y132.924 E2318.20302
G1 X132.18 Y132.908 E2318.22228
G1 X132.799 Y133.028 E2318.2442
G1 X133.364 Y133.29 E2318.26584
G1 X133.852 Y133.679 E2318.28754
G1 X134.308 Y134.27 E2318.31348
G1 X134.526 Y134.883 E2318.33609
G1 X134.6 Y135.5 E2318.35769
G1 X134.526 Y136.114 E2318.37919
G1 X134.358 Y136.584 E2318.39653
G1 X134.03 Y137.117 E2318.41829
G1 X133.58 Y137.557 E2318.44016
G1 X133.364 Y137.706 E2318.44928
G1 X132.799 Y137.968 E2318.47093
G1 X132.37 Y138.072 E2318.48627
G1 X131.816 Y138.088 E2318.50553
G1 F2400 E2318.00553
G1 F600 Z3.9
G0 F15000 X157.84 Y135.5 Z3.9
G1 F600 Z3.5
G1 F2400 E2318.50553
G1 F10500 X157.897 Y134.986 E2318.52351
G1 X158.056 Y134.561 E2318.53928
G1 X158.375 Y134.062 E2318.55987
G1 X158.838 Y133.681 E2318.58071
G1 X159.304 Y133.455 E2318.59871
G1 X159.702 Y133.357 E2318.61295
G1 X160.341 Y133.367 E2318.63517
G1 X160.839 Y133.511 E2318.65318
G1 X161.159 Y133.679 E2318.66575
G1 X161.561 Y134.009 E2318.68382
G1 X161.928 Y134.523 E2318.70577
G1 X162.105 Y135.015 E2318.72395
G1 X162.16 Y135.488 E2318.7405
G1 X162.082 Y136.066 E2318.76077
G1 X161.917 Y136.496 E2318.77678
G1 X161.624 Y136.924 E2318.79481
G1 X161.198 Y137.295 E2318.81444
G1 X160.759 Y137.521 E2318.8316
G1 X160.267 Y137.643 E2318.84922
G1 X159.783 Y137.648 E2318.86604
G1 X159.231 Y137.518 E2318.88575
G1 X158.773 Y137.276 E2318.90376
G1 X158.381 Y136.929 E2318.92195
G1 X158.086 Y136.501 E2318.94002
G1 X157.896 Y136.002 E2318.95858
G1 X157.84 Y135.5 E2318.97613
G0 F15000 X157.4 Y135.5
G1 F10500 X157.469 Y134.884 E2318.99768
G1 X157.646 Y134.401 E2319.01556
G1 X157.97 Y133.879 E2319.03691
G1 X158.148 Y133.679 E2319.04622
G1 X158.631 Y133.292 E2319.06773
G1 X159.197 Y133.028 E2319.08944
G1 X159.626 Y132.924 E2319.10478
G1 X160.18 Y132.908 E2319.12404
G1 X160.799 Y133.028 E2319.14596
G1 X161.364 Y133.29 E2319.1676
G1 X161.852 Y133.679 E2319.18929
G1 X162.295 Y134.274 E2319.21508
G1 X162.529 Y134.858 E2319.23694
G1 X162.606 Y135.532 E2319.26052
G1 X162.522 Y136.149 E2319.28217
G1 X162.309 Y136.696 E2319.30257
G1 X161.962 Y137.218 E2319.32435
G1 X161.452 Y137.664 E2319.3479
G1 X160.869 Y137.948 E2319.37044
G1 X160.324 Y138.079 E2319.38992
G1 X159.701 Y138.088 E2319.41158
G1 X159.076 Y137.93 E2319.43399
G1 X158.485 Y137.611 E2319.45733
G1 X158.051 Y137.22 E2319.47763
G1 X157.696 Y136.705 E2319.49937
G1 X157.471 Y136.146 E2319.52032
G1 X157.4 Y135.5 E2319.5429
G1 F2400 E2319.0429
G1 F600 Z3.9
G0 F15000 X166.852 Y137.241 Z3.9
G1 F600 Z3.5
G1 F2400 E2319.5429
G1 F10500 X166.975 Y136.738 E2319.5609
G1 X167.215 Y136.28 E2319.57887
G1 X167.555 Y135.891 E2319.59683
G1 X168.061 Y135.556 E2319.61792
G1 X168.526 Y135.389 E2319.6351
G1 X169 Y135.34 E2319.65166
G1 X169.595 Y135.424 E2319.67254
G1 X170.05 Y135.614 E2319.68968
G1 X170.487 Y135.939 E2319.70861
G1 X170.815 Y136.338 E2319.72656
G1 X171.041 Y136.803 E2319.74453
G1 X171.148 Y137.316 E2319.76275
G1 X171.139 Y137.794 E2319.77936
G1 X171.041 Y138.193 E2319.79364
G1 X170.817 Y138.659 E2319.81161
G1 X170.487 Y139.061 E2319.82969
G1 X170.071 Y139.372 E2319.84774
G1 X169.511 Y139.598 E2319.86873
G1 X168.919 Y139.656 E2319.88941
G1 X168.431 Y139.583 E2319.90656
G1 X167.972 Y139.402 E2319.92371
G1 X167.529 Y139.083 E2319.94268
G1 X167.204 Y138.703 E2319.96006
G1 X166.968 Y138.237 E2319.97821
G1 X166.849 Y137.725 E2319.99648
G1 X166.852 Y137.241 E2320.01331
G0 F15000 X166.415 Y137.191
G1 F10500 X166.562 Y136.588 E2320.03488
G1 X166.843 Y136.029 E2320.05662
G1 X167.317 Y135.516 E2320.0809
G1 X167.901 Y135.146 E2320.10493
G1 X168.45 Y134.956 E2320.12512
G1 X169 Y134.9 E2320.14434
G1 X169.479 Y134.946 E2320.16106
G1 X169.755 Y135.014 E2320.17094
G1 X170.286 Y135.243 E2320.19104
G1 X170.817 Y135.648 E2320.21425
G1 X171.204 Y136.131 E2320.23576
G1 X171.468 Y136.697 E2320.25747
G1 X171.588 Y137.316 E2320.27939
G1 X171.573 Y137.87 E2320.29865
G1 X171.468 Y138.299 E2320.314
G1 X171.207 Y138.864 E2320.33563
G1 X170.817 Y139.352 E2320.35734
G1 X170.321 Y139.734 E2320.3791
G1 X169.614 Y140.026 E2320.40569
G1 X168.992 Y140.1 E2320.42746
G1 X168.362 Y140.029 E2320.4495
G1 X167.754 Y139.784 E2320.47228
G1 X167.296 Y139.467 E2320.49164
G1 X166.863 Y138.996 E2320.51388
G1 X166.574 Y138.441 E2320.53562
G1 X166.409 Y137.831 E2320.55759
G1 X166.415 Y137.191 E2320.57983
G1 F2400 E2320.07983
G1 F600 Z3.9
G0 F15000 X168.996 Y163.34 Z3.9
G1 F600 Z3.5
G1 F2400 E2320.57983
G1 F10500 X169.51 Y163.397 E2320.59781
G1 X169.935 Y163.556 E2320.61358
G1 X170.434 Y163.875 E2320.63416
G1 X170.815 Y164.338 E2320.655
G1 X171.041 Y164.803 E2320.67297
G1 X171.148 Y165.316 E2320.69119
G1 X171.139 Y165.794 E2320.7078
G1 X171.041 Y166.193 E2320.72208
G1 X170.817 Y166.659 E2320.74006
G1 X170.487 Y167.061 E2320.75813
G1 X169.971 Y167.429 E2320.78016
G1 X169.471 Y167.607 E2320.79861
G1 X169 Y167.66 E2320.81508
G1 X168.407 Y167.574 E2320.83591
G1 X167.971 Y167.401 E2320.85221
G1 X167.583 Y167.133 E2320.8686
G1 X167.232 Y166.743 E2320.88684
G1 X166.986 Y166.285 E2320.90491
G1 X166.855 Y165.779 E2320.92307
G1 X166.859 Y165.192 E2320.94348
G1 X166.996 Y164.688 E2320.96163
G1 X167.216 Y164.279 E2320.97777
G1 X167.548 Y163.898 E2320.99534
G1 X167.97 Y163.599 E2321.01331
G1 X168.517 Y163.391 E2321.03365
G1 X168.996 Y163.34 E2321.05039
G0 F15000 X168.993 Y162.9
G1 F10500 X169.612 Y162.969 E2321.07204
G1 X170.095 Y163.146 E2321.08992
G1 X170.617 Y163.47 E2321.11128
G1 X170.817 Y163.648 E2321.12058
G1 X171.204 Y164.131 E2321.14209
G1 X171.468 Y164.697 E2321.1638
G1 X171.588 Y165.316 E2321.18572
G1 X171.573 Y165.87 E2321.20498
G1 X171.468 Y166.299 E2321.22033
G1 X171.207 Y166.864 E2321.24196
G1 X170.817 Y167.352 E2321.26367
G1 X170.617 Y167.53 E2321.27298
G1 X170.154 Y167.829 E2321.29213
G1 X169.547 Y168.04 E2321.31447
G1 X169 Y168.1 E2321.3336
G1 X168.252 Y167.986 E2321.35989
G1 X167.719 Y167.763 E2321.37998
G1 X167.263 Y167.445 E2321.3993
G1 X166.845 Y166.968 E2321.42134
G1 X166.558 Y166.412 E2321.44309
G1 X166.42 Y165.844 E2321.46341
G1 X166.405 Y165.195 E2321.48597
G1 X166.56 Y164.592 E2321.50761
G1 X166.843 Y164.029 E2321.52951
G1 X167.271 Y163.548 E2321.55189
G1 X167.786 Y163.194 E2321.57361
G1 X168.367 Y162.966 E2321.5953
G1 X168.993 Y162.9 E2321.61718
G1 F2400 E2321.11718
G1 F600 Z3.9
G0 F15000 X161.904 Y167.477 Z3.9
G1 F600 Z3.5
G1 F2400 E2321.61718
G1 F10500 X162.097 Y167.98 E2321.63591
G1 X162.16 Y168.482 E2321.65349
G1 X162.1 Y169.002 E2321.67168
G1 X161.937 Y169.451 E2321.68829
G1 X161.561 Y169.987 E2321.71104
G1 X161.159 Y170.317 E2321.72912
G1 X160.693 Y170.541 E2321.74709
G1 X160.294 Y170.639 E2321.76137
G1 X159.816 Y170.648 E2321.77799
G1 X159.303 Y170.541 E2321.7962
G1 X158.838 Y170.315 E2321.81417
G1 X158.375 Y169.934 E2321.83501
G1 X158.056 Y169.435 E2321.8556
G1 X157.898 Y169.01 E2321.87136
G1 X157.84 Y168.5 E2321.8892
G1 X157.896 Y167.995 E2321.90686
G1 X158.086 Y167.494 E2321.92548
G1 X158.412 Y167.033 E2321.9451
G1 X158.773 Y166.72 E2321.96171
G1 X159.303 Y166.455 E2321.98231
G1 X159.783 Y166.348 E2321.9994
G1 X160.249 Y166.351 E2322.0156
G1 X160.744 Y166.47 E2322.03329
G1 X161.208 Y166.708 E2322.05142
G1 X161.604 Y167.05 E2322.0696
G1 X161.904 Y167.477 E2322.08774
G0 F15000 X162.32 Y167.308
G1 F10500 X162.533 Y167.891 E2322.10931
G1 X162.6 Y168.47 E2322.12957
G1 X162.537 Y169.105 E2322.15175
G1 X162.343 Y169.621 E2322.17091
G1 X162.03 Y170.117 E2322.1913
G1 X161.58 Y170.557 E2322.21317
G1 X161.364 Y170.706 E2322.22229
G1 X160.799 Y170.968 E2322.24394
G1 X160.37 Y171.072 E2322.25928
G1 X159.816 Y171.088 E2322.27854
G1 X159.549 Y171.056 E2322.28789
G1 X158.947 Y170.872 E2322.30977
G1 X158.42 Y170.557 E2322.33111
G1 X157.97 Y170.117 E2322.35298
G1 X157.646 Y169.595 E2322.37434
G1 X157.47 Y169.112 E2322.3922
G1 X157.4 Y168.5 E2322.41361
G1 X157.471 Y167.85 E2322.43634
G1 X157.696 Y167.291 E2322.45728
G1 X158.051 Y166.775 E2322.47905
G1 X158.523 Y166.358 E2322.50094
G1 X159.197 Y166.028 E2322.52703
G1 X159.702 Y165.909 E2322.54506
G1 X160.337 Y165.913 E2322.56713
G1 X160.939 Y166.068 E2322.58874
G1 X161.49 Y166.361 E2322.61043
G1 X161.959 Y166.779 E2322.63226
G1 X162.32 Y167.308 E2322.65452
G1 F2400 E2322.15452
G1 F600 Z3.9
G0 F15000 X166.362 Y133.57 Z3.9
;TYPE:FILL
G1 F600 Z3.5
G1 F2400 E2322.65452
G1 F15000 X166.362 Y133.179 E2322.66811
G1 X164.538 Y131.453 E2322.75539
G1 X163.93 Y131.43 E2322.77654
G1 X163.93 Y131.132 E2322.7869
G1 X164.548 Y131.155 E2322.80839
G1 X166.273 Y129.43 E2322.89318
G1 X166.761 Y129.43 E2322.91014
G1 X170.51 Y133.179 E2323.09442
G1 X170.51 Y133.57 E2323.10801
G1 X170.82 Y133.57 E2323.11879
G1 X170.82 Y133.18 E2323.13234
G1 X174.569 Y129.43 E2323.31664
G1 X175.07 Y129.43 E2323.33405
G1 X175.057 Y129.43 E2323.33451
G1 X175.07 Y129.443 E2323.33515
G1 X175.07 Y133.077 E2323.46145
G1 X174.968 Y133.179 E2323.46647
G1 X174.968 Y133.57 E2323.48006
G1 X174.658 Y133.57 E2323.49083
G1 X174.658 Y133.179 E2323.50442
G1 X170.909 Y129.43 E2323.6887
G1 X170.421 Y129.43 E2323.70566
G1 X166.672 Y133.18 E2323.88996
G1 X166.672 Y133.57 E2323.90352
G1 X166.362 Y133.57 E2323.91429
G1 F2400 E2323.41429
G1 F600 Z3.9
G0 F15000 X162.37 Y142.43 Z3.9
G1 F600 Z3.5
G1 F2400 E2323.91429
G1 F15000 X161.57 Y142.43 E2323.9421
G1 X154.928 Y149.072 E2324.26857
G1 X154.927 Y150.779 E2324.3279
G1 X162.37 Y158.221 E2324.69373
G1 X158.721 Y161.869 E2324.87307
G1 X161.869 Y161.869 E2324.98248
G1 X154.929 Y154.929 E2325.32361
G1 X154.929 Y153.218 E2325.38308
G1 X162.37 Y145.779 E2325.74878
G1 X159.022 Y142.43 E2325.91337
G1 X154.874 Y142.43 E2326.05754
G1 X162.37 Y149.925 E2326.42597
G1 X154.931 Y157.364 E2326.79162
G1 X154.931 Y159.079 E2326.85123
G1 X157.722 Y161.869 E2326.9884
G1 X154.63 Y161.87 E2327.09586
G1 X154.752 Y161.691 E2327.10339
G1 X162.37 Y154.074 E2327.47782
G1 X154.926 Y146.63 E2327.84372
G1 X154.926 Y144.925 E2327.90298
G1 X157.422 Y142.43 E2328.02564
G1 X157.499 Y142.353
G1 F2400 E2327.52564
G1 F600 Z3.9
G0 F15000 X167.753 Y169.43 Z3.9
G1 F600 Z3.5
G1 F2400 E2328.02564
G1 F15000 X164.598 Y172.584 E2328.1807
G1 X163.93 Y172.584 E2328.20392
G1 X163.93 Y172.894 E2328.21469
G1 X164.598 Y172.894 E2328.23791
G1 X166.274 Y174.57 E2328.32029
G1 X166.76 Y174.571 E2328.33718
G1 X171.9 Y169.43 E2328.58986
G1 X173.578 Y169.43 E2328.64818
G1 X174.657 Y170.51 E2328.70124
G1 X175.07 Y170.51 E2328.71559
G1 X175.07 Y170.82 E2328.72637
G1 X174.658 Y170.82 E2328.74069
G1 X170.908 Y174.571 E2328.92504
G1 X170.422 Y174.57 E2328.94193
G1 X165.282 Y169.43 E2329.19458
G1 X168.88 Y169.43 E2329.31963
G1 X168.97 Y168.97 E2329.33593
G1 X169.134 Y169.134 E2329.34399
G1 X169.22 Y169.43 E2329.3547
G1 X169.43 Y169.43 E2329.362
G1 X174.57 Y174.57 E2329.61465
G1 X175.07 Y174.556 E2329.63203
G1 X175.056 Y174.571 E2329.63275
G1 X174.983 Y174.649
G1 F2400 E2329.13275
G1 F600 Z3.9
G0 F15000 X169.039 Y168.446 Z3.9
;TYPE:SKIN
G1 F600 Z3.5
G1 F2400 E2329.63275
G1 F11379.3 X168.978 Y168.449 E2329.63443
G1 F2400 E2329.13443
G1 F600 Z3.9
G0 F15000 X163.804 Y169.146 Z3.9
G1 F600 Z3.5
G1 F2400 E2329.63443
G1 F9000 X168.643 Y169.144 E2329.80261
G1 X168.715 Y168.782 E2329.81544
G1 F9230.8 X168.766 Y168.583 E2329.8224
G1 F10339.4 X168.978 Y168.449 E2329.82999
G1 X168.671 Y168.454 E2329.83928
G1 F9230.8 X168.465 Y168.444 E2329.84627
G1 F9000 X168.1 Y168.352 E2329.85935
G1 X167.534 Y168.113 E2329.88071
G1 X167.014 Y167.753 E2329.90269
G1 X166.5 Y167.166 E2329.92981
G1 X166.193 Y166.571 E2329.95308
G1 X166.03 Y165.925 E2329.97624
G1 X166.01 Y165.143 E2330.00342
G1 X166.202 Y164.404 E2330.02996
G1 X166.559 Y163.749 E2330.05589
G1 X166.991 Y163.265 E2330.07844
G1 X167.575 Y162.86 E2330.10314
G1 X168.263 Y162.578 E2330.12898
G1 X168.982 Y162.504 E2330.15411
G1 X169.662 Y162.568 E2330.17785
G1 X170.228 Y162.773 E2330.19877
G1 X170.863 Y163.16 E2330.22461
G1 X171.12 Y163.394 E2330.2367
G1 X171.55 Y163.932 E2330.26063
G1 X171.837 Y164.565 E2330.28479
G1 X171.984 Y165.324 E2330.31166
G1 X171.961 Y165.938 E2330.33302
G1 X171.837 Y166.432 E2330.35072
G1 X171.565 Y167.028 E2330.37349
G1 X171.091 Y167.633 E2330.4002
G1 X170.835 Y167.858 E2330.41205
G1 X170.347 Y168.17 E2330.43218
G1 X169.593 Y168.431 E2330.45991
G1 F9295.8 X169.323 Y168.447 E2330.46901
G1 F10421.1 X169.039 Y168.446 E2330.47754
G1 X169.246 Y168.561 E2330.48465
G1 F9295.8 X169.336 Y168.817 E2330.49378
G1 F9000 X169.433 Y169.144 E2330.50563
G1 X175.004 Y169.144 E2330.69926
G1 X175.004 Y133.856 E2331.92576
G1 X169.339 Y133.856 E2332.12266
G1 X169.266 Y134.206 E2332.13509
G1 F9406.2 X169.188 Y134.461 E2332.14396
G1 F10673.9 X169.004 Y134.572 E2332.15025
G1 X169.256 Y134.552 E2332.15766
G1 F9406.2 X169.521 Y134.552 E2332.16647
G1 F9000 X169.905 Y134.646 E2332.18021
G1 X170.515 Y134.921 E2332.20347
G1 X171.12 Y135.394 E2332.23016
G1 X171.55 Y135.932 E2332.2541
G1 X171.837 Y136.565 E2332.27826
G1 X171.984 Y137.324 E2332.30513
G1 X171.961 Y137.938 E2332.32648
G1 X171.837 Y138.431 E2332.34415
G1 X171.554 Y139.056 E2332.368
G1 X171.121 Y139.601 E2332.39219
G1 X170.831 Y139.86 E2332.40571
G1 X170.215 Y140.232 E2332.43072
G1 X169.735 Y140.404 E2332.44844
G1 X169.036 Y140.5 E2332.47296
G1 X168.269 Y140.415 E2332.49978
G1 X167.567 Y140.145 E2332.52593
G1 X166.968 Y139.708 E2332.5517
G1 X166.534 Y139.224 E2332.57429
G1 X166.176 Y138.526 E2332.60156
G1 X166.025 Y137.899 E2332.62397
G1 X166.013 Y137.141 E2332.65032
G1 X166.18 Y136.44 E2332.67537
G1 X166.532 Y135.793 E2332.70097
G1 X166.983 Y135.262 E2332.72518
G1 X167.606 Y134.825 E2332.75163
G1 X168.402 Y134.56 E2332.78079
G1 F9428.6 X168.683 Y134.561 E2332.79011
G1 F10702.7 X168.928 Y134.577 E2332.79729
G1 X168.737 Y134.482 E2332.80353
G1 F9428.6 X168.626 Y134.223 E2332.81287
G1 F9000 X168.51 Y133.856 E2332.82625
G1 X163.815 Y133.856 E2332.98944
G1 X163.65 Y133.728 E2332.99669
G1 X163.644 Y129.496 E2333.14378
G1 X128.996 Y129.496 E2334.34804
G1 X128.996 Y134.499 E2334.52193
G1 X129.066 Y134.649 E2334.52768
G1 X129.142 Y134.559 E2334.53178
G1 X129.446 Y133.936 E2334.55587
G1 X129.894 Y133.372 E2334.5809
G1 X130.454 Y132.932 E2334.60566
G1 X131.018 Y132.668 E2334.6273
G1 X131.554 Y132.531 E2334.64653
G1 X132.202 Y132.513 E2334.66906
G1 X132.554 Y132.557 E2334.68139
G1 X133.241 Y132.778 E2334.70647
G1 X133.813 Y133.118 E2334.7296
G1 X134.35 Y133.641 E2334.75566
G1 X134.732 Y134.278 E2334.78147
G1 X134.915 Y134.806 E2334.80089
G1 X134.983 Y135.314 E2334.81871
G1 X134.982 Y135.686 E2334.83164
G1 X134.915 Y136.186 E2334.84917
G1 X134.722 Y136.74 E2334.86956
G1 X134.551 Y137.055 E2334.88202
G1 X134.126 Y137.605 E2334.90618
G1 X133.528 Y138.065 E2334.9324
G1 X132.932 Y138.337 E2334.95517
G1 X132.439 Y138.461 E2334.97284
G1 X131.816 Y138.484 E2334.99451
G1 X131.055 Y138.34 E2335.02143
G1 X130.41 Y138.033 E2335.04626
G1 X129.894 Y137.62 E2335.06923
G1 X129.423 Y137.028 E2335.09552
G1 X129.08 Y136.417 E2335.11987
G1 X128.995 Y136.795 E2335.13334
G1 X128.997 Y141.599 E2335.30031
G1 X129.457 Y141.507 E2335.31662
G1 X153.659 Y141.511 E2336.1578
G1 X154.117 Y141.638 E2336.17432
G1 X154.537 Y141.923 E2336.19196
G1 X154.711 Y142.144 E2336.20174
G1 X162.468 Y142.146 E2336.47135
G1 X162.585 Y142.201 E2336.47584
G1 X162.654 Y142.303 E2336.48012
G1 X162.657 Y161.972 E2337.16375
G1 X162.595 Y162.09 E2337.16839
G1 X162.458 Y162.155 E2337.17366
G1 X154.422 Y162.156 E2337.45296
G1 X154.237 Y162.302 E2337.46115
G1 X153.954 Y162.421 E2337.47183
G1 X153.536 Y162.497 E2337.48659
G1 X129.456 Y162.492 E2338.32354
G1 X128.996 Y162.398 E2338.33986
G1 X128.996 Y167.499 E2338.51715
G1 X129.066 Y167.649 E2338.5229
G1 X129.142 Y167.559 E2338.527
G1 X129.446 Y166.936 E2338.55109
G1 X129.894 Y166.372 E2338.57613
G1 X130.454 Y165.932 E2338.60088
G1 X131.018 Y165.668 E2338.62252
G1 X131.554 Y165.531 E2338.64175
G1 X132.202 Y165.513 E2338.66428
G1 X132.554 Y165.557 E2338.67661
G1 X133.241 Y165.778 E2338.7017
G1 X133.813 Y166.118 E2338.72482
G1 X134.351 Y166.642 E2338.75093
G1 X134.732 Y167.281 E2338.77678
G1 X134.915 Y167.806 E2338.79611
G1 X134.983 Y168.314 E2338.81392
G1 X134.983 Y168.686 E2338.82685
G1 X134.915 Y169.19 E2338.84453
G1 X134.736 Y169.71 E2338.86364
G1 X134.551 Y170.055 E2338.87725
G1 X134.126 Y170.605 E2338.90141
G1 X133.528 Y171.065 E2338.92763
G1 X132.932 Y171.337 E2338.9504
G1 X132.438 Y171.461 E2338.9681
G1 X131.816 Y171.484 E2338.98974
G1 X131.055 Y171.34 E2339.01666
G1 X130.41 Y171.033 E2339.04148
G1 X129.894 Y170.62 E2339.06445
G1 X129.423 Y170.028 E2339.09075
G1 X129.08 Y169.417 E2339.1151
G1 X128.995 Y169.795 E2339.12857
G1 X128.997 Y174.503 E2339.2922
G1 X163.644 Y174.504 E2340.49642
G1 X163.644 Y169.922 E2340.65568
G1 F7826.1 X163.579 Y169.364 E2340.67813
G1 F6804.1 X163.576 Y169.29 E2340.68154
G1 F7659.6 X163.804 Y169.146 E2340.69255
G1 F2400 E2340.19255
G1 F600 Z3.9
G0 F15000 X160.893 Y171.35 Z3.9
G1 F600 Z3.5
G1 F2400 E2340.69255
G1 F9000 X160.438 Y171.461 E2340.70883
G1 X159.788 Y171.483 E2340.73144
G1 X159.435 Y171.435 E2340.74382
G1 X158.773 Y171.231 E2340.76789
G1 X158.141 Y170.837 E2340.79378
G1 X157.636 Y170.328 E2340.8187
G1 X157.268 Y169.723 E2340.84331
G1 X157.081 Y169.185 E2340.86311
G1 X157.001 Y168.577 E2340.88442
G1 X157.073 Y167.785 E2340.91206
G1 X157.347 Y167.097 E2340.9378
G1 X157.737 Y166.513 E2340.96221
G1 X158.28 Y166.045 E2340.98713
G1 X158.917 Y165.684 E2341.01258
G1 X159.646 Y165.515 E2341.03859
G1 X160.415 Y165.526 E2341.06532
G1 X161.108 Y165.709 E2341.09023
G1 X161.72 Y166.036 E2341.11435
G1 X162.252 Y166.512 E2341.13916
G1 X162.646 Y167.092 E2341.16353
G1 X162.924 Y167.805 E2341.19013
G1 X162.999 Y168.549 E2341.21612
G1 F7659.6 X162.995 Y169.178 E2341.2418
G1 F6804.1 X162.962 Y169.256 E2341.2457
G1 F7826.1 X162.711 Y169.759 E2341.26817
G1 F9000 X162.359 Y170.33 E2341.29148
G1 X161.852 Y170.844 E2341.31658
G1 X161.535 Y171.065 E2341.33001
G1 X160.893 Y171.35 E2341.35442
G1 F2400 E2340.85442
G1 F600 Z3.9
G0 F15000 X161.062 Y138.313 Z3.9
G1 F600 Z3.5
G1 F2400 E2341.35442
G1 F9000 X160.386 Y138.469 E2341.37853
G1 X159.637 Y138.479 E2341.40457
G1 X158.916 Y138.308 E2341.43032
G1 X158.281 Y137.952 E2341.45563
G1 X157.779 Y137.522 E2341.4786
G1 X157.377 Y136.956 E2341.50273
G1 X157.084 Y136.256 E2341.5291
G1 X157 Y135.527 E2341.55461
G1 X157.064 Y134.859 E2341.57793
G1 X157.273 Y134.264 E2341.59985
G1 X157.66 Y133.629 E2341.6257
G1 X157.895 Y133.371 E2341.63783
G1 X158.455 Y132.936 E2341.66247
G1 X159.103 Y132.642 E2341.68721
G1 X159.554 Y132.531 E2341.70335
G1 X160.202 Y132.513 E2341.72588
G1 X160.554 Y132.557 E2341.73821
G1 X161.22 Y132.767 E2341.76248
G1 X161.835 Y133.131 E2341.78732
G1 X162.36 Y133.658 E2341.81318
G1 X162.692 Y134.17 E2341.83439
G1 X162.927 Y134.852 E2341.85946
G1 X162.992 Y135.489 E2341.88171
G1 X162.923 Y136.195 E2341.90637
G1 X162.67 Y136.856 E2341.93097
G1 X162.264 Y137.479 E2341.95681
G1 X161.732 Y137.944 E2341.98137
G1 X161.062 Y138.313 E2342.00796
G1 F2400 E2341.50796
G1 F600 Z3.9
G0 F15000 X168.928 Y134.577 Z3.9
G1 F600 Z3.5
G1 F2400 E2342.00796
G1 F11647.1 X169.004 Y134.572 E2342.01
G1 F2400 E2341.51
G1 F600 Z3.9
G0 F15000 X174.522 Y134.076 Z3.9
G1 F600 Z3.5
G1 F2400 E2342.01
G1 F9000 X174.784 Y134.338 E2342.02288
G0 F15000 X174.784 Y134.96
G1 F9000 X173.9 Y134.076 E2342.06633
G0 F15000 X173.278 Y134.076
G1 F9000 X174.784 Y135.582 E2342.14036
G0 F15000 X174.784 Y136.204
G1 F9000 X172.656 Y134.076 E2342.24496
G0 F15000 X172.033 Y134.076
G1 F9000 X174.784 Y136.827 E2342.38018
G0 F15000 X174.784 Y137.449
G1 F9000 X171.411 Y134.076 E2342.54597
G0 F15000 X170.789 Y134.076
G1 F9000 X174.784 Y138.071 E2342.74234
G0 F15000 X174.784 Y138.693
G1 F9000 X170.167 Y134.076 E2342.96928
G0 F15000 X169.889 Y134.421
G1 F9000 X169.544 Y134.076 E2342.98624
G1 F2400 E2342.48624
G1 F600 Z3.9
G0 F15000 X168.372 Y134.148 Z3.9
G1 F600 Z3.5
G1 F2400 E2342.98624
G1 F9000 X168.3 Y134.076 E2342.98978
G0 F15000 X168.045 Y134.444
G1 F9000 X167.678 Y134.076 E2343.00784
G0 F15000 X167.581 Y134.602
G1 F9000 X167.055 Y134.076 E2343.0337
G0 F15000 X166.433 Y134.076
G1 F9000 X167.2 Y134.842 E2343.07138
G0 F15000 X166.833 Y135.098
G1 F9000 X165.811 Y134.076 E2343.12161
G0 F15000 X165.189 Y134.076
G1 F9000 X166.548 Y135.435 E2343.18841
G0 F15000 X166.28 Y135.789
G1 F9000 X164.566 Y134.076 E2343.27264
G0 F15000 X163.944 Y134.076
G1 F9000 X166.062 Y136.194 E2343.37674
G0 F15000 X165.902 Y136.656
G1 F9000 X158.963 Y129.717 E2343.71782
G0 F15000 X159.585 Y129.717
G1 F9000 X163.424 Y133.556 E2343.90652
G0 F15000 X163.424 Y132.933
G1 F9000 X160.207 Y129.717 E2344.06462
G0 F15000 X160.829 Y129.717
G1 F9000 X163.424 Y132.311 E2344.19215
G0 F15000 X163.424 Y131.689
G1 F9000 X161.452 Y129.717 E2344.28908
G0 F15000 X162.074 Y129.717
G1 F9000 X163.424 Y131.066 E2344.35542
G0 F15000 X163.424 Y130.444
G1 F9000 X162.696 Y129.717 E2344.39117
G0 F15000 X163.318 Y129.717
G1 F9000 X163.424 Y129.822 E2344.39636
G1 F2400 E2343.89636
G1 F600 Z3.9
G0 F15000 X161.134 Y132.51 Z3.9
G1 F600 Z3.5
G1 F2400 E2344.39636
G1 F9000 X158.34 Y129.717 E2344.53367
G0 F15000 X157.718 Y129.717
G1 F9000 X160.306 Y132.305 E2344.66088
G0 F15000 X159.688 Y132.309
G1 F9000 X157.096 Y129.717 E2344.78829
G0 F15000 X156.474 Y129.717
G1 F9000 X159.158 Y132.401 E2344.92021
G0 F15000 X158.71 Y132.575
G1 F9000 X155.851 Y129.717 E2345.06072
G0 F15000 X155.229 Y129.717
G1 F9000 X158.29 Y132.778 E2345.21118
G0 F15000 X157.946 Y133.056
G1 F9000 X154.607 Y129.717 E2345.3753
G0 F15000 X153.985 Y129.717
G1 F9000 X157.618 Y133.35 E2345.55388
G0 F15000 X157.351 Y133.705
G1 F9000 X153.362 Y129.717 E2345.74993
G0 F15000 X152.74 Y129.717
G1 F9000 X157.116 Y134.092 E2345.965
G0 F15000 X156.94 Y134.538
G1 F9000 X152.118 Y129.717 E2346.20199
G0 F15000 X151.496 Y129.717
G1 F9000 X156.825 Y135.046 E2346.46393
G0 F15000 X156.787 Y135.63
G1 F9000 X150.873 Y129.717 E2346.7546
G0 F15000 X150.251 Y129.717
G1 F9000 X156.886 Y136.352 E2347.08074
G1 X156.963 Y136.429
G1 F2400 E2346.58074
G1 F600 Z3.9
G0 F15000 X159.116 Y138.582 Z3.9
G1 F600 Z3.5
G1 F2400 E2347.08074
G1 F9000 X162.461 Y141.927 E2347.24516
G0 F15000 X162.872 Y142.338
G1 F9000 X174.784 Y154.25 E2347.83067
G0 F15000 X174.784 Y154.872
G1 F9000 X162.872 Y142.96 E2348.41619
G0 F15000 X162.872 Y143.582
G1 F9000 X174.784 Y155.494 E2349.00171
G0 F15000 X174.784 Y156.116
G1 F9000 X162.872 Y144.205 E2349.5872
G0 F15000 X162.872 Y144.827
G1 F9000 X174.784 Y156.739 E2350.17272
G0 F15000 X174.784 Y157.361
G1 F9000 X162.872 Y145.449 E2350.75824
G0 F15000 X162.872 Y146.071
G1 F9000 X174.784 Y157.983 E2351.34375
G0 F15000 X174.784 Y158.605
G1 F9000 X162.872 Y146.694 E2351.92925
G0 F15000 X162.872 Y147.316
G1 F9000 X174.784 Y159.228 E2352.51476
G0 F15000 X174.784 Y159.85
G1 F9000 X162.872 Y147.938 E2353.10028
G0 F15000 X162.872 Y148.56
G1 F9000 X174.784 Y160.472 E2353.6858
G0 F15000 X174.784 Y161.094
G1 F9000 X162.872 Y149.183 E2354.27129
G0 F15000 X162.872 Y149.805
G1 F9000 X174.784 Y161.717 E2354.85681
G0 F15000 X174.784 Y162.339
G1 F9000 X162.872 Y150.427 E2355.44233
G0 F15000 X162.872 Y151.049
G1 F9000 X174.784 Y162.961 E2356.02785
G0 F15000 X174.784 Y163.583
G1 F9000 X162.872 Y151.672 E2356.61334
G0 F15000 X162.872 Y152.294
G1 F9000 X174.784 Y164.206 E2357.19886
G0 F15000 X174.784 Y164.828
G1 F9000 X162.872 Y152.916 E2357.78437
G0 F15000 X162.872 Y153.538
G1 F9000 X174.784 Y165.45 E2358.36989
G0 F15000 X174.784 Y166.073
G1 F9000 X162.872 Y154.161 E2358.95541
G0 F15000 X162.872 Y154.783
G1 F9000 X174.784 Y166.695 E2359.54093
G0 F15000 X174.784 Y167.317
G1 F9000 X172.075 Y164.608 E2359.67408
G0 F15000 X172.202 Y165.357
G1 F9000 X174.784 Y167.939 E2359.801
G0 F15000 X174.784 Y168.562
G1 F9000 X172.178 Y165.956 E2359.92909
G0 F15000 X172.054 Y166.454
G1 F9000 X174.524 Y168.924 E2360.0505
G0 F15000 X173.902 Y168.924
G1 F9000 X171.869 Y166.891 E2360.15043
G0 F15000 X171.645 Y167.289
G1 F9000 X173.279 Y168.924 E2360.23077
G0 F15000 X172.657 Y168.924
G1 F9000 X171.368 Y167.635 E2360.29413
G0 F15000 X171.061 Y167.95
G1 F9000 X172.035 Y168.924 E2360.34201
G0 F15000 X171.413 Y168.924
G1 F9000 X170.696 Y168.207 E2360.37725
G0 F15000 X170.295 Y168.428
G1 F9000 X170.79 Y168.924 E2360.40161
G0 F15000 X170.168 Y168.924
G1 F9000 X169.832 Y168.588 E2360.41812
G1 F2400 E2359.91812
G1 F600 Z3.9
G0 F15000 X168.302 Y168.924 Z3.9
G1 F600 Z3.5
G1 F2400 E2360.41812
G1 F9000 X167.871 Y168.493 E2360.43931
G0 F15000 X167.68 Y168.924
G1 F9000 X161.13 Y162.374 E2360.76126
G0 F15000 X160.508 Y162.374
G1 F9000 X167.058 Y168.925 E2361.08324
G0 F15000 X166.437 Y168.926
G1 F9000 X159.885 Y162.374 E2361.4053
G0 F15000 X159.264 Y162.375
G1 F9000 X165.814 Y168.926 E2361.72728
G0 F15000 X165.193 Y168.926
G1 F9000 X158.642 Y162.375 E2362.04928
G0 F15000 X158.019 Y162.375
G1 F9000 X161.123 Y165.479 E2362.20186
G0 F15000 X160.322 Y165.3
G1 F9000 X157.397 Y162.375 E2362.34563
G0 F15000 X156.775 Y162.376
G1 F9000 X159.691 Y165.291 E2362.48894
G0 F15000 X159.175 Y165.398
G1 F9000 X156.153 Y162.376 E2362.63748
G0 F15000 X155.531 Y162.376
G1 F9000 X158.705 Y165.55 E2362.79349
G0 F15000 X158.306 Y165.773
G1 F9000 X154.909 Y162.376 E2362.96047
G0 F15000 X154.378 Y162.467
G1 F9000 X157.949 Y166.038 E2363.136
G0 F15000 X157.615 Y166.326
G1 F9000 X153.934 Y162.646 E2363.31691
G0 F15000 X153.383 Y162.717
G1 F9000 X157.355 Y166.689 E2363.51214
G0 F15000 X157.121 Y167.077
G1 F9000 X152.761 Y162.717 E2363.72645
G0 F15000 X152.139 Y162.717
G1 F9000 X156.944 Y167.523 E2363.96266
G0 F15000 X156.83 Y168.03
G1 F9000 X151.517 Y162.717 E2364.22381
G0 F15000 X150.894 Y162.717
G1 F9000 X156.783 Y168.606 E2364.51328
G0 F15000 X156.9 Y169.345
G1 F9000 X150.272 Y162.717 E2364.83907
G0 F15000 X149.65 Y162.717
G1 F9000 X161.216 Y174.283 E2365.40758
G0 F15000 X160.594 Y174.283
G1 F9000 X149.028 Y162.717 E2365.97609
G0 F15000 X148.405 Y162.717
G1 F9000 X159.972 Y174.283 E2366.54463
G0 F15000 X159.349 Y174.283
G1 F9000 X147.783 Y162.717 E2367.11314
G0 F15000 X147.161 Y162.717
G1 F9000 X158.727 Y174.283 E2367.68165
G0 F15000 X158.105 Y174.283
G1 F9000 X146.539 Y162.717 E2368.25016
G0 F15000 X145.916 Y162.717
G1 F9000 X157.483 Y174.283 E2368.81869
G0 F15000 X156.86 Y174.283
G1 F9000 X145.294 Y162.717 E2369.3872
G0 F15000 X144.672 Y162.717
G1 F9000 X156.238 Y174.283 E2369.95571
G0 F15000 X155.616 Y174.283
G1 F9000 X144.05 Y162.717 E2370.52422
G0 F15000 X143.427 Y162.717
G1 F9000 X154.994 Y174.283 E2371.09276
G0 F15000 X154.371 Y174.283
G1 F9000 X142.805 Y162.717 E2371.66127
G0 F15000 X142.183 Y162.717
G1 F9000 X153.749 Y174.283 E2372.22978
G0 F15000 X153.127 Y174.283
G1 F9000 X141.561 Y162.717 E2372.79829
G0 F15000 X140.938 Y162.717
G1 F9000 X152.505 Y174.283 E2373.36683
G0 F15000 X151.882 Y174.283
G1 F9000 X140.315 Y162.717 E2373.93536
G0 F15000 X139.693 Y162.717
G1 F9000 X151.26 Y174.283 E2374.5039
G0 F15000 X150.638 Y174.283
G1 F9000 X139.071 Y162.717 E2375.07243
G0 F15000 X138.449 Y162.717
G1 F9000 X150.016 Y174.283 E2375.64097
G0 F15000 X149.393 Y174.283
G1 F9000 X137.826 Y162.717 E2376.2095
G0 F15000 X137.204 Y162.717
G1 F9000 X148.771 Y174.283 E2376.77804
G0 F15000 X148.149 Y174.283
G1 F9000 X136.582 Y162.717 E2377.34657
G0 F15000 X135.96 Y162.717
G1 F9000 X147.527 Y174.283 E2377.91511
G0 F15000 X146.904 Y174.283
G1 F9000 X135.337 Y162.717 E2378.48364
G0 F15000 X134.715 Y162.717
G1 F9000 X146.281 Y174.283 E2379.05215
G0 F15000 X145.659 Y174.283
G1 F9000 X134.093 Y162.717 E2379.62066
G0 F15000 X133.471 Y162.717
G1 F9000 X145.037 Y174.283 E2380.18917
G0 F15000 X144.415 Y174.283
G1 F9000 X132.848 Y162.717 E2380.75771
G0 F15000 X132.226 Y162.717
G1 F9000 X143.792 Y174.283 E2381.32622
G0 F15000 X143.17 Y174.283
G1 F9000 X131.604 Y162.717 E2381.89473
G0 F15000 X130.982 Y162.717
G1 F9000 X142.548 Y174.283 E2382.46324
G0 F15000 X141.926 Y174.283
G1 F9000 X134.988 Y167.345 E2382.80427
G0 F15000 X135.185 Y168.164
G1 F9000 X141.303 Y174.283 E2383.10501
G0 F15000 X140.681 Y174.283
G1 F9000 X135.19 Y168.792 E2383.37492
G0 F15000 X135.103 Y169.327
G1 F9000 X140.059 Y174.283 E2383.61852
G0 F15000 X139.437 Y174.283
G1 F9000 X134.937 Y169.783 E2383.83971
G0 F15000 X134.723 Y170.191
G1 F9000 X138.814 Y174.283 E2384.04082
G0 F15000 X138.192 Y174.283
G1 F9000 X134.451 Y170.542 E2384.22471
G0 F15000 X134.152 Y170.865
G1 F9000 X137.57 Y174.283 E2384.39272
G0 F15000 X136.947 Y174.283
G1 F9000 X133.802 Y171.138 E2384.5473
G0 F15000 X133.406 Y171.363
G1 F9000 X136.325 Y174.283 E2384.69081
G0 F15000 X135.703 Y174.283
G1 F9000 X132.977 Y171.557 E2384.8248
G0 F15000 X132.476 Y171.678
G1 F9000 X135.081 Y174.283 E2384.95284
G0 F15000 X134.458 Y174.283
G1 F9000 X131.877 Y171.701 E2385.07973
G0 F15000 X131.132 Y171.578
G1 F9000 X133.836 Y174.283 E2385.21267
G0 F15000 X133.214 Y174.283
G1 F9000 X129.217 Y170.286 E2385.40914
G0 F15000 X129.217 Y170.908
G1 F9000 X132.592 Y174.283 E2385.57503
G0 F15000 X131.969 Y174.283
G1 F9000 X129.217 Y171.531 E2385.7103
G0 F15000 X129.217 Y172.153
G1 F9000 X131.347 Y174.283 E2385.815
G0 F15000 X130.725 Y174.283
G1 F9000 X129.217 Y172.775 E2385.88912
G0 F15000 X129.217 Y173.397
G1 F9000 X130.103 Y174.283 E2385.93267
G0 F15000 X129.48 Y174.283
G1 F9000 X129.217 Y174.02 E2385.9456
G1 F2400 E2385.4456
G1 F600 Z3.9
G0 F15000 X129.361 Y166.696 Z3.9
G1 F600 Z3.5
G1 F2400 E2385.9456
G1 F9000 X129.219 Y166.554 E2385.95258
G0 F15000 X129.631 Y166.344
G1 F9000 X129.218 Y165.931 E2385.97288
G0 F15000 X129.218 Y165.309
G1 F9000 X129.952 Y166.043 E2386.00896
G0 F15000 X130.298 Y165.766
G1 F9000 X129.217 Y164.686 E2386.06207
G0 F15000 X129.217 Y164.063
G1 F9000 X130.721 Y165.568 E2386.13602
G0 F15000 X131.175 Y165.399
G1 F9000 X129.216 Y163.44 E2386.23231
G0 F15000 X129.216 Y162.818
G1 F9000 X131.707 Y165.309 E2386.35475
G0 F15000 X132.328 Y165.307
G1 F9000 X129.737 Y162.717 E2386.48209
G0 F15000 X130.359 Y162.717
G1 F9000 X133.158 Y165.515 E2386.61964
G1 X133.235 Y165.592
G1 F2400 E2386.11964
G1 F600 Z3.9
G0 F15000 X133.196 Y141.286 Z3.9
G1 F600 Z3.5
G1 F2400 E2386.61964
G1 F9000 X129.217 Y137.306 E2386.81525
G0 F15000 X129.217 Y137.928
G1 F9000 X132.573 Y141.285 E2386.98023
G0 F15000 X131.951 Y141.285
G1 F9000 X129.217 Y138.551 E2387.11462
G0 F15000 X129.217 Y139.173
G1 F9000 X131.329 Y141.285 E2387.21843
G0 F15000 X130.706 Y141.284
G1 F9000 X129.217 Y139.795 E2387.29162
G0 F15000 X129.217 Y140.417
G1 F9000 X130.084 Y141.284 E2387.33424
G0 F15000 X129.466 Y141.289
G1 F9000 X129.217 Y141.04 E2387.34648
G1 F2400 E2386.84648
G1 F600 Z3.9
G0 F15000 X131.107 Y138.574 Z3.9
G1 F600 Z3.5
G1 F2400 E2387.34648
G1 F9000 X133.819 Y141.286 E2387.47978
G0 F15000 X134.441 Y141.286
G1 F9000 X131.858 Y138.703 E2387.60675
G0 F15000 X132.457 Y138.68
G1 F9000 X135.064 Y141.286 E2387.73486
G0 F15000 X135.686 Y141.286
G1 F9000 X132.96 Y138.56 E2387.86886
G0 F15000 X133.391 Y138.369
G1 F9000 X136.308 Y141.286 E2388.01224
G0 F15000 X136.931 Y141.287
G1 F9000 X133.791 Y138.147 E2388.16658
G0 F15000 X134.14 Y137.873
G1 F9000 X137.553 Y141.287 E2388.33437
G0 F15000 X138.176 Y141.288
G1 F9000 X134.442 Y137.553 E2388.51793
G0 F15000 X134.714 Y137.203
G1 F9000 X138.799 Y141.288 E2388.71872
G0 F15000 X139.421 Y141.288
G1 F9000 X134.934 Y136.8 E2388.9393
G0 F15000 X135.097 Y136.342
G1 F9000 X140.044 Y141.288 E2389.18244
G0 F15000 X140.666 Y141.288
G1 F9000 X135.188 Y135.81 E2389.4517
G0 F15000 X135.188 Y135.188
G1 F9000 X141.288 Y141.288 E2389.75154
G0 F15000 X141.911 Y141.289
G1 F9000 X135.002 Y134.379 E2390.09117
G1 X134.925 Y134.302
G1 F2400 E2389.59117
G1 F600 Z3.9
G0 F15000 X133.129 Y132.507 Z3.9
G1 F600 Z3.5
G1 F2400 E2390.09117
G1 F9000 X130.339 Y129.717 E2390.2283
G0 F15000 X129.717 Y129.717
G1 F9000 X132.304 Y132.304 E2390.35546
G0 F15000 X131.687 Y132.309
G1 F9000 X129.216 Y129.838 E2390.47692
G0 F15000 X129.216 Y130.46
G1 F9000 X131.158 Y132.403 E2390.5724
G0 F15000 X130.707 Y132.574
G1 F9000 X129.217 Y131.083 E2390.64567
G0 F15000 X129.217 Y131.706
G1 F9000 X130.287 Y132.776 E2390.69826
G0 F15000 X129.941 Y133.052
G1 F9000 X129.218 Y132.329 E2390.7338
G0 F15000 X129.218 Y132.952
G1 F9000 X129.622 Y133.355 E2390.75363
G0 F15000 X129.352 Y133.708
G1 F9000 X129.22 Y133.575 E2390.76015
G1 F2400 E2390.26015
G1 F600 Z3.9
G0 F15000 X130.961 Y129.717 Z3.9
G1 F600 Z3.5
G1 F2400 E2390.76015
G1 F9000 X142.534 Y141.289 E2391.32898
G0 F15000 X143.156 Y141.289
G1 F9000 X131.583 Y129.717 E2391.89781
G0 F15000 X132.206 Y129.717
G1 F9000 X143.779 Y141.29 E2392.46666
G0 F15000 X144.401 Y141.29
G1 F9000 X132.828 Y129.717 E2393.03551
G0 F15000 X133.45 Y129.717
G1 F9000 X145.023 Y141.29 E2393.60437
G0 F15000 X145.646 Y141.291
G1 F9000 X134.072 Y129.717 E2394.17327
G0 F15000 X134.695 Y129.717
G1 F9000 X146.269 Y141.291 E2394.74218
G0 F15000 X146.892 Y141.291
G1 F9000 X135.317 Y129.717 E2395.31111
G0 F15000 X135.939 Y129.717
G1 F9000 X147.514 Y141.291 E2395.88003
G0 F15000 X148.136 Y141.291
G1 F9000 X136.561 Y129.717 E2396.44896
G0 F15000 X137.184 Y129.717
G1 F9000 X148.759 Y141.292 E2397.01791
G0 F15000 X149.381 Y141.292
G1 F9000 X137.806 Y129.717 E2397.58687
G0 F15000 X138.428 Y129.717
G1 F9000 X150.004 Y141.292 E2398.15584
G0 F15000 X150.626 Y141.293
G1 F9000 X139.05 Y129.717 E2398.72485
G0 F15000 X139.673 Y129.717
G1 F9000 X151.249 Y141.293 E2399.29385
G0 F15000 X151.871 Y141.293
G1 F9000 X140.295 Y129.717 E2399.86285
G0 F15000 X140.917 Y129.717
G1 F9000 X152.494 Y141.293 E2400.43188
G0 F15000 X153.116 Y141.293
G1 F9000 X141.539 Y129.717 E2401.0009
G0 F15000 X142.162 Y129.717
G1 F9000 X153.756 Y141.311 E2401.57079
G1 X153.833 Y141.388
G1 F2400 E2401.07079
G1 F600 Z3.9
G0 F15000 X154.991 Y141.924 Z3.9
G1 F600 Z3.5
G1 F2400 E2401.57079
G1 F9000 X142.784 Y129.717 E2402.17081
G0 F15000 X143.406 Y129.717
G1 F9000 X155.614 Y141.924 E2402.77085
G0 F15000 X156.236 Y141.924
G1 F9000 X144.028 Y129.717 E2403.37089
G0 F15000 X144.651 Y129.717
G1 F9000 X156.859 Y141.925 E2403.97096
G0 F15000 X157.481 Y141.925
G1 F9000 X145.273 Y129.717 E2404.57103
G0 F15000 X145.895 Y129.717
G1 F9000 X158.104 Y141.926 E2405.17114
G0 F15000 X158.726 Y141.926
G1 F9000 X146.517 Y129.717 E2405.77126
G0 F15000 X147.14 Y129.717
G1 F9000 X159.349 Y141.926 E2406.37138
G0 F15000 X159.972 Y141.926
G1 F9000 X147.762 Y129.717 E2406.97152
G0 F15000 X148.384 Y129.717
G1 F9000 X160.594 Y141.926 E2407.57166
G0 F15000 X161.217 Y141.927
G1 F9000 X149.006 Y129.717 E2408.17185
G0 F15000 X149.629 Y129.717
G1 F9000 X161.839 Y141.927 E2408.77201
G1 X161.916 Y142.004
G1 F2400 E2408.27201
G1 F600 Z3.9
G0 F15000 X160.962 Y138.561 Z3.9
G1 F600 Z3.5
G1 F2400 E2408.77201
G1 F9000 X174.784 Y152.383 E2409.45142
G0 F15000 X174.784 Y153.005
G1 F9000 X160.458 Y138.679 E2410.15559
G0 F15000 X159.856 Y138.7
G1 F9000 X174.784 Y153.627 E2410.88933
G1 X174.861 Y153.704
G1 F2400 E2410.38933
G1 F600 Z3.9
G0 F15000 X174.784 Y151.761 Z3.9
G1 F600 Z3.5
G1 F2400 E2410.88933
G1 F9000 X161.401 Y138.377 E2411.54718
G0 F15000 X161.801 Y138.155
G1 F9000 X174.784 Y151.138 E2412.18534
G0 F15000 X174.784 Y150.516
G1 F9000 X162.142 Y137.875 E2412.80671
G0 F15000 X162.46 Y137.57
G1 F9000 X174.784 Y149.894 E2413.41248
G0 F15000 X174.784 Y149.272
G1 F9000 X162.71 Y137.198 E2414.00596
G0 F15000 X162.929 Y136.794
G1 F9000 X174.784 Y148.649 E2414.58868
G0 F15000 X174.784 Y148.027
G1 F9000 X163.1 Y136.343 E2415.16299
G0 F15000 X163.181 Y135.802
G1 F9000 X165.963 Y138.584 E2415.29973
G0 F15000 X165.8 Y137.798
G1 F9000 X163.18 Y135.179 E2415.42849
G0 F15000 X162.997 Y134.373
G1 F9000 X165.788 Y137.164 E2415.56568
G1 X165.865 Y137.241
G1 F2400 E2415.06568
G1 F600 Z3.9
G0 F15000 X167.879 Y140.5 Z3.9
G1 F600 Z3.5
G1 F2400 E2415.56568
G1 F9000 X174.784 Y147.405 E2415.90509
G0 F15000 X174.784 Y146.783
G1 F9000 X168.684 Y140.682 E2416.20495
G0 F15000 X169.309 Y140.685
G1 F9000 X174.784 Y146.16 E2416.47406
G0 F15000 X174.784 Y145.538
G1 F9000 X169.845 Y140.599 E2416.71683
G0 F15000 X170.303 Y140.435
G1 F9000 X174.784 Y144.916 E2416.93709
G0 F15000 X174.784 Y144.294
G1 F9000 X170.693 Y140.203 E2417.13818
G0 F15000 X171.06 Y139.947
G1 F9000 X174.784 Y143.671 E2417.32123
G0 F15000 X174.784 Y143.049
G1 F9000 X171.372 Y139.637 E2417.48894
G0 F15000 X171.647 Y139.29
G1 F9000 X174.784 Y142.427 E2417.64313
G0 F15000 X174.784 Y141.805
G1 F9000 X171.869 Y138.89 E2417.78641
G0 F15000 X172.055 Y138.453
G1 F9000 X174.784 Y141.182 E2417.92056
G0 F15000 X174.784 Y140.56
G1 F9000 X172.178 Y137.954 E2418.04865
G0 F15000 X172.202 Y137.355
G1 F9000 X174.784 Y139.938 E2418.17559
G0 F15000 X174.784 Y139.316
G1 F9000 X172.074 Y136.606 E2418.30879
G1 X171.997 Y136.529
G1 F2400 E2417.80879
G1 F600 Z3.9
G0 F15000 X162.872 Y155.405 Z3.9
G1 F600 Z3.5
G1 F2400 E2418.30879
G1 F9000 X169.879 Y162.412 E2418.65321
G0 F15000 X169.143 Y162.299
G1 F9000 X162.872 Y156.027 E2418.96148
G0 F15000 X162.872 Y156.65
G1 F9000 X168.551 Y162.328 E2419.2406
G0 F15000 X168.035 Y162.435
G1 F9000 X162.872 Y157.272 E2419.49438
G0 F15000 X162.872 Y157.894
G1 F9000 X167.593 Y162.615 E2419.72643
G0 F15000 X167.2 Y162.845
G1 F9000 X162.872 Y158.516 E2419.93919
G0 F15000 X162.872 Y159.139
G1 F9000 X166.839 Y163.105 E2420.13416
G0 F15000 X166.546 Y163.435
G1 F9000 X162.872 Y159.761 E2420.31475
G0 F15000 X162.872 Y160.383
G1 F9000 X166.281 Y163.792 E2420.48232
G0 F15000 X166.065 Y164.198
G1 F9000 X162.872 Y161.005 E2420.63927
G0 F15000 X162.872 Y161.628
G1 F9000 X165.908 Y164.664 E2420.7885
G0 F15000 X165.793 Y165.171
G1 F9000 X162.789 Y162.167 E2420.93615
G0 F15000 X162.374 Y162.374
G1 F9000 X165.802 Y165.802 E2421.10465
G0 F15000 X165.966 Y166.588
G1 F9000 X161.752 Y162.374 E2421.31178
G1 X161.675 Y162.297
G1 F2400 E2420.81178
G1 F600 Z3.9
G0 F15000 X162.973 Y167.329 Z3.9
G1 F600 Z3.5
G1 F2400 E2421.31178
G1 F9000 X164.571 Y168.927 E2421.39033
G0 F15000 X163.949 Y168.927
G1 F9000 X163.183 Y168.161 E2421.42798
G0 F15000 X163.248 Y168.848
G1 F9000 X163.489 Y169.089 E2421.43983
G0 F15000 X163.191 Y169.414
G1 F9000 X163.335 Y169.558 E2421.44691
G0 F15000 X162.946 Y169.79
G1 F9000 X163.424 Y170.269 E2421.47043
G0 F15000 X163.424 Y170.891
G1 F9000 X162.712 Y170.179 E2421.50543
G0 F15000 X162.459 Y170.548
G1 F9000 X163.424 Y171.514 E2421.55288
G0 F15000 X163.424 Y172.136
G1 F9000 X162.148 Y170.86 E2421.6156
G0 F15000 X161.807 Y171.14
G1 F9000 X163.424 Y172.758 E2421.69511
G0 F15000 X163.424 Y173.38
G1 F9000 X161.408 Y171.364 E2421.7942
G0 F15000 X160.978 Y171.556
G1 F9000 X163.424 Y174.003 E2421.91446
G0 F15000 X163.083 Y174.283
G1 F9000 X160.477 Y171.678 E2422.04253
G0 F15000 X159.879 Y171.702
G1 F9000 X162.461 Y174.283 E2422.16942
G0 F15000 X161.838 Y174.283
G1 F9000 X159.12 Y171.565 E2422.30302
G1 X159.043 Y171.488
G1 F2400 E2421.80302
G1 F600 Z3.9
;MESH:NONMESH
G0 F15000 X162.718 Y141.039 Z3.9
;TIME_ELAPSED:928.635388
;LAYER:17
;MESH:case_VL53L8+RP2040-down.stl
G0 X162.718 Y141.039 Z4.1
;TYPE:WALL-OUTER
G1 F600 Z3.7
G1 F2400 E2422.30302
G1 F9000 X162.633 Y141.177 E2422.30865
G1 X162.5 Y141.22 E2422.31351
G1 X129.48 Y141.22 E2423.46118
G1 X129.368 Y141.176 E2423.46536
G1 X129.283 Y141.038 E2423.47099
G1 X129.28 Y130.3 E2423.84421
G1 X129.372 Y130.12 E2423.85124
G1 X129.462 Y130.083 E2423.85462
G1 X162.5 Y130.08 E2425.00292
G1 X162.632 Y130.124 E2425.00775
G1 X162.72 Y130.235 E2425.01268
G1 X162.718 Y141.039 E2425.38819
G1 F2400 E2424.88819
G1 F600 Z4.1
G0 F15000 X153.72 Y161.065 Z4.1
G1 F600 Z3.7
G1 F2400 E2425.38819
G1 F9000 X153.632 Y161.177 E2425.39314
G1 X153.538 Y161.217 E2425.39669
G1 X129.48 Y161.22 E2426.23287
G1 X129.389 Y161.191 E2426.23619
G1 X129.283 Y161.038 E2426.24266
G1 X129.28 Y143 E2426.8696
G1 X129.368 Y142.824 E2426.87644
G1 X129.48 Y142.78 E2426.88063
G1 X153.5 Y142.78 E2427.71549
G1 X153.633 Y142.823 E2427.72034
G1 X153.72 Y142.936 E2427.7253
G1 X153.72 Y161.065 E2428.35541
G1 F2400 E2427.85541
G1 F600 Z4.1
G0 F15000 X162.72 Y174.065 Z4.1
G1 F600 Z3.7
G1 F2400 E2428.35541
G1 F9000 X162.632 Y174.177 E2428.36036
G1 X162.538 Y174.217 E2428.36391
G1 X129.5 Y174.22 E2429.5122
G1 X129.344 Y174.156 E2429.51807
G1 X129.283 Y174.038 E2429.52268
G1 X129.28 Y163.3 E2429.8959
G1 X129.389 Y163.109 E2429.90354
G1 X129.48 Y163.08 E2429.90686
G1 X162.5 Y163.08 E2431.05454
G1 X162.633 Y163.123 E2431.05939
G1 X162.72 Y163.3 E2431.06625
G1 X162.72 Y174.065 E2431.44041
G1 F2400 E2430.94041
G1 F600 Z4.1
G0 F15000 X174.717 Y168.039 Z4.1
G1 F600 Z3.7
G1 F2400 E2431.44041
G1 F9000 X174.677 Y168.132 E2431.44392
G1 X174.565 Y168.22 E2431.44888
G1 X163.8 Y168.22 E2431.82303
G1 X163.667 Y168.176 E2431.8279
G1 X163.583 Y168.038 E2431.83352
G1 X163.58 Y135 E2432.98181
G1 X163.667 Y134.824 E2432.98864
G1 X163.8 Y134.78 E2432.99351
G1 X174.564 Y134.78 E2433.36763
G1 X174.677 Y134.867 E2433.37259
G1 X174.72 Y135 E2433.37744
G1 X174.717 Y168.039 E2434.52578
G1 F2400 E2434.02578
G1 F600 Z4.1
G0 F15000 X176.28 Y175.78 Z4.1
G1 F600 Z3.7
G1 F2400 E2434.52578
G1 F9000 X176.28 Y128.22 E2436.17881
G1 X127.72 Y128.22 E2437.8666
G1 X127.721 Y175.779 E2439.5196
G1 X176.28 Y175.78 E2441.20736
G0 F15000 X175.84 Y175.34
;TYPE:WALL-INNER
G1 F10500 X175.84 Y168.666 E2441.43933
G1 F9166.7 X175.777 Y168.174 E2441.45908
G1 F8148.1 X175.777 Y167.068 E2441.50861
G1 X175.777 Y165.962 E2441.55815
G1 F8162.5 X175.777 Y164.856 E2441.6076
G1 X175.777 Y163.75 E2441.65705
G1 X175.778 Y162.644 E2441.7065
G1 X175.778 Y161.538 E2441.75595
G1 F8177 X175.778 Y160.432 E2441.80531
G1 X175.778 Y159.326 E2441.85467
G1 X175.778 Y158.22 E2441.90403
G1 X175.778 Y157.114 E2441.95339
G1 X175.778 Y156.008 E2442.00275
G1 F8191.5 X175.778 Y154.902 E2442.05203
G1 X175.778 Y153.796 E2442.1013
G1 X175.778 Y152.69 E2442.15058
G1 X175.779 Y151.584 E2442.19985
G1 F8206 X175.779 Y150.478 E2442.24904
G1 X175.779 Y149.372 E2442.29823
G1 X175.779 Y148.266 E2442.34741
G1 X175.779 Y147.16 E2442.3966
G1 F8220.6 X175.779 Y146.054 E2442.4457
G1 X175.779 Y144.948 E2442.4948
G1 X175.779 Y143.842 E2442.5439
G1 X175.779 Y142.736 E2442.593
G1 X175.779 Y141.63 E2442.6421
G1 F8235.3 X175.78 Y140.524 E2442.69111
G1 X175.78 Y139.418 E2442.74012
G1 X175.78 Y138.312 E2442.78914
G1 X175.78 Y137.206 E2442.83815
G1 F8250 X175.78 Y136.1 E2442.88707
G1 X175.78 Y134.994 E2442.936
G1 F9240 X175.84 Y134.333 E2442.96221
G1 F10500 X175.84 Y128.66 E2443.15939
G1 X128.16 Y128.66 E2444.81659
G1 X128.16 Y129.267 E2444.83769
G1 F9829.8 X128.19 Y129.784 E2444.85692
G1 F8717 X128.22 Y130.301 E2444.8786
G1 F8250 X128.22 Y131.289 E2444.92231
G1 F8235.3 X128.221 Y132.278 E2444.96613
G1 F8220.6 X128.221 Y133.267 E2445.01004
G1 F8206 X128.221 Y134.256 E2445.05402
G1 X128.222 Y135.245 E2445.09801
G1 F8191.5 X128.222 Y136.234 E2445.14207
G1 F8177 X128.223 Y137.223 E2445.18621
G1 X128.223 Y138.212 E2445.23035
G1 F8162.5 X128.223 Y139.201 E2445.27457
G1 F8148.1 X128.224 Y140.19 E2445.31886
G1 F8133.8 X128.224 Y141.179 E2445.36324
G1 F9166.7 X128.16 Y142 E2445.39602
G1 F9829.8 X128.19 Y142.5 E2445.41462
G1 F8717 X128.22 Y143 E2445.43559
G1 F8250 X128.22 Y143.957 E2445.47792
G1 F8235.3 X128.22 Y144.914 E2445.52033
G1 X128.221 Y145.871 E2445.56274
G1 X128.221 Y146.828 E2445.60515
G1 F8220.6 X128.221 Y147.785 E2445.64764
G1 X128.221 Y148.742 E2445.69012
G1 F8206 X128.221 Y149.699 E2445.73268
G1 X128.222 Y150.656 E2445.77524
G1 F8191.5 X128.222 Y151.613 E2445.81788
G1 X128.222 Y152.57 E2445.86052
G1 X128.222 Y153.527 E2445.90315
G1 F8177 X128.223 Y154.484 E2445.94586
G1 X128.223 Y155.441 E2445.98858
G1 F8162.5 X128.223 Y156.398 E2446.03136
G1 X128.223 Y157.355 E2446.07415
G1 F8148.1 X128.223 Y158.312 E2446.11701
G1 X128.224 Y159.269 E2446.15988
G1 X128.224 Y160.226 E2446.20274
G1 F8133.8 X128.224 Y161.183 E2446.24568
G1 F9166.7 X128.161 Y162.15 E2446.28426
G1 F9829.8 X128.19 Y162.725 E2446.30563
G1 F8717 X128.22 Y163.3 E2446.32974
G1 F8250 X128.22 Y164.289 E2446.37349
G1 F8235.3 X128.221 Y165.278 E2446.41732
G1 F8220.6 X128.221 Y166.267 E2446.46122
G1 F8206 X128.221 Y167.256 E2446.5052
G1 X128.222 Y168.245 E2446.54919
G1 F8191.5 X128.222 Y169.234 E2446.59325
G1 F8177 X128.223 Y170.223 E2446.63739
G1 X128.223 Y171.212 E2446.68153
G1 F8162.5 X128.223 Y172.201 E2446.72575
G1 F8148.1 X128.224 Y173.19 E2446.77005
G1 F8133.8 X128.224 Y174.179 E2446.81442
G1 F9166.7 X128.161 Y174.828 E2446.84038
G1 F10500 X128.161 Y175.339 E2446.85814
G1 X128.672 Y175.339 E2446.8759
G1 F9240 X129.5 Y175.28 E2446.90869
G1 F8250 X130.476 Y175.28 E2446.95186
G1 X131.452 Y175.28 E2446.99504
G1 F8235.3 X132.428 Y175.28 E2447.03829
G1 X133.404 Y175.28 E2447.08154
G1 X134.38 Y175.279 E2447.12479
G1 X135.356 Y175.279 E2447.16804
G1 F8220.6 X136.332 Y175.279 E2447.21137
G1 X137.308 Y175.279 E2447.2547
G1 X138.284 Y175.279 E2447.29803
G1 X139.26 Y175.279 E2447.34135
G1 X140.236 Y175.279 E2447.38468
G1 F8206 X141.212 Y175.279 E2447.42809
G1 X142.188 Y175.278 E2447.47149
G1 X143.164 Y175.278 E2447.5149
G1 X144.14 Y175.278 E2447.55831
G1 F8191.5 X145.116 Y175.278 E2447.60179
G1 X146.092 Y175.278 E2447.64527
G1 X147.068 Y175.278 E2447.68875
G1 X148.044 Y175.278 E2447.73224
G1 F8177 X149.02 Y175.278 E2447.7758
G1 X149.996 Y175.278 E2447.81936
G1 X150.972 Y175.277 E2447.86292
G1 X151.948 Y175.277 E2447.90648
G1 F8162.5 X152.924 Y175.277 E2447.95011
G1 X153.9 Y175.277 E2447.99375
G1 X154.876 Y175.277 E2448.03739
G1 X155.852 Y175.277 E2448.08102
G1 X156.828 Y175.277 E2448.12466
G1 F8148.1 X157.804 Y175.277 E2448.16837
G1 X158.78 Y175.276 E2448.21209
G1 X159.756 Y175.276 E2448.2558
G1 X160.732 Y175.276 E2448.29952
G1 F8133.8 X161.708 Y175.276 E2448.34331
G1 X162.684 Y175.276 E2448.3871
G1 F9166.7 X163.166 Y175.341 E2448.40646
G1 F10500 X175.84 Y175.34 E2448.84697
G0 F15000 X175.4 Y174.9
G1 F10500 X175.4 Y168.646 E2449.06434
G1 X174.924 Y169.016 E2449.08529
G1 X174.5 Y169.1 E2449.10032
G1 X163.8 Y169.1 E2449.47222
G1 X163.6 Y169.034 E2449.47954
G1 X163.6 Y174 E2449.65214
G1 X163.516 Y174.424 E2449.66716
G1 X163.143 Y174.901 E2449.68821
G1 X175.4 Y174.9 E2450.11422
G1 F2400 E2449.61422
G1 F600 Z4.1
G0 F15000 X163.154 Y168.113 Z4.1
G1 F600 Z3.7
G1 F2400 E2450.11422
G1 F10719.3 X163.153 Y167.511 E2450.13472
G1 F10744.2 X163.153 Y166.909 E2450.15517
G1 F10794.4 X163.152 Y166.307 E2450.17552
G1 F10819.7 X163.152 Y165.705 E2450.19582
G1 F10870.6 X163.151 Y165.103 E2450.21603
G1 F10896.2 X163.151 Y164.501 E2450.2362
G1 F10947.9 X163.15 Y163.899 E2450.25626
G1 F10973.9 X163.15 Y163.297 E2450.27628
G1 F2400 E2449.77628
G1 F600 Z4.1
G0 F15000 X162.7 Y162.266 Z4.1
G1 F600 Z3.7
G1 F2400 E2450.27628
G1 F10500 X162.7 Y142.034 E2450.97949
G1 X162.5 Y142.1 E2450.98681
G1 X154.146 Y142.1 E2451.27716
G1 X154.516 Y142.576 E2451.29812
G1 X154.6 Y143 E2451.31314
G1 X154.6 Y161 E2451.93877
G1 X154.516 Y161.424 E2451.95379
G1 X154.16 Y161.881 E2451.97392
G1 F9258.5 X153.7 Y162.142 E2451.99477
G1 X154.266 Y162.2 E2452.0172
G1 F10500 X162.5 Y162.2 E2452.30339
G1 X162.7 Y162.266 E2452.31071
G1 F2400 E2451.81071
G1 F600 Z4.1
G0 F15000 X153.7 Y162.142 Z4.1
G1 F600 Z3.7
G1 F2400 E2452.31071
G1 F8415.3 X153.5 Y162.15 E2452.31939
G1 F8555.6 X152.536 Y162.15 E2452.36051
G1 X151.572 Y162.15 E2452.40163
G1 F8539.7 X150.608 Y162.15 E2452.44282
G1 X149.644 Y162.15 E2452.48402
G1 X148.68 Y162.15 E2452.52522
G1 F8524 X147.716 Y162.15 E2452.56649
G1 X146.752 Y162.15 E2452.60776
G1 X145.788 Y162.15 E2452.64904
G1 F8508.3 X144.824 Y162.15 E2452.69038
G1 X143.86 Y162.15 E2452.73173
G1 X142.896 Y162.15 E2452.77308
G1 F8492.6 X141.932 Y162.15 E2452.81451
G1 X140.968 Y162.15 E2452.85593
G1 X140.004 Y162.15 E2452.89736
G1 F8477.1 X139.04 Y162.15 E2452.93886
G1 X138.076 Y162.15 E2452.98036
G1 X137.112 Y162.15 E2453.02186
G1 F8461.5 X136.148 Y162.15 E2453.06344
G1 X135.184 Y162.15 E2453.10502
G1 X134.22 Y162.15 E2453.14659
G1 F8446.1 X133.256 Y162.15 E2453.18825
G1 X132.292 Y162.15 E2453.2299
G1 X131.328 Y162.15 E2453.27155
G1 F8430.7 X130.364 Y162.15 E2453.31328
G1 X129.4 Y162.15 E2453.35501
G1 F8850.6 X129.185 Y162.082 E2453.36431
G1 F9788.1 X128.944 Y161.956 E2453.37445
G1 F10266.7 X128.605 Y161.469 E2453.39554
G1 X128.606 Y162.934 E2453.44762
G1 X128.944 Y162.344 E2453.47179
G1 F9788.1 X129.185 Y162.218 E2453.48193
G1 F8850.6 X129.4 Y162.15 E2453.49123
G1 F2400 E2452.99123
G1 F600 Z4.1
G0 F15000 X128.744 Y174.828 Z4.1
G1 F600 Z3.7
G1 F2400 E2453.49123
G1 F7938.1 X128.708 Y174.766 E2453.49452
G1 X128.636 Y174.766 E2453.49783
G1 X128.6 Y174.828 E2453.50113
G1 X128.636 Y174.89 E2453.50443
G1 X128.708 Y174.89 E2453.50774
G1 X128.744 Y174.828 E2453.51103
G1 F2400 E2453.01103
G1 F600 Z4.1
G0 F15000 X128.565 Y142.74 Z4.1
G1 F600 Z3.7
G1 F2400 E2453.51103
G1 F12486.5 X128.861 Y142.148 E2453.53038
G1 X129.125 Y142 E2453.53922
G1 X128.861 Y141.852 E2453.54807
G1 X128.565 Y141.369 E2453.56463
G1 X128.565 Y142.74 E2453.6047
G1 F2400 E2453.1047
G1 F600 Z4.1
G0 F15000 X128.573 Y130.017 Z4.1
G1 F600 Z3.7
G1 F2400 E2453.6047
G1 F11938 X128.879 Y129.425 E2453.62507
G1 F9788.1 X129.3 Y129.158 E2453.64366
G1 X128.767 Y129.073 E2453.66378
G1 F11938 X128.573 Y129.073 E2453.66971
G1 X128.573 Y130.017 E2453.69857
G1 F2400 E2453.19857
G1 F600 Z4.1
G0 F15000 X129.3 Y129.158 Z4.1
G1 F600 Z3.7
G1 F2400 E2453.69857
G1 F8415.3 X129.5 Y129.15 E2453.70725
G1 F8555.6 X162.5 Y129.15 E2455.1149
G1 F9428.6 X163.16 Y129.42 E2455.1425
G1 F10500 X163.516 Y129.877 E2455.16264
G1 X163.6 Y130.3 E2455.17763
G1 X163.6 Y133.966 E2455.30504
G1 X163.8 Y133.9 E2455.31236
G1 X174.5 Y133.9 E2455.68426
G1 X174.924 Y133.983 E2455.69928
G1 X175.4 Y134.354 E2455.72026
G1 X175.4 Y129.1 E2455.90287
G1 X163.267 Y129.099 E2456.32457
G1 F9428.6 X162.5 Y129.15 E2456.35433
G1 F2400 E2455.85433
G1 F600 Z4.1
G0 F15000 X163.15 Y135 Z4.1
G1 F600 Z3.7
G1 F2400 E2456.35433
G1 F10973.9 X163.149 Y135.873 E2456.38336
G1 F10947.9 X163.149 Y136.746 E2456.41246
G1 F10922 X163.148 Y137.619 E2456.44163
G1 F10896.2 X163.148 Y138.492 E2456.47087
G1 F10870.6 X163.147 Y139.365 E2456.50018
G1 F10845.1 X163.147 Y140.238 E2456.52956
G1 F10819.7 X163.146 Y141.111 E2456.559
G0 F15000 X163.146 Y141.113
G1 F10645.2 X162.897 Y141.529 E2456.57562
G1 F10500 X162.5 Y141.66 E2456.59015
G1 X154.167 Y141.66 E2456.87978
G1 F9240 X153.5 Y141.72 E2456.90623
G1 F8250 X151.649 Y141.72 E2456.98811
G1 X149.798 Y141.72 E2457.06999
G1 F8235.3 X147.947 Y141.72 E2457.15202
G1 X146.096 Y141.72 E2457.23405
G1 X144.245 Y141.72 E2457.31607
G1 F8220.6 X142.394 Y141.72 E2457.39825
G1 X140.543 Y141.72 E2457.48042
G1 X138.692 Y141.72 E2457.56259
G1 F8206 X136.841 Y141.72 E2457.64491
G1 X134.99 Y141.72 E2457.72723
G1 X133.139 Y141.72 E2457.80955
G1 F8191.5 X131.288 Y141.72 E2457.89202
G1 X129.437 Y141.72 E2457.97448
G1 F9203.2 X129.268 Y141.618 E2457.98231
G1 F10500 X129.104 Y141.528 E2457.98881
G1 F9166.7 X128.786 Y141.125 E2458.00925
G1 F8133.8 X128.785 Y140.141 E2458.0534
G1 F8148.1 X128.785 Y139.157 E2458.09747
G1 F8162.5 X128.784 Y138.173 E2458.14147
G1 F8177 X128.784 Y137.189 E2458.18539
G1 X128.783 Y136.205 E2458.2293
G1 F8191.5 X128.783 Y135.221 E2458.27314
G1 F8206 X128.782 Y134.237 E2458.3169
G1 X128.782 Y133.253 E2458.36066
G1 F8220.6 X128.781 Y132.269 E2458.40435
G1 F8235.3 X128.781 Y131.285 E2458.44795
G1 F8250 X128.78 Y130.301 E2458.49148
G1 F9240 X129.118 Y129.761 E2458.51664
G1 F10500 X129.408 Y129.64 E2458.52757
G1 X162.5 Y129.64 E2459.67774
G1 X162.896 Y129.772 E2459.69225
G1 X163.11 Y130.046 E2459.70433
G1 X163.16 Y130.3 E2459.71333
G1 X163.16 Y134.35 E2459.85409
G1 F10744.2 X163.15 Y135 E2459.87617
G1 X163.403 Y134.472 E2459.89606
G1 F10500 X163.8 Y134.34 E2459.9106
G1 X174.5 Y134.34 E2460.2825
G1 X174.755 Y134.39 E2460.29153
G1 X175.029 Y134.603 E2460.3036
G1 F9240 X175.22 Y135 E2460.321
G1 F8250 X175.22 Y137.547 E2460.43366
G1 X175.22 Y140.094 E2460.54633
G1 F8235.3 X175.22 Y142.641 E2460.6592
G1 X175.22 Y145.188 E2460.77207
G1 X175.22 Y147.735 E2460.88494
G1 X175.22 Y150.282 E2460.99781
G1 F8220.6 X175.22 Y152.829 E2461.11089
G1 X175.22 Y155.376 E2461.22396
G1 X175.22 Y157.923 E2461.33703
G1 X175.22 Y160.47 E2461.4501
G1 X175.22 Y163.017 E2461.56317
G1 F8206 X175.22 Y165.564 E2461.67644
G1 X175.22 Y168.111 E2461.78972
G1 F9203.2 X175.03 Y168.396 E2461.8033
G1 F10500 X174.755 Y168.61 E2461.81541
G1 X174.5 Y168.66 E2461.82444
G1 X163.8 Y168.66 E2462.19634
G1 X163.403 Y168.528 E2462.21088
G1 F10596.3 X163.154 Y168.113 E2462.22755
G1 X163.16 Y168.65 E2462.24605
G1 F10500 X163.16 Y174 E2462.432
G1 X163.11 Y174.255 E2462.44103
G1 X162.896 Y174.529 E2462.45311
G1 F9166.7 X162.625 Y174.714 E2462.46617
G1 F8133.8 X161.651 Y174.714 E2462.50988
G1 X160.677 Y174.714 E2462.55358
G1 F8148.1 X159.703 Y174.715 E2462.5972
G1 X158.729 Y174.715 E2462.64083
G1 X157.755 Y174.715 E2462.68445
G1 X156.781 Y174.715 E2462.72807
G1 F8162.5 X155.807 Y174.715 E2462.77162
G1 X154.833 Y174.715 E2462.81517
G1 X153.859 Y174.716 E2462.85872
G1 X152.885 Y174.716 E2462.90226
G1 X151.911 Y174.716 E2462.94581
G1 F8177 X150.937 Y174.716 E2462.98928
G1 X149.963 Y174.716 E2463.03275
G1 X148.989 Y174.716 E2463.07622
G1 X148.015 Y174.717 E2463.11969
G1 F8191.5 X147.041 Y174.717 E2463.16309
G1 X146.067 Y174.717 E2463.20648
G1 X145.093 Y174.717 E2463.24988
G1 X144.119 Y174.717 E2463.29327
G1 F8206 X143.145 Y174.718 E2463.33659
G1 X142.171 Y174.718 E2463.3799
G1 X141.197 Y174.718 E2463.42322
G1 X140.223 Y174.718 E2463.46654
G1 F8220.6 X139.249 Y174.718 E2463.50978
G1 X138.275 Y174.718 E2463.55302
G1 X137.301 Y174.719 E2463.59625
G1 X136.327 Y174.719 E2463.63949
G1 X135.353 Y174.719 E2463.68273
G1 F8235.3 X134.379 Y174.719 E2463.7259
G1 X133.405 Y174.719 E2463.76906
G1 X132.431 Y174.719 E2463.81222
G1 X131.457 Y174.72 E2463.85539
G1 F8250 X130.483 Y174.72 E2463.89847
G1 X129.509 Y174.72 E2463.94156
G1 F9240 X129.033 Y174.467 E2463.96285
G1 F9166.7 X128.786 Y174.125 E2463.97964
G1 F8133.8 X128.785 Y173.141 E2464.02379
G1 F8148.1 X128.785 Y172.157 E2464.06787
G1 F8162.5 X128.784 Y171.173 E2464.11186
G1 F8177 X128.784 Y170.189 E2464.15578
G1 X128.783 Y169.205 E2464.19969
G1 F8191.5 X128.783 Y168.221 E2464.24353
G1 F8206 X128.782 Y167.237 E2464.28729
G1 X128.782 Y166.253 E2464.33106
G1 F8220.6 X128.781 Y165.269 E2464.37474
G1 F8235.3 X128.781 Y164.285 E2464.41835
G1 F8250 X128.78 Y163.301 E2464.46187
G1 F9240 X129.168 Y162.729 E2464.48917
G1 F10500 X129.442 Y162.642 E2464.49916
G1 X162.5 Y162.64 E2465.64816
G1 X162.897 Y162.771 E2465.66269
G1 F10744.2 X163.15 Y163.3 E2465.6826
G1 X163.14 Y162.65 E2465.70469
G1 F10500 X163.14 Y141.65 E2466.43458
G1 F10645.2 X163.146 Y141.113 E2466.45299
G1 F2400 E2465.95299
G1 F600 Z4.1
G0 F15000 X154.16 Y143 Z4.1
G1 F600 Z3.7
G1 F2400 E2466.45299
G1 F10500 X154.16 Y161 E2467.07861
G1 X154.11 Y161.255 E2467.08765
G1 X153.896 Y161.529 E2467.09973
G1 X153.593 Y161.66 E2467.1112
G1 X129.442 Y161.658 E2467.95062
G1 X129.168 Y161.571 E2467.96061
G1 F9166.7 X128.786 Y161.125 E2467.98399
G1 F8133.8 X128.786 Y160.171 E2468.02679
G1 F8148.1 X128.785 Y159.217 E2468.06952
G1 X128.785 Y158.263 E2468.11225
G1 X128.785 Y157.309 E2468.15498
G1 F8162.5 X128.784 Y156.355 E2468.19763
G1 X128.784 Y155.401 E2468.24028
G1 F8177 X128.784 Y154.447 E2468.28286
G1 X128.783 Y153.493 E2468.32544
G1 F8191.5 X128.783 Y152.539 E2468.36794
G1 X128.783 Y151.585 E2468.41044
G1 X128.783 Y150.631 E2468.45295
G1 F8206 X128.782 Y149.677 E2468.49537
G1 X128.782 Y148.723 E2468.5378
G1 F8220.6 X128.782 Y147.769 E2468.58015
G1 X128.781 Y146.815 E2468.6225
G1 F8235.3 X128.781 Y145.861 E2468.66478
G1 X128.781 Y144.907 E2468.70706
G1 X128.78 Y143.953 E2468.74933
G1 F8250 X128.78 Y142.999 E2468.79153
G1 F9240 X129.104 Y142.472 E2468.81597
G1 F10500 X129.268 Y142.382 E2468.82247
G1 F9203.2 X129.437 Y142.28 E2468.8303
G1 F8191.5 X131.288 Y142.28 E2468.91276
G1 X133.139 Y142.28 E2468.99523
G1 F8206 X134.99 Y142.28 E2469.07755
G1 X136.841 Y142.28 E2469.15987
G1 X138.692 Y142.28 E2469.24219
G1 F8220.6 X140.543 Y142.28 E2469.32436
G1 X142.394 Y142.28 E2469.40653
G1 X144.245 Y142.28 E2469.48871
G1 F8235.3 X146.096 Y142.28 E2469.57073
G1 X147.947 Y142.28 E2469.65276
G1 X149.798 Y142.28 E2469.73479
G1 F8250 X151.649 Y142.28 E2469.81667
G1 X153.5 Y142.28 E2469.89855
G1 F9240 X153.897 Y142.471 E2469.91595
G1 F10500 X154.11 Y142.746 E2469.92804
G1 X154.16 Y143 E2469.93704
G1 F2400 E2469.43704
G1 F600 Z4.1
G0 F15000 X157.422 Y142.43 Z4.1
;TYPE:FILL
G1 F600 Z3.7
G1 F2400 E2469.93704
G1 F15000 X154.931 Y144.921 E2470.05948
G1 X154.93 Y146.634 E2470.11902
G1 X162.37 Y154.074 E2470.48472
G1 X154.576 Y161.871 E2470.8679
G1 X157.722 Y161.87 E2470.97724
G1 X154.93 Y159.078 E2471.11448
G1 X154.931 Y157.364 E2471.17405
G1 X162.37 Y149.925 E2471.53971
G1 X154.874 Y142.43 E2471.90814
G1 X159.022 Y142.43 E2472.05231
G1 X162.37 Y145.779 E2472.2169
G1 X154.931 Y153.217 E2472.58253
G1 X154.93 Y154.93 E2472.64207
G1 X161.869 Y161.869 E2472.98314
G1 X158.721 Y161.87 E2473.09256
G1 X162.37 Y158.221 E2473.27192
G1 X154.93 Y150.782 E2473.6376
G1 X154.931 Y149.069 E2473.69714
G1 X161.57 Y142.43 E2474.02347
G1 X162.37 Y142.43 E2474.05127
G1 X162.48 Y142.43
G1 F2400 E2473.55127
G1 F600 Z4.1
G0 F15000 X163.93 Y130.747 Z4.1
G1 F600 Z3.7
G1 F2400 E2474.05127
G1 F15000 X166.363 Y133.18 E2474.17086
G1 X166.363 Y133.57 E2474.18442
G1 X166.673 Y133.57 E2474.19519
G1 X166.673 Y133.179 E2474.20878
G1 X170.422 Y129.43 E2474.39306
G1 X170.909 Y129.43 E2474.40999
G1 X175.07 Y133.591 E2474.61451
G1 X175.07 Y133.68 E2474.61761
G1 X174.566 Y133.581 E2474.63546
G1 X175.07 Y133.077 E2474.66023
G1 X175.07 Y129.443 E2474.78654
G1 X174.57 Y129.43 E2474.80392
G1 X170.82 Y133.18 E2474.98825
G1 X170.82 Y133.57 E2475.00181
G1 X170.51 Y133.57 E2475.01258
G1 X170.51 Y133.179 E2475.02617
G1 X166.761 Y129.43 E2475.21045
G1 X166.275 Y129.429 E2475.22734
G1 X163.93 Y131.774 E2475.3426
G1 X163.93 Y130.289 E2475.39422
G1 X163.822 Y129.746 E2475.41346
G1 X163.575 Y129.429 E2475.42743
G1 X163.508 Y129.343
G1 F2400 E2474.92743
G1 F600 Z4.1
G0 F15000 X175.07 Y169.319 Z4.1
G1 F600 Z3.7
G1 F2400 E2475.42743
G1 F15000 X174.511 Y169.43 E2475.44724
G1 X173.578 Y169.43 E2475.47966
G1 X174.657 Y170.51 E2475.53273
G1 X175.07 Y170.51 E2475.54708
G1 X175.07 Y170.82 E2475.55786
G1 X174.658 Y170.82 E2475.57217
G1 X170.908 Y174.57 E2475.7565
G1 X170.422 Y174.57 E2475.77339
G1 X165.282 Y169.43 E2476.02604
G1 X167.753 Y169.43 E2476.11193
G1 X164.598 Y172.584 E2476.26698
G1 X163.93 Y172.584 E2476.2902
G1 X163.93 Y172.894 E2476.30097
G1 X164.598 Y172.894 E2476.32419
G1 X166.274 Y174.57 E2476.40657
G1 X166.761 Y174.57 E2476.4235
G1 X171.9 Y169.43 E2476.67612
G1 X169.43 Y169.43 E2476.76197
G1 X174.57 Y174.57 E2477.01462
G1 X175.07 Y174.556 E2477.03201
G1 X175.056 Y174.57 E2477.0327
G1 X174.979 Y174.647
G1 F2400 E2476.5327
G1 F600 Z4.1
;MESH:NONMESH
G0 F15000 X162.718 Y141.039 Z4.1
;TIME_ELAPSED:950.100779
;LAYER:18
;MESH:case_VL53L8+RP2040-down.stl
G0 X162.718 Y141.039 Z4.3
;TYPE:WALL-OUTER
G1 F600 Z3.9
G1 F2400 E2477.0327
G1 F9000 X162.633 Y141.177 E2477.03833
G1 X162.5 Y141.22 E2477.04319
G1 X129.48 Y141.22 E2478.19086
G1 X129.368 Y141.176 E2478.19504
G1 X129.283 Y141.038 E2478.20067
G1 X129.28 Y130.3 E2478.57389
G1 X129.372 Y130.12 E2478.58092
G1 X129.462 Y130.083 E2478.5843
G1 X162.5 Y130.08 E2479.7326
G1 X162.632 Y130.124 E2479.73743
G1 X162.72 Y130.235 E2479.74236
G1 X162.718 Y141.039 E2480.11787
G1 F2400 E2479.61787
G1 F600 Z4.3
G0 F15000 X153.72 Y161.065 Z4.3
G1 F600 Z3.9
G1 F2400 E2480.11787
G1 F9000 X153.632 Y161.177 E2480.12282
G1 X153.538 Y161.217 E2480.12637
G1 X129.48 Y161.22 E2480.96255
G1 X129.389 Y161.191 E2480.96587
G1 X129.283 Y161.038 E2480.97234
G1 X129.28 Y143 E2481.59928
G1 X129.368 Y142.824 E2481.60612
G1 X129.48 Y142.78 E2481.61031
G1 X153.5 Y142.78 E2482.44517
G1 X153.633 Y142.823 E2482.45002
G1 X153.72 Y142.936 E2482.45498
G1 X153.72 Y161.065 E2483.08509
G1 F2400 E2482.58509
G1 F600 Z4.3
G0 F15000 X162.72 Y174.065 Z4.3
G1 F600 Z3.9
G1 F2400 E2483.08509
G1 F9000 X162.632 Y174.177 E2483.09004
G1 X162.538 Y174.217 E2483.09359
G1 X129.5 Y174.22 E2484.24189
G1 X129.344 Y174.156 E2484.24775
G1 X129.283 Y174.038 E2484.25236
G1 X129.28 Y163.3 E2484.62558
G1 X129.389 Y163.109 E2484.63323
G1 X129.48 Y163.08 E2484.63654
G1 X162.5 Y163.08 E2485.78422
G1 X162.633 Y163.123 E2485.78907
G1 X162.72 Y163.3 E2485.79593
G1 X162.72 Y174.065 E2486.17009
G1 F2400 E2485.67009
G1 F600 Z4.3
G0 F15000 X174.717 Y168.039 Z4.3
G1 F600 Z3.9
G1 F2400 E2486.17009
G1 F9000 X174.677 Y168.132 E2486.17361
G1 X174.565 Y168.22 E2486.17856
G1 X163.8 Y168.22 E2486.55271
G1 X163.667 Y168.176 E2486.55758
G1 X163.583 Y168.038 E2486.5632
G1 X163.58 Y135 E2487.71149
G1 X163.667 Y134.824 E2487.71832
G1 X163.8 Y134.78 E2487.72319
G1 X174.564 Y134.78 E2488.09731
G1 X174.677 Y134.867 E2488.10227
G1 X174.72 Y135 E2488.10712
G1 X174.717 Y168.039 E2489.25546
G1 F2400 E2488.75546
G1 F600 Z4.3
G0 F15000 X176.28 Y175.78 Z4.3
G1 F600 Z3.9
G1 F2400 E2489.25546
G1 F9000 X176.28 Y128.22 E2490.90849
G1 X127.72 Y128.22 E2492.59628
G1 X127.721 Y175.779 E2494.24928
G1 X176.28 Y175.78 E2495.93704
G0 F15000 X175.84 Y175.34
;TYPE:WALL-INNER
G1 F10500 X175.84 Y168.666 E2496.16901
G1 F9166.7 X175.777 Y168.174 E2496.18876
G1 F8148.1 X175.777 Y167.068 E2496.23829
G1 X175.777 Y165.962 E2496.28783
G1 F8162.5 X175.777 Y164.856 E2496.33728
G1 X175.777 Y163.75 E2496.38673
G1 X175.778 Y162.644 E2496.43618
G1 X175.778 Y161.538 E2496.48563
G1 F8177 X175.778 Y160.432 E2496.53499
G1 X175.778 Y159.326 E2496.58435
G1 X175.778 Y158.22 E2496.63371
G1 X175.778 Y157.114 E2496.68307
G1 X175.778 Y156.008 E2496.73243
G1 F8191.5 X175.778 Y154.902 E2496.78171
G1 X175.778 Y153.796 E2496.83098
G1 X175.778 Y152.69 E2496.88026
G1 X175.779 Y151.584 E2496.92953
G1 F8206 X175.779 Y150.478 E2496.97872
G1 X175.779 Y149.372 E2497.02791
G1 X175.779 Y148.266 E2497.07709
G1 X175.779 Y147.16 E2497.12628
G1 F8220.6 X175.779 Y146.054 E2497.17538
G1 X175.779 Y144.948 E2497.22448
G1 X175.779 Y143.842 E2497.27358
G1 X175.779 Y142.736 E2497.32268
G1 X175.779 Y141.63 E2497.37178
G1 F8235.3 X175.78 Y140.524 E2497.42079
G1 X175.78 Y139.418 E2497.4698
G1 X175.78 Y138.312 E2497.51882
G1 X175.78 Y137.206 E2497.56783
G1 F8250 X175.78 Y136.1 E2497.61675
G1 X175.78 Y134.994 E2497.66568
G1 F9240 X175.84 Y134.333 E2497.69189
G1 F10500 X175.84 Y128.66 E2497.88907
G1 X128.16 Y128.66 E2499.54628
G1 X128.16 Y129.267 E2499.56737
G1 F9829.8 X128.19 Y129.784 E2499.5866
G1 F8717 X128.22 Y130.301 E2499.60828
G1 F8250 X128.22 Y131.289 E2499.65199
G1 F8235.3 X128.221 Y132.278 E2499.69581
G1 F8220.6 X128.221 Y133.267 E2499.73972
G1 F8206 X128.221 Y134.256 E2499.7837
G1 X128.222 Y135.245 E2499.82769
G1 F8191.5 X128.222 Y136.234 E2499.87175
G1 F8177 X128.223 Y137.223 E2499.91589
G1 X128.223 Y138.212 E2499.96003
G1 F8162.5 X128.223 Y139.201 E2500.00425
G1 F8148.1 X128.224 Y140.19 E2500.04854
G1 F8133.8 X128.224 Y141.179 E2500.09292
G1 F9166.7 X128.16 Y142 E2500.1257
G1 F9829.8 X128.19 Y142.5 E2500.1443
G1 F8717 X128.22 Y143 E2500.16527
G1 F8250 X128.22 Y143.957 E2500.2076
G1 F8235.3 X128.22 Y144.914 E2500.25001
G1 X128.221 Y145.871 E2500.29242
G1 X128.221 Y146.828 E2500.33483
G1 F8220.6 X128.221 Y147.785 E2500.37732
G1 X128.221 Y148.742 E2500.4198
G1 F8206 X128.221 Y149.699 E2500.46236
G1 X128.222 Y150.656 E2500.50492
G1 F8191.5 X128.222 Y151.613 E2500.54756
G1 X128.222 Y152.57 E2500.5902
G1 X128.222 Y153.527 E2500.63283
G1 F8177 X128.223 Y154.484 E2500.67554
G1 X128.223 Y155.441 E2500.71826
G1 F8162.5 X128.223 Y156.398 E2500.76104
G1 X128.223 Y157.355 E2500.80383
G1 F8148.1 X128.223 Y158.312 E2500.84669
G1 X128.224 Y159.269 E2500.88956
G1 X128.224 Y160.226 E2500.93242
G1 F8133.8 X128.224 Y161.183 E2500.97536
G1 F9166.7 X128.161 Y162.15 E2501.01394
G1 F9829.8 X128.19 Y162.725 E2501.03531
G1 F8717 X128.22 Y163.3 E2501.05942
G1 F8250 X128.22 Y164.289 E2501.10317
G1 F8235.3 X128.221 Y165.278 E2501.147
G1 F8220.6 X128.221 Y166.267 E2501.1909
G1 F8206 X128.221 Y167.256 E2501.23489
G1 X128.222 Y168.245 E2501.27887
G1 F8191.5 X128.222 Y169.234 E2501.32293
G1 F8177 X128.223 Y170.223 E2501.36707
G1 X128.223 Y171.212 E2501.41121
G1 F8162.5 X128.223 Y172.201 E2501.45543
G1 F8148.1 X128.224 Y173.19 E2501.49973
G1 F8133.8 X128.224 Y174.179 E2501.5441
G1 F9166.7 X128.161 Y174.828 E2501.57006
G1 F10500 X128.161 Y175.339 E2501.58782
G1 X128.672 Y175.339 E2501.60558
G1 F9240 X129.5 Y175.28 E2501.63837
G1 F8250 X130.476 Y175.28 E2501.68154
G1 X131.452 Y175.28 E2501.72472
G1 F8235.3 X132.428 Y175.28 E2501.76797
G1 X133.404 Y175.28 E2501.81122
G1 X134.38 Y175.279 E2501.85447
G1 X135.356 Y175.279 E2501.89772
G1 F8220.6 X136.332 Y175.279 E2501.94105
G1 X137.308 Y175.279 E2501.98438
G1 X138.284 Y175.279 E2502.02771
G1 X139.26 Y175.279 E2502.07104
G1 X140.236 Y175.279 E2502.11436
G1 F8206 X141.212 Y175.279 E2502.15777
G1 X142.188 Y175.278 E2502.20118
G1 X143.164 Y175.278 E2502.24458
G1 X144.14 Y175.278 E2502.28799
G1 F8191.5 X145.116 Y175.278 E2502.33147
G1 X146.092 Y175.278 E2502.37495
G1 X147.068 Y175.278 E2502.41843
G1 X148.044 Y175.278 E2502.46192
G1 F8177 X149.02 Y175.278 E2502.50548
G1 X149.996 Y175.278 E2502.54904
G1 X150.972 Y175.277 E2502.5926
G1 X151.948 Y175.277 E2502.63616
G1 F8162.5 X152.924 Y175.277 E2502.67979
G1 X153.9 Y175.277 E2502.72343
G1 X154.876 Y175.277 E2502.76707
G1 X155.852 Y175.277 E2502.8107
G1 X156.828 Y175.277 E2502.85434
G1 F8148.1 X157.804 Y175.277 E2502.89805
G1 X158.78 Y175.276 E2502.94177
G1 X159.756 Y175.276 E2502.98548
G1 X160.732 Y175.276 E2503.0292
G1 F8133.8 X161.708 Y175.276 E2503.07299
G1 X162.684 Y175.276 E2503.11678
G1 F9166.7 X163.166 Y175.341 E2503.13614
G1 F10500 X175.84 Y175.34 E2503.57665
G0 F15000 X175.4 Y174.9
G1 F10500 X175.4 Y168.646 E2503.79402
G1 X174.924 Y169.016 E2503.81497
G1 X174.5 Y169.1 E2503.83
G1 X163.8 Y169.1 E2504.2019
G1 X163.6 Y169.034 E2504.20922
G1 X163.6 Y174 E2504.38182
G1 X163.516 Y174.424 E2504.39684
G1 X163.143 Y174.901 E2504.41789
G1 X175.4 Y174.9 E2504.8439
G1 F2400 E2504.3439
G1 F600 Z4.3
G0 F15000 X163.154 Y168.113 Z4.3
G1 F600 Z3.9
G1 F2400 E2504.8439
G1 F10719.3 X163.153 Y167.511 E2504.8644
G1 F10744.2 X163.153 Y166.909 E2504.88485
G1 F10794.4 X163.152 Y166.307 E2504.9052
G1 F10819.7 X163.152 Y165.705 E2504.9255
G1 F10870.6 X163.151 Y165.103 E2504.94571
G1 F10896.2 X163.151 Y164.501 E2504.96588
G1 F10947.9 X163.15 Y163.899 E2504.98595
G1 F10973.9 X163.15 Y163.297 E2505.00597
G1 F2400 E2504.50597
G1 F600 Z4.3
G0 F15000 X162.7 Y162.266 Z4.3
G1 F600 Z3.9
G1 F2400 E2505.00597
G1 F10500 X162.7 Y142.034 E2505.70917
G1 X162.5 Y142.1 E2505.71649
G1 X154.146 Y142.1 E2506.00684
G1 X154.516 Y142.576 E2506.0278
G1 X154.6 Y143 E2506.04282
G1 X154.6 Y161 E2506.66845
G1 X154.516 Y161.424 E2506.68347
G1 X154.16 Y161.881 E2506.7036
G1 F9258.5 X153.7 Y162.142 E2506.72445
G1 X154.266 Y162.2 E2506.74688
G1 F10500 X162.5 Y162.2 E2507.03307
G1 X162.7 Y162.266 E2507.04039
G1 F2400 E2506.54039
G1 F600 Z4.3
G0 F15000 X153.7 Y162.142 Z4.3
G1 F600 Z3.9
G1 F2400 E2507.04039
G1 F8415.3 X153.5 Y162.15 E2507.04907
G1 F8555.6 X152.536 Y162.15 E2507.09019
G1 X151.572 Y162.15 E2507.13131
G1 F8539.7 X150.608 Y162.15 E2507.1725
G1 X149.644 Y162.15 E2507.2137
G1 X148.68 Y162.15 E2507.2549
G1 F8524 X147.716 Y162.15 E2507.29617
G1 X146.752 Y162.15 E2507.33744
G1 X145.788 Y162.15 E2507.37872
G1 F8508.3 X144.824 Y162.15 E2507.42006
G1 X143.86 Y162.15 E2507.46141
G1 X142.896 Y162.15 E2507.50276
G1 F8492.6 X141.932 Y162.15 E2507.54419
G1 X140.968 Y162.15 E2507.58561
G1 X140.004 Y162.15 E2507.62704
G1 F8477.1 X139.04 Y162.15 E2507.66854
G1 X138.076 Y162.15 E2507.71004
G1 X137.112 Y162.15 E2507.75154
G1 F8461.5 X136.148 Y162.15 E2507.79312
G1 X135.184 Y162.15 E2507.8347
G1 X134.22 Y162.15 E2507.87627
G1 F8446.1 X133.256 Y162.15 E2507.91793
G1 X132.292 Y162.15 E2507.95958
G1 X131.328 Y162.15 E2508.00123
G1 F8430.7 X130.364 Y162.15 E2508.04296
G1 X129.4 Y162.15 E2508.08469
G1 F8850.6 X129.185 Y162.082 E2508.09399
G1 F9788.1 X128.944 Y161.956 E2508.10413
G1 F10266.7 X128.605 Y161.469 E2508.12522
G1 X128.606 Y162.934 E2508.1773
G1 X128.944 Y162.344 E2508.20147
G1 F9788.1 X129.185 Y162.218 E2508.21161
G1 F8850.6 X129.4 Y162.15 E2508.22091
G1 F2400 E2507.72091
G1 F600 Z4.3
G0 F15000 X128.744 Y174.828 Z4.3
G1 F600 Z3.9
G1 F2400 E2508.22091
G1 F7938.1 X128.708 Y174.766 E2508.2242
G1 X128.636 Y174.766 E2508.22751
G1 X128.6 Y174.828 E2508.23081
G1 X128.636 Y174.89 E2508.23411
G1 X128.708 Y174.89 E2508.23742
G1 X128.744 Y174.828 E2508.24071
G1 F2400 E2507.74071
G1 F600 Z4.3
G0 F15000 X128.565 Y142.74 Z4.3
G1 F600 Z3.9
G1 F2400 E2508.24071
G1 F12486.5 X128.861 Y142.148 E2508.26006
G1 X129.125 Y142 E2508.2689
G1 X128.861 Y141.852 E2508.27775
G1 X128.565 Y141.369 E2508.29431
G1 X128.565 Y142.74 E2508.33438
G1 F2400 E2507.83438
G1 F600 Z4.3
G0 F15000 X128.573 Y130.017 Z4.3
G1 F600 Z3.9
G1 F2400 E2508.33438
G1 F11938 X128.879 Y129.425 E2508.35475
G1 F9788.1 X129.3 Y129.158 E2508.37334
G1 X128.767 Y129.073 E2508.39346
G1 F11938 X128.573 Y129.073 E2508.39939
G1 X128.573 Y130.017 E2508.42825
G1 F2400 E2507.92825
G1 F600 Z4.3
G0 F15000 X129.3 Y129.158 Z4.3
G1 F600 Z3.9
G1 F2400 E2508.42825
G1 F8415.3 X129.5 Y129.15 E2508.43693
G1 F8555.6 X162.5 Y129.15 E2509.84458
G1 F9428.6 X163.16 Y129.42 E2509.87218
G1 F10500 X163.516 Y129.877 E2509.89232
G1 X163.6 Y130.3 E2509.90731
G1 X163.6 Y133.966 E2510.03472
G1 X163.8 Y133.9 E2510.04204
G1 X174.5 Y133.9 E2510.41394
G1 X174.924 Y133.983 E2510.42896
G1 X175.4 Y134.354 E2510.44994
G1 X175.4 Y129.1 E2510.63255
G1 X163.267 Y129.099 E2511.05425
G1 F9428.6 X162.5 Y129.15 E2511.08401
G1 F2400 E2510.58401
G1 F600 Z4.3
G0 F15000 X163.15 Y135 Z4.3
G1 F600 Z3.9
G1 F2400 E2511.08401
G1 F10973.9 X163.149 Y135.873 E2511.11304
G1 F10947.9 X163.149 Y136.746 E2511.14214
G1 F10922 X163.148 Y137.619 E2511.17131
G1 F10896.2 X163.148 Y138.492 E2511.20055
G1 F10870.6 X163.147 Y139.365 E2511.22986
G1 F10845.1 X163.147 Y140.238 E2511.25924
G1 F10819.7 X163.146 Y141.111 E2511.28868
G0 F15000 X163.146 Y141.113
G1 F10645.2 X162.897 Y141.529 E2511.3053
G1 F10500 X162.5 Y141.66 E2511.31983
G1 X154.167 Y141.66 E2511.60946
G1 F9240 X153.5 Y141.72 E2511.63591
G1 F8250 X151.649 Y141.72 E2511.71779
G1 X149.798 Y141.72 E2511.79967
G1 F8235.3 X147.947 Y141.72 E2511.8817
G1 X146.096 Y141.72 E2511.96373
G1 X144.245 Y141.72 E2512.04576
G1 F8220.6 X142.394 Y141.72 E2512.12793
G1 X140.543 Y141.72 E2512.2101
G1 X138.692 Y141.72 E2512.29227
G1 F8206 X136.841 Y141.72 E2512.37459
G1 X134.99 Y141.72 E2512.45691
G1 X133.139 Y141.72 E2512.53923
G1 F8191.5 X131.288 Y141.72 E2512.6217
G1 X129.437 Y141.72 E2512.70416
G1 F9203.2 X129.268 Y141.618 E2512.71199
G1 F10500 X129.104 Y141.528 E2512.71849
G1 F9166.7 X128.786 Y141.125 E2512.73893
G1 F8133.8 X128.785 Y140.141 E2512.78308
G1 F8148.1 X128.785 Y139.157 E2512.82715
G1 F8162.5 X128.784 Y138.173 E2512.87115
G1 F8177 X128.784 Y137.189 E2512.91507
G1 X128.783 Y136.205 E2512.95898
G1 F8191.5 X128.783 Y135.221 E2513.00282
G1 F8206 X128.782 Y134.237 E2513.04658
G1 X128.782 Y133.253 E2513.09034
G1 F8220.6 X128.781 Y132.269 E2513.13403
G1 F8235.3 X128.781 Y131.285 E2513.17763
G1 F8250 X128.78 Y130.301 E2513.22116
G1 F9240 X129.118 Y129.761 E2513.24632
G1 F10500 X129.408 Y129.64 E2513.25725
G1 X162.5 Y129.64 E2514.40742
G1 X162.896 Y129.772 E2514.42193
G1 X163.11 Y130.046 E2514.43401
G1 X163.16 Y130.3 E2514.44301
G1 X163.16 Y134.35 E2514.58377
G1 F10744.2 X163.15 Y135 E2514.60585
G1 X163.403 Y134.472 E2514.62574
G1 F10500 X163.8 Y134.34 E2514.64028
G1 X174.5 Y134.34 E2515.01218
G1 X174.755 Y134.39 E2515.02121
G1 X175.029 Y134.603 E2515.03328
G1 F9240 X175.22 Y135 E2515.05068
G1 F8250 X175.22 Y137.547 E2515.16335
G1 X175.22 Y140.094 E2515.27601
G1 F8235.3 X175.22 Y142.641 E2515.38888
G1 X175.22 Y145.188 E2515.50175
G1 X175.22 Y147.735 E2515.61462
G1 X175.22 Y150.282 E2515.7275
G1 F8220.6 X175.22 Y152.829 E2515.84057
G1 X175.22 Y155.376 E2515.95364
G1 X175.22 Y157.923 E2516.06671
G1 X175.22 Y160.47 E2516.17978
G1 X175.22 Y163.017 E2516.29285
G1 F8206 X175.22 Y165.564 E2516.40612
G1 X175.22 Y168.111 E2516.5194
G1 F9203.2 X175.03 Y168.396 E2516.53298
G1 F10500 X174.755 Y168.61 E2516.54509
G1 X174.5 Y168.66 E2516.55412
G1 X163.8 Y168.66 E2516.92602
G1 X163.403 Y168.528 E2516.94056
G1 F10596.3 X163.154 Y168.113 E2516.95723
G1 X163.16 Y168.65 E2516.97573
G1 F10500 X163.16 Y174 E2517.16168
G1 X163.11 Y174.255 E2517.17071
G1 X162.896 Y174.529 E2517.18279
G1 F9166.7 X162.625 Y174.714 E2517.19585
G1 F8133.8 X161.651 Y174.714 E2517.23956
G1 X160.677 Y174.714 E2517.28326
G1 F8148.1 X159.703 Y174.715 E2517.32688
G1 X158.729 Y174.715 E2517.37051
G1 X157.755 Y174.715 E2517.41413
G1 X156.781 Y174.715 E2517.45776
G1 F8162.5 X155.807 Y174.715 E2517.5013
G1 X154.833 Y174.715 E2517.54485
G1 X153.859 Y174.716 E2517.5884
G1 X152.885 Y174.716 E2517.63195
G1 X151.911 Y174.716 E2517.67549
G1 F8177 X150.937 Y174.716 E2517.71896
G1 X149.963 Y174.716 E2517.76243
G1 X148.989 Y174.716 E2517.8059
G1 X148.015 Y174.717 E2517.84937
G1 F8191.5 X147.041 Y174.717 E2517.89277
G1 X146.067 Y174.717 E2517.93616
G1 X145.093 Y174.717 E2517.97956
G1 X144.119 Y174.717 E2518.02295
G1 F8206 X143.145 Y174.718 E2518.06627
G1 X142.171 Y174.718 E2518.10958
G1 X141.197 Y174.718 E2518.1529
G1 X140.223 Y174.718 E2518.19622
G1 F8220.6 X139.249 Y174.718 E2518.23946
G1 X138.275 Y174.718 E2518.2827
G1 X137.301 Y174.719 E2518.32594
G1 X136.327 Y174.719 E2518.36917
G1 X135.353 Y174.719 E2518.41241
G1 F8235.3 X134.379 Y174.719 E2518.45558
G1 X133.405 Y174.719 E2518.49874
G1 X132.431 Y174.719 E2518.5419
G1 X131.457 Y174.72 E2518.58507
G1 F8250 X130.483 Y174.72 E2518.62815
G1 X129.509 Y174.72 E2518.67124
G1 F9240 X129.033 Y174.467 E2518.69253
G1 F9166.7 X128.786 Y174.125 E2518.70932
G1 F8133.8 X128.785 Y173.141 E2518.75347
G1 F8148.1 X128.785 Y172.157 E2518.79755
G1 F8162.5 X128.784 Y171.173 E2518.84154
G1 F8177 X128.784 Y170.189 E2518.88546
G1 X128.783 Y169.205 E2518.92937
G1 F8191.5 X128.783 Y168.221 E2518.97321
G1 F8206 X128.782 Y167.237 E2519.01698
G1 X128.782 Y166.253 E2519.06074
G1 F8220.6 X128.781 Y165.269 E2519.10442
G1 F8235.3 X128.781 Y164.285 E2519.14803
G1 F8250 X128.78 Y163.301 E2519.19155
G1 F9240 X129.168 Y162.729 E2519.21885
G1 F10500 X129.442 Y162.642 E2519.22885
G1 X162.5 Y162.64 E2520.37784
G1 X162.897 Y162.771 E2520.39237
G1 F10744.2 X163.15 Y163.3 E2520.41229
G1 X163.14 Y162.65 E2520.43437
G1 F10500 X163.14 Y141.65 E2521.16426
G1 F10645.2 X163.146 Y141.113 E2521.18267
G1 F2400 E2520.68267
G1 F600 Z4.3
G0 F15000 X154.16 Y143 Z4.3
G1 F600 Z3.9
G1 F2400 E2521.18267
G1 F10500 X154.16 Y161 E2521.80829
G1 X154.11 Y161.255 E2521.81733
G1 X153.896 Y161.529 E2521.82941
G1 X153.593 Y161.66 E2521.84088
G1 X129.442 Y161.658 E2522.6803
G1 X129.168 Y161.571 E2522.69029
G1 F9166.7 X128.786 Y161.125 E2522.71367
G1 F8133.8 X128.786 Y160.171 E2522.75647
G1 F8148.1 X128.785 Y159.217 E2522.7992
G1 X128.785 Y158.263 E2522.84193
G1 X128.785 Y157.309 E2522.88466
G1 F8162.5 X128.784 Y156.355 E2522.92731
G1 X128.784 Y155.401 E2522.96996
G1 F8177 X128.784 Y154.447 E2523.01254
G1 X128.783 Y153.493 E2523.05512
G1 F8191.5 X128.783 Y152.539 E2523.09762
G1 X128.783 Y151.585 E2523.14012
G1 X128.783 Y150.631 E2523.18263
G1 F8206 X128.782 Y149.677 E2523.22505
G1 X128.782 Y148.723 E2523.26748
G1 F8220.6 X128.782 Y147.769 E2523.30983
G1 X128.781 Y146.815 E2523.35218
G1 F8235.3 X128.781 Y145.861 E2523.39446
G1 X128.781 Y144.907 E2523.43674
G1 X128.78 Y143.953 E2523.47901
G1 F8250 X128.78 Y142.999 E2523.52122
G1 F9240 X129.104 Y142.472 E2523.54565
G1 F10500 X129.268 Y142.382 E2523.55215
G1 F9203.2 X129.437 Y142.28 E2523.55998
G1 F8191.5 X131.288 Y142.28 E2523.64244
G1 X133.139 Y142.28 E2523.72491
G1 F8206 X134.99 Y142.28 E2523.80723
G1 X136.841 Y142.28 E2523.88955
G1 X138.692 Y142.28 E2523.97187
G1 F8220.6 X140.543 Y142.28 E2524.05404
G1 X142.394 Y142.28 E2524.13621
G1 X144.245 Y142.28 E2524.21839
G1 F8235.3 X146.096 Y142.28 E2524.30042
G1 X147.947 Y142.28 E2524.38244
G1 X149.798 Y142.28 E2524.46447
G1 F8250 X151.649 Y142.28 E2524.54635
G1 X153.5 Y142.28 E2524.62823
G1 F9240 X153.897 Y142.471 E2524.64563
G1 F10500 X154.11 Y142.746 E2524.65772
G1 X154.16 Y143 E2524.66672
G1 F2400 E2524.16672
G1 F600 Z4.3
G0 F15000 X157.422 Y142.43 Z4.3
;TYPE:FILL
G1 F600 Z3.9
G1 F2400 E2524.66672
G1 F15000 X154.931 Y144.921 E2524.78916
G1 X154.93 Y146.634 E2524.8487
G1 X162.37 Y154.074 E2525.2144
G1 X154.576 Y161.871 E2525.59758
G1 X157.722 Y161.87 E2525.70692
G1 X154.93 Y159.078 E2525.84416
G1 X154.931 Y157.364 E2525.90373
G1 X162.37 Y149.925 E2526.26939
G1 X154.874 Y142.43 E2526.63782
G1 X159.022 Y142.43 E2526.78199
G1 X162.37 Y145.779 E2526.94658
G1 X154.931 Y153.217 E2527.31221
G1 X154.93 Y154.93 E2527.37175
G1 X161.869 Y161.869 E2527.71282
G1 X158.721 Y161.87 E2527.82224
G1 X162.37 Y158.221 E2528.0016
G1 X154.93 Y150.782 E2528.36728
G1 X154.931 Y149.069 E2528.42682
G1 X161.57 Y142.43 E2528.75315
G1 X162.37 Y142.43 E2528.78095
G1 X162.48 Y142.43
G1 F2400 E2528.28095
G1 F600 Z4.3
G0 F15000 X163.93 Y130.747 Z4.3
G1 F600 Z3.9
G1 F2400 E2528.78095
G1 F15000 X166.363 Y133.18 E2528.90054
G1 X166.363 Y133.57 E2528.9141
G1 X166.673 Y133.57 E2528.92487
G1 X166.673 Y133.179 E2528.93846
G1 X170.422 Y129.43 E2529.12274
G1 X170.909 Y129.43 E2529.13967
G1 X175.07 Y133.591 E2529.3442
G1 X175.07 Y133.68 E2529.34729
G1 X174.566 Y133.581 E2529.36514
G1 X175.07 Y133.077 E2529.38991
G1 X175.07 Y129.443 E2529.51622
G1 X174.57 Y129.43 E2529.5336
G1 X170.82 Y133.18 E2529.71793
G1 X170.82 Y133.57 E2529.73149
G1 X170.51 Y133.57 E2529.74226
G1 X170.51 Y133.179 E2529.75585
G1 X166.761 Y129.43 E2529.94013
G1 X166.275 Y129.429 E2529.95702
G1 X163.93 Y131.774 E2530.07228
G1 X163.93 Y130.289 E2530.1239
G1 X163.822 Y129.746 E2530.14314
G1 X163.575 Y129.429 E2530.15711
G1 X163.508 Y129.343
G1 F2400 E2529.65711
G1 F600 Z4.3
G0 F15000 X175.07 Y169.319 Z4.3
G1 F600 Z3.9
G1 F2400 E2530.15711
G1 F15000 X174.511 Y169.43 E2530.17692
G1 X173.578 Y169.43 E2530.20935
G1 X174.657 Y170.51 E2530.26241
G1 X175.07 Y170.51 E2530.27676
G1 X175.07 Y170.82 E2530.28754
G1 X174.658 Y170.82 E2530.30186
G1 X170.908 Y174.57 E2530.48618
G1 X170.422 Y174.57 E2530.50307
G1 X165.282 Y169.43 E2530.75572
G1 X167.753 Y169.43 E2530.84161
G1 X164.598 Y172.584 E2530.99666
G1 X163.93 Y172.584 E2531.01988
G1 X163.93 Y172.894 E2531.03065
G1 X164.598 Y172.894 E2531.05387
G1 X166.274 Y174.57 E2531.13625
G1 X166.761 Y174.57 E2531.15318
G1 X171.9 Y169.43 E2531.4058
G1 X169.43 Y169.43 E2531.49165
G1 X174.57 Y174.57 E2531.7443
G1 X175.07 Y174.556 E2531.76169
G1 X175.056 Y174.57 E2531.76238
G1 X174.979 Y174.647
G1 F2400 E2531.26238
G1 F600 Z4.3
;MESH:NONMESH
G0 F15000 X162.718 Y141.039 Z4.3
;TIME_ELAPSED:971.566170
;LAYER:19
;MESH:case_VL53L8+RP2040-down.stl
G0 X162.718 Y141.039 Z4.5
;TYPE:WALL-OUTER
G1 F600 Z4.1
G1 F2400 E2531.76238
G1 F9000 X162.633 Y141.177 E2531.76801
G1 X162.5 Y141.22 E2531.77287
G1 X129.48 Y141.22 E2532.92054
G1 X129.368 Y141.176 E2532.92472
G1 X129.283 Y141.038 E2532.93035
G1 X129.28 Y130.3 E2533.30357
G1 X129.372 Y130.12 E2533.3106
G1 X129.462 Y130.083 E2533.31398
G1 X162.5 Y130.08 E2534.46228
G1 X162.632 Y130.124 E2534.46711
G1 X162.72 Y130.235 E2534.47204
G1 X162.718 Y141.039 E2534.84755
G1 F2400 E2534.34755
G1 F600 Z4.5
G0 F15000 X153.72 Y161.065 Z4.5
G1 F600 Z4.1
G1 F2400 E2534.84755
G1 F9000 X153.632 Y161.177 E2534.8525
G1 X153.538 Y161.217 E2534.85605
G1 X129.48 Y161.22 E2535.69223
G1 X129.389 Y161.191 E2535.69555
G1 X129.283 Y161.038 E2535.70202
G1 X129.276 Y156.72 E2535.8521
G1 X127.72 Y156.72 E2535.90618
G1 X127.721 Y175.779 E2536.56861
G1 X176.28 Y175.78 E2538.25637
G1 X176.28 Y128.22 E2539.90941
G1 X127.72 Y128.22 E2541.5972
G1 X127.72 Y147.279 E2542.25963
G1 X129.28 Y147.276 E2542.31385
G1 X129.28 Y143 E2542.46247
G1 X129.368 Y142.824 E2542.46931
G1 X129.48 Y142.78 E2542.47349
G1 X153.5 Y142.78 E2543.30835
G1 X153.633 Y142.823 E2543.31321
G1 X153.72 Y142.936 E2543.31817
G1 X153.72 Y161.065 E2543.94827
G1 F2400 E2543.44827
G1 F600 Z4.5
G0 F15000 X162.72 Y174.065 Z4.5
G1 F600 Z4.1
G1 F2400 E2543.94827
G1 F9000 X162.632 Y174.177 E2543.95322
G1 X162.538 Y174.217 E2543.95677
G1 X129.5 Y174.22 E2545.10507
G1 X129.344 Y174.156 E2545.11093
G1 X129.283 Y174.038 E2545.11555
G1 X129.28 Y163.3 E2545.48877
G1 X129.389 Y163.109 E2545.49641
G1 X129.48 Y163.08 E2545.49973
G1 X162.5 Y163.08 E2546.6474
G1 X162.633 Y163.123 E2546.65226
G1 X162.72 Y163.3 E2546.65911
G1 X162.72 Y174.065 E2547.03327
G1 F2400 E2546.53327
G1 F600 Z4.5
G0 F15000 X174.717 Y168.039 Z4.5
G1 F600 Z4.1
G1 F2400 E2547.03327
G1 F9000 X174.677 Y168.132 E2547.03679
G1 X174.565 Y168.22 E2547.04174
G1 X163.8 Y168.22 E2547.4159
G1 X163.667 Y168.176 E2547.42077
G1 X163.583 Y168.038 E2547.42638
G1 X163.58 Y135 E2548.57468
G1 X163.667 Y134.824 E2548.5815
G1 X163.8 Y134.78 E2548.58637
G1 X174.564 Y134.78 E2548.96049
G1 X174.677 Y134.867 E2548.96545
G1 X174.72 Y135 E2548.97031
G1 X174.717 Y168.039 E2550.11864
G0 F15000 X175.03 Y168.396
;TYPE:WALL-INNER
G1 F10500 X174.755 Y168.61 E2550.13075
G1 X174.5 Y168.66 E2550.13978
G1 X163.8 Y168.66 E2550.51168
G1 X163.403 Y168.528 E2550.52622
G1 F10596.3 X163.154 Y168.113 E2550.54289
G1 X163.16 Y168.65 E2550.56139
G1 F10500 X163.16 Y174 E2550.74734
G1 X163.11 Y174.255 E2550.75637
G1 X162.896 Y174.529 E2550.76845
G1 F9166.7 X162.625 Y174.714 E2550.78152
G1 F8133.8 X161.651 Y174.714 E2550.82522
G1 X160.677 Y174.714 E2550.86892
G1 F8148.1 X159.703 Y174.715 E2550.91254
G1 X158.729 Y174.715 E2550.95617
G1 X157.755 Y174.715 E2550.99979
G1 X156.781 Y174.715 E2551.04342
G1 F8162.5 X155.807 Y174.715 E2551.08696
G1 X154.833 Y174.715 E2551.13051
G1 X153.859 Y174.716 E2551.17406
G1 X152.885 Y174.716 E2551.21761
G1 X151.911 Y174.716 E2551.26115
G1 F8177 X150.937 Y174.716 E2551.30462
G1 X149.963 Y174.716 E2551.34809
G1 X148.989 Y174.716 E2551.39157
G1 X148.015 Y174.717 E2551.43504
G1 F8191.5 X147.041 Y174.717 E2551.47843
G1 X146.067 Y174.717 E2551.52182
G1 X145.093 Y174.717 E2551.56522
G1 X144.119 Y174.717 E2551.60861
G1 F8206 X143.145 Y174.718 E2551.65193
G1 X142.171 Y174.718 E2551.69524
G1 X141.197 Y174.718 E2551.73856
G1 X140.223 Y174.718 E2551.78188
G1 F8220.6 X139.249 Y174.718 E2551.82512
G1 X138.275 Y174.718 E2551.86836
G1 X137.301 Y174.719 E2551.9116
G1 X136.327 Y174.719 E2551.95484
G1 X135.353 Y174.719 E2551.99808
G1 F8235.3 X134.379 Y174.719 E2552.04124
G1 X133.405 Y174.719 E2552.0844
G1 X132.431 Y174.719 E2552.12756
G1 X131.457 Y174.72 E2552.17073
G1 F8250 X130.483 Y174.72 E2552.21381
G1 X129.509 Y174.72 E2552.2569
G1 F9240 X129.033 Y174.467 E2552.27819
G1 F9166.7 X128.786 Y174.125 E2552.29498
G1 F8133.8 X128.785 Y173.141 E2552.33913
G1 F8148.1 X128.785 Y172.157 E2552.38321
G1 F8162.5 X128.784 Y171.173 E2552.4272
G1 F8177 X128.784 Y170.189 E2552.47112
G1 X128.783 Y169.205 E2552.51504
G1 F8191.5 X128.783 Y168.221 E2552.55887
G1 F8206 X128.782 Y167.237 E2552.60264
G1 X128.782 Y166.253 E2552.6464
G1 F8220.6 X128.781 Y165.269 E2552.69008
G1 F8235.3 X128.781 Y164.285 E2552.73369
G1 F8250 X128.78 Y163.301 E2552.77722
G1 F9240 X129.168 Y162.729 E2552.80451
G1 F10500 X129.442 Y162.642 E2552.81451
G1 X162.5 Y162.64 E2553.9635
G1 X162.897 Y162.771 E2553.97803
G1 F10744.2 X163.15 Y163.3 E2553.99795
G1 X163.14 Y162.65 E2554.02003
G1 F10500 X163.14 Y141.65 E2554.74992
G1 F10645.2 X163.146 Y141.113 E2554.76833
G1 X162.897 Y141.529 E2554.78495
G1 F10500 X162.5 Y141.66 E2554.79948
G1 X154.167 Y141.66 E2555.08911
G1 F9240 X153.5 Y141.72 E2555.11556
G1 F8250 X151.649 Y141.72 E2555.19744
G1 X149.798 Y141.72 E2555.27932
G1 F8235.3 X147.947 Y141.72 E2555.36135
G1 X146.096 Y141.72 E2555.44338
G1 X144.245 Y141.72 E2555.52541
G1 F8220.6 X142.394 Y141.72 E2555.60758
G1 X140.543 Y141.72 E2555.68975
G1 X138.692 Y141.72 E2555.77192
G1 F8206 X136.841 Y141.72 E2555.85424
G1 X134.99 Y141.72 E2555.93656
G1 X133.139 Y141.72 E2556.01888
G1 F8191.5 X131.288 Y141.72 E2556.10135
G1 X129.437 Y141.72 E2556.18381
G1 F9203.2 X129.268 Y141.618 E2556.19164
G1 F10500 X129.104 Y141.528 E2556.19814
G1 F9166.7 X128.786 Y141.125 E2556.21858
G1 F8133.8 X128.785 Y140.141 E2556.26273
G1 F8148.1 X128.785 Y139.157 E2556.3068
G1 F8162.5 X128.784 Y138.173 E2556.3508
G1 F8177 X128.784 Y137.189 E2556.39472
G1 X128.783 Y136.205 E2556.43863
G1 F8191.5 X128.783 Y135.221 E2556.48247
G1 F8206 X128.782 Y134.237 E2556.52623
G1 X128.782 Y133.253 E2556.56999
G1 F8220.6 X128.781 Y132.269 E2556.61368
G1 F8235.3 X128.781 Y131.285 E2556.65728
G1 F8250 X128.78 Y130.301 E2556.70081
G1 F9240 X129.118 Y129.761 E2556.72597
G1 F10500 X129.408 Y129.64 E2556.7369
G1 X162.5 Y129.64 E2557.88707
G1 X162.896 Y129.772 E2557.90158
G1 X163.11 Y130.046 E2557.91366
G1 X163.16 Y130.3 E2557.92266
G1 X163.16 Y134.35 E2558.06342
G1 F10744.2 X163.15 Y135 E2558.08551
G1 X163.403 Y134.472 E2558.10539
G1 F10500 X163.8 Y134.34 E2558.11993
G1 X174.5 Y134.34 E2558.49183
G1 X174.755 Y134.39 E2558.50086
G1 X175.029 Y134.603 E2558.51293
G1 F9240 X175.22 Y135 E2558.53033
G1 F8250 X175.22 Y137.547 E2558.643
G1 X175.22 Y140.094 E2558.75566
G1 F8235.3 X175.22 Y142.641 E2558.86853
G1 X175.22 Y145.188 E2558.9814
G1 X175.22 Y147.735 E2559.09428
G1 X175.22 Y150.282 E2559.20715
G1 F8220.6 X175.22 Y152.829 E2559.32022
G1 X175.22 Y155.376 E2559.43329
G1 X175.22 Y157.923 E2559.54636
G1 X175.22 Y160.47 E2559.65943
G1 X175.22 Y163.017 E2559.7725
G1 F8206 X175.22 Y165.564 E2559.88578
G1 X175.22 Y168.111 E2559.99905
G1 F9203.2 X175.03 Y168.396 E2560.01263
G0 F15000 X175.777 Y168.174
G1 F8148.1 X175.777 Y167.068 E2560.06217
G1 X175.777 Y165.962 E2560.1117
G1 F8162.5 X175.777 Y164.856 E2560.16115
G1 X175.777 Y163.75 E2560.2106
G1 X175.778 Y162.644 E2560.26005
G1 X175.778 Y161.538 E2560.3095
G1 F8177 X175.778 Y160.432 E2560.35886
G1 X175.778 Y159.326 E2560.40822
G1 X175.778 Y158.22 E2560.45759
G1 X175.778 Y157.114 E2560.50695
G1 X175.778 Y156.008 E2560.55631
G1 F8191.5 X175.778 Y154.902 E2560.60558
G1 X175.778 Y153.796 E2560.65486
G1 X175.778 Y152.69 E2560.70413
G1 X175.779 Y151.584 E2560.75341
G1 F8206 X175.779 Y150.478 E2560.80259
G1 X175.779 Y149.372 E2560.85178
G1 X175.779 Y148.266 E2560.90097
G1 X175.779 Y147.16 E2560.95016
G1 F8220.6 X175.779 Y146.054 E2560.99926
G1 X175.779 Y144.948 E2561.04836
G1 X175.779 Y143.842 E2561.09745
G1 X175.779 Y142.736 E2561.14655
G1 X175.779 Y141.63 E2561.19565
G1 F8235.3 X175.78 Y140.524 E2561.24467
G1 X175.78 Y139.418 E2561.29368
G1 X175.78 Y138.312 E2561.34269
G1 X175.78 Y137.206 E2561.3917
G1 F8250 X175.78 Y136.1 E2561.44063
G1 X175.78 Y134.994 E2561.48955
G1 F9240 X175.84 Y134.333 E2561.51577
G1 F10500 X175.84 Y128.66 E2561.71294
G1 X128.16 Y128.66 E2563.37015
G1 X128.16 Y129.267 E2563.39125
G1 F9829.8 X128.19 Y129.784 E2563.41047
G1 F8717 X128.22 Y130.301 E2563.43216
G1 F8250 X128.22 Y131.289 E2563.47586
G1 F8235.3 X128.221 Y132.278 E2563.51969
G1 F8220.6 X128.221 Y133.267 E2563.56359
G1 F8206 X128.221 Y134.256 E2563.60758
G1 X128.222 Y135.245 E2563.65156
G1 F8191.5 X128.222 Y136.234 E2563.69562
G1 F8177 X128.223 Y137.223 E2563.73976
G1 X128.223 Y138.212 E2563.7839
G1 F8162.5 X128.223 Y139.201 E2563.82812
G1 F8148.1 X128.224 Y140.19 E2563.87242
G1 F8133.8 X128.224 Y141.179 E2563.91679
G1 F9166.7 X128.16 Y142 E2563.94958
G1 F9829.8 X128.19 Y142.5 E2563.96817
G1 F8717 X128.22 Y143 E2563.98914
G1 F8250 X128.22 Y146.778 E2564.15627
G1 X128.78 Y146.777 E2564.18104
G1 X128.78 Y143 E2564.34812
G1 F9240 X129.104 Y142.472 E2564.37259
G1 F10500 X129.268 Y142.382 E2564.37909
G1 F9203.2 X129.437 Y142.28 E2564.38692
G1 F8191.5 X131.288 Y142.28 E2564.46938
G1 X133.139 Y142.28 E2564.55185
G1 F8206 X134.99 Y142.28 E2564.63417
G1 X136.841 Y142.28 E2564.71649
G1 X138.692 Y142.28 E2564.79881
G1 F8220.6 X140.543 Y142.28 E2564.88098
G1 X142.394 Y142.28 E2564.96315
G1 X144.245 Y142.28 E2565.04533
G1 F8235.3 X146.096 Y142.28 E2565.12735
G1 X147.947 Y142.28 E2565.20938
G1 X149.798 Y142.28 E2565.29141
G1 F8250 X151.649 Y142.28 E2565.37329
G1 X153.5 Y142.28 E2565.45517
G1 F9240 X153.897 Y142.471 E2565.47257
G1 F10500 X154.11 Y142.746 E2565.48466
G1 X154.16 Y143 E2565.49366
G1 X154.16 Y161 E2566.11928
G1 X154.11 Y161.255 E2566.12831
G1 X153.896 Y161.529 E2566.1404
G1 X153.593 Y161.66 E2566.15187
G1 X129.442 Y161.658 E2566.99128
G1 X129.168 Y161.571 E2567.00127
G1 F9166.7 X128.786 Y161.125 E2567.02465
G1 F8148.1 X128.784 Y160.344 E2567.05963
G1 F8177 X128.782 Y159.563 E2567.09449
G1 F8191.5 X128.781 Y158.782 E2567.12928
G1 F8220.6 X128.779 Y158.001 E2567.16396
G1 F8250 X128.777 Y157.22 E2567.1985
G1 F8264.8 X128.219 Y157.219 E2567.22314
G1 F8250 X128.22 Y158.01 E2567.25813
G1 F8220.6 X128.221 Y158.801 E2567.29325
G1 F8191.5 X128.222 Y159.592 E2567.32849
G1 F8177 X128.223 Y160.383 E2567.36379
G1 F8148.1 X128.224 Y161.174 E2567.39922
G1 F9166.7 X128.161 Y162.15 E2567.43816
G1 F9829.8 X128.19 Y162.725 E2567.45953
G1 F8717 X128.22 Y163.3 E2567.48364
G1 F8250 X128.22 Y164.289 E2567.52739
G1 F8235.3 X128.221 Y165.278 E2567.57122
G1 F8220.6 X128.221 Y166.267 E2567.61512
G1 F8206 X128.221 Y167.256 E2567.65911
G1 X128.222 Y168.245 E2567.70309
G1 F8191.5 X128.222 Y169.234 E2567.74715
G1 F8177 X128.223 Y170.223 E2567.79129
G1 X128.223 Y171.212 E2567.83543
G1 F8162.5 X128.223 Y172.201 E2567.87965
G1 F8148.1 X128.224 Y173.19 E2567.92395
G1 F8133.8 X128.224 Y174.179 E2567.96832
G1 F9166.7 X128.161 Y174.828 E2567.99428
G1 F10500 X128.161 Y175.339 E2568.01204
G1 X128.672 Y175.339 E2568.0298
G1 F9240 X129.5 Y175.28 E2568.06259
G1 F8250 X130.476 Y175.28 E2568.10576
G1 X131.452 Y175.28 E2568.14894
G1 F8235.3 X132.428 Y175.28 E2568.19219
G1 X133.404 Y175.28 E2568.23544
G1 X134.38 Y175.279 E2568.27869
G1 X135.356 Y175.279 E2568.32194
G1 F8220.6 X136.332 Y175.279 E2568.36527
G1 X137.308 Y175.279 E2568.4086
G1 X138.284 Y175.279 E2568.45193
G1 X139.26 Y175.279 E2568.49526
G1 X140.236 Y175.279 E2568.53859
G1 F8206 X141.212 Y175.279 E2568.58199
G1 X142.188 Y175.278 E2568.6254
G1 X143.164 Y175.278 E2568.6688
G1 X144.14 Y175.278 E2568.71221
G1 F8191.5 X145.116 Y175.278 E2568.75569
G1 X146.092 Y175.278 E2568.79917
G1 X147.068 Y175.278 E2568.84266
G1 X148.044 Y175.278 E2568.88614
G1 F8177 X149.02 Y175.278 E2568.9297
G1 X149.996 Y175.278 E2568.97326
G1 X150.972 Y175.277 E2569.01682
G1 X151.948 Y175.277 E2569.06038
G1 F8162.5 X152.924 Y175.277 E2569.10401
G1 X153.9 Y175.277 E2569.14765
G1 X154.876 Y175.277 E2569.19129
G1 X155.852 Y175.277 E2569.23493
G1 X156.828 Y175.277 E2569.27856
G1 F8148.1 X157.804 Y175.277 E2569.32228
G1 X158.78 Y175.276 E2569.36599
G1 X159.756 Y175.276 E2569.4097
G1 X160.732 Y175.276 E2569.45342
G1 F8133.8 X161.708 Y175.276 E2569.49721
G1 X162.684 Y175.276 E2569.541
G1 F9166.7 X163.166 Y175.341 E2569.56036
G1 F10500 X175.84 Y175.34 E2570.00087
G1 X175.84 Y168.666 E2570.23284
G1 F9166.7 X175.777 Y168.174 E2570.25259
G0 F15000 X175.4 Y168.646
G1 F10500 X174.924 Y169.016 E2570.27354
G1 X174.5 Y169.1 E2570.28856
G1 X163.8 Y169.1 E2570.66046
G1 X163.6 Y169.034 E2570.66778
G1 X163.6 Y174 E2570.84039
G1 X163.516 Y174.424 E2570.85541
G1 X163.143 Y174.901 E2570.87645
G1 X175.4 Y174.9 E2571.30247
G1 X175.4 Y168.646 E2571.51984
G1 F2400 E2571.01984
G1 F600 Z4.5
G0 F15000 X163.154 Y168.113 Z4.5
G1 F600 Z4.1
G1 F2400 E2571.51984
G1 F10719.3 X163.153 Y167.511 E2571.54033
G1 F10744.2 X163.153 Y166.909 E2571.56078
G1 F10794.4 X163.152 Y166.307 E2571.58114
G1 F10819.7 X163.152 Y165.705 E2571.60144
G1 F10870.6 X163.151 Y165.103 E2571.62165
G1 F10896.2 X163.151 Y164.501 E2571.64181
G1 F10947.9 X163.15 Y163.899 E2571.66188
G1 F10973.9 X163.15 Y163.297 E2571.6819
G1 F2400 E2571.1819
G1 F600 Z4.5
G0 F15000 X162.7 Y162.266 Z4.5
G1 F600 Z4.1
G1 F2400 E2571.6819
G1 F10500 X162.7 Y142.034 E2572.3851
G1 X162.5 Y142.1 E2572.39242
G1 X154.146 Y142.1 E2572.68278
G1 X154.516 Y142.576 E2572.70374
G1 X154.6 Y143 E2572.71876
G1 X154.6 Y161 E2573.34438
G1 X154.516 Y161.424 E2573.35941
G1 X154.16 Y161.881 E2573.37954
G1 F9258.5 X153.7 Y162.142 E2573.40039
G1 X154.266 Y162.2 E2573.42281
G1 F10500 X162.5 Y162.2 E2573.709
G1 X162.7 Y162.266 E2573.71632
G1 F2400 E2573.21632
G1 F600 Z4.5
G0 F15000 X153.7 Y162.142 Z4.5
G1 F600 Z4.1
G1 F2400 E2573.71632
G1 F8415.3 X153.5 Y162.15 E2573.725
G1 F8555.6 X152.536 Y162.15 E2573.76612
G1 X151.572 Y162.15 E2573.80724
G1 F8539.7 X150.608 Y162.15 E2573.84844
G1 X149.644 Y162.15 E2573.88964
G1 X148.68 Y162.15 E2573.93083
G1 F8524 X147.716 Y162.15 E2573.97211
G1 X146.752 Y162.15 E2574.01338
G1 X145.788 Y162.15 E2574.05465
G1 F8508.3 X144.824 Y162.15 E2574.096
G1 X143.86 Y162.15 E2574.13735
G1 X142.896 Y162.15 E2574.1787
G1 F8492.6 X141.932 Y162.15 E2574.22012
G1 X140.968 Y162.15 E2574.26155
G1 X140.004 Y162.15 E2574.30297
G1 F8477.1 X139.04 Y162.15 E2574.34448
G1 X138.076 Y162.15 E2574.38598
G1 X137.112 Y162.15 E2574.42748
G1 F8461.5 X136.148 Y162.15 E2574.46906
G1 X135.184 Y162.15 E2574.51063
G1 X134.22 Y162.15 E2574.55221
G1 F8446.1 X133.256 Y162.15 E2574.59386
G1 X132.292 Y162.15 E2574.63552
G1 X131.328 Y162.15 E2574.67717
G1 F8430.7 X130.364 Y162.15 E2574.7189
G1 X129.4 Y162.15 E2574.76063
G1 F8850.6 X129.185 Y162.082 E2574.76993
G1 F9788.1 X128.944 Y161.956 E2574.78007
G1 F10266.7 X128.605 Y161.469 E2574.80116
G1 X128.606 Y162.934 E2574.85324
G1 X128.944 Y162.344 E2574.87741
G1 F9788.1 X129.185 Y162.218 E2574.88755
G1 F8850.6 X129.4 Y162.15 E2574.89684
G1 F2400 E2574.39684
G1 F600 Z4.5
G0 F15000 X128.744 Y174.828 Z4.5
G1 F600 Z4.1
G1 F2400 E2574.89684
G1 F7938.1 X128.708 Y174.766 E2574.90014
G1 X128.636 Y174.766 E2574.90345
G1 X128.6 Y174.828 E2574.90675
G1 X128.636 Y174.89 E2574.91004
G1 X128.708 Y174.89 E2574.91335
G1 X128.744 Y174.828 E2574.91665
G1 F2400 E2574.41665
G1 F600 Z4.5
G0 F15000 X128.565 Y142.74 Z4.5
G1 F600 Z4.1
G1 F2400 E2574.91665
G1 F12486.5 X128.861 Y142.148 E2574.93599
G1 X129.125 Y142 E2574.94484
G1 X128.861 Y141.852 E2574.95369
G1 X128.565 Y141.369 E2574.97024
G1 X128.565 Y142.74 E2575.01031
G1 F2400 E2574.51031
G1 F600 Z4.5
G0 F15000 X128.573 Y130.017 Z4.5
G1 F600 Z4.1
G1 F2400 E2575.01031
G1 F11938 X128.879 Y129.425 E2575.03068
G1 F9788.1 X129.3 Y129.158 E2575.04927
G1 X128.767 Y129.073 E2575.0694
G1 F11938 X128.573 Y129.073 E2575.07533
G1 X128.573 Y130.017 E2575.10419
G1 F2400 E2574.60419
G1 F600 Z4.5
G0 F15000 X129.3 Y129.158 Z4.5
G1 F600 Z4.1
G1 F2400 E2575.10419
G1 F8415.3 X129.5 Y129.15 E2575.11287
G1 F8555.6 X162.5 Y129.15 E2576.52052
G1 F9428.6 X163.16 Y129.42 E2576.54812
G1 F10500 X163.516 Y129.877 E2576.56825
G1 X163.6 Y130.3 E2576.58324
G1 X163.6 Y133.966 E2576.71066
G1 X163.8 Y133.9 E2576.71798
G1 X174.5 Y133.9 E2577.08988
G1 X174.924 Y133.983 E2577.1049
G1 X175.4 Y134.354 E2577.12587
G1 X175.4 Y129.1 E2577.30848
G1 X163.267 Y129.099 E2577.73019
G1 F9428.6 X162.5 Y129.15 E2577.75994
G1 F2400 E2577.25994
G1 F600 Z4.5
G0 F15000 X163.15 Y135 Z4.5
G1 F600 Z4.1
G1 F2400 E2577.75994
G1 F10973.9 X163.149 Y135.873 E2577.78898
G1 F10947.9 X163.149 Y136.746 E2577.81808
G1 F10922 X163.148 Y137.619 E2577.84725
G1 F10896.2 X163.148 Y138.492 E2577.87649
G1 F10870.6 X163.147 Y139.365 E2577.90579
G1 F10845.1 X163.147 Y140.238 E2577.93517
G1 F10819.7 X163.146 Y141.111 E2577.96462
G1 F2400 E2577.46462
G1 F600 Z4.5
G0 F15000 X162.37 Y142.43 Z4.5
;TYPE:FILL
G1 F600 Z4.1
G1 F2400 E2577.96462
G1 F15000 X161.57 Y142.43 E2577.99242
G1 X154.931 Y149.069 E2578.31875
G1 X154.93 Y150.782 E2578.37829
G1 X162.37 Y158.221 E2578.74397
G1 X158.721 Y161.87 E2578.92333
G1 X161.869 Y161.869 E2579.03275
G1 X154.93 Y154.93 E2579.37382
G1 X154.931 Y153.217 E2579.43336
G1 X162.37 Y145.779 E2579.79899
G1 X159.022 Y142.43 E2579.96358
G1 X154.874 Y142.43 E2580.10775
G1 X162.37 Y149.925 E2580.47618
G1 X154.931 Y157.364 E2580.84184
G1 X154.93 Y159.078 E2580.90141
G1 X157.722 Y161.87 E2581.03865
G1 X154.576 Y161.871 E2581.14799
G1 X162.37 Y154.074 E2581.53117
G1 X154.93 Y146.634 E2581.89687
G1 X154.931 Y144.921 E2581.95641
G1 X157.422 Y142.43 E2582.07885
G1 X157.499 Y142.353
G1 F2400 E2581.57885
G1 F600 Z4.5
G0 F15000 X163.93 Y130.747 Z4.5
G1 F600 Z4.1
G1 F2400 E2582.07885
G1 F15000 X166.363 Y133.18 E2582.19844
G1 X166.363 Y133.57 E2582.212
G1 X166.673 Y133.57 E2582.22277
G1 X166.673 Y133.179 E2582.23636
G1 X170.422 Y129.43 E2582.42064
G1 X170.909 Y129.43 E2582.43757
G1 X175.07 Y133.591 E2582.64209
G1 X175.07 Y133.68 E2582.64519
G1 X174.566 Y133.581 E2582.66304
G1 X175.07 Y133.077 E2582.68781
G1 X175.07 Y129.443 E2582.81412
G1 X174.57 Y129.43 E2582.8315
G1 X170.82 Y133.18 E2583.01583
G1 X170.82 Y133.57 E2583.02939
G1 X170.51 Y133.57 E2583.04016
G1 X170.51 Y133.179 E2583.05375
G1 X166.761 Y129.43 E2583.23803
G1 X166.275 Y129.429 E2583.25492
G1 X163.93 Y131.774 E2583.37018
G1 X163.93 Y130.289 E2583.4218
G1 X163.822 Y129.746 E2583.44104
G1 X163.575 Y129.429 E2583.45501
G1 X163.508 Y129.343
G1 F2400 E2582.95501
G1 F600 Z4.5
G0 F15000 X175.07 Y169.319 Z4.5
G1 F600 Z4.1
G1 F2400 E2583.45501
G1 F15000 X174.511 Y169.43 E2583.47482
G1 X173.578 Y169.43 E2583.50724
G1 X174.657 Y170.51 E2583.56031
G1 X175.07 Y170.51 E2583.57466
G1 X175.07 Y170.82 E2583.58544
G1 X174.658 Y170.82 E2583.59975
G1 X170.908 Y174.57 E2583.78408
G1 X170.422 Y174.57 E2583.80097
G1 X165.282 Y169.43 E2584.05362
G1 X167.753 Y169.43 E2584.13951
G1 X164.598 Y172.584 E2584.29456
G1 X163.93 Y172.584 E2584.31778
G1 X163.93 Y172.894 E2584.32855
G1 X164.598 Y172.894 E2584.35177
G1 X166.274 Y174.57 E2584.43415
G1 X166.761 Y174.57 E2584.45108
G1 X171.9 Y169.43 E2584.7037
G1 X169.43 Y169.43 E2584.78955
G1 X174.57 Y174.57 E2585.0422
G1 X175.07 Y174.556 E2585.05959
G1 X175.056 Y174.57 E2585.06028
G1 X174.979 Y174.647
G1 F2400 E2584.56028
G1 F600 Z4.5
;MESH:NONMESH
G0 F15000 X162.718 Y141.039 Z4.5
;TIME_ELAPSED:991.535726
;LAYER:20
;MESH:case_VL53L8+RP2040-down.stl
G0 X162.718 Y141.039 Z4.7
;TYPE:WALL-OUTER
G1 F600 Z4.3
G1 F2400 E2585.06028
G1 F9000 X162.633 Y141.177 E2585.06591
G1 X162.5 Y141.22 E2585.07077
G1 X129.48 Y141.22 E2586.21844
G1 X129.368 Y141.176 E2586.22262
G1 X129.283 Y141.038 E2586.22825
G1 X129.28 Y130.3 E2586.60147
G1 X129.372 Y130.12 E2586.6085
G1 X129.462 Y130.083 E2586.61188
G1 X162.5 Y130.08 E2587.76018
G1 X162.632 Y130.124 E2587.76501
G1 X162.72 Y130.235 E2587.76994
G1 X162.718 Y141.039 E2588.14545
G1 F2400 E2587.64545
G1 F600 Z4.7
G0 F15000 X153.72 Y161.065 Z4.7
G1 F600 Z4.3
G1 F2400 E2588.14545
G1 F9000 X153.632 Y161.177 E2588.1504
G1 X153.538 Y161.217 E2588.15395
G1 X129.48 Y161.22 E2588.99013
G1 X129.389 Y161.191 E2588.99345
G1 X129.283 Y161.038 E2588.99992
G1 X129.28 Y156.72 E2589.15
G1 X127.72 Y156.72 E2589.20422
G1 X127.721 Y175.779 E2589.86665
G1 X176.28 Y175.78 E2591.55441
G1 X176.28 Y128.22 E2593.20744
G1 X127.72 Y128.22 E2594.89524
G1 X127.72 Y147.28 E2595.5577
G1 X129.28 Y147.28 E2595.61192
G1 X129.28 Y143 E2595.76068
G1 X129.368 Y142.824 E2595.76752
G1 X129.48 Y142.78 E2595.7717
G1 X153.5 Y142.78 E2596.60656
G1 X153.633 Y142.823 E2596.61142
G1 X153.72 Y142.936 E2596.61638
G1 X153.72 Y161.065 E2597.24649
G1 F2400 E2596.74649
G1 F600 Z4.7
G0 F15000 X162.72 Y174.065 Z4.7
G1 F600 Z4.3
G1 F2400 E2597.24649
G1 F9000 X162.632 Y174.177 E2597.25144
G1 X162.538 Y174.217 E2597.25499
G1 X129.5 Y174.22 E2598.40328
G1 X129.344 Y174.156 E2598.40914
G1 X129.283 Y174.038 E2598.41376
G1 X129.28 Y163.3 E2598.78698
G1 X129.389 Y163.109 E2598.79462
G1 X129.48 Y163.08 E2598.79794
G1 X162.5 Y163.08 E2599.94561
G1 X162.633 Y163.123 E2599.95047
G1 X162.72 Y163.3 E2599.95733
G1 X162.72 Y174.065 E2600.33148
G1 F2400 E2599.83148
G1 F600 Z4.7
G0 F15000 X174.717 Y168.039 Z4.7
G1 F600 Z4.3
G1 F2400 E2600.33148
G1 F9000 X174.677 Y168.132 E2600.335
G1 X174.565 Y168.22 E2600.33995
G1 X163.8 Y168.22 E2600.71411
G1 X163.667 Y168.176 E2600.71898
G1 X163.583 Y168.038 E2600.72459
G1 X163.58 Y135 E2601.87289
G1 X163.667 Y134.824 E2601.87972
G1 X163.8 Y134.78 E2601.88458
G1 X174.564 Y134.78 E2602.25871
G1 X174.677 Y134.867 E2602.26366
G1 X174.72 Y135 E2602.26852
G1 X174.717 Y168.039 E2603.41685
G0 F15000 X175.03 Y168.396
;TYPE:WALL-INNER
G1 F10500 X174.755 Y168.61 E2603.42896
G1 X174.5 Y168.66 E2603.438
G1 X163.8 Y168.66 E2603.80989
G1 X163.403 Y168.528 E2603.82444
G1 F10596.3 X163.154 Y168.113 E2603.8411
G1 X163.16 Y168.65 E2603.8596
G1 F10500 X163.16 Y174 E2604.04555
G1 X163.11 Y174.255 E2604.05458
G1 X162.896 Y174.529 E2604.06666
G1 F9166.7 X162.625 Y174.714 E2604.07973
G1 F8133.8 X161.651 Y174.714 E2604.12343
G1 X160.677 Y174.714 E2604.16713
G1 F8148.1 X159.703 Y174.715 E2604.21076
G1 X158.729 Y174.715 E2604.25438
G1 X157.755 Y174.715 E2604.298
G1 X156.781 Y174.715 E2604.34163
G1 F8162.5 X155.807 Y174.715 E2604.38518
G1 X154.833 Y174.715 E2604.42872
G1 X153.859 Y174.716 E2604.47227
G1 X152.885 Y174.716 E2604.51582
G1 X151.911 Y174.716 E2604.55937
G1 F8177 X150.937 Y174.716 E2604.60284
G1 X149.963 Y174.716 E2604.64631
G1 X148.989 Y174.716 E2604.68978
G1 X148.015 Y174.717 E2604.73325
G1 F8191.5 X147.041 Y174.717 E2604.77664
G1 X146.067 Y174.717 E2604.82004
G1 X145.093 Y174.717 E2604.86343
G1 X144.119 Y174.717 E2604.90682
G1 F8206 X143.145 Y174.718 E2604.95014
G1 X142.171 Y174.718 E2604.99346
G1 X141.197 Y174.718 E2605.03677
G1 X140.223 Y174.718 E2605.08009
G1 F8220.6 X139.249 Y174.718 E2605.12333
G1 X138.275 Y174.718 E2605.16657
G1 X137.301 Y174.719 E2605.20981
G1 X136.327 Y174.719 E2605.25305
G1 X135.353 Y174.719 E2605.29629
G1 F8235.3 X134.379 Y174.719 E2605.33945
G1 X133.405 Y174.719 E2605.38261
G1 X132.431 Y174.719 E2605.42578
G1 X131.457 Y174.72 E2605.46894
G1 F8250 X130.483 Y174.72 E2605.51202
G1 X129.509 Y174.72 E2605.55511
G1 F9240 X129.033 Y174.467 E2605.5764
G1 F9166.7 X128.786 Y174.125 E2605.5932
G1 F8133.8 X128.785 Y173.141 E2605.63735
G1 F8148.1 X128.785 Y172.157 E2605.68142
G1 F8162.5 X128.784 Y171.173 E2605.72541
G1 F8177 X128.784 Y170.189 E2605.76933
G1 X128.783 Y169.205 E2605.81325
G1 F8191.5 X128.783 Y168.221 E2605.85709
G1 F8206 X128.782 Y167.237 E2605.90085
G1 X128.782 Y166.253 E2605.94461
G1 F8220.6 X128.781 Y165.269 E2605.98829
G1 F8235.3 X128.781 Y164.285 E2606.0319
G1 F8250 X128.78 Y163.301 E2606.07543
G1 F9240 X129.168 Y162.729 E2606.10273
G1 F10500 X129.442 Y162.642 E2606.11272
G1 X162.5 Y162.64 E2607.26171
G1 X162.897 Y162.771 E2607.27624
G1 F10744.2 X163.15 Y163.3 E2607.29616
G1 X163.14 Y162.65 E2607.31824
G1 F10500 X163.14 Y141.65 E2608.04813
G1 F10645.2 X163.146 Y141.113 E2608.06654
G1 X162.897 Y141.529 E2608.08317
G1 F10500 X162.5 Y141.66 E2608.0977
G1 X154.167 Y141.66 E2608.38732
G1 F9240 X153.5 Y141.72 E2608.41377
G1 F8250 X151.649 Y141.72 E2608.49566
G1 X149.798 Y141.72 E2608.57754
G1 F8235.3 X147.947 Y141.72 E2608.65956
G1 X146.096 Y141.72 E2608.74159
G1 X144.245 Y141.72 E2608.82362
G1 F8220.6 X142.394 Y141.72 E2608.90579
G1 X140.543 Y141.72 E2608.98796
G1 X138.692 Y141.72 E2609.07014
G1 F8206 X136.841 Y141.72 E2609.15246
G1 X134.99 Y141.72 E2609.23478
G1 X133.139 Y141.72 E2609.3171
G1 F8191.5 X131.288 Y141.72 E2609.39956
G1 X129.437 Y141.72 E2609.48203
G1 F9203.2 X129.268 Y141.618 E2609.48985
G1 F10500 X129.104 Y141.528 E2609.49636
G1 F9166.7 X128.786 Y141.125 E2609.51679
G1 F8133.8 X128.785 Y140.141 E2609.56094
G1 F8148.1 X128.785 Y139.157 E2609.60502
G1 F8162.5 X128.784 Y138.173 E2609.64901
G1 F8177 X128.784 Y137.189 E2609.69293
G1 X128.783 Y136.205 E2609.73684
G1 F8191.5 X128.783 Y135.221 E2609.78068
G1 F8206 X128.782 Y134.237 E2609.82445
G1 X128.782 Y133.253 E2609.86821
G1 F8220.6 X128.781 Y132.269 E2609.91189
G1 F8235.3 X128.781 Y131.285 E2609.9555
G1 F8250 X128.78 Y130.301 E2609.99902
G1 F9240 X129.118 Y129.761 E2610.02419
G1 F10500 X129.408 Y129.64 E2610.03511
G1 X162.5 Y129.64 E2611.18528
G1 X162.896 Y129.772 E2611.19979
G1 X163.11 Y130.046 E2611.21187
G1 X163.16 Y130.3 E2611.22087
G1 X163.16 Y134.35 E2611.36164
G1 F10744.2 X163.15 Y135 E2611.38372
G1 X163.403 Y134.472 E2611.4036
G1 F10500 X163.8 Y134.34 E2611.41815
G1 X174.5 Y134.34 E2611.79004
G1 X174.755 Y134.39 E2611.79908
G1 X175.029 Y134.603 E2611.81114
G1 F9240 X175.22 Y135 E2611.82854
G1 F8250 X175.22 Y137.547 E2611.94121
G1 X175.22 Y140.094 E2612.05388
G1 F8235.3 X175.22 Y142.641 E2612.16675
G1 X175.22 Y145.188 E2612.27962
G1 X175.22 Y147.735 E2612.39249
G1 X175.22 Y150.282 E2612.50536
G1 F8220.6 X175.22 Y152.829 E2612.61843
G1 X175.22 Y155.376 E2612.7315
G1 X175.22 Y157.923 E2612.84457
G1 X175.22 Y160.47 E2612.95764
G1 X175.22 Y163.017 E2613.07071
G1 F8206 X175.22 Y165.564 E2613.18399
G1 X175.22 Y168.111 E2613.29726
G1 F9203.2 X175.03 Y168.396 E2613.31084
G0 F15000 X175.777 Y168.174
G1 F8148.1 X175.777 Y167.068 E2613.36038
G1 X175.777 Y165.962 E2613.40992
G1 F8162.5 X175.777 Y164.856 E2613.45936
G1 X175.777 Y163.75 E2613.50881
G1 X175.778 Y162.644 E2613.55826
G1 X175.778 Y161.538 E2613.60771
G1 F8177 X175.778 Y160.432 E2613.65707
G1 X175.778 Y159.326 E2613.70644
G1 X175.778 Y158.22 E2613.7558
G1 X175.778 Y157.114 E2613.80516
G1 X175.778 Y156.008 E2613.85452
G1 F8191.5 X175.778 Y154.902 E2613.9038
G1 X175.778 Y153.796 E2613.95307
G1 X175.778 Y152.69 E2614.00234
G1 X175.779 Y151.584 E2614.05162
G1 F8206 X175.779 Y150.478 E2614.10081
G1 X175.779 Y149.372 E2614.14999
G1 X175.779 Y148.266 E2614.19918
G1 X175.779 Y147.16 E2614.24837
G1 F8220.6 X175.779 Y146.054 E2614.29747
G1 X175.779 Y144.948 E2614.34657
G1 X175.779 Y143.842 E2614.39567
G1 X175.779 Y142.736 E2614.44477
G1 X175.779 Y141.63 E2614.49387
G1 F8235.3 X175.78 Y140.524 E2614.54288
G1 X175.78 Y139.418 E2614.59189
G1 X175.78 Y138.312 E2614.6409
G1 X175.78 Y137.206 E2614.68992
G1 F8250 X175.78 Y136.1 E2614.73884
G1 X175.78 Y134.994 E2614.78777
G1 F9240 X175.84 Y134.333 E2614.81398
G1 F10500 X175.84 Y128.66 E2615.01116
G1 X128.16 Y128.66 E2616.66836
G1 X128.16 Y129.267 E2616.68946
G1 F9829.8 X128.19 Y129.784 E2616.70869
G1 F8717 X128.22 Y130.301 E2616.73037
G1 F8250 X128.22 Y131.289 E2616.77407
G1 F8235.3 X128.221 Y132.278 E2616.8179
G1 F8220.6 X128.221 Y133.267 E2616.86181
G1 F8206 X128.221 Y134.256 E2616.90579
G1 X128.222 Y135.245 E2616.94977
G1 F8191.5 X128.222 Y136.234 E2616.99384
G1 F8177 X128.223 Y137.223 E2617.03798
G1 X128.223 Y138.212 E2617.08212
G1 F8162.5 X128.223 Y139.201 E2617.12633
G1 F8148.1 X128.224 Y140.19 E2617.17063
G1 F8133.8 X128.224 Y141.179 E2617.215
G1 F9166.7 X128.16 Y142 E2617.24779
G1 F9829.8 X128.19 Y142.5 E2617.26639
G1 F8717 X128.22 Y143 E2617.28736
G1 F8250 X128.22 Y146.78 E2617.45457
G1 X128.78 Y146.78 E2617.47934
G1 X128.78 Y143 E2617.64655
G1 F9240 X129.104 Y142.472 E2617.67102
G1 F10500 X129.268 Y142.382 E2617.67752
G1 F9203.2 X129.437 Y142.28 E2617.68535
G1 F8191.5 X131.288 Y142.28 E2617.76782
G1 X133.139 Y142.28 E2617.85028
G1 F8206 X134.99 Y142.28 E2617.9326
G1 X136.841 Y142.28 E2618.01492
G1 X138.692 Y142.28 E2618.09724
G1 F8220.6 X140.543 Y142.28 E2618.17941
G1 X142.394 Y142.28 E2618.26159
G1 X144.245 Y142.28 E2618.34376
G1 F8235.3 X146.096 Y142.28 E2618.42579
G1 X147.947 Y142.28 E2618.50781
G1 X149.798 Y142.28 E2618.58984
G1 F8250 X151.649 Y142.28 E2618.67172
G1 X153.5 Y142.28 E2618.7536
G1 F9240 X153.897 Y142.471 E2618.771
G1 F10500 X154.11 Y142.746 E2618.78309
G1 X154.16 Y143 E2618.79209
G1 X154.16 Y161 E2619.41771
G1 X154.11 Y161.255 E2619.42674
G1 X153.896 Y161.529 E2619.43883
G1 X153.593 Y161.66 E2619.4503
G1 X129.442 Y161.658 E2620.28971
G1 X129.168 Y161.571 E2620.29971
G1 F9166.7 X128.786 Y161.125 E2620.32309
G1 F8148.1 X128.785 Y160.149 E2620.3668
G1 F8177 X128.783 Y159.173 E2620.41036
G1 F8206 X128.782 Y158.197 E2620.45376
G1 F8235.3 X128.78 Y157.221 E2620.49702
G1 F8250 X128.22 Y157.22 E2620.52179
G1 F8235.3 X128.221 Y158.209 E2620.56562
G1 F8206 X128.222 Y159.198 E2620.6096
G1 F8177 X128.223 Y160.187 E2620.65374
G1 F8148.1 X128.224 Y161.176 E2620.69804
G1 F9166.7 X128.161 Y162.15 E2620.73689
G1 F9829.8 X128.19 Y162.725 E2620.75827
G1 F8717 X128.22 Y163.3 E2620.78237
G1 F8250 X128.22 Y164.289 E2620.82612
G1 F8235.3 X128.221 Y165.278 E2620.86995
G1 F8220.6 X128.221 Y166.267 E2620.91386
G1 F8206 X128.221 Y167.256 E2620.95784
G1 X128.222 Y168.245 E2621.00183
G1 F8191.5 X128.222 Y169.234 E2621.04589
G1 F8177 X128.223 Y170.223 E2621.09003
G1 X128.223 Y171.212 E2621.13417
G1 F8162.5 X128.223 Y172.201 E2621.17839
G1 F8148.1 X128.224 Y173.19 E2621.22268
G1 F8133.8 X128.224 Y174.179 E2621.26706
G1 F9166.7 X128.161 Y174.828 E2621.29302
G1 F10500 X128.161 Y175.339 E2621.31078
G1 X128.672 Y175.339 E2621.32854
G1 F9240 X129.5 Y175.28 E2621.36132
G1 F8250 X130.476 Y175.28 E2621.4045
G1 X131.452 Y175.28 E2621.44767
G1 F8235.3 X132.428 Y175.28 E2621.49092
G1 X133.404 Y175.28 E2621.53417
G1 X134.38 Y175.279 E2621.57743
G1 X135.356 Y175.279 E2621.62068
G1 F8220.6 X136.332 Y175.279 E2621.66401
G1 X137.308 Y175.279 E2621.70733
G1 X138.284 Y175.279 E2621.75066
G1 X139.26 Y175.279 E2621.79399
G1 X140.236 Y175.279 E2621.83732
G1 F8206 X141.212 Y175.279 E2621.88073
G1 X142.188 Y175.278 E2621.92413
G1 X143.164 Y175.278 E2621.96754
G1 X144.14 Y175.278 E2622.01094
G1 F8191.5 X145.116 Y175.278 E2622.05442
G1 X146.092 Y175.278 E2622.09791
G1 X147.068 Y175.278 E2622.14139
G1 X148.044 Y175.278 E2622.18487
G1 F8177 X149.02 Y175.278 E2622.22843
G1 X149.996 Y175.278 E2622.27199
G1 X150.972 Y175.277 E2622.31555
G1 X151.948 Y175.277 E2622.35911
G1 F8162.5 X152.924 Y175.277 E2622.40275
G1 X153.9 Y175.277 E2622.44639
G1 X154.876 Y175.277 E2622.49002
G1 X155.852 Y175.277 E2622.53366
G1 X156.828 Y175.277 E2622.5773
G1 F8148.1 X157.804 Y175.277 E2622.62101
G1 X158.78 Y175.276 E2622.66472
G1 X159.756 Y175.276 E2622.70844
G1 X160.732 Y175.276 E2622.75215
G1 F8133.8 X161.708 Y175.276 E2622.79594
G1 X162.684 Y175.276 E2622.83973
G1 F9166.7 X163.166 Y175.341 E2622.8591
G1 F10500 X175.84 Y175.34 E2623.29961
G1 X175.84 Y168.666 E2623.53157
G1 F9166.7 X175.777 Y168.174 E2623.55132
G0 F15000 X175.4 Y168.646
G1 F10500 X174.924 Y169.016 E2623.57228
G1 X174.5 Y169.1 E2623.5873
G1 X163.8 Y169.1 E2623.9592
G1 X163.6 Y169.034 E2623.96652
G1 X163.6 Y174 E2624.13912
G1 X163.516 Y174.424 E2624.15414
G1 X163.143 Y174.901 E2624.17519
G1 X175.4 Y174.9 E2624.6012
G1 X175.4 Y168.646 E2624.81857
G1 F2400 E2624.31857
G1 F600 Z4.7
G0 F15000 X163.154 Y168.113 Z4.7
G1 F600 Z4.3
G1 F2400 E2624.81857
G1 F10719.3 X163.153 Y167.511 E2624.83907
G1 F10744.2 X163.153 Y166.909 E2624.85952
G1 F10794.4 X163.152 Y166.307 E2624.87987
G1 F10819.7 X163.152 Y165.705 E2624.90018
G1 F10870.6 X163.151 Y165.103 E2624.92039
G1 F10896.2 X163.151 Y164.501 E2624.94055
G1 F10947.9 X163.15 Y163.899 E2624.96062
G1 F10973.9 X163.15 Y163.297 E2624.98064
G1 F2400 E2624.48064
G1 F600 Z4.7
G0 F15000 X162.7 Y162.266 Z4.7
G1 F600 Z4.3
G1 F2400 E2624.98064
G1 F10500 X162.7 Y142.034 E2625.68384
G1 X162.5 Y142.1 E2625.69116
G1 X154.146 Y142.1 E2625.98152
G1 X154.516 Y142.576 E2626.00247
G1 X154.6 Y143 E2626.01749
G1 X154.6 Y161 E2626.64312
G1 X154.516 Y161.424 E2626.65814
G1 X154.16 Y161.881 E2626.67827
G1 F9258.5 X153.7 Y162.142 E2626.69912
G1 X154.266 Y162.2 E2626.72155
G1 F10500 X162.5 Y162.2 E2627.00774
G1 X162.7 Y162.266 E2627.01506
G1 F2400 E2626.51506
G1 F600 Z4.7
G0 F15000 X153.7 Y162.142 Z4.7
G1 F600 Z4.3
G1 F2400 E2627.01506
G1 F8415.3 X153.5 Y162.15 E2627.02374
G1 F8555.6 X152.536 Y162.15 E2627.06486
G1 X151.572 Y162.15 E2627.10598
G1 F8539.7 X150.608 Y162.15 E2627.14717
G1 X149.644 Y162.15 E2627.18837
G1 X148.68 Y162.15 E2627.22957
G1 F8524 X147.716 Y162.15 E2627.27084
G1 X146.752 Y162.15 E2627.31211
G1 X145.788 Y162.15 E2627.35339
G1 F8508.3 X144.824 Y162.15 E2627.39474
G1 X143.86 Y162.15 E2627.43608
G1 X142.896 Y162.15 E2627.47743
G1 F8492.6 X141.932 Y162.15 E2627.51886
G1 X140.968 Y162.15 E2627.56028
G1 X140.004 Y162.15 E2627.60171
G1 F8477.1 X139.04 Y162.15 E2627.64321
G1 X138.076 Y162.15 E2627.68471
G1 X137.112 Y162.15 E2627.72621
G1 F8461.5 X136.148 Y162.15 E2627.76779
G1 X135.184 Y162.15 E2627.80937
G1 X134.22 Y162.15 E2627.85094
G1 F8446.1 X133.256 Y162.15 E2627.8926
G1 X132.292 Y162.15 E2627.93425
G1 X131.328 Y162.15 E2627.9759
G1 F8430.7 X130.364 Y162.15 E2628.01763
G1 X129.4 Y162.15 E2628.05936
G1 F8850.6 X129.185 Y162.082 E2628.06866
G1 F9788.1 X128.944 Y161.956 E2628.0788
G1 F10266.7 X128.605 Y161.469 E2628.09989
G1 X128.606 Y162.934 E2628.15197
G1 X128.944 Y162.344 E2628.17614
G1 F9788.1 X129.185 Y162.218 E2628.18628
G1 F8850.6 X129.4 Y162.15 E2628.19558
G1 F2400 E2627.69558
G1 F600 Z4.7
G0 F15000 X128.744 Y174.828 Z4.7
G1 F600 Z4.3
G1 F2400 E2628.19558
G1 F7938.1 X128.708 Y174.766 E2628.19887
G1 X128.636 Y174.766 E2628.20218
G1 X128.6 Y174.828 E2628.20548
G1 X128.636 Y174.89 E2628.20878
G1 X128.708 Y174.89 E2628.21209
G1 X128.744 Y174.828 E2628.21538
G1 F2400 E2627.71538
G1 F600 Z4.7
G0 F15000 X128.565 Y142.74 Z4.7
G1 F600 Z4.3
G1 F2400 E2628.21538
G1 F12486.5 X128.861 Y142.148 E2628.23473
G1 X129.125 Y142 E2628.24357
G1 X128.861 Y141.852 E2628.25242
G1 X128.565 Y141.369 E2628.26898
G1 X128.565 Y142.74 E2628.30905
G1 F2400 E2627.80905
G1 F600 Z4.7
G0 F15000 X128.573 Y130.017 Z4.7
G1 F600 Z4.3
G1 F2400 E2628.30905
G1 F11938 X128.879 Y129.425 E2628.32942
G1 F9788.1 X129.3 Y129.158 E2628.34801
G1 X128.767 Y129.073 E2628.36813
G1 F11938 X128.573 Y129.073 E2628.37406
G1 X128.573 Y130.017 E2628.40292
G1 F2400 E2627.90292
G1 F600 Z4.7
G0 F15000 X129.3 Y129.158 Z4.7
G1 F600 Z4.3
G1 F2400 E2628.40292
G1 F8415.3 X129.5 Y129.15 E2628.4116
G1 F8555.6 X162.5 Y129.15 E2629.81925
G1 F9428.6 X163.16 Y129.42 E2629.84685
G1 F10500 X163.516 Y129.877 E2629.86699
G1 X163.6 Y130.3 E2629.88198
G1 X163.6 Y133.966 E2630.0094
G1 X163.8 Y133.9 E2630.01672
G1 X174.5 Y133.9 E2630.38861
G1 X174.924 Y133.983 E2630.40363
G1 X175.4 Y134.354 E2630.42461
G1 X175.4 Y129.1 E2630.60722
G1 X163.267 Y129.099 E2631.02892
G1 F9428.6 X162.5 Y129.15 E2631.05868
G1 F2400 E2630.55868
G1 F600 Z4.7
G0 F15000 X163.15 Y135 Z4.7
G1 F600 Z4.3
G1 F2400 E2631.05868
G1 F10973.9 X163.149 Y135.873 E2631.08771
G1 F10947.9 X163.149 Y136.746 E2631.11681
G1 F10922 X163.148 Y137.619 E2631.14598
G1 F10896.2 X163.148 Y138.492 E2631.17522
G1 F10870.6 X163.147 Y139.365 E2631.20453
G1 F10845.1 X163.147 Y140.238 E2631.23391
G1 F10819.7 X163.146 Y141.111 E2631.26335
G1 F2400 E2630.76335
G1 F600 Z4.7
G0 F15000 X162.37 Y142.43 Z4.7
;TYPE:FILL
G1 F600 Z4.3
G1 F2400 E2631.26335
G1 F15000 X161.57 Y142.43 E2631.29116
G1 X154.931 Y149.069 E2631.61749
G1 X154.93 Y150.782 E2631.67703
G1 X162.37 Y158.221 E2632.04271
G1 X158.721 Y161.87 E2632.22207
G1 X161.869 Y161.869 E2632.33148
G1 X154.93 Y154.93 E2632.67256
G1 X154.931 Y153.217 E2632.7321
G1 X162.37 Y145.779 E2633.09773
G1 X159.022 Y142.43 E2633.26232
G1 X154.874 Y142.43 E2633.40649
G1 X162.37 Y149.925 E2633.77492
G1 X154.931 Y157.364 E2634.14057
G1 X154.93 Y159.078 E2634.20015
G1 X157.722 Y161.87 E2634.33738
G1 X154.576 Y161.871 E2634.44673
G1 X162.37 Y154.074 E2634.8299
G1 X154.93 Y146.634 E2635.19561
G1 X154.931 Y144.921 E2635.25515
G1 X157.422 Y142.43 E2635.37759
G1 X157.499 Y142.353
G1 F2400 E2634.87759
G1 F600 Z4.7
G0 F15000 X163.93 Y130.747 Z4.7
G1 F600 Z4.3
G1 F2400 E2635.37759
G1 F15000 X166.363 Y133.18 E2635.49718
G1 X166.363 Y133.57 E2635.51073
G1 X166.673 Y133.57 E2635.52151
G1 X166.673 Y133.179 E2635.5351
G1 X170.422 Y129.43 E2635.71937
G1 X170.909 Y129.43 E2635.7363
G1 X175.07 Y133.591 E2635.94083
G1 X175.07 Y133.68 E2635.94392
G1 X174.566 Y133.581 E2635.96177
G1 X175.07 Y133.077 E2635.98655
G1 X175.07 Y129.443 E2636.11285
G1 X174.57 Y129.43 E2636.13024
G1 X170.82 Y133.18 E2636.31456
G1 X170.82 Y133.57 E2636.32812
G1 X170.51 Y133.57 E2636.33889
G1 X170.51 Y133.179 E2636.35248
G1 X166.761 Y129.43 E2636.53676
G1 X166.275 Y129.429 E2636.55365
G1 X163.93 Y131.774 E2636.66892
G1 X163.93 Y130.289 E2636.72053
G1 X163.822 Y129.746 E2636.73977
G1 X163.575 Y129.429 E2636.75374
G1 X163.508 Y129.343
G1 F2400 E2636.25374
G1 F600 Z4.7
G0 F15000 X175.07 Y169.319 Z4.7
G1 F600 Z4.3
G1 F2400 E2636.75374
G1 F15000 X174.511 Y169.43 E2636.77355
G1 X173.578 Y169.43 E2636.80598
G1 X174.657 Y170.51 E2636.85904
G1 X175.07 Y170.51 E2636.87339
G1 X175.07 Y170.82 E2636.88417
G1 X174.658 Y170.82 E2636.89849
G1 X170.908 Y174.57 E2637.08282
G1 X170.422 Y174.57 E2637.09971
G1 X165.282 Y169.43 E2637.35236
G1 X167.753 Y169.43 E2637.43824
G1 X164.598 Y172.584 E2637.5933
G1 X163.93 Y172.584 E2637.61651
G1 X163.93 Y172.894 E2637.62729
G1 X164.598 Y172.894 E2637.65051
G1 X166.274 Y174.57 E2637.73289
G1 X166.761 Y174.57 E2637.74981
G1 X171.9 Y169.43 E2638.00244
G1 X169.43 Y169.43 E2638.08829
G1 X174.57 Y174.57 E2638.34094
G1 X175.07 Y174.556 E2638.35832
G1 X175.056 Y174.57 E2638.35901
G1 X174.979 Y174.647
G1 F2400 E2637.85901
G1 F600 Z4.7
;MESH:NONMESH
G0 F15000 X162.718 Y141.039 Z4.7
;TIME_ELAPSED:1011.505438
;LAYER:21
;MESH:case_VL53L8+RP2040-down.stl
G0 X162.718 Y141.039 Z4.9
;TYPE:WALL-OUTER
G1 F600 Z4.5
G1 F2400 E2638.35901
G1 F9000 X162.633 Y141.177 E2638.36464
G1 X162.5 Y141.22 E2638.3695
G1 X129.48 Y141.22 E2639.51717
G1 X129.368 Y141.176 E2639.52136
G1 X129.283 Y141.038 E2639.52699
G1 X129.28 Y130.3 E2639.90021
G1 X129.372 Y130.12 E2639.90723
G1 X129.462 Y130.083 E2639.91062
G1 X162.5 Y130.08 E2641.05891
G1 X162.632 Y130.124 E2641.06375
G1 X162.72 Y130.235 E2641.06867
G1 X162.718 Y141.039 E2641.44418
G1 F2400 E2640.94418
G1 F600 Z4.9
G0 F15000 X153.72 Y161.065 Z4.9
G1 F600 Z4.5
G1 F2400 E2641.44418
G1 F9000 X153.632 Y161.177 E2641.44914
G1 X153.538 Y161.217 E2641.45269
G1 X129.48 Y161.22 E2642.28887
G1 X129.389 Y161.191 E2642.29219
G1 X129.283 Y161.038 E2642.29866
G1 X129.28 Y156.72 E2642.44874
G1 X127.72 Y156.72 E2642.50296
G1 X127.721 Y175.779 E2643.16539
G1 X176.28 Y175.78 E2644.85314
G1 X176.28 Y128.22 E2646.50618
G1 X127.72 Y128.22 E2648.19397
G1 X127.72 Y147.28 E2648.85644
G1 X129.28 Y147.28 E2648.91066
G1 X129.28 Y143 E2649.05942
G1 X129.368 Y142.824 E2649.06626
G1 X129.48 Y142.78 E2649.07044
G1 X153.5 Y142.78 E2649.9053
G1 X153.633 Y142.823 E2649.91016
G1 X153.72 Y142.936 E2649.91511
G1 X153.72 Y161.065 E2650.54522
G1 F2400 E2650.04522
G1 F600 Z4.9
G0 F15000 X162.72 Y174.065 Z4.9
G1 F600 Z4.5
G1 F2400 E2650.54522
G1 F9000 X162.632 Y174.177 E2650.55017
G1 X162.538 Y174.217 E2650.55372
G1 X129.5 Y174.22 E2651.70202
G1 X129.344 Y174.156 E2651.70788
G1 X129.283 Y174.038 E2651.71249
G1 X129.28 Y163.3 E2652.08571
G1 X129.389 Y163.109 E2652.09336
G1 X129.48 Y163.08 E2652.09668
G1 X162.5 Y163.08 E2653.24435
G1 X162.633 Y163.123 E2653.24921
G1 X162.72 Y163.3 E2653.25606
G1 X162.72 Y174.065 E2653.63022
G1 F2400 E2653.13022
G1 F600 Z4.9
G0 F15000 X174.717 Y168.039 Z4.9
G1 F600 Z4.5
G1 F2400 E2653.63022
G1 F9000 X174.677 Y168.132 E2653.63374
G1 X174.565 Y168.22 E2653.63869
G1 X163.8 Y168.22 E2654.01285
G1 X163.667 Y168.176 E2654.01771
G1 X163.583 Y168.038 E2654.02333
G1 X163.58 Y135 E2655.17163
G1 X163.667 Y134.824 E2655.17845
G1 X163.8 Y134.78 E2655.18332
G1 X174.564 Y134.78 E2655.55744
G1 X174.677 Y134.867 E2655.5624
G1 X174.72 Y135 E2655.56726
G1 X174.717 Y168.039 E2656.71559
G0 F15000 X175.03 Y168.396
;TYPE:WALL-INNER
G1 F10500 X174.755 Y168.61 E2656.7277
G1 X174.5 Y168.66 E2656.73673
G1 X163.8 Y168.66 E2657.10863
G1 X163.403 Y168.528 E2657.12317
G1 F10596.3 X163.154 Y168.113 E2657.13984
G1 X163.16 Y168.65 E2657.15833
G1 F10500 X163.16 Y174 E2657.34428
G1 X163.11 Y174.255 E2657.35332
G1 X162.896 Y174.529 E2657.3654
G1 F9166.7 X162.625 Y174.714 E2657.37846
G1 F8133.8 X161.651 Y174.714 E2657.42216
G1 X160.677 Y174.714 E2657.46586
G1 F8148.1 X159.703 Y174.715 E2657.50949
G1 X158.729 Y174.715 E2657.55311
G1 X157.755 Y174.715 E2657.59674
G1 X156.781 Y174.715 E2657.64036
G1 F8162.5 X155.807 Y174.715 E2657.68391
G1 X154.833 Y174.715 E2657.72746
G1 X153.859 Y174.716 E2657.77101
G1 X152.885 Y174.716 E2657.81455
G1 X151.911 Y174.716 E2657.8581
G1 F8177 X150.937 Y174.716 E2657.90157
G1 X149.963 Y174.716 E2657.94504
G1 X148.989 Y174.716 E2657.98851
G1 X148.015 Y174.717 E2658.03198
G1 F8191.5 X147.041 Y174.717 E2658.07538
G1 X146.067 Y174.717 E2658.11877
G1 X145.093 Y174.717 E2658.16216
G1 X144.119 Y174.717 E2658.20556
G1 F8206 X143.145 Y174.718 E2658.24887
G1 X142.171 Y174.718 E2658.29219
G1 X141.197 Y174.718 E2658.33551
G1 X140.223 Y174.718 E2658.37882
G1 F8220.6 X139.249 Y174.718 E2658.42206
G1 X138.275 Y174.718 E2658.4653
G1 X137.301 Y174.719 E2658.50854
G1 X136.327 Y174.719 E2658.55178
G1 X135.353 Y174.719 E2658.59502
G1 F8235.3 X134.379 Y174.719 E2658.63818
G1 X133.405 Y174.719 E2658.68135
G1 X132.431 Y174.719 E2658.72451
G1 X131.457 Y174.72 E2658.76767
G1 F8250 X130.483 Y174.72 E2658.81076
G1 X129.509 Y174.72 E2658.85384
G1 F9240 X129.033 Y174.467 E2658.87514
G1 F9166.7 X128.786 Y174.125 E2658.89193
G1 F8133.8 X128.785 Y173.141 E2658.93608
G1 F8148.1 X128.785 Y172.157 E2658.98015
G1 F8162.5 X128.784 Y171.173 E2659.02415
G1 F8177 X128.784 Y170.189 E2659.06807
G1 X128.783 Y169.205 E2659.11198
G1 F8191.5 X128.783 Y168.221 E2659.15582
G1 F8206 X128.782 Y167.237 E2659.19958
G1 X128.782 Y166.253 E2659.24334
G1 F8220.6 X128.781 Y165.269 E2659.28703
G1 F8235.3 X128.781 Y164.285 E2659.33063
G1 F8250 X128.78 Y163.301 E2659.37416
G1 F9240 X129.168 Y162.729 E2659.40146
G1 F10500 X129.442 Y162.642 E2659.41145
G1 X162.5 Y162.64 E2660.56044
G1 X162.897 Y162.771 E2660.57497
G1 F10744.2 X163.15 Y163.3 E2660.59489
G1 X163.14 Y162.65 E2660.61697
G1 F10500 X163.14 Y141.65 E2661.34687
G1 F10645.2 X163.146 Y141.113 E2661.36528
G1 X162.897 Y141.529 E2661.3819
G1 F10500 X162.5 Y141.66 E2661.39643
G1 X154.167 Y141.66 E2661.68606
G1 F9240 X153.5 Y141.72 E2661.71251
G1 F8250 X151.649 Y141.72 E2661.79439
G1 X149.798 Y141.72 E2661.87627
G1 F8235.3 X147.947 Y141.72 E2661.9583
G1 X146.096 Y141.72 E2662.04032
G1 X144.245 Y141.72 E2662.12235
G1 F8220.6 X142.394 Y141.72 E2662.20452
G1 X140.543 Y141.72 E2662.2867
G1 X138.692 Y141.72 E2662.36887
G1 F8206 X136.841 Y141.72 E2662.45119
G1 X134.99 Y141.72 E2662.53351
G1 X133.139 Y141.72 E2662.61583
G1 F8191.5 X131.288 Y141.72 E2662.6983
G1 X129.437 Y141.72 E2662.78076
G1 F9203.2 X129.268 Y141.618 E2662.78859
G1 F10500 X129.104 Y141.528 E2662.79509
G1 F9166.7 X128.786 Y141.125 E2662.81553
G1 F8133.8 X128.785 Y140.141 E2662.85968
G1 F8148.1 X128.785 Y139.157 E2662.90375
G1 F8162.5 X128.784 Y138.173 E2662.94775
G1 F8177 X128.784 Y137.189 E2662.99166
G1 X128.783 Y136.205 E2663.03558
G1 F8191.5 X128.783 Y135.221 E2663.07942
G1 F8206 X128.782 Y134.237 E2663.12318
G1 X128.782 Y133.253 E2663.16694
G1 F8220.6 X128.781 Y132.269 E2663.21062
G1 F8235.3 X128.781 Y131.285 E2663.25423
G1 F8250 X128.78 Y130.301 E2663.29776
G1 F9240 X129.118 Y129.761 E2663.32292
G1 F10500 X129.408 Y129.64 E2663.33384
G1 X162.5 Y129.64 E2664.48402
G1 X162.896 Y129.772 E2664.49852
G1 X163.11 Y130.046 E2664.51061
G1 X163.16 Y130.3 E2664.51961
G1 X163.16 Y134.35 E2664.66037
G1 F10744.2 X163.15 Y135 E2664.68245
G1 X163.403 Y134.472 E2664.70234
G1 F10500 X163.8 Y134.34 E2664.71688
G1 X174.5 Y134.34 E2665.08878
G1 X174.755 Y134.39 E2665.09781
G1 X175.029 Y134.603 E2665.10987
G1 F9240 X175.22 Y135 E2665.12727
G1 F8250 X175.22 Y137.547 E2665.23994
G1 X175.22 Y140.094 E2665.35261
G1 F8235.3 X175.22 Y142.641 E2665.46548
G1 X175.22 Y145.188 E2665.57835
G1 X175.22 Y147.735 E2665.69122
G1 X175.22 Y150.282 E2665.80409
G1 F8220.6 X175.22 Y152.829 E2665.91716
G1 X175.22 Y155.376 E2666.03023
G1 X175.22 Y157.923 E2666.14331
G1 X175.22 Y160.47 E2666.25638
G1 X175.22 Y163.017 E2666.36945
G1 F8206 X175.22 Y165.564 E2666.48272
G1 X175.22 Y168.111 E2666.59599
G1 F9203.2 X175.03 Y168.396 E2666.60958
G0 F15000 X175.777 Y168.174
G1 F8148.1 X175.777 Y167.068 E2666.65911
G1 X175.777 Y165.962 E2666.70865
G1 F8162.5 X175.777 Y164.856 E2666.7581
G1 X175.777 Y163.75 E2666.80755
G1 X175.778 Y162.644 E2666.857
G1 X175.778 Y161.538 E2666.90645
G1 F8177 X175.778 Y160.432 E2666.95581
G1 X175.778 Y159.326 E2667.00517
G1 X175.778 Y158.22 E2667.05453
G1 X175.778 Y157.114 E2667.10389
G1 X175.778 Y156.008 E2667.15326
G1 F8191.5 X175.778 Y154.902 E2667.20253
G1 X175.778 Y153.796 E2667.2518
G1 X175.778 Y152.69 E2667.30108
G1 X175.779 Y151.584 E2667.35035
G1 F8206 X175.779 Y150.478 E2667.39954
G1 X175.779 Y149.372 E2667.44873
G1 X175.779 Y148.266 E2667.49791
G1 X175.779 Y147.16 E2667.5471
G1 F8220.6 X175.779 Y146.054 E2667.5962
G1 X175.779 Y144.948 E2667.6453
G1 X175.779 Y143.842 E2667.6944
G1 X175.779 Y142.736 E2667.7435
G1 X175.779 Y141.63 E2667.7926
G1 F8235.3 X175.78 Y140.524 E2667.84161
G1 X175.78 Y139.418 E2667.89063
G1 X175.78 Y138.312 E2667.93964
G1 X175.78 Y137.206 E2667.98865
G1 F8250 X175.78 Y136.1 E2668.03758
G1 X175.78 Y134.994 E2668.0865
G1 F9240 X175.84 Y134.333 E2668.11271
G1 F10500 X175.84 Y128.66 E2668.30989
G1 X128.16 Y128.66 E2669.9671
G1 X128.16 Y129.267 E2669.98819
G1 F9829.8 X128.19 Y129.784 E2670.00742
G1 F8717 X128.22 Y130.301 E2670.0291
G1 F8250 X128.22 Y131.289 E2670.07281
G1 F8235.3 X128.221 Y132.278 E2670.11663
G1 F8220.6 X128.221 Y133.267 E2670.16054
G1 F8206 X128.221 Y134.256 E2670.20452
G1 X128.222 Y135.245 E2670.24851
G1 F8191.5 X128.222 Y136.234 E2670.29257
G1 F8177 X128.223 Y137.223 E2670.33671
G1 X128.223 Y138.212 E2670.38085
G1 F8162.5 X128.223 Y139.201 E2670.42507
G1 F8148.1 X128.224 Y140.19 E2670.46936
G1 F8133.8 X128.224 Y141.179 E2670.51374
G1 F9166.7 X128.16 Y142 E2670.54652
G1 F9829.8 X128.19 Y142.5 E2670.56512
G1 F8717 X128.22 Y143 E2670.58609
G1 F8250 X128.22 Y146.78 E2670.7533
G1 X128.78 Y146.78 E2670.77807
G1 X128.78 Y143 E2670.94529
G1 F9240 X129.104 Y142.472 E2670.96975
G1 F10500 X129.268 Y142.382 E2670.97626
G1 F9203.2 X129.437 Y142.28 E2670.98408
G1 F8191.5 X131.288 Y142.28 E2671.06655
G1 X133.139 Y142.28 E2671.14902
G1 F8206 X134.99 Y142.28 E2671.23133
G1 X136.841 Y142.28 E2671.31365
G1 X138.692 Y142.28 E2671.39597
G1 F8220.6 X140.543 Y142.28 E2671.47815
G1 X142.394 Y142.28 E2671.56032
G1 X144.245 Y142.28 E2671.64249
G1 F8235.3 X146.096 Y142.28 E2671.72452
G1 X147.947 Y142.28 E2671.80655
G1 X149.798 Y142.28 E2671.88857
G1 F8250 X151.649 Y142.28 E2671.97046
G1 X153.5 Y142.28 E2672.05234
G1 F9240 X153.897 Y142.471 E2672.06974
G1 F10500 X154.11 Y142.746 E2672.08183
G1 X154.16 Y143 E2672.09082
G1 X154.16 Y161 E2672.71645
G1 X154.11 Y161.255 E2672.72548
G1 X153.896 Y161.529 E2672.73756
G1 X153.593 Y161.66 E2672.74904
G1 X129.442 Y161.658 E2673.58845
G1 X129.168 Y161.571 E2673.59844
G1 F9166.7 X128.786 Y161.125 E2673.62182
G1 F8148.1 X128.785 Y160.149 E2673.66553
G1 F8177 X128.783 Y159.173 E2673.70909
G1 F8206 X128.782 Y158.197 E2673.7525
G1 F8235.3 X128.78 Y157.221 E2673.79575
G1 F8250 X128.22 Y157.22 E2673.82052
G1 F8235.3 X128.221 Y158.209 E2673.86435
G1 F8206 X128.222 Y159.198 E2673.90833
G1 F8177 X128.223 Y160.187 E2673.95247
G1 F8148.1 X128.224 Y161.176 E2673.99677
G1 F9166.7 X128.161 Y162.15 E2674.03563
G1 F9829.8 X128.19 Y162.725 E2674.057
G1 F8717 X128.22 Y163.3 E2674.08111
G1 F8250 X128.22 Y164.289 E2674.12486
G1 F8235.3 X128.221 Y165.278 E2674.16869
G1 F8220.6 X128.221 Y166.267 E2674.21259
G1 F8206 X128.221 Y167.256 E2674.25658
G1 X128.222 Y168.245 E2674.30056
G1 F8191.5 X128.222 Y169.234 E2674.34462
G1 F8177 X128.223 Y170.223 E2674.38876
G1 X128.223 Y171.212 E2674.4329
G1 F8162.5 X128.223 Y172.201 E2674.47712
G1 F8148.1 X128.224 Y173.19 E2674.52142
G1 F8133.8 X128.224 Y174.179 E2674.56579
G1 F9166.7 X128.161 Y174.828 E2674.59175
G1 F10500 X128.161 Y175.339 E2674.60951
G1 X128.672 Y175.339 E2674.62727
G1 F9240 X129.5 Y175.28 E2674.66006
G1 F8250 X130.476 Y175.28 E2674.70323
G1 X131.452 Y175.28 E2674.74641
G1 F8235.3 X132.428 Y175.28 E2674.78966
G1 X133.404 Y175.28 E2674.83291
G1 X134.38 Y175.279 E2674.87616
G1 X135.356 Y175.279 E2674.91941
G1 F8220.6 X136.332 Y175.279 E2674.96274
G1 X137.308 Y175.279 E2675.00607
G1 X138.284 Y175.279 E2675.0494
G1 X139.26 Y175.279 E2675.09273
G1 X140.236 Y175.279 E2675.13605
G1 F8206 X141.212 Y175.279 E2675.17946
G1 X142.188 Y175.278 E2675.22287
G1 X143.164 Y175.278 E2675.26627
G1 X144.14 Y175.278 E2675.30968
G1 F8191.5 X145.116 Y175.278 E2675.35316
G1 X146.092 Y175.278 E2675.39664
G1 X147.068 Y175.278 E2675.44012
G1 X148.044 Y175.278 E2675.48361
G1 F8177 X149.02 Y175.278 E2675.52717
G1 X149.996 Y175.278 E2675.57073
G1 X150.972 Y175.277 E2675.61429
G1 X151.948 Y175.277 E2675.65785
G1 F8162.5 X152.924 Y175.277 E2675.70148
G1 X153.9 Y175.277 E2675.74512
G1 X154.876 Y175.277 E2675.78876
G1 X155.852 Y175.277 E2675.83239
G1 X156.828 Y175.277 E2675.87603
G1 F8148.1 X157.804 Y175.277 E2675.91975
G1 X158.78 Y175.276 E2675.96346
G1 X159.756 Y175.276 E2676.00717
G1 X160.732 Y175.276 E2676.05089
G1 F8133.8 X161.708 Y175.276 E2676.09468
G1 X162.684 Y175.276 E2676.13847
G1 F9166.7 X163.166 Y175.341 E2676.15783
G1 F10500 X175.84 Y175.34 E2676.59834
G1 X175.84 Y168.666 E2676.83031
G1 F9166.7 X175.777 Y168.174 E2676.85006
G0 F15000 X175.4 Y168.646
G1 F10500 X174.924 Y169.016 E2676.87101
G1 X174.5 Y169.1 E2676.88603
G1 X163.8 Y169.1 E2677.25793
G1 X163.6 Y169.034 E2677.26525
G1 X163.6 Y174 E2677.43785
G1 X163.516 Y174.424 E2677.45288
G1 X163.143 Y174.901 E2677.47392
G1 X175.4 Y174.9 E2677.89994
G1 X175.4 Y168.646 E2678.11731
G1 F2400 E2677.61731
G1 F600 Z4.9
G0 F15000 X163.154 Y168.113 Z4.9
G1 F600 Z4.5
G1 F2400 E2678.11731
G1 F10719.3 X163.153 Y167.511 E2678.1378
G1 F10744.2 X163.153 Y166.909 E2678.15825
G1 F10794.4 X163.152 Y166.307 E2678.1786
G1 F10819.7 X163.152 Y165.705 E2678.19891
G1 F10870.6 X163.151 Y165.103 E2678.21912
G1 F10896.2 X163.151 Y164.501 E2678.23928
G1 F10947.9 X163.15 Y163.899 E2678.25935
G1 F10973.9 X163.15 Y163.297 E2678.27937
G1 F2400 E2677.77937
G1 F600 Z4.9
G0 F15000 X162.7 Y162.266 Z4.9
G1 F600 Z4.5
G1 F2400 E2678.27937
G1 F10500 X162.7 Y142.034 E2678.98257
G1 X162.5 Y142.1 E2678.98989
G1 X154.146 Y142.1 E2679.28025
G1 X154.516 Y142.576 E2679.3012
G1 X154.6 Y143 E2679.31623
G1 X154.6 Y161 E2679.94185
G1 X154.516 Y161.424 E2679.95687
G1 X154.16 Y161.881 E2679.97701
G1 F9258.5 X153.7 Y162.142 E2679.99786
G1 X154.266 Y162.2 E2680.02028
G1 F10500 X162.5 Y162.2 E2680.30647
G1 X162.7 Y162.266 E2680.31379
G1 F2400 E2679.81379
G1 F600 Z4.9
G0 F15000 X153.7 Y162.142 Z4.9
G1 F600 Z4.5
G1 F2400 E2680.31379
G1 F8415.3 X153.5 Y162.15 E2680.32247
G1 F8555.6 X152.536 Y162.15 E2680.36359
G1 X151.572 Y162.15 E2680.40471
G1 F8539.7 X150.608 Y162.15 E2680.44591
G1 X149.644 Y162.15 E2680.48711
G1 X148.68 Y162.15 E2680.5283
G1 F8524 X147.716 Y162.15 E2680.56957
G1 X146.752 Y162.15 E2680.61085
G1 X145.788 Y162.15 E2680.65212
G1 F8508.3 X144.824 Y162.15 E2680.69347
G1 X143.86 Y162.15 E2680.73482
G1 X142.896 Y162.15 E2680.77617
G1 F8492.6 X141.932 Y162.15 E2680.81759
G1 X140.968 Y162.15 E2680.85902
G1 X140.004 Y162.15 E2680.90044
G1 F8477.1 X139.04 Y162.15 E2680.94194
G1 X138.076 Y162.15 E2680.98345
G1 X137.112 Y162.15 E2681.02495
G1 F8461.5 X136.148 Y162.15 E2681.06652
G1 X135.184 Y162.15 E2681.1081
G1 X134.22 Y162.15 E2681.14968
G1 F8446.1 X133.256 Y162.15 E2681.19133
G1 X132.292 Y162.15 E2681.23299
G1 X131.328 Y162.15 E2681.27464
G1 F8430.7 X130.364 Y162.15 E2681.31637
G1 X129.4 Y162.15 E2681.3581
G1 F8850.6 X129.185 Y162.082 E2681.3674
G1 F9788.1 X128.944 Y161.956 E2681.37754
G1 F10266.7 X128.605 Y161.469 E2681.39863
G1 X128.606 Y162.934 E2681.4507
G1 X128.944 Y162.344 E2681.47488
G1 F9788.1 X129.185 Y162.218 E2681.48501
G1 F8850.6 X129.4 Y162.15 E2681.49431
G1 F2400 E2680.99431
G1 F600 Z4.9
G0 F15000 X128.744 Y174.828 Z4.9
G1 F600 Z4.5
G1 F2400 E2681.49431
G1 F7938.1 X128.708 Y174.766 E2681.49761
G1 X128.636 Y174.766 E2681.50092
G1 X128.6 Y174.828 E2681.50422
G1 X128.636 Y174.89 E2681.50751
G1 X128.708 Y174.89 E2681.51082
G1 X128.744 Y174.828 E2681.51412
G1 F2400 E2681.01412
G1 F600 Z4.9
G0 F15000 X128.565 Y142.74 Z4.9
G1 F600 Z4.5
G1 F2400 E2681.51412
G1 F12486.5 X128.861 Y142.148 E2681.53346
G1 X129.125 Y142 E2681.54231
G1 X128.861 Y141.852 E2681.55115
G1 X128.565 Y141.369 E2681.56771
G1 X128.565 Y142.74 E2681.60778
G1 F2400 E2681.10778
G1 F600 Z4.9
G0 F15000 X128.573 Y130.017 Z4.9
G1 F600 Z4.5
G1 F2400 E2681.60778
G1 F11938 X128.879 Y129.425 E2681.62815
G1 F9788.1 X129.3 Y129.158 E2681.64674
G1 X128.767 Y129.073 E2681.66686
G1 F11938 X128.573 Y129.073 E2681.6728
G1 X128.573 Y130.017 E2681.70165
G1 F2400 E2681.20165
G1 F600 Z4.9
G0 F15000 X129.3 Y129.158 Z4.9
G1 F600 Z4.5
G1 F2400 E2681.70165
G1 F8415.3 X129.5 Y129.15 E2681.71033
G1 F8555.6 X162.5 Y129.15 E2683.11799
G1 F9428.6 X163.16 Y129.42 E2683.14559
G1 F10500 X163.516 Y129.877 E2683.16572
G1 X163.6 Y130.3 E2683.18071
G1 X163.6 Y133.966 E2683.30813
G1 X163.8 Y133.9 E2683.31545
G1 X174.5 Y133.9 E2683.68735
G1 X174.924 Y133.983 E2683.70236
G1 X175.4 Y134.354 E2683.72334
G1 X175.4 Y129.1 E2683.90595
G1 X163.267 Y129.099 E2684.32766
G1 F9428.6 X162.5 Y129.15 E2684.35741
G1 F2400 E2683.85741
G1 F600 Z4.9
G0 F15000 X163.15 Y135 Z4.9
G1 F600 Z4.5
G1 F2400 E2684.35741
G1 F10973.9 X163.149 Y135.873 E2684.38644
G1 F10947.9 X163.149 Y136.746 E2684.41555
G1 F10922 X163.148 Y137.619 E2684.44472
G1 F10896.2 X163.148 Y138.492 E2684.47395
G1 F10870.6 X163.147 Y139.365 E2684.50326
G1 F10845.1 X163.147 Y140.238 E2684.53264
G1 F10819.7 X163.146 Y141.111 E2684.56209
G1 F2400 E2684.06209
G1 F600 Z4.9
G0 F15000 X162.37 Y142.43 Z4.9
;TYPE:FILL
G1 F600 Z4.5
G1 F2400 E2684.56209
G1 F15000 X161.57 Y142.43 E2684.58989
G1 X154.931 Y149.069 E2684.91622
G1 X154.93 Y150.782 E2684.97576
G1 X162.37 Y158.221 E2685.34144
G1 X158.721 Y161.87 E2685.5208
G1 X161.869 Y161.869 E2685.63022
G1 X154.93 Y154.93 E2685.97129
G1 X154.931 Y153.217 E2686.03083
G1 X162.37 Y145.779 E2686.39646
G1 X159.022 Y142.43 E2686.56105
G1 X154.874 Y142.43 E2686.70522
G1 X162.37 Y149.925 E2687.07365
G1 X154.931 Y157.364 E2687.43931
G1 X154.93 Y159.078 E2687.49888
G1 X157.722 Y161.87 E2687.63612
G1 X154.576 Y161.871 E2687.74546
G1 X162.37 Y154.074 E2688.12864
G1 X154.93 Y146.634 E2688.49434
G1 X154.931 Y144.921 E2688.55388
G1 X157.422 Y142.43 E2688.67632
G1 X157.499 Y142.353
G1 F2400 E2688.17632
G1 F600 Z4.9
G0 F15000 X163.93 Y130.747 Z4.9
G1 F600 Z4.5
G1 F2400 E2688.67632
G1 F15000 X166.363 Y133.18 E2688.79591
G1 X166.363 Y133.57 E2688.80947
G1 X166.673 Y133.57 E2688.82024
G1 X166.673 Y133.179 E2688.83383
G1 X170.422 Y129.43 E2689.01811
G1 X170.909 Y129.43 E2689.03504
G1 X175.07 Y133.591 E2689.23956
G1 X175.07 Y133.68 E2689.24266
G1 X174.566 Y133.581 E2689.26051
G1 X175.07 Y133.077 E2689.28528
G1 X175.07 Y129.443 E2689.41159
G1 X174.57 Y129.43 E2689.42897
G1 X170.82 Y133.18 E2689.6133
G1 X170.82 Y133.57 E2689.62685
G1 X170.51 Y133.57 E2689.63763
G1 X170.51 Y133.179 E2689.65122
G1 X166.761 Y129.43 E2689.8355
G1 X166.275 Y129.429 E2689.85239
G1 X163.93 Y131.774 E2689.96765
G1 X163.93 Y130.289 E2690.01927
G1 X163.822 Y129.746 E2690.03851
G1 X163.575 Y129.429 E2690.05248
G1 X163.508 Y129.343
G1 F2400 E2689.55248
G1 F600 Z4.9
G0 F15000 X175.07 Y169.319 Z4.9
G1 F600 Z4.5
G1 F2400 E2690.05248
G1 F15000 X174.511 Y169.43 E2690.07229
G1 X173.578 Y169.43 E2690.10471
G1 X174.657 Y170.51 E2690.15777
G1 X175.07 Y170.51 E2690.17213
G1 X175.07 Y170.82 E2690.1829
G1 X174.658 Y170.82 E2690.19722
G1 X170.908 Y174.57 E2690.38155
G1 X170.422 Y174.57 E2690.39844
G1 X165.282 Y169.43 E2690.65109
G1 X167.753 Y169.43 E2690.73698
G1 X164.598 Y172.584 E2690.89203
G1 X163.93 Y172.584 E2690.91525
G1 X163.93 Y172.894 E2690.92602
G1 X164.598 Y172.894 E2690.94924
G1 X166.274 Y174.57 E2691.03162
G1 X166.761 Y174.57 E2691.04855
G1 X171.9 Y169.43 E2691.30117
G1 X169.43 Y169.43 E2691.38702
G1 X174.57 Y174.57 E2691.63967
G1 X175.07 Y174.556 E2691.65706
G1 X175.056 Y174.57 E2691.65774
G1 X174.979 Y174.647
G1 F2400 E2691.15774
G1 F600 Z4.9
;MESH:NONMESH
G0 F15000 X162.718 Y141.039 Z4.9
;TIME_ELAPSED:1031.475150
;LAYER:22
;MESH:case_VL53L8+RP2040-down.stl
G0 X162.718 Y141.039 Z5.1
;TYPE:WALL-OUTER
G1 F600 Z4.7
G1 F2400 E2691.65774
G1 F9000 X162.633 Y141.177 E2691.66338
G1 X162.5 Y141.22 E2691.66824
G1 X129.48 Y141.22 E2692.81591
G1 X129.368 Y141.176 E2692.82009
G1 X129.283 Y141.038 E2692.82572
G1 X129.28 Y130.3 E2693.19894
G1 X129.372 Y130.12 E2693.20597
G1 X129.462 Y130.083 E2693.20935
G1 X162.5 Y130.08 E2694.35765
G1 X162.632 Y130.124 E2694.36248
G1 X162.72 Y130.235 E2694.36741
G1 X162.718 Y141.039 E2694.74292
G1 F2400 E2694.24292
G1 F600 Z5.1
G0 F15000 X153.72 Y161.065 Z5.1
G1 F600 Z4.7
G1 F2400 E2694.74292
G1 F9000 X153.632 Y161.177 E2694.74787
G1 X153.538 Y161.217 E2694.75142
G1 X129.48 Y161.22 E2695.5876
G1 X129.389 Y161.191 E2695.59092
G1 X129.283 Y161.038 E2695.59739
G1 X129.28 Y156.72 E2695.74747
G1 X127.72 Y156.72 E2695.80169
G1 X127.721 Y175.779 E2696.46412
G1 X176.28 Y175.78 E2698.15188
G1 X176.28 Y128.22 E2699.80491
G1 X127.72 Y128.22 E2701.49271
G1 X127.72 Y147.28 E2702.15517
G1 X129.28 Y147.28 E2702.20939
G1 X129.28 Y143 E2702.35815
G1 X129.368 Y142.824 E2702.36499
G1 X129.48 Y142.78 E2702.36917
G1 X153.5 Y142.78 E2703.20403
G1 X153.633 Y142.823 E2703.20889
G1 X153.72 Y142.936 E2703.21385
G1 X153.72 Y161.065 E2703.84395
G1 F2400 E2703.34395
G1 F600 Z5.1
G0 F15000 X162.72 Y174.065 Z5.1
G1 F600 Z4.7
G1 F2400 E2703.84395
G1 F9000 X162.632 Y174.177 E2703.8489
G1 X162.538 Y174.217 E2703.85246
G1 X129.5 Y174.22 E2705.00075
G1 X129.344 Y174.156 E2705.00661
G1 X129.283 Y174.038 E2705.01123
G1 X129.28 Y163.3 E2705.38445
G1 X129.389 Y163.109 E2705.39209
G1 X129.48 Y163.08 E2705.39541
G1 X162.5 Y163.08 E2706.54308
G1 X162.633 Y163.123 E2706.54794
G1 X162.72 Y163.3 E2706.5548
G1 X162.72 Y174.065 E2706.92895
G1 F2400 E2706.42895
G1 F600 Z5.1
G0 F15000 X174.717 Y168.039 Z5.1
G1 F600 Z4.7
G1 F2400 E2706.92895
G1 F9000 X174.677 Y168.132 E2706.93247
G1 X174.565 Y168.22 E2706.93742
G1 X163.8 Y168.22 E2707.31158
G1 X163.667 Y168.176 E2707.31645
G1 X163.583 Y168.038 E2707.32206
G1 X163.58 Y135 E2708.47036
G1 X163.667 Y134.824 E2708.47718
G1 X163.8 Y134.78 E2708.48205
G1 X174.564 Y134.78 E2708.85618
G1 X174.677 Y134.867 E2708.86113
G1 X174.72 Y135 E2708.86599
G1 X174.717 Y168.039 E2710.01432
G0 F15000 X175.03 Y168.396
;TYPE:WALL-INNER
G1 F10500 X174.755 Y168.61 E2710.02643
G1 X174.5 Y168.66 E2710.03546
G1 X163.8 Y168.66 E2710.40736
G1 X163.403 Y168.528 E2710.4219
G1 F10596.3 X163.154 Y168.113 E2710.43857
G1 X163.16 Y168.65 E2710.45707
G1 F10500 X163.16 Y174 E2710.64302
G1 X163.11 Y174.255 E2710.65205
G1 X162.896 Y174.529 E2710.66413
G1 F9166.7 X162.625 Y174.714 E2710.6772
G1 F8133.8 X161.651 Y174.714 E2710.7209
G1 X160.677 Y174.714 E2710.7646
G1 F8148.1 X159.703 Y174.715 E2710.80822
G1 X158.729 Y174.715 E2710.85185
G1 X157.755 Y174.715 E2710.89547
G1 X156.781 Y174.715 E2710.9391
G1 F8162.5 X155.807 Y174.715 E2710.98264
G1 X154.833 Y174.715 E2711.02619
G1 X153.859 Y174.716 E2711.06974
G1 X152.885 Y174.716 E2711.11329
G1 X151.911 Y174.716 E2711.15683
G1 F8177 X150.937 Y174.716 E2711.2003
G1 X149.963 Y174.716 E2711.24378
G1 X148.989 Y174.716 E2711.28725
G1 X148.015 Y174.717 E2711.33072
G1 F8191.5 X147.041 Y174.717 E2711.37411
G1 X146.067 Y174.717 E2711.4175
G1 X145.093 Y174.717 E2711.4609
G1 X144.119 Y174.717 E2711.50429
G1 F8206 X143.145 Y174.718 E2711.54761
G1 X142.171 Y174.718 E2711.59092
G1 X141.197 Y174.718 E2711.63424
G1 X140.223 Y174.718 E2711.67756
G1 F8220.6 X139.249 Y174.718 E2711.7208
G1 X138.275 Y174.718 E2711.76404
G1 X137.301 Y174.719 E2711.80728
G1 X136.327 Y174.719 E2711.85052
G1 X135.353 Y174.719 E2711.89376
G1 F8235.3 X134.379 Y174.719 E2711.93692
G1 X133.405 Y174.719 E2711.98008
G1 X132.431 Y174.719 E2712.02324
G1 X131.457 Y174.72 E2712.06641
G1 F8250 X130.483 Y174.72 E2712.10949
G1 X129.509 Y174.72 E2712.15258
G1 F9240 X129.033 Y174.467 E2712.17387
G1 F9166.7 X128.786 Y174.125 E2712.19067
G1 F8133.8 X128.785 Y173.141 E2712.23482
G1 F8148.1 X128.785 Y172.157 E2712.27889
G1 F8162.5 X128.784 Y171.173 E2712.32288
G1 F8177 X128.784 Y170.189 E2712.3668
G1 X128.783 Y169.205 E2712.41072
G1 F8191.5 X128.783 Y168.221 E2712.45456
G1 F8206 X128.782 Y167.237 E2712.49832
G1 X128.782 Y166.253 E2712.54208
G1 F8220.6 X128.781 Y165.269 E2712.58576
G1 F8235.3 X128.781 Y164.285 E2712.62937
G1 F8250 X128.78 Y163.301 E2712.6729
G1 F9240 X129.168 Y162.729 E2712.7002
G1 F10500 X129.442 Y162.642 E2712.71019
G1 X162.5 Y162.64 E2713.85918
G1 X162.897 Y162.771 E2713.87371
G1 F10744.2 X163.15 Y163.3 E2713.89363
G1 X163.14 Y162.65 E2713.91571
G1 F10500 X163.14 Y141.65 E2714.6456
G1 F10645.2 X163.146 Y141.113 E2714.66401
G1 X162.897 Y141.529 E2714.68063
G1 F10500 X162.5 Y141.66 E2714.69516
G1 X154.167 Y141.66 E2714.98479
G1 F9240 X153.5 Y141.72 E2715.01124
G1 F8250 X151.649 Y141.72 E2715.09312
G1 X149.798 Y141.72 E2715.175
G1 F8235.3 X147.947 Y141.72 E2715.25703
G1 X146.096 Y141.72 E2715.33906
G1 X144.245 Y141.72 E2715.42109
G1 F8220.6 X142.394 Y141.72 E2715.50326
G1 X140.543 Y141.72 E2715.58543
G1 X138.692 Y141.72 E2715.66761
G1 F8206 X136.841 Y141.72 E2715.74993
G1 X134.99 Y141.72 E2715.83224
G1 X133.139 Y141.72 E2715.91456
G1 F8191.5 X131.288 Y141.72 E2715.99703
G1 X129.437 Y141.72 E2716.0795
G1 F9203.2 X129.268 Y141.618 E2716.08732
G1 F10500 X129.104 Y141.528 E2716.09382
G1 F9166.7 X128.786 Y141.125 E2716.11426
G1 F8133.8 X128.785 Y140.141 E2716.15841
G1 F8148.1 X128.785 Y139.157 E2716.20249
G1 F8162.5 X128.784 Y138.173 E2716.24648
G1 F8177 X128.784 Y137.189 E2716.2904
G1 X128.783 Y136.205 E2716.33431
G1 F8191.5 X128.783 Y135.221 E2716.37815
G1 F8206 X128.782 Y134.237 E2716.42191
G1 X128.782 Y133.253 E2716.46568
G1 F8220.6 X128.781 Y132.269 E2716.50936
G1 F8235.3 X128.781 Y131.285 E2716.55297
G1 F8250 X128.78 Y130.301 E2716.59649
G1 F9240 X129.118 Y129.761 E2716.62165
G1 F10500 X129.408 Y129.64 E2716.63258
G1 X162.5 Y129.64 E2717.78275
G1 X162.896 Y129.772 E2717.79726
G1 X163.11 Y130.046 E2717.80934
G1 X163.16 Y130.3 E2717.81834
G1 X163.16 Y134.35 E2717.9591
G1 F10744.2 X163.15 Y135 E2717.98119
G1 X163.403 Y134.472 E2718.00107
G1 F10500 X163.8 Y134.34 E2718.01561
G1 X174.5 Y134.34 E2718.38751
G1 X174.755 Y134.39 E2718.39654
G1 X175.029 Y134.603 E2718.40861
G1 F9240 X175.22 Y135 E2718.42601
G1 F8250 X175.22 Y137.547 E2718.53868
G1 X175.22 Y140.094 E2718.65135
G1 F8235.3 X175.22 Y142.641 E2718.76422
G1 X175.22 Y145.188 E2718.87709
G1 X175.22 Y147.735 E2718.98996
G1 X175.22 Y150.282 E2719.10283
G1 F8220.6 X175.22 Y152.829 E2719.2159
G1 X175.22 Y155.376 E2719.32897
G1 X175.22 Y157.923 E2719.44204
G1 X175.22 Y160.47 E2719.55511
G1 X175.22 Y163.017 E2719.66818
G1 F8206 X175.22 Y165.564 E2719.78146
G1 X175.22 Y168.111 E2719.89473
G1 F9203.2 X175.03 Y168.396 E2719.90831
G0 F15000 X175.777 Y168.174
G1 F8148.1 X175.777 Y167.068 E2719.95785
G1 X175.777 Y165.962 E2720.00738
G1 F8162.5 X175.777 Y164.856 E2720.05683
G1 X175.777 Y163.75 E2720.10628
G1 X175.778 Y162.644 E2720.15573
G1 X175.778 Y161.538 E2720.20518
G1 F8177 X175.778 Y160.432 E2720.25454
G1 X175.778 Y159.326 E2720.3039
G1 X175.778 Y158.22 E2720.35327
G1 X175.778 Y157.114 E2720.40263
G1 X175.778 Y156.008 E2720.45199
G1 F8191.5 X175.778 Y154.902 E2720.50126
G1 X175.778 Y153.796 E2720.55054
G1 X175.778 Y152.69 E2720.59981
G1 X175.779 Y151.584 E2720.64909
G1 F8206 X175.779 Y150.478 E2720.69828
G1 X175.779 Y149.372 E2720.74746
G1 X175.779 Y148.266 E2720.79665
G1 X175.779 Y147.16 E2720.84584
G1 F8220.6 X175.779 Y146.054 E2720.89494
G1 X175.779 Y144.948 E2720.94404
G1 X175.779 Y143.842 E2720.99314
G1 X175.779 Y142.736 E2721.04224
G1 X175.779 Y141.63 E2721.09133
G1 F8235.3 X175.78 Y140.524 E2721.14035
G1 X175.78 Y139.418 E2721.18936
G1 X175.78 Y138.312 E2721.23837
G1 X175.78 Y137.206 E2721.28738
G1 F8250 X175.78 Y136.1 E2721.33631
G1 X175.78 Y134.994 E2721.38523
G1 F9240 X175.84 Y134.333 E2721.41145
G1 F10500 X175.84 Y128.66 E2721.60862
G1 X128.16 Y128.66 E2723.26583
G1 X128.16 Y129.267 E2723.28693
G1 F9829.8 X128.19 Y129.784 E2723.30615
G1 F8717 X128.22 Y130.301 E2723.32784
G1 F8250 X128.22 Y131.289 E2723.37154
G1 F8235.3 X128.221 Y132.278 E2723.41537
G1 F8220.6 X128.221 Y133.267 E2723.45927
G1 F8206 X128.221 Y134.256 E2723.50326
G1 X128.222 Y135.245 E2723.54724
G1 F8191.5 X128.222 Y136.234 E2723.5913
G1 F8177 X128.223 Y137.223 E2723.63544
G1 X128.223 Y138.212 E2723.67958
G1 F8162.5 X128.223 Y139.201 E2723.7238
G1 F8148.1 X128.224 Y140.19 E2723.7681
G1 F8133.8 X128.224 Y141.179 E2723.81247
G1 F9166.7 X128.16 Y142 E2723.84526
G1 F9829.8 X128.19 Y142.5 E2723.86385
G1 F8717 X128.22 Y143 E2723.88483
G1 F8250 X128.22 Y146.78 E2724.05204
G1 X128.78 Y146.78 E2724.07681
G1 X128.78 Y143 E2724.24402
G1 F9240 X129.104 Y142.472 E2724.26849
G1 F10500 X129.268 Y142.382 E2724.27499
G1 F9203.2 X129.437 Y142.28 E2724.28282
G1 F8191.5 X131.288 Y142.28 E2724.36528
G1 X133.139 Y142.28 E2724.44775
G1 F8206 X134.99 Y142.28 E2724.53007
G1 X136.841 Y142.28 E2724.61239
G1 X138.692 Y142.28 E2724.69471
G1 F8220.6 X140.543 Y142.28 E2724.77688
G1 X142.394 Y142.28 E2724.85905
G1 X144.245 Y142.28 E2724.94123
G1 F8235.3 X146.096 Y142.28 E2725.02325
G1 X147.947 Y142.28 E2725.10528
G1 X149.798 Y142.28 E2725.18731
G1 F8250 X151.649 Y142.28 E2725.26919
G1 X153.5 Y142.28 E2725.35107
G1 F9240 X153.897 Y142.471 E2725.36847
G1 F10500 X154.11 Y142.746 E2725.38056
G1 X154.16 Y143 E2725.38956
G1 X154.16 Y161 E2726.01518
G1 X154.11 Y161.255 E2726.02421
G1 X153.896 Y161.529 E2726.0363
G1 X153.593 Y161.66 E2726.04777
G1 X129.442 Y161.658 E2726.88718
G1 X129.168 Y161.571 E2726.89717
G1 F9166.7 X128.786 Y161.125 E2726.92055
G1 F8148.1 X128.785 Y160.149 E2726.96427
G1 F8177 X128.783 Y159.173 E2727.00783
G1 F8206 X128.782 Y158.197 E2727.05123
G1 F8235.3 X128.78 Y157.221 E2727.09448
G1 F8250 X128.22 Y157.22 E2727.11926
G1 F8235.3 X128.221 Y158.209 E2727.16308
G1 F8206 X128.222 Y159.198 E2727.20707
G1 F8177 X128.223 Y160.187 E2727.25121
G1 F8148.1 X128.224 Y161.176 E2727.2955
G1 F9166.7 X128.161 Y162.15 E2727.33436
G1 F9829.8 X128.19 Y162.725 E2727.35574
G1 F8717 X128.22 Y163.3 E2727.37984
G1 F8250 X128.22 Y164.289 E2727.42359
G1 F8235.3 X128.221 Y165.278 E2727.46742
G1 F8220.6 X128.221 Y166.267 E2727.51133
G1 F8206 X128.221 Y167.256 E2727.55531
G1 X128.222 Y168.245 E2727.59929
G1 F8191.5 X128.222 Y169.234 E2727.64336
G1 F8177 X128.223 Y170.223 E2727.6875
G1 X128.223 Y171.212 E2727.73164
G1 F8162.5 X128.223 Y172.201 E2727.77585
G1 F8148.1 X128.224 Y173.19 E2727.82015
G1 F8133.8 X128.224 Y174.179 E2727.86452
G1 F9166.7 X128.161 Y174.828 E2727.89048
G1 F10500 X128.161 Y175.339 E2727.90824
G1 X128.672 Y175.339 E2727.92601
G1 F9240 X129.5 Y175.28 E2727.95879
G1 F8250 X130.476 Y175.28 E2728.00197
G1 X131.452 Y175.28 E2728.04514
G1 F8235.3 X132.428 Y175.28 E2728.08839
G1 X133.404 Y175.28 E2728.13164
G1 X134.38 Y175.279 E2728.17489
G1 X135.356 Y175.279 E2728.21815
G1 F8220.6 X136.332 Y175.279 E2728.26147
G1 X137.308 Y175.279 E2728.3048
G1 X138.284 Y175.279 E2728.34813
G1 X139.26 Y175.279 E2728.39146
G1 X140.236 Y175.279 E2728.43479
G1 F8206 X141.212 Y175.279 E2728.47819
G1 X142.188 Y175.278 E2728.5216
G1 X143.164 Y175.278 E2728.56501
G1 X144.14 Y175.278 E2728.60841
G1 F8191.5 X145.116 Y175.278 E2728.65189
G1 X146.092 Y175.278 E2728.69538
G1 X147.068 Y175.278 E2728.73886
G1 X148.044 Y175.278 E2728.78234
G1 F8177 X149.02 Y175.278 E2728.8259
G1 X149.996 Y175.278 E2728.86946
G1 X150.972 Y175.277 E2728.91302
G1 X151.948 Y175.277 E2728.95658
G1 F8162.5 X152.924 Y175.277 E2729.00022
G1 X153.9 Y175.277 E2729.04385
G1 X154.876 Y175.277 E2729.08749
G1 X155.852 Y175.277 E2729.13113
G1 X156.828 Y175.277 E2729.17477
G1 F8148.1 X157.804 Y175.277 E2729.21848
G1 X158.78 Y175.276 E2729.26219
G1 X159.756 Y175.276 E2729.30591
G1 X160.732 Y175.276 E2729.34962
G1 F8133.8 X161.708 Y175.276 E2729.39341
G1 X162.684 Y175.276 E2729.4372
G1 F9166.7 X163.166 Y175.341 E2729.45657
G1 F10500 X175.84 Y175.34 E2729.89708
G1 X175.84 Y168.666 E2730.12904
G1 F9166.7 X175.777 Y168.174 E2730.14879
G0 F15000 X175.4 Y168.646
G1 F10500 X174.924 Y169.016 E2730.16974
G1 X174.5 Y169.1 E2730.18477
G1 X163.8 Y169.1 E2730.55667
G1 X163.6 Y169.034 E2730.56399
G1 X163.6 Y174 E2730.73659
G1 X163.516 Y174.424 E2730.75161
G1 X163.143 Y174.901 E2730.77266
G1 X175.4 Y174.9 E2731.19867
G1 X175.4 Y168.646 E2731.41604
G1 F2400 E2730.91604
G1 F600 Z5.1
G0 F15000 X163.154 Y168.113 Z5.1
G1 F600 Z4.7
G1 F2400 E2731.41604
G1 F10719.3 X163.153 Y167.511 E2731.43654
G1 F10744.2 X163.153 Y166.909 E2731.45699
G1 F10794.4 X163.152 Y166.307 E2731.47734
G1 F10819.7 X163.152 Y165.705 E2731.49764
G1 F10870.6 X163.151 Y165.103 E2731.51785
G1 F10896.2 X163.151 Y164.501 E2731.53802
G1 F10947.9 X163.15 Y163.899 E2731.55808
G1 F10973.9 X163.15 Y163.297 E2731.5781
G1 F2400 E2731.0781
G1 F600 Z5.1
G0 F15000 X162.7 Y162.266 Z5.1
G1 F600 Z4.7
G1 F2400 E2731.5781
G1 F10500 X162.7 Y142.034 E2732.28131
G1 X162.5 Y142.1 E2732.28863
G1 X154.146 Y142.1 E2732.57898
G1 X154.516 Y142.576 E2732.59994
G1 X154.6 Y143 E2732.61496
G1 X154.6 Y161 E2733.24058
G1 X154.516 Y161.424 E2733.25561
G1 X154.16 Y161.881 E2733.27574
G1 F9258.5 X153.7 Y162.142 E2733.29659
G1 X154.266 Y162.2 E2733.31902
G1 F10500 X162.5 Y162.2 E2733.60521
G1 X162.7 Y162.266 E2733.61253
G1 F2400 E2733.11253
G1 F600 Z5.1
G0 F15000 X153.7 Y162.142 Z5.1
G1 F600 Z4.7
G1 F2400 E2733.61253
G1 F8415.3 X153.5 Y162.15 E2733.62121
G1 F8555.6 X152.536 Y162.15 E2733.66233
G1 X151.572 Y162.15 E2733.70345
G1 F8539.7 X150.608 Y162.15 E2733.74464
G1 X149.644 Y162.15 E2733.78584
G1 X148.68 Y162.15 E2733.82704
G1 F8524 X147.716 Y162.15 E2733.86831
G1 X146.752 Y162.15 E2733.90958
G1 X145.788 Y162.15 E2733.95085
G1 F8508.3 X144.824 Y162.15 E2733.9922
G1 X143.86 Y162.15 E2734.03355
G1 X142.896 Y162.15 E2734.0749
G1 F8492.6 X141.932 Y162.15 E2734.11633
G1 X140.968 Y162.15 E2734.15775
G1 X140.004 Y162.15 E2734.19918
G1 F8477.1 X139.04 Y162.15 E2734.24068
G1 X138.076 Y162.15 E2734.28218
G1 X137.112 Y162.15 E2734.32368
G1 F8461.5 X136.148 Y162.15 E2734.36526
G1 X135.184 Y162.15 E2734.40684
G1 X134.22 Y162.15 E2734.44841
G1 F8446.1 X133.256 Y162.15 E2734.49007
G1 X132.292 Y162.15 E2734.53172
G1 X131.328 Y162.15 E2734.57337
G1 F8430.7 X130.364 Y162.15 E2734.6151
G1 X129.4 Y162.15 E2734.65683
G1 F8850.6 X129.185 Y162.082 E2734.66613
G1 F9788.1 X128.944 Y161.956 E2734.67627
G1 F10266.7 X128.605 Y161.469 E2734.69736
G1 X128.606 Y162.934 E2734.74944
G1 X128.944 Y162.344 E2734.77361
G1 F9788.1 X129.185 Y162.218 E2734.78375
G1 F8850.6 X129.4 Y162.15 E2734.79305
G1 F2400 E2734.29305
G1 F600 Z5.1
G0 F15000 X128.744 Y174.828 Z5.1
G1 F600 Z4.7
G1 F2400 E2734.79305
G1 F7938.1 X128.708 Y174.766 E2734.79634
G1 X128.636 Y174.766 E2734.79965
G1 X128.6 Y174.828 E2734.80295
G1 X128.636 Y174.89 E2734.80625
G1 X128.708 Y174.89 E2734.80956
G1 X128.744 Y174.828 E2734.81285
G1 F2400 E2734.31285
G1 F600 Z5.1
G0 F15000 X128.565 Y142.74 Z5.1
G1 F600 Z4.7
G1 F2400 E2734.81285
G1 F12486.5 X128.861 Y142.148 E2734.8322
G1 X129.125 Y142 E2734.84104
G1 X128.861 Y141.852 E2734.84989
G1 X128.565 Y141.369 E2734.86645
G1 X128.565 Y142.74 E2734.90652
G1 F2400 E2734.40652
G1 F600 Z5.1
G0 F15000 X128.573 Y130.017 Z5.1
G1 F600 Z4.7
G1 F2400 E2734.90652
G1 F11938 X128.879 Y129.425 E2734.92689
G1 F9788.1 X129.3 Y129.158 E2734.94548
G1 X128.767 Y129.073 E2734.9656
G1 F11938 X128.573 Y129.073 E2734.97153
G1 X128.573 Y130.017 E2735.00039
G1 F2400 E2734.50039
G1 F600 Z5.1
G0 F15000 X129.3 Y129.158 Z5.1
G1 F600 Z4.7
G1 F2400 E2735.00039
G1 F8415.3 X129.5 Y129.15 E2735.00907
G1 F8555.6 X162.5 Y129.15 E2736.41672
G1 F9428.6 X163.16 Y129.42 E2736.44432
G1 F10500 X163.516 Y129.877 E2736.46446
G1 X163.6 Y130.3 E2736.47945
G1 X163.6 Y133.966 E2736.60686
G1 X163.8 Y133.9 E2736.61418
G1 X174.5 Y133.9 E2736.98608
G1 X174.924 Y133.983 E2737.0011
G1 X175.4 Y134.354 E2737.02207
G1 X175.4 Y129.1 E2737.20469
G1 X163.267 Y129.099 E2737.62639
G1 F9428.6 X162.5 Y129.15 E2737.65615
G1 F2400 E2737.15615
G1 F600 Z5.1
G0 F15000 X163.15 Y135 Z5.1
G1 F600 Z4.7
G1 F2400 E2737.65615
G1 F10973.9 X163.149 Y135.873 E2737.68518
G1 F10947.9 X163.149 Y136.746 E2737.71428
G1 F10922 X163.148 Y137.619 E2737.74345
G1 F10896.2 X163.148 Y138.492 E2737.77269
G1 F10870.6 X163.147 Y139.365 E2737.802
G1 F10845.1 X163.147 Y140.238 E2737.83137
G1 F10819.7 X163.146 Y141.111 E2737.86082
G1 F2400 E2737.36082
G1 F600 Z5.1
G0 F15000 X162.37 Y142.43 Z5.1
;TYPE:FILL
G1 F600 Z4.7
G1 F2400 E2737.86082
G1 F15000 X161.57 Y142.43 E2737.88863
G1 X154.931 Y149.069 E2738.21496
G1 X154.93 Y150.782 E2738.2745
G1 X162.37 Y158.221 E2738.64017
G1 X158.721 Y161.87 E2738.81954
G1 X161.869 Y161.869 E2738.92895
G1 X154.93 Y154.93 E2739.27003
G1 X154.931 Y153.217 E2739.32957
G1 X162.37 Y145.779 E2739.69519
G1 X159.022 Y142.43 E2739.85979
G1 X154.874 Y142.43 E2740.00396
G1 X162.37 Y149.925 E2740.37239
G1 X154.931 Y157.364 E2740.73804
G1 X154.93 Y159.078 E2740.79761
G1 X157.722 Y161.87 E2740.93485
G1 X154.576 Y161.871 E2741.0442
G1 X162.37 Y154.074 E2741.42737
G1 X154.93 Y146.634 E2741.79308
G1 X154.931 Y144.921 E2741.85261
G1 X157.422 Y142.43 E2741.97506
G1 X157.499 Y142.353
G1 F2400 E2741.47506
G1 F600 Z5.1
G0 F15000 X163.93 Y130.747 Z5.1
G1 F600 Z4.7
G1 F2400 E2741.97506
G1 F15000 X166.363 Y133.18 E2742.09465
G1 X166.363 Y133.57 E2742.1082
G1 X166.673 Y133.57 E2742.11898
G1 X166.673 Y133.179 E2742.13257
G1 X170.422 Y129.43 E2742.31684
G1 X170.909 Y129.43 E2742.33377
G1 X175.07 Y133.591 E2742.5383
G1 X175.07 Y133.68 E2742.54139
G1 X174.566 Y133.581 E2742.55924
G1 X175.07 Y133.077 E2742.58402
G1 X175.07 Y129.443 E2742.71032
G1 X174.57 Y129.43 E2742.72771
G1 X170.82 Y133.18 E2742.91203
G1 X170.82 Y133.57 E2742.92559
G1 X170.51 Y133.57 E2742.93636
G1 X170.51 Y133.179 E2742.94995
G1 X166.761 Y129.43 E2743.13423
G1 X166.275 Y129.429 E2743.15112
G1 X163.93 Y131.774 E2743.26639
G1 X163.93 Y130.289 E2743.318
G1 X163.822 Y129.746 E2743.33724
G1 X163.575 Y129.429 E2743.35121
G1 X163.508 Y129.343
G1 F2400 E2742.85121
G1 F600 Z5.1
G0 F15000 X175.07 Y169.319 Z5.1
G1 F600 Z4.7
G1 F2400 E2743.35121
G1 F15000 X174.511 Y169.43 E2743.37102
G1 X173.578 Y169.43 E2743.40345
G1 X174.657 Y170.51 E2743.45651
G1 X175.07 Y170.51 E2743.47086
G1 X175.07 Y170.82 E2743.48164
G1 X174.658 Y170.82 E2743.49596
G1 X170.908 Y174.57 E2743.68028
G1 X170.422 Y174.57 E2743.69718
G1 X165.282 Y169.43 E2743.94983
G1 X167.753 Y169.43 E2744.03571
G1 X164.598 Y172.584 E2744.19076
G1 X163.93 Y172.584 E2744.21398
G1 X163.93 Y172.894 E2744.22476
G1 X164.598 Y172.894 E2744.24797
G1 X166.274 Y174.57 E2744.33036
G1 X166.761 Y174.57 E2744.34728
G1 X171.9 Y169.43 E2744.59991
G1 X169.43 Y169.43 E2744.68576
G1 X174.57 Y174.57 E2744.93841
G1 X175.07 Y174.556 E2744.95579
G1 X175.056 Y174.57 E2744.95648
G1 X174.979 Y174.647
G1 F2400 E2744.45648
G1 F600 Z5.1
;MESH:NONMESH
G0 F15000 X162.718 Y141.039 Z5.1
;TIME_ELAPSED:1051.444862
;LAYER:23
;MESH:case_VL53L8+RP2040-down.stl
G0 X162.718 Y141.039 Z5.3
;TYPE:WALL-OUTER
G1 F600 Z4.9
G1 F2400 E2744.95648
G1 F9000 X162.633 Y141.177 E2744.96211
G1 X162.5 Y141.22 E2744.96697
G1 X129.48 Y141.22 E2746.11464
G1 X129.368 Y141.176 E2746.11882
G1 X129.283 Y141.038 E2746.12446
G1 X129.28 Y130.3 E2746.49768
G1 X129.372 Y130.12 E2746.5047
G1 X129.462 Y130.083 E2746.50808
G1 X162.5 Y130.08 E2747.65638
G1 X162.632 Y130.124 E2747.66122
G1 X162.72 Y130.235 E2747.66614
G1 X162.718 Y141.039 E2748.04165
G1 F2400 E2747.54165
G1 F600 Z5.3
G0 F15000 X153.72 Y161.065 Z5.3
G1 F600 Z4.9
G1 F2400 E2748.04165
G1 F9000 X153.632 Y161.177 E2748.0466
G1 X153.538 Y161.217 E2748.05015
G1 X129.48 Y161.22 E2748.88633
G1 X129.389 Y161.191 E2748.88965
G1 X129.283 Y161.038 E2748.89612
G1 X129.28 Y156.72 E2749.0462
G1 X127.72 Y156.72 E2749.10042
G1 X127.721 Y175.779 E2749.76286
G1 X176.28 Y175.78 E2751.45061
G1 X176.28 Y128.22 E2753.10365
G1 X127.72 Y128.22 E2754.79144
G1 X127.72 Y147.28 E2755.45391
G1 X129.28 Y147.28 E2755.50813
G1 X129.28 Y143 E2755.65689
G1 X129.368 Y142.824 E2755.66372
G1 X129.48 Y142.78 E2755.66791
G1 X153.5 Y142.78 E2756.50277
G1 X153.633 Y142.823 E2756.50762
G1 X153.72 Y142.936 E2756.51258
G1 X153.72 Y161.065 E2757.14269
G1 F2400 E2756.64269
G1 F600 Z5.3
G0 F15000 X162.72 Y174.065 Z5.3
G1 F600 Z4.9
G1 F2400 E2757.14269
G1 F9000 X162.632 Y174.177 E2757.14764
G1 X162.538 Y174.217 E2757.15119
G1 X129.5 Y174.22 E2758.29949
G1 X129.344 Y174.156 E2758.30535
G1 X129.283 Y174.038 E2758.30996
G1 X129.28 Y163.3 E2758.68318
G1 X129.389 Y163.109 E2758.69083
G1 X129.48 Y163.08 E2758.69415
G1 X162.5 Y163.08 E2759.84182
G1 X162.633 Y163.123 E2759.84667
G1 X162.72 Y163.3 E2759.85353
G1 X162.72 Y174.065 E2760.22769
G1 F2400 E2759.72769
G1 F600 Z5.3
G0 F15000 X174.717 Y168.039 Z5.3
G1 F600 Z4.9
G1 F2400 E2760.22769
G1 F9000 X174.677 Y168.132 E2760.23121
G1 X174.565 Y168.22 E2760.23616
G1 X163.8 Y168.22 E2760.61031
G1 X163.667 Y168.176 E2760.61518
G1 X163.583 Y168.038 E2760.6208
G1 X163.58 Y135 E2761.76909
G1 X163.667 Y134.824 E2761.77592
G1 X163.8 Y134.78 E2761.78079
G1 X174.564 Y134.78 E2762.15491
G1 X174.677 Y134.867 E2762.15987
G1 X174.72 Y135 E2762.16472
G1 X174.717 Y168.039 E2763.31306
G0 F15000 X175.03 Y168.396
;TYPE:WALL-INNER
G1 F10500 X174.755 Y168.61 E2763.32517
G1 X174.5 Y168.66 E2763.3342
G1 X163.8 Y168.66 E2763.7061
G1 X163.403 Y168.528 E2763.72064
G1 F10596.3 X163.154 Y168.113 E2763.73731
G1 X163.16 Y168.65 E2763.7558
G1 F10500 X163.16 Y174 E2763.94175
G1 X163.11 Y174.255 E2763.95078
G1 X162.896 Y174.529 E2763.96287
G1 F9166.7 X162.625 Y174.714 E2763.97593
G1 F8133.8 X161.651 Y174.714 E2764.01963
G1 X160.677 Y174.714 E2764.06333
G1 F8148.1 X159.703 Y174.715 E2764.10696
G1 X158.729 Y174.715 E2764.15058
G1 X157.755 Y174.715 E2764.19421
G1 X156.781 Y174.715 E2764.23783
G1 F8162.5 X155.807 Y174.715 E2764.28138
G1 X154.833 Y174.715 E2764.32493
G1 X153.859 Y174.716 E2764.36847
G1 X152.885 Y174.716 E2764.41202
G1 X151.911 Y174.716 E2764.45557
G1 F8177 X150.937 Y174.716 E2764.49904
G1 X149.963 Y174.716 E2764.54251
G1 X148.989 Y174.716 E2764.58598
G1 X148.015 Y174.717 E2764.62945
G1 F8191.5 X147.041 Y174.717 E2764.67284
G1 X146.067 Y174.717 E2764.71624
G1 X145.093 Y174.717 E2764.75963
G1 X144.119 Y174.717 E2764.80303
G1 F8206 X143.145 Y174.718 E2764.84634
G1 X142.171 Y174.718 E2764.88966
G1 X141.197 Y174.718 E2764.93298
G1 X140.223 Y174.718 E2764.97629
G1 F8220.6 X139.249 Y174.718 E2765.01953
G1 X138.275 Y174.718 E2765.06277
G1 X137.301 Y174.719 E2765.10601
G1 X136.327 Y174.719 E2765.14925
G1 X135.353 Y174.719 E2765.19249
G1 F8235.3 X134.379 Y174.719 E2765.23565
G1 X133.405 Y174.719 E2765.27882
G1 X132.431 Y174.719 E2765.32198
G1 X131.457 Y174.72 E2765.36514
G1 F8250 X130.483 Y174.72 E2765.40823
G1 X129.509 Y174.72 E2765.45131
G1 F9240 X129.033 Y174.467 E2765.4726
G1 F9166.7 X128.786 Y174.125 E2765.4894
G1 F8133.8 X128.785 Y173.141 E2765.53355
G1 F8148.1 X128.785 Y172.157 E2765.57762
G1 F8162.5 X128.784 Y171.173 E2765.62162
G1 F8177 X128.784 Y170.189 E2765.66553
G1 X128.783 Y169.205 E2765.70945
G1 F8191.5 X128.783 Y168.221 E2765.75329
G1 F8206 X128.782 Y167.237 E2765.79705
G1 X128.782 Y166.253 E2765.84081
G1 F8220.6 X128.781 Y165.269 E2765.8845
G1 F8235.3 X128.781 Y164.285 E2765.9281
G1 F8250 X128.78 Y163.301 E2765.97163
G1 F9240 X129.168 Y162.729 E2765.99893
G1 F10500 X129.442 Y162.642 E2766.00892
G1 X162.5 Y162.64 E2767.15791
G1 X162.897 Y162.771 E2767.17244
G1 F10744.2 X163.15 Y163.3 E2767.19236
G1 X163.14 Y162.65 E2767.21444
G1 F10500 X163.14 Y141.65 E2767.94434
G1 F10645.2 X163.146 Y141.113 E2767.96275
G1 X162.897 Y141.529 E2767.97937
G1 F10500 X162.5 Y141.66 E2767.9939
G1 X154.167 Y141.66 E2768.28353
G1 F9240 X153.5 Y141.72 E2768.30998
G1 F8250 X151.649 Y141.72 E2768.39186
G1 X149.798 Y141.72 E2768.47374
G1 F8235.3 X147.947 Y141.72 E2768.55577
G1 X146.096 Y141.72 E2768.63779
G1 X144.245 Y141.72 E2768.71982
G1 F8220.6 X142.394 Y141.72 E2768.80199
G1 X140.543 Y141.72 E2768.88417
G1 X138.692 Y141.72 E2768.96634
G1 F8206 X136.841 Y141.72 E2769.04866
G1 X134.99 Y141.72 E2769.13098
G1 X133.139 Y141.72 E2769.2133
G1 F8191.5 X131.288 Y141.72 E2769.29576
G1 X129.437 Y141.72 E2769.37823
G1 F9203.2 X129.268 Y141.618 E2769.38606
G1 F10500 X129.104 Y141.528 E2769.39256
G1 F9166.7 X128.786 Y141.125 E2769.413
G1 F8133.8 X128.785 Y140.141 E2769.45715
G1 F8148.1 X128.785 Y139.157 E2769.50122
G1 F8162.5 X128.784 Y138.173 E2769.54521
G1 F8177 X128.784 Y137.189 E2769.58913
G1 X128.783 Y136.205 E2769.63305
G1 F8191.5 X128.783 Y135.221 E2769.67689
G1 F8206 X128.782 Y134.237 E2769.72065
G1 X128.782 Y133.253 E2769.76441
G1 F8220.6 X128.781 Y132.269 E2769.80809
G1 F8235.3 X128.781 Y131.285 E2769.8517
G1 F8250 X128.78 Y130.301 E2769.89523
G1 F9240 X129.118 Y129.761 E2769.92039
G1 F10500 X129.408 Y129.64 E2769.93131
G1 X162.5 Y129.64 E2771.08148
G1 X162.896 Y129.772 E2771.09599
G1 X163.11 Y130.046 E2771.10808
G1 X163.16 Y130.3 E2771.11707
G1 X163.16 Y134.35 E2771.25784
G1 F10744.2 X163.15 Y135 E2771.27992
G1 X163.403 Y134.472 E2771.29981
G1 F10500 X163.8 Y134.34 E2771.31435
G1 X174.5 Y134.34 E2771.68625
G1 X174.755 Y134.39 E2771.69528
G1 X175.029 Y134.603 E2771.70734
G1 F9240 X175.22 Y135 E2771.72474
G1 F8250 X175.22 Y137.547 E2771.83741
G1 X175.22 Y140.094 E2771.95008
G1 F8235.3 X175.22 Y142.641 E2772.06295
G1 X175.22 Y145.188 E2772.17582
G1 X175.22 Y147.735 E2772.28869
G1 X175.22 Y150.282 E2772.40156
G1 F8220.6 X175.22 Y152.829 E2772.51463
G1 X175.22 Y155.376 E2772.6277
G1 X175.22 Y157.923 E2772.74077
G1 X175.22 Y160.47 E2772.85385
G1 X175.22 Y163.017 E2772.96692
G1 F8206 X175.22 Y165.564 E2773.08019
G1 X175.22 Y168.111 E2773.19346
G1 F9203.2 X175.03 Y168.396 E2773.20705
G0 F15000 X175.777 Y168.174
G1 F8148.1 X175.777 Y167.068 E2773.25658
G1 X175.777 Y165.962 E2773.30612
G1 F8162.5 X175.777 Y164.856 E2773.35557
G1 X175.777 Y163.75 E2773.40502
G1 X175.778 Y162.644 E2773.45447
G1 X175.778 Y161.538 E2773.50392
G1 F8177 X175.778 Y160.432 E2773.55328
G1 X175.778 Y159.326 E2773.60264
G1 X175.778 Y158.22 E2773.652
G1 X175.778 Y157.114 E2773.70136
G1 X175.778 Y156.008 E2773.75072
G1 F8191.5 X175.778 Y154.902 E2773.8
G1 X175.778 Y153.796 E2773.84927
G1 X175.778 Y152.69 E2773.89855
G1 X175.779 Y151.584 E2773.94782
G1 F8206 X175.779 Y150.478 E2773.99701
G1 X175.779 Y149.372 E2774.0462
G1 X175.779 Y148.266 E2774.09538
G1 X175.779 Y147.16 E2774.14457
G1 F8220.6 X175.779 Y146.054 E2774.19367
G1 X175.779 Y144.948 E2774.24277
G1 X175.779 Y143.842 E2774.29187
G1 X175.779 Y142.736 E2774.34097
G1 X175.779 Y141.63 E2774.39007
G1 F8235.3 X175.78 Y140.524 E2774.43908
G1 X175.78 Y139.418 E2774.48809
G1 X175.78 Y138.312 E2774.53711
G1 X175.78 Y137.206 E2774.58612
G1 F8250 X175.78 Y136.1 E2774.63504
G1 X175.78 Y134.994 E2774.68397
G1 F9240 X175.84 Y134.333 E2774.71018
G1 F10500 X175.84 Y128.66 E2774.90736
G1 X128.16 Y128.66 E2776.56456
G1 X128.16 Y129.267 E2776.58566
G1 F9829.8 X128.19 Y129.784 E2776.60489
G1 F8717 X128.22 Y130.301 E2776.62657
G1 F8250 X128.22 Y131.289 E2776.67028
G1 F8235.3 X128.221 Y132.278 E2776.7141
G1 F8220.6 X128.221 Y133.267 E2776.75801
G1 F8206 X128.221 Y134.256 E2776.80199
G1 X128.222 Y135.245 E2776.84598
G1 F8191.5 X128.222 Y136.234 E2776.89004
G1 F8177 X128.223 Y137.223 E2776.93418
G1 X128.223 Y138.212 E2776.97832
G1 F8162.5 X128.223 Y139.201 E2777.02254
G1 F8148.1 X128.224 Y140.19 E2777.06683
G1 F8133.8 X128.224 Y141.179 E2777.11121
G1 F9166.7 X128.16 Y142 E2777.14399
G1 F9829.8 X128.19 Y142.5 E2777.16259
G1 F8717 X128.22 Y143 E2777.18356
G1 F8250 X128.22 Y146.78 E2777.35077
G1 X128.78 Y146.78 E2777.37554
G1 X128.78 Y143 E2777.54276
G1 F9240 X129.104 Y142.472 E2777.56722
G1 F10500 X129.268 Y142.382 E2777.57373
G1 F9203.2 X129.437 Y142.28 E2777.58155
G1 F8191.5 X131.288 Y142.28 E2777.66402
G1 X133.139 Y142.28 E2777.74648
G1 F8206 X134.99 Y142.28 E2777.8288
G1 X136.841 Y142.28 E2777.91112
G1 X138.692 Y142.28 E2777.99344
G1 F8220.6 X140.543 Y142.28 E2778.07562
G1 X142.394 Y142.28 E2778.15779
G1 X144.245 Y142.28 E2778.23996
G1 F8235.3 X146.096 Y142.28 E2778.32199
G1 X147.947 Y142.28 E2778.40402
G1 X149.798 Y142.28 E2778.48604
G1 F8250 X151.649 Y142.28 E2778.56792
G1 X153.5 Y142.28 E2778.6498
G1 F9240 X153.897 Y142.471 E2778.66721
G1 F10500 X154.11 Y142.746 E2778.67929
G1 X154.16 Y143 E2778.68829
G1 X154.16 Y161 E2779.31392
G1 X154.11 Y161.255 E2779.32295
G1 X153.896 Y161.529 E2779.33503
G1 X153.593 Y161.66 E2779.3465
G1 X129.442 Y161.658 E2780.18592
G1 X129.168 Y161.571 E2780.19591
G1 F9166.7 X128.786 Y161.125 E2780.21929
G1 F8148.1 X128.785 Y160.149 E2780.263
G1 F8177 X128.783 Y159.173 E2780.30656
G1 F8206 X128.782 Y158.197 E2780.34997
G1 F8235.3 X128.78 Y157.221 E2780.39322
G1 F8250 X128.22 Y157.22 E2780.41799
G1 F8235.3 X128.221 Y158.209 E2780.46182
G1 F8206 X128.222 Y159.198 E2780.5058
G1 F8177 X128.223 Y160.187 E2780.54994
G1 F8148.1 X128.224 Y161.176 E2780.59424
G1 F9166.7 X128.161 Y162.15 E2780.6331
G1 F9829.8 X128.19 Y162.725 E2780.65447
G1 F8717 X128.22 Y163.3 E2780.67858
G1 F8250 X128.22 Y164.289 E2780.72233
G1 F8235.3 X128.221 Y165.278 E2780.76615
G1 F8220.6 X128.221 Y166.267 E2780.81006
G1 F8206 X128.221 Y167.256 E2780.85404
G1 X128.222 Y168.245 E2780.89803
G1 F8191.5 X128.222 Y169.234 E2780.94209
G1 F8177 X128.223 Y170.223 E2780.98623
G1 X128.223 Y171.212 E2781.03037
G1 F8162.5 X128.223 Y172.201 E2781.07459
G1 F8148.1 X128.224 Y173.19 E2781.11888
G1 F8133.8 X128.224 Y174.179 E2781.16326
G1 F9166.7 X128.161 Y174.828 E2781.18922
G1 F10500 X128.161 Y175.339 E2781.20698
G1 X128.672 Y175.339 E2781.22474
G1 F9240 X129.5 Y175.28 E2781.25753
G1 F8250 X130.476 Y175.28 E2781.3007
G1 X131.452 Y175.28 E2781.34387
G1 F8235.3 X132.428 Y175.28 E2781.38713
G1 X133.404 Y175.28 E2781.43038
G1 X134.38 Y175.279 E2781.47363
G1 X135.356 Y175.279 E2781.51688
G1 F8220.6 X136.332 Y175.279 E2781.56021
G1 X137.308 Y175.279 E2781.60354
G1 X138.284 Y175.279 E2781.64687
G1 X139.26 Y175.279 E2781.69019
G1 X140.236 Y175.279 E2781.73352
G1 F8206 X141.212 Y175.279 E2781.77693
G1 X142.188 Y175.278 E2781.82033
G1 X143.164 Y175.278 E2781.86374
G1 X144.14 Y175.278 E2781.90715
G1 F8191.5 X145.116 Y175.278 E2781.95063
G1 X146.092 Y175.278 E2781.99411
G1 X147.068 Y175.278 E2782.03759
G1 X148.044 Y175.278 E2782.08108
G1 F8177 X149.02 Y175.278 E2782.12464
G1 X149.996 Y175.278 E2782.1682
G1 X150.972 Y175.277 E2782.21176
G1 X151.948 Y175.277 E2782.25532
G1 F8162.5 X152.924 Y175.277 E2782.29895
G1 X153.9 Y175.277 E2782.34259
G1 X154.876 Y175.277 E2782.38623
G1 X155.852 Y175.277 E2782.42986
G1 X156.828 Y175.277 E2782.4735
G1 F8148.1 X157.804 Y175.277 E2782.51721
G1 X158.78 Y175.276 E2782.56093
G1 X159.756 Y175.276 E2782.60464
G1 X160.732 Y175.276 E2782.64836
G1 F8133.8 X161.708 Y175.276 E2782.69215
G1 X162.684 Y175.276 E2782.73594
G1 F9166.7 X163.166 Y175.341 E2782.7553
G1 F10500 X175.84 Y175.34 E2783.19581
G1 X175.84 Y168.666 E2783.42778
G1 F9166.7 X175.777 Y168.174 E2783.44752
G0 F15000 X175.4 Y168.646
G1 F10500 X174.924 Y169.016 E2783.46848
G1 X174.5 Y169.1 E2783.4835
G1 X163.8 Y169.1 E2783.8554
G1 X163.6 Y169.034 E2783.86272
G1 X163.6 Y174 E2784.03532
G1 X163.516 Y174.424 E2784.05035
G1 X163.143 Y174.901 E2784.07139
G1 X175.4 Y174.9 E2784.49741
G1 X175.4 Y168.646 E2784.71478
G1 F2400 E2784.21478
G1 F600 Z5.3
G0 F15000 X163.154 Y168.113 Z5.3
G1 F600 Z4.9
G1 F2400 E2784.71478
G1 F10719.3 X163.153 Y167.511 E2784.73527
G1 F10744.2 X163.153 Y166.909 E2784.75572
G1 F10794.4 X163.152 Y166.307 E2784.77607
G1 F10819.7 X163.152 Y165.705 E2784.79638
G1 F10870.6 X163.151 Y165.103 E2784.81659
G1 F10896.2 X163.151 Y164.501 E2784.83675
G1 F10947.9 X163.15 Y163.899 E2784.85682
G1 F10973.9 X163.15 Y163.297 E2784.87684
G1 F2400 E2784.37684
G1 F600 Z5.3
G0 F15000 X162.7 Y162.266 Z5.3
G1 F600 Z4.9
G1 F2400 E2784.87684
G1 F10500 X162.7 Y142.034 E2785.58004
G1 X162.5 Y142.1 E2785.58736
G1 X154.146 Y142.1 E2785.87772
G1 X154.516 Y142.576 E2785.89867
G1 X154.6 Y143 E2785.9137
G1 X154.6 Y161 E2786.53932
G1 X154.516 Y161.424 E2786.55434
G1 X154.16 Y161.881 E2786.57448
G1 F9258.5 X153.7 Y162.142 E2786.59532
G1 X154.266 Y162.2 E2786.61775
G1 F10500 X162.5 Y162.2 E2786.90394
G1 X162.7 Y162.266 E2786.91126
G1 F2400 E2786.41126
G1 F600 Z5.3
G0 F15000 X153.7 Y162.142 Z5.3
G1 F600 Z4.9
G1 F2400 E2786.91126
G1 F8415.3 X153.5 Y162.15 E2786.91994
G1 F8555.6 X152.536 Y162.15 E2786.96106
G1 X151.572 Y162.15 E2787.00218
G1 F8539.7 X150.608 Y162.15 E2787.04338
G1 X149.644 Y162.15 E2787.08457
G1 X148.68 Y162.15 E2787.12577
G1 F8524 X147.716 Y162.15 E2787.16704
G1 X146.752 Y162.15 E2787.20832
G1 X145.788 Y162.15 E2787.24959
G1 F8508.3 X144.824 Y162.15 E2787.29094
G1 X143.86 Y162.15 E2787.33229
G1 X142.896 Y162.15 E2787.37364
G1 F8492.6 X141.932 Y162.15 E2787.41506
G1 X140.968 Y162.15 E2787.45649
G1 X140.004 Y162.15 E2787.49791
G1 F8477.1 X139.04 Y162.15 E2787.53941
G1 X138.076 Y162.15 E2787.58091
G1 X137.112 Y162.15 E2787.62242
G1 F8461.5 X136.148 Y162.15 E2787.66399
G1 X135.184 Y162.15 E2787.70557
G1 X134.22 Y162.15 E2787.74715
G1 F8446.1 X133.256 Y162.15 E2787.7888
G1 X132.292 Y162.15 E2787.83045
G1 X131.328 Y162.15 E2787.87211
G1 F8430.7 X130.364 Y162.15 E2787.91384
G1 X129.4 Y162.15 E2787.95557
G1 F8850.6 X129.185 Y162.082 E2787.96487
G1 F9788.1 X128.944 Y161.956 E2787.97501
G1 F10266.7 X128.605 Y161.469 E2787.9961
G1 X128.606 Y162.934 E2788.04817
G1 X128.944 Y162.344 E2788.07234
G1 F9788.1 X129.185 Y162.218 E2788.08248
G1 F8850.6 X129.4 Y162.15 E2788.09178
G1 F2400 E2787.59178
G1 F600 Z5.3
G0 F15000 X128.744 Y174.828 Z5.3
G1 F600 Z4.9
G1 F2400 E2788.09178
G1 F7938.1 X128.708 Y174.766 E2788.09508
G1 X128.636 Y174.766 E2788.09839
G1 X128.6 Y174.828 E2788.10168
G1 X128.636 Y174.89 E2788.10498
G1 X128.708 Y174.89 E2788.10829
G1 X128.744 Y174.828 E2788.11159
G1 F2400 E2787.61159
G1 F600 Z5.3
G0 F15000 X128.565 Y142.74 Z5.3
G1 F600 Z4.9
G1 F2400 E2788.11159
G1 F12486.5 X128.861 Y142.148 E2788.13093
G1 X129.125 Y142 E2788.13978
G1 X128.861 Y141.852 E2788.14862
G1 X128.565 Y141.369 E2788.16518
G1 X128.565 Y142.74 E2788.20525
G1 F2400 E2787.70525
G1 F600 Z5.3
G0 F15000 X128.573 Y130.017 Z5.3
G1 F600 Z4.9
G1 F2400 E2788.20525
G1 F11938 X128.879 Y129.425 E2788.22562
G1 F9788.1 X129.3 Y129.158 E2788.24421
G1 X128.767 Y129.073 E2788.26433
G1 F11938 X128.573 Y129.073 E2788.27026
G1 X128.573 Y130.017 E2788.29912
G1 F2400 E2787.79912
G1 F600 Z5.3
G0 F15000 X129.3 Y129.158 Z5.3
G1 F600 Z4.9
G1 F2400 E2788.29912
G1 F8415.3 X129.5 Y129.15 E2788.3078
G1 F8555.6 X162.5 Y129.15 E2789.71545
G1 F9428.6 X163.16 Y129.42 E2789.74306
G1 F10500 X163.516 Y129.877 E2789.76319
G1 X163.6 Y130.3 E2789.77818
G1 X163.6 Y133.966 E2789.9056
G1 X163.8 Y133.9 E2789.91292
G1 X174.5 Y133.9 E2790.28482
G1 X174.924 Y133.983 E2790.29983
G1 X175.4 Y134.354 E2790.32081
G1 X175.4 Y129.1 E2790.50342
G1 X163.267 Y129.099 E2790.92513
G1 F9428.6 X162.5 Y129.15 E2790.95488
G1 F2400 E2790.45488
G1 F600 Z5.3
G0 F15000 X163.15 Y135 Z5.3
G1 F600 Z4.9
G1 F2400 E2790.95488
G1 F10973.9 X163.149 Y135.873 E2790.98391
G1 F10947.9 X163.149 Y136.746 E2791.01301
G1 F10922 X163.148 Y137.619 E2791.04218
G1 F10896.2 X163.148 Y138.492 E2791.07142
G1 F10870.6 X163.147 Y139.365 E2791.10073
G1 F10845.1 X163.147 Y140.238 E2791.13011
G1 F10819.7 X163.146 Y141.111 E2791.15956
G1 F2400 E2790.65956
G1 F600 Z5.3
G0 F15000 X162.37 Y142.43 Z5.3
;TYPE:FILL
G1 F600 Z4.9
G1 F2400 E2791.15956
G1 F15000 X161.57 Y142.43 E2791.18736
G1 X154.931 Y149.069 E2791.51369
G1 X154.93 Y150.782 E2791.57323
G1 X162.37 Y158.221 E2791.93891
G1 X158.721 Y161.87 E2792.11827
G1 X161.869 Y161.869 E2792.22768
G1 X154.93 Y154.93 E2792.56876
G1 X154.931 Y153.217 E2792.6283
G1 X162.37 Y145.779 E2792.99393
G1 X159.022 Y142.43 E2793.15852
G1 X154.874 Y142.43 E2793.30269
G1 X162.37 Y149.925 E2793.67112
G1 X154.931 Y157.364 E2794.03678
G1 X154.93 Y159.078 E2794.09635
G1 X157.722 Y161.87 E2794.23359
G1 X154.576 Y161.871 E2794.34293
G1 X162.37 Y154.074 E2794.72611
G1 X154.93 Y146.634 E2795.09181
G1 X154.931 Y144.921 E2795.15135
G1 X157.422 Y142.43 E2795.27379
G1 X157.499 Y142.353
G1 F2400 E2794.77379
G1 F600 Z5.3
G0 F15000 X163.93 Y130.747 Z5.3
G1 F600 Z4.9
G1 F2400 E2795.27379
G1 F15000 X166.363 Y133.18 E2795.39338
G1 X166.363 Y133.57 E2795.40694
G1 X166.673 Y133.57 E2795.41771
G1 X166.673 Y133.179 E2795.4313
G1 X170.422 Y129.43 E2795.61558
G1 X170.909 Y129.43 E2795.6325
G1 X175.07 Y133.591 E2795.83703
G1 X175.07 Y133.68 E2795.84013
G1 X174.566 Y133.581 E2795.85798
G1 X175.07 Y133.077 E2795.88275
G1 X175.07 Y129.443 E2796.00906
G1 X174.57 Y129.43 E2796.02644
G1 X170.82 Y133.18 E2796.21077
G1 X170.82 Y133.57 E2796.22432
G1 X170.51 Y133.57 E2796.2351
G1 X170.51 Y133.179 E2796.24869
G1 X166.761 Y129.43 E2796.43296
G1 X166.275 Y129.429 E2796.44986
G1 X163.93 Y131.774 E2796.56512
G1 X163.93 Y130.289 E2796.61674
G1 X163.822 Y129.746 E2796.63598
G1 X163.575 Y129.429 E2796.64995
G1 X163.508 Y129.343
G1 F2400 E2796.14995
G1 F600 Z5.3
G0 F15000 X175.07 Y169.319 Z5.3
G1 F600 Z4.9
G1 F2400 E2796.64995
G1 F15000 X174.511 Y169.43 E2796.66975
G1 X173.578 Y169.43 E2796.70218
G1 X174.657 Y170.51 E2796.75524
G1 X175.07 Y170.51 E2796.7696
G1 X175.07 Y170.82 E2796.78037
G1 X174.658 Y170.82 E2796.79469
G1 X170.908 Y174.57 E2796.97902
G1 X170.422 Y174.57 E2796.99591
G1 X165.282 Y169.43 E2797.24856
G1 X167.753 Y169.43 E2797.33444
G1 X164.598 Y172.584 E2797.4895
G1 X163.93 Y172.584 E2797.51272
G1 X163.93 Y172.894 E2797.52349
G1 X164.598 Y172.894 E2797.54671
G1 X166.274 Y174.57 E2797.62909
G1 X166.761 Y174.57 E2797.64602
G1 X171.9 Y169.43 E2797.89864
G1 X169.43 Y169.43 E2797.98449
G1 X174.57 Y174.57 E2798.23714
G1 X175.07 Y174.556 E2798.25453
G1 X175.056 Y174.57 E2798.25521
G1 X174.979 Y174.647
G1 F2400 E2797.75521
G1 F600 Z5.3
;MESH:NONMESH
G0 F15000 X162.718 Y141.039 Z5.3
;TIME_ELAPSED:1071.414574
;LAYER:24
;MESH:case_VL53L8+RP2040-down.stl
G0 X162.718 Y141.039 Z5.5
;TYPE:WALL-OUTER
G1 F600 Z5.1
G1 F2400 E2798.25521
G1 F9000 X162.633 Y141.177 E2798.26085
G1 X162.5 Y141.22 E2798.26571
G1 X129.48 Y141.22 E2799.41338
G1 X129.368 Y141.176 E2799.41756
G1 X129.283 Y141.038 E2799.42319
G1 X129.28 Y130.3 E2799.79641
G1 X129.372 Y130.12 E2799.80344
G1 X129.462 Y130.083 E2799.80682
G1 X162.5 Y130.08 E2800.95512
G1 X162.632 Y130.124 E2800.95995
G1 X162.72 Y130.235 E2800.96487
G1 X162.718 Y141.039 E2801.34039
G1 F2400 E2800.84039
G1 F600 Z5.5
G0 F15000 X153.72 Y161.065 Z5.5
G1 F600 Z5.1
G1 F2400 E2801.34039
G1 F9000 X153.632 Y161.177 E2801.34534
G1 X153.538 Y161.217 E2801.34889
G1 X129.48 Y161.22 E2802.18507
G1 X129.389 Y161.191 E2802.18839
G1 X129.283 Y161.038 E2802.19486
G1 X129.28 Y156.72 E2802.34494
G1 X127.72 Y156.72 E2802.39916
G1 X127.721 Y175.779 E2803.06159
G1 X176.28 Y175.78 E2804.74935
G1 X176.28 Y128.22 E2806.40238
G1 X127.72 Y128.22 E2808.09017
G1 X127.72 Y147.28 E2808.75264
G1 X129.28 Y147.28 E2808.80686
G1 X129.28 Y143 E2808.95562
G1 X129.368 Y142.824 E2808.96246
G1 X129.48 Y142.78 E2808.96664
G1 X153.5 Y142.78 E2809.8015
G1 X153.633 Y142.823 E2809.80636
G1 X153.72 Y142.936 E2809.81132
G1 X153.72 Y161.065 E2810.44142
G1 F2400 E2809.94142
G1 F600 Z5.5
G0 F15000 X162.72 Y174.065 Z5.5
G1 F600 Z5.1
G1 F2400 E2810.44142
G1 F9000 X162.632 Y174.177 E2810.44637
G1 X162.538 Y174.217 E2810.44992
G1 X129.5 Y174.22 E2811.59822
G1 X129.344 Y174.156 E2811.60408
G1 X129.283 Y174.038 E2811.6087
G1 X129.28 Y163.3 E2811.98192
G1 X129.389 Y163.109 E2811.98956
G1 X129.48 Y163.08 E2811.99288
G1 X162.5 Y163.08 E2813.14055
G1 X162.633 Y163.123 E2813.14541
G1 X162.72 Y163.3 E2813.15226
G1 X162.72 Y174.065 E2813.52642
G1 F2400 E2813.02642
G1 F600 Z5.5
G0 F15000 X174.717 Y168.039 Z5.5
G1 F600 Z5.1
G1 F2400 E2813.52642
G1 F9000 X174.677 Y168.132 E2813.52994
G1 X174.565 Y168.22 E2813.53489
G1 X163.8 Y168.22 E2813.90905
G1 X163.667 Y168.176 E2813.91392
G1 X163.583 Y168.038 E2813.91953
G1 X163.58 Y135 E2815.06783
G1 X163.667 Y134.824 E2815.07465
G1 X163.8 Y134.78 E2815.07952
G1 X174.564 Y134.78 E2815.45364
G1 X174.677 Y134.867 E2815.4586
G1 X174.72 Y135 E2815.46346
G1 X174.717 Y168.039 E2816.61179
G0 F15000 X175.03 Y168.396
;TYPE:WALL-INNER
G1 F10500 X174.755 Y168.61 E2816.6239
G1 X174.5 Y168.66 E2816.63293
G1 X163.8 Y168.66 E2817.00483
G1 X163.403 Y168.528 E2817.01937
G1 F10596.3 X163.154 Y168.113 E2817.03604
G1 X163.16 Y168.65 E2817.05454
G1 F10500 X163.16 Y174 E2817.24049
G1 X163.11 Y174.255 E2817.24952
G1 X162.896 Y174.529 E2817.2616
G1 F9166.7 X162.625 Y174.714 E2817.27467
G1 F8133.8 X161.651 Y174.714 E2817.31837
G1 X160.677 Y174.714 E2817.36207
G1 F8148.1 X159.703 Y174.715 E2817.40569
G1 X158.729 Y174.715 E2817.44932
G1 X157.755 Y174.715 E2817.49294
G1 X156.781 Y174.715 E2817.53657
G1 F8162.5 X155.807 Y174.715 E2817.58011
G1 X154.833 Y174.715 E2817.62366
G1 X153.859 Y174.716 E2817.66721
G1 X152.885 Y174.716 E2817.71076
G1 X151.911 Y174.716 E2817.7543
G1 F8177 X150.937 Y174.716 E2817.79777
G1 X149.963 Y174.716 E2817.84124
G1 X148.989 Y174.716 E2817.88471
G1 X148.015 Y174.717 E2817.92819
G1 F8191.5 X147.041 Y174.717 E2817.97158
G1 X146.067 Y174.717 E2818.01497
G1 X145.093 Y174.717 E2818.05837
G1 X144.119 Y174.717 E2818.10176
G1 F8206 X143.145 Y174.718 E2818.14508
G1 X142.171 Y174.718 E2818.18839
G1 X141.197 Y174.718 E2818.23171
G1 X140.223 Y174.718 E2818.27503
G1 F8220.6 X139.249 Y174.718 E2818.31827
G1 X138.275 Y174.718 E2818.36151
G1 X137.301 Y174.719 E2818.40475
G1 X136.327 Y174.719 E2818.44799
G1 X135.353 Y174.719 E2818.49122
G1 F8235.3 X134.379 Y174.719 E2818.53439
G1 X133.405 Y174.719 E2818.57755
G1 X132.431 Y174.719 E2818.62071
G1 X131.457 Y174.72 E2818.66388
G1 F8250 X130.483 Y174.72 E2818.70696
G1 X129.509 Y174.72 E2818.75005
G1 F9240 X129.033 Y174.467 E2818.77134
G1 F9166.7 X128.786 Y174.125 E2818.78813
G1 F8133.8 X128.785 Y173.141 E2818.83228
G1 F8148.1 X128.785 Y172.157 E2818.87636
G1 F8162.5 X128.784 Y171.173 E2818.92035
G1 F8177 X128.784 Y170.189 E2818.96427
G1 X128.783 Y169.205 E2819.00818
G1 F8191.5 X128.783 Y168.221 E2819.05202
G1 F8206 X128.782 Y167.237 E2819.09579
G1 X128.782 Y166.253 E2819.13955
G1 F8220.6 X128.781 Y165.269 E2819.18323
G1 F8235.3 X128.781 Y164.285 E2819.22684
G1 F8250 X128.78 Y163.301 E2819.27036
G1 F9240 X129.168 Y162.729 E2819.29766
G1 F10500 X129.442 Y162.642 E2819.30766
G1 X162.5 Y162.64 E2820.45665
G1 X162.897 Y162.771 E2820.47118
G1 F10744.2 X163.15 Y163.3 E2820.4911
G1 X163.14 Y162.65 E2820.51318
G1 F10500 X163.14 Y141.65 E2821.24307
G1 F10645.2 X163.146 Y141.113 E2821.26148
G1 X162.897 Y141.529 E2821.2781
G1 F10500 X162.5 Y141.66 E2821.29263
G1 X154.167 Y141.66 E2821.58226
G1 F9240 X153.5 Y141.72 E2821.60871
G1 F8250 X151.649 Y141.72 E2821.69059
G1 X149.798 Y141.72 E2821.77247
G1 F8235.3 X147.947 Y141.72 E2821.8545
G1 X146.096 Y141.72 E2821.93653
G1 X144.245 Y141.72 E2822.01855
G1 F8220.6 X142.394 Y141.72 E2822.10073
G1 X140.543 Y141.72 E2822.1829
G1 X138.692 Y141.72 E2822.26507
G1 F8206 X136.841 Y141.72 E2822.34739
G1 X134.99 Y141.72 E2822.42971
G1 X133.139 Y141.72 E2822.51203
G1 F8191.5 X131.288 Y141.72 E2822.5945
G1 X129.437 Y141.72 E2822.67696
G1 F9203.2 X129.268 Y141.618 E2822.68479
G1 F10500 X129.104 Y141.528 E2822.69129
G1 F9166.7 X128.786 Y141.125 E2822.71173
G1 F8133.8 X128.785 Y140.141 E2822.75588
G1 F8148.1 X128.785 Y139.157 E2822.79995
G1 F8162.5 X128.784 Y138.173 E2822.84395
G1 F8177 X128.784 Y137.189 E2822.88787
G1 X128.783 Y136.205 E2822.93178
G1 F8191.5 X128.783 Y135.221 E2822.97562
G1 F8206 X128.782 Y134.237 E2823.01938
G1 X128.782 Y133.253 E2823.06314
G1 F8220.6 X128.781 Y132.269 E2823.10683
G1 F8235.3 X128.781 Y131.285 E2823.15043
G1 F8250 X128.78 Y130.301 E2823.19396
G1 F9240 X129.118 Y129.761 E2823.21912
G1 F10500 X129.408 Y129.64 E2823.23005
G1 X162.5 Y129.64 E2824.38022
G1 X162.896 Y129.772 E2824.39473
G1 X163.11 Y130.046 E2824.40681
G1 X163.16 Y130.3 E2824.41581
G1 X163.16 Y134.35 E2824.55657
G1 F10744.2 X163.15 Y135 E2824.57865
G1 X163.403 Y134.472 E2824.59854
G1 F10500 X163.8 Y134.34 E2824.61308
G1 X174.5 Y134.34 E2824.98498
G1 X174.755 Y134.39 E2824.99401
G1 X175.029 Y134.603 E2825.00608
G1 F9240 X175.22 Y135 E2825.02348
G1 F8250 X175.22 Y137.547 E2825.13614
G1 X175.22 Y140.094 E2825.24881
G1 F8235.3 X175.22 Y142.641 E2825.36168
G1 X175.22 Y145.188 E2825.47455
G1 X175.22 Y147.735 E2825.58742
G1 X175.22 Y150.282 E2825.70029
G1 F8220.6 X175.22 Y152.829 E2825.81337
G1 X175.22 Y155.376 E2825.92644
G1 X175.22 Y157.923 E2826.03951
G1 X175.22 Y160.47 E2826.15258
G1 X175.22 Y163.017 E2826.26565
G1 F8206 X175.22 Y165.564 E2826.37892
G1 X175.22 Y168.111 E2826.4922
G1 F9203.2 X175.03 Y168.396 E2826.50578
G0 F15000 X175.777 Y168.174
G1 F8148.1 X175.777 Y167.068 E2826.55532
G1 X175.777 Y165.962 E2826.60485
G1 F8162.5 X175.777 Y164.856 E2826.6543
G1 X175.777 Y163.75 E2826.70375
G1 X175.778 Y162.644 E2826.7532
G1 X175.778 Y161.538 E2826.80265
G1 F8177 X175.778 Y160.432 E2826.85201
G1 X175.778 Y159.326 E2826.90137
G1 X175.778 Y158.22 E2826.95074
G1 X175.778 Y157.114 E2827.0001
G1 X175.778 Y156.008 E2827.04946
G1 F8191.5 X175.778 Y154.902 E2827.09873
G1 X175.778 Y153.796 E2827.14801
G1 X175.778 Y152.69 E2827.19728
G1 X175.779 Y151.584 E2827.24656
G1 F8206 X175.779 Y150.478 E2827.29574
G1 X175.779 Y149.372 E2827.34493
G1 X175.779 Y148.266 E2827.39412
G1 X175.779 Y147.16 E2827.44331
G1 F8220.6 X175.779 Y146.054 E2827.4924
G1 X175.779 Y144.948 E2827.5415
G1 X175.779 Y143.842 E2827.5906
G1 X175.779 Y142.736 E2827.6397
G1 X175.779 Y141.63 E2827.6888
G1 F8235.3 X175.78 Y140.524 E2827.73782
G1 X175.78 Y139.418 E2827.78683
G1 X175.78 Y138.312 E2827.83584
G1 X175.78 Y137.206 E2827.88485
G1 F8250 X175.78 Y136.1 E2827.93378
G1 X175.78 Y134.994 E2827.9827
G1 F9240 X175.84 Y134.333 E2828.00892
G1 F10500 X175.84 Y128.66 E2828.20609
G1 X128.16 Y128.66 E2829.8633
G1 X128.16 Y129.267 E2829.8844
G1 F9829.8 X128.19 Y129.784 E2829.90362
G1 F8717 X128.22 Y130.301 E2829.9253
G1 F8250 X128.22 Y131.289 E2829.96901
G1 F8235.3 X128.221 Y132.278 E2830.01284
G1 F8220.6 X128.221 Y133.267 E2830.05674
G1 F8206 X128.221 Y134.256 E2830.10073
G1 X128.222 Y135.245 E2830.14471
G1 F8191.5 X128.222 Y136.234 E2830.18877
G1 F8177 X128.223 Y137.223 E2830.23291
G1 X128.223 Y138.212 E2830.27705
G1 F8162.5 X128.223 Y139.201 E2830.32127
G1 F8148.1 X128.224 Y140.19 E2830.36557
G1 F8133.8 X128.224 Y141.179 E2830.40994
G1 F9166.7 X128.16 Y142 E2830.44273
G1 F9829.8 X128.19 Y142.5 E2830.46132
G1 F8717 X128.22 Y143 E2830.48229
G1 F8250 X128.22 Y146.78 E2830.64951
G1 X128.78 Y146.78 E2830.67428
G1 X128.78 Y143 E2830.84149
G1 F9240 X129.104 Y142.472 E2830.86596
G1 F10500 X129.268 Y142.382 E2830.87246
G1 F9203.2 X129.437 Y142.28 E2830.88029
G1 F8191.5 X131.288 Y142.28 E2830.96275
G1 X133.139 Y142.28 E2831.04522
G1 F8206 X134.99 Y142.28 E2831.12754
G1 X136.841 Y142.28 E2831.20986
G1 X138.692 Y142.28 E2831.29218
G1 F8220.6 X140.543 Y142.28 E2831.37435
G1 X142.394 Y142.28 E2831.45652
G1 X144.245 Y142.28 E2831.5387
G1 F8235.3 X146.096 Y142.28 E2831.62072
G1 X147.947 Y142.28 E2831.70275
G1 X149.798 Y142.28 E2831.78478
G1 F8250 X151.649 Y142.28 E2831.86666
G1 X153.5 Y142.28 E2831.94854
G1 F9240 X153.897 Y142.471 E2831.96594
G1 F10500 X154.11 Y142.746 E2831.97803
G1 X154.16 Y143 E2831.98703
G1 X154.16 Y161 E2832.61265
G1 X154.11 Y161.255 E2832.62168
G1 X153.896 Y161.529 E2832.63377
G1 X153.593 Y161.66 E2832.64524
G1 X129.442 Y161.658 E2833.48465
G1 X129.168 Y161.571 E2833.49464
G1 F9166.7 X128.786 Y161.125 E2833.51802
G1 F8148.1 X128.785 Y160.149 E2833.56174
G1 F8177 X128.783 Y159.173 E2833.6053
G1 F8206 X128.782 Y158.197 E2833.6487
G1 F8235.3 X128.78 Y157.221 E2833.69195
G1 F8250 X128.22 Y157.22 E2833.71673
G1 F8235.3 X128.221 Y158.209 E2833.76055
G1 F8206 X128.222 Y159.198 E2833.80454
G1 F8177 X128.223 Y160.187 E2833.84868
G1 F8148.1 X128.224 Y161.176 E2833.89297
G1 F9166.7 X128.161 Y162.15 E2833.93183
G1 F9829.8 X128.19 Y162.725 E2833.95321
G1 F8717 X128.22 Y163.3 E2833.97731
G1 F8250 X128.22 Y164.289 E2834.02106
G1 F8235.3 X128.221 Y165.278 E2834.06489
G1 F8220.6 X128.221 Y166.267 E2834.10879
G1 F8206 X128.221 Y167.256 E2834.15278
G1 X128.222 Y168.245 E2834.19676
G1 F8191.5 X128.222 Y169.234 E2834.24082
G1 F8177 X128.223 Y170.223 E2834.28496
G1 X128.223 Y171.212 E2834.3291
G1 F8162.5 X128.223 Y172.201 E2834.37332
G1 F8148.1 X128.224 Y173.19 E2834.41762
G1 F8133.8 X128.224 Y174.179 E2834.46199
G1 F9166.7 X128.161 Y174.828 E2834.48795
G1 F10500 X128.161 Y175.339 E2834.50571
G1 X128.672 Y175.339 E2834.52347
G1 F9240 X129.5 Y175.28 E2834.55626
G1 F8250 X130.476 Y175.28 E2834.59943
G1 X131.452 Y175.28 E2834.64261
G1 F8235.3 X132.428 Y175.28 E2834.68586
G1 X133.404 Y175.28 E2834.72911
G1 X134.38 Y175.279 E2834.77236
G1 X135.356 Y175.279 E2834.81561
G1 F8220.6 X136.332 Y175.279 E2834.85894
G1 X137.308 Y175.279 E2834.90227
G1 X138.284 Y175.279 E2834.9456
G1 X139.26 Y175.279 E2834.98893
G1 X140.236 Y175.279 E2835.03226
G1 F8206 X141.212 Y175.279 E2835.07566
G1 X142.188 Y175.278 E2835.11907
G1 X143.164 Y175.278 E2835.16247
G1 X144.14 Y175.278 E2835.20588
G1 F8191.5 X145.116 Y175.278 E2835.24936
G1 X146.092 Y175.278 E2835.29284
G1 X147.068 Y175.278 E2835.33633
G1 X148.044 Y175.278 E2835.37981
G1 F8177 X149.02 Y175.278 E2835.42337
G1 X149.996 Y175.278 E2835.46693
G1 X150.972 Y175.277 E2835.51049
G1 X151.948 Y175.277 E2835.55405
G1 F8162.5 X152.924 Y175.277 E2835.59769
G1 X153.9 Y175.277 E2835.64132
G1 X154.876 Y175.277 E2835.68496
G1 X155.852 Y175.277 E2835.7286
G1 X156.828 Y175.277 E2835.77223
G1 F8148.1 X157.804 Y175.277 E2835.81595
G1 X158.78 Y175.276 E2835.85966
G1 X159.756 Y175.276 E2835.90338
G1 X160.732 Y175.276 E2835.94709
G1 F8133.8 X161.708 Y175.276 E2835.99088
G1 X162.684 Y175.276 E2836.03467
G1 F9166.7 X163.166 Y175.341 E2836.05404
G1 F10500 X175.84 Y175.34 E2836.49454
G1 X175.84 Y168.666 E2836.72651
G1 F9166.7 X175.777 Y168.174 E2836.74626
G0 F15000 X175.4 Y168.646
G1 F10500 X174.924 Y169.016 E2836.76721
G1 X174.5 Y169.1 E2836.78224
G1 X163.8 Y169.1 E2837.15413
G1 X163.6 Y169.034 E2837.16145
G1 X163.6 Y174 E2837.33406
G1 X163.516 Y174.424 E2837.34908
G1 X163.143 Y174.901 E2837.37013
G1 X175.4 Y174.9 E2837.79614
G1 X175.4 Y168.646 E2838.01351
G1 F2400 E2837.51351
G1 F600 Z5.5
G0 F15000 X163.154 Y168.113 Z5.5
G1 F600 Z5.1
G1 F2400 E2838.01351
G1 F10719.3 X163.153 Y167.511 E2838.03401
G1 F10744.2 X163.153 Y166.909 E2838.05445
G1 F10794.4 X163.152 Y166.307 E2838.07481
G1 F10819.7 X163.152 Y165.705 E2838.09511
G1 F10870.6 X163.151 Y165.103 E2838.11532
G1 F10896.2 X163.151 Y164.501 E2838.13549
G1 F10947.9 X163.15 Y163.899 E2838.15555
G1 F10973.9 X163.15 Y163.297 E2838.17557
G1 F2400 E2837.67557
G1 F600 Z5.5
G0 F15000 X162.7 Y162.266 Z5.5
G1 F600 Z5.1
G1 F2400 E2838.17557
G1 F10500 X162.7 Y142.034 E2838.87877
G1 X162.5 Y142.1 E2838.88609
G1 X154.146 Y142.1 E2839.17645
G1 X154.516 Y142.576 E2839.19741
G1 X154.6 Y143 E2839.21243
G1 X154.6 Y161 E2839.83805
G1 X154.516 Y161.424 E2839.85308
G1 X154.16 Y161.881 E2839.87321
G1 F9258.5 X153.7 Y162.142 E2839.89406
G1 X154.266 Y162.2 E2839.91649
G1 F10500 X162.5 Y162.2 E2840.20267
G1 X162.7 Y162.266 E2840.20999
G1 F2400 E2839.70999
G1 F600 Z5.5
G0 F15000 X153.7 Y162.142 Z5.5
G1 F600 Z5.1
G1 F2400 E2840.20999
G1 F8415.3 X153.5 Y162.15 E2840.21867
G1 F8555.6 X152.536 Y162.15 E2840.25979
G1 X151.572 Y162.15 E2840.30092
G1 F8539.7 X150.608 Y162.15 E2840.34211
G1 X149.644 Y162.15 E2840.38331
G1 X148.68 Y162.15 E2840.42451
G1 F8524 X147.716 Y162.15 E2840.46578
G1 X146.752 Y162.15 E2840.50705
G1 X145.788 Y162.15 E2840.54832
G1 F8508.3 X144.824 Y162.15 E2840.58967
G1 X143.86 Y162.15 E2840.63102
G1 X142.896 Y162.15 E2840.67237
G1 F8492.6 X141.932 Y162.15 E2840.7138
G1 X140.968 Y162.15 E2840.75522
G1 X140.004 Y162.15 E2840.79665
G1 F8477.1 X139.04 Y162.15 E2840.83815
G1 X138.076 Y162.15 E2840.87965
G1 X137.112 Y162.15 E2840.92115
G1 F8461.5 X136.148 Y162.15 E2840.96273
G1 X135.184 Y162.15 E2841.0043
G1 X134.22 Y162.15 E2841.04588
G1 F8446.1 X133.256 Y162.15 E2841.08754
G1 X132.292 Y162.15 E2841.12919
G1 X131.328 Y162.15 E2841.17084
G1 F8430.7 X130.364 Y162.15 E2841.21257
G1 X129.4 Y162.15 E2841.2543
G1 F8850.6 X129.185 Y162.082 E2841.2636
G1 F9788.1 X128.944 Y161.956 E2841.27374
G1 F10266.7 X128.605 Y161.469 E2841.29483
G1 X128.606 Y162.934 E2841.34691
G1 X128.944 Y162.344 E2841.37108
G1 F9788.1 X129.185 Y162.218 E2841.38122
G1 F8850.6 X129.4 Y162.15 E2841.39052
G1 F2400 E2840.89052
G1 F600 Z5.5
G0 F15000 X128.744 Y174.828 Z5.5
G1 F600 Z5.1
G1 F2400 E2841.39052
G1 F7938.1 X128.708 Y174.766 E2841.39381
G1 X128.636 Y174.766 E2841.39712
G1 X128.6 Y174.828 E2841.40042
G1 X128.636 Y174.89 E2841.40371
G1 X128.708 Y174.89 E2841.40702
G1 X128.744 Y174.828 E2841.41032
G1 F2400 E2840.91032
G1 F600 Z5.5
G0 F15000 X128.565 Y142.74 Z5.5
G1 F600 Z5.1
G1 F2400 E2841.41032
G1 F12486.5 X128.861 Y142.148 E2841.42967
G1 X129.125 Y142 E2841.43851
G1 X128.861 Y141.852 E2841.44736
G1 X128.565 Y141.369 E2841.46391
G1 X128.565 Y142.74 E2841.50398
G1 F2400 E2841.00398
G1 F600 Z5.5
G0 F15000 X128.573 Y130.017 Z5.5
G1 F600 Z5.1
G1 F2400 E2841.50398
G1 F11938 X128.879 Y129.425 E2841.52436
G1 F9788.1 X129.3 Y129.158 E2841.54294
G1 X128.767 Y129.073 E2841.56307
G1 F11938 X128.573 Y129.073 E2841.569
G1 X128.573 Y130.017 E2841.59786
G1 F2400 E2841.09786
G1 F600 Z5.5
G0 F15000 X129.3 Y129.158 Z5.5
G1 F600 Z5.1
G1 F2400 E2841.59786
G1 F8415.3 X129.5 Y129.15 E2841.60654
G1 F8555.6 X162.5 Y129.15 E2843.01419
G1 F9428.6 X163.16 Y129.42 E2843.04179
G1 F10500 X163.516 Y129.877 E2843.06193
G1 X163.6 Y130.3 E2843.07691
G1 X163.6 Y133.966 E2843.20433
G1 X163.8 Y133.9 E2843.21165
G1 X174.5 Y133.9 E2843.58355
G1 X174.924 Y133.983 E2843.59857
G1 X175.4 Y134.354 E2843.61954
G1 X175.4 Y129.1 E2843.80216
G1 X163.267 Y129.099 E2844.22386
G1 F9428.6 X162.5 Y129.15 E2844.25361
G1 F2400 E2843.75361
G1 F600 Z5.5
G0 F15000 X163.15 Y135 Z5.5
G1 F600 Z5.1
G1 F2400 E2844.25361
G1 F10973.9 X163.149 Y135.873 E2844.28265
G1 F10947.9 X163.149 Y136.746 E2844.31175
G1 F10922 X163.148 Y137.619 E2844.34092
G1 F10896.2 X163.148 Y138.492 E2844.37016
G1 F10870.6 X163.147 Y139.365 E2844.39947
G1 F10845.1 X163.147 Y140.238 E2844.42884
G1 F10819.7 X163.146 Y141.111 E2844.45829
G1 F2400 E2843.95829
G1 F600 Z5.5
G0 F15000 X162.37 Y142.43 Z5.5
;TYPE:FILL
G1 F600 Z5.1
G1 F2400 E2844.45829
G1 F15000 X161.57 Y142.43 E2844.4861
G1 X154.931 Y149.069 E2844.81243
G1 X154.93 Y150.782 E2844.87196
G1 X162.37 Y158.221 E2845.23764
G1 X158.721 Y161.87 E2845.417
G1 X161.869 Y161.869 E2845.52642
G1 X154.93 Y154.93 E2845.8675
G1 X154.931 Y153.217 E2845.92703
G1 X162.37 Y145.779 E2846.29266
G1 X159.022 Y142.43 E2846.45725
G1 X154.874 Y142.43 E2846.60143
G1 X162.37 Y149.925 E2846.96986
G1 X154.931 Y157.364 E2847.33551
G1 X154.93 Y159.078 E2847.39508
G1 X157.722 Y161.87 E2847.53232
G1 X154.576 Y161.871 E2847.64166
G1 X162.37 Y154.074 E2848.02484
G1 X154.93 Y146.634 E2848.39054
G1 X154.931 Y144.921 E2848.45008
G1 X157.422 Y142.43 E2848.57252
G1 X157.499 Y142.353
G1 F2400 E2848.07252
G1 F600 Z5.5
G0 F15000 X163.93 Y130.747 Z5.5
G1 F600 Z5.1
G1 F2400 E2848.57252
G1 F15000 X166.363 Y133.18 E2848.69212
G1 X166.363 Y133.57 E2848.70567
G1 X166.673 Y133.57 E2848.71644
G1 X166.673 Y133.179 E2848.73003
G1 X170.422 Y129.43 E2848.91431
G1 X170.909 Y129.43 E2848.93124
G1 X175.07 Y133.591 E2849.13577
G1 X175.07 Y133.68 E2849.13886
G1 X174.566 Y133.581 E2849.15671
G1 X175.07 Y133.077 E2849.18149
G1 X175.07 Y129.443 E2849.30779
G1 X174.57 Y129.43 E2849.32518
G1 X170.82 Y133.18 E2849.5095
G1 X170.82 Y133.57 E2849.52306
G1 X170.51 Y133.57 E2849.53383
G1 X170.51 Y133.179 E2849.54742
G1 X166.761 Y129.43 E2849.7317
G1 X166.275 Y129.429 E2849.74859
G1 X163.93 Y131.774 E2849.86386
G1 X163.93 Y130.289 E2849.91547
G1 X163.822 Y129.746 E2849.93471
G1 X163.575 Y129.429 E2849.94868
G1 X163.508 Y129.343
G1 F2400 E2849.44868
G1 F600 Z5.5
G0 F15000 X175.07 Y169.319 Z5.5
G1 F600 Z5.1
G1 F2400 E2849.94868
G1 F15000 X174.511 Y169.43 E2849.96849
G1 X173.578 Y169.43 E2850.00092
G1 X174.657 Y170.51 E2850.05398
G1 X175.07 Y170.51 E2850.06833
G1 X175.07 Y170.82 E2850.07911
G1 X174.658 Y170.82 E2850.09343
G1 X170.908 Y174.57 E2850.27775
G1 X170.422 Y174.57 E2850.29464
G1 X165.282 Y169.43 E2850.54729
G1 X167.753 Y169.43 E2850.63318
G1 X164.598 Y172.584 E2850.78823
G1 X163.93 Y172.584 E2850.81145
G1 X163.93 Y172.894 E2850.82223
G1 X164.598 Y172.894 E2850.84544
G1 X166.274 Y174.57 E2850.92782
G1 X166.761 Y174.57 E2850.94475
G1 X171.9 Y169.43 E2851.19738
G1 X169.43 Y169.43 E2851.28323
G1 X174.57 Y174.57 E2851.53587
G1 X175.07 Y174.556 E2851.55326
G1 X175.056 Y174.57 E2851.55395
G1 X174.979 Y174.647
G1 F2400 E2851.05395
G1 F600 Z5.5
;MESH:NONMESH
G0 F15000 X162.718 Y141.039 Z5.5
;TIME_ELAPSED:1091.384286
;LAYER:25
;MESH:case_VL53L8+RP2040-down.stl
G0 X162.718 Y141.039 Z5.7
;TYPE:WALL-OUTER
G1 F600 Z5.3
G1 F2400 E2851.55395
G1 F9000 X162.633 Y141.177 E2851.55958
G1 X162.5 Y141.22 E2851.56444
G1 X129.48 Y141.22 E2852.71211
G1 X129.368 Y141.176 E2852.71629
G1 X129.283 Y141.038 E2852.72193
G1 X129.28 Y130.3 E2853.09515
G1 X129.372 Y130.12 E2853.10217
G1 X129.462 Y130.083 E2853.10555
G1 X162.5 Y130.08 E2854.25385
G1 X162.632 Y130.124 E2854.25869
G1 X162.72 Y130.235 E2854.26361
G1 X162.718 Y141.039 E2854.63912
G1 F2400 E2854.13912
G1 F600 Z5.7
G0 F15000 X153.72 Y161.065 Z5.7
G1 F600 Z5.3
G1 F2400 E2854.63912
G1 F9000 X153.632 Y161.177 E2854.64407
G1 X153.538 Y161.217 E2854.64762
G1 X129.48 Y161.22 E2855.4838
G1 X129.389 Y161.191 E2855.48712
G1 X129.283 Y161.038 E2855.49359
G1 X129.28 Y156.72 E2855.64367
G1 X127.72 Y156.72 E2855.69789
G1 X127.721 Y175.779 E2856.36032
G1 X176.28 Y175.78 E2858.04808
G1 X176.28 Y128.22 E2859.70112
G1 X127.72 Y128.22 E2861.38891
G1 X127.72 Y147.28 E2862.05137
G1 X129.28 Y147.28 E2862.10559
G1 X129.28 Y143 E2862.25435
G1 X129.368 Y142.824 E2862.26119
G1 X129.48 Y142.78 E2862.26538
G1 X153.5 Y142.78 E2863.10024
G1 X153.633 Y142.823 E2863.10509
G1 X153.72 Y142.936 E2863.11005
G1 X153.72 Y161.065 E2863.74016
G1 F2400 E2863.24016
G1 F600 Z5.7
G0 F15000 X162.72 Y174.065 Z5.7
G1 F600 Z5.3
G1 F2400 E2863.74016
G1 F9000 X162.632 Y174.177 E2863.74511
G1 X162.538 Y174.217 E2863.74866
G1 X129.5 Y174.22 E2864.89695
G1 X129.344 Y174.156 E2864.90282
G1 X129.283 Y174.038 E2864.90743
G1 X129.28 Y163.3 E2865.28065
G1 X129.389 Y163.109 E2865.28829
G1 X129.48 Y163.08 E2865.29161
G1 X162.5 Y163.08 E2866.43929
G1 X162.633 Y163.123 E2866.44414
G1 X162.72 Y163.3 E2866.451
G1 X162.72 Y174.065 E2866.82516
G1 F2400 E2866.32516
G1 F600 Z5.7
G0 F15000 X174.717 Y168.039 Z5.7
G1 F600 Z5.3
G1 F2400 E2866.82516
G1 F9000 X174.677 Y168.132 E2866.82867
G1 X174.565 Y168.22 E2866.83363
G1 X163.8 Y168.22 E2867.20778
G1 X163.667 Y168.176 E2867.21265
G1 X163.583 Y168.038 E2867.21827
G1 X163.58 Y135 E2868.36656
G1 X163.667 Y134.824 E2868.37339
G1 X163.8 Y134.78 E2868.37826
G1 X174.564 Y134.78 E2868.75238
G1 X174.677 Y134.867 E2868.75734
G1 X174.72 Y135 E2868.76219
G1 X174.717 Y168.039 E2869.91052
G0 F15000 X175.03 Y168.396
;TYPE:WALL-INNER
G1 F10500 X174.755 Y168.61 E2869.92264
G1 X174.5 Y168.66 E2869.93167
G1 X163.8 Y168.66 E2870.30357
G1 X163.403 Y168.528 E2870.31811
G1 F10596.3 X163.154 Y168.113 E2870.33478
G1 X163.16 Y168.65 E2870.35327
G1 F10500 X163.16 Y174 E2870.53922
G1 X163.11 Y174.255 E2870.54825
G1 X162.896 Y174.529 E2870.56034
G1 F9166.7 X162.625 Y174.714 E2870.5734
G1 F8133.8 X161.651 Y174.714 E2870.6171
G1 X160.677 Y174.714 E2870.6608
G1 F8148.1 X159.703 Y174.715 E2870.70443
G1 X158.729 Y174.715 E2870.74805
G1 X157.755 Y174.715 E2870.79168
G1 X156.781 Y174.715 E2870.8353
G1 F8162.5 X155.807 Y174.715 E2870.87885
G1 X154.833 Y174.715 E2870.92239
G1 X153.859 Y174.716 E2870.96594
G1 X152.885 Y174.716 E2871.00949
G1 X151.911 Y174.716 E2871.05304
G1 F8177 X150.937 Y174.716 E2871.09651
G1 X149.963 Y174.716 E2871.13998
G1 X148.989 Y174.716 E2871.18345
G1 X148.015 Y174.717 E2871.22692
G1 F8191.5 X147.041 Y174.717 E2871.27031
G1 X146.067 Y174.717 E2871.31371
G1 X145.093 Y174.717 E2871.3571
G1 X144.119 Y174.717 E2871.40049
G1 F8206 X143.145 Y174.718 E2871.44381
G1 X142.171 Y174.718 E2871.48713
G1 X141.197 Y174.718 E2871.53044
G1 X140.223 Y174.718 E2871.57376
G1 F8220.6 X139.249 Y174.718 E2871.617
G1 X138.275 Y174.718 E2871.66024
G1 X137.301 Y174.719 E2871.70348
G1 X136.327 Y174.719 E2871.74672
G1 X135.353 Y174.719 E2871.78996
G1 F8235.3 X134.379 Y174.719 E2871.83312
G1 X133.405 Y174.719 E2871.87628
G1 X132.431 Y174.719 E2871.91945
G1 X131.457 Y174.72 E2871.96261
G1 F8250 X130.483 Y174.72 E2872.0057
G1 X129.509 Y174.72 E2872.04878
G1 F9240 X129.033 Y174.467 E2872.07007
G1 F9166.7 X128.786 Y174.125 E2872.08687
G1 F8133.8 X128.785 Y173.141 E2872.13102
G1 F8148.1 X128.785 Y172.157 E2872.17509
G1 F8162.5 X128.784 Y171.173 E2872.21909
G1 F8177 X128.784 Y170.189 E2872.263
G1 X128.783 Y169.205 E2872.30692
G1 F8191.5 X128.783 Y168.221 E2872.35076
G1 F8206 X128.782 Y167.237 E2872.39452
G1 X128.782 Y166.253 E2872.43828
G1 F8220.6 X128.781 Y165.269 E2872.48196
G1 F8235.3 X128.781 Y164.285 E2872.52557
G1 F8250 X128.78 Y163.301 E2872.5691
G1 F9240 X129.168 Y162.729 E2872.5964
G1 F10500 X129.442 Y162.642 E2872.60639
G1 X162.5 Y162.64 E2873.75538
G1 X162.897 Y162.771 E2873.76991
G1 F10744.2 X163.15 Y163.3 E2873.78983
G1 X163.14 Y162.65 E2873.81191
G1 F10500 X163.14 Y141.65 E2874.5418
G1 F10645.2 X163.146 Y141.113 E2874.56022
G1 X162.897 Y141.529 E2874.57684
G1 F10500 X162.5 Y141.66 E2874.59137
G1 X154.167 Y141.66 E2874.881
G1 F9240 X153.5 Y141.72 E2874.90745
G1 F8250 X151.649 Y141.72 E2874.98933
G1 X149.798 Y141.72 E2875.07121
G1 F8235.3 X147.947 Y141.72 E2875.15323
G1 X146.096 Y141.72 E2875.23526
G1 X144.245 Y141.72 E2875.31729
G1 F8220.6 X142.394 Y141.72 E2875.39946
G1 X140.543 Y141.72 E2875.48164
G1 X138.692 Y141.72 E2875.56381
G1 F8206 X136.841 Y141.72 E2875.64613
G1 X134.99 Y141.72 E2875.72845
G1 X133.139 Y141.72 E2875.81077
G1 F8191.5 X131.288 Y141.72 E2875.89323
G1 X129.437 Y141.72 E2875.9757
G1 F9203.2 X129.268 Y141.618 E2875.98353
G1 F10500 X129.104 Y141.528 E2875.99003
G1 F9166.7 X128.786 Y141.125 E2876.01047
G1 F8133.8 X128.785 Y140.141 E2876.05462
G1 F8148.1 X128.785 Y139.157 E2876.09869
G1 F8162.5 X128.784 Y138.173 E2876.14268
G1 F8177 X128.784 Y137.189 E2876.1866
G1 X128.783 Y136.205 E2876.23052
G1 F8191.5 X128.783 Y135.221 E2876.27436
G1 F8206 X128.782 Y134.237 E2876.31812
G1 X128.782 Y133.253 E2876.36188
G1 F8220.6 X128.781 Y132.269 E2876.40556
G1 F8235.3 X128.781 Y131.285 E2876.44917
G1 F8250 X128.78 Y130.301 E2876.4927
G1 F9240 X129.118 Y129.761 E2876.51786
G1 F10500 X129.408 Y129.64 E2876.52878
G1 X162.5 Y129.64 E2877.67895
G1 X162.896 Y129.772 E2877.69346
G1 X163.11 Y130.046 E2877.70554
G1 X163.16 Y130.3 E2877.71454
G1 X163.16 Y134.35 E2877.85531
G1 F10744.2 X163.15 Y135 E2877.87739
G1 X163.403 Y134.472 E2877.89728
G1 F10500 X163.8 Y134.34 E2877.91182
G1 X174.5 Y134.34 E2878.28372
G1 X174.755 Y134.39 E2878.29275
G1 X175.029 Y134.603 E2878.30481
G1 F9240 X175.22 Y135 E2878.32221
G1 F8250 X175.22 Y137.547 E2878.43488
G1 X175.22 Y140.094 E2878.54755
G1 F8235.3 X175.22 Y142.641 E2878.66042
G1 X175.22 Y145.188 E2878.77329
G1 X175.22 Y147.735 E2878.88616
G1 X175.22 Y150.282 E2878.99903
G1 F8220.6 X175.22 Y152.829 E2879.1121
G1 X175.22 Y155.376 E2879.22517
G1 X175.22 Y157.923 E2879.33824
G1 X175.22 Y160.47 E2879.45131
G1 X175.22 Y163.017 E2879.56439
G1 F8206 X175.22 Y165.564 E2879.67766
G1 X175.22 Y168.111 E2879.79093
G1 F9203.2 X175.03 Y168.396 E2879.80451
G0 F15000 X175.777 Y168.174
G1 F8148.1 X175.777 Y167.068 E2879.85405
G1 X175.777 Y165.962 E2879.90359
G1 F8162.5 X175.777 Y164.856 E2879.95304
G1 X175.777 Y163.75 E2880.00249
G1 X175.778 Y162.644 E2880.05193
G1 X175.778 Y161.538 E2880.10138
G1 F8177 X175.778 Y160.432 E2880.15075
G1 X175.778 Y159.326 E2880.20011
G1 X175.778 Y158.22 E2880.24947
G1 X175.778 Y157.114 E2880.29883
G1 X175.778 Y156.008 E2880.34819
G1 F8191.5 X175.778 Y154.902 E2880.39747
G1 X175.778 Y153.796 E2880.44674
G1 X175.778 Y152.69 E2880.49602
G1 X175.779 Y151.584 E2880.54529
G1 F8206 X175.779 Y150.478 E2880.59448
G1 X175.779 Y149.372 E2880.64367
G1 X175.779 Y148.266 E2880.69285
G1 X175.779 Y147.16 E2880.74204
G1 F8220.6 X175.779 Y146.054 E2880.79114
G1 X175.779 Y144.948 E2880.84024
G1 X175.779 Y143.842 E2880.88934
G1 X175.779 Y142.736 E2880.93844
G1 X175.779 Y141.63 E2880.98754
G1 F8235.3 X175.78 Y140.524 E2881.03655
G1 X175.78 Y139.418 E2881.08556
G1 X175.78 Y138.312 E2881.13458
G1 X175.78 Y137.206 E2881.18359
G1 F8250 X175.78 Y136.1 E2881.23251
G1 X175.78 Y134.994 E2881.28144
G1 F9240 X175.84 Y134.333 E2881.30765
G1 F10500 X175.84 Y128.66 E2881.50483
G1 X128.16 Y128.66 E2883.16203
G1 X128.16 Y129.267 E2883.18313
G1 F9829.8 X128.19 Y129.784 E2883.20236
G1 F8717 X128.22 Y130.301 E2883.22404
G1 F8250 X128.22 Y131.289 E2883.26774
G1 F8235.3 X128.221 Y132.278 E2883.31157
G1 F8220.6 X128.221 Y133.267 E2883.35548
G1 F8206 X128.221 Y134.256 E2883.39946
G1 X128.222 Y135.245 E2883.44344
G1 F8191.5 X128.222 Y136.234 E2883.48751
G1 F8177 X128.223 Y137.223 E2883.53165
G1 X128.223 Y138.212 E2883.57579
G1 F8162.5 X128.223 Y139.201 E2883.62
G1 F8148.1 X128.224 Y140.19 E2883.6643
G1 F8133.8 X128.224 Y141.179 E2883.70868
G1 F9166.7 X128.16 Y142 E2883.74146
G1 F9829.8 X128.19 Y142.5 E2883.76006
G1 F8717 X128.22 Y143 E2883.78103
G1 F8250 X128.22 Y146.78 E2883.94824
G1 X128.78 Y146.78 E2883.97301
G1 X128.78 Y143 E2884.14022
G1 F9240 X129.104 Y142.472 E2884.16469
G1 F10500 X129.268 Y142.382 E2884.17119
G1 F9203.2 X129.437 Y142.28 E2884.17902
G1 F8191.5 X131.288 Y142.28 E2884.26149
G1 X133.139 Y142.28 E2884.34395
G1 F8206 X134.99 Y142.28 E2884.42627
G1 X136.841 Y142.28 E2884.50859
G1 X138.692 Y142.28 E2884.59091
G1 F8220.6 X140.543 Y142.28 E2884.67308
G1 X142.394 Y142.28 E2884.75526
G1 X144.245 Y142.28 E2884.83743
G1 F8235.3 X146.096 Y142.28 E2884.91946
G1 X147.947 Y142.28 E2885.00148
G1 X149.798 Y142.28 E2885.08351
G1 F8250 X151.649 Y142.28 E2885.16539
G1 X153.5 Y142.28 E2885.24727
G1 F9240 X153.897 Y142.471 E2885.26467
G1 F10500 X154.11 Y142.746 E2885.27676
G1 X154.16 Y143 E2885.28576
G1 X154.16 Y161 E2885.91138
G1 X154.11 Y161.255 E2885.92042
G1 X153.896 Y161.529 E2885.9325
G1 X153.593 Y161.66 E2885.94397
G1 X129.442 Y161.658 E2886.78339
G1 X129.168 Y161.571 E2886.79338
G1 F9166.7 X128.786 Y161.125 E2886.81676
G1 F8148.1 X128.785 Y160.149 E2886.86047
G1 F8177 X128.783 Y159.173 E2886.90403
G1 F8206 X128.782 Y158.197 E2886.94744
G1 F8235.3 X128.78 Y157.221 E2886.99069
G1 F8250 X128.22 Y157.22 E2887.01546
G1 F8235.3 X128.221 Y158.209 E2887.05929
G1 F8206 X128.222 Y159.198 E2887.10327
G1 F8177 X128.223 Y160.187 E2887.14741
G1 F8148.1 X128.224 Y161.176 E2887.19171
G1 F9166.7 X128.161 Y162.15 E2887.23057
G1 F9829.8 X128.19 Y162.725 E2887.25194
G1 F8717 X128.22 Y163.3 E2887.27605
G1 F8250 X128.22 Y164.289 E2887.3198
G1 F8235.3 X128.221 Y165.278 E2887.36362
G1 F8220.6 X128.221 Y166.267 E2887.40753
G1 F8206 X128.221 Y167.256 E2887.45151
G1 X128.222 Y168.245 E2887.4955
G1 F8191.5 X128.222 Y169.234 E2887.53956
G1 F8177 X128.223 Y170.223 E2887.5837
G1 X128.223 Y171.212 E2887.62784
G1 F8162.5 X128.223 Y172.201 E2887.67206
G1 F8148.1 X128.224 Y173.19 E2887.71635
G1 F8133.8 X128.224 Y174.179 E2887.76073
G1 F9166.7 X128.161 Y174.828 E2887.78669
G1 F10500 X128.161 Y175.339 E2887.80445
G1 X128.672 Y175.339 E2887.82221
G1 F9240 X129.5 Y175.28 E2887.85499
G1 F8250 X130.476 Y175.28 E2887.89817
G1 X131.452 Y175.28 E2887.94134
G1 F8235.3 X132.428 Y175.28 E2887.98459
G1 X133.404 Y175.28 E2888.02785
G1 X134.38 Y175.279 E2888.0711
G1 X135.356 Y175.279 E2888.11435
G1 F8220.6 X136.332 Y175.279 E2888.15768
G1 X137.308 Y175.279 E2888.20101
G1 X138.284 Y175.279 E2888.24433
G1 X139.26 Y175.279 E2888.28766
G1 X140.236 Y175.279 E2888.33099
G1 F8206 X141.212 Y175.279 E2888.3744
G1 X142.188 Y175.278 E2888.4178
G1 X143.164 Y175.278 E2888.46121
G1 X144.14 Y175.278 E2888.50461
G1 F8191.5 X145.116 Y175.278 E2888.5481
G1 X146.092 Y175.278 E2888.59158
G1 X147.068 Y175.278 E2888.63506
G1 X148.044 Y175.278 E2888.67854
G1 F8177 X149.02 Y175.278 E2888.7221
G1 X149.996 Y175.278 E2888.76566
G1 X150.972 Y175.277 E2888.80922
G1 X151.948 Y175.277 E2888.85278
G1 F8162.5 X152.924 Y175.277 E2888.89642
G1 X153.9 Y175.277 E2888.94006
G1 X154.876 Y175.277 E2888.98369
G1 X155.852 Y175.277 E2889.02733
G1 X156.828 Y175.277 E2889.07097
G1 F8148.1 X157.804 Y175.277 E2889.11468
G1 X158.78 Y175.276 E2889.1584
G1 X159.756 Y175.276 E2889.20211
G1 X160.732 Y175.276 E2889.24582
G1 F8133.8 X161.708 Y175.276 E2889.28962
G1 X162.684 Y175.276 E2889.33341
G1 F9166.7 X163.166 Y175.341 E2889.35277
G1 F10500 X175.84 Y175.34 E2889.79328
G1 X175.84 Y168.666 E2890.02525
G1 F9166.7 X175.777 Y168.174 E2890.04499
G0 F15000 X175.4 Y168.646
G1 F10500 X174.924 Y169.016 E2890.06595
G1 X174.5 Y169.1 E2890.08097
G1 X163.8 Y169.1 E2890.45287
G1 X163.6 Y169.034 E2890.46019
G1 X163.6 Y174 E2890.63279
G1 X163.516 Y174.424 E2890.64781
G1 X163.143 Y174.901 E2890.66886
G1 X175.4 Y174.9 E2891.09488
G1 X175.4 Y168.646 E2891.31224
G1 F2400 E2890.81224
G1 F600 Z5.7
G0 F15000 X163.154 Y168.113 Z5.7
G1 F600 Z5.3
G1 F2400 E2891.31224
G1 F10719.3 X163.153 Y167.511 E2891.33274
G1 F10744.2 X163.153 Y166.909 E2891.35319
G1 F10794.4 X163.152 Y166.307 E2891.37354
G1 F10819.7 X163.152 Y165.705 E2891.39385
G1 F10870.6 X163.151 Y165.103 E2891.41406
G1 F10896.2 X163.151 Y164.501 E2891.43422
G1 F10947.9 X163.15 Y163.899 E2891.45429
G1 F10973.9 X163.15 Y163.297 E2891.47431
G1 F2400 E2890.97431
G1 F600 Z5.7
G0 F15000 X162.7 Y162.266 Z5.7
G1 F600 Z5.3
G1 F2400 E2891.47431
G1 F10500 X162.7 Y142.034 E2892.17751
G1 X162.5 Y142.1 E2892.18483
G1 X154.146 Y142.1 E2892.47519
G1 X154.516 Y142.576 E2892.49614
G1 X154.6 Y143 E2892.51116
G1 X154.6 Y161 E2893.13679
G1 X154.516 Y161.424 E2893.15181
G1 X154.16 Y161.881 E2893.17195
G1 F9258.5 X153.7 Y162.142 E2893.19279
G1 X154.266 Y162.2 E2893.21522
G1 F10500 X162.5 Y162.2 E2893.50141
G1 X162.7 Y162.266 E2893.50873
G1 F2400 E2893.00873
G1 F600 Z5.7
G0 F15000 X153.7 Y162.142 Z5.7
G1 F600 Z5.3
G1 F2400 E2893.50873
G1 F8415.3 X153.5 Y162.15 E2893.51741
G1 F8555.6 X152.536 Y162.15 E2893.55853
G1 X151.572 Y162.15 E2893.59965
G1 F8539.7 X150.608 Y162.15 E2893.64085
G1 X149.644 Y162.15 E2893.68204
G1 X148.68 Y162.15 E2893.72324
G1 F8524 X147.716 Y162.15 E2893.76451
G1 X146.752 Y162.15 E2893.80579
G1 X145.788 Y162.15 E2893.84706
G1 F8508.3 X144.824 Y162.15 E2893.88841
G1 X143.86 Y162.15 E2893.92976
G1 X142.896 Y162.15 E2893.9711
G1 F8492.6 X141.932 Y162.15 E2894.01253
G1 X140.968 Y162.15 E2894.05395
G1 X140.004 Y162.15 E2894.09538
G1 F8477.1 X139.04 Y162.15 E2894.13688
G1 X138.076 Y162.15 E2894.17838
G1 X137.112 Y162.15 E2894.21988
G1 F8461.5 X136.148 Y162.15 E2894.26146
G1 X135.184 Y162.15 E2894.30304
G1 X134.22 Y162.15 E2894.34462
G1 F8446.1 X133.256 Y162.15 E2894.38627
G1 X132.292 Y162.15 E2894.42792
G1 X131.328 Y162.15 E2894.46958
G1 F8430.7 X130.364 Y162.15 E2894.51131
G1 X129.4 Y162.15 E2894.55304
G1 F8850.6 X129.185 Y162.082 E2894.56233
G1 F9788.1 X128.944 Y161.956 E2894.57247
G1 F10266.7 X128.605 Y161.469 E2894.59357
G1 X128.606 Y162.934 E2894.64564
G1 X128.944 Y162.344 E2894.66981
G1 F9788.1 X129.185 Y162.218 E2894.67995
G1 F8850.6 X129.4 Y162.15 E2894.68925
G1 F2400 E2894.18925
G1 F600 Z5.7
G0 F15000 X128.744 Y174.828 Z5.7
G1 F600 Z5.3
G1 F2400 E2894.68925
G1 F7938.1 X128.708 Y174.766 E2894.69255
G1 X128.636 Y174.766 E2894.69586
G1 X128.6 Y174.828 E2894.69915
G1 X128.636 Y174.89 E2894.70245
G1 X128.708 Y174.89 E2894.70576
G1 X128.744 Y174.828 E2894.70905
G1 F2400 E2894.20905
G1 F600 Z5.7
G0 F15000 X128.565 Y142.74 Z5.7
G1 F600 Z5.3
G1 F2400 E2894.70905
G1 F12486.5 X128.861 Y142.148 E2894.7284
G1 X129.125 Y142 E2894.73725
G1 X128.861 Y141.852 E2894.74609
G1 X128.565 Y141.369 E2894.76265
G1 X128.565 Y142.74 E2894.80272
G1 F2400 E2894.30272
G1 F600 Z5.7
G0 F15000 X128.573 Y130.017 Z5.7
G1 F600 Z5.3
G1 F2400 E2894.80272
G1 F11938 X128.879 Y129.425 E2894.82309
G1 F9788.1 X129.3 Y129.158 E2894.84168
G1 X128.767 Y129.073 E2894.8618
G1 F11938 X128.573 Y129.073 E2894.86773
G1 X128.573 Y130.017 E2894.89659
G1 F2400 E2894.39659
G1 F600 Z5.7
G0 F15000 X129.3 Y129.158 Z5.7
G1 F600 Z5.3
G1 F2400 E2894.89659
G1 F8415.3 X129.5 Y129.15 E2894.90527
G1 F8555.6 X162.5 Y129.15 E2896.31292
G1 F9428.6 X163.16 Y129.42 E2896.34052
G1 F10500 X163.516 Y129.877 E2896.36066
G1 X163.6 Y130.3 E2896.37565
G1 X163.6 Y133.966 E2896.50307
G1 X163.8 Y133.9 E2896.51039
G1 X174.5 Y133.9 E2896.88229
G1 X174.924 Y133.983 E2896.8973
G1 X175.4 Y134.354 E2896.91828
G1 X175.4 Y129.1 E2897.10089
G1 X163.267 Y129.099 E2897.5226
G1 F9428.6 X162.5 Y129.15 E2897.55235
G1 F2400 E2897.05235
G1 F600 Z5.7
G0 F15000 X163.15 Y135 Z5.7
G1 F600 Z5.3
G1 F2400 E2897.55235
G1 F10973.9 X163.149 Y135.873 E2897.58138
G1 F10947.9 X163.149 Y136.746 E2897.61048
G1 F10922 X163.148 Y137.619 E2897.63965
G1 F10896.2 X163.148 Y138.492 E2897.66889
G1 F10870.6 X163.147 Y139.365 E2897.6982
G1 F10845.1 X163.147 Y140.238 E2897.72758
G1 F10819.7 X163.146 Y141.111 E2897.75702
G1 F2400 E2897.25702
G1 F600 Z5.7
G0 F15000 X162.37 Y142.43 Z5.7
;TYPE:FILL
G1 F600 Z5.3
G1 F2400 E2897.75702
G1 F15000 X161.57 Y142.43 E2897.78483
G1 X154.931 Y149.069 E2898.11116
G1 X154.93 Y150.782 E2898.1707
G1 X162.37 Y158.221 E2898.53638
G1 X158.721 Y161.87 E2898.71574
G1 X161.869 Y161.869 E2898.82515
G1 X154.93 Y154.93 E2899.16623
G1 X154.931 Y153.217 E2899.22577
G1 X162.37 Y145.779 E2899.5914
G1 X159.022 Y142.43 E2899.75599
G1 X154.874 Y142.43 E2899.90016
G1 X162.37 Y149.925 E2900.26859
G1 X154.931 Y157.364 E2900.63424
G1 X154.93 Y159.078 E2900.69382
G1 X157.722 Y161.87 E2900.83105
G1 X154.576 Y161.871 E2900.9404
G1 X162.37 Y154.074 E2901.32358
G1 X154.93 Y146.634 E2901.68928
G1 X154.931 Y144.921 E2901.74882
G1 X157.422 Y142.43 E2901.87126
G1 X157.499 Y142.353
G1 F2400 E2901.37126
G1 F600 Z5.7
G0 F15000 X163.93 Y130.747 Z5.7
G1 F600 Z5.3
G1 F2400 E2901.87126
G1 F15000 X166.363 Y133.18 E2901.99085
G1 X166.363 Y133.57 E2902.0044
G1 X166.673 Y133.57 E2902.01518
G1 X166.673 Y133.179 E2902.02877
G1 X170.422 Y129.43 E2902.21305
G1 X170.909 Y129.43 E2902.22997
G1 X175.07 Y133.591 E2902.4345
G1 X175.07 Y133.68 E2902.43759
G1 X174.566 Y133.581 E2902.45545
G1 X175.07 Y133.077 E2902.48022
G1 X175.07 Y129.443 E2902.60653
G1 X174.57 Y129.43 E2902.62391
G1 X170.82 Y133.18 E2902.80824
G1 X170.82 Y133.57 E2902.82179
G1 X170.51 Y133.57 E2902.83257
G1 X170.51 Y133.179 E2902.84616
G1 X166.761 Y129.43 E2903.03043
G1 X166.275 Y129.429 E2903.04732
G1 X163.93 Y131.774 E2903.16259
G1 X163.93 Y130.289 E2903.2142
G1 X163.822 Y129.746 E2903.23345
G1 X163.575 Y129.429 E2903.24741
G1 X163.508 Y129.343
G1 F2400 E2902.74741
G1 F600 Z5.7
G0 F15000 X175.07 Y169.319 Z5.7
G1 F600 Z5.3
G1 F2400 E2903.24741
G1 F15000 X174.511 Y169.43 E2903.26722
G1 X173.578 Y169.43 E2903.29965
G1 X174.657 Y170.51 E2903.35271
G1 X175.07 Y170.51 E2903.36707
G1 X175.07 Y170.82 E2903.37784
G1 X174.658 Y170.82 E2903.39216
G1 X170.908 Y174.57 E2903.57649
G1 X170.422 Y174.57 E2903.59338
G1 X165.282 Y169.43 E2903.84603
G1 X167.753 Y169.43 E2903.93191
G1 X164.598 Y172.584 E2904.08697
G1 X163.93 Y172.584 E2904.11018
G1 X163.93 Y172.894 E2904.12096
G1 X164.598 Y172.894 E2904.14418
G1 X166.274 Y174.57 E2904.22656
G1 X166.761 Y174.57 E2904.24349
G1 X171.9 Y169.43 E2904.49611
G1 X169.43 Y169.43 E2904.58196
G1 X174.57 Y174.57 E2904.83461
G1 X175.07 Y174.556 E2904.85199
G1 X175.056 Y174.57 E2904.85268
G1 X174.979 Y174.647
G1 F2400 E2904.35268
G1 F600 Z5.7
;MESH:NONMESH
G0 F15000 X162.718 Y141.039 Z5.7
;TIME_ELAPSED:1111.353998
;LAYER:26
;MESH:case_VL53L8+RP2040-down.stl
G0 X162.718 Y141.039 Z5.9
;TYPE:WALL-OUTER
G1 F600 Z5.5
G1 F2400 E2904.85268
G1 F9000 X162.633 Y141.177 E2904.85832
G1 X162.5 Y141.22 E2904.86317
G1 X129.48 Y141.22 E2906.01084
G1 X129.368 Y141.176 E2906.01503
G1 X129.283 Y141.038 E2906.02066
G1 X129.28 Y130.3 E2906.39388
G1 X129.372 Y130.12 E2906.40091
G1 X129.462 Y130.083 E2906.40429
G1 X162.5 Y130.08 E2907.55258
G1 X162.632 Y130.124 E2907.55742
G1 X162.72 Y130.235 E2907.56234
G1 X162.718 Y141.039 E2907.93786
G1 F2400 E2907.43786
G1 F600 Z5.9
G0 F15000 X153.72 Y161.065 Z5.9
G1 F600 Z5.5
G1 F2400 E2907.93786
G1 F9000 X153.632 Y161.177 E2907.94281
G1 X153.538 Y161.217 E2907.94636
G1 X129.48 Y161.22 E2908.78254
G1 X129.389 Y161.191 E2908.78586
G1 X129.283 Y161.038 E2908.79233
G1 X129.28 Y156.72 E2908.94241
G1 X127.72 Y156.72 E2908.99663
G1 X127.721 Y175.779 E2909.65906
G1 X176.28 Y175.78 E2911.34682
G1 X176.28 Y128.22 E2912.99985
G1 X127.72 Y128.22 E2914.68764
G1 X127.72 Y147.28 E2915.35011
G1 X129.28 Y147.28 E2915.40433
G1 X129.28 Y143 E2915.55309
G1 X129.368 Y142.824 E2915.55993
G1 X129.48 Y142.78 E2915.56411
G1 X153.5 Y142.78 E2916.39897
G1 X153.633 Y142.823 E2916.40383
G1 X153.72 Y142.936 E2916.40878
G1 X153.72 Y161.065 E2917.03889
G1 F2400 E2916.53889
G1 F600 Z5.9
G0 F15000 X162.72 Y174.065 Z5.9
G1 F600 Z5.5
G1 F2400 E2917.03889
G1 F9000 X162.632 Y174.177 E2917.04384
G1 X162.538 Y174.217 E2917.04739
G1 X129.5 Y174.22 E2918.19569
G1 X129.344 Y174.156 E2918.20155
G1 X129.283 Y174.038 E2918.20617
G1 X129.28 Y163.3 E2918.57939
G1 X129.389 Y163.109 E2918.58703
G1 X129.48 Y163.08 E2918.59035
G1 X162.5 Y163.08 E2919.73802
G1 X162.633 Y163.123 E2919.74288
G1 X162.72 Y163.3 E2919.74973
G1 X162.72 Y174.065 E2920.12389
G1 F2400 E2919.62389
G1 F600 Z5.9
G0 F15000 X174.717 Y168.039 Z5.9
G1 F600 Z5.5
G1 F2400 E2920.12389
G1 F9000 X174.677 Y168.132 E2920.12741
G1 X174.565 Y168.22 E2920.13236
G1 X163.8 Y168.22 E2920.50652
G1 X163.667 Y168.176 E2920.51139
G1 X163.583 Y168.038 E2920.517
G1 X163.58 Y135 E2921.6653
G1 X163.667 Y134.824 E2921.67212
G1 X163.8 Y134.78 E2921.67699
G1 X174.564 Y134.78 E2922.05111
G1 X174.677 Y134.867 E2922.05607
G1 X174.72 Y135 E2922.06093
G1 X174.717 Y168.039 E2923.20926
G0 F15000 X175.03 Y168.396
;TYPE:WALL-INNER
G1 F10500 X174.755 Y168.61 E2923.22137
G1 X174.5 Y168.66 E2923.2304
G1 X163.8 Y168.66 E2923.6023
G1 X163.403 Y168.528 E2923.61684
G1 F10596.3 X163.154 Y168.113 E2923.63351
G1 X163.16 Y168.65 E2923.65201
G1 F10500 X163.16 Y174 E2923.83795
G1 X163.11 Y174.255 E2923.84699
G1 X162.896 Y174.529 E2923.85907
G1 F9166.7 X162.625 Y174.714 E2923.87213
G1 F8133.8 X161.651 Y174.714 E2923.91584
G1 X160.677 Y174.714 E2923.95954
G1 F8148.1 X159.703 Y174.715 E2924.00316
G1 X158.729 Y174.715 E2924.04679
G1 X157.755 Y174.715 E2924.09041
G1 X156.781 Y174.715 E2924.13403
G1 F8162.5 X155.807 Y174.715 E2924.17758
G1 X154.833 Y174.715 E2924.22113
G1 X153.859 Y174.716 E2924.26468
G1 X152.885 Y174.716 E2924.30822
G1 X151.911 Y174.716 E2924.35177
G1 F8177 X150.937 Y174.716 E2924.39524
G1 X149.963 Y174.716 E2924.43871
G1 X148.989 Y174.716 E2924.48218
G1 X148.015 Y174.717 E2924.52565
G1 F8191.5 X147.041 Y174.717 E2924.56905
G1 X146.067 Y174.717 E2924.61244
G1 X145.093 Y174.717 E2924.65583
G1 X144.119 Y174.717 E2924.69923
G1 F8206 X143.145 Y174.718 E2924.74255
G1 X142.171 Y174.718 E2924.78586
G1 X141.197 Y174.718 E2924.82918
G1 X140.223 Y174.718 E2924.87249
G1 F8220.6 X139.249 Y174.718 E2924.91573
G1 X138.275 Y174.718 E2924.95897
G1 X137.301 Y174.719 E2925.00221
G1 X136.327 Y174.719 E2925.04545
G1 X135.353 Y174.719 E2925.08869
G1 F8235.3 X134.379 Y174.719 E2925.13186
G1 X133.405 Y174.719 E2925.17502
G1 X132.431 Y174.719 E2925.21818
G1 X131.457 Y174.72 E2925.26134
G1 F8250 X130.483 Y174.72 E2925.30443
G1 X129.509 Y174.72 E2925.34752
G1 F9240 X129.033 Y174.467 E2925.36881
G1 F9166.7 X128.786 Y174.125 E2925.3856
G1 F8133.8 X128.785 Y173.141 E2925.42975
G1 F8148.1 X128.785 Y172.157 E2925.47383
G1 F8162.5 X128.784 Y171.173 E2925.51782
G1 F8177 X128.784 Y170.189 E2925.56174
G1 X128.783 Y169.205 E2925.60565
G1 F8191.5 X128.783 Y168.221 E2925.64949
G1 F8206 X128.782 Y167.237 E2925.69325
G1 X128.782 Y166.253 E2925.73702
G1 F8220.6 X128.781 Y165.269 E2925.7807
G1 F8235.3 X128.781 Y164.285 E2925.82431
G1 F8250 X128.78 Y163.301 E2925.86783
G1 F9240 X129.168 Y162.729 E2925.89513
G1 F10500 X129.442 Y162.642 E2925.90512
G1 X162.5 Y162.64 E2927.05412
G1 X162.897 Y162.771 E2927.06865
G1 F10744.2 X163.15 Y163.3 E2927.08856
G1 X163.14 Y162.65 E2927.11065
G1 F10500 X163.14 Y141.65 E2927.84054
G1 F10645.2 X163.146 Y141.113 E2927.85895
G1 X162.897 Y141.529 E2927.87557
G1 F10500 X162.5 Y141.66 E2927.8901
G1 X154.167 Y141.66 E2928.17973
G1 F9240 X153.5 Y141.72 E2928.20618
G1 F8250 X151.649 Y141.72 E2928.28806
G1 X149.798 Y141.72 E2928.36994
G1 F8235.3 X147.947 Y141.72 E2928.45197
G1 X146.096 Y141.72 E2928.534
G1 X144.245 Y141.72 E2928.61602
G1 F8220.6 X142.394 Y141.72 E2928.6982
G1 X140.543 Y141.72 E2928.78037
G1 X138.692 Y141.72 E2928.86254
G1 F8206 X136.841 Y141.72 E2928.94486
G1 X134.99 Y141.72 E2929.02718
G1 X133.139 Y141.72 E2929.1095
G1 F8191.5 X131.288 Y141.72 E2929.19197
G1 X129.437 Y141.72 E2929.27443
G1 F9203.2 X129.268 Y141.618 E2929.28226
G1 F10500 X129.104 Y141.528 E2929.28876
G1 F9166.7 X128.786 Y141.125 E2929.3092
G1 F8133.8 X128.785 Y140.141 E2929.35335
G1 F8148.1 X128.785 Y139.157 E2929.39742
G1 F8162.5 X128.784 Y138.173 E2929.44142
G1 F8177 X128.784 Y137.189 E2929.48533
G1 X128.783 Y136.205 E2929.52925
G1 F8191.5 X128.783 Y135.221 E2929.57309
G1 F8206 X128.782 Y134.237 E2929.61685
G1 X128.782 Y133.253 E2929.66061
G1 F8220.6 X128.781 Y132.269 E2929.7043
G1 F8235.3 X128.781 Y131.285 E2929.7479
G1 F8250 X128.78 Y130.301 E2929.79143
G1 F9240 X129.118 Y129.761 E2929.81659
G1 F10500 X129.408 Y129.64 E2929.82751
G1 X162.5 Y129.64 E2930.97769
G1 X162.896 Y129.772 E2930.9922
G1 X163.11 Y130.046 E2931.00428
G1 X163.16 Y130.3 E2931.01328
G1 X163.16 Y134.35 E2931.15404
G1 F10744.2 X163.15 Y135 E2931.17612
G1 X163.403 Y134.472 E2931.19601
G1 F10500 X163.8 Y134.34 E2931.21055
G1 X174.5 Y134.34 E2931.58245
G1 X174.755 Y134.39 E2931.59148
G1 X175.029 Y134.603 E2931.60354
G1 F9240 X175.22 Y135 E2931.62094
G1 F8250 X175.22 Y137.547 E2931.73361
G1 X175.22 Y140.094 E2931.84628
G1 F8235.3 X175.22 Y142.641 E2931.95915
G1 X175.22 Y145.188 E2932.07202
G1 X175.22 Y147.735 E2932.18489
G1 X175.22 Y150.282 E2932.29776
G1 F8220.6 X175.22 Y152.829 E2932.41083
G1 X175.22 Y155.376 E2932.52391
G1 X175.22 Y157.923 E2932.63698
G1 X175.22 Y160.47 E2932.75005
G1 X175.22 Y163.017 E2932.86312
G1 F8206 X175.22 Y165.564 E2932.97639
G1 X175.22 Y168.111 E2933.08967
G1 F9203.2 X175.03 Y168.396 E2933.10325
G0 F15000 X175.777 Y168.174
G1 F8148.1 X175.777 Y167.068 E2933.15279
G1 X175.777 Y165.962 E2933.20232
G1 F8162.5 X175.777 Y164.856 E2933.25177
G1 X175.777 Y163.75 E2933.30122
G1 X175.778 Y162.644 E2933.35067
G1 X175.778 Y161.538 E2933.40012
G1 F8177 X175.778 Y160.432 E2933.44948
G1 X175.778 Y159.326 E2933.49884
G1 X175.778 Y158.22 E2933.5482
G1 X175.778 Y157.114 E2933.59757
G1 X175.778 Y156.008 E2933.64693
G1 F8191.5 X175.778 Y154.902 E2933.6962
G1 X175.778 Y153.796 E2933.74548
G1 X175.778 Y152.69 E2933.79475
G1 X175.779 Y151.584 E2933.84403
G1 F8206 X175.779 Y150.478 E2933.89321
G1 X175.779 Y149.372 E2933.9424
G1 X175.779 Y148.266 E2933.99159
G1 X175.779 Y147.16 E2934.04077
G1 F8220.6 X175.779 Y146.054 E2934.08987
G1 X175.779 Y144.948 E2934.13897
G1 X175.779 Y143.842 E2934.18807
G1 X175.779 Y142.736 E2934.23717
G1 X175.779 Y141.63 E2934.28627
G1 F8235.3 X175.78 Y140.524 E2934.33528
G1 X175.78 Y139.418 E2934.3843
G1 X175.78 Y138.312 E2934.43331
G1 X175.78 Y137.206 E2934.48232
G1 F8250 X175.78 Y136.1 E2934.53125
G1 X175.78 Y134.994 E2934.58017
G1 F9240 X175.84 Y134.333 E2934.60639
G1 F10500 X175.84 Y128.66 E2934.80356
G1 X128.16 Y128.66 E2936.46077
G1 X128.16 Y129.267 E2936.48187
G1 F9829.8 X128.19 Y129.784 E2936.50109
G1 F8717 X128.22 Y130.301 E2936.52277
G1 F8250 X128.22 Y131.289 E2936.56648
G1 F8235.3 X128.221 Y132.278 E2936.61031
G1 F8220.6 X128.221 Y133.267 E2936.65421
G1 F8206 X128.221 Y134.256 E2936.6982
G1 X128.222 Y135.245 E2936.74218
G1 F8191.5 X128.222 Y136.234 E2936.78624
G1 F8177 X128.223 Y137.223 E2936.83038
G1 X128.223 Y138.212 E2936.87452
G1 F8162.5 X128.223 Y139.201 E2936.91874
G1 F8148.1 X128.224 Y140.19 E2936.96304
G1 F8133.8 X128.224 Y141.179 E2937.00741
G1 F9166.7 X128.16 Y142 E2937.0402
G1 F9829.8 X128.19 Y142.5 E2937.05879
G1 F8717 X128.22 Y143 E2937.07976
G1 F8250 X128.22 Y146.78 E2937.24697
G1 X128.78 Y146.78 E2937.27175
G1 X128.78 Y143 E2937.43896
G1 F9240 X129.104 Y142.472 E2937.46343
G1 F10500 X129.268 Y142.382 E2937.46993
G1 F9203.2 X129.437 Y142.28 E2937.47776
G1 F8191.5 X131.288 Y142.28 E2937.56022
G1 X133.139 Y142.28 E2937.64269
G1 F8206 X134.99 Y142.28 E2937.72501
G1 X136.841 Y142.28 E2937.80733
G1 X138.692 Y142.28 E2937.88965
G1 F8220.6 X140.543 Y142.28 E2937.97182
G1 X142.394 Y142.28 E2938.05399
G1 X144.245 Y142.28 E2938.13616
G1 F8235.3 X146.096 Y142.28 E2938.21819
G1 X147.947 Y142.28 E2938.30022
G1 X149.798 Y142.28 E2938.38225
G1 F8250 X151.649 Y142.28 E2938.46413
G1 X153.5 Y142.28 E2938.54601
G1 F9240 X153.897 Y142.471 E2938.56341
G1 F10500 X154.11 Y142.746 E2938.5755
G1 X154.16 Y143 E2938.5845
G1 X154.16 Y161 E2939.21012
G1 X154.11 Y161.255 E2939.21915
G1 X153.896 Y161.529 E2939.23123
G1 X153.593 Y161.66 E2939.24271
G1 X129.442 Y161.658 E2940.08212
G1 X129.168 Y161.571 E2940.09211
G1 F9166.7 X128.786 Y161.125 E2940.11549
G1 F8148.1 X128.785 Y160.149 E2940.15921
G1 F8177 X128.783 Y159.173 E2940.20277
G1 F8206 X128.782 Y158.197 E2940.24617
G1 F8235.3 X128.78 Y157.221 E2940.28942
G1 F8250 X128.22 Y157.22 E2940.31419
G1 F8235.3 X128.221 Y158.209 E2940.35802
G1 F8206 X128.222 Y159.198 E2940.40201
G1 F8177 X128.223 Y160.187 E2940.44615
G1 F8148.1 X128.224 Y161.176 E2940.49044
G1 F9166.7 X128.161 Y162.15 E2940.5293
G1 F9829.8 X128.19 Y162.725 E2940.55068
G1 F8717 X128.22 Y163.3 E2940.57478
G1 F8250 X128.22 Y164.289 E2940.61853
G1 F8235.3 X128.221 Y165.278 E2940.66236
G1 F8220.6 X128.221 Y166.267 E2940.70626
G1 F8206 X128.221 Y167.256 E2940.75025
G1 X128.222 Y168.245 E2940.79423
G1 F8191.5 X128.222 Y169.234 E2940.83829
G1 F8177 X128.223 Y170.223 E2940.88243
G1 X128.223 Y171.212 E2940.92657
G1 F8162.5 X128.223 Y172.201 E2940.97079
G1 F8148.1 X128.224 Y173.19 E2941.01509
G1 F8133.8 X128.224 Y174.179 E2941.05946
G1 F9166.7 X128.161 Y174.828 E2941.08542
G1 F10500 X128.161 Y175.339 E2941.10318
G1 X128.672 Y175.339 E2941.12094
G1 F9240 X129.5 Y175.28 E2941.15373
G1 F8250 X130.476 Y175.28 E2941.1969
G1 X131.452 Y175.28 E2941.24008
G1 F8235.3 X132.428 Y175.28 E2941.28333
G1 X133.404 Y175.28 E2941.32658
G1 X134.38 Y175.279 E2941.36983
G1 X135.356 Y175.279 E2941.41308
G1 F8220.6 X136.332 Y175.279 E2941.45641
G1 X137.308 Y175.279 E2941.49974
G1 X138.284 Y175.279 E2941.54307
G1 X139.26 Y175.279 E2941.5864
G1 X140.236 Y175.279 E2941.62973
G1 F8206 X141.212 Y175.279 E2941.67313
G1 X142.188 Y175.278 E2941.71654
G1 X143.164 Y175.278 E2941.75994
G1 X144.14 Y175.278 E2941.80335
G1 F8191.5 X145.116 Y175.278 E2941.84683
G1 X146.092 Y175.278 E2941.89031
G1 X147.068 Y175.278 E2941.9338
G1 X148.044 Y175.278 E2941.97728
G1 F8177 X149.02 Y175.278 E2942.02084
G1 X149.996 Y175.278 E2942.0644
G1 X150.972 Y175.277 E2942.10796
G1 X151.948 Y175.277 E2942.15152
G1 F8162.5 X152.924 Y175.277 E2942.19516
G1 X153.9 Y175.277 E2942.23879
G1 X154.876 Y175.277 E2942.28243
G1 X155.852 Y175.277 E2942.32607
G1 X156.828 Y175.277 E2942.3697
G1 F8148.1 X157.804 Y175.277 E2942.41342
G1 X158.78 Y175.276 E2942.45713
G1 X159.756 Y175.276 E2942.50084
G1 X160.732 Y175.276 E2942.54456
G1 F8133.8 X161.708 Y175.276 E2942.58835
G1 X162.684 Y175.276 E2942.63214
G1 F9166.7 X163.166 Y175.341 E2942.6515
G1 F10500 X175.84 Y175.34 E2943.09201
G1 X175.84 Y168.666 E2943.32398
G1 F9166.7 X175.777 Y168.174 E2943.34373
G0 F15000 X175.4 Y168.646
G1 F10500 X174.924 Y169.016 E2943.36468
G1 X174.5 Y169.1 E2943.37971
G1 X163.8 Y169.1 E2943.7516
G1 X163.6 Y169.034 E2943.75892
G1 X163.6 Y174 E2943.93153
G1 X163.516 Y174.424 E2943.94655
G1 X163.143 Y174.901 E2943.9676
G1 X175.4 Y174.9 E2944.39361
G1 X175.4 Y168.646 E2944.61098
G1 F2400 E2944.11098
G1 F600 Z5.9
G0 F15000 X163.154 Y168.113 Z5.9
G1 F600 Z5.5
G1 F2400 E2944.61098
G1 F10719.3 X163.153 Y167.511 E2944.63147
G1 F10744.2 X163.153 Y166.909 E2944.65192
G1 F10794.4 X163.152 Y166.307 E2944.67228
G1 F10819.7 X163.152 Y165.705 E2944.69258
G1 F10870.6 X163.151 Y165.103 E2944.71279
G1 F10896.2 X163.151 Y164.501 E2944.73295
G1 F10947.9 X163.15 Y163.899 E2944.75302
G1 F10973.9 X163.15 Y163.297 E2944.77304
G1 F2400 E2944.27304
G1 F600 Z5.9
G0 F15000 X162.7 Y162.266 Z5.9
G1 F600 Z5.5
G1 F2400 E2944.77304
G1 F10500 X162.7 Y142.034 E2945.47624
G1 X162.5 Y142.1 E2945.48356
G1 X154.146 Y142.1 E2945.77392
G1 X154.516 Y142.576 E2945.79488
G1 X154.6 Y143 E2945.8099
G1 X154.6 Y161 E2946.43552
G1 X154.516 Y161.424 E2946.45055
G1 X154.16 Y161.881 E2946.47068
G1 F9258.5 X153.7 Y162.142 E2946.49153
G1 X154.266 Y162.2 E2946.51395
G1 F10500 X162.5 Y162.2 E2946.80014
G1 X162.7 Y162.266 E2946.80746
G1 F2400 E2946.30746
G1 F600 Z5.9
G0 F15000 X153.7 Y162.142 Z5.9
G1 F600 Z5.5
G1 F2400 E2946.80746
G1 F8415.3 X153.5 Y162.15 E2946.81614
G1 F8555.6 X152.536 Y162.15 E2946.85726
G1 X151.572 Y162.15 E2946.89838
G1 F8539.7 X150.608 Y162.15 E2946.93958
G1 X149.644 Y162.15 E2946.98078
G1 X148.68 Y162.15 E2947.02197
G1 F8524 X147.716 Y162.15 E2947.06325
G1 X146.752 Y162.15 E2947.10452
G1 X145.788 Y162.15 E2947.14579
G1 F8508.3 X144.824 Y162.15 E2947.18714
G1 X143.86 Y162.15 E2947.22849
G1 X142.896 Y162.15 E2947.26984
G1 F8492.6 X141.932 Y162.15 E2947.31126
G1 X140.968 Y162.15 E2947.35269
G1 X140.004 Y162.15 E2947.39411
G1 F8477.1 X139.04 Y162.15 E2947.43562
G1 X138.076 Y162.15 E2947.47712
G1 X137.112 Y162.15 E2947.51862
G1 F8461.5 X136.148 Y162.15 E2947.5602
G1 X135.184 Y162.15 E2947.60177
G1 X134.22 Y162.15 E2947.64335
G1 F8446.1 X133.256 Y162.15 E2947.685
G1 X132.292 Y162.15 E2947.72666
G1 X131.328 Y162.15 E2947.76831
G1 F8430.7 X130.364 Y162.15 E2947.81004
G1 X129.4 Y162.15 E2947.85177
G1 F8850.6 X129.185 Y162.082 E2947.86107
G1 F9788.1 X128.944 Y161.956 E2947.87121
G1 F10266.7 X128.605 Y161.469 E2947.8923
G1 X128.606 Y162.934 E2947.94438
G1 X128.944 Y162.344 E2947.96855
G1 F9788.1 X129.185 Y162.218 E2947.97869
G1 F8850.6 X129.4 Y162.15 E2947.98798
G1 F2400 E2947.48798
G1 F600 Z5.9
G0 F15000 X128.744 Y174.828 Z5.9
G1 F600 Z5.5
G1 F2400 E2947.98798
G1 F7938.1 X128.708 Y174.766 E2947.99128
G1 X128.636 Y174.766 E2947.99459
G1 X128.6 Y174.828 E2947.99789
G1 X128.636 Y174.89 E2948.00118
G1 X128.708 Y174.89 E2948.00449
G1 X128.744 Y174.828 E2948.00779
G1 F2400 E2947.50779
G1 F600 Z5.9
G0 F15000 X128.565 Y142.74 Z5.9
G1 F600 Z5.5
G1 F2400 E2948.00779
G1 F12486.5 X128.861 Y142.148 E2948.02713
G1 X129.125 Y142 E2948.03598
G1 X128.861 Y141.852 E2948.04483
G1 X128.565 Y141.369 E2948.06138
G1 X128.565 Y142.74 E2948.10145
G1 F2400 E2947.60145
G1 F600 Z5.9
G0 F15000 X128.573 Y130.017 Z5.9
G1 F600 Z5.5
G1 F2400 E2948.10145
G1 F11938 X128.879 Y129.425 E2948.12183
G1 F9788.1 X129.3 Y129.158 E2948.14041
G1 X128.767 Y129.073 E2948.16054
G1 F11938 X128.573 Y129.073 E2948.16647
G1 X128.573 Y130.017 E2948.19533
G1 F2400 E2947.69533
G1 F600 Z5.9
G0 F15000 X129.3 Y129.158 Z5.9
G1 F600 Z5.5
G1 F2400 E2948.19533
G1 F8415.3 X129.5 Y129.15 E2948.20401
G1 F8555.6 X162.5 Y129.15 E2949.61166
G1 F9428.6 X163.16 Y129.42 E2949.63926
G1 F10500 X163.516 Y129.877 E2949.65939
G1 X163.6 Y130.3 E2949.67438
G1 X163.6 Y133.966 E2949.8018
G1 X163.8 Y133.9 E2949.80912
G1 X174.5 Y133.9 E2950.18102
G1 X174.924 Y133.983 E2950.19604
G1 X175.4 Y134.354 E2950.21701
G1 X175.4 Y129.1 E2950.39962
G1 X163.267 Y129.099 E2950.82133
G1 F9428.6 X162.5 Y129.15 E2950.85108
G1 F2400 E2950.35108
G1 F600 Z5.9
G0 F15000 X163.15 Y135 Z5.9
G1 F600 Z5.5
G1 F2400 E2950.85108
G1 F10973.9 X163.149 Y135.873 E2950.88012
G1 F10947.9 X163.149 Y136.746 E2950.90922
G1 F10922 X163.148 Y137.619 E2950.93839
G1 F10896.2 X163.148 Y138.492 E2950.96763
G1 F10870.6 X163.147 Y139.365 E2950.99693
G1 F10845.1 X163.147 Y140.238 E2951.02631
G1 F10819.7 X163.146 Y141.111 E2951.05576
G1 F2400 E2950.55576
G1 F600 Z5.9
G0 F15000 X162.37 Y142.43 Z5.9
;TYPE:FILL
G1 F600 Z5.5
G1 F2400 E2951.05576
G1 F15000 X161.57 Y142.43 E2951.08356
G1 X154.931 Y149.069 E2951.40989
G1 X154.93 Y150.782 E2951.46943
G1 X162.37 Y158.221 E2951.83511
G1 X158.721 Y161.87 E2952.01447
G1 X161.869 Y161.869 E2952.12389
G1 X154.93 Y154.93 E2952.46496
G1 X154.931 Y153.217 E2952.5245
G1 X162.37 Y145.779 E2952.89013
G1 X159.022 Y142.43 E2953.05472
G1 X154.874 Y142.43 E2953.19889
G1 X162.37 Y149.925 E2953.56732
G1 X154.931 Y157.364 E2953.93298
G1 X154.93 Y159.078 E2953.99255
G1 X157.722 Y161.87 E2954.12979
G1 X154.576 Y161.871 E2954.23913
G1 X162.37 Y154.074 E2954.62231
G1 X154.93 Y146.634 E2954.98801
G1 X154.931 Y144.921 E2955.04755
G1 X157.422 Y142.43 E2955.16999
G1 X157.499 Y142.353
G1 F2400 E2954.66999
G1 F600 Z5.9
G0 F15000 X163.93 Y130.747 Z5.9
G1 F600 Z5.5
G1 F2400 E2955.16999
G1 F15000 X166.363 Y133.18 E2955.28958
G1 X166.363 Y133.57 E2955.30314
G1 X166.673 Y133.57 E2955.31391
G1 X166.673 Y133.179 E2955.3275
G1 X170.422 Y129.43 E2955.51178
G1 X170.909 Y129.43 E2955.52871
G1 X175.07 Y133.591 E2955.73323
G1 X175.07 Y133.68 E2955.73633
G1 X174.566 Y133.581 E2955.75418
G1 X175.07 Y133.077 E2955.77895
G1 X175.07 Y129.443 E2955.90526
G1 X174.57 Y129.43 E2955.92264
G1 X170.82 Y133.18 E2956.10697
G1 X170.82 Y133.57 E2956.12053
G1 X170.51 Y133.57 E2956.1313
G1 X170.51 Y133.179 E2956.14489
G1 X166.761 Y129.43 E2956.32917
G1 X166.275 Y129.429 E2956.34606
G1 X163.93 Y131.774 E2956.46132
G1 X163.93 Y130.289 E2956.51294
G1 X163.822 Y129.746 E2956.53218
G1 X163.575 Y129.429 E2956.54615
G1 X163.508 Y129.343
G1 F2400 E2956.04615
G1 F600 Z5.9
G0 F15000 X175.07 Y169.319 Z5.9
G1 F600 Z5.5
G1 F2400 E2956.54615
G1 F15000 X174.511 Y169.43 E2956.56596
G1 X173.578 Y169.43 E2956.59838
G1 X174.657 Y170.51 E2956.65145
G1 X175.07 Y170.51 E2956.6658
G1 X175.07 Y170.82 E2956.67658
G1 X174.658 Y170.82 E2956.6909
G1 X170.908 Y174.57 E2956.87522
G1 X170.422 Y174.57 E2956.89211
G1 X165.282 Y169.43 E2957.14476
G1 X167.753 Y169.43 E2957.23065
G1 X164.598 Y172.584 E2957.3857
G1 X163.93 Y172.584 E2957.40892
G1 X163.93 Y172.894 E2957.41969
G1 X164.598 Y172.894 E2957.44291
G1 X166.274 Y174.57 E2957.52529
G1 X166.761 Y174.57 E2957.54222
G1 X171.9 Y169.43 E2957.79484
G1 X169.43 Y169.43 E2957.88069
G1 X174.57 Y174.57 E2958.13334
G1 X175.07 Y174.556 E2958.15073
G1 X175.056 Y174.57 E2958.15142
G1 X174.979 Y174.647
G1 F2400 E2957.65142
G1 F600 Z5.9
;MESH:NONMESH
G0 F15000 X162.718 Y141.039 Z5.9
;TIME_ELAPSED:1131.323710
;LAYER:27
;MESH:case_VL53L8+RP2040-down.stl
G0 X162.718 Y141.039 Z6.1
;TYPE:WALL-OUTER
G1 F600 Z5.7
G1 F2400 E2958.15142
G1 F9000 X162.633 Y141.177 E2958.15705
G1 X162.5 Y141.22 E2958.16191
G1 X129.48 Y141.22 E2959.30958
G1 X129.368 Y141.176 E2959.31376
G1 X129.283 Y141.038 E2959.31939
G1 X129.28 Y130.3 E2959.69261
G1 X129.372 Y130.12 E2959.69964
G1 X129.462 Y130.083 E2959.70302
G1 X162.5 Y130.08 E2960.85132
G1 X162.632 Y130.124 E2960.85615
G1 X162.72 Y130.235 E2960.86108
G1 X162.718 Y141.039 E2961.23659
G1 F2400 E2960.73659
G1 F600 Z6.1
G0 F15000 X153.72 Y161.065 Z6.1
G1 F600 Z5.7
G1 F2400 E2961.23659
G1 F9000 X153.632 Y161.177 E2961.24154
G1 X153.538 Y161.217 E2961.24509
G1 X129.48 Y161.22 E2962.08127
G1 X129.389 Y161.191 E2962.08459
G1 X129.283 Y161.038 E2962.09106
G1 X129.28 Y156.72 E2962.24114
G1 X127.72 Y156.72 E2962.29536
G1 X127.721 Y175.779 E2962.95779
G1 X176.28 Y175.78 E2964.64555
G1 X176.28 Y128.22 E2966.29859
G1 X127.72 Y128.22 E2967.98638
G1 X127.72 Y147.28 E2968.64884
G1 X129.28 Y147.28 E2968.70306
G1 X129.28 Y143 E2968.85182
G1 X129.368 Y142.824 E2968.85866
G1 X129.48 Y142.78 E2968.86284
G1 X153.5 Y142.78 E2969.6977
G1 X153.633 Y142.823 E2969.70256
G1 X153.72 Y142.936 E2969.70752
G1 X153.72 Y161.065 E2970.33763
G1 F2400 E2969.83763
G1 F600 Z6.1
G0 F15000 X162.72 Y174.065 Z6.1
G1 F600 Z5.7
G1 F2400 E2970.33763
G1 F9000 X162.632 Y174.177 E2970.34258
G1 X162.538 Y174.217 E2970.34613
G1 X129.5 Y174.22 E2971.49442
G1 X129.344 Y174.156 E2971.50028
G1 X129.283 Y174.038 E2971.5049
G1 X129.28 Y163.3 E2971.87812
G1 X129.389 Y163.109 E2971.88576
G1 X129.48 Y163.08 E2971.88908
G1 X162.5 Y163.08 E2973.03675
G1 X162.633 Y163.123 E2973.04161
G1 X162.72 Y163.3 E2973.04847
G1 X162.72 Y174.065 E2973.42262
G1 F2400 E2972.92262
G1 F600 Z6.1
G0 F15000 X174.717 Y168.039 Z6.1
G1 F600 Z5.7
G1 F2400 E2973.42262
G1 F9000 X174.677 Y168.132 E2973.42614
G1 X174.565 Y168.22 E2973.43109
G1 X163.8 Y168.22 E2973.80525
G1 X163.667 Y168.176 E2973.81012
G1 X163.583 Y168.038 E2973.81574
G1 X163.58 Y135 E2974.96403
G1 X163.667 Y134.824 E2974.97086
G1 X163.8 Y134.78 E2974.97572
G1 X174.564 Y134.78 E2975.34985
G1 X174.677 Y134.867 E2975.3548
G1 X174.72 Y135 E2975.35966
G1 X174.717 Y168.039 E2976.50799
G0 F15000 X175.03 Y168.396
;TYPE:WALL-INNER
G1 F10500 X174.755 Y168.61 E2976.5201
G1 X174.5 Y168.66 E2976.52914
G1 X163.8 Y168.66 E2976.90103
G1 X163.403 Y168.528 E2976.91558
G1 F10596.3 X163.154 Y168.113 E2976.93224
G1 X163.16 Y168.65 E2976.95074
G1 F10500 X163.16 Y174 E2977.13669
G1 X163.11 Y174.255 E2977.14572
G1 X162.896 Y174.529 E2977.1578
G1 F9166.7 X162.625 Y174.714 E2977.17087
G1 F8133.8 X161.651 Y174.714 E2977.21457
G1 X160.677 Y174.714 E2977.25827
G1 F8148.1 X159.703 Y174.715 E2977.3019
G1 X158.729 Y174.715 E2977.34552
G1 X157.755 Y174.715 E2977.38914
G1 X156.781 Y174.715 E2977.43277
G1 F8162.5 X155.807 Y174.715 E2977.47632
G1 X154.833 Y174.715 E2977.51986
G1 X153.859 Y174.716 E2977.56341
G1 X152.885 Y174.716 E2977.60696
G1 X151.911 Y174.716 E2977.65051
G1 F8177 X150.937 Y174.716 E2977.69398
G1 X149.963 Y174.716 E2977.73745
G1 X148.989 Y174.716 E2977.78092
G1 X148.015 Y174.717 E2977.82439
G1 F8191.5 X147.041 Y174.717 E2977.86778
G1 X146.067 Y174.717 E2977.91118
G1 X145.093 Y174.717 E2977.95457
G1 X144.119 Y174.717 E2977.99796
G1 F8206 X143.145 Y174.718 E2978.04128
G1 X142.171 Y174.718 E2978.0846
G1 X141.197 Y174.718 E2978.12791
G1 X140.223 Y174.718 E2978.17123
G1 F8220.6 X139.249 Y174.718 E2978.21447
G1 X138.275 Y174.718 E2978.25771
G1 X137.301 Y174.719 E2978.30095
G1 X136.327 Y174.719 E2978.34419
G1 X135.353 Y174.719 E2978.38743
G1 F8235.3 X134.379 Y174.719 E2978.43059
G1 X133.405 Y174.719 E2978.47375
G1 X132.431 Y174.719 E2978.51692
G1 X131.457 Y174.72 E2978.56008
G1 F8250 X130.483 Y174.72 E2978.60316
G1 X129.509 Y174.72 E2978.64625
G1 F9240 X129.033 Y174.467 E2978.66754
G1 F9166.7 X128.786 Y174.125 E2978.68434
G1 F8133.8 X128.785 Y173.141 E2978.72849
G1 F8148.1 X128.785 Y172.157 E2978.77256
G1 F8162.5 X128.784 Y171.173 E2978.81655
G1 F8177 X128.784 Y170.189 E2978.86047
G1 X128.783 Y169.205 E2978.90439
G1 F8191.5 X128.783 Y168.221 E2978.94823
G1 F8206 X128.782 Y167.237 E2978.99199
G1 X128.782 Y166.253 E2979.03575
G1 F8220.6 X128.781 Y165.269 E2979.07943
G1 F8235.3 X128.781 Y164.285 E2979.12304
G1 F8250 X128.78 Y163.301 E2979.16657
G1 F9240 X129.168 Y162.729 E2979.19387
G1 F10500 X129.442 Y162.642 E2979.20386
G1 X162.5 Y162.64 E2980.35285
G1 X162.897 Y162.771 E2980.36738
G1 F10744.2 X163.15 Y163.3 E2980.3873
G1 X163.14 Y162.65 E2980.40938
G1 F10500 X163.14 Y141.65 E2981.13927
G1 F10645.2 X163.146 Y141.113 E2981.15768
G1 X162.897 Y141.529 E2981.17431
G1 F10500 X162.5 Y141.66 E2981.18884
G1 X154.167 Y141.66 E2981.47846
G1 F9240 X153.5 Y141.72 E2981.50492
G1 F8250 X151.649 Y141.72 E2981.5868
G1 X149.798 Y141.72 E2981.66868
G1 F8235.3 X147.947 Y141.72 E2981.7507
G1 X146.096 Y141.72 E2981.83273
G1 X144.245 Y141.72 E2981.91476
G1 F8220.6 X142.394 Y141.72 E2981.99693
G1 X140.543 Y141.72 E2982.0791
G1 X138.692 Y141.72 E2982.16128
G1 F8206 X136.841 Y141.72 E2982.2436
G1 X134.99 Y141.72 E2982.32592
G1 X133.139 Y141.72 E2982.40824
G1 F8191.5 X131.288 Y141.72 E2982.4907
G1 X129.437 Y141.72 E2982.57317
G1 F9203.2 X129.268 Y141.618 E2982.58099
G1 F10500 X129.104 Y141.528 E2982.5875
G1 F9166.7 X128.786 Y141.125 E2982.60793
G1 F8133.8 X128.785 Y140.141 E2982.65208
G1 F8148.1 X128.785 Y139.157 E2982.69616
G1 F8162.5 X128.784 Y138.173 E2982.74015
G1 F8177 X128.784 Y137.189 E2982.78407
G1 X128.783 Y136.205 E2982.82799
G1 F8191.5 X128.783 Y135.221 E2982.87182
G1 F8206 X128.782 Y134.237 E2982.91559
G1 X128.782 Y133.253 E2982.95935
G1 F8220.6 X128.781 Y132.269 E2983.00303
G1 F8235.3 X128.781 Y131.285 E2983.04664
G1 F8250 X128.78 Y130.301 E2983.09016
G1 F9240 X129.118 Y129.761 E2983.11533
G1 F10500 X129.408 Y129.64 E2983.12625
G1 X162.5 Y129.64 E2984.27642
G1 X162.896 Y129.772 E2984.29093
G1 X163.11 Y130.046 E2984.30301
G1 X163.16 Y130.3 E2984.31201
G1 X163.16 Y134.35 E2984.45278
G1 F10744.2 X163.15 Y135 E2984.47486
G1 X163.403 Y134.472 E2984.49474
G1 F10500 X163.8 Y134.34 E2984.50929
G1 X174.5 Y134.34 E2984.88118
G1 X174.755 Y134.39 E2984.89022
G1 X175.029 Y134.603 E2984.90228
G1 F9240 X175.22 Y135 E2984.91968
G1 F8250 X175.22 Y137.547 E2985.03235
G1 X175.22 Y140.094 E2985.14502
G1 F8235.3 X175.22 Y142.641 E2985.25789
G1 X175.22 Y145.188 E2985.37076
G1 X175.22 Y147.735 E2985.48363
G1 X175.22 Y150.282 E2985.5965
G1 F8220.6 X175.22 Y152.829 E2985.70957
G1 X175.22 Y155.376 E2985.82264
G1 X175.22 Y157.923 E2985.93571
G1 X175.22 Y160.47 E2986.04878
G1 X175.22 Y163.017 E2986.16185
G1 F8206 X175.22 Y165.564 E2986.27513
G1 X175.22 Y168.111 E2986.3884
G1 F9203.2 X175.03 Y168.396 E2986.40198
G0 F15000 X175.777 Y168.174
G1 F8148.1 X175.777 Y167.068 E2986.45152
G1 X175.777 Y165.962 E2986.50106
G1 F8162.5 X175.777 Y164.856 E2986.55051
G1 X175.777 Y163.75 E2986.59995
G1 X175.778 Y162.644 E2986.6494
G1 X175.778 Y161.538 E2986.69885
G1 F8177 X175.778 Y160.432 E2986.74821
G1 X175.778 Y159.326 E2986.79758
G1 X175.778 Y158.22 E2986.84694
G1 X175.778 Y157.114 E2986.8963
G1 X175.778 Y156.008 E2986.94566
G1 F8191.5 X175.778 Y154.902 E2986.99494
G1 X175.778 Y153.796 E2987.04421
G1 X175.778 Y152.69 E2987.09349
G1 X175.779 Y151.584 E2987.14276
G1 F8206 X175.779 Y150.478 E2987.19195
G1 X175.779 Y149.372 E2987.24113
G1 X175.779 Y148.266 E2987.29032
G1 X175.779 Y147.16 E2987.33951
G1 F8220.6 X175.779 Y146.054 E2987.38861
G1 X175.779 Y144.948 E2987.43771
G1 X175.779 Y143.842 E2987.48681
G1 X175.779 Y142.736 E2987.53591
G1 X175.779 Y141.63 E2987.58501
G1 F8235.3 X175.78 Y140.524 E2987.63402
G1 X175.78 Y139.418 E2987.68303
G1 X175.78 Y138.312 E2987.73204
G1 X175.78 Y137.206 E2987.78106
G1 F8250 X175.78 Y136.1 E2987.82998
G1 X175.78 Y134.994 E2987.87891
G1 F9240 X175.84 Y134.333 E2987.90512
G1 F10500 X175.84 Y128.66 E2988.1023
G1 X128.16 Y128.66 E2989.7595
G1 X128.16 Y129.267 E2989.7806
G1 F9829.8 X128.19 Y129.784 E2989.79983
G1 F8717 X128.22 Y130.301 E2989.82151
G1 F8250 X128.22 Y131.289 E2989.86521
G1 F8235.3 X128.221 Y132.278 E2989.90904
G1 F8220.6 X128.221 Y133.267 E2989.95295
G1 F8206 X128.221 Y134.256 E2989.99693
G1 X128.222 Y135.245 E2990.04091
G1 F8191.5 X128.222 Y136.234 E2990.08498
G1 F8177 X128.223 Y137.223 E2990.12912
G1 X128.223 Y138.212 E2990.17326
G1 F8162.5 X128.223 Y139.201 E2990.21747
G1 F8148.1 X128.224 Y140.19 E2990.26177
G1 F8133.8 X128.224 Y141.179 E2990.30614
G1 F9166.7 X128.16 Y142 E2990.33893
G1 F9829.8 X128.19 Y142.5 E2990.35753
G1 F8717 X128.22 Y143 E2990.3785
G1 F8250 X128.22 Y146.78 E2990.54571
G1 X128.78 Y146.78 E2990.57048
G1 X128.78 Y143 E2990.73769
G1 F9240 X129.104 Y142.472 E2990.76216
G1 F10500 X129.268 Y142.382 E2990.76866
G1 F9203.2 X129.437 Y142.28 E2990.77649
G1 F8191.5 X131.288 Y142.28 E2990.85896
G1 X133.139 Y142.28 E2990.94142
G1 F8206 X134.99 Y142.28 E2991.02374
G1 X136.841 Y142.28 E2991.10606
G1 X138.692 Y142.28 E2991.18838
G1 F8220.6 X140.543 Y142.28 E2991.27055
G1 X142.394 Y142.28 E2991.35273
G1 X144.245 Y142.28 E2991.4349
G1 F8235.3 X146.096 Y142.28 E2991.51693
G1 X147.947 Y142.28 E2991.59895
G1 X149.798 Y142.28 E2991.68098
G1 F8250 X151.649 Y142.28 E2991.76286
G1 X153.5 Y142.28 E2991.84474
G1 F9240 X153.897 Y142.471 E2991.86214
G1 F10500 X154.11 Y142.746 E2991.87423
G1 X154.16 Y143 E2991.88323
G1 X154.16 Y161 E2992.50885
G1 X154.11 Y161.255 E2992.51788
G1 X153.896 Y161.529 E2992.52997
G1 X153.593 Y161.66 E2992.54144
G1 X129.442 Y161.658 E2993.38085
G1 X129.168 Y161.571 E2993.39085
G1 F9166.7 X128.786 Y161.125 E2993.41423
G1 F8148.1 X128.785 Y160.149 E2993.45794
G1 F8177 X128.783 Y159.173 E2993.5015
G1 F8206 X128.782 Y158.197 E2993.54491
G1 F8235.3 X128.78 Y157.221 E2993.58816
G1 F8250 X128.22 Y157.22 E2993.61293
G1 F8235.3 X128.221 Y158.209 E2993.65676
G1 F8206 X128.222 Y159.198 E2993.70074
G1 F8177 X128.223 Y160.187 E2993.74488
G1 F8148.1 X128.224 Y161.176 E2993.78918
G1 F9166.7 X128.161 Y162.15 E2993.82803
G1 F9829.8 X128.19 Y162.725 E2993.84941
G1 F8717 X128.22 Y163.3 E2993.87352
G1 F8250 X128.22 Y164.289 E2993.91726
G1 F8235.3 X128.221 Y165.278 E2993.96109
G1 F8220.6 X128.221 Y166.267 E2994.005
G1 F8206 X128.221 Y167.256 E2994.04898
G1 X128.222 Y168.245 E2994.09297
G1 F8191.5 X128.222 Y169.234 E2994.13703
G1 F8177 X128.223 Y170.223 E2994.18117
G1 X128.223 Y171.212 E2994.22531
G1 F8162.5 X128.223 Y172.201 E2994.26953
G1 F8148.1 X128.224 Y173.19 E2994.31382
G1 F8133.8 X128.224 Y174.179 E2994.3582
G1 F9166.7 X128.161 Y174.828 E2994.38416
G1 F10500 X128.161 Y175.339 E2994.40192
G1 X128.672 Y175.339 E2994.41968
G1 F9240 X129.5 Y175.28 E2994.45246
G1 F8250 X130.476 Y175.28 E2994.49564
G1 X131.452 Y175.28 E2994.53881
G1 F8235.3 X132.428 Y175.28 E2994.58206
G1 X133.404 Y175.28 E2994.62531
G1 X134.38 Y175.279 E2994.66857
G1 X135.356 Y175.279 E2994.71182
G1 F8220.6 X136.332 Y175.279 E2994.75515
G1 X137.308 Y175.279 E2994.79847
G1 X138.284 Y175.279 E2994.8418
G1 X139.26 Y175.279 E2994.88513
G1 X140.236 Y175.279 E2994.92846
G1 F8206 X141.212 Y175.279 E2994.97187
G1 X142.188 Y175.278 E2995.01527
G1 X143.164 Y175.278 E2995.05868
G1 X144.14 Y175.278 E2995.10208
G1 F8191.5 X145.116 Y175.278 E2995.14557
G1 X146.092 Y175.278 E2995.18905
G1 X147.068 Y175.278 E2995.23253
G1 X148.044 Y175.278 E2995.27601
G1 F8177 X149.02 Y175.278 E2995.31957
G1 X149.996 Y175.278 E2995.36313
G1 X150.972 Y175.277 E2995.40669
G1 X151.948 Y175.277 E2995.45025
G1 F8162.5 X152.924 Y175.277 E2995.49389
G1 X153.9 Y175.277 E2995.53753
G1 X154.876 Y175.277 E2995.58116
G1 X155.852 Y175.277 E2995.6248
G1 X156.828 Y175.277 E2995.66844
G1 F8148.1 X157.804 Y175.277 E2995.71215
G1 X158.78 Y175.276 E2995.75587
G1 X159.756 Y175.276 E2995.79958
G1 X160.732 Y175.276 E2995.84329
G1 F8133.8 X161.708 Y175.276 E2995.88708
G1 X162.684 Y175.276 E2995.93088
G1 F9166.7 X163.166 Y175.341 E2995.95024
G1 F10500 X175.84 Y175.34 E2996.39075
G1 X175.84 Y168.666 E2996.62271
G1 F9166.7 X175.777 Y168.174 E2996.64246
G0 F15000 X175.4 Y168.646
G1 F10500 X174.924 Y169.016 E2996.66342
G1 X174.5 Y169.1 E2996.67844
G1 X163.8 Y169.1 E2997.05034
G1 X163.6 Y169.034 E2997.05766
G1 X163.6 Y174 E2997.23026
G1 X163.516 Y174.424 E2997.24528
G1 X163.143 Y174.901 E2997.26633
G1 X175.4 Y174.9 E2997.69234
G1 X175.4 Y168.646 E2997.90971
G1 F2400 E2997.40971
G1 F600 Z6.1
G0 F15000 X163.154 Y168.113 Z6.1
G1 F600 Z5.7
G1 F2400 E2997.90971
G1 F10719.3 X163.153 Y167.511 E2997.93021
G1 F10744.2 X163.153 Y166.909 E2997.95066
G1 F10794.4 X163.152 Y166.307 E2997.97101
G1 F10819.7 X163.152 Y165.705 E2997.99132
G1 F10870.6 X163.151 Y165.103 E2998.01153
G1 F10896.2 X163.151 Y164.501 E2998.03169
G1 F10947.9 X163.15 Y163.899 E2998.05176
G1 F10973.9 X163.15 Y163.297 E2998.07178
G1 F2400 E2997.57178
G1 F600 Z6.1
G0 F15000 X162.7 Y162.266 Z6.1
G1 F600 Z5.7
G1 F2400 E2998.07178
G1 F10500 X162.7 Y142.034 E2998.77498
G1 X162.5 Y142.1 E2998.7823
G1 X154.146 Y142.1 E2999.07266
G1 X154.516 Y142.576 E2999.09361
G1 X154.6 Y143 E2999.10863
G1 X154.6 Y161 E2999.73426
G1 X154.516 Y161.424 E2999.74928
G1 X154.16 Y161.881 E2999.76941
G1 F9258.5 X153.7 Y162.142 E2999.79026
G1 X154.266 Y162.2 E2999.81269
G1 F10500 X162.5 Y162.2 E3000.09888
G1 X162.7 Y162.266 E3000.1062
G1 F2400 E2999.6062
G1 F600 Z6.1
G0 F15000 X153.7 Y162.142 Z6.1
G1 F600 Z5.7
G1 F2400 E3000.1062
G1 F8415.3 X153.5 Y162.15 E3000.11488
G1 F8555.6 X152.536 Y162.15 E3000.156
G1 X151.572 Y162.15 E3000.19712
G1 F8539.7 X150.608 Y162.15 E3000.23831
G1 X149.644 Y162.15 E3000.27951
G1 X148.68 Y162.15 E3000.32071
G1 F8524 X147.716 Y162.15 E3000.36198
G1 X146.752 Y162.15 E3000.40325
G1 X145.788 Y162.15 E3000.44453
G1 F8508.3 X144.824 Y162.15 E3000.48588
G1 X143.86 Y162.15 E3000.52722
G1 X142.896 Y162.15 E3000.56857
G1 F8492.6 X141.932 Y162.15 E3000.61
G1 X140.968 Y162.15 E3000.65142
G1 X140.004 Y162.15 E3000.69285
G1 F8477.1 X139.04 Y162.15 E3000.73435
G1 X138.076 Y162.15 E3000.77585
G1 X137.112 Y162.15 E3000.81735
G1 F8461.5 X136.148 Y162.15 E3000.85893
G1 X135.184 Y162.15 E3000.90051
G1 X134.22 Y162.15 E3000.94208
G1 F8446.1 X133.256 Y162.15 E3000.98374
G1 X132.292 Y162.15 E3001.02539
G1 X131.328 Y162.15 E3001.06705
G1 F8430.7 X130.364 Y162.15 E3001.10877
G1 X129.4 Y162.15 E3001.1505
G1 F8850.6 X129.185 Y162.082 E3001.1598
G1 F9788.1 X128.944 Y161.956 E3001.16994
G1 F10266.7 X128.605 Y161.469 E3001.19103
G1 X128.606 Y162.934 E3001.24311
G1 X128.944 Y162.344 E3001.26728
G1 F9788.1 X129.185 Y162.218 E3001.27742
G1 F8850.6 X129.4 Y162.15 E3001.28672
G1 F2400 E3000.78672
G1 F600 Z6.1
G0 F15000 X128.744 Y174.828 Z6.1
G1 F600 Z5.7
G1 F2400 E3001.28672
G1 F7938.1 X128.708 Y174.766 E3001.29002
G1 X128.636 Y174.766 E3001.29333
G1 X128.6 Y174.828 E3001.29662
G1 X128.636 Y174.89 E3001.29992
G1 X128.708 Y174.89 E3001.30323
G1 X128.744 Y174.828 E3001.30652
G1 F2400 E3000.80652
G1 F600 Z6.1
G0 F15000 X128.565 Y142.74 Z6.1
G1 F600 Z5.7
G1 F2400 E3001.30652
G1 F12486.5 X128.861 Y142.148 E3001.32587
G1 X129.125 Y142 E3001.33471
G1 X128.861 Y141.852 E3001.34356
G1 X128.565 Y141.369 E3001.36012
G1 X128.565 Y142.74 E3001.40019
G1 F2400 E3000.90019
G1 F600 Z6.1
G0 F15000 X128.573 Y130.017 Z6.1
G1 F600 Z5.7
G1 F2400 E3001.40019
G1 F11938 X128.879 Y129.425 E3001.42056
G1 F9788.1 X129.3 Y129.158 E3001.43915
G1 X128.767 Y129.073 E3001.45927
G1 F11938 X128.573 Y129.073 E3001.4652
G1 X128.573 Y130.017 E3001.49406
G1 F2400 E3000.99406
G1 F600 Z6.1
G0 F15000 X129.3 Y129.158 Z6.1
G1 F600 Z5.7
G1 F2400 E3001.49406
G1 F8415.3 X129.5 Y129.15 E3001.50274
G1 F8555.6 X162.5 Y129.15 E3002.91039
G1 F9428.6 X163.16 Y129.42 E3002.93799
G1 F10500 X163.516 Y129.877 E3002.95813
G1 X163.6 Y130.3 E3002.97312
G1 X163.6 Y133.966 E3003.10054
G1 X163.8 Y133.9 E3003.10786
G1 X174.5 Y133.9 E3003.47975
G1 X174.924 Y133.983 E3003.49477
G1 X175.4 Y134.354 E3003.51575
G1 X175.4 Y129.1 E3003.69836
G1 X163.267 Y129.099 E3004.12006
G1 F9428.6 X162.5 Y129.15 E3004.14982
G1 F2400 E3003.64982
G1 F600 Z6.1
G0 F15000 X163.15 Y135 Z6.1
G1 F600 Z5.7
G1 F2400 E3004.14982
G1 F10973.9 X163.149 Y135.873 E3004.17885
G1 F10947.9 X163.149 Y136.746 E3004.20795
G1 F10922 X163.148 Y137.619 E3004.23712
G1 F10896.2 X163.148 Y138.492 E3004.26636
G1 F10870.6 X163.147 Y139.365 E3004.29567
G1 F10845.1 X163.147 Y140.238 E3004.32505
G1 F10819.7 X163.146 Y141.111 E3004.35449
G1 F2400 E3003.85449
G1 F600 Z6.1
G0 F15000 X162.37 Y142.43 Z6.1
;TYPE:FILL
G1 F600 Z5.7
G1 F2400 E3004.35449
G1 F15000 X161.57 Y142.43 E3004.3823
G1 X154.931 Y149.069 E3004.70863
G1 X154.93 Y150.782 E3004.76817
G1 X162.37 Y158.221 E3005.13385
G1 X158.721 Y161.87 E3005.31321
G1 X161.869 Y161.869 E3005.42262
G1 X154.93 Y154.93 E3005.7637
G1 X154.931 Y153.217 E3005.82324
G1 X162.37 Y145.779 E3006.18887
G1 X159.022 Y142.43 E3006.35346
G1 X154.874 Y142.43 E3006.49763
G1 X162.37 Y149.925 E3006.86606
G1 X154.931 Y157.364 E3007.23171
G1 X154.93 Y159.078 E3007.29129
G1 X157.722 Y161.87 E3007.42852
G1 X154.576 Y161.871 E3007.53787
G1 X162.37 Y154.074 E3007.92104
G1 X154.93 Y146.634 E3008.28675
G1 X154.931 Y144.921 E3008.34629
G1 X157.422 Y142.43 E3008.46873
G1 X157.499 Y142.353
G1 F2400 E3007.96873
G1 F600 Z6.1
G0 F15000 X163.93 Y130.747 Z6.1
G1 F600 Z5.7
G1 F2400 E3008.46873
G1 F15000 X166.363 Y133.18 E3008.58832
G1 X166.363 Y133.57 E3008.60187
G1 X166.673 Y133.57 E3008.61265
G1 X166.673 Y133.179 E3008.62624
G1 X170.422 Y129.43 E3008.81051
G1 X170.909 Y129.43 E3008.82744
G1 X175.07 Y133.591 E3009.03197
G1 X175.07 Y133.68 E3009.03506
G1 X174.566 Y133.581 E3009.05291
G1 X175.07 Y133.077 E3009.07769
G1 X175.07 Y129.443 E3009.20399
G1 X174.57 Y129.43 E3009.22138
G1 X170.82 Y133.18 E3009.4057
G1 X170.82 Y133.57 E3009.41926
G1 X170.51 Y133.57 E3009.43003
G1 X170.51 Y133.179 E3009.44362
G1 X166.761 Y129.43 E3009.6279
G1 X166.275 Y129.429 E3009.64479
G1 X163.93 Y131.774 E3009.76006
G1 X163.93 Y130.289 E3009.81167
G1 X163.822 Y129.746 E3009.83092
G1 X163.575 Y129.429 E3009.84488
G1 X163.508 Y129.343
G1 F2400 E3009.34488
G1 F600 Z6.1
G0 F15000 X175.07 Y169.319 Z6.1
G1 F600 Z5.7
G1 F2400 E3009.84488
G1 F15000 X174.511 Y169.43 E3009.86469
G1 X173.578 Y169.43 E3009.89712
G1 X174.657 Y170.51 E3009.95018
G1 X175.07 Y170.51 E3009.96454
G1 X175.07 Y170.82 E3009.97531
G1 X174.658 Y170.82 E3009.98963
G1 X170.908 Y174.57 E3010.17396
G1 X170.422 Y174.57 E3010.19085
G1 X165.282 Y169.43 E3010.4435
G1 X167.753 Y169.43 E3010.52938
G1 X164.598 Y172.584 E3010.68444
G1 X163.93 Y172.584 E3010.70765
G1 X163.93 Y172.894 E3010.71843
G1 X164.598 Y172.894 E3010.74165
G1 X166.274 Y174.57 E3010.82403
G1 X166.761 Y174.57 E3010.84095
G1 X171.9 Y169.43 E3011.09358
G1 X169.43 Y169.43 E3011.17943
G1 X174.57 Y174.57 E3011.43208
G1 X175.07 Y174.556 E3011.44946
G1 X175.056 Y174.57 E3011.45015
G1 X174.979 Y174.647
G1 F2400 E3010.95015
G1 F600 Z6.1
;MESH:NONMESH
G0 F15000 X162.718 Y141.039 Z6.1
;TIME_ELAPSED:1151.293422
;LAYER:28
;MESH:case_VL53L8+RP2040-down.stl
G0 X162.718 Y141.039 Z6.3
;TYPE:WALL-OUTER
G1 F600 Z5.9
G1 F2400 E3011.45015
G1 F9000 X162.633 Y141.177 E3011.45578
G1 X162.5 Y141.22 E3011.46064
G1 X129.48 Y141.22 E3012.60831
G1 X129.368 Y141.176 E3012.6125
G1 X129.283 Y141.038 E3012.61813
G1 X129.28 Y130.3 E3012.99135
G1 X129.372 Y130.12 E3012.99837
G1 X129.462 Y130.083 E3013.00176
G1 X162.5 Y130.08 E3014.15005
G1 X162.632 Y130.124 E3014.15489
G1 X162.72 Y130.235 E3014.15981
G1 X162.718 Y141.039 E3014.53533
G1 F2400 E3014.03533
G1 F600 Z6.3
G0 F15000 X153.72 Y161.065 Z6.3
G1 F600 Z5.9
G1 F2400 E3014.53533
G1 F9000 X153.632 Y161.177 E3014.54028
G1 X153.538 Y161.217 E3014.54383
G1 X129.48 Y161.22 E3015.38001
G1 X129.389 Y161.191 E3015.38333
G1 X129.283 Y161.038 E3015.3898
G1 X129.28 Y156.72 E3015.53988
G1 X127.72 Y156.72 E3015.5941
G1 X127.721 Y175.779 E3016.25653
G1 X176.28 Y175.78 E3017.94428
G1 X176.28 Y128.22 E3019.59732
G1 X127.72 Y128.22 E3021.28511
G1 X127.72 Y147.28 E3021.94758
G1 X129.28 Y147.28 E3022.0018
G1 X129.28 Y143 E3022.15056
G1 X129.368 Y142.824 E3022.1574
G1 X129.48 Y142.78 E3022.16158
G1 X153.5 Y142.78 E3022.99644
G1 X153.633 Y142.823 E3023.0013
G1 X153.72 Y142.936 E3023.00625
G1 X153.72 Y161.065 E3023.63636
G1 F2400 E3023.13636
G1 F600 Z6.3
G0 F15000 X162.72 Y174.065 Z6.3
G1 F600 Z5.9
G1 F2400 E3023.63636
G1 F9000 X162.632 Y174.177 E3023.64131
G1 X162.538 Y174.217 E3023.64486
G1 X129.5 Y174.22 E3024.79316
G1 X129.344 Y174.156 E3024.79902
G1 X129.283 Y174.038 E3024.80364
G1 X129.28 Y163.3 E3025.17685
G1 X129.389 Y163.109 E3025.1845
G1 X129.48 Y163.08 E3025.18782
G1 X162.5 Y163.08 E3026.33549
G1 X162.633 Y163.123 E3026.34035
G1 X162.72 Y163.3 E3026.3472
G1 X162.72 Y174.065 E3026.72136
G1 F2400 E3026.22136
G1 F600 Z6.3
G0 F15000 X174.717 Y168.039 Z6.3
G1 F600 Z5.9
G1 F2400 E3026.72136
G1 F9000 X174.677 Y168.132 E3026.72488
G1 X174.565 Y168.22 E3026.72983
G1 X163.8 Y168.22 E3027.10399
G1 X163.667 Y168.176 E3027.10885
G1 X163.583 Y168.038 E3027.11447
G1 X163.58 Y135 E3028.26277
G1 X163.667 Y134.824 E3028.26959
G1 X163.8 Y134.78 E3028.27446
G1 X174.564 Y134.78 E3028.64858
G1 X174.677 Y134.867 E3028.65354
G1 X174.72 Y135 E3028.6584
G1 X174.717 Y168.039 E3029.80673
G0 F15000 X175.03 Y168.396
;TYPE:WALL-INNER
G1 F10500 X174.755 Y168.61 E3029.81884
G1 X174.5 Y168.66 E3029.82787
G1 X163.8 Y168.66 E3030.19977
G1 X163.403 Y168.528 E3030.21431
G1 F10596.3 X163.154 Y168.113 E3030.23098
G1 X163.16 Y168.65 E3030.24947
G1 F10500 X163.16 Y174 E3030.43542
G1 X163.11 Y174.255 E3030.44446
G1 X162.896 Y174.529 E3030.45654
G1 F9166.7 X162.625 Y174.714 E3030.4696
G1 F8133.8 X161.651 Y174.714 E3030.5133
G1 X160.677 Y174.714 E3030.55701
G1 F8148.1 X159.703 Y174.715 E3030.60063
G1 X158.729 Y174.715 E3030.64425
G1 X157.755 Y174.715 E3030.68788
G1 X156.781 Y174.715 E3030.7315
G1 F8162.5 X155.807 Y174.715 E3030.77505
G1 X154.833 Y174.715 E3030.8186
G1 X153.859 Y174.716 E3030.86215
G1 X152.885 Y174.716 E3030.90569
G1 X151.911 Y174.716 E3030.94924
G1 F8177 X150.937 Y174.716 E3030.99271
G1 X149.963 Y174.716 E3031.03618
G1 X148.989 Y174.716 E3031.07965
G1 X148.015 Y174.717 E3031.12312
G1 F8191.5 X147.041 Y174.717 E3031.16652
G1 X146.067 Y174.717 E3031.20991
G1 X145.093 Y174.717 E3031.2533
G1 X144.119 Y174.717 E3031.2967
G1 F8206 X143.145 Y174.718 E3031.34001
G1 X142.171 Y174.718 E3031.38333
G1 X141.197 Y174.718 E3031.42665
G1 X140.223 Y174.718 E3031.46996
G1 F8220.6 X139.249 Y174.718 E3031.5132
G1 X138.275 Y174.718 E3031.55644
G1 X137.301 Y174.719 E3031.59968
G1 X136.327 Y174.719 E3031.64292
G1 X135.353 Y174.719 E3031.68616
G1 F8235.3 X134.379 Y174.719 E3031.72933
G1 X133.405 Y174.719 E3031.77249
G1 X132.431 Y174.719 E3031.81565
G1 X131.457 Y174.72 E3031.85881
G1 F8250 X130.483 Y174.72 E3031.9019
G1 X129.509 Y174.72 E3031.94499
G1 F9240 X129.033 Y174.467 E3031.96628
G1 F9166.7 X128.786 Y174.125 E3031.98307
G1 F8133.8 X128.785 Y173.141 E3032.02722
G1 F8148.1 X128.785 Y172.157 E3032.07129
G1 F8162.5 X128.784 Y171.173 E3032.11529
G1 F8177 X128.784 Y170.189 E3032.15921
G1 X128.783 Y169.205 E3032.20312
G1 F8191.5 X128.783 Y168.221 E3032.24696
G1 F8206 X128.782 Y167.237 E3032.29072
G1 X128.782 Y166.253 E3032.33448
G1 F8220.6 X128.781 Y165.269 E3032.37817
G1 F8235.3 X128.781 Y164.285 E3032.42177
G1 F8250 X128.78 Y163.301 E3032.4653
G1 F9240 X129.168 Y162.729 E3032.4926
G1 F10500 X129.442 Y162.642 E3032.50259
G1 X162.5 Y162.64 E3033.65158
G1 X162.897 Y162.771 E3033.66612
G1 F10744.2 X163.15 Y163.3 E3033.68603
G1 X163.14 Y162.65 E3033.70811
G1 F10500 X163.14 Y141.65 E3034.43801
G1 F10645.2 X163.146 Y141.113 E3034.45642
G1 X162.897 Y141.529 E3034.47304
G1 F10500 X162.5 Y141.66 E3034.48757
G1 X154.167 Y141.66 E3034.7772
G1 F9240 X153.5 Y141.72 E3034.80365
G1 F8250 X151.649 Y141.72 E3034.88553
G1 X149.798 Y141.72 E3034.96741
G1 F8235.3 X147.947 Y141.72 E3035.04944
G1 X146.096 Y141.72 E3035.13146
G1 X144.245 Y141.72 E3035.21349
G1 F8220.6 X142.394 Y141.72 E3035.29567
G1 X140.543 Y141.72 E3035.37784
G1 X138.692 Y141.72 E3035.46001
G1 F8206 X136.841 Y141.72 E3035.54233
G1 X134.99 Y141.72 E3035.62465
G1 X133.139 Y141.72 E3035.70697
G1 F8191.5 X131.288 Y141.72 E3035.78944
G1 X129.437 Y141.72 E3035.8719
G1 F9203.2 X129.268 Y141.618 E3035.87973
G1 F10500 X129.104 Y141.528 E3035.88623
G1 F9166.7 X128.786 Y141.125 E3035.90667
G1 F8133.8 X128.785 Y140.141 E3035.95082
G1 F8148.1 X128.785 Y139.157 E3035.99489
G1 F8162.5 X128.784 Y138.173 E3036.03889
G1 F8177 X128.784 Y137.189 E3036.0828
G1 X128.783 Y136.205 E3036.12672
G1 F8191.5 X128.783 Y135.221 E3036.17056
G1 F8206 X128.782 Y134.237 E3036.21432
G1 X128.782 Y133.253 E3036.25808
G1 F8220.6 X128.781 Y132.269 E3036.30177
G1 F8235.3 X128.781 Y131.285 E3036.34537
G1 F8250 X128.78 Y130.301 E3036.3889
G1 F9240 X129.118 Y129.761 E3036.41406
G1 F10500 X129.408 Y129.64 E3036.42498
G1 X162.5 Y129.64 E3037.57516
G1 X162.896 Y129.772 E3037.58966
G1 X163.11 Y130.046 E3037.60175
G1 X163.16 Y130.3 E3037.61075
G1 X163.16 Y134.35 E3037.75151
G1 F10744.2 X163.15 Y135 E3037.77359
G1 X163.403 Y134.472 E3037.79348
G1 F10500 X163.8 Y134.34 E3037.80802
G1 X174.5 Y134.34 E3038.17992
G1 X174.755 Y134.39 E3038.18895
G1 X175.029 Y134.603 E3038.20101
G1 F9240 X175.22 Y135 E3038.21841
G1 F8250 X175.22 Y137.547 E3038.33108
G1 X175.22 Y140.094 E3038.44375
G1 F8235.3 X175.22 Y142.641 E3038.55662
G1 X175.22 Y145.188 E3038.66949
G1 X175.22 Y147.735 E3038.78236
G1 X175.22 Y150.282 E3038.89523
G1 F8220.6 X175.22 Y152.829 E3039.0083
G1 X175.22 Y155.376 E3039.12137
G1 X175.22 Y157.923 E3039.23445
G1 X175.22 Y160.47 E3039.34752
G1 X175.22 Y163.017 E3039.46059
G1 F8206 X175.22 Y165.564 E3039.57386
G1 X175.22 Y168.111 E3039.68713
G1 F9203.2 X175.03 Y168.396 E3039.70072
G0 F15000 X175.777 Y168.174
G1 F8148.1 X175.777 Y167.068 E3039.75025
G1 X175.777 Y165.962 E3039.79979
G1 F8162.5 X175.777 Y164.856 E3039.84924
G1 X175.777 Y163.75 E3039.89869
G1 X175.778 Y162.644 E3039.94814
G1 X175.778 Y161.538 E3039.99759
G1 F8177 X175.778 Y160.432 E3040.04695
G1 X175.778 Y159.326 E3040.09631
G1 X175.778 Y158.22 E3040.14567
G1 X175.778 Y157.114 E3040.19503
G1 X175.778 Y156.008 E3040.2444
G1 F8191.5 X175.778 Y154.902 E3040.29367
G1 X175.778 Y153.796 E3040.34295
G1 X175.778 Y152.69 E3040.39222
G1 X175.779 Y151.584 E3040.44149
G1 F8206 X175.779 Y150.478 E3040.49068
G1 X175.779 Y149.372 E3040.53987
G1 X175.779 Y148.266 E3040.58906
G1 X175.779 Y147.16 E3040.63824
G1 F8220.6 X175.779 Y146.054 E3040.68734
G1 X175.779 Y144.948 E3040.73644
G1 X175.779 Y143.842 E3040.78554
G1 X175.779 Y142.736 E3040.83464
G1 X175.779 Y141.63 E3040.88374
G1 F8235.3 X175.78 Y140.524 E3040.93275
G1 X175.78 Y139.418 E3040.98177
G1 X175.78 Y138.312 E3041.03078
G1 X175.78 Y137.206 E3041.07979
G1 F8250 X175.78 Y136.1 E3041.12872
G1 X175.78 Y134.994 E3041.17764
G1 F9240 X175.84 Y134.333 E3041.20385
G1 F10500 X175.84 Y128.66 E3041.40103
G1 X128.16 Y128.66 E3043.05824
G1 X128.16 Y129.267 E3043.07933
G1 F9829.8 X128.19 Y129.784 E3043.09856
G1 F8717 X128.22 Y130.301 E3043.12024
G1 F8250 X128.22 Y131.289 E3043.16395
G1 F8235.3 X128.221 Y132.278 E3043.20777
G1 F8220.6 X128.221 Y133.267 E3043.25168
G1 F8206 X128.221 Y134.256 E3043.29566
G1 X128.222 Y135.245 E3043.33965
G1 F8191.5 X128.222 Y136.234 E3043.38371
G1 F8177 X128.223 Y137.223 E3043.42785
G1 X128.223 Y138.212 E3043.47199
G1 F8162.5 X128.223 Y139.201 E3043.51621
G1 F8148.1 X128.224 Y140.19 E3043.5605
G1 F8133.8 X128.224 Y141.179 E3043.60488
G1 F9166.7 X128.16 Y142 E3043.63766
G1 F9829.8 X128.19 Y142.5 E3043.65626
G1 F8717 X128.22 Y143 E3043.67723
G1 F8250 X128.22 Y146.78 E3043.84444
G1 X128.78 Y146.78 E3043.86922
G1 X128.78 Y143 E3044.03643
G1 F9240 X129.104 Y142.472 E3044.06089
G1 F10500 X129.268 Y142.382 E3044.0674
G1 F9203.2 X129.437 Y142.28 E3044.07522
G1 F8191.5 X131.288 Y142.28 E3044.15769
G1 X133.139 Y142.28 E3044.24016
G1 F8206 X134.99 Y142.28 E3044.32248
G1 X136.841 Y142.28 E3044.40479
G1 X138.692 Y142.28 E3044.48711
G1 F8220.6 X140.543 Y142.28 E3044.56929
G1 X142.394 Y142.28 E3044.65146
G1 X144.245 Y142.28 E3044.73363
G1 F8235.3 X146.096 Y142.28 E3044.81566
G1 X147.947 Y142.28 E3044.89769
G1 X149.798 Y142.28 E3044.97971
G1 F8250 X151.649 Y142.28 E3045.0616
G1 X153.5 Y142.28 E3045.14348
G1 F9240 X153.897 Y142.471 E3045.16088
G1 F10500 X154.11 Y142.746 E3045.17297
G1 X154.16 Y143 E3045.18196
G1 X154.16 Y161 E3045.80759
G1 X154.11 Y161.255 E3045.81662
G1 X153.896 Y161.529 E3045.8287
G1 X153.593 Y161.66 E3045.84018
G1 X129.442 Y161.658 E3046.67959
G1 X129.168 Y161.571 E3046.68958
G1 F9166.7 X128.786 Y161.125 E3046.71296
G1 F8148.1 X128.785 Y160.149 E3046.75667
G1 F8177 X128.783 Y159.173 E3046.80023
G1 F8206 X128.782 Y158.197 E3046.84364
G1 F8235.3 X128.78 Y157.221 E3046.88689
G1 F8250 X128.22 Y157.22 E3046.91166
G1 F8235.3 X128.221 Y158.209 E3046.95549
G1 F8206 X128.222 Y159.198 E3046.99947
G1 F8177 X128.223 Y160.187 E3047.04361
G1 F8148.1 X128.224 Y161.176 E3047.08791
G1 F9166.7 X128.161 Y162.15 E3047.12677
G1 F9829.8 X128.19 Y162.725 E3047.14814
G1 F8717 X128.22 Y163.3 E3047.17225
G1 F8250 X128.22 Y164.289 E3047.216
G1 F8235.3 X128.221 Y165.278 E3047.25983
G1 F8220.6 X128.221 Y166.267 E3047.30373
G1 F8206 X128.221 Y167.256 E3047.34772
G1 X128.222 Y168.245 E3047.3917
G1 F8191.5 X128.222 Y169.234 E3047.43576
G1 F8177 X128.223 Y170.223 E3047.4799
G1 X128.223 Y171.212 E3047.52404
G1 F8162.5 X128.223 Y172.201 E3047.56826
G1 F8148.1 X128.224 Y173.19 E3047.61256
G1 F8133.8 X128.224 Y174.179 E3047.65693
G1 F9166.7 X128.161 Y174.828 E3047.68289
G1 F10500 X128.161 Y175.339 E3047.70065
G1 X128.672 Y175.339 E3047.71841
G1 F9240 X129.5 Y175.28 E3047.7512
G1 F8250 X130.476 Y175.28 E3047.79437
G1 X131.452 Y175.28 E3047.83755
G1 F8235.3 X132.428 Y175.28 E3047.8808
G1 X133.404 Y175.28 E3047.92405
G1 X134.38 Y175.279 E3047.9673
G1 X135.356 Y175.279 E3048.01055
G1 F8220.6 X136.332 Y175.279 E3048.05388
G1 X137.308 Y175.279 E3048.09721
G1 X138.284 Y175.279 E3048.14054
G1 X139.26 Y175.279 E3048.18387
G1 X140.236 Y175.279 E3048.22719
G1 F8206 X141.212 Y175.279 E3048.2706
G1 X142.188 Y175.278 E3048.31401
G1 X143.164 Y175.278 E3048.35741
G1 X144.14 Y175.278 E3048.40082
G1 F8191.5 X145.116 Y175.278 E3048.4443
G1 X146.092 Y175.278 E3048.48778
G1 X147.068 Y175.278 E3048.53127
G1 X148.044 Y175.278 E3048.57475
G1 F8177 X149.02 Y175.278 E3048.61831
G1 X149.996 Y175.278 E3048.66187
G1 X150.972 Y175.277 E3048.70543
G1 X151.948 Y175.277 E3048.74899
G1 F8162.5 X152.924 Y175.277 E3048.79262
G1 X153.9 Y175.277 E3048.83626
G1 X154.876 Y175.277 E3048.8799
G1 X155.852 Y175.277 E3048.92353
G1 X156.828 Y175.277 E3048.96717
G1 F8148.1 X157.804 Y175.277 E3049.01089
G1 X158.78 Y175.276 E3049.0546
G1 X159.756 Y175.276 E3049.09831
G1 X160.732 Y175.276 E3049.14203
G1 F8133.8 X161.708 Y175.276 E3049.18582
G1 X162.684 Y175.276 E3049.22961
G1 F9166.7 X163.166 Y175.341 E3049.24897
G1 F10500 X175.84 Y175.34 E3049.68948
G1 X175.84 Y168.666 E3049.92145
G1 F9166.7 X175.777 Y168.174 E3049.9412
G0 F15000 X175.4 Y168.646
G1 F10500 X174.924 Y169.016 E3049.96215
G1 X174.5 Y169.1 E3049.97717
G1 X163.8 Y169.1 E3050.34907
G1 X163.6 Y169.034 E3050.35639
G1 X163.6 Y174 E3050.52899
G1 X163.516 Y174.424 E3050.54402
G1 X163.143 Y174.901 E3050.56506
G1 X175.4 Y174.9 E3050.99108
G1 X175.4 Y168.646 E3051.20845
G1 F2400 E3050.70845
G1 F600 Z6.3
G0 F15000 X163.154 Y168.113 Z6.3
G1 F600 Z5.9
G1 F2400 E3051.20845
G1 F10719.3 X163.153 Y167.511 E3051.22894
G1 F10744.2 X163.153 Y166.909 E3051.24939
G1 F10794.4 X163.152 Y166.307 E3051.26974
G1 F10819.7 X163.152 Y165.705 E3051.29005
G1 F10870.6 X163.151 Y165.103 E3051.31026
G1 F10896.2 X163.151 Y164.501 E3051.33042
G1 F10947.9 X163.15 Y163.899 E3051.35049
G1 F10973.9 X163.15 Y163.297 E3051.37051
G1 F2400 E3050.87051
G1 F600 Z6.3
G0 F15000 X162.7 Y162.266 Z6.3
G1 F600 Z5.9
G1 F2400 E3051.37051
G1 F10500 X162.7 Y142.034 E3052.07371
G1 X162.5 Y142.1 E3052.08103
G1 X154.146 Y142.1 E3052.37139
G1 X154.516 Y142.576 E3052.39234
G1 X154.6 Y143 E3052.40737
G1 X154.6 Y161 E3053.03299
G1 X154.516 Y161.424 E3053.04801
G1 X154.16 Y161.881 E3053.06815
G1 F9258.5 X153.7 Y162.142 E3053.089
G1 X154.266 Y162.2 E3053.11142
G1 F10500 X162.5 Y162.2 E3053.39761
G1 X162.7 Y162.266 E3053.40493
G1 F2400 E3052.90493
G1 F600 Z6.3
G0 F15000 X153.7 Y162.142 Z6.3
G1 F600 Z5.9
G1 F2400 E3053.40493
G1 F8415.3 X153.5 Y162.15 E3053.41361
G1 F8555.6 X152.536 Y162.15 E3053.45473
G1 X151.572 Y162.15 E3053.49585
G1 F8539.7 X150.608 Y162.15 E3053.53705
G1 X149.644 Y162.15 E3053.57825
G1 X148.68 Y162.15 E3053.61944
G1 F8524 X147.716 Y162.15 E3053.66072
G1 X146.752 Y162.15 E3053.70199
G1 X145.788 Y162.15 E3053.74326
G1 F8508.3 X144.824 Y162.15 E3053.78461
G1 X143.86 Y162.15 E3053.82596
G1 X142.896 Y162.15 E3053.86731
G1 F8492.6 X141.932 Y162.15 E3053.90873
G1 X140.968 Y162.15 E3053.95016
G1 X140.004 Y162.15 E3053.99158
G1 F8477.1 X139.04 Y162.15 E3054.03308
G1 X138.076 Y162.15 E3054.07459
G1 X137.112 Y162.15 E3054.11609
G1 F8461.5 X136.148 Y162.15 E3054.15766
G1 X135.184 Y162.15 E3054.19924
G1 X134.22 Y162.15 E3054.24082
G1 F8446.1 X133.256 Y162.15 E3054.28247
G1 X132.292 Y162.15 E3054.32413
G1 X131.328 Y162.15 E3054.36578
G1 F8430.7 X130.364 Y162.15 E3054.40751
G1 X129.4 Y162.15 E3054.44924
G1 F8850.6 X129.185 Y162.082 E3054.45854
G1 F9788.1 X128.944 Y161.956 E3054.46868
G1 F10266.7 X128.605 Y161.469 E3054.48977
G1 X128.606 Y162.934 E3054.54185
G1 X128.944 Y162.344 E3054.56602
G1 F9788.1 X129.185 Y162.218 E3054.57616
G1 F8850.6 X129.4 Y162.15 E3054.58545
G1 F2400 E3054.08545
G1 F600 Z6.3
G0 F15000 X128.744 Y174.828 Z6.3
G1 F600 Z5.9
G1 F2400 E3054.58545
G1 F7938.1 X128.708 Y174.766 E3054.58875
G1 X128.636 Y174.766 E3054.59206
G1 X128.6 Y174.828 E3054.59536
G1 X128.636 Y174.89 E3054.59865
G1 X128.708 Y174.89 E3054.60196
G1 X128.744 Y174.828 E3054.60526
G1 F2400 E3054.10526
G1 F600 Z6.3
G0 F15000 X128.565 Y142.74 Z6.3
G1 F600 Z5.9
G1 F2400 E3054.60526
G1 F12486.5 X128.861 Y142.148 E3054.6246
G1 X129.125 Y142 E3054.63345
G1 X128.861 Y141.852 E3054.64229
G1 X128.565 Y141.369 E3054.65885
G1 X128.565 Y142.74 E3054.69892
G1 F2400 E3054.19892
G1 F600 Z6.3
G0 F15000 X128.573 Y130.017 Z6.3
G1 F600 Z5.9
G1 F2400 E3054.69892
G1 F11938 X128.879 Y129.425 E3054.71929
G1 F9788.1 X129.3 Y129.158 E3054.73788
G1 X128.767 Y129.073 E3054.75801
G1 F11938 X128.573 Y129.073 E3054.76394
G1 X128.573 Y130.017 E3054.79279
G1 F2400 E3054.29279
G1 F600 Z6.3
G0 F15000 X129.3 Y129.158 Z6.3
G1 F600 Z5.9
G1 F2400 E3054.79279
G1 F8415.3 X129.5 Y129.15 E3054.80147
G1 F8555.6 X162.5 Y129.15 E3056.20913
G1 F9428.6 X163.16 Y129.42 E3056.23673
G1 F10500 X163.516 Y129.877 E3056.25686
G1 X163.6 Y130.3 E3056.27185
G1 X163.6 Y133.966 E3056.39927
G1 X163.8 Y133.9 E3056.40659
G1 X174.5 Y133.9 E3056.77849
G1 X174.924 Y133.983 E3056.79351
G1 X175.4 Y134.354 E3056.81448
G1 X175.4 Y129.1 E3056.99709
G1 X163.267 Y129.099 E3057.4188
G1 F9428.6 X162.5 Y129.15 E3057.44855
G1 F2400 E3056.94855
G1 F600 Z6.3
G0 F15000 X163.15 Y135 Z6.3
G1 F600 Z5.9
G1 F2400 E3057.44855
G1 F10973.9 X163.149 Y135.873 E3057.47758
G1 F10947.9 X163.149 Y136.746 E3057.50669
G1 F10922 X163.148 Y137.619 E3057.53586
G1 F10896.2 X163.148 Y138.492 E3057.5651
G1 F10870.6 X163.147 Y139.365 E3057.5944
G1 F10845.1 X163.147 Y140.238 E3057.62378
G1 F10819.7 X163.146 Y141.111 E3057.65323
G1 F2400 E3057.15323
G1 F600 Z6.3
G0 F15000 X162.37 Y142.43 Z6.3
;TYPE:FILL
G1 F600 Z5.9
G1 F2400 E3057.65323
G1 F15000 X161.57 Y142.43 E3057.68103
G1 X154.931 Y149.069 E3058.00736
G1 X154.93 Y150.782 E3058.0669
G1 X162.37 Y158.221 E3058.43258
G1 X158.721 Y161.87 E3058.61194
G1 X161.869 Y161.869 E3058.72136
G1 X154.93 Y154.93 E3059.06243
G1 X154.931 Y153.217 E3059.12197
G1 X162.37 Y145.779 E3059.4876
G1 X159.022 Y142.43 E3059.65219
G1 X154.874 Y142.43 E3059.79636
G1 X162.37 Y149.925 E3060.16479
G1 X154.931 Y157.364 E3060.53045
G1 X154.93 Y159.078 E3060.59002
G1 X157.722 Y161.87 E3060.72726
G1 X154.576 Y161.871 E3060.8366
G1 X162.37 Y154.074 E3061.21978
G1 X154.93 Y146.634 E3061.58548
G1 X154.931 Y144.921 E3061.64502
G1 X157.422 Y142.43 E3061.76746
G1 X157.499 Y142.353
G1 F2400 E3061.26746
G1 F600 Z6.3
G0 F15000 X163.93 Y130.747 Z6.3
G1 F600 Z5.9
G1 F2400 E3061.76746
G1 F15000 X166.363 Y133.18 E3061.88705
G1 X166.363 Y133.57 E3061.90061
G1 X166.673 Y133.57 E3061.91138
G1 X166.673 Y133.179 E3061.92497
G1 X170.422 Y129.43 E3062.10925
G1 X170.909 Y129.43 E3062.12618
G1 X175.07 Y133.591 E3062.3307
G1 X175.07 Y133.68 E3062.3338
G1 X174.566 Y133.581 E3062.35165
G1 X175.07 Y133.077 E3062.37642
G1 X175.07 Y129.443 E3062.50273
G1 X174.57 Y129.43 E3062.52011
G1 X170.82 Y133.18 E3062.70444
G1 X170.82 Y133.57 E3062.71799
G1 X170.51 Y133.57 E3062.72877
G1 X170.51 Y133.179 E3062.74236
G1 X166.761 Y129.43 E3062.92664
G1 X166.275 Y129.429 E3062.94353
G1 X163.93 Y131.774 E3063.05879
G1 X163.93 Y130.289 E3063.11041
G1 X163.822 Y129.746 E3063.12965
G1 X163.575 Y129.429 E3063.14362
G1 X163.508 Y129.343
G1 F2400 E3062.64362
G1 F600 Z6.3
G0 F15000 X175.07 Y169.319 Z6.3
G1 F600 Z5.9
G1 F2400 E3063.14362
G1 F15000 X174.511 Y169.43 E3063.16343
G1 X173.578 Y169.43 E3063.19585
G1 X174.657 Y170.51 E3063.24891
G1 X175.07 Y170.51 E3063.26327
G1 X175.07 Y170.82 E3063.27404
G1 X174.658 Y170.82 E3063.28836
G1 X170.908 Y174.57 E3063.47269
G1 X170.422 Y174.57 E3063.48958
G1 X165.282 Y169.43 E3063.74223
G1 X167.753 Y169.43 E3063.82812
G1 X164.598 Y172.584 E3063.98317
G1 X163.93 Y172.584 E3064.00639
G1 X163.93 Y172.894 E3064.01716
G1 X164.598 Y172.894 E3064.04038
G1 X166.274 Y174.57 E3064.12276
G1 X166.761 Y174.57 E3064.13969
G1 X171.9 Y169.43 E3064.39231
G1 X169.43 Y169.43 E3064.47816
G1 X174.57 Y174.57 E3064.73081
G1 X175.07 Y174.556 E3064.7482
G1 X175.056 Y174.57 E3064.74889
G1 X174.979 Y174.647
G1 F2400 E3064.24889
G1 F600 Z6.3
;MESH:NONMESH
G0 F15000 X162.718 Y141.039 Z6.3
;TIME_ELAPSED:1171.263134
;LAYER:29
;MESH:case_VL53L8+RP2040-down.stl
G0 X162.718 Y141.039 Z6.5
;TYPE:WALL-OUTER
G1 F600 Z6.1
G1 F2400 E3064.74889
G1 F9000 X162.633 Y141.177 E3064.75452
G1 X162.5 Y141.22 E3064.75938
G1 X129.48 Y141.22 E3065.90705
G1 X129.368 Y141.176 E3065.91123
G1 X129.283 Y141.038 E3065.91686
G1 X129.28 Y130.3 E3066.29008
G1 X129.372 Y130.12 E3066.29711
G1 X129.462 Y130.083 E3066.30049
G1 X162.5 Y130.08 E3067.44879
G1 X162.632 Y130.124 E3067.45362
G1 X162.72 Y130.235 E3067.45855
G1 X162.718 Y141.039 E3067.83406
G1 F2400 E3067.33406
G1 F600 Z6.5
G0 F15000 X153.72 Y161.065 Z6.5
G1 F600 Z6.1
G1 F2400 E3067.83406
G1 F9000 X153.632 Y161.177 E3067.83901
G1 X153.538 Y161.217 E3067.84256
G1 X129.48 Y161.22 E3068.67874
G1 X129.389 Y161.191 E3068.68206
G1 X129.283 Y161.038 E3068.68853
G1 X129.28 Y156.72 E3068.83861
G1 X127.72 Y156.72 E3068.89283
G1 X127.721 Y175.779 E3069.55526
G1 X176.28 Y175.78 E3071.24302
G1 X176.28 Y128.22 E3072.89605
G1 X127.72 Y128.22 E3074.58385
G1 X127.72 Y147.28 E3075.24631
G1 X129.28 Y147.28 E3075.30053
G1 X129.28 Y143 E3075.44929
G1 X129.368 Y142.824 E3075.45613
G1 X129.48 Y142.78 E3075.46031
G1 X153.5 Y142.78 E3076.29517
G1 X153.633 Y142.823 E3076.30003
G1 X153.72 Y142.936 E3076.30499
G1 X153.72 Y161.065 E3076.93509
G1 F2400 E3076.43509
G1 F600 Z6.5
G0 F15000 X162.72 Y174.065 Z6.5
G1 F600 Z6.1
G1 F2400 E3076.93509
G1 F9000 X162.632 Y174.177 E3076.94004
G1 X162.538 Y174.217 E3076.9436
G1 X129.5 Y174.22 E3078.09189
G1 X129.344 Y174.156 E3078.09775
G1 X129.283 Y174.038 E3078.10237
G1 X129.28 Y163.3 E3078.47559
G1 X129.389 Y163.109 E3078.48323
G1 X129.48 Y163.08 E3078.48655
G1 X162.5 Y163.08 E3079.63422
G1 X162.633 Y163.123 E3079.63908
G1 X162.72 Y163.3 E3079.64594
G1 X162.72 Y174.065 E3080.02009
G1 F2400 E3079.52009
G1 F600 Z6.5
G0 F15000 X174.717 Y168.039 Z6.5
G1 F600 Z6.1
G1 F2400 E3080.02009
G1 F9000 X174.677 Y168.132 E3080.02361
G1 X174.565 Y168.22 E3080.02856
G1 X163.8 Y168.22 E3080.40272
G1 X163.667 Y168.176 E3080.40759
G1 X163.583 Y168.038 E3080.4132
G1 X163.58 Y135 E3081.5615
G1 X163.667 Y134.824 E3081.56832
G1 X163.8 Y134.78 E3081.57319
G1 X174.564 Y134.78 E3081.94732
G1 X174.677 Y134.867 E3081.95227
G1 X174.72 Y135 E3081.95713
G1 X174.717 Y168.039 E3083.10546
G0 F15000 X175.03 Y168.396
;TYPE:WALL-INNER
G1 F10500 X174.755 Y168.61 E3083.11757
G1 X174.5 Y168.66 E3083.12661
G1 X163.8 Y168.66 E3083.4985
G1 X163.403 Y168.528 E3083.51304
G1 F10596.3 X163.154 Y168.113 E3083.52971
G1 X163.16 Y168.65 E3083.54821
G1 F10500 X163.16 Y174 E3083.73416
G1 X163.11 Y174.255 E3083.74319
G1 X162.896 Y174.529 E3083.75527
G1 F9166.7 X162.625 Y174.714 E3083.76834
G1 F8133.8 X161.651 Y174.714 E3083.81204
G1 X160.677 Y174.714 E3083.85574
G1 F8148.1 X159.703 Y174.715 E3083.89936
G1 X158.729 Y174.715 E3083.94299
G1 X157.755 Y174.715 E3083.98661
G1 X156.781 Y174.715 E3084.03024
G1 F8162.5 X155.807 Y174.715 E3084.07378
G1 X154.833 Y174.715 E3084.11733
G1 X153.859 Y174.716 E3084.16088
G1 X152.885 Y174.716 E3084.20443
G1 X151.911 Y174.716 E3084.24797
G1 F8177 X150.937 Y174.716 E3084.29145
G1 X149.963 Y174.716 E3084.33492
G1 X148.989 Y174.716 E3084.37839
G1 X148.015 Y174.717 E3084.42186
G1 F8191.5 X147.041 Y174.717 E3084.46525
G1 X146.067 Y174.717 E3084.50864
G1 X145.093 Y174.717 E3084.55204
G1 X144.119 Y174.717 E3084.59543
G1 F8206 X143.145 Y174.718 E3084.63875
G1 X142.171 Y174.718 E3084.68206
G1 X141.197 Y174.718 E3084.72538
G1 X140.223 Y174.718 E3084.7687
G1 F8220.6 X139.249 Y174.718 E3084.81194
G1 X138.275 Y174.718 E3084.85518
G1 X137.301 Y174.719 E3084.89842
G1 X136.327 Y174.719 E3084.94166
G1 X135.353 Y174.719 E3084.9849
G1 F8235.3 X134.379 Y174.719 E3085.02806
G1 X133.405 Y174.719 E3085.07122
G1 X132.431 Y174.719 E3085.11438
G1 X131.457 Y174.72 E3085.15755
G1 F8250 X130.483 Y174.72 E3085.20063
G1 X129.509 Y174.72 E3085.24372
G1 F9240 X129.033 Y174.467 E3085.26501
G1 F9166.7 X128.786 Y174.125 E3085.28181
G1 F8133.8 X128.785 Y173.141 E3085.32596
G1 F8148.1 X128.785 Y172.157 E3085.37003
G1 F8162.5 X128.784 Y171.173 E3085.41402
G1 F8177 X128.784 Y170.189 E3085.45794
G1 X128.783 Y169.205 E3085.50186
G1 F8191.5 X128.783 Y168.221 E3085.5457
G1 F8206 X128.782 Y167.237 E3085.58946
G1 X128.782 Y166.253 E3085.63322
G1 F8220.6 X128.781 Y165.269 E3085.6769
G1 F8235.3 X128.781 Y164.285 E3085.72051
G1 F8250 X128.78 Y163.301 E3085.76404
G1 F9240 X129.168 Y162.729 E3085.79134
G1 F10500 X129.442 Y162.642 E3085.80133
G1 X162.5 Y162.64 E3086.95032
G1 X162.897 Y162.771 E3086.96485
G1 F10744.2 X163.15 Y163.3 E3086.98477
G1 X163.14 Y162.65 E3087.00685
G1 F10500 X163.14 Y141.65 E3087.73674
G1 F10645.2 X163.146 Y141.113 E3087.75515
G1 X162.897 Y141.529 E3087.77177
G1 F10500 X162.5 Y141.66 E3087.7863
G1 X154.167 Y141.66 E3088.07593
G1 F9240 X153.5 Y141.72 E3088.10238
G1 F8250 X151.649 Y141.72 E3088.18426
G1 X149.798 Y141.72 E3088.26615
G1 F8235.3 X147.947 Y141.72 E3088.34817
G1 X146.096 Y141.72 E3088.4302
G1 X144.245 Y141.72 E3088.51223
G1 F8220.6 X142.394 Y141.72 E3088.5944
G1 X140.543 Y141.72 E3088.67657
G1 X138.692 Y141.72 E3088.75875
G1 F8206 X136.841 Y141.72 E3088.84107
G1 X134.99 Y141.72 E3088.92338
G1 X133.139 Y141.72 E3089.0057
G1 F8191.5 X131.288 Y141.72 E3089.08817
G1 X129.437 Y141.72 E3089.17064
G1 F9203.2 X129.268 Y141.618 E3089.17846
G1 F10500 X129.104 Y141.528 E3089.18497
G1 F9166.7 X128.786 Y141.125 E3089.2054
G1 F8133.8 X128.785 Y140.141 E3089.24955
G1 F8148.1 X128.785 Y139.157 E3089.29363
G1 F8162.5 X128.784 Y138.173 E3089.33762
G1 F8177 X128.784 Y137.189 E3089.38154
G1 X128.783 Y136.205 E3089.42545
G1 F8191.5 X128.783 Y135.221 E3089.46929
G1 F8206 X128.782 Y134.237 E3089.51305
G1 X128.782 Y133.253 E3089.55682
G1 F8220.6 X128.781 Y132.269 E3089.6005
G1 F8235.3 X128.781 Y131.285 E3089.64411
G1 F8250 X128.78 Y130.301 E3089.68763
G1 F9240 X129.118 Y129.761 E3089.7128
G1 F10500 X129.408 Y129.64 E3089.72372
G1 X162.5 Y129.64 E3090.87389
G1 X162.896 Y129.772 E3090.8884
G1 X163.11 Y130.046 E3090.90048
G1 X163.16 Y130.3 E3090.90948
G1 X163.16 Y134.35 E3091.05025
G1 F10744.2 X163.15 Y135 E3091.07233
G1 X163.403 Y134.472 E3091.09221
G1 F10500 X163.8 Y134.34 E3091.10675
G1 X174.5 Y134.34 E3091.47865
G1 X174.755 Y134.39 E3091.48768
G1 X175.029 Y134.603 E3091.49975
G1 F9240 X175.22 Y135 E3091.51715
G1 F8250 X175.22 Y137.547 E3091.62982
G1 X175.22 Y140.094 E3091.74249
G1 F8235.3 X175.22 Y142.641 E3091.85536
G1 X175.22 Y145.188 E3091.96823
G1 X175.22 Y147.735 E3092.0811
G1 X175.22 Y150.282 E3092.19397
G1 F8220.6 X175.22 Y152.829 E3092.30704
G1 X175.22 Y155.376 E3092.42011
G1 X175.22 Y157.923 E3092.53318
G1 X175.22 Y160.47 E3092.64625
G1 X175.22 Y163.017 E3092.75932
G1 F8206 X175.22 Y165.564 E3092.8726
G1 X175.22 Y168.111 E3092.98587
G1 F9203.2 X175.03 Y168.396 E3092.99945
G0 F15000 X175.777 Y168.174
G1 F8148.1 X175.777 Y167.068 E3093.04899
G1 X175.777 Y165.962 E3093.09852
G1 F8162.5 X175.777 Y164.856 E3093.14797
G1 X175.777 Y163.75 E3093.19742
G1 X175.778 Y162.644 E3093.24687
G1 X175.778 Y161.538 E3093.29632
G1 F8177 X175.778 Y160.432 E3093.34568
G1 X175.778 Y159.326 E3093.39505
G1 X175.778 Y158.22 E3093.44441
G1 X175.778 Y157.114 E3093.49377
G1 X175.778 Y156.008 E3093.54313
G1 F8191.5 X175.778 Y154.902 E3093.5924
G1 X175.778 Y153.796 E3093.64168
G1 X175.778 Y152.69 E3093.69095
G1 X175.779 Y151.584 E3093.74023
G1 F8206 X175.779 Y150.478 E3093.78942
G1 X175.779 Y149.372 E3093.8386
G1 X175.779 Y148.266 E3093.88779
G1 X175.779 Y147.16 E3093.93698
G1 F8220.6 X175.779 Y146.054 E3093.98608
G1 X175.779 Y144.948 E3094.03518
G1 X175.779 Y143.842 E3094.08428
G1 X175.779 Y142.736 E3094.13338
G1 X175.779 Y141.63 E3094.18248
G1 F8235.3 X175.78 Y140.524 E3094.23149
G1 X175.78 Y139.418 E3094.2805
G1 X175.78 Y138.312 E3094.32951
G1 X175.78 Y137.206 E3094.37852
G1 F8250 X175.78 Y136.1 E3094.42745
G1 X175.78 Y134.994 E3094.47637
G1 F9240 X175.84 Y134.333 E3094.50259
G1 F10500 X175.84 Y128.66 E3094.69976
G1 X128.16 Y128.66 E3096.35697
G1 X128.16 Y129.267 E3096.37807
G1 F9829.8 X128.19 Y129.784 E3096.3973
G1 F8717 X128.22 Y130.301 E3096.41898
G1 F8250 X128.22 Y131.289 E3096.46268
G1 F8235.3 X128.221 Y132.278 E3096.50651
G1 F8220.6 X128.221 Y133.267 E3096.55041
G1 F8206 X128.221 Y134.256 E3096.5944
G1 X128.222 Y135.245 E3096.63838
G1 F8191.5 X128.222 Y136.234 E3096.68244
G1 F8177 X128.223 Y137.223 E3096.72658
G1 X128.223 Y138.212 E3096.77072
G1 F8162.5 X128.223 Y139.201 E3096.81494
G1 F8148.1 X128.224 Y140.19 E3096.85924
G1 F8133.8 X128.224 Y141.179 E3096.90361
G1 F9166.7 X128.16 Y142 E3096.9364
G1 F9829.8 X128.19 Y142.5 E3096.95499
G1 F8717 X128.22 Y143 E3096.97597
G1 F8250 X128.22 Y146.78 E3097.14318
G1 X128.78 Y146.78 E3097.16795
G1 X128.78 Y143 E3097.33516
G1 F9240 X129.104 Y142.472 E3097.35963
G1 F10500 X129.268 Y142.382 E3097.36613
G1 F9203.2 X129.437 Y142.28 E3097.37396
G1 F8191.5 X131.288 Y142.28 E3097.45642
G1 X133.139 Y142.28 E3097.53889
G1 F8206 X134.99 Y142.28 E3097.62121
G1 X136.841 Y142.28 E3097.70353
G1 X138.692 Y142.28 E3097.78585
G1 F8220.6 X140.543 Y142.28 E3097.86802
G1 X142.394 Y142.28 E3097.95019
G1 X144.245 Y142.28 E3098.03237
G1 F8235.3 X146.096 Y142.28 E3098.1144
G1 X147.947 Y142.28 E3098.19642
G1 X149.798 Y142.28 E3098.27845
G1 F8250 X151.649 Y142.28 E3098.36033
G1 X153.5 Y142.28 E3098.44221
G1 F9240 X153.897 Y142.471 E3098.45961
G1 F10500 X154.11 Y142.746 E3098.4717
G1 X154.16 Y143 E3098.4807
G1 X154.16 Y161 E3099.10632
G1 X154.11 Y161.255 E3099.11535
G1 X153.896 Y161.529 E3099.12744
G1 X153.593 Y161.66 E3099.13891
G1 X129.442 Y161.658 E3099.97832
G1 X129.168 Y161.571 E3099.98832
G1 F9166.7 X128.786 Y161.125 E3100.01169
G1 F8148.1 X128.785 Y160.149 E3100.05541
G1 F8177 X128.783 Y159.173 E3100.09897
G1 F8206 X128.782 Y158.197 E3100.14237
G1 F8235.3 X128.78 Y157.221 E3100.18563
G1 F8250 X128.22 Y157.22 E3100.2104
G1 F8235.3 X128.221 Y158.209 E3100.25422
G1 F8206 X128.222 Y159.198 E3100.29821
G1 F8177 X128.223 Y160.187 E3100.34235
G1 F8148.1 X128.224 Y161.176 E3100.38664
G1 F9166.7 X128.161 Y162.15 E3100.4255
G1 F9829.8 X128.19 Y162.725 E3100.44688
G1 F8717 X128.22 Y163.3 E3100.47098
G1 F8250 X128.22 Y164.289 E3100.51473
G1 F8235.3 X128.221 Y165.278 E3100.55856
G1 F8220.6 X128.221 Y166.267 E3100.60247
G1 F8206 X128.221 Y167.256 E3100.64645
G1 X128.222 Y168.245 E3100.69043
G1 F8191.5 X128.222 Y169.234 E3100.7345
G1 F8177 X128.223 Y170.223 E3100.77864
G1 X128.223 Y171.212 E3100.82278
G1 F8162.5 X128.223 Y172.201 E3100.86699
G1 F8148.1 X128.224 Y173.19 E3100.91129
G1 F8133.8 X128.224 Y174.179 E3100.95566
G1 F9166.7 X128.161 Y174.828 E3100.98162
G1 F10500 X128.161 Y175.339 E3100.99939
G1 X128.672 Y175.339 E3101.01715
G1 F9240 X129.5 Y175.28 E3101.04993
G1 F8250 X130.476 Y175.28 E3101.09311
G1 X131.452 Y175.28 E3101.13628
G1 F8235.3 X132.428 Y175.28 E3101.17953
G1 X133.404 Y175.28 E3101.22278
G1 X134.38 Y175.279 E3101.26603
G1 X135.356 Y175.279 E3101.30929
G1 F8220.6 X136.332 Y175.279 E3101.35261
G1 X137.308 Y175.279 E3101.39594
G1 X138.284 Y175.279 E3101.43927
G1 X139.26 Y175.279 E3101.4826
G1 X140.236 Y175.279 E3101.52593
G1 F8206 X141.212 Y175.279 E3101.56933
G1 X142.188 Y175.278 E3101.61274
G1 X143.164 Y175.278 E3101.65615
G1 X144.14 Y175.278 E3101.69955
G1 F8191.5 X145.116 Y175.278 E3101.74303
G1 X146.092 Y175.278 E3101.78652
G1 X147.068 Y175.278 E3101.83
G1 X148.044 Y175.278 E3101.87348
G1 F8177 X149.02 Y175.278 E3101.91704
G1 X149.996 Y175.278 E3101.9606
G1 X150.972 Y175.277 E3102.00416
G1 X151.948 Y175.277 E3102.04772
G1 F8162.5 X152.924 Y175.277 E3102.09136
G1 X153.9 Y175.277 E3102.135
G1 X154.876 Y175.277 E3102.17863
G1 X155.852 Y175.277 E3102.22227
G1 X156.828 Y175.277 E3102.26591
G1 F8148.1 X157.804 Y175.277 E3102.30962
G1 X158.78 Y175.276 E3102.35333
G1 X159.756 Y175.276 E3102.39705
G1 X160.732 Y175.276 E3102.44076
G1 F8133.8 X161.708 Y175.276 E3102.48455
G1 X162.684 Y175.276 E3102.52834
G1 F9166.7 X163.166 Y175.341 E3102.54771
G1 F10500 X175.84 Y175.34 E3102.98822
G1 X175.84 Y168.666 E3103.22018
G1 F9166.7 X175.777 Y168.174 E3103.23993
G0 F15000 X175.4 Y168.646
G1 F10500 X174.924 Y169.016 E3103.26088
G1 X174.5 Y169.1 E3103.27591
G1 X163.8 Y169.1 E3103.64781
G1 X163.6 Y169.034 E3103.65513
G1 X163.6 Y174 E3103.82773
G1 X163.516 Y174.424 E3103.84275
G1 X163.143 Y174.901 E3103.8638
G1 X175.4 Y174.9 E3104.28981
G1 X175.4 Y168.646 E3104.50718
G1 F2400 E3104.00718
G1 F600 Z6.5
G0 F15000 X163.154 Y168.113 Z6.5
G1 F600 Z6.1
G1 F2400 E3104.50718
G1 F10719.3 X163.153 Y167.511 E3104.52768
G1 F10744.2 X163.153 Y166.909 E3104.54813
G1 F10794.4 X163.152 Y166.307 E3104.56848
G1 F10819.7 X163.152 Y165.705 E3104.58878
G1 F10870.6 X163.151 Y165.103 E3104.60899
G1 F10896.2 X163.151 Y164.501 E3104.62916
G1 F10947.9 X163.15 Y163.899 E3104.64923
G1 F10973.9 X163.15 Y163.297 E3104.66925
G1 F2400 E3104.16925
G1 F600 Z6.5
G0 F15000 X162.7 Y162.266 Z6.5
G1 F600 Z6.1
G1 F2400 E3104.66925
G1 F10500 X162.7 Y142.034 E3105.37245
G1 X162.5 Y142.1 E3105.37977
G1 X154.146 Y142.1 E3105.67012
G1 X154.516 Y142.576 E3105.69108
G1 X154.6 Y143 E3105.7061
G1 X154.6 Y161 E3106.33173
G1 X154.516 Y161.424 E3106.34675
G1 X154.16 Y161.881 E3106.36688
G1 F9258.5 X153.7 Y162.142 E3106.38773
G1 X154.266 Y162.2 E3106.41016
G1 F10500 X162.5 Y162.2 E3106.69635
G1 X162.7 Y162.266 E3106.70367
G1 F2400 E3106.20367
G1 F600 Z6.5
G0 F15000 X153.7 Y162.142 Z6.5
G1 F600 Z6.1
G1 F2400 E3106.70367
G1 F8415.3 X153.5 Y162.15 E3106.71235
G1 F8555.6 X152.536 Y162.15 E3106.75347
G1 X151.572 Y162.15 E3106.79459
G1 F8539.7 X150.608 Y162.15 E3106.83578
G1 X149.644 Y162.15 E3106.87698
G1 X148.68 Y162.15 E3106.91818
G1 F8524 X147.716 Y162.15 E3106.95945
G1 X146.752 Y162.15 E3107.00072
G1 X145.788 Y162.15 E3107.042
G1 F8508.3 X144.824 Y162.15 E3107.08334
G1 X143.86 Y162.15 E3107.12469
G1 X142.896 Y162.15 E3107.16604
G1 F8492.6 X141.932 Y162.15 E3107.20747
G1 X140.968 Y162.15 E3107.24889
G1 X140.004 Y162.15 E3107.29032
G1 F8477.1 X139.04 Y162.15 E3107.33182
G1 X138.076 Y162.15 E3107.37332
G1 X137.112 Y162.15 E3107.41482
G1 F8461.5 X136.148 Y162.15 E3107.4564
G1 X135.184 Y162.15 E3107.49798
G1 X134.22 Y162.15 E3107.53955
G1 F8446.1 X133.256 Y162.15 E3107.58121
G1 X132.292 Y162.15 E3107.62286
G1 X131.328 Y162.15 E3107.66451
G1 F8430.7 X130.364 Y162.15 E3107.70624
G1 X129.4 Y162.15 E3107.74797
G1 F8850.6 X129.185 Y162.082 E3107.75727
G1 F9788.1 X128.944 Y161.956 E3107.76741
G1 F10266.7 X128.605 Y161.469 E3107.7885
G1 X128.606 Y162.934 E3107.84058
G1 X128.944 Y162.344 E3107.86475
G1 F9788.1 X129.185 Y162.218 E3107.87489
G1 F8850.6 X129.4 Y162.15 E3107.88419
G1 F2400 E3107.38419
G1 F600 Z6.5
G0 F15000 X128.744 Y174.828 Z6.5
G1 F600 Z6.1
G1 F2400 E3107.88419
G1 F7938.1 X128.708 Y174.766 E3107.88748
G1 X128.636 Y174.766 E3107.89079
G1 X128.6 Y174.828 E3107.89409
G1 X128.636 Y174.89 E3107.89739
G1 X128.708 Y174.89 E3107.9007
G1 X128.744 Y174.828 E3107.90399
G1 F2400 E3107.40399
G1 F600 Z6.5
G0 F15000 X128.565 Y142.74 Z6.5
G1 F600 Z6.1
G1 F2400 E3107.90399
G1 F12486.5 X128.861 Y142.148 E3107.92334
G1 X129.125 Y142 E3107.93218
G1 X128.861 Y141.852 E3107.94103
G1 X128.565 Y141.369 E3107.95759
G1 X128.565 Y142.74 E3107.99766
G1 F2400 E3107.49766
G1 F600 Z6.5
G0 F15000 X128.573 Y130.017 Z6.5
G1 F600 Z6.1
G1 F2400 E3107.99766
G1 F11938 X128.879 Y129.425 E3108.01803
G1 F9788.1 X129.3 Y129.158 E3108.03662
G1 X128.767 Y129.073 E3108.05674
G1 F11938 X128.573 Y129.073 E3108.06267
G1 X128.573 Y130.017 E3108.09153
G1 F2400 E3107.59153
G1 F600 Z6.5
G0 F15000 X129.3 Y129.158 Z6.5
G1 F600 Z6.1
G1 F2400 E3108.09153
G1 F8415.3 X129.5 Y129.15 E3108.10021
G1 F8555.6 X162.5 Y129.15 E3109.50786
G1 F9428.6 X163.16 Y129.42 E3109.53546
G1 F10500 X163.516 Y129.877 E3109.5556
G1 X163.6 Y130.3 E3109.57059
G1 X163.6 Y133.966 E3109.698
G1 X163.8 Y133.9 E3109.70532
G1 X174.5 Y133.9 E3110.07722
G1 X174.924 Y133.983 E3110.09224
G1 X175.4 Y134.354 E3110.11322
G1 X175.4 Y129.1 E3110.29583
G1 X163.267 Y129.099 E3110.71753
G1 F9428.6 X162.5 Y129.15 E3110.74729
G1 F2400 E3110.24729
G1 F600 Z6.5
G0 F15000 X163.15 Y135 Z6.5
G1 F600 Z6.1
G1 F2400 E3110.74729
G1 F10973.9 X163.149 Y135.873 E3110.77632
G1 F10947.9 X163.149 Y136.746 E3110.80542
G1 F10922 X163.148 Y137.619 E3110.83459
G1 F10896.2 X163.148 Y138.492 E3110.86383
G1 F10870.6 X163.147 Y139.365 E3110.89314
G1 F10845.1 X163.147 Y140.238 E3110.92252
G1 F10819.7 X163.146 Y141.111 E3110.95196
G1 F2400 E3110.45196
G1 F600 Z6.5
G0 F15000 X162.37 Y142.43 Z6.5
;TYPE:FILL
G1 F600 Z6.1
G1 F2400 E3110.95196
G1 F15000 X161.57 Y142.43 E3110.97977
G1 X154.931 Y149.069 E3111.3061
G1 X154.93 Y150.782 E3111.36564
G1 X162.37 Y158.221 E3111.73131
G1 X158.721 Y161.87 E3111.91068
G1 X161.869 Y161.869 E3112.02009
G1 X154.93 Y154.93 E3112.36117
G1 X154.931 Y153.217 E3112.42071
G1 X162.37 Y145.779 E3112.78633
G1 X159.022 Y142.43 E3112.95093
G1 X154.874 Y142.43 E3113.0951
G1 X162.37 Y149.925 E3113.46353
G1 X154.931 Y157.364 E3113.82918
G1 X154.93 Y159.078 E3113.88875
G1 X157.722 Y161.87 E3114.02599
G1 X154.576 Y161.871 E3114.13534
G1 X162.37 Y154.074 E3114.51851
G1 X154.93 Y146.634 E3114.88422
G1 X154.931 Y144.921 E3114.94375
G1 X157.422 Y142.43 E3115.0662
G1 X157.499 Y142.353
G1 F2400 E3114.5662
G1 F600 Z6.5
G0 F15000 X163.93 Y130.747 Z6.5
G1 F600 Z6.1
G1 F2400 E3115.0662
G1 F15000 X166.363 Y133.18 E3115.18579
G1 X166.363 Y133.57 E3115.19934
G1 X166.673 Y133.57 E3115.21012
G1 X166.673 Y133.179 E3115.22371
G1 X170.422 Y129.43 E3115.40798
G1 X170.909 Y129.43 E3115.42491
G1 X175.07 Y133.591 E3115.62944
G1 X175.07 Y133.68 E3115.63253
G1 X174.566 Y133.581 E3115.65038
G1 X175.07 Y133.077 E3115.67516
G1 X175.07 Y129.443 E3115.80146
G1 X174.57 Y129.43 E3115.81885
G1 X170.82 Y133.18 E3116.00317
G1 X170.82 Y133.57 E3116.01673
G1 X170.51 Y133.57 E3116.0275
G1 X170.51 Y133.179 E3116.04109
G1 X166.761 Y129.43 E3116.22537
G1 X166.275 Y129.429 E3116.24226
G1 X163.93 Y131.774 E3116.35753
G1 X163.93 Y130.289 E3116.40914
G1 X163.822 Y129.746 E3116.42838
G1 X163.575 Y129.429 E3116.44235
G1 X163.508 Y129.343
G1 F2400 E3115.94235
G1 F600 Z6.5
G0 F15000 X175.07 Y169.319 Z6.5
G1 F600 Z6.1
G1 F2400 E3116.44235
G1 F15000 X174.511 Y169.43 E3116.46216
G1 X173.578 Y169.43 E3116.49459
G1 X174.657 Y170.51 E3116.54765
G1 X175.07 Y170.51 E3116.562
G1 X175.07 Y170.82 E3116.57278
G1 X174.658 Y170.82 E3116.5871
G1 X170.908 Y174.57 E3116.77142
G1 X170.422 Y174.57 E3116.78832
G1 X165.282 Y169.43 E3117.04097
G1 X167.753 Y169.43 E3117.12685
G1 X164.598 Y172.584 E3117.2819
G1 X163.93 Y172.584 E3117.30512
G1 X163.93 Y172.894 E3117.3159
G1 X164.598 Y172.894 E3117.33911
G1 X166.274 Y174.57 E3117.4215
G1 X166.761 Y174.57 E3117.43842
G1 X171.9 Y169.43 E3117.69105
G1 X169.43 Y169.43 E3117.7769
G1 X174.57 Y174.57 E3118.02955
G1 X175.07 Y174.556 E3118.04693
G1 X175.056 Y174.57 E3118.04762
G1 X174.979 Y174.647
G1 F2400 E3117.54762
G1 F600 Z6.5
;MESH:NONMESH
G0 F15000 X162.718 Y141.039 Z6.5
;TIME_ELAPSED:1191.232846
;LAYER:30
;MESH:case_VL53L8+RP2040-down.stl
G0 X162.718 Y141.039 Z6.7
;TYPE:WALL-OUTER
G1 F600 Z6.3
G1 F2400 E3118.04762
G1 F9000 X162.633 Y141.177 E3118.05325
G1 X162.5 Y141.22 E3118.05811
G1 X129.48 Y141.22 E3119.20578
G1 X129.368 Y141.176 E3119.20996
G1 X129.283 Y141.038 E3119.2156
G1 X129.28 Y130.3 E3119.58882
G1 X129.372 Y130.12 E3119.59584
G1 X129.462 Y130.083 E3119.59922
G1 X162.5 Y130.08 E3120.74752
G1 X162.632 Y130.124 E3120.75236
G1 X162.72 Y130.235 E3120.75728
G1 X162.718 Y141.039 E3121.13279
G1 F2400 E3120.63279
G1 F600 Z6.7
G0 F15000 X153.72 Y161.065 Z6.7
G1 F600 Z6.3
G1 F2400 E3121.13279
G1 F9000 X153.632 Y161.177 E3121.13774
G1 X153.538 Y161.217 E3121.1413
G1 X129.48 Y161.22 E3121.97748
G1 X129.389 Y161.191 E3121.98079
G1 X129.283 Y161.038 E3121.98726
G1 X129.28 Y156.72 E3122.13734
G1 X127.72 Y156.72 E3122.19156
G1 X127.721 Y175.779 E3122.854
G1 X176.28 Y175.78 E3124.54175
G1 X176.28 Y128.22 E3126.19479
G1 X127.72 Y128.22 E3127.88258
G1 X127.72 Y147.28 E3128.54505
G1 X129.28 Y147.28 E3128.59927
G1 X129.28 Y143 E3128.74803
G1 X129.368 Y142.824 E3128.75487
G1 X129.48 Y142.78 E3128.75905
G1 X153.5 Y142.78 E3129.59391
G1 X153.633 Y142.823 E3129.59877
G1 X153.72 Y142.936 E3129.60372
G1 X153.72 Y161.065 E3130.23383
G1 F2400 E3129.73383
G1 F600 Z6.7
G0 F15000 X162.72 Y174.065 Z6.7
G1 F600 Z6.3
G1 F2400 E3130.23383
G1 F9000 X162.632 Y174.177 E3130.23878
G1 X162.538 Y174.217 E3130.24233
G1 X129.5 Y174.22 E3131.39063
G1 X129.344 Y174.156 E3131.39649
G1 X129.283 Y174.038 E3131.4011
G1 X129.28 Y163.3 E3131.77432
G1 X129.389 Y163.109 E3131.78197
G1 X129.48 Y163.08 E3131.78529
G1 X162.5 Y163.08 E3132.93296
G1 X162.633 Y163.123 E3132.93782
G1 X162.72 Y163.3 E3132.94467
G1 X162.72 Y174.065 E3133.31883
G1 F2400 E3132.81883
G1 F600 Z6.7
G0 F15000 X174.717 Y168.039 Z6.7
G1 F600 Z6.3
G1 F2400 E3133.31883
G1 F9000 X174.677 Y168.132 E3133.32235
G1 X174.565 Y168.22 E3133.3273
G1 X163.8 Y168.22 E3133.70145
G1 X163.667 Y168.176 E3133.70632
G1 X163.583 Y168.038 E3133.71194
G1 X163.58 Y135 E3134.86023
G1 X163.667 Y134.824 E3134.86706
G1 X163.8 Y134.78 E3134.87193
G1 X174.564 Y134.78 E3135.24605
G1 X174.677 Y134.867 E3135.25101
G1 X174.72 Y135 E3135.25587
G1 X174.717 Y168.039 E3136.4042
G0 F15000 X175.03 Y168.396
;TYPE:WALL-INNER
G1 F10500 X174.755 Y168.61 E3136.41631
G1 X174.5 Y168.66 E3136.42534
G1 X163.8 Y168.66 E3136.79724
G1 X163.403 Y168.528 E3136.81178
G1 F10596.3 X163.154 Y168.113 E3136.82845
G1 X163.16 Y168.65 E3136.84694
G1 F10500 X163.16 Y174 E3137.03289
G1 X163.11 Y174.255 E3137.04192
G1 X162.896 Y174.529 E3137.05401
G1 F9166.7 X162.625 Y174.714 E3137.06707
G1 F8133.8 X161.651 Y174.714 E3137.11077
G1 X160.677 Y174.714 E3137.15447
G1 F8148.1 X159.703 Y174.715 E3137.1981
G1 X158.729 Y174.715 E3137.24172
G1 X157.755 Y174.715 E3137.28535
G1 X156.781 Y174.715 E3137.32897
G1 F8162.5 X155.807 Y174.715 E3137.37252
G1 X154.833 Y174.715 E3137.41607
G1 X153.859 Y174.716 E3137.45961
G1 X152.885 Y174.716 E3137.50316
G1 X151.911 Y174.716 E3137.54671
G1 F8177 X150.937 Y174.716 E3137.59018
G1 X149.963 Y174.716 E3137.63365
G1 X148.989 Y174.716 E3137.67712
G1 X148.015 Y174.717 E3137.72059
G1 F8191.5 X147.041 Y174.717 E3137.76398
G1 X146.067 Y174.717 E3137.80738
G1 X145.093 Y174.717 E3137.85077
G1 X144.119 Y174.717 E3137.89417
G1 F8206 X143.145 Y174.718 E3137.93748
G1 X142.171 Y174.718 E3137.9808
G1 X141.197 Y174.718 E3138.02412
G1 X140.223 Y174.718 E3138.06743
G1 F8220.6 X139.249 Y174.718 E3138.11067
G1 X138.275 Y174.718 E3138.15391
G1 X137.301 Y174.719 E3138.19715
G1 X136.327 Y174.719 E3138.24039
G1 X135.353 Y174.719 E3138.28363
G1 F8235.3 X134.379 Y174.719 E3138.32679
G1 X133.405 Y174.719 E3138.36996
G1 X132.431 Y174.719 E3138.41312
G1 X131.457 Y174.72 E3138.45628
G1 F8250 X130.483 Y174.72 E3138.49937
G1 X129.509 Y174.72 E3138.54245
G1 F9240 X129.033 Y174.467 E3138.56374
G1 F9166.7 X128.786 Y174.125 E3138.58054
G1 F8133.8 X128.785 Y173.141 E3138.62469
G1 F8148.1 X128.785 Y172.157 E3138.66876
G1 F8162.5 X128.784 Y171.173 E3138.71276
G1 F8177 X128.784 Y170.189 E3138.75667
G1 X128.783 Y169.205 E3138.80059
G1 F8191.5 X128.783 Y168.221 E3138.84443
G1 F8206 X128.782 Y167.237 E3138.88819
G1 X128.782 Y166.253 E3138.93195
G1 F8220.6 X128.781 Y165.269 E3138.97564
G1 F8235.3 X128.781 Y164.285 E3139.01924
G1 F8250 X128.78 Y163.301 E3139.06277
G1 F9240 X129.168 Y162.729 E3139.09007
G1 F10500 X129.442 Y162.642 E3139.10006
G1 X162.5 Y162.64 E3140.24905
G1 X162.897 Y162.771 E3140.26358
G1 F10744.2 X163.15 Y163.3 E3140.2835
G1 X163.14 Y162.65 E3140.30558
G1 F10500 X163.14 Y141.65 E3141.03548
G1 F10645.2 X163.146 Y141.113 E3141.05389
G1 X162.897 Y141.529 E3141.07051
G1 F10500 X162.5 Y141.66 E3141.08504
G1 X154.167 Y141.66 E3141.37467
G1 F9240 X153.5 Y141.72 E3141.40112
G1 F8250 X151.649 Y141.72 E3141.483
G1 X149.798 Y141.72 E3141.56488
G1 F8235.3 X147.947 Y141.72 E3141.64691
G1 X146.096 Y141.72 E3141.72893
G1 X144.245 Y141.72 E3141.81096
G1 F8220.6 X142.394 Y141.72 E3141.89313
G1 X140.543 Y141.72 E3141.97531
G1 X138.692 Y141.72 E3142.05748
G1 F8206 X136.841 Y141.72 E3142.1398
G1 X134.99 Y141.72 E3142.22212
G1 X133.139 Y141.72 E3142.30444
G1 F8191.5 X131.288 Y141.72 E3142.3869
G1 X129.437 Y141.72 E3142.46937
G1 F9203.2 X129.268 Y141.618 E3142.4772
G1 F10500 X129.104 Y141.528 E3142.4837
G1 F9166.7 X128.786 Y141.125 E3142.50414
G1 F8133.8 X128.785 Y140.141 E3142.54829
G1 F8148.1 X128.785 Y139.157 E3142.59236
G1 F8162.5 X128.784 Y138.173 E3142.63635
G1 F8177 X128.784 Y137.189 E3142.68027
G1 X128.783 Y136.205 E3142.72419
G1 F8191.5 X128.783 Y135.221 E3142.76803
G1 F8206 X128.782 Y134.237 E3142.81179
G1 X128.782 Y133.253 E3142.85555
G1 F8220.6 X128.781 Y132.269 E3142.89923
G1 F8235.3 X128.781 Y131.285 E3142.94284
G1 F8250 X128.78 Y130.301 E3142.98637
G1 F9240 X129.118 Y129.761 E3143.01153
G1 F10500 X129.408 Y129.64 E3143.02245
G1 X162.5 Y129.64 E3144.17262
G1 X162.896 Y129.772 E3144.18713
G1 X163.11 Y130.046 E3144.19922
G1 X163.16 Y130.3 E3144.20821
G1 X163.16 Y134.35 E3144.34898
G1 F10744.2 X163.15 Y135 E3144.37106
G1 X163.403 Y134.472 E3144.39095
G1 F10500 X163.8 Y134.34 E3144.40549
G1 X174.5 Y134.34 E3144.77739
G1 X174.755 Y134.39 E3144.78642
G1 X175.029 Y134.603 E3144.79848
G1 F9240 X175.22 Y135 E3144.81588
G1 F8250 X175.22 Y137.547 E3144.92855
G1 X175.22 Y140.094 E3145.04122
G1 F8235.3 X175.22 Y142.641 E3145.15409
G1 X175.22 Y145.188 E3145.26696
G1 X175.22 Y147.735 E3145.37983
G1 X175.22 Y150.282 E3145.4927
G1 F8220.6 X175.22 Y152.829 E3145.60577
G1 X175.22 Y155.376 E3145.71884
G1 X175.22 Y157.923 E3145.83191
G1 X175.22 Y160.47 E3145.94499
G1 X175.22 Y163.017 E3146.05806
G1 F8206 X175.22 Y165.564 E3146.17133
G1 X175.22 Y168.111 E3146.2846
G1 F9203.2 X175.03 Y168.396 E3146.29819
G0 F15000 X175.777 Y168.174
G1 F8148.1 X175.777 Y167.068 E3146.34772
G1 X175.777 Y165.962 E3146.39726
G1 F8162.5 X175.777 Y164.856 E3146.44671
G1 X175.777 Y163.75 E3146.49616
G1 X175.778 Y162.644 E3146.54561
G1 X175.778 Y161.538 E3146.59506
G1 F8177 X175.778 Y160.432 E3146.64442
G1 X175.778 Y159.326 E3146.69378
G1 X175.778 Y158.22 E3146.74314
G1 X175.778 Y157.114 E3146.7925
G1 X175.778 Y156.008 E3146.84186
G1 F8191.5 X175.778 Y154.902 E3146.89114
G1 X175.778 Y153.796 E3146.94041
G1 X175.778 Y152.69 E3146.98969
G1 X175.779 Y151.584 E3147.03896
G1 F8206 X175.779 Y150.478 E3147.08815
G1 X175.779 Y149.372 E3147.13734
G1 X175.779 Y148.266 E3147.18652
G1 X175.779 Y147.16 E3147.23571
G1 F8220.6 X175.779 Y146.054 E3147.28481
G1 X175.779 Y144.948 E3147.33391
G1 X175.779 Y143.842 E3147.38301
G1 X175.779 Y142.736 E3147.43211
G1 X175.779 Y141.63 E3147.48121
G1 F8235.3 X175.78 Y140.524 E3147.53022
G1 X175.78 Y139.418 E3147.57923
G1 X175.78 Y138.312 E3147.62825
G1 X175.78 Y137.206 E3147.67726
G1 F8250 X175.78 Y136.1 E3147.72618
G1 X175.78 Y134.994 E3147.77511
G1 F9240 X175.84 Y134.333 E3147.80132
G1 F10500 X175.84 Y128.66 E3147.9985
G1 X128.16 Y128.66 E3149.65571
G1 X128.16 Y129.267 E3149.6768
G1 F9829.8 X128.19 Y129.784 E3149.69603
G1 F8717 X128.22 Y130.301 E3149.71771
G1 F8250 X128.22 Y131.289 E3149.76142
G1 F8235.3 X128.221 Y132.278 E3149.80524
G1 F8220.6 X128.221 Y133.267 E3149.84915
G1 F8206 X128.221 Y134.256 E3149.89313
G1 X128.222 Y135.245 E3149.93712
G1 F8191.5 X128.222 Y136.234 E3149.98118
G1 F8177 X128.223 Y137.223 E3150.02532
G1 X128.223 Y138.212 E3150.06946
G1 F8162.5 X128.223 Y139.201 E3150.11368
G1 F8148.1 X128.224 Y140.19 E3150.15797
G1 F8133.8 X128.224 Y141.179 E3150.20235
G1 F9166.7 X128.16 Y142 E3150.23513
G1 F9829.8 X128.19 Y142.5 E3150.25373
G1 F8717 X128.22 Y143 E3150.2747
G1 F8250 X128.22 Y146.78 E3150.44191
G1 X128.78 Y146.78 E3150.46668
G1 X128.78 Y143 E3150.6339
G1 F9240 X129.104 Y142.472 E3150.65836
G1 F10500 X129.268 Y142.382 E3150.66487
G1 F9203.2 X129.437 Y142.28 E3150.67269
G1 F8191.5 X131.288 Y142.28 E3150.75516
G1 X133.139 Y142.28 E3150.83762
G1 F8206 X134.99 Y142.28 E3150.91994
G1 X136.841 Y142.28 E3151.00226
G1 X138.692 Y142.28 E3151.08458
G1 F8220.6 X140.543 Y142.28 E3151.16676
G1 X142.394 Y142.28 E3151.24893
G1 X144.245 Y142.28 E3151.3311
G1 F8235.3 X146.096 Y142.28 E3151.41313
G1 X147.947 Y142.28 E3151.49516
G1 X149.798 Y142.28 E3151.57718
G1 F8250 X151.649 Y142.28 E3151.65906
G1 X153.5 Y142.28 E3151.74094
G1 F9240 X153.897 Y142.471 E3151.75835
G1 F10500 X154.11 Y142.746 E3151.77044
G1 X154.16 Y143 E3151.77943
G1 X154.16 Y161 E3152.40506
G1 X154.11 Y161.255 E3152.41409
G1 X153.896 Y161.529 E3152.42617
G1 X153.593 Y161.66 E3152.43765
G1 X129.442 Y161.658 E3153.27706
G1 X129.168 Y161.571 E3153.28705
G1 F9166.7 X128.786 Y161.125 E3153.31043
G1 F8148.1 X128.785 Y160.149 E3153.35414
G1 F8177 X128.783 Y159.173 E3153.3977
G1 F8206 X128.782 Y158.197 E3153.44111
G1 F8235.3 X128.78 Y157.221 E3153.48436
G1 F8250 X128.22 Y157.22 E3153.50913
G1 F8235.3 X128.221 Y158.209 E3153.55296
G1 F8206 X128.222 Y159.198 E3153.59694
G1 F8177 X128.223 Y160.187 E3153.64108
G1 F8148.1 X128.224 Y161.176 E3153.68538
G1 F9166.7 X128.161 Y162.15 E3153.72424
G1 F9829.8 X128.19 Y162.725 E3153.74561
G1 F8717 X128.22 Y163.3 E3153.76972
G1 F8250 X128.22 Y164.289 E3153.81347
G1 F8235.3 X128.221 Y165.278 E3153.8573
G1 F8220.6 X128.221 Y166.267 E3153.9012
G1 F8206 X128.221 Y167.256 E3153.94518
G1 X128.222 Y168.245 E3153.98917
G1 F8191.5 X128.222 Y169.234 E3154.03323
G1 F8177 X128.223 Y170.223 E3154.07737
G1 X128.223 Y171.212 E3154.12151
G1 F8162.5 X128.223 Y172.201 E3154.16573
G1 F8148.1 X128.224 Y173.19 E3154.21002
G1 F8133.8 X128.224 Y174.179 E3154.2544
G1 F9166.7 X128.161 Y174.828 E3154.28036
G1 F10500 X128.161 Y175.339 E3154.29812
G1 X128.672 Y175.339 E3154.31588
G1 F9240 X129.5 Y175.28 E3154.34867
G1 F8250 X130.476 Y175.28 E3154.39184
G1 X131.452 Y175.28 E3154.43501
G1 F8235.3 X132.428 Y175.28 E3154.47827
G1 X133.404 Y175.28 E3154.52152
G1 X134.38 Y175.279 E3154.56477
G1 X135.356 Y175.279 E3154.60802
G1 F8220.6 X136.332 Y175.279 E3154.65135
G1 X137.308 Y175.279 E3154.69468
G1 X138.284 Y175.279 E3154.73801
G1 X139.26 Y175.279 E3154.78133
G1 X140.236 Y175.279 E3154.82466
G1 F8206 X141.212 Y175.279 E3154.86807
G1 X142.188 Y175.278 E3154.91147
G1 X143.164 Y175.278 E3154.95488
G1 X144.14 Y175.278 E3154.99829
G1 F8191.5 X145.116 Y175.278 E3155.04177
G1 X146.092 Y175.278 E3155.08525
G1 X147.068 Y175.278 E3155.12873
G1 X148.044 Y175.278 E3155.17222
G1 F8177 X149.02 Y175.278 E3155.21578
G1 X149.996 Y175.278 E3155.25934
G1 X150.972 Y175.277 E3155.3029
G1 X151.948 Y175.277 E3155.34646
G1 F8162.5 X152.924 Y175.277 E3155.39009
G1 X153.9 Y175.277 E3155.43373
G1 X154.876 Y175.277 E3155.47737
G1 X155.852 Y175.277 E3155.521
G1 X156.828 Y175.277 E3155.56464
G1 F8148.1 X157.804 Y175.277 E3155.60835
G1 X158.78 Y175.276 E3155.65207
G1 X159.756 Y175.276 E3155.69578
G1 X160.732 Y175.276 E3155.7395
G1 F8133.8 X161.708 Y175.276 E3155.78329
G1 X162.684 Y175.276 E3155.82708
G1 F9166.7 X163.166 Y175.341 E3155.84644
G1 F10500 X175.84 Y175.34 E3156.28695
G1 X175.84 Y168.666 E3156.51892
G1 F9166.7 X175.777 Y168.174 E3156.53866
G0 F15000 X175.4 Y168.646
G1 F10500 X174.924 Y169.016 E3156.55962
G1 X174.5 Y169.1 E3156.57464
G1 X163.8 Y169.1 E3156.94654
G1 X163.6 Y169.034 E3156.95386
G1 X163.6 Y174 E3157.12646
G1 X163.516 Y174.424 E3157.14149
G1 X163.143 Y174.901 E3157.16253
G1 X175.4 Y174.9 E3157.58855
G1 X175.4 Y168.646 E3157.80592
G1 F2400 E3157.30592
G1 F600 Z6.7
G0 F15000 X163.154 Y168.113 Z6.7
G1 F600 Z6.3
G1 F2400 E3157.80592
G1 F10719.3 X163.153 Y167.511 E3157.82641
G1 F10744.2 X163.153 Y166.909 E3157.84686
G1 F10794.4 X163.152 Y166.307 E3157.86721
G1 F10819.7 X163.152 Y165.705 E3157.88752
G1 F10870.6 X163.151 Y165.103 E3157.90773
G1 F10896.2 X163.151 Y164.501 E3157.92789
G1 F10947.9 X163.15 Y163.899 E3157.94796
G1 F10973.9 X163.15 Y163.297 E3157.96798
G1 F2400 E3157.46798
G1 F600 Z6.7
G0 F15000 X162.7 Y162.266 Z6.7
G1 F600 Z6.3
G1 F2400 E3157.96798
G1 F10500 X162.7 Y142.034 E3158.67118
G1 X162.5 Y142.1 E3158.6785
G1 X154.146 Y142.1 E3158.96886
G1 X154.516 Y142.576 E3158.98981
G1 X154.6 Y143 E3159.00484
G1 X154.6 Y161 E3159.63046
G1 X154.516 Y161.424 E3159.64548
G1 X154.16 Y161.881 E3159.66562
G1 F9258.5 X153.7 Y162.142 E3159.68646
G1 X154.266 Y162.2 E3159.70889
G1 F10500 X162.5 Y162.2 E3159.99508
G1 X162.7 Y162.266 E3160.0024
G1 F2400 E3159.5024
G1 F600 Z6.7
G0 F15000 X153.7 Y162.142 Z6.7
G1 F600 Z6.3
G1 F2400 E3160.0024
G1 F8415.3 X153.5 Y162.15 E3160.01108
G1 F8555.6 X152.536 Y162.15 E3160.0522
G1 X151.572 Y162.15 E3160.09332
G1 F8539.7 X150.608 Y162.15 E3160.13452
G1 X149.644 Y162.15 E3160.17571
G1 X148.68 Y162.15 E3160.21691
G1 F8524 X147.716 Y162.15 E3160.25818
G1 X146.752 Y162.15 E3160.29946
G1 X145.788 Y162.15 E3160.34073
G1 F8508.3 X144.824 Y162.15 E3160.38208
G1 X143.86 Y162.15 E3160.42343
G1 X142.896 Y162.15 E3160.46478
G1 F8492.6 X141.932 Y162.15 E3160.5062
G1 X140.968 Y162.15 E3160.54763
G1 X140.004 Y162.15 E3160.58905
G1 F8477.1 X139.04 Y162.15 E3160.63055
G1 X138.076 Y162.15 E3160.67205
G1 X137.112 Y162.15 E3160.71356
G1 F8461.5 X136.148 Y162.15 E3160.75513
G1 X135.184 Y162.15 E3160.79671
G1 X134.22 Y162.15 E3160.83829
G1 F8446.1 X133.256 Y162.15 E3160.87994
G1 X132.292 Y162.15 E3160.92159
G1 X131.328 Y162.15 E3160.96325
G1 F8430.7 X130.364 Y162.15 E3161.00498
G1 X129.4 Y162.15 E3161.04671
G1 F8850.6 X129.185 Y162.082 E3161.05601
G1 F9788.1 X128.944 Y161.956 E3161.06615
G1 F10266.7 X128.605 Y161.469 E3161.08724
G1 X128.606 Y162.934 E3161.13931
G1 X128.944 Y162.344 E3161.16348
G1 F9788.1 X129.185 Y162.218 E3161.17362
G1 F8850.6 X129.4 Y162.15 E3161.18292
G1 F2400 E3160.68292
G1 F600 Z6.7
G0 F15000 X128.744 Y174.828 Z6.7
G1 F600 Z6.3
G1 F2400 E3161.18292
G1 F7938.1 X128.708 Y174.766 E3161.18622
G1 X128.636 Y174.766 E3161.18953
G1 X128.6 Y174.828 E3161.19282
G1 X128.636 Y174.89 E3161.19612
G1 X128.708 Y174.89 E3161.19943
G1 X128.744 Y174.828 E3161.20273
G1 F2400 E3160.70273
G1 F600 Z6.7
G0 F15000 X128.565 Y142.74 Z6.7
G1 F600 Z6.3
G1 F2400 E3161.20273
G1 F12486.5 X128.861 Y142.148 E3161.22207
G1 X129.125 Y142 E3161.23092
G1 X128.861 Y141.852 E3161.23976
G1 X128.565 Y141.369 E3161.25632
G1 X128.565 Y142.74 E3161.29639
G1 F2400 E3160.79639
G1 F600 Z6.7
G0 F15000 X128.573 Y130.017 Z6.7
G1 F600 Z6.3
G1 F2400 E3161.29639
G1 F11938 X128.879 Y129.425 E3161.31676
G1 F9788.1 X129.3 Y129.158 E3161.33535
G1 X128.767 Y129.073 E3161.35547
G1 F11938 X128.573 Y129.073 E3161.3614
G1 X128.573 Y130.017 E3161.39026
G1 F2400 E3160.89026
G1 F600 Z6.7
G0 F15000 X129.3 Y129.158 Z6.7
G1 F600 Z6.3
G1 F2400 E3161.39026
G1 F8415.3 X129.5 Y129.15 E3161.39894
G1 F8555.6 X162.5 Y129.15 E3162.8066
G1 F9428.6 X163.16 Y129.42 E3162.8342
G1 F10500 X163.516 Y129.877 E3162.85433
G1 X163.6 Y130.3 E3162.86932
G1 X163.6 Y133.966 E3162.99674
G1 X163.8 Y133.9 E3163.00406
G1 X174.5 Y133.9 E3163.37596
G1 X174.924 Y133.983 E3163.39097
G1 X175.4 Y134.354 E3163.41195
G1 X175.4 Y129.1 E3163.59456
G1 X163.267 Y129.099 E3164.01627
G1 F9428.6 X162.5 Y129.15 E3164.04602
G1 F2400 E3163.54602
G1 F600 Z6.7
G0 F15000 X163.15 Y135 Z6.7
G1 F600 Z6.3
G1 F2400 E3164.04602
G1 F10973.9 X163.149 Y135.873 E3164.07505
G1 F10947.9 X163.149 Y136.746 E3164.10415
G1 F10922 X163.148 Y137.619 E3164.13332
G1 F10896.2 X163.148 Y138.492 E3164.16256
G1 F10870.6 X163.147 Y139.365 E3164.19187
G1 F10845.1 X163.147 Y140.238 E3164.22125
G1 F10819.7 X163.146 Y141.111 E3164.2507
G1 F2400 E3163.7507
G1 F600 Z6.7
G0 F15000 X162.37 Y142.43 Z6.7
;TYPE:FILL
G1 F600 Z6.3
G1 F2400 E3164.2507
G1 F15000 X161.57 Y142.43 E3164.2785
G1 X154.931 Y149.069 E3164.60483
G1 X154.93 Y150.782 E3164.66437
G1 X162.37 Y158.221 E3165.03005
G1 X158.721 Y161.87 E3165.20941
G1 X161.869 Y161.869 E3165.31882
G1 X154.93 Y154.93 E3165.6599
G1 X154.931 Y153.217 E3165.71944
G1 X162.37 Y145.779 E3166.08507
G1 X159.022 Y142.43 E3166.24966
G1 X154.874 Y142.43 E3166.39383
G1 X162.37 Y149.925 E3166.76226
G1 X154.931 Y157.364 E3167.12792
G1 X154.93 Y159.078 E3167.18749
G1 X157.722 Y161.87 E3167.32473
G1 X154.576 Y161.871 E3167.43407
G1 X162.37 Y154.074 E3167.81725
G1 X154.93 Y146.634 E3168.18295
G1 X154.931 Y144.921 E3168.24249
G1 X157.422 Y142.43 E3168.36493
G1 X157.499 Y142.353
G1 F2400 E3167.86493
G1 F600 Z6.7
G0 F15000 X163.93 Y130.747 Z6.7
G1 F600 Z6.3
G1 F2400 E3168.36493
G1 F15000 X166.363 Y133.18 E3168.48452
G1 X166.363 Y133.57 E3168.49808
G1 X166.673 Y133.57 E3168.50885
G1 X166.673 Y133.179 E3168.52244
G1 X170.422 Y129.43 E3168.70672
G1 X170.909 Y129.43 E3168.72364
G1 X175.07 Y133.591 E3168.92817
G1 X175.07 Y133.68 E3168.93127
G1 X174.566 Y133.581 E3168.94912
G1 X175.07 Y133.077 E3168.97389
G1 X175.07 Y129.443 E3169.1002
G1 X174.57 Y129.43 E3169.11758
G1 X170.82 Y133.18 E3169.30191
G1 X170.82 Y133.57 E3169.31546
G1 X170.51 Y133.57 E3169.32624
G1 X170.51 Y133.179 E3169.33983
G1 X166.761 Y129.43 E3169.5241
G1 X166.275 Y129.429 E3169.541
G1 X163.93 Y131.774 E3169.65626
G1 X163.93 Y130.289 E3169.70788
G1 X163.822 Y129.746 E3169.72712
G1 X163.575 Y129.429 E3169.74109
G1 X163.508 Y129.343
G1 F2400 E3169.24109
G1 F600 Z6.7
G0 F15000 X175.07 Y169.319 Z6.7
G1 F600 Z6.3
G1 F2400 E3169.74109
G1 F15000 X174.511 Y169.43 E3169.76089
G1 X173.578 Y169.43 E3169.79332
G1 X174.657 Y170.51 E3169.84638
G1 X175.07 Y170.51 E3169.86074
G1 X175.07 Y170.82 E3169.87151
G1 X174.658 Y170.82 E3169.88583
G1 X170.908 Y174.57 E3170.07016
G1 X170.422 Y174.57 E3170.08705
G1 X165.282 Y169.43 E3170.3397
G1 X167.753 Y169.43 E3170.42558
G1 X164.598 Y172.584 E3170.58064
G1 X163.93 Y172.584 E3170.60386
G1 X163.93 Y172.894 E3170.61463
G1 X164.598 Y172.894 E3170.63785
G1 X166.274 Y174.57 E3170.72023
G1 X166.761 Y174.57 E3170.73716
G1 X171.9 Y169.43 E3170.98978
G1 X169.43 Y169.43 E3171.07563
G1 X174.57 Y174.57 E3171.32828
G1 X175.07 Y174.556 E3171.34567
G1 X175.056 Y174.57 E3171.34635
G1 X174.979 Y174.647
G1 F2400 E3170.84635
G1 F600 Z6.7
;MESH:NONMESH
G0 F15000 X162.718 Y141.039 Z6.7
;TIME_ELAPSED:1211.202558
;LAYER:31
;MESH:case_VL53L8+RP2040-down.stl
G0 X162.718 Y141.039 Z6.9
;TYPE:WALL-OUTER
G1 F600 Z6.5
G1 F2400 E3171.34635
G1 F9000 X162.633 Y141.177 E3171.35199
G1 X162.5 Y141.22 E3171.35685
G1 X129.48 Y141.22 E3172.50452
G1 X129.368 Y141.176 E3172.5087
G1 X129.283 Y141.038 E3172.51433
G1 X129.28 Y130.3 E3172.88755
G1 X129.372 Y130.12 E3172.89458
G1 X129.462 Y130.083 E3172.89796
G1 X162.5 Y130.08 E3174.04626
G1 X162.632 Y130.124 E3174.05109
G1 X162.72 Y130.235 E3174.05602
G1 X162.718 Y141.039 E3174.43153
G1 F2400 E3173.93153
G1 F600 Z6.9
G0 F15000 X153.72 Y161.065 Z6.9
G1 F600 Z6.5
G1 F2400 E3174.43153
G1 F9000 X153.632 Y161.177 E3174.43648
G1 X153.538 Y161.217 E3174.44003
G1 X129.48 Y161.22 E3175.27621
G1 X129.389 Y161.191 E3175.27953
G1 X129.283 Y161.038 E3175.286
G1 X129.28 Y156.72 E3175.43608
G1 X127.72 Y156.72 E3175.4903
G1 X127.721 Y175.779 E3176.15273
G1 X176.28 Y175.78 E3177.84049
G1 X176.28 Y128.22 E3179.49352
G1 X127.72 Y128.22 E3181.18131
G1 X127.72 Y147.28 E3181.84378
G1 X129.28 Y147.28 E3181.898
G1 X129.28 Y143 E3182.04676
G1 X129.368 Y142.824 E3182.0536
G1 X129.48 Y142.78 E3182.05778
G1 X153.5 Y142.78 E3182.89264
G1 X153.633 Y142.823 E3182.8975
G1 X153.72 Y142.936 E3182.90246
G1 X153.72 Y161.065 E3183.53256
G1 F2400 E3183.03256
G1 F600 Z6.9
G0 F15000 X162.72 Y174.065 Z6.9
G1 F600 Z6.5
G1 F2400 E3183.53256
G1 F9000 X162.632 Y174.177 E3183.53751
G1 X162.538 Y174.217 E3183.54106
G1 X129.5 Y174.22 E3184.68936
G1 X129.344 Y174.156 E3184.69522
G1 X129.283 Y174.038 E3184.69984
G1 X129.28 Y163.3 E3185.07306
G1 X129.389 Y163.109 E3185.0807
G1 X129.48 Y163.08 E3185.08402
G1 X162.5 Y163.08 E3186.23169
G1 X162.633 Y163.123 E3186.23655
G1 X162.72 Y163.3 E3186.2434
G1 X162.72 Y174.065 E3186.61756
G1 F2400 E3186.11756
G1 F600 Z6.9
G0 F15000 X174.717 Y168.039 Z6.9
G1 F600 Z6.5
G1 F2400 E3186.61756
G1 F9000 X174.677 Y168.132 E3186.62108
G1 X174.565 Y168.22 E3186.62603
G1 X163.8 Y168.22 E3187.00019
G1 X163.667 Y168.176 E3187.00506
G1 X163.583 Y168.038 E3187.01067
G1 X163.58 Y135 E3188.15897
G1 X163.667 Y134.824 E3188.16579
G1 X163.8 Y134.78 E3188.17066
G1 X174.564 Y134.78 E3188.54478
G1 X174.677 Y134.867 E3188.54974
G1 X174.72 Y135 E3188.5546
G1 X174.717 Y168.039 E3189.70293
G0 F15000 X175.03 Y168.396
;TYPE:WALL-INNER
G1 F10500 X174.755 Y168.61 E3189.71504
G1 X174.5 Y168.66 E3189.72407
G1 X163.8 Y168.66 E3190.09597
G1 X163.403 Y168.528 E3190.11051
G1 F10596.3 X163.154 Y168.113 E3190.12718
G1 X163.16 Y168.65 E3190.14568
G1 F10500 X163.16 Y174 E3190.33163
G1 X163.11 Y174.255 E3190.34066
G1 X162.896 Y174.529 E3190.35274
G1 F9166.7 X162.625 Y174.714 E3190.36581
G1 F8133.8 X161.651 Y174.714 E3190.40951
G1 X160.677 Y174.714 E3190.45321
G1 F8148.1 X159.703 Y174.715 E3190.49683
G1 X158.729 Y174.715 E3190.54046
G1 X157.755 Y174.715 E3190.58408
G1 X156.781 Y174.715 E3190.62771
G1 F8162.5 X155.807 Y174.715 E3190.67125
G1 X154.833 Y174.715 E3190.7148
G1 X153.859 Y174.716 E3190.75835
G1 X152.885 Y174.716 E3190.8019
G1 X151.911 Y174.716 E3190.84544
G1 F8177 X150.937 Y174.716 E3190.88891
G1 X149.963 Y174.716 E3190.93238
G1 X148.989 Y174.716 E3190.97586
G1 X148.015 Y174.717 E3191.01933
G1 F8191.5 X147.041 Y174.717 E3191.06272
G1 X146.067 Y174.717 E3191.10611
G1 X145.093 Y174.717 E3191.14951
G1 X144.119 Y174.717 E3191.1929
G1 F8206 X143.145 Y174.718 E3191.23622
G1 X142.171 Y174.718 E3191.27953
G1 X141.197 Y174.718 E3191.32285
G1 X140.223 Y174.718 E3191.36617
G1 F8220.6 X139.249 Y174.718 E3191.40941
G1 X138.275 Y174.718 E3191.45265
G1 X137.301 Y174.719 E3191.49589
G1 X136.327 Y174.719 E3191.53913
G1 X135.353 Y174.719 E3191.58237
G1 F8235.3 X134.379 Y174.719 E3191.62553
G1 X133.405 Y174.719 E3191.66869
G1 X132.431 Y174.719 E3191.71185
G1 X131.457 Y174.72 E3191.75502
G1 F8250 X130.483 Y174.72 E3191.7981
G1 X129.509 Y174.72 E3191.84119
G1 F9240 X129.033 Y174.467 E3191.86248
G1 F9166.7 X128.786 Y174.125 E3191.87927
G1 F8133.8 X128.785 Y173.141 E3191.92342
G1 F8148.1 X128.785 Y172.157 E3191.9675
G1 F8162.5 X128.784 Y171.173 E3192.01149
G1 F8177 X128.784 Y170.189 E3192.05541
G1 X128.783 Y169.205 E3192.09933
G1 F8191.5 X128.783 Y168.221 E3192.14316
G1 F8206 X128.782 Y167.237 E3192.18693
G1 X128.782 Y166.253 E3192.23069
G1 F8220.6 X128.781 Y165.269 E3192.27437
G1 F8235.3 X128.781 Y164.285 E3192.31798
G1 F8250 X128.78 Y163.301 E3192.36151
G1 F9240 X129.168 Y162.729 E3192.3888
G1 F10500 X129.442 Y162.642 E3192.3988
G1 X162.5 Y162.64 E3193.54779
G1 X162.897 Y162.771 E3193.56232
G1 F10744.2 X163.15 Y163.3 E3193.58224
G1 X163.14 Y162.65 E3193.60432
G1 F10500 X163.14 Y141.65 E3194.33421
G1 F10645.2 X163.146 Y141.113 E3194.35262
G1 X162.897 Y141.529 E3194.36924
G1 F10500 X162.5 Y141.66 E3194.38377
G1 X154.167 Y141.66 E3194.6734
G1 F9240 X153.5 Y141.72 E3194.69985
G1 F8250 X151.649 Y141.72 E3194.78173
G1 X149.798 Y141.72 E3194.86361
G1 F8235.3 X147.947 Y141.72 E3194.94564
G1 X146.096 Y141.72 E3195.02767
G1 X144.245 Y141.72 E3195.1097
G1 F8220.6 X142.394 Y141.72 E3195.19187
G1 X140.543 Y141.72 E3195.27404
G1 X138.692 Y141.72 E3195.35621
G1 F8206 X136.841 Y141.72 E3195.43853
G1 X134.99 Y141.72 E3195.52085
G1 X133.139 Y141.72 E3195.60317
G1 F8191.5 X131.288 Y141.72 E3195.68564
G1 X129.437 Y141.72 E3195.7681
G1 F9203.2 X129.268 Y141.618 E3195.77593
G1 F10500 X129.104 Y141.528 E3195.78243
G1 F9166.7 X128.786 Y141.125 E3195.80287
G1 F8133.8 X128.785 Y140.141 E3195.84702
G1 F8148.1 X128.785 Y139.157 E3195.89109
G1 F8162.5 X128.784 Y138.173 E3195.93509
G1 F8177 X128.784 Y137.189 E3195.97901
G1 X128.783 Y136.205 E3196.02292
G1 F8191.5 X128.783 Y135.221 E3196.06676
G1 F8206 X128.782 Y134.237 E3196.11052
G1 X128.782 Y133.253 E3196.15428
G1 F8220.6 X128.781 Y132.269 E3196.19797
G1 F8235.3 X128.781 Y131.285 E3196.24157
G1 F8250 X128.78 Y130.301 E3196.2851
G1 F9240 X129.118 Y129.761 E3196.31026
G1 F10500 X129.408 Y129.64 E3196.32119
G1 X162.5 Y129.64 E3197.47136
G1 X162.896 Y129.772 E3197.48587
G1 X163.11 Y130.046 E3197.49795
G1 X163.16 Y130.3 E3197.50695
G1 X163.16 Y134.35 E3197.64771
G1 F10744.2 X163.15 Y135 E3197.66979
G1 X163.403 Y134.472 E3197.68968
G1 F10500 X163.8 Y134.34 E3197.70422
G1 X174.5 Y134.34 E3198.07612
G1 X174.755 Y134.39 E3198.08515
G1 X175.029 Y134.603 E3198.09722
G1 F9240 X175.22 Y135 E3198.11462
G1 F8250 X175.22 Y137.547 E3198.22729
G1 X175.22 Y140.094 E3198.33995
G1 F8235.3 X175.22 Y142.641 E3198.45282
G1 X175.22 Y145.188 E3198.56569
G1 X175.22 Y147.735 E3198.67856
G1 X175.22 Y150.282 E3198.79144
G1 F8220.6 X175.22 Y152.829 E3198.90451
G1 X175.22 Y155.376 E3199.01758
G1 X175.22 Y157.923 E3199.13065
G1 X175.22 Y160.47 E3199.24372
G1 X175.22 Y163.017 E3199.35679
G1 F8206 X175.22 Y165.564 E3199.47006
G1 X175.22 Y168.111 E3199.58334
G1 F9203.2 X175.03 Y168.396 E3199.59692
G0 F15000 X175.777 Y168.174
G1 F8148.1 X175.777 Y167.068 E3199.64646
G1 X175.777 Y165.962 E3199.69599
G1 F8162.5 X175.777 Y164.856 E3199.74544
G1 X175.777 Y163.75 E3199.79489
G1 X175.778 Y162.644 E3199.84434
G1 X175.778 Y161.538 E3199.89379
G1 F8177 X175.778 Y160.432 E3199.94315
G1 X175.778 Y159.326 E3199.99251
G1 X175.778 Y158.22 E3200.04188
G1 X175.778 Y157.114 E3200.09124
G1 X175.778 Y156.008 E3200.1406
G1 F8191.5 X175.778 Y154.902 E3200.18987
G1 X175.778 Y153.796 E3200.23915
G1 X175.778 Y152.69 E3200.28842
G1 X175.779 Y151.584 E3200.3377
G1 F8206 X175.779 Y150.478 E3200.38688
G1 X175.779 Y149.372 E3200.43607
G1 X175.779 Y148.266 E3200.48526
G1 X175.779 Y147.16 E3200.53445
G1 F8220.6 X175.779 Y146.054 E3200.58355
G1 X175.779 Y144.948 E3200.63264
G1 X175.779 Y143.842 E3200.68174
G1 X175.779 Y142.736 E3200.73084
G1 X175.779 Y141.63 E3200.77994
G1 F8235.3 X175.78 Y140.524 E3200.82896
G1 X175.78 Y139.418 E3200.87797
G1 X175.78 Y138.312 E3200.92698
G1 X175.78 Y137.206 E3200.97599
G1 F8250 X175.78 Y136.1 E3201.02492
G1 X175.78 Y134.994 E3201.07384
G1 F9240 X175.84 Y134.333 E3201.10006
G1 F10500 X175.84 Y128.66 E3201.29723
G1 X128.16 Y128.66 E3202.95444
G1 X128.16 Y129.267 E3202.97554
G1 F9829.8 X128.19 Y129.784 E3202.99476
G1 F8717 X128.22 Y130.301 E3203.01645
G1 F8250 X128.22 Y131.289 E3203.06015
G1 F8235.3 X128.221 Y132.278 E3203.10398
G1 F8220.6 X128.221 Y133.267 E3203.14788
G1 F8206 X128.221 Y134.256 E3203.19187
G1 X128.222 Y135.245 E3203.23585
G1 F8191.5 X128.222 Y136.234 E3203.27991
G1 F8177 X128.223 Y137.223 E3203.32405
G1 X128.223 Y138.212 E3203.36819
G1 F8162.5 X128.223 Y139.201 E3203.41241
G1 F8148.1 X128.224 Y140.19 E3203.45671
G1 F8133.8 X128.224 Y141.179 E3203.50108
G1 F9166.7 X128.16 Y142 E3203.53387
G1 F9829.8 X128.19 Y142.5 E3203.55246
G1 F8717 X128.22 Y143 E3203.57343
G1 F8250 X128.22 Y146.78 E3203.74065
G1 X128.78 Y146.78 E3203.76542
G1 X128.78 Y143 E3203.93263
G1 F9240 X129.104 Y142.472 E3203.9571
G1 F10500 X129.268 Y142.382 E3203.9636
G1 F9203.2 X129.437 Y142.28 E3203.97143
G1 F8191.5 X131.288 Y142.28 E3204.05389
G1 X133.139 Y142.28 E3204.13636
G1 F8206 X134.99 Y142.28 E3204.21868
G1 X136.841 Y142.28 E3204.301
G1 X138.692 Y142.28 E3204.38332
G1 F8220.6 X140.543 Y142.28 E3204.46549
G1 X142.394 Y142.28 E3204.54766
G1 X144.245 Y142.28 E3204.62984
G1 F8235.3 X146.096 Y142.28 E3204.71186
G1 X147.947 Y142.28 E3204.79389
G1 X149.798 Y142.28 E3204.87592
G1 F8250 X151.649 Y142.28 E3204.9578
G1 X153.5 Y142.28 E3205.03968
G1 F9240 X153.897 Y142.471 E3205.05708
G1 F10500 X154.11 Y142.746 E3205.06917
G1 X154.16 Y143 E3205.07817
G1 X154.16 Y161 E3205.70379
G1 X154.11 Y161.255 E3205.71282
G1 X153.896 Y161.529 E3205.72491
G1 X153.593 Y161.66 E3205.73638
G1 X129.442 Y161.658 E3206.57579
G1 X129.168 Y161.571 E3206.58578
G1 F9166.7 X128.786 Y161.125 E3206.60916
G1 F8148.1 X128.785 Y160.149 E3206.65288
G1 F8177 X128.783 Y159.173 E3206.69644
G1 F8206 X128.782 Y158.197 E3206.73984
G1 F8235.3 X128.78 Y157.221 E3206.78309
G1 F8250 X128.22 Y157.22 E3206.80787
G1 F8235.3 X128.221 Y158.209 E3206.85169
G1 F8206 X128.222 Y159.198 E3206.89568
G1 F8177 X128.223 Y160.187 E3206.93982
G1 F8148.1 X128.224 Y161.176 E3206.98411
G1 F9166.7 X128.161 Y162.15 E3207.02297
G1 F9829.8 X128.19 Y162.725 E3207.04435
G1 F8717 X128.22 Y163.3 E3207.06845
G1 F8250 X128.22 Y164.289 E3207.1122
G1 F8235.3 X128.221 Y165.278 E3207.15603
G1 F8220.6 X128.221 Y166.267 E3207.19994
G1 F8206 X128.221 Y167.256 E3207.24392
G1 X128.222 Y168.245 E3207.2879
G1 F8191.5 X128.222 Y169.234 E3207.33196
G1 F8177 X128.223 Y170.223 E3207.3761
G1 X128.223 Y171.212 E3207.42024
G1 F8162.5 X128.223 Y172.201 E3207.46446
G1 F8148.1 X128.224 Y173.19 E3207.50876
G1 F8133.8 X128.224 Y174.179 E3207.55313
G1 F9166.7 X128.161 Y174.828 E3207.57909
G1 F10500 X128.161 Y175.339 E3207.59685
G1 X128.672 Y175.339 E3207.61461
G1 F9240 X129.5 Y175.28 E3207.6474
G1 F8250 X130.476 Y175.28 E3207.69057
G1 X131.452 Y175.28 E3207.73375
G1 F8235.3 X132.428 Y175.28 E3207.777
G1 X133.404 Y175.28 E3207.82025
G1 X134.38 Y175.279 E3207.8635
G1 X135.356 Y175.279 E3207.90675
G1 F8220.6 X136.332 Y175.279 E3207.95008
G1 X137.308 Y175.279 E3207.99341
G1 X138.284 Y175.279 E3208.03674
G1 X139.26 Y175.279 E3208.08007
G1 X140.236 Y175.279 E3208.1234
G1 F8206 X141.212 Y175.279 E3208.1668
G1 X142.188 Y175.278 E3208.21021
G1 X143.164 Y175.278 E3208.25361
G1 X144.14 Y175.278 E3208.29702
G1 F8191.5 X145.116 Y175.278 E3208.3405
G1 X146.092 Y175.278 E3208.38399
G1 X147.068 Y175.278 E3208.42747
G1 X148.044 Y175.278 E3208.47095
G1 F8177 X149.02 Y175.278 E3208.51451
G1 X149.996 Y175.278 E3208.55807
G1 X150.972 Y175.277 E3208.60163
G1 X151.948 Y175.277 E3208.64519
G1 F8162.5 X152.924 Y175.277 E3208.68883
G1 X153.9 Y175.277 E3208.73246
G1 X154.876 Y175.277 E3208.7761
G1 X155.852 Y175.277 E3208.81974
G1 X156.828 Y175.277 E3208.86337
G1 F8148.1 X157.804 Y175.277 E3208.90709
G1 X158.78 Y175.276 E3208.9508
G1 X159.756 Y175.276 E3208.99452
G1 X160.732 Y175.276 E3209.03823
G1 F8133.8 X161.708 Y175.276 E3209.08202
G1 X162.684 Y175.276 E3209.12581
G1 F9166.7 X163.166 Y175.341 E3209.14518
G1 F10500 X175.84 Y175.34 E3209.58568
G1 X175.84 Y168.666 E3209.81765
G1 F9166.7 X175.777 Y168.174 E3209.8374
G0 F15000 X175.4 Y168.646
G1 F10500 X174.924 Y169.016 E3209.85835
G1 X174.5 Y169.1 E3209.87338
G1 X163.8 Y169.1 E3210.24527
G1 X163.6 Y169.034 E3210.2526
G1 X163.6 Y174 E3210.4252
G1 X163.516 Y174.424 E3210.44022
G1 X163.143 Y174.901 E3210.46127
G1 X175.4 Y174.9 E3210.88728
G1 X175.4 Y168.646 E3211.10465
G1 F2400 E3210.60465
G1 F600 Z6.9
G0 F15000 X163.154 Y168.113 Z6.9
G1 F600 Z6.5
G1 F2400 E3211.10465
G1 F10719.3 X163.153 Y167.511 E3211.12515
G1 F10744.2 X163.153 Y166.909 E3211.14559
G1 F10794.4 X163.152 Y166.307 E3211.16595
G1 F10819.7 X163.152 Y165.705 E3211.18625
G1 F10870.6 X163.151 Y165.103 E3211.20646
G1 F10896.2 X163.151 Y164.501 E3211.22663
G1 F10947.9 X163.15 Y163.899 E3211.24669
G1 F10973.9 X163.15 Y163.297 E3211.26671
G1 F2400 E3210.76671
G1 F600 Z6.9
G0 F15000 X162.7 Y162.266 Z6.9
G1 F600 Z6.5
G1 F2400 E3211.26671
G1 F10500 X162.7 Y142.034 E3211.96991
G1 X162.5 Y142.1 E3211.97723
G1 X154.146 Y142.1 E3212.26759
G1 X154.516 Y142.576 E3212.28855
G1 X154.6 Y143 E3212.30357
G1 X154.6 Y161 E3212.92919
G1 X154.516 Y161.424 E3212.94422
G1 X154.16 Y161.881 E3212.96435
G1 F9258.5 X153.7 Y162.142 E3212.9852
G1 X154.266 Y162.2 E3213.00763
G1 F10500 X162.5 Y162.2 E3213.29381
G1 X162.7 Y162.266 E3213.30113
G1 F2400 E3212.80113
G1 F600 Z6.9
G0 F15000 X153.7 Y162.142 Z6.9
G1 F600 Z6.5
G1 F2400 E3213.30113
G1 F8415.3 X153.5 Y162.15 E3213.30981
G1 F8555.6 X152.536 Y162.15 E3213.35094
G1 X151.572 Y162.15 E3213.39206
G1 F8539.7 X150.608 Y162.15 E3213.43325
G1 X149.644 Y162.15 E3213.47445
G1 X148.68 Y162.15 E3213.51565
G1 F8524 X147.716 Y162.15 E3213.55692
G1 X146.752 Y162.15 E3213.59819
G1 X145.788 Y162.15 E3213.63946
G1 F8508.3 X144.824 Y162.15 E3213.68081
G1 X143.86 Y162.15 E3213.72216
G1 X142.896 Y162.15 E3213.76351
G1 F8492.6 X141.932 Y162.15 E3213.80494
G1 X140.968 Y162.15 E3213.84636
G1 X140.004 Y162.15 E3213.88779
G1 F8477.1 X139.04 Y162.15 E3213.92929
G1 X138.076 Y162.15 E3213.97079
G1 X137.112 Y162.15 E3214.01229
G1 F8461.5 X136.148 Y162.15 E3214.05387
G1 X135.184 Y162.15 E3214.09544
G1 X134.22 Y162.15 E3214.13702
G1 F8446.1 X133.256 Y162.15 E3214.17868
G1 X132.292 Y162.15 E3214.22033
G1 X131.328 Y162.15 E3214.26198
G1 F8430.7 X130.364 Y162.15 E3214.30371
G1 X129.4 Y162.15 E3214.34544
G1 F8850.6 X129.185 Y162.082 E3214.35474
G1 F9788.1 X128.944 Y161.956 E3214.36488
G1 F10266.7 X128.605 Y161.469 E3214.38597
G1 X128.606 Y162.934 E3214.43805
G1 X128.944 Y162.344 E3214.46222
G1 F9788.1 X129.185 Y162.218 E3214.47236
G1 F8850.6 X129.4 Y162.15 E3214.48166
G1 F2400 E3213.98166
G1 F600 Z6.9
G0 F15000 X128.744 Y174.828 Z6.9
G1 F600 Z6.5
G1 F2400 E3214.48166
G1 F7938.1 X128.708 Y174.766 E3214.48495
G1 X128.636 Y174.766 E3214.48826
G1 X128.6 Y174.828 E3214.49156
G1 X128.636 Y174.89 E3214.49485
G1 X128.708 Y174.89 E3214.49816
G1 X128.744 Y174.828 E3214.50146
G1 F2400 E3214.00146
G1 F600 Z6.9
G0 F15000 X128.565 Y142.74 Z6.9
G1 F600 Z6.5
G1 F2400 E3214.50146
G1 F12486.5 X128.861 Y142.148 E3214.52081
G1 X129.125 Y142 E3214.52965
G1 X128.861 Y141.852 E3214.5385
G1 X128.565 Y141.369 E3214.55505
G1 X128.565 Y142.74 E3214.59512
G1 F2400 E3214.09512
G1 F600 Z6.9
G0 F15000 X128.573 Y130.017 Z6.9
G1 F600 Z6.5
G1 F2400 E3214.59512
G1 F11938 X128.879 Y129.425 E3214.6155
G1 F9788.1 X129.3 Y129.158 E3214.63408
G1 X128.767 Y129.073 E3214.65421
G1 F11938 X128.573 Y129.073 E3214.66014
G1 X128.573 Y130.017 E3214.689
G1 F2400 E3214.189
G1 F600 Z6.9
G0 F15000 X129.3 Y129.158 Z6.9
G1 F600 Z6.5
G1 F2400 E3214.689
G1 F8415.3 X129.5 Y129.15 E3214.69768
G1 F8555.6 X162.5 Y129.15 E3216.10533
G1 F9428.6 X163.16 Y129.42 E3216.13293
G1 F10500 X163.516 Y129.877 E3216.15307
G1 X163.6 Y130.3 E3216.16805
G1 X163.6 Y133.966 E3216.29547
G1 X163.8 Y133.9 E3216.30279
G1 X174.5 Y133.9 E3216.67469
G1 X174.924 Y133.983 E3216.68971
G1 X175.4 Y134.354 E3216.71068
G1 X175.4 Y129.1 E3216.8933
G1 X163.267 Y129.099 E3217.315
G1 F9428.6 X162.5 Y129.15 E3217.34475
G1 F2400 E3216.84475
G1 F600 Z6.9
G0 F15000 X163.15 Y135 Z6.9
G1 F600 Z6.5
G1 F2400 E3217.34475
G1 F10973.9 X163.149 Y135.873 E3217.37379
G1 F10947.9 X163.149 Y136.746 E3217.40289
G1 F10922 X163.148 Y137.619 E3217.43206
G1 F10896.2 X163.148 Y138.492 E3217.4613
G1 F10870.6 X163.147 Y139.365 E3217.49061
G1 F10845.1 X163.147 Y140.238 E3217.51998
G1 F10819.7 X163.146 Y141.111 E3217.54943
G1 F2400 E3217.04943
G1 F600 Z6.9
G0 F15000 X162.37 Y142.43 Z6.9
;TYPE:FILL
G1 F600 Z6.5
G1 F2400 E3217.54943
G1 F15000 X161.57 Y142.43 E3217.57724
G1 X154.931 Y149.069 E3217.90357
G1 X154.93 Y150.782 E3217.9631
G1 X162.37 Y158.221 E3218.32878
G1 X158.721 Y161.87 E3218.50814
G1 X161.869 Y161.869 E3218.61756
G1 X154.93 Y154.93 E3218.95864
G1 X154.931 Y153.217 E3219.01817
G1 X162.37 Y145.779 E3219.3838
G1 X159.022 Y142.43 E3219.54839
G1 X154.874 Y142.43 E3219.69257
G1 X162.37 Y149.925 E3220.061
G1 X154.931 Y157.364 E3220.42665
G1 X154.93 Y159.078 E3220.48622
G1 X157.722 Y161.87 E3220.62346
G1 X154.576 Y161.871 E3220.73281
G1 X162.37 Y154.074 E3221.11598
G1 X154.93 Y146.634 E3221.48168
G1 X154.931 Y144.921 E3221.54122
G1 X157.422 Y142.43 E3221.66366
G1 X157.499 Y142.353
G1 F2400 E3221.16366
G1 F600 Z6.9
G0 F15000 X163.93 Y130.747 Z6.9
G1 F600 Z6.5
G1 F2400 E3221.66366
G1 F15000 X166.363 Y133.18 E3221.78326
G1 X166.363 Y133.57 E3221.79681
G1 X166.673 Y133.57 E3221.80759
G1 X166.673 Y133.179 E3221.82118
G1 X170.422 Y129.43 E3222.00545
G1 X170.909 Y129.43 E3222.02238
G1 X175.07 Y133.591 E3222.22691
G1 X175.07 Y133.68 E3222.23
G1 X174.566 Y133.581 E3222.24785
G1 X175.07 Y133.077 E3222.27263
G1 X175.07 Y129.443 E3222.39893
G1 X174.57 Y129.43 E3222.41632
G1 X170.82 Y133.18 E3222.60064
G1 X170.82 Y133.57 E3222.6142
G1 X170.51 Y133.57 E3222.62497
G1 X170.51 Y133.179 E3222.63856
G1 X166.761 Y129.43 E3222.82284
G1 X166.275 Y129.429 E3222.83973
G1 X163.93 Y131.774 E3222.955
G1 X163.93 Y130.289 E3223.00661
G1 X163.822 Y129.746 E3223.02585
G1 X163.575 Y129.429 E3223.03982
G1 X163.508 Y129.343
G1 F2400 E3222.53982
G1 F600 Z6.9
G0 F15000 X175.07 Y169.319 Z6.9
G1 F600 Z6.5
G1 F2400 E3223.03982
G1 F15000 X174.511 Y169.43 E3223.05963
G1 X173.578 Y169.43 E3223.09206
G1 X174.657 Y170.51 E3223.14512
G1 X175.07 Y170.51 E3223.15947
G1 X175.07 Y170.82 E3223.17025
G1 X174.658 Y170.82 E3223.18457
G1 X170.908 Y174.57 E3223.36889
G1 X170.422 Y174.57 E3223.38578
G1 X165.282 Y169.43 E3223.63843
G1 X167.753 Y169.43 E3223.72432
G1 X164.598 Y172.584 E3223.87937
G1 X163.93 Y172.584 E3223.90259
G1 X163.93 Y172.894 E3223.91337
G1 X164.598 Y172.894 E3223.93658
G1 X166.274 Y174.57 E3224.01896
G1 X166.761 Y174.57 E3224.03589
G1 X171.9 Y169.43 E3224.28852
G1 X169.43 Y169.43 E3224.37437
G1 X174.57 Y174.57 E3224.62701
G1 X175.07 Y174.556 E3224.6444
G1 X175.056 Y174.57 E3224.64509
G1 X174.979 Y174.647
G1 F2400 E3224.14509
G1 F600 Z6.9
;MESH:NONMESH
G0 F15000 X162.718 Y141.039 Z6.9
;TIME_ELAPSED:1231.172270
;LAYER:32
;MESH:case_VL53L8+RP2040-down.stl
G0 X162.718 Y141.039 Z7.1
;TYPE:WALL-OUTER
G1 F600 Z6.7
G1 F2400 E3224.64509
G1 F9000 X162.633 Y141.177 E3224.65072
G1 X162.5 Y141.22 E3224.65558
G1 X129.48 Y141.22 E3225.80325
G1 X129.368 Y141.176 E3225.80743
G1 X129.283 Y141.038 E3225.81307
G1 X129.28 Y130.3 E3226.18629
G1 X129.372 Y130.12 E3226.19331
G1 X129.462 Y130.083 E3226.19669
G1 X162.5 Y130.08 E3227.34499
G1 X162.632 Y130.124 E3227.34983
G1 X162.72 Y130.235 E3227.35475
G1 X162.718 Y141.039 E3227.73026
G1 F2400 E3227.23026
G1 F600 Z7.1
G0 F15000 X153.72 Y161.065 Z7.1
G1 F600 Z6.7
G1 F2400 E3227.73026
G1 F9000 X153.632 Y161.177 E3227.73521
G1 X153.538 Y161.217 E3227.73876
G1 X129.48 Y161.22 E3228.57494
G1 X129.389 Y161.191 E3228.57826
G1 X129.283 Y161.038 E3228.58473
G1 X129.28 Y156.72 E3228.73481
G1 X127.72 Y156.72 E3228.78903
G1 X127.721 Y175.779 E3229.45146
G1 X176.28 Y175.78 E3231.13922
G1 X176.28 Y128.22 E3232.79226
G1 X127.72 Y128.22 E3234.48005
G1 X127.72 Y147.28 E3235.14251
G1 X129.28 Y147.28 E3235.19674
G1 X129.28 Y143 E3235.34549
G1 X129.368 Y142.824 E3235.35233
G1 X129.48 Y142.78 E3235.35652
G1 X153.5 Y142.78 E3236.19138
G1 X153.633 Y142.823 E3236.19623
G1 X153.72 Y142.936 E3236.20119
G1 X153.72 Y161.065 E3236.8313
G1 F2400 E3236.3313
G1 F600 Z7.1
G0 F15000 X162.72 Y174.065 Z7.1
G1 F600 Z6.7
G1 F2400 E3236.8313
G1 F9000 X162.632 Y174.177 E3236.83625
G1 X162.538 Y174.217 E3236.8398
G1 X129.5 Y174.22 E3237.9881
G1 X129.344 Y174.156 E3237.99396
G1 X129.283 Y174.038 E3237.99857
G1 X129.28 Y163.3 E3238.37179
G1 X129.389 Y163.109 E3238.37944
G1 X129.48 Y163.08 E3238.38275
G1 X162.5 Y163.08 E3239.53043
G1 X162.633 Y163.123 E3239.53528
G1 X162.72 Y163.3 E3239.54214
G1 X162.72 Y174.065 E3239.9163
G1 F2400 E3239.4163
G1 F600 Z7.1
G0 F15000 X174.717 Y168.039 Z7.1
G1 F600 Z6.7
G1 F2400 E3239.9163
G1 F9000 X174.677 Y168.132 E3239.91981
G1 X174.565 Y168.22 E3239.92477
G1 X163.8 Y168.22 E3240.29892
G1 X163.667 Y168.176 E3240.30379
G1 X163.583 Y168.038 E3240.30941
G1 X163.58 Y135 E3241.4577
G1 X163.667 Y134.824 E3241.46453
G1 X163.8 Y134.78 E3241.4694
G1 X174.564 Y134.78 E3241.84352
G1 X174.677 Y134.867 E3241.84848
G1 X174.72 Y135 E3241.85333
G1 X174.717 Y168.039 E3243.00167
G0 F15000 X175.03 Y168.396
;TYPE:WALL-INNER
G1 F10500 X174.755 Y168.61 E3243.01378
G1 X174.5 Y168.66 E3243.02281
G1 X163.8 Y168.66 E3243.39471
G1 X163.403 Y168.528 E3243.40925
G1 F10596.3 X163.154 Y168.113 E3243.42592
G1 X163.16 Y168.65 E3243.44441
G1 F10500 X163.16 Y174 E3243.63036
G1 X163.11 Y174.255 E3243.63939
G1 X162.896 Y174.529 E3243.65148
G1 F9166.7 X162.625 Y174.714 E3243.66454
G1 F8133.8 X161.651 Y174.714 E3243.70824
G1 X160.677 Y174.714 E3243.75194
G1 F8148.1 X159.703 Y174.715 E3243.79557
G1 X158.729 Y174.715 E3243.83919
G1 X157.755 Y174.715 E3243.88282
G1 X156.781 Y174.715 E3243.92644
G1 F8162.5 X155.807 Y174.715 E3243.96999
G1 X154.833 Y174.715 E3244.01354
G1 X153.859 Y174.716 E3244.05708
G1 X152.885 Y174.716 E3244.10063
G1 X151.911 Y174.716 E3244.14418
G1 F8177 X150.937 Y174.716 E3244.18765
G1 X149.963 Y174.716 E3244.23112
G1 X148.989 Y174.716 E3244.27459
G1 X148.015 Y174.717 E3244.31806
G1 F8191.5 X147.041 Y174.717 E3244.36145
G1 X146.067 Y174.717 E3244.40485
G1 X145.093 Y174.717 E3244.44824
G1 X144.119 Y174.717 E3244.49163
G1 F8206 X143.145 Y174.718 E3244.53495
G1 X142.171 Y174.718 E3244.57827
G1 X141.197 Y174.718 E3244.62158
G1 X140.223 Y174.718 E3244.6649
G1 F8220.6 X139.249 Y174.718 E3244.70814
G1 X138.275 Y174.718 E3244.75138
G1 X137.301 Y174.719 E3244.79462
G1 X136.327 Y174.719 E3244.83786
G1 X135.353 Y174.719 E3244.8811
G1 F8235.3 X134.379 Y174.719 E3244.92426
G1 X133.405 Y174.719 E3244.96743
G1 X132.431 Y174.719 E3245.01059
G1 X131.457 Y174.72 E3245.05375
G1 F8250 X130.483 Y174.72 E3245.09684
G1 X129.509 Y174.72 E3245.13992
G1 F9240 X129.033 Y174.467 E3245.16121
G1 F9166.7 X128.786 Y174.125 E3245.17801
G1 F8133.8 X128.785 Y173.141 E3245.22216
G1 F8148.1 X128.785 Y172.157 E3245.26623
G1 F8162.5 X128.784 Y171.173 E3245.31023
G1 F8177 X128.784 Y170.189 E3245.35414
G1 X128.783 Y169.205 E3245.39806
G1 F8191.5 X128.783 Y168.221 E3245.4419
G1 F8206 X128.782 Y167.237 E3245.48566
G1 X128.782 Y166.253 E3245.52942
G1 F8220.6 X128.781 Y165.269 E3245.57311
G1 F8235.3 X128.781 Y164.285 E3245.61671
G1 F8250 X128.78 Y163.301 E3245.66024
G1 F9240 X129.168 Y162.729 E3245.68754
G1 F10500 X129.442 Y162.642 E3245.69753
G1 X162.5 Y162.64 E3246.84652
G1 X162.897 Y162.771 E3246.86105
G1 F10744.2 X163.15 Y163.3 E3246.88097
G1 X163.14 Y162.65 E3246.90305
G1 F10500 X163.14 Y141.65 E3247.63294
G1 F10645.2 X163.146 Y141.113 E3247.65136
G1 X162.897 Y141.529 E3247.66798
G1 F10500 X162.5 Y141.66 E3247.68251
G1 X154.167 Y141.66 E3247.97214
G1 F9240 X153.5 Y141.72 E3247.99859
G1 F8250 X151.649 Y141.72 E3248.08047
G1 X149.798 Y141.72 E3248.16235
G1 F8235.3 X147.947 Y141.72 E3248.24438
G1 X146.096 Y141.72 E3248.3264
G1 X144.245 Y141.72 E3248.40843
G1 F8220.6 X142.394 Y141.72 E3248.4906
G1 X140.543 Y141.72 E3248.57278
G1 X138.692 Y141.72 E3248.65495
G1 F8206 X136.841 Y141.72 E3248.73727
G1 X134.99 Y141.72 E3248.81959
G1 X133.139 Y141.72 E3248.90191
G1 F8191.5 X131.288 Y141.72 E3248.98437
G1 X129.437 Y141.72 E3249.06684
G1 F9203.2 X129.268 Y141.618 E3249.07467
G1 F10500 X129.104 Y141.528 E3249.08117
G1 F9166.7 X128.786 Y141.125 E3249.10161
G1 F8133.8 X128.785 Y140.141 E3249.14576
G1 F8148.1 X128.785 Y139.157 E3249.18983
G1 F8162.5 X128.784 Y138.173 E3249.23382
G1 F8177 X128.784 Y137.189 E3249.27774
G1 X128.783 Y136.205 E3249.32166
G1 F8191.5 X128.783 Y135.221 E3249.3655
G1 F8206 X128.782 Y134.237 E3249.40926
G1 X128.782 Y133.253 E3249.45302
G1 F8220.6 X128.781 Y132.269 E3249.4967
G1 F8235.3 X128.781 Y131.285 E3249.54031
G1 F8250 X128.78 Y130.301 E3249.58384
G1 F9240 X129.118 Y129.761 E3249.609
G1 F10500 X129.408 Y129.64 E3249.61992
G1 X162.5 Y129.64 E3250.77009
G1 X162.896 Y129.772 E3250.7846
G1 X163.11 Y130.046 E3250.79669
G1 X163.16 Y130.3 E3250.80568
G1 X163.16 Y134.35 E3250.94645
G1 F10744.2 X163.15 Y135 E3250.96853
G1 X163.403 Y134.472 E3250.98842
G1 F10500 X163.8 Y134.34 E3251.00296
G1 X174.5 Y134.34 E3251.37486
G1 X174.755 Y134.39 E3251.38389
G1 X175.029 Y134.603 E3251.39595
G1 F9240 X175.22 Y135 E3251.41335
G1 F8250 X175.22 Y137.547 E3251.52602
G1 X175.22 Y140.094 E3251.63869
G1 F8235.3 X175.22 Y142.641 E3251.75156
G1 X175.22 Y145.188 E3251.86443
G1 X175.22 Y147.735 E3251.9773
G1 X175.22 Y150.282 E3252.09017
G1 F8220.6 X175.22 Y152.829 E3252.20324
G1 X175.22 Y155.376 E3252.31631
G1 X175.22 Y157.923 E3252.42938
G1 X175.22 Y160.47 E3252.54246
G1 X175.22 Y163.017 E3252.65553
G1 F8206 X175.22 Y165.564 E3252.7688
G1 X175.22 Y168.111 E3252.88207
G1 F9203.2 X175.03 Y168.396 E3252.89565
G0 F15000 X175.777 Y168.174
G1 F8148.1 X175.777 Y167.068 E3252.94519
G1 X175.777 Y165.962 E3252.99473
G1 F8162.5 X175.777 Y164.856 E3253.04418
G1 X175.777 Y163.75 E3253.09363
G1 X175.778 Y162.644 E3253.14308
G1 X175.778 Y161.538 E3253.19252
G1 F8177 X175.778 Y160.432 E3253.24189
G1 X175.778 Y159.326 E3253.29125
G1 X175.778 Y158.22 E3253.34061
G1 X175.778 Y157.114 E3253.38997
G1 X175.778 Y156.008 E3253.43933
G1 F8191.5 X175.778 Y154.902 E3253.48861
G1 X175.778 Y153.796 E3253.53788
G1 X175.778 Y152.69 E3253.58716
G1 X175.779 Y151.584 E3253.63643
G1 F8206 X175.779 Y150.478 E3253.68562
G1 X175.779 Y149.372 E3253.73481
G1 X175.779 Y148.266 E3253.78399
G1 X175.779 Y147.16 E3253.83318
G1 F8220.6 X175.779 Y146.054 E3253.88228
G1 X175.779 Y144.948 E3253.93138
G1 X175.779 Y143.842 E3253.98048
G1 X175.779 Y142.736 E3254.02958
G1 X175.779 Y141.63 E3254.07868
G1 F8235.3 X175.78 Y140.524 E3254.12769
G1 X175.78 Y139.418 E3254.1767
G1 X175.78 Y138.312 E3254.22572
G1 X175.78 Y137.206 E3254.27473
G1 F8250 X175.78 Y136.1 E3254.32365
G1 X175.78 Y134.994 E3254.37258
G1 F9240 X175.84 Y134.333 E3254.39879
G1 F10500 X175.84 Y128.66 E3254.59597
G1 X128.16 Y128.66 E3256.25317
G1 X128.16 Y129.267 E3256.27427
G1 F9829.8 X128.19 Y129.784 E3256.2935
G1 F8717 X128.22 Y130.301 E3256.31518
G1 F8250 X128.22 Y131.289 E3256.35888
G1 F8235.3 X128.221 Y132.278 E3256.40271
G1 F8220.6 X128.221 Y133.267 E3256.44662
G1 F8206 X128.221 Y134.256 E3256.4906
G1 X128.222 Y135.245 E3256.53459
G1 F8191.5 X128.222 Y136.234 E3256.57865
G1 F8177 X128.223 Y137.223 E3256.62279
G1 X128.223 Y138.212 E3256.66693
G1 F8162.5 X128.223 Y139.201 E3256.71115
G1 F8148.1 X128.224 Y140.19 E3256.75544
G1 F8133.8 X128.224 Y141.179 E3256.79982
G1 F9166.7 X128.16 Y142 E3256.8326
G1 F9829.8 X128.19 Y142.5 E3256.8512
G1 F8717 X128.22 Y143 E3256.87217
G1 F8250 X128.22 Y146.78 E3257.03938
G1 X128.78 Y146.78 E3257.06415
G1 X128.78 Y143 E3257.23136
G1 F9240 X129.104 Y142.472 E3257.25583
G1 F10500 X129.268 Y142.382 E3257.26233
G1 F9203.2 X129.437 Y142.28 E3257.27016
G1 F8191.5 X131.288 Y142.28 E3257.35263
G1 X133.139 Y142.28 E3257.43509
G1 F8206 X134.99 Y142.28 E3257.51741
G1 X136.841 Y142.28 E3257.59973
G1 X138.692 Y142.28 E3257.68205
G1 F8220.6 X140.543 Y142.28 E3257.76422
G1 X142.394 Y142.28 E3257.8464
G1 X144.245 Y142.28 E3257.92857
G1 F8235.3 X146.096 Y142.28 E3258.0106
G1 X147.947 Y142.28 E3258.09263
G1 X149.798 Y142.28 E3258.17465
G1 F8250 X151.649 Y142.28 E3258.25653
G1 X153.5 Y142.28 E3258.33841
G1 F9240 X153.897 Y142.471 E3258.35581
G1 F10500 X154.11 Y142.746 E3258.3679
G1 X154.16 Y143 E3258.3769
G1 X154.16 Y161 E3259.00252
G1 X154.11 Y161.255 E3259.01156
G1 X153.896 Y161.529 E3259.02364
G1 X153.593 Y161.66 E3259.03511
G1 X129.442 Y161.658 E3259.87453
G1 X129.168 Y161.571 E3259.88452
G1 F9166.7 X128.786 Y161.125 E3259.9079
G1 F8148.1 X128.785 Y160.149 E3259.95161
G1 F8177 X128.783 Y159.173 E3259.99517
G1 F8206 X128.782 Y158.197 E3260.03858
G1 F8235.3 X128.78 Y157.221 E3260.08183
G1 F8250 X128.22 Y157.22 E3260.1066
G1 F8235.3 X128.221 Y158.209 E3260.15043
G1 F8206 X128.222 Y159.198 E3260.19441
G1 F8177 X128.223 Y160.187 E3260.23855
G1 F8148.1 X128.224 Y161.176 E3260.28285
G1 F9166.7 X128.161 Y162.15 E3260.32171
G1 F9829.8 X128.19 Y162.725 E3260.34308
G1 F8717 X128.22 Y163.3 E3260.36719
G1 F8250 X128.22 Y164.289 E3260.41094
G1 F8235.3 X128.221 Y165.278 E3260.45476
G1 F8220.6 X128.221 Y166.267 E3260.49867
G1 F8206 X128.221 Y167.256 E3260.54265
G1 X128.222 Y168.245 E3260.58664
G1 F8191.5 X128.222 Y169.234 E3260.6307
G1 F8177 X128.223 Y170.223 E3260.67484
G1 X128.223 Y171.212 E3260.71898
G1 F8162.5 X128.223 Y172.201 E3260.7632
G1 F8148.1 X128.224 Y173.19 E3260.80749
G1 F8133.8 X128.224 Y174.179 E3260.85187
G1 F9166.7 X128.161 Y174.828 E3260.87783
G1 F10500 X128.161 Y175.339 E3260.89559
G1 X128.672 Y175.339 E3260.91335
G1 F9240 X129.5 Y175.28 E3260.94613
G1 F8250 X130.476 Y175.28 E3260.98931
G1 X131.452 Y175.28 E3261.03248
G1 F8235.3 X132.428 Y175.28 E3261.07573
G1 X133.404 Y175.28 E3261.11899
G1 X134.38 Y175.279 E3261.16224
G1 X135.356 Y175.279 E3261.20549
G1 F8220.6 X136.332 Y175.279 E3261.24882
G1 X137.308 Y175.279 E3261.29215
G1 X138.284 Y175.279 E3261.33547
G1 X139.26 Y175.279 E3261.3788
G1 X140.236 Y175.279 E3261.42213
G1 F8206 X141.212 Y175.279 E3261.46554
G1 X142.188 Y175.278 E3261.50894
G1 X143.164 Y175.278 E3261.55235
G1 X144.14 Y175.278 E3261.59575
G1 F8191.5 X145.116 Y175.278 E3261.63924
G1 X146.092 Y175.278 E3261.68272
G1 X147.068 Y175.278 E3261.7262
G1 X148.044 Y175.278 E3261.76969
G1 F8177 X149.02 Y175.278 E3261.81324
G1 X149.996 Y175.278 E3261.8568
G1 X150.972 Y175.277 E3261.90036
G1 X151.948 Y175.277 E3261.94392
G1 F8162.5 X152.924 Y175.277 E3261.98756
G1 X153.9 Y175.277 E3262.0312
G1 X154.876 Y175.277 E3262.07483
G1 X155.852 Y175.277 E3262.11847
G1 X156.828 Y175.277 E3262.16211
G1 F8148.1 X157.804 Y175.277 E3262.20582
G1 X158.78 Y175.276 E3262.24954
G1 X159.756 Y175.276 E3262.29325
G1 X160.732 Y175.276 E3262.33696
G1 F8133.8 X161.708 Y175.276 E3262.38076
G1 X162.684 Y175.276 E3262.42455
G1 F9166.7 X163.166 Y175.341 E3262.44391
G1 F10500 X175.84 Y175.34 E3262.88442
G1 X175.84 Y168.666 E3263.11639
G1 F9166.7 X175.777 Y168.174 E3263.13613
G0 F15000 X175.4 Y168.646
G1 F10500 X174.924 Y169.016 E3263.15709
G1 X174.5 Y169.1 E3263.17211
G1 X163.8 Y169.1 E3263.54401
G1 X163.6 Y169.034 E3263.55133
G1 X163.6 Y174 E3263.72393
G1 X163.516 Y174.424 E3263.73896
G1 X163.143 Y174.901 E3263.76
G1 X175.4 Y174.9 E3264.18602
G1 X175.4 Y168.646 E3264.40339
G1 F2400 E3263.90339
G1 F600 Z7.1
G0 F15000 X163.154 Y168.113 Z7.1
G1 F600 Z6.7
G1 F2400 E3264.40339
G1 F10719.3 X163.153 Y167.511 E3264.42388
G1 F10744.2 X163.153 Y166.909 E3264.44433
G1 F10794.4 X163.152 Y166.307 E3264.46468
G1 F10819.7 X163.152 Y165.705 E3264.48499
G1 F10870.6 X163.151 Y165.103 E3264.5052
G1 F10896.2 X163.151 Y164.501 E3264.52536
G1 F10947.9 X163.15 Y163.899 E3264.54543
G1 F10973.9 X163.15 Y163.297 E3264.56545
G1 F2400 E3264.06545
G1 F600 Z7.1
G0 F15000 X162.7 Y162.266 Z7.1
G1 F600 Z6.7
G1 F2400 E3264.56545
G1 F10500 X162.7 Y142.034 E3265.26865
G1 X162.5 Y142.1 E3265.27597
G1 X154.146 Y142.1 E3265.56633
G1 X154.516 Y142.576 E3265.58728
G1 X154.6 Y143 E3265.60231
G1 X154.6 Y161 E3266.22793
G1 X154.516 Y161.424 E3266.24295
G1 X154.16 Y161.881 E3266.26309
G1 F9258.5 X153.7 Y162.142 E3266.28393
G1 X154.266 Y162.2 E3266.30636
G1 F10500 X162.5 Y162.2 E3266.59255
G1 X162.7 Y162.266 E3266.59987
G1 F2400 E3266.09987
G1 F600 Z7.1
G0 F15000 X153.7 Y162.142 Z7.1
G1 F600 Z6.7
G1 F2400 E3266.59987
G1 F8415.3 X153.5 Y162.15 E3266.60855
G1 F8555.6 X152.536 Y162.15 E3266.64967
G1 X151.572 Y162.15 E3266.69079
G1 F8539.7 X150.608 Y162.15 E3266.73199
G1 X149.644 Y162.15 E3266.77318
G1 X148.68 Y162.15 E3266.81438
G1 F8524 X147.716 Y162.15 E3266.85565
G1 X146.752 Y162.15 E3266.89693
G1 X145.788 Y162.15 E3266.9382
G1 F8508.3 X144.824 Y162.15 E3266.97955
G1 X143.86 Y162.15 E3267.0209
G1 X142.896 Y162.15 E3267.06225
G1 F8492.6 X141.932 Y162.15 E3267.10367
G1 X140.968 Y162.15 E3267.1451
G1 X140.004 Y162.15 E3267.18652
G1 F8477.1 X139.04 Y162.15 E3267.22802
G1 X138.076 Y162.15 E3267.26952
G1 X137.112 Y162.15 E3267.31102
G1 F8461.5 X136.148 Y162.15 E3267.3526
G1 X135.184 Y162.15 E3267.39418
G1 X134.22 Y162.15 E3267.43576
G1 F8446.1 X133.256 Y162.15 E3267.47741
G1 X132.292 Y162.15 E3267.51906
G1 X131.328 Y162.15 E3267.56072
G1 F8430.7 X130.364 Y162.15 E3267.60245
G1 X129.4 Y162.15 E3267.64418
G1 F8850.6 X129.185 Y162.082 E3267.65347
G1 F9788.1 X128.944 Y161.956 E3267.66361
G1 F10266.7 X128.605 Y161.469 E3267.68471
G1 X128.606 Y162.934 E3267.73678
G1 X128.944 Y162.344 E3267.76095
G1 F9788.1 X129.185 Y162.218 E3267.77109
G1 F8850.6 X129.4 Y162.15 E3267.78039
G1 F2400 E3267.28039
G1 F600 Z7.1
G0 F15000 X128.744 Y174.828 Z7.1
G1 F600 Z6.7
G1 F2400 E3267.78039
G1 F7938.1 X128.708 Y174.766 E3267.78369
G1 X128.636 Y174.766 E3267.787
G1 X128.6 Y174.828 E3267.79029
G1 X128.636 Y174.89 E3267.79359
G1 X128.708 Y174.89 E3267.7969
G1 X128.744 Y174.828 E3267.8002
G1 F2400 E3267.3002
G1 F600 Z7.1
G0 F15000 X128.565 Y142.74 Z7.1
G1 F600 Z6.7
G1 F2400 E3267.8002
G1 F12486.5 X128.861 Y142.148 E3267.81954
G1 X129.125 Y142 E3267.82839
G1 X128.861 Y141.852 E3267.83723
G1 X128.565 Y141.369 E3267.85379
G1 X128.565 Y142.74 E3267.89386
G1 F2400 E3267.39386
G1 F600 Z7.1
G0 F15000 X128.573 Y130.017 Z7.1
G1 F600 Z6.7
G1 F2400 E3267.89386
G1 F11938 X128.879 Y129.425 E3267.91423
G1 F9788.1 X129.3 Y129.158 E3267.93282
G1 X128.767 Y129.073 E3267.95294
G1 F11938 X128.573 Y129.073 E3267.95887
G1 X128.573 Y130.017 E3267.98773
G1 F2400 E3267.48773
G1 F600 Z7.1
G0 F15000 X129.3 Y129.158 Z7.1
G1 F600 Z6.7
G1 F2400 E3267.98773
G1 F8415.3 X129.5 Y129.15 E3267.99641
G1 F8555.6 X162.5 Y129.15 E3269.40406
G1 F9428.6 X163.16 Y129.42 E3269.43167
G1 F10500 X163.516 Y129.877 E3269.4518
G1 X163.6 Y130.3 E3269.46679
G1 X163.6 Y133.966 E3269.59421
G1 X163.8 Y133.9 E3269.60153
G1 X174.5 Y133.9 E3269.97343
G1 X174.924 Y133.983 E3269.98844
G1 X175.4 Y134.354 E3270.00942
G1 X175.4 Y129.1 E3270.19203
G1 X163.267 Y129.099 E3270.61374
G1 F9428.6 X162.5 Y129.15 E3270.64349
G1 F2400 E3270.14349
G1 F600 Z7.1
G0 F15000 X163.15 Y135 Z7.1
G1 F600 Z6.7
G1 F2400 E3270.64349
G1 F10973.9 X163.149 Y135.873 E3270.67252
G1 F10947.9 X163.149 Y136.746 E3270.70162
G1 F10922 X163.148 Y137.619 E3270.73079
G1 F10896.2 X163.148 Y138.492 E3270.76003
G1 F10870.6 X163.147 Y139.365 E3270.78934
G1 F10845.1 X163.147 Y140.238 E3270.81872
G1 F10819.7 X163.146 Y141.111 E3270.84816
G1 F2400 E3270.34816
G1 F600 Z7.1
G0 F15000 X162.37 Y142.43 Z7.1
;TYPE:FILL
G1 F600 Z6.7
G1 F2400 E3270.84816
G1 F15000 X161.57 Y142.43 E3270.87597
G1 X154.931 Y149.069 E3271.2023
G1 X154.93 Y150.782 E3271.26184
G1 X162.37 Y158.221 E3271.62752
G1 X158.721 Y161.87 E3271.80688
G1 X161.869 Y161.869 E3271.91629
G1 X154.93 Y154.93 E3272.25737
G1 X154.931 Y153.217 E3272.31691
G1 X162.37 Y145.779 E3272.68254
G1 X159.022 Y142.43 E3272.84713
G1 X154.874 Y142.43 E3272.9913
G1 X162.37 Y149.925 E3273.35973
G1 X154.931 Y157.364 E3273.72538
G1 X154.93 Y159.078 E3273.78496
G1 X157.722 Y161.87 E3273.92219
G1 X154.576 Y161.871 E3274.03154
G1 X162.37 Y154.074 E3274.41472
G1 X154.93 Y146.634 E3274.78042
G1 X154.931 Y144.921 E3274.83996
G1 X157.422 Y142.43 E3274.9624
G1 X157.499 Y142.353
G1 F2400 E3274.4624
G1 F600 Z7.1
G0 F15000 X163.93 Y130.747 Z7.1
G1 F600 Z6.7
G1 F2400 E3274.9624
G1 F15000 X166.363 Y133.18 E3275.08199
G1 X166.363 Y133.57 E3275.09554
G1 X166.673 Y133.57 E3275.10632
G1 X166.673 Y133.179 E3275.11991
G1 X170.422 Y129.43 E3275.30419
G1 X170.909 Y129.43 E3275.32111
G1 X175.07 Y133.591 E3275.52564
G1 X175.07 Y133.68 E3275.52873
G1 X174.566 Y133.581 E3275.54659
G1 X175.07 Y133.077 E3275.57136
G1 X175.07 Y129.443 E3275.69767
G1 X174.57 Y129.43 E3275.71505
G1 X170.82 Y133.18 E3275.89938
G1 X170.82 Y133.57 E3275.91293
G1 X170.51 Y133.57 E3275.92371
G1 X170.51 Y133.179 E3275.9373
G1 X166.761 Y129.43 E3276.12157
G1 X166.275 Y129.429 E3276.13847
G1 X163.93 Y131.774 E3276.25373
G1 X163.93 Y130.289 E3276.30534
G1 X163.822 Y129.746 E3276.32459
G1 X163.575 Y129.429 E3276.33855
G1 X163.508 Y129.343
G1 F2400 E3275.83855
G1 F600 Z7.1
G0 F15000 X175.07 Y169.319 Z7.1
G1 F600 Z6.7
G1 F2400 E3276.33855
G1 F15000 X174.511 Y169.43 E3276.35836
G1 X173.578 Y169.43 E3276.39079
G1 X174.657 Y170.51 E3276.44385
G1 X175.07 Y170.51 E3276.45821
G1 X175.07 Y170.82 E3276.46898
G1 X174.658 Y170.82 E3276.4833
G1 X170.908 Y174.57 E3276.66763
G1 X170.422 Y174.57 E3276.68452
G1 X165.282 Y169.43 E3276.93717
G1 X167.753 Y169.43 E3277.02305
G1 X164.598 Y172.584 E3277.17811
G1 X163.93 Y172.584 E3277.20133
G1 X163.93 Y172.894 E3277.2121
G1 X164.598 Y172.894 E3277.23532
G1 X166.274 Y174.57 E3277.3177
G1 X166.761 Y174.57 E3277.33463
G1 X171.9 Y169.43 E3277.58725
G1 X169.43 Y169.43 E3277.6731
G1 X174.57 Y174.57 E3277.92575
G1 X175.07 Y174.556 E3277.94313
G1 X175.056 Y174.57 E3277.94382
G1 X174.979 Y174.647
G1 F2400 E3277.44382
G1 F600 Z7.1
;MESH:NONMESH
G0 F15000 X162.718 Y141.039 Z7.1
;TIME_ELAPSED:1251.141982
;LAYER:33
;MESH:case_VL53L8+RP2040-down.stl
G0 X162.718 Y141.039 Z7.3
;TYPE:WALL-OUTER
G1 F600 Z6.9
G1 F2400 E3277.94382
G1 F9000 X162.633 Y141.177 E3277.94946
G1 X162.5 Y141.22 E3277.95431
G1 X129.48 Y141.22 E3279.10199
G1 X129.368 Y141.176 E3279.10617
G1 X129.283 Y141.038 E3279.1118
G1 X129.28 Y130.3 E3279.48502
G1 X129.372 Y130.12 E3279.49205
G1 X129.462 Y130.083 E3279.49543
G1 X162.5 Y130.08 E3280.64372
G1 X162.632 Y130.124 E3280.64856
G1 X162.72 Y130.235 E3280.65348
G1 X162.718 Y141.039 E3281.029
G1 F2400 E3280.529
G1 F600 Z7.3
G0 F15000 X153.72 Y161.065 Z7.3
G1 F600 Z6.9
G1 F2400 E3281.029
G1 F9000 X153.632 Y161.177 E3281.03395
G1 X153.538 Y161.217 E3281.0375
G1 X129.48 Y161.22 E3281.87368
G1 X129.389 Y161.191 E3281.877
G1 X129.283 Y161.038 E3281.88347
G1 X129.28 Y156.72 E3282.03355
G1 X127.72 Y156.72 E3282.08777
G1 X127.721 Y175.779 E3282.7502
G1 X176.28 Y175.78 E3284.43796
G1 X176.28 Y128.22 E3286.09099
G1 X127.72 Y128.22 E3287.77878
G1 X127.72 Y147.28 E3288.44125
G1 X129.28 Y147.28 E3288.49547
G1 X129.28 Y143 E3288.64423
G1 X129.368 Y142.824 E3288.65107
G1 X129.48 Y142.78 E3288.65525
G1 X153.5 Y142.78 E3289.49011
G1 X153.633 Y142.823 E3289.49497
G1 X153.72 Y142.936 E3289.49992
G1 X153.72 Y161.065 E3290.13003
G1 F2400 E3289.63003
G1 F600 Z7.3
G0 F15000 X162.72 Y174.065 Z7.3
G1 F600 Z6.9
G1 F2400 E3290.13003
G1 F9000 X162.632 Y174.177 E3290.13498
G1 X162.538 Y174.217 E3290.13853
G1 X129.5 Y174.22 E3291.28683
G1 X129.344 Y174.156 E3291.29269
G1 X129.283 Y174.038 E3291.29731
G1 X129.28 Y163.3 E3291.67053
G1 X129.389 Y163.109 E3291.67817
G1 X129.48 Y163.08 E3291.68149
G1 X162.5 Y163.08 E3292.82916
G1 X162.633 Y163.123 E3292.83402
G1 X162.72 Y163.3 E3292.84087
G1 X162.72 Y174.065 E3293.21503
G1 F2400 E3292.71503
G1 F600 Z7.3
G0 F15000 X174.717 Y168.039 Z7.3
G1 F600 Z6.9
G1 F2400 E3293.21503
G1 F9000 X174.677 Y168.132 E3293.21855
G1 X174.565 Y168.22 E3293.2235
G1 X163.8 Y168.22 E3293.59766
G1 X163.667 Y168.176 E3293.60253
G1 X163.583 Y168.038 E3293.60814
G1 X163.58 Y135 E3294.75644
G1 X163.667 Y134.824 E3294.76326
G1 X163.8 Y134.78 E3294.76813
G1 X174.564 Y134.78 E3295.14225
G1 X174.677 Y134.867 E3295.14721
G1 X174.72 Y135 E3295.15207
G1 X174.717 Y168.039 E3296.3004
G0 F15000 X175.03 Y168.396
;TYPE:WALL-INNER
G1 F10500 X174.755 Y168.61 E3296.31251
G1 X174.5 Y168.66 E3296.32154
G1 X163.8 Y168.66 E3296.69344
G1 X163.403 Y168.528 E3296.70798
G1 F10596.3 X163.154 Y168.113 E3296.72465
G1 X163.16 Y168.65 E3296.74315
G1 F10500 X163.16 Y174 E3296.9291
G1 X163.11 Y174.255 E3296.93813
G1 X162.896 Y174.529 E3296.95021
G1 F9166.7 X162.625 Y174.714 E3296.96327
G1 F8133.8 X161.651 Y174.714 E3297.00698
G1 X160.677 Y174.714 E3297.05068
G1 F8148.1 X159.703 Y174.715 E3297.0943
G1 X158.729 Y174.715 E3297.13793
G1 X157.755 Y174.715 E3297.18155
G1 X156.781 Y174.715 E3297.22517
G1 F8162.5 X155.807 Y174.715 E3297.26872
G1 X154.833 Y174.715 E3297.31227
G1 X153.859 Y174.716 E3297.35582
G1 X152.885 Y174.716 E3297.39936
G1 X151.911 Y174.716 E3297.44291
G1 F8177 X150.937 Y174.716 E3297.48638
G1 X149.963 Y174.716 E3297.52985
G1 X148.989 Y174.716 E3297.57332
G1 X148.015 Y174.717 E3297.61679
G1 F8191.5 X147.041 Y174.717 E3297.66019
G1 X146.067 Y174.717 E3297.70358
G1 X145.093 Y174.717 E3297.74698
G1 X144.119 Y174.717 E3297.79037
G1 F8206 X143.145 Y174.718 E3297.83369
G1 X142.171 Y174.718 E3297.877
G1 X141.197 Y174.718 E3297.92032
G1 X140.223 Y174.718 E3297.96364
G1 F8220.6 X139.249 Y174.718 E3298.00688
G1 X138.275 Y174.718 E3298.05011
G1 X137.301 Y174.719 E3298.09335
G1 X136.327 Y174.719 E3298.13659
G1 X135.353 Y174.719 E3298.17983
G1 F8235.3 X134.379 Y174.719 E3298.223
G1 X133.405 Y174.719 E3298.26616
G1 X132.431 Y174.719 E3298.30932
G1 X131.457 Y174.72 E3298.35249
G1 F8250 X130.483 Y174.72 E3298.39557
G1 X129.509 Y174.72 E3298.43866
G1 F9240 X129.033 Y174.467 E3298.45995
G1 F9166.7 X128.786 Y174.125 E3298.47674
G1 F8133.8 X128.785 Y173.141 E3298.52089
G1 F8148.1 X128.785 Y172.157 E3298.56497
G1 F8162.5 X128.784 Y171.173 E3298.60896
G1 F8177 X128.784 Y170.189 E3298.65288
G1 X128.783 Y169.205 E3298.69679
G1 F8191.5 X128.783 Y168.221 E3298.74063
G1 F8206 X128.782 Y167.237 E3298.78439
G1 X128.782 Y166.253 E3298.82816
G1 F8220.6 X128.781 Y165.269 E3298.87184
G1 F8235.3 X128.781 Y164.285 E3298.91545
G1 F8250 X128.78 Y163.301 E3298.95897
G1 F9240 X129.168 Y162.729 E3298.98627
G1 F10500 X129.442 Y162.642 E3298.99626
G1 X162.5 Y162.64 E3300.14526
G1 X162.897 Y162.771 E3300.15979
G1 F10744.2 X163.15 Y163.3 E3300.1797
G1 X163.14 Y162.65 E3300.20179
G1 F10500 X163.14 Y141.65 E3300.93168
G1 F10645.2 X163.146 Y141.113 E3300.95009
G1 X162.897 Y141.529 E3300.96671
G1 F10500 X162.5 Y141.66 E3300.98124
G1 X154.167 Y141.66 E3301.27087
G1 F9240 X153.5 Y141.72 E3301.29732
G1 F8250 X151.649 Y141.72 E3301.3792
G1 X149.798 Y141.72 E3301.46108
G1 F8235.3 X147.947 Y141.72 E3301.54311
G1 X146.096 Y141.72 E3301.62514
G1 X144.245 Y141.72 E3301.70716
G1 F8220.6 X142.394 Y141.72 E3301.78934
G1 X140.543 Y141.72 E3301.87151
G1 X138.692 Y141.72 E3301.95368
G1 F8206 X136.841 Y141.72 E3302.036
G1 X134.99 Y141.72 E3302.11832
G1 X133.139 Y141.72 E3302.20064
G1 F8191.5 X131.288 Y141.72 E3302.28311
G1 X129.437 Y141.72 E3302.36557
G1 F9203.2 X129.268 Y141.618 E3302.3734
G1 F10500 X129.104 Y141.528 E3302.3799
G1 F9166.7 X128.786 Y141.125 E3302.40034
G1 F8133.8 X128.785 Y140.141 E3302.44449
G1 F8148.1 X128.785 Y139.157 E3302.48856
G1 F8162.5 X128.784 Y138.173 E3302.53256
G1 F8177 X128.784 Y137.189 E3302.57647
G1 X128.783 Y136.205 E3302.62039
G1 F8191.5 X128.783 Y135.221 E3302.66423
G1 F8206 X128.782 Y134.237 E3302.70799
G1 X128.782 Y133.253 E3302.75175
G1 F8220.6 X128.781 Y132.269 E3302.79544
G1 F8235.3 X128.781 Y131.285 E3302.83904
G1 F8250 X128.78 Y130.301 E3302.88257
G1 F9240 X129.118 Y129.761 E3302.90773
G1 F10500 X129.408 Y129.64 E3302.91865
G1 X162.5 Y129.64 E3304.06883
G1 X162.896 Y129.772 E3304.08334
G1 X163.11 Y130.046 E3304.09542
G1 X163.16 Y130.3 E3304.10442
G1 X163.16 Y134.35 E3304.24518
G1 F10744.2 X163.15 Y135 E3304.26726
G1 X163.403 Y134.472 E3304.28715
G1 F10500 X163.8 Y134.34 E3304.30169
G1 X174.5 Y134.34 E3304.67359
G1 X174.755 Y134.39 E3304.68262
G1 X175.029 Y134.603 E3304.69468
G1 F9240 X175.22 Y135 E3304.71208
G1 F8250 X175.22 Y137.547 E3304.82475
G1 X175.22 Y140.094 E3304.93742
G1 F8235.3 X175.22 Y142.641 E3305.05029
G1 X175.22 Y145.188 E3305.16316
G1 X175.22 Y147.735 E3305.27603
G1 X175.22 Y150.282 E3305.3889
G1 F8220.6 X175.22 Y152.829 E3305.50198
G1 X175.22 Y155.376 E3305.61505
G1 X175.22 Y157.923 E3305.72812
G1 X175.22 Y160.47 E3305.84119
G1 X175.22 Y163.017 E3305.95426
G1 F8206 X175.22 Y165.564 E3306.06753
G1 X175.22 Y168.111 E3306.18081
G1 F9203.2 X175.03 Y168.396 E3306.19439
G0 F15000 X175.777 Y168.174
G1 F8148.1 X175.777 Y167.068 E3306.24393
G1 X175.777 Y165.962 E3306.29346
G1 F8162.5 X175.777 Y164.856 E3306.34291
G1 X175.777 Y163.75 E3306.39236
G1 X175.778 Y162.644 E3306.44181
G1 X175.778 Y161.538 E3306.49126
G1 F8177 X175.778 Y160.432 E3306.54062
G1 X175.778 Y159.326 E3306.58998
G1 X175.778 Y158.22 E3306.63934
G1 X175.778 Y157.114 E3306.68871
G1 X175.778 Y156.008 E3306.73807
G1 F8191.5 X175.778 Y154.902 E3306.78734
G1 X175.778 Y153.796 E3306.83662
G1 X175.778 Y152.69 E3306.88589
G1 X175.779 Y151.584 E3306.93517
G1 F8206 X175.779 Y150.478 E3306.98435
G1 X175.779 Y149.372 E3307.03354
G1 X175.779 Y148.266 E3307.08273
G1 X175.779 Y147.16 E3307.13191
G1 F8220.6 X175.779 Y146.054 E3307.18101
G1 X175.779 Y144.948 E3307.23011
G1 X175.779 Y143.842 E3307.27921
G1 X175.779 Y142.736 E3307.32831
G1 X175.779 Y141.63 E3307.37741
G1 F8235.3 X175.78 Y140.524 E3307.42643
G1 X175.78 Y139.418 E3307.47544
G1 X175.78 Y138.312 E3307.52445
G1 X175.78 Y137.206 E3307.57346
G1 F8250 X175.78 Y136.1 E3307.62239
G1 X175.78 Y134.994 E3307.67131
G1 F9240 X175.84 Y134.333 E3307.69753
G1 F10500 X175.84 Y128.66 E3307.8947
G1 X128.16 Y128.66 E3309.55191
G1 X128.16 Y129.267 E3309.57301
G1 F9829.8 X128.19 Y129.784 E3309.59223
G1 F8717 X128.22 Y130.301 E3309.61391
G1 F8250 X128.22 Y131.289 E3309.65762
G1 F8235.3 X128.221 Y132.278 E3309.70145
G1 F8220.6 X128.221 Y133.267 E3309.74535
G1 F8206 X128.221 Y134.256 E3309.78934
G1 X128.222 Y135.245 E3309.83332
G1 F8191.5 X128.222 Y136.234 E3309.87738
G1 F8177 X128.223 Y137.223 E3309.92152
G1 X128.223 Y138.212 E3309.96566
G1 F8162.5 X128.223 Y139.201 E3310.00988
G1 F8148.1 X128.224 Y140.19 E3310.05418
G1 F8133.8 X128.224 Y141.179 E3310.09855
G1 F9166.7 X128.16 Y142 E3310.13134
G1 F9829.8 X128.19 Y142.5 E3310.14993
G1 F8717 X128.22 Y143 E3310.1709
G1 F8250 X128.22 Y146.78 E3310.33811
G1 X128.78 Y146.78 E3310.36289
G1 X128.78 Y143 E3310.5301
G1 F9240 X129.104 Y142.472 E3310.55457
G1 F10500 X129.268 Y142.382 E3310.56107
G1 F9203.2 X129.437 Y142.28 E3310.5689
G1 F8191.5 X131.288 Y142.28 E3310.65136
G1 X133.139 Y142.28 E3310.73383
G1 F8206 X134.99 Y142.28 E3310.81615
G1 X136.841 Y142.28 E3310.89847
G1 X138.692 Y142.28 E3310.98079
G1 F8220.6 X140.543 Y142.28 E3311.06296
G1 X142.394 Y142.28 E3311.14513
G1 X144.245 Y142.28 E3311.22731
G1 F8235.3 X146.096 Y142.28 E3311.30933
G1 X147.947 Y142.28 E3311.39136
G1 X149.798 Y142.28 E3311.47339
G1 F8250 X151.649 Y142.28 E3311.55527
G1 X153.5 Y142.28 E3311.63715
G1 F9240 X153.897 Y142.471 E3311.65455
G1 F10500 X154.11 Y142.746 E3311.66664
G1 X154.16 Y143 E3311.67564
G1 X154.16 Y161 E3312.30126
G1 X154.11 Y161.255 E3312.31029
G1 X153.896 Y161.529 E3312.32237
G1 X153.593 Y161.66 E3312.33385
G1 X129.442 Y161.658 E3313.17326
G1 X129.168 Y161.571 E3313.18325
G1 F9166.7 X128.786 Y161.125 E3313.20663
G1 F8148.1 X128.785 Y160.149 E3313.25035
G1 F8177 X128.783 Y159.173 E3313.29391
G1 F8206 X128.782 Y158.197 E3313.33731
G1 F8235.3 X128.78 Y157.221 E3313.38056
G1 F8250 X128.22 Y157.22 E3313.40533
G1 F8235.3 X128.221 Y158.209 E3313.44916
G1 F8206 X128.222 Y159.198 E3313.49315
G1 F8177 X128.223 Y160.187 E3313.53729
G1 F8148.1 X128.224 Y161.176 E3313.58158
G1 F9166.7 X128.161 Y162.15 E3313.62044
G1 F9829.8 X128.19 Y162.725 E3313.64182
G1 F8717 X128.22 Y163.3 E3313.66592
G1 F8250 X128.22 Y164.289 E3313.70967
G1 F8235.3 X128.221 Y165.278 E3313.7535
G1 F8220.6 X128.221 Y166.267 E3313.7974
G1 F8206 X128.221 Y167.256 E3313.84139
G1 X128.222 Y168.245 E3313.88537
G1 F8191.5 X128.222 Y169.234 E3313.92943
G1 F8177 X128.223 Y170.223 E3313.97357
G1 X128.223 Y171.212 E3314.01771
G1 F8162.5 X128.223 Y172.201 E3314.06193
G1 F8148.1 X128.224 Y173.19 E3314.10623
G1 F8133.8 X128.224 Y174.179 E3314.1506
G1 F9166.7 X128.161 Y174.828 E3314.17656
G1 F10500 X128.161 Y175.339 E3314.19432
G1 X128.672 Y175.339 E3314.21208
G1 F9240 X129.5 Y175.28 E3314.24487
G1 F8250 X130.476 Y175.28 E3314.28804
G1 X131.452 Y175.28 E3314.33122
G1 F8235.3 X132.428 Y175.28 E3314.37447
G1 X133.404 Y175.28 E3314.41772
G1 X134.38 Y175.279 E3314.46097
G1 X135.356 Y175.279 E3314.50422
G1 F8220.6 X136.332 Y175.279 E3314.54755
G1 X137.308 Y175.279 E3314.59088
G1 X138.284 Y175.279 E3314.63421
G1 X139.26 Y175.279 E3314.67754
G1 X140.236 Y175.279 E3314.72087
G1 F8206 X141.212 Y175.279 E3314.76427
G1 X142.188 Y175.278 E3314.80768
G1 X143.164 Y175.278 E3314.85108
G1 X144.14 Y175.278 E3314.89449
G1 F8191.5 X145.116 Y175.278 E3314.93797
G1 X146.092 Y175.278 E3314.98145
G1 X147.068 Y175.278 E3315.02494
G1 X148.044 Y175.278 E3315.06842
G1 F8177 X149.02 Y175.278 E3315.11198
G1 X149.996 Y175.278 E3315.15554
G1 X150.972 Y175.277 E3315.1991
G1 X151.948 Y175.277 E3315.24266
G1 F8162.5 X152.924 Y175.277 E3315.2863
G1 X153.9 Y175.277 E3315.32993
G1 X154.876 Y175.277 E3315.37357
G1 X155.852 Y175.277 E3315.41721
G1 X156.828 Y175.277 E3315.46084
G1 F8148.1 X157.804 Y175.277 E3315.50456
G1 X158.78 Y175.276 E3315.54827
G1 X159.756 Y175.276 E3315.59199
G1 X160.732 Y175.276 E3315.6357
G1 F8133.8 X161.708 Y175.276 E3315.67949
G1 X162.684 Y175.276 E3315.72328
G1 F9166.7 X163.166 Y175.341 E3315.74264
G1 F10500 X175.84 Y175.34 E3316.18315
G1 X175.84 Y168.666 E3316.41512
G1 F9166.7 X175.777 Y168.174 E3316.43487
G0 F15000 X175.4 Y168.646
G1 F10500 X174.924 Y169.016 E3316.45582
G1 X174.5 Y169.1 E3316.47085
G1 X163.8 Y169.1 E3316.84274
G1 X163.6 Y169.034 E3316.85006
G1 X163.6 Y174 E3317.02267
G1 X163.516 Y174.424 E3317.03769
G1 X163.143 Y174.901 E3317.05874
G1 X175.4 Y174.9 E3317.48475
G1 X175.4 Y168.646 E3317.70212
G1 F2400 E3317.20212
G1 F600 Z7.3
G0 F15000 X163.154 Y168.113 Z7.3
G1 F600 Z6.9
G1 F2400 E3317.70212
G1 F10719.3 X163.153 Y167.511 E3317.72262
G1 F10744.2 X163.153 Y166.909 E3317.74306
G1 F10794.4 X163.152 Y166.307 E3317.76342
G1 F10819.7 X163.152 Y165.705 E3317.78372
G1 F10870.6 X163.151 Y165.103 E3317.80393
G1 F10896.2 X163.151 Y164.501 E3317.82409
G1 F10947.9 X163.15 Y163.899 E3317.84416
G1 F10973.9 X163.15 Y163.297 E3317.86418
G1 F2400 E3317.36418
G1 F600 Z7.3
G0 F15000 X162.7 Y162.266 Z7.3
G1 F600 Z6.9
G1 F2400 E3317.86418
G1 F10500 X162.7 Y142.034 E3318.56738
G1 X162.5 Y142.1 E3318.5747
G1 X154.146 Y142.1 E3318.86506
G1 X154.516 Y142.576 E3318.88602
G1 X154.6 Y143 E3318.90104
G1 X154.6 Y161 E3319.52666
G1 X154.516 Y161.424 E3319.54169
G1 X154.16 Y161.881 E3319.56182
G1 F9258.5 X153.7 Y162.142 E3319.58267
G1 X154.266 Y162.2 E3319.60509
G1 F10500 X162.5 Y162.2 E3319.89128
G1 X162.7 Y162.266 E3319.8986
G1 F2400 E3319.3986
G1 F600 Z7.3
G0 F15000 X153.7 Y162.142 Z7.3
G1 F600 Z6.9
G1 F2400 E3319.8986
G1 F8415.3 X153.5 Y162.15 E3319.90728
G1 F8555.6 X152.536 Y162.15 E3319.9484
G1 X151.572 Y162.15 E3319.98952
G1 F8539.7 X150.608 Y162.15 E3320.03072
G1 X149.644 Y162.15 E3320.07192
G1 X148.68 Y162.15 E3320.11311
G1 F8524 X147.716 Y162.15 E3320.15439
G1 X146.752 Y162.15 E3320.19566
G1 X145.788 Y162.15 E3320.23693
G1 F8508.3 X144.824 Y162.15 E3320.27828
G1 X143.86 Y162.15 E3320.31963
G1 X142.896 Y162.15 E3320.36098
G1 F8492.6 X141.932 Y162.15 E3320.4024
G1 X140.968 Y162.15 E3320.44383
G1 X140.004 Y162.15 E3320.48525
G1 F8477.1 X139.04 Y162.15 E3320.52676
G1 X138.076 Y162.15 E3320.56826
G1 X137.112 Y162.15 E3320.60976
G1 F8461.5 X136.148 Y162.15 E3320.65134
G1 X135.184 Y162.15 E3320.69291
G1 X134.22 Y162.15 E3320.73449
G1 F8446.1 X133.256 Y162.15 E3320.77614
G1 X132.292 Y162.15 E3320.8178
G1 X131.328 Y162.15 E3320.85945
G1 F8430.7 X130.364 Y162.15 E3320.90118
G1 X129.4 Y162.15 E3320.94291
G1 F8850.6 X129.185 Y162.082 E3320.95221
G1 F9788.1 X128.944 Y161.956 E3320.96235
G1 F10266.7 X128.605 Y161.469 E3320.98344
G1 X128.606 Y162.934 E3321.03552
G1 X128.944 Y162.344 E3321.05969
G1 F9788.1 X129.185 Y162.218 E3321.06983
G1 F8850.6 X129.4 Y162.15 E3321.07913
G1 F2400 E3320.57913
G1 F600 Z7.3
G0 F15000 X128.744 Y174.828 Z7.3
G1 F600 Z6.9
G1 F2400 E3321.07913
G1 F7938.1 X128.708 Y174.766 E3321.08242
G1 X128.636 Y174.766 E3321.08573
G1 X128.6 Y174.828 E3321.08903
G1 X128.636 Y174.89 E3321.09232
G1 X128.708 Y174.89 E3321.09563
G1 X128.744 Y174.828 E3321.09893
G1 F2400 E3320.59893
G1 F600 Z7.3
G0 F15000 X128.565 Y142.74 Z7.3
G1 F600 Z6.9
G1 F2400 E3321.09893
G1 F12486.5 X128.861 Y142.148 E3321.11827
G1 X129.125 Y142 E3321.12712
G1 X128.861 Y141.852 E3321.13597
G1 X128.565 Y141.369 E3321.15252
G1 X128.565 Y142.74 E3321.19259
G1 F2400 E3320.69259
G1 F600 Z7.3
G0 F15000 X128.573 Y130.017 Z7.3
G1 F600 Z6.9
G1 F2400 E3321.19259
G1 F11938 X128.879 Y129.425 E3321.21297
G1 F9788.1 X129.3 Y129.158 E3321.23155
G1 X128.767 Y129.073 E3321.25168
G1 F11938 X128.573 Y129.073 E3321.25761
G1 X128.573 Y130.017 E3321.28647
G1 F2400 E3320.78647
G1 F600 Z7.3
G0 F15000 X129.3 Y129.158 Z7.3
G1 F600 Z6.9
G1 F2400 E3321.28647
G1 F8415.3 X129.5 Y129.15 E3321.29515
G1 F8555.6 X162.5 Y129.15 E3322.7028
G1 F9428.6 X163.16 Y129.42 E3322.7304
G1 F10500 X163.516 Y129.877 E3322.75053
G1 X163.6 Y130.3 E3322.76552
G1 X163.6 Y133.966 E3322.89294
G1 X163.8 Y133.9 E3322.90026
G1 X174.5 Y133.9 E3323.27216
G1 X174.924 Y133.983 E3323.28718
G1 X175.4 Y134.354 E3323.30815
G1 X175.4 Y129.1 E3323.49077
G1 X163.267 Y129.099 E3323.91247
G1 F9428.6 X162.5 Y129.15 E3323.94222
G1 F2400 E3323.44222
G1 F600 Z7.3
G0 F15000 X163.15 Y135 Z7.3
G1 F600 Z6.9
G1 F2400 E3323.94222
G1 F10973.9 X163.149 Y135.873 E3323.97126
G1 F10947.9 X163.149 Y136.746 E3324.00036
G1 F10922 X163.148 Y137.619 E3324.02953
G1 F10896.2 X163.148 Y138.492 E3324.05877
G1 F10870.6 X163.147 Y139.365 E3324.08808
G1 F10845.1 X163.147 Y140.238 E3324.11745
G1 F10819.7 X163.146 Y141.111 E3324.1469
G1 F2400 E3323.6469
G1 F600 Z7.3
G0 F15000 X162.37 Y142.43 Z7.3
;TYPE:FILL
G1 F600 Z6.9
G1 F2400 E3324.1469
G1 F15000 X162.064 Y142.43 E3324.15753
G0 X161.623 Y142.43
G1 X161.57 Y142.43 E3324.15938
G1 X155.32 Y148.682 E3324.46664
G1 X155.32 Y151.17 E3324.55311
G1 X161.92 Y157.77 E3324.87752
G1 X161.92 Y157.773
G1 X161.92 Y154.525 E3324.99041
G1 X154.969 Y161.48 E3325.33218
G1 X154.892 Y161.557
G1 F2400 E3324.83218
G1 F600 Z7.3
G0 F15000 X154.82 Y160.6 Z7.3
G1 F600 Z6.9
G1 F2400 E3325.33218
G1 F15000 X155.845 Y160.6 E3325.36781
G1 X155.955 Y160.6
G1 F2400 E3324.86781
G1 F600 Z7.3
G0 F15000 X155.32 Y159.466 Z7.3
G1 F600 Z6.9
G1 F2400 E3325.36781
G1 F15000 X154.93 Y159.078 E3325.38693
G1 X154.931 Y157.364 E3325.4465
G1 X155.32 Y156.977 E3325.46557
G1 X155.32 Y159.466 E3325.55208
G1 X157.333 Y161.48 E3325.65105
G1 X154.969 Y161.48 E3325.73322
G1 X154.576 Y161.871 E3325.75249
G1 X157.722 Y161.87 E3325.86183
G1 X157.333 Y161.48 E3325.88098
G1 X157.33 Y161.48
G1 X159.109 Y161.48 E3325.94281
G1 X158.721 Y161.87 E3325.96193
G1 X161.869 Y161.869 E3326.07134
G1 X161.478 Y161.48 E3326.09051
G1 X159.113 Y161.48 E3326.17271
G1 X162.37 Y158.221 E3326.33286
G1 X161.92 Y157.773 E3326.35493
G1 X161.92 Y158.669 E3326.38607
G1 X161.92 Y161.919 E3326.49903
G0 X161.478 Y161.48
G1 X155.32 Y155.318 E3326.80181
G1 X155.243 Y155.241
G1 F2400 E3326.30181
G1 F600 Z7.3
G0 F15000 X154.82 Y156.2 Z7.3
G1 F600 Z6.9
G1 F2400 E3326.80181
G1 F15000 X156.094 Y156.2 E3326.84609
G1 X156.204 Y156.2
G1 F2400 E3326.34609
G1 F600 Z7.3
G0 F15000 X155.32 Y156.977 Z7.3
G1 F600 Z6.9
G1 F2400 E3326.84609
G1 F15000 X161.92 Y150.376 E3327.17053
G1 X161.92 Y153.623 E3327.28339
G1 X155.32 Y147.022 E3327.60783
G1 X155.32 Y144.534 E3327.6943
G1 X154.931 Y144.921 E3327.71337
G1 X154.93 Y146.634 E3327.77291
G1 X155.32 Y147.022 E3327.79203
G1 X155.398 Y147.099
G1 F2400 E3327.29203
G1 F600 Z7.3
G0 F15000 X154.82 Y147.84 Z7.3
G1 F600 Z6.9
G1 F2400 E3327.79203
G1 F15000 X156.135 Y147.84 E3327.83774
G1 X156.245 Y147.84
G1 F2400 E3327.33774
G1 F600 Z7.3
G0 F15000 X155.32 Y148.682 Z7.3
G1 F600 Z6.9
G1 F2400 E3327.83774
G1 F15000 X154.931 Y149.069 E3327.85681
G1 X154.93 Y150.782 E3327.91635
G1 X155.32 Y151.173 E3327.93554
G1 X155.32 Y152.827 E3327.99303
G1 X155.32 Y155.318 E3328.07961
G1 X154.93 Y154.93 E3328.09873
G1 X154.931 Y153.217 E3328.15827
G1 X155.32 Y152.83 E3328.17734
G1 X155.32 Y152.827
G1 X161.92 Y146.228 E3328.50173
G1 X161.92 Y146.23
G1 X161.92 Y145.331 E3328.53298
G1 X162.37 Y145.779 E3328.55505
G1 X161.92 Y146.23 E3328.57719
G1 X161.92 Y149.474 E3328.68994
G1 X162.37 Y149.925 E3328.71208
G1 X161.92 Y150.373 E3328.73415
G1 X161.92 Y150.376
G1 X161.92 Y149.474 E3328.7655
G1 X161.92 Y149.478
G1 X155.446 Y143 E3329.08382
G1 X156.851 Y143 E3329.13266
G1 X157.422 Y142.43 E3329.1607
G0 X156.854 Y143
G1 F2400 E3328.6607
G1 F600 Z7.3
G0 F15000 X155.883 Y143.44 Z7.3
G1 F600 Z6.9
G1 F2400 E3329.1607
G1 F15000 X154.82 Y143.44 E3329.19765
G0 X155.446 Y143
G1 X154.874 Y142.43 E3329.22571
G1 X159.022 Y142.43 E3329.36988
G1 X159.59 Y143 E3329.39785
G0 X160.16 Y143.567
G1 X160.16 Y142.32 E3329.44119
G1 X160.16 Y142.21
G1 F2400 E3328.94119
G1 F600 Z7.3
G0 F15000 X161.407 Y144.814 Z7.3
G1 F600 Z6.9
G1 F2400 E3329.44119
G1 F15000 X161.812 Y145.219 E3329.4611
G1 X162.064 Y142.43 E3329.55843
G1 X161.623 Y142.43 E3329.57376
G1 X161.407 Y144.814 E3329.65696
G1 X159.59 Y143 E3329.7462
G1 X156.854 Y143 E3329.84129
G1 X155.32 Y144.534 E3329.91669
G1 X155.243 Y144.611
G1 F2400 E3329.41669
G1 F600 Z7.3
G0 F15000 X161.812 Y145.219 Z7.3
G1 F600 Z6.9
G1 F2400 E3329.91669
G1 F15000 X161.92 Y145.331 E3329.9221
G1 F2400 E3329.4221
G1 F600 Z7.3
G0 F15000 X161.92 Y153.623 Z7.3
G1 F600 Z6.9
G1 F2400 E3329.9221
G1 F15000 X162.37 Y154.074 E3329.94425
G1 X161.92 Y154.525 E3329.96639
G1 X161.843 Y154.602
G1 F2400 E3329.46639
G1 F600 Z7.3
G0 F15000 X155.32 Y151.173 Z7.3
G1 F600 Z7.3
G0 F15000 X163.82 Y133.32
G1 F600 Z6.9
G1 F2400 E3329.96639
G1 F15000 X166.363 Y133.32 E3330.05478
G0 X166.062 Y132.88
G1 X163.82 Y132.88 E3330.1327
G0 X163.82 Y132
G1 X165.182 Y132 E3330.18004
G1 X165.292 Y132
G1 F2400 E3329.68004
G1 F600 Z7.3
G0 F15000 X164.654 Y131.047 Z7.3
G1 F600 Z6.9
G1 F2400 E3330.18004
G1 F15000 X163.93 Y131.774 E3330.2157
G1 X163.93 Y130.289 E3330.26732
G1 X163.855 Y129.917 E3330.2805
G0 X163.754 Y129.433
G1 X165.73 Y129.972 E3330.35169
G0 X165.906 Y129.8
G1 X166.275 Y129.429 E3330.36988
G1 X166.761 Y129.43 E3330.38677
G1 X167.13 Y129.8 E3330.40493
G1 X170.209 Y132.88 E3330.5563
G1 X170.286 Y132.957
G0 X171.123 Y132.88
G1 X173.919 Y130.079 E3330.69386
G1 X173.996 Y130.002
G1 F2400 E3330.19386
G1 F600 Z7.3
G0 F15000 X174.68 Y129.433 Z7.3
G1 F600 Z6.9
G1 F2400 E3330.69386
G1 F15000 X174.57 Y129.43 E3330.69768
G1 X173.919 Y130.079 E3330.72963
G1 X171.555 Y130.076 E3330.8118
G1 X171.277 Y129.8 E3330.82542
G1 X170.051 Y129.8 E3330.86803
G1 X170.054 Y129.8
G1 X166.975 Y132.88 E3331.0194
G1 X170.209 Y132.88 E3331.1318
G1 X170.51 Y133.179 E3331.14655
G1 X170.51 Y133.57 E3331.16014
G1 X170.82 Y133.57 E3331.17091
G1 X170.82 Y133.18 E3331.18446
G1 X171.123 Y132.88 E3331.19928
G1 X174.358 Y132.88 E3331.31172
G1 X174.68 Y133.2 E3331.3275
G1 X174.68 Y129.433 E3331.45843
G1 X175.07 Y129.443 E3331.47199
G1 X175.07 Y133.077 E3331.5983
G1 X174.566 Y133.581 E3331.62307
G1 X175.07 Y133.68 E3331.64092
G1 X175.07 Y133.591 E3331.64402
G1 X174.68 Y133.2 E3331.66321
G0 X174.358 Y132.88
G1 X171.555 Y130.076 E3331.80101
G0 X171.277 Y129.8
G1 X170.909 Y129.43 E3331.81915
G1 X170.422 Y129.43 E3331.83608
G1 X170.054 Y129.8 E3331.85421
G1 X167.132 Y129.8 E3331.95577
G1 X165.906 Y129.8 E3331.99839
G1 X165.372 Y130.33 E3332.02454
G1 X163.855 Y129.917 E3332.07918
G1 X163.822 Y129.746 E3332.08523
G1 X163.575 Y129.429 E3332.0992
G1 X163.508 Y129.343
G1 F2400 E3331.5992
G1 F600 Z7.3
G0 F15000 X163.93 Y130.747 Z7.3
G1 F600 Z6.9
G1 F2400 E3332.0992
G1 F15000 X164.073 Y130.888 E3332.10618
G1 F2400 E3331.60618
G1 F600 Z7.3
G0 F15000 X165.372 Y130.33 Z7.3
G1 F600 Z6.9
G1 F2400 E3332.10618
G1 F15000 X164.654 Y131.047 E3332.14145
G1 X164.073 Y130.888 E3332.16239
G1 X166.363 Y133.18 E3332.275
G1 X166.363 Y133.57 E3332.28855
G1 X166.673 Y133.57 E3332.29933
G1 X166.673 Y133.179 E3332.31292
G1 X166.975 Y132.88 E3332.32769
G1 X167.053 Y132.803
G1 F2400 E3331.82769
G1 F600 Z7.3
G0 F15000 X170.72 Y169.43 Z7.3
G1 F600 Z6.9
G1 F2400 E3332.32769
G1 F15000 X169.43 Y169.43 E3332.37252
G1 X169.838 Y169.84 E3332.39263
G1 X167.345 Y169.84 E3332.47928
G1 X167.753 Y169.43 E3332.49938
G1 X165.282 Y169.43 E3332.58526
G1 X165.694 Y169.84 E3332.60547
G1 X165.69 Y169.84
G1 X163.82 Y169.84 E3332.67046
G0 X163.82 Y170.72
G1 X166.46 Y170.72 E3332.76222
G0 X166.02 Y171.16
G1 X163.82 Y171.16 E3332.83868
G0 X163.82 Y172.04
G1 X165.14 Y172.04 E3332.88456
G1 X165.25 Y172.04
G1 F2400 E3332.38456
G1 F600 Z7.3
G0 F15000 X164.56 Y172.894 Z7.3
G1 F600 Z6.9
G1 F2400 E3332.88456
G1 F15000 X164.56 Y174.68 E3332.94664
G0 X165.44 Y174.68
G1 X165.44 Y173.738 E3332.97938
G0 X165.945 Y174.24
G1 X166.274 Y174.57 E3332.99558
G1 X166.761 Y174.57 E3333.0125
G1 X167.092 Y174.24 E3333.02875
G1 X167.089 Y174.24
G1 X170.094 Y174.24 E3333.13319
G1 X171.236 Y174.24 E3333.17288
G1 X174.658 Y170.82 E3333.34104
G1 X174.68 Y170.82 E3333.3418
G1 X174.79 Y170.82
G1 F2400 E3332.8418
G1 F600 Z7.3
G0 F15000 X173.986 Y169.84 Z7.3
G1 F600 Z6.9
G1 F2400 E3333.3418
G1 F15000 X173.578 Y169.43 E3333.36191
G1 X174.511 Y169.43 E3333.39434
G1 X175.07 Y169.319 E3333.41414
G1 X175.177 Y169.298
G1 F2400 E3332.91414
G1 F600 Z7.3
G0 F15000 X171.492 Y169.84 Z7.3
G1 F600 Z6.9
G1 F2400 E3333.41414
G1 F15000 X170.72 Y170.608 E3333.45199
G1 X170.72 Y169.43 E3333.49294
G1 X171.9 Y169.43 E3333.53395
G1 X171.492 Y169.84 E3333.55405
G1 X173.986 Y169.84 E3333.64074
G1 X174.657 Y170.51 E3333.67369
G1 X175.07 Y170.51 E3333.68805
G1 X175.07 Y170.82 E3333.69882
G1 X174.68 Y170.82 E3333.71238
G1 X174.68 Y174.567 E3333.84261
G1 X175.07 Y174.556 E3333.85617
G1 X175.056 Y174.57 E3333.85686
G0 X174.68 Y174.567
G1 X174.57 Y174.57 E3333.86069
G1 X174.238 Y174.24 E3333.87696
G1 F2400 E3333.37696
G1 F600 Z7.3
G0 F15000 X171.24 Y174.24 Z7.3
G1 F600 Z6.9
G1 F2400 E3333.87696
G1 F15000 X170.908 Y174.57 E3333.89323
G1 X170.422 Y174.57 E3333.91012
G1 X170.091 Y174.24 E3333.92636
G1 X170.094 Y174.24
G1 X165.694 Y169.84 E3334.14264
G1 X167.34 Y169.84 E3334.19985
G1 X167.345 Y169.84 E3334.20002
G1 X167.34 Y169.84
G1 X164.598 Y172.584 E3334.33485
G1 X163.93 Y172.584 E3334.35807
G1 X163.93 Y172.894 E3334.36884
G1 X164.598 Y172.894 E3334.39206
G1 X165.945 Y174.24 E3334.45825
G1 X167.089 Y174.24 E3334.49801
G1 X170.72 Y170.608 E3334.67651
G1 X170.797 Y170.531
G1 F2400 E3334.17651
G1 F600 Z7.3
G0 F15000 X169.838 Y169.84 Z7.3
G1 F600 Z6.9
G1 F2400 E3334.67651
G1 F15000 X174.238 Y174.24 E3334.89278
G1 X171.24 Y174.24 E3334.99699
G1 X171.126 Y174.24
G1 F2400 E3334.49699
G1 F600 Z7.3
;MESH:NONMESH
G0 F15000 X162.718 Y141.039 Z7.3
;TIME_ELAPSED:1280.306427
;LAYER:34
;MESH:case_VL53L8+RP2040-down.stl
G0 X162.718 Y141.039 Z7.5
;TYPE:WALL-OUTER
G1 F600 Z7.1
G1 F2400 E3334.99699
G1 F9000 X162.633 Y141.177 E3335.00262
G1 X162.5 Y141.22 E3335.00748
G1 X129.48 Y141.22 E3336.15515
G1 X129.368 Y141.176 E3336.15933
G1 X129.283 Y141.038 E3336.16496
G1 X129.28 Y130.3 E3336.53818
G1 X129.372 Y130.12 E3336.54521
G1 X129.462 Y130.083 E3336.54859
G1 X162.5 Y130.08 E3337.69689
G1 X162.632 Y130.124 E3337.70172
G1 X162.72 Y130.235 E3337.70665
G1 X162.718 Y141.039 E3338.08216
G1 F2400 E3337.58216
G1 F600 Z7.5
G0 F15000 X153.72 Y161.065 Z7.5
G1 F600 Z7.1
G1 F2400 E3338.08216
G1 F9000 X153.632 Y161.177 E3338.08711
G1 X153.538 Y161.217 E3338.09066
G1 X129.48 Y161.22 E3338.92684
G1 X129.389 Y161.191 E3338.93016
G1 X129.283 Y161.038 E3338.93663
G1 X129.28 Y156.72 E3339.08671
G1 X127.72 Y156.72 E3339.14093
G1 X127.721 Y175.779 E3339.80336
G1 X176.28 Y175.78 E3341.49112
G1 X176.28 Y128.22 E3343.14415
G1 X127.72 Y128.22 E3344.83195
G1 X127.72 Y147.28 E3345.49441
G1 X129.28 Y147.28 E3345.54863
G1 X129.28 Y143 E3345.69739
G1 X129.368 Y142.824 E3345.70423
G1 X129.48 Y142.78 E3345.70841
G1 X153.5 Y142.78 E3346.54327
G1 X153.633 Y142.823 E3346.54813
G1 X153.72 Y142.936 E3346.55309
G1 X153.72 Y161.065 E3347.18319
G1 F2400 E3346.68319
G1 F600 Z7.5
G0 F15000 X162.72 Y174.065 Z7.5
G1 F600 Z7.1
G1 F2400 E3347.18319
G1 F9000 X162.632 Y174.177 E3347.18815
G1 X162.538 Y174.217 E3347.1917
G1 X129.5 Y174.22 E3348.33999
G1 X129.344 Y174.156 E3348.34585
G1 X129.283 Y174.038 E3348.35047
G1 X129.28 Y163.3 E3348.72369
G1 X129.389 Y163.109 E3348.73133
G1 X129.48 Y163.08 E3348.73465
G1 X162.5 Y163.08 E3349.88232
G1 X162.633 Y163.123 E3349.88718
G1 X162.72 Y163.3 E3349.89404
G1 X162.72 Y174.065 E3350.26819
G1 F2400 E3349.76819
G1 F600 Z7.5
G0 F15000 X174.717 Y168.039 Z7.5
G1 F600 Z7.1
G1 F2400 E3350.26819
G1 F9000 X174.677 Y168.132 E3350.27171
G1 X174.565 Y168.22 E3350.27666
G1 X163.8 Y168.22 E3350.65082
G1 X163.667 Y168.176 E3350.65569
G1 X163.583 Y168.038 E3350.6613
G1 X163.58 Y135 E3351.8096
G1 X163.667 Y134.824 E3351.81642
G1 X163.8 Y134.78 E3351.82129
G1 X174.564 Y134.78 E3352.19542
G1 X174.677 Y134.867 E3352.20037
G1 X174.72 Y135 E3352.20523
G1 X174.717 Y168.039 E3353.35356
G0 F15000 X175.03 Y168.396
;TYPE:WALL-INNER
G1 F10500 X174.755 Y168.61 E3353.36567
G1 X174.5 Y168.66 E3353.37471
G1 X163.8 Y168.66 E3353.7466
G1 X163.403 Y168.528 E3353.76115
G1 F10596.3 X163.154 Y168.113 E3353.77781
G1 X163.16 Y168.65 E3353.79631
G1 F10500 X163.16 Y174 E3353.98226
G1 X163.11 Y174.255 E3353.99129
G1 X162.896 Y174.529 E3354.00337
G1 F9166.7 X162.625 Y174.714 E3354.01644
G1 F8133.8 X161.651 Y174.714 E3354.06014
G1 X160.677 Y174.714 E3354.10384
G1 F8148.1 X159.703 Y174.715 E3354.14746
G1 X158.729 Y174.715 E3354.19109
G1 X157.755 Y174.715 E3354.23471
G1 X156.781 Y174.715 E3354.27834
G1 F8162.5 X155.807 Y174.715 E3354.32189
G1 X154.833 Y174.715 E3354.36543
G1 X153.859 Y174.716 E3354.40898
G1 X152.885 Y174.716 E3354.45253
G1 X151.911 Y174.716 E3354.49608
G1 F8177 X150.937 Y174.716 E3354.53955
G1 X149.963 Y174.716 E3354.58302
G1 X148.989 Y174.716 E3354.62649
G1 X148.015 Y174.717 E3354.66996
G1 F8191.5 X147.041 Y174.717 E3354.71335
G1 X146.067 Y174.717 E3354.75674
G1 X145.093 Y174.717 E3354.80014
G1 X144.119 Y174.717 E3354.84353
G1 F8206 X143.145 Y174.718 E3354.88685
G1 X142.171 Y174.718 E3354.93017
G1 X141.197 Y174.718 E3354.97348
G1 X140.223 Y174.718 E3355.0168
G1 F8220.6 X139.249 Y174.718 E3355.06004
G1 X138.275 Y174.718 E3355.10328
G1 X137.301 Y174.719 E3355.14652
G1 X136.327 Y174.719 E3355.18976
G1 X135.353 Y174.719 E3355.233
G1 F8235.3 X134.379 Y174.719 E3355.27616
G1 X133.405 Y174.719 E3355.31932
G1 X132.431 Y174.719 E3355.36249
G1 X131.457 Y174.72 E3355.40565
G1 F8250 X130.483 Y174.72 E3355.44873
G1 X129.509 Y174.72 E3355.49182
G1 F9240 X129.033 Y174.467 E3355.51311
G1 F9166.7 X128.786 Y174.125 E3355.52991
G1 F8133.8 X128.785 Y173.141 E3355.57406
G1 F8148.1 X128.785 Y172.157 E3355.61813
G1 F8162.5 X128.784 Y171.173 E3355.66212
G1 F8177 X128.784 Y170.189 E3355.70604
G1 X128.783 Y169.205 E3355.74996
G1 F8191.5 X128.783 Y168.221 E3355.7938
G1 F8206 X128.782 Y167.237 E3355.83756
G1 X128.782 Y166.253 E3355.88132
G1 F8220.6 X128.781 Y165.269 E3355.925
G1 F8235.3 X128.781 Y164.285 E3355.96861
G1 F8250 X128.78 Y163.301 E3356.01214
G1 F9240 X129.168 Y162.729 E3356.03944
G1 F10500 X129.442 Y162.642 E3356.04943
G1 X162.5 Y162.64 E3357.19842
G1 X162.897 Y162.771 E3357.21295
G1 F10744.2 X163.15 Y163.3 E3357.23287
G1 X163.14 Y162.65 E3357.25495
G1 F10500 X163.14 Y141.65 E3357.98484
G1 F10645.2 X163.146 Y141.113 E3358.00325
G1 X162.897 Y141.529 E3358.01987
G1 F10500 X162.5 Y141.66 E3358.0344
G1 X154.167 Y141.66 E3358.32403
G1 F9240 X153.5 Y141.72 E3358.35048
G1 F8250 X151.649 Y141.72 E3358.43236
G1 X149.798 Y141.72 E3358.51425
G1 F8235.3 X147.947 Y141.72 E3358.59627
G1 X146.096 Y141.72 E3358.6783
G1 X144.245 Y141.72 E3358.76033
G1 F8220.6 X142.394 Y141.72 E3358.8425
G1 X140.543 Y141.72 E3358.92467
G1 X138.692 Y141.72 E3359.00685
G1 F8206 X136.841 Y141.72 E3359.08917
G1 X134.99 Y141.72 E3359.17149
G1 X133.139 Y141.72 E3359.2538
G1 F8191.5 X131.288 Y141.72 E3359.33627
G1 X129.437 Y141.72 E3359.41874
G1 F9203.2 X129.268 Y141.618 E3359.42656
G1 F10500 X129.104 Y141.528 E3359.43307
G1 F9166.7 X128.786 Y141.125 E3359.4535
G1 F8133.8 X128.785 Y140.141 E3359.49765
G1 F8148.1 X128.785 Y139.157 E3359.54173
G1 F8162.5 X128.784 Y138.173 E3359.58572
G1 F8177 X128.784 Y137.189 E3359.62964
G1 X128.783 Y136.205 E3359.67355
G1 F8191.5 X128.783 Y135.221 E3359.71739
G1 F8206 X128.782 Y134.237 E3359.76115
G1 X128.782 Y133.253 E3359.80492
G1 F8220.6 X128.781 Y132.269 E3359.8486
G1 F8235.3 X128.781 Y131.285 E3359.89221
G1 F8250 X128.78 Y130.301 E3359.93573
G1 F9240 X129.118 Y129.761 E3359.9609
G1 F10500 X129.408 Y129.64 E3359.97182
G1 X162.5 Y129.64 E3361.12199
G1 X162.896 Y129.772 E3361.1365
G1 X163.11 Y130.046 E3361.14858
G1 X163.16 Y130.3 E3361.15758
G1 X163.16 Y134.35 E3361.29835
G1 F10744.2 X163.15 Y135 E3361.32043
G1 X163.403 Y134.472 E3361.34031
G1 F10500 X163.8 Y134.34 E3361.35485
G1 X174.5 Y134.34 E3361.72675
G1 X174.755 Y134.39 E3361.73578
G1 X175.029 Y134.603 E3361.74785
G1 F9240 X175.22 Y135 E3361.76525
G1 F8250 X175.22 Y137.547 E3361.87792
G1 X175.22 Y140.094 E3361.99059
G1 F8235.3 X175.22 Y142.641 E3362.10346
G1 X175.22 Y145.188 E3362.21633
G1 X175.22 Y147.735 E3362.3292
G1 X175.22 Y150.282 E3362.44207
G1 F8220.6 X175.22 Y152.829 E3362.55514
G1 X175.22 Y155.376 E3362.66821
G1 X175.22 Y157.923 E3362.78128
G1 X175.22 Y160.47 E3362.89435
G1 X175.22 Y163.017 E3363.00742
G1 F8206 X175.22 Y165.564 E3363.1207
G1 X175.22 Y168.111 E3363.23397
G1 F9203.2 X175.03 Y168.396 E3363.24755
G0 F15000 X175.777 Y168.174
G1 F8148.1 X175.777 Y167.068 E3363.29709
G1 X175.777 Y165.962 E3363.34662
G1 F8162.5 X175.777 Y164.856 E3363.39607
G1 X175.777 Y163.75 E3363.44552
G1 X175.778 Y162.644 E3363.49497
G1 X175.778 Y161.538 E3363.54442
G1 F8177 X175.778 Y160.432 E3363.59378
G1 X175.778 Y159.326 E3363.64315
G1 X175.778 Y158.22 E3363.69251
G1 X175.778 Y157.114 E3363.74187
G1 X175.778 Y156.008 E3363.79123
G1 F8191.5 X175.778 Y154.902 E3363.84051
G1 X175.778 Y153.796 E3363.88978
G1 X175.778 Y152.69 E3363.93905
G1 X175.779 Y151.584 E3363.98833
G1 F8206 X175.779 Y150.478 E3364.03752
G1 X175.779 Y149.372 E3364.0867
G1 X175.779 Y148.266 E3364.13589
G1 X175.779 Y147.16 E3364.18508
G1 F8220.6 X175.779 Y146.054 E3364.23418
G1 X175.779 Y144.948 E3364.28328
G1 X175.779 Y143.842 E3364.33238
G1 X175.779 Y142.736 E3364.38148
G1 X175.779 Y141.63 E3364.43058
G1 F8235.3 X175.78 Y140.524 E3364.47959
G1 X175.78 Y139.418 E3364.5286
G1 X175.78 Y138.312 E3364.57761
G1 X175.78 Y137.206 E3364.62663
G1 F8250 X175.78 Y136.1 E3364.67555
G1 X175.78 Y134.994 E3364.72448
G1 F9240 X175.84 Y134.333 E3364.75069
G1 F10500 X175.84 Y128.66 E3364.94787
G1 X128.16 Y128.66 E3366.60507
G1 X128.16 Y129.267 E3366.62617
G1 F9829.8 X128.19 Y129.784 E3366.6454
G1 F8717 X128.22 Y130.301 E3366.66708
G1 F8250 X128.22 Y131.289 E3366.71078
G1 F8235.3 X128.221 Y132.278 E3366.75461
G1 F8220.6 X128.221 Y133.267 E3366.79852
G1 F8206 X128.221 Y134.256 E3366.8425
G1 X128.222 Y135.245 E3366.88648
G1 F8191.5 X128.222 Y136.234 E3366.93054
G1 F8177 X128.223 Y137.223 E3366.97468
G1 X128.223 Y138.212 E3367.01882
G1 F8162.5 X128.223 Y139.201 E3367.06304
G1 F8148.1 X128.224 Y140.19 E3367.10734
G1 F8133.8 X128.224 Y141.179 E3367.15171
G1 F9166.7 X128.16 Y142 E3367.1845
G1 F9829.8 X128.19 Y142.5 E3367.2031
G1 F8717 X128.22 Y143 E3367.22407
G1 F8250 X128.22 Y146.78 E3367.39128
G1 X128.78 Y146.78 E3367.41605
G1 X128.78 Y143 E3367.58326
G1 F9240 X129.104 Y142.472 E3367.60773
G1 F10500 X129.268 Y142.382 E3367.61423
G1 F9203.2 X129.437 Y142.28 E3367.62206
G1 F8191.5 X131.288 Y142.28 E3367.70452
G1 X133.139 Y142.28 E3367.78699
G1 F8206 X134.99 Y142.28 E3367.86931
G1 X136.841 Y142.28 E3367.95163
G1 X138.692 Y142.28 E3368.03395
G1 F8220.6 X140.543 Y142.28 E3368.11612
G1 X142.394 Y142.28 E3368.1983
G1 X144.245 Y142.28 E3368.28047
G1 F8235.3 X146.096 Y142.28 E3368.3625
G1 X147.947 Y142.28 E3368.44452
G1 X149.798 Y142.28 E3368.52655
G1 F8250 X151.649 Y142.28 E3368.60843
G1 X153.5 Y142.28 E3368.69031
G1 F9240 X153.897 Y142.471 E3368.70771
G1 F10500 X154.11 Y142.746 E3368.7198
G1 X154.16 Y143 E3368.7288
G1 X154.16 Y161 E3369.35442
G1 X154.11 Y161.255 E3369.36345
G1 X153.896 Y161.529 E3369.37554
G1 X153.593 Y161.66 E3369.38701
G1 X129.442 Y161.658 E3370.22642
G1 X129.168 Y161.571 E3370.23642
G1 F9166.7 X128.786 Y161.125 E3370.25979
G1 F8148.1 X128.785 Y160.149 E3370.30351
G1 F8177 X128.783 Y159.173 E3370.34707
G1 F8206 X128.782 Y158.197 E3370.39047
G1 F8235.3 X128.78 Y157.221 E3370.43373
G1 F8250 X128.22 Y157.22 E3370.4585
G1 F8235.3 X128.221 Y158.209 E3370.50233
G1 F8206 X128.222 Y159.198 E3370.54631
G1 F8177 X128.223 Y160.187 E3370.59045
G1 F8148.1 X128.224 Y161.176 E3370.63475
G1 F9166.7 X128.161 Y162.15 E3370.6736
G1 F9829.8 X128.19 Y162.725 E3370.69498
G1 F8717 X128.22 Y163.3 E3370.71908
G1 F8250 X128.22 Y164.289 E3370.76283
G1 F8235.3 X128.221 Y165.278 E3370.80666
G1 F8220.6 X128.221 Y166.267 E3370.85057
G1 F8206 X128.221 Y167.256 E3370.89455
G1 X128.222 Y168.245 E3370.93853
G1 F8191.5 X128.222 Y169.234 E3370.9826
G1 F8177 X128.223 Y170.223 E3371.02674
G1 X128.223 Y171.212 E3371.07088
G1 F8162.5 X128.223 Y172.201 E3371.11509
G1 F8148.1 X128.224 Y173.19 E3371.15939
G1 F8133.8 X128.224 Y174.179 E3371.20377
G1 F9166.7 X128.161 Y174.828 E3371.22972
G1 F10500 X128.161 Y175.339 E3371.24749
G1 X128.672 Y175.339 E3371.26525
G1 F9240 X129.5 Y175.28 E3371.29803
G1 F8250 X130.476 Y175.28 E3371.34121
G1 X131.452 Y175.28 E3371.38438
G1 F8235.3 X132.428 Y175.28 E3371.42763
G1 X133.404 Y175.28 E3371.47088
G1 X134.38 Y175.279 E3371.51414
G1 X135.356 Y175.279 E3371.55739
G1 F8220.6 X136.332 Y175.279 E3371.60072
G1 X137.308 Y175.279 E3371.64404
G1 X138.284 Y175.279 E3371.68737
G1 X139.26 Y175.279 E3371.7307
G1 X140.236 Y175.279 E3371.77403
G1 F8206 X141.212 Y175.279 E3371.81743
G1 X142.188 Y175.278 E3371.86084
G1 X143.164 Y175.278 E3371.90425
G1 X144.14 Y175.278 E3371.94765
G1 F8191.5 X145.116 Y175.278 E3371.99113
G1 X146.092 Y175.278 E3372.03462
G1 X147.068 Y175.278 E3372.0781
G1 X148.044 Y175.278 E3372.12158
G1 F8177 X149.02 Y175.278 E3372.16514
G1 X149.996 Y175.278 E3372.2087
G1 X150.972 Y175.277 E3372.25226
G1 X151.948 Y175.277 E3372.29582
G1 F8162.5 X152.924 Y175.277 E3372.33946
G1 X153.9 Y175.277 E3372.3831
G1 X154.876 Y175.277 E3372.42673
G1 X155.852 Y175.277 E3372.47037
G1 X156.828 Y175.277 E3372.51401
G1 F8148.1 X157.804 Y175.277 E3372.55772
G1 X158.78 Y175.276 E3372.60143
G1 X159.756 Y175.276 E3372.64515
G1 X160.732 Y175.276 E3372.68886
G1 F8133.8 X161.708 Y175.276 E3372.73265
G1 X162.684 Y175.276 E3372.77644
G1 F9166.7 X163.166 Y175.341 E3372.79581
G1 F10500 X175.84 Y175.34 E3373.23632
G1 X175.84 Y168.666 E3373.46828
G1 F9166.7 X175.777 Y168.174 E3373.48803
G0 F15000 X175.4 Y168.646
G1 F10500 X174.924 Y169.016 E3373.50899
G1 X174.5 Y169.1 E3373.52401
G1 X163.8 Y169.1 E3373.89591
G1 X163.6 Y169.034 E3373.90323
G1 X163.6 Y174 E3374.07583
G1 X163.516 Y174.424 E3374.09085
G1 X163.143 Y174.901 E3374.1119
G1 X175.4 Y174.9 E3374.53791
G1 X175.4 Y168.646 E3374.75528
G1 F2400 E3374.25528
G1 F600 Z7.5
G0 F15000 X163.154 Y168.113 Z7.5
G1 F600 Z7.1
G1 F2400 E3374.75528
G1 F10719.3 X163.153 Y167.511 E3374.77578
G1 F10744.2 X163.153 Y166.909 E3374.79623
G1 F10794.4 X163.152 Y166.307 E3374.81658
G1 F10819.7 X163.152 Y165.705 E3374.83688
G1 F10870.6 X163.151 Y165.103 E3374.8571
G1 F10896.2 X163.151 Y164.501 E3374.87726
G1 F10947.9 X163.15 Y163.899 E3374.89733
G1 F10973.9 X163.15 Y163.297 E3374.91735
G1 F2400 E3374.41735
G1 F600 Z7.5
G0 F15000 X162.7 Y162.266 Z7.5
G1 F600 Z7.1
G1 F2400 E3374.91735
G1 F10500 X162.7 Y142.034 E3375.62055
G1 X162.5 Y142.1 E3375.62787
G1 X154.146 Y142.1 E3375.91822
G1 X154.516 Y142.576 E3375.93918
G1 X154.6 Y143 E3375.9542
G1 X154.6 Y161 E3376.57983
G1 X154.516 Y161.424 E3376.59485
G1 X154.16 Y161.881 E3376.61498
G1 F9258.5 X153.7 Y162.142 E3376.63583
G1 X154.266 Y162.2 E3376.65826
G1 F10500 X162.5 Y162.2 E3376.94445
G1 X162.7 Y162.266 E3376.95177
G1 F2400 E3376.45177
G1 F600 Z7.5
G0 F15000 X153.7 Y162.142 Z7.5
G1 F600 Z7.1
G1 F2400 E3376.95177
G1 F8415.3 X153.5 Y162.15 E3376.96045
G1 F8555.6 X152.536 Y162.15 E3377.00157
G1 X151.572 Y162.15 E3377.04269
G1 F8539.7 X150.608 Y162.15 E3377.08388
G1 X149.644 Y162.15 E3377.12508
G1 X148.68 Y162.15 E3377.16628
G1 F8524 X147.716 Y162.15 E3377.20755
G1 X146.752 Y162.15 E3377.24882
G1 X145.788 Y162.15 E3377.2901
G1 F8508.3 X144.824 Y162.15 E3377.33144
G1 X143.86 Y162.15 E3377.37279
G1 X142.896 Y162.15 E3377.41414
G1 F8492.6 X141.932 Y162.15 E3377.45557
G1 X140.968 Y162.15 E3377.49699
G1 X140.004 Y162.15 E3377.53842
G1 F8477.1 X139.04 Y162.15 E3377.57992
G1 X138.076 Y162.15 E3377.62142
G1 X137.112 Y162.15 E3377.66292
G1 F8461.5 X136.148 Y162.15 E3377.7045
G1 X135.184 Y162.15 E3377.74608
G1 X134.22 Y162.15 E3377.78765
G1 F8446.1 X133.256 Y162.15 E3377.82931
G1 X132.292 Y162.15 E3377.87096
G1 X131.328 Y162.15 E3377.91261
G1 F8430.7 X130.364 Y162.15 E3377.95434
G1 X129.4 Y162.15 E3377.99607
G1 F8850.6 X129.185 Y162.082 E3378.00537
G1 F9788.1 X128.944 Y161.956 E3378.01551
G1 F10266.7 X128.605 Y161.469 E3378.0366
G1 X128.606 Y162.934 E3378.08868
G1 X128.944 Y162.344 E3378.11285
G1 F9788.1 X129.185 Y162.218 E3378.12299
G1 F8850.6 X129.4 Y162.15 E3378.13229
G1 F2400 E3377.63229
G1 F600 Z7.5
G0 F15000 X128.744 Y174.828 Z7.5
G1 F600 Z7.1
G1 F2400 E3378.13229
G1 F7938.1 X128.708 Y174.766 E3378.13558
G1 X128.636 Y174.766 E3378.13889
G1 X128.6 Y174.828 E3378.14219
G1 X128.636 Y174.89 E3378.14549
G1 X128.708 Y174.89 E3378.1488
G1 X128.744 Y174.828 E3378.15209
G1 F2400 E3377.65209
G1 F600 Z7.5
G0 F15000 X128.565 Y142.74 Z7.5
G1 F600 Z7.1
G1 F2400 E3378.15209
G1 F12486.5 X128.861 Y142.148 E3378.17144
G1 X129.125 Y142 E3378.18028
G1 X128.861 Y141.852 E3378.18913
G1 X128.565 Y141.369 E3378.20569
G1 X128.565 Y142.74 E3378.24576
G1 F2400 E3377.74576
G1 F600 Z7.5
G0 F15000 X128.573 Y130.017 Z7.5
G1 F600 Z7.1
G1 F2400 E3378.24576
G1 F11938 X128.879 Y129.425 E3378.26613
G1 F9788.1 X129.3 Y129.158 E3378.28472
G1 X128.767 Y129.073 E3378.30484
G1 F11938 X128.573 Y129.073 E3378.31077
G1 X128.573 Y130.017 E3378.33963
G1 F2400 E3377.83963
G1 F600 Z7.5
G0 F15000 X129.3 Y129.158 Z7.5
G1 F600 Z7.1
G1 F2400 E3378.33963
G1 F8415.3 X129.5 Y129.15 E3378.34831
G1 F8555.6 X162.5 Y129.15 E3379.75596
G1 F9428.6 X163.16 Y129.42 E3379.78356
G1 F10500 X163.516 Y129.877 E3379.8037
G1 X163.6 Y130.3 E3379.81869
G1 X163.6 Y133.966 E3379.9461
G1 X163.8 Y133.9 E3379.95343
G1 X174.5 Y133.9 E3380.32532
G1 X174.924 Y133.983 E3380.34034
G1 X175.4 Y134.354 E3380.36132
G1 X175.4 Y129.1 E3380.54393
G1 X163.267 Y129.099 E3380.96563
G1 F9428.6 X162.5 Y129.15 E3380.99539
G1 F2400 E3380.49539
G1 F600 Z7.5
G0 F15000 X163.15 Y135 Z7.5
G1 F600 Z7.1
G1 F2400 E3380.99539
G1 F10973.9 X163.149 Y135.873 E3381.02442
G1 F10947.9 X163.149 Y136.746 E3381.05352
G1 F10922 X163.148 Y137.619 E3381.08269
G1 F10896.2 X163.148 Y138.492 E3381.11193
G1 F10870.6 X163.147 Y139.365 E3381.14124
G1 F10845.1 X163.147 Y140.238 E3381.17062
G1 F10819.7 X163.146 Y141.111 E3381.20006
G1 F2400 E3380.70006
G1 F600 Z7.5
G0 F15000 X154.992 Y161.04 Z7.5
;TYPE:SKIN
G1 F600 Z7.1
G1 F2400 E3381.20006
G1 F9000 X154.892 Y161.532 E3381.21751
G1 X154.71 Y161.804 E3381.22889
G1 X162.304 Y161.804 E3381.49283
G1 X162.304 Y142.496 E3382.16392
G1 X154.898 Y142.496 E3382.42132
G1 X154.992 Y142.955 E3382.43761
G1 X154.992 Y161.04 E3383.06619
G0 F15000 X155.148 Y161.37
G1 F9000 X155.361 Y161.584 E3383.07668
G0 F15000 X155.984 Y161.584
G1 F9000 X155.216 Y160.817 E3383.11441
G0 F15000 X155.216 Y160.194
G1 F9000 X156.606 Y161.584 E3383.18273
G0 F15000 X157.228 Y161.584
G1 F9000 X155.216 Y159.572 E3383.28163
G0 F15000 X155.216 Y158.95
G1 F9000 X157.85 Y161.584 E3383.4111
G0 F15000 X158.473 Y161.584
G1 F9000 X155.216 Y158.328 E3383.57117
G0 F15000 X155.216 Y157.705
G1 F9000 X159.095 Y161.584 E3383.76183
G0 F15000 X159.717 Y161.584
G1 F9000 X155.216 Y157.083 E3383.98307
G0 F15000 X155.216 Y156.461
G1 F9000 X160.339 Y161.584 E3384.23489
G0 F15000 X160.962 Y161.584
G1 F9000 X155.216 Y155.839 E3384.5173
G0 F15000 X155.216 Y155.216
G1 F9000 X161.584 Y161.584 E3384.83031
G0 F15000 X162.084 Y161.462
G1 F9000 X155.216 Y154.594 E3385.1679
G0 F15000 X155.216 Y153.972
G1 F9000 X162.084 Y160.84 E3385.50548
G0 F15000 X162.084 Y160.218
G1 F9000 X155.216 Y153.35 E3385.84307
G0 F15000 X155.216 Y152.727
G1 F9000 X162.084 Y159.595 E3386.18066
G0 F15000 X162.084 Y158.973
G1 F9000 X155.216 Y152.105 E3386.51824
G0 F15000 X155.216 Y151.483
G1 F9000 X162.084 Y158.351 E3386.85583
G0 F15000 X162.084 Y157.729
G1 F9000 X155.216 Y150.861 E3387.19342
G0 F15000 X155.216 Y150.238
G1 F9000 X162.084 Y157.106 E3387.531
G0 F15000 X162.084 Y156.484
G1 F9000 X155.216 Y149.616 E3387.86859
G0 F15000 X155.216 Y148.994
G1 F9000 X162.084 Y155.862 E3388.20618
G0 F15000 X162.084 Y155.24
G1 F9000 X155.216 Y148.372 E3388.54377
G0 F15000 X155.216 Y147.749
G1 F9000 X162.084 Y154.617 E3388.88135
G0 F15000 X162.084 Y153.995
G1 F9000 X155.216 Y147.127 E3389.21894
G0 F15000 X155.216 Y146.505
G1 F9000 X162.084 Y153.373 E3389.55653
G0 F15000 X162.084 Y152.751
G1 F9000 X155.216 Y145.882 E3389.89414
G0 F15000 X155.216 Y145.26
G1 F9000 X162.084 Y152.128 E3390.23172
G0 F15000 X162.084 Y151.506
G1 F9000 X155.216 Y144.638 E3390.56931
G0 F15000 X155.216 Y144.016
G1 F9000 X162.084 Y150.884 E3390.9069
G0 F15000 X162.084 Y150.262
G1 F9000 X155.216 Y143.393 E3391.24451
G0 F15000 X155.17 Y142.725
G1 F9000 X162.084 Y149.639 E3391.58436
G0 F15000 X162.084 Y149.017
G1 F9000 X155.783 Y142.716 E3391.89407
G0 F15000 X156.406 Y142.716
G1 F9000 X162.084 Y148.395 E3392.17319
G0 F15000 X162.084 Y147.773
G1 F9000 X157.028 Y142.716 E3392.42174
G0 F15000 X157.65 Y142.716
G1 F9000 X162.084 Y147.15 E3392.63969
G0 F15000 X162.084 Y146.528
G1 F9000 X158.272 Y142.716 E3392.82706
G0 F15000 X158.895 Y142.716
G1 F9000 X162.084 Y145.906 E3392.98383
G0 F15000 X162.084 Y145.284
G1 F9000 X159.517 Y142.716 E3393.11004
G0 F15000 X160.139 Y142.716
G1 F9000 X162.084 Y144.661 E3393.20564
G0 F15000 X162.084 Y144.039
G1 F9000 X160.761 Y142.716 E3393.27067
G0 F15000 X161.384 Y142.716
G1 F9000 X162.084 Y143.417 E3393.3051
G0 F15000 X162.084 Y142.795
G1 F9000 X162.006 Y142.716 E3393.30896
G1 F2400 E3392.80896
G1 F600 Z7.5
G0 F15000 X163.992 Y130.255 Z7.5
G1 F600 Z7.1
G1 F2400 E3393.30896
G1 F9000 X163.996 Y133.504 E3393.42189
G1 X174.539 Y133.507 E3393.78833
G1 X175.004 Y133.599 E3393.8048
G1 X175.004 Y129.496 E3393.94741
G1 X163.709 Y129.493 E3394.33999
G1 X163.892 Y129.767 E3394.35144
G1 X163.992 Y130.255 E3394.36875
G1 F2400 E3393.86875
G1 F600 Z7.5
G0 F15000 X164.216 Y133.103 Z7.5
G1 F600 Z7.1
G1 F2400 E3394.36875
G1 F9000 X164.397 Y133.284 E3394.37765
G0 F15000 X165.019 Y133.284
G1 F9000 X164.216 Y132.481 E3394.41712
G0 F15000 X164.216 Y131.858
G1 F9000 X165.641 Y133.284 E3394.48719
G0 F15000 X166.263 Y133.284
G1 F9000 X164.216 Y131.236 E3394.58783
G0 F15000 X164.216 Y130.614
G1 F9000 X166.886 Y133.284 E3394.71907
G0 F15000 X167.508 Y133.284
G1 F9000 X164.146 Y129.922 E3394.88433
G0 F15000 X164.56 Y129.714
G1 F9000 X168.13 Y133.284 E3395.0598
G0 F15000 X168.752 Y133.284
G1 F9000 X165.182 Y129.714 E3395.23528
G0 F15000 X165.805 Y129.714
G1 F9000 X169.375 Y133.284 E3395.41076
G0 F15000 X169.997 Y133.284
G1 F9000 X166.427 Y129.714 E3395.58624
G0 F15000 X167.05 Y129.714
G1 F9000 X170.619 Y133.284 E3395.76169
G0 F15000 X171.241 Y133.284
G1 F9000 X167.672 Y129.714 E3395.93715
G0 F15000 X168.294 Y129.714
G1 F9000 X171.864 Y133.284 E3396.11263
G0 F15000 X172.486 Y133.284
G1 F9000 X168.916 Y129.714 E3396.2881
G0 F15000 X169.539 Y129.715
G1 F9000 X173.108 Y133.284 E3396.46353
G0 F15000 X173.73 Y133.284
G1 F9000 X170.162 Y129.715 E3396.63894
G0 F15000 X170.784 Y129.715
G1 F9000 X174.353 Y133.284 E3396.81437
G0 F15000 X174.784 Y133.093
G1 F9000 X171.406 Y129.715 E3396.98041
G0 F15000 X172.028 Y129.715
G1 F9000 X174.784 Y132.471 E3397.11587
G0 F15000 X174.784 Y131.849
G1 F9000 X172.651 Y129.716 E3397.22072
G0 F15000 X173.274 Y129.716
G1 F9000 X174.784 Y131.226 E3397.29494
G0 F15000 X174.784 Y130.604
G1 F9000 X173.896 Y129.716 E3397.33859
G0 F15000 X174.518 Y129.716
G1 F9000 X174.784 Y129.982 E3397.35166
G1 F2400 E3396.85166
G1 F600 Z7.5
G0 F15000 X163.992 Y174.04 Z7.5
G1 F600 Z7.1
G1 F2400 E3397.35166
G1 F9000 X163.899 Y174.503 E3397.36808
G1 X175.004 Y174.504 E3397.75405
G1 X175.004 Y169.398 E3397.93152
G1 X174.54 Y169.492 E3397.94798
G1 X163.996 Y169.496 E3398.31445
G1 X163.992 Y174.04 E3398.47239
G0 F15000 X164.19 Y174.146
G1 F9000 X164.327 Y174.283 E3398.47912
G0 F15000 X164.949 Y174.283
G1 F9000 X164.216 Y173.549 E3398.51518
G0 F15000 X164.216 Y172.927
G1 F9000 X165.571 Y174.283 E3398.5818
G0 F15000 X166.193 Y174.283
G1 F9000 X164.216 Y172.305 E3398.679
G0 F15000 X164.216 Y171.683
G1 F9000 X166.816 Y174.283 E3398.8068
G0 F15000 X167.438 Y174.283
G1 F9000 X164.216 Y171.06 E3398.9652
G0 F15000 X164.216 Y170.438
G1 F9000 X168.06 Y174.283 E3399.15417
G0 F15000 X168.682 Y174.283
G1 F9000 X164.216 Y169.816 E3399.37372
G0 F15000 X164.738 Y169.716
G1 F9000 X169.305 Y174.283 E3399.5982
G0 F15000 X169.927 Y174.283
G1 F9000 X165.36 Y169.716 E3399.82269
G0 F15000 X165.983 Y169.716
G1 F9000 X170.549 Y174.283 E3400.04715
G0 F15000 X171.171 Y174.283
G1 F9000 X166.605 Y169.716 E3400.27161
G0 F15000 X167.227 Y169.716
G1 F9000 X171.794 Y174.283 E3400.49609
G0 F15000 X172.416 Y174.283
G1 F9000 X167.849 Y169.716 E3400.72057
G0 F15000 X168.472 Y169.716
G1 F9000 X173.038 Y174.283 E3400.94503
G0 F15000 X173.66 Y174.283
G1 F9000 X169.094 Y169.716 E3401.16949
G0 F15000 X169.716 Y169.716
G1 F9000 X174.283 Y174.283 E3401.39398
G0 F15000 X174.784 Y174.162
G1 F9000 X170.338 Y169.716 E3401.61252
G0 F15000 X170.961 Y169.716
G1 F9000 X174.784 Y173.54 E3401.80045
G0 F15000 X174.784 Y172.917
G1 F9000 X171.583 Y169.716 E3401.9578
G0 F15000 X172.205 Y169.716
G1 F9000 X174.784 Y172.295 E3402.08456
G0 F15000 X174.784 Y171.673
G1 F9000 X172.828 Y169.716 E3402.18073
G0 F15000 X173.45 Y169.716
G1 F9000 X174.784 Y171.051 E3402.24633
G0 F15000 X174.784 Y170.428
G1 F9000 X174.072 Y169.716 E3402.28132
G0 F15000 X174.666 Y169.688
G1 F9000 X174.784 Y169.806 E3402.28712
G1 F2400 E3401.78712
G1 F600 Z7.5
;MESH:NONMESH
G0 F15000 X162.718 Y141.039 Z7.5
;TIME_ELAPSED:1306.910260
;LAYER:35
;MESH:case_VL53L8+RP2040-down.stl
G0 X162.718 Y141.039 Z7.7
;TYPE:WALL-OUTER
G1 F600 Z7.3
G1 F2400 E3402.28712
G1 F9000 X162.633 Y141.177 E3402.29276
G1 X162.5 Y141.22 E3402.29762
G1 X129.48 Y141.22 E3403.44529
G1 X129.368 Y141.176 E3403.44947
G1 X129.283 Y141.038 E3403.4551
G1 X129.28 Y130.3 E3403.82832
G1 X129.372 Y130.12 E3403.83535
G1 X129.462 Y130.083 E3403.83873
G1 X162.5 Y130.08 E3404.98703
G1 X162.632 Y130.124 E3404.99186
G1 X162.72 Y130.235 E3404.99679
G1 X162.718 Y141.039 E3405.3723
G1 F2400 E3404.8723
G1 F600 Z7.7
G0 F15000 X153.72 Y161.065 Z7.7
G1 F600 Z7.3
G1 F2400 E3405.3723
G1 F9000 X153.632 Y161.177 E3405.37725
G1 X153.538 Y161.217 E3405.3808
G1 X129.48 Y161.22 E3406.21698
G1 X129.389 Y161.191 E3406.2203
G1 X129.283 Y161.038 E3406.22677
G1 X129.28 Y156.72 E3406.37685
G1 X127.72 Y156.72 E3406.43107
G1 X127.721 Y175.779 E3407.0935
G1 X176.28 Y175.78 E3408.78126
G1 X176.28 Y128.22 E3410.43429
G1 X127.72 Y128.22 E3412.12209
G1 X127.72 Y147.28 E3412.78455
G1 X129.28 Y147.28 E3412.83877
G1 X129.28 Y143 E3412.98753
G1 X129.368 Y142.824 E3412.99437
G1 X129.48 Y142.78 E3412.99855
G1 X153.5 Y142.78 E3413.83341
G1 X153.633 Y142.823 E3413.83827
G1 X153.72 Y142.936 E3413.84323
G1 X153.72 Y161.065 E3414.47333
G1 F2400 E3413.97333
G1 F600 Z7.7
G0 F15000 X162.72 Y174.065 Z7.7
G1 F600 Z7.3
G1 F2400 E3414.47333
G1 F9000 X162.632 Y174.177 E3414.47828
G1 X162.538 Y174.217 E3414.48183
G1 X129.5 Y174.22 E3415.63013
G1 X129.344 Y174.156 E3415.63599
G1 X129.283 Y174.038 E3415.64061
G1 X129.28 Y163.3 E3416.01383
G1 X129.389 Y163.109 E3416.02147
G1 X129.48 Y163.08 E3416.02479
G1 X162.5 Y163.08 E3417.17246
G1 X162.633 Y163.123 E3417.17732
G1 X162.72 Y163.3 E3417.18417
G1 X162.72 Y174.065 E3417.55833
G1 F2400 E3417.05833
G1 F600 Z7.7
G0 F15000 X174.717 Y168.039 Z7.7
G1 F600 Z7.3
G1 F2400 E3417.55833
G1 F9000 X174.677 Y168.132 E3417.56185
G1 X174.565 Y168.22 E3417.5668
G1 X163.8 Y168.22 E3417.94096
G1 X163.667 Y168.176 E3417.94583
G1 X163.583 Y168.038 E3417.95144
G1 X163.58 Y135 E3419.09974
G1 X163.667 Y134.824 E3419.10656
G1 X163.8 Y134.78 E3419.11143
G1 X174.564 Y134.78 E3419.48556
G1 X174.677 Y134.867 E3419.49051
G1 X174.72 Y135 E3419.49537
G1 X174.717 Y168.039 E3420.6437
G0 F15000 X175.03 Y168.396
;TYPE:WALL-INNER
G1 F10500 X174.755 Y168.61 E3420.65581
G1 X174.5 Y168.66 E3420.66484
G1 X163.8 Y168.66 E3421.03674
G1 X163.403 Y168.528 E3421.05128
G1 F10596.3 X163.154 Y168.113 E3421.06795
G1 X163.16 Y168.65 E3421.08645
G1 F10500 X163.16 Y174 E3421.2724
G1 X163.11 Y174.255 E3421.28143
G1 X162.896 Y174.529 E3421.29351
G1 F9166.7 X162.625 Y174.714 E3421.30658
G1 F8133.8 X161.651 Y174.714 E3421.35028
G1 X160.677 Y174.714 E3421.39398
G1 F8148.1 X159.703 Y174.715 E3421.4376
G1 X158.729 Y174.715 E3421.48123
G1 X157.755 Y174.715 E3421.52485
G1 X156.781 Y174.715 E3421.56848
G1 F8162.5 X155.807 Y174.715 E3421.61202
G1 X154.833 Y174.715 E3421.65557
G1 X153.859 Y174.716 E3421.69912
G1 X152.885 Y174.716 E3421.74267
G1 X151.911 Y174.716 E3421.78621
G1 F8177 X150.937 Y174.716 E3421.82968
G1 X149.963 Y174.716 E3421.87315
G1 X148.989 Y174.716 E3421.91663
G1 X148.015 Y174.717 E3421.9601
G1 F8191.5 X147.041 Y174.717 E3422.00349
G1 X146.067 Y174.717 E3422.04688
G1 X145.093 Y174.717 E3422.09028
G1 X144.119 Y174.717 E3422.13367
G1 F8206 X143.145 Y174.718 E3422.17699
G1 X142.171 Y174.718 E3422.2203
G1 X141.197 Y174.718 E3422.26362
G1 X140.223 Y174.718 E3422.30694
G1 F8220.6 X139.249 Y174.718 E3422.35018
G1 X138.275 Y174.718 E3422.39342
G1 X137.301 Y174.719 E3422.43666
G1 X136.327 Y174.719 E3422.4799
G1 X135.353 Y174.719 E3422.52314
G1 F8235.3 X134.379 Y174.719 E3422.5663
G1 X133.405 Y174.719 E3422.60946
G1 X132.431 Y174.719 E3422.65262
G1 X131.457 Y174.72 E3422.69579
G1 F8250 X130.483 Y174.72 E3422.73887
G1 X129.509 Y174.72 E3422.78196
G1 F9240 X129.033 Y174.467 E3422.80325
G1 F9166.7 X128.786 Y174.125 E3422.82005
G1 F8133.8 X128.785 Y173.141 E3422.8642
G1 F8148.1 X128.785 Y172.157 E3422.90827
G1 F8162.5 X128.784 Y171.173 E3422.95226
G1 F8177 X128.784 Y170.189 E3422.99618
G1 X128.783 Y169.205 E3423.0401
G1 F8191.5 X128.783 Y168.221 E3423.08393
G1 F8206 X128.782 Y167.237 E3423.1277
G1 X128.782 Y166.253 E3423.17146
G1 F8220.6 X128.781 Y165.269 E3423.21514
G1 F8235.3 X128.781 Y164.285 E3423.25875
G1 F8250 X128.78 Y163.301 E3423.30228
G1 F9240 X129.168 Y162.729 E3423.32957
G1 F10500 X129.442 Y162.642 E3423.33957
G1 X162.5 Y162.64 E3424.48856
G1 X162.897 Y162.771 E3424.50309
G1 F10744.2 X163.15 Y163.3 E3424.52301
G1 X163.14 Y162.65 E3424.54509
G1 F10500 X163.14 Y141.65 E3425.27498
G1 F10645.2 X163.146 Y141.113 E3425.29339
G1 X162.897 Y141.529 E3425.31001
G1 F10500 X162.5 Y141.66 E3425.32454
G1 X154.167 Y141.66 E3425.61417
G1 F9240 X153.5 Y141.72 E3425.64062
G1 F8250 X151.649 Y141.72 E3425.7225
G1 X149.798 Y141.72 E3425.80438
G1 F8235.3 X147.947 Y141.72 E3425.88641
G1 X146.096 Y141.72 E3425.96844
G1 X144.245 Y141.72 E3426.05047
G1 F8220.6 X142.394 Y141.72 E3426.13264
G1 X140.543 Y141.72 E3426.21481
G1 X138.692 Y141.72 E3426.29699
G1 F8206 X136.841 Y141.72 E3426.3793
G1 X134.99 Y141.72 E3426.46162
G1 X133.139 Y141.72 E3426.54394
G1 F8191.5 X131.288 Y141.72 E3426.62641
G1 X129.437 Y141.72 E3426.70887
G1 F9203.2 X129.268 Y141.618 E3426.7167
G1 F10500 X129.104 Y141.528 E3426.7232
G1 F9166.7 X128.786 Y141.125 E3426.74364
G1 F8133.8 X128.785 Y140.141 E3426.78779
G1 F8148.1 X128.785 Y139.157 E3426.83186
G1 F8162.5 X128.784 Y138.173 E3426.87586
G1 F8177 X128.784 Y137.189 E3426.91978
G1 X128.783 Y136.205 E3426.96369
G1 F8191.5 X128.783 Y135.221 E3427.00753
G1 F8206 X128.782 Y134.237 E3427.05129
G1 X128.782 Y133.253 E3427.09505
G1 F8220.6 X128.781 Y132.269 E3427.13874
G1 F8235.3 X128.781 Y131.285 E3427.18234
G1 F8250 X128.78 Y130.301 E3427.22587
G1 F9240 X129.118 Y129.761 E3427.25103
G1 F10500 X129.408 Y129.64 E3427.26196
G1 X162.5 Y129.64 E3428.41213
G1 X162.896 Y129.772 E3428.42664
G1 X163.11 Y130.046 E3428.43872
G1 X163.16 Y130.3 E3428.44772
G1 X163.16 Y134.35 E3428.58848
G1 F10744.2 X163.15 Y135 E3428.61057
G1 X163.403 Y134.472 E3428.63045
G1 F10500 X163.8 Y134.34 E3428.64499
G1 X174.5 Y134.34 E3429.01689
G1 X174.755 Y134.39 E3429.02592
G1 X175.029 Y134.603 E3429.03799
G1 F9240 X175.22 Y135 E3429.05539
G1 F8250 X175.22 Y137.547 E3429.16806
G1 X175.22 Y140.094 E3429.28072
G1 F8235.3 X175.22 Y142.641 E3429.39359
G1 X175.22 Y145.188 E3429.50647
G1 X175.22 Y147.735 E3429.61934
G1 X175.22 Y150.282 E3429.73221
G1 F8220.6 X175.22 Y152.829 E3429.84528
G1 X175.22 Y155.376 E3429.95835
G1 X175.22 Y157.923 E3430.07142
G1 X175.22 Y160.47 E3430.18449
G1 X175.22 Y163.017 E3430.29756
G1 F8206 X175.22 Y165.564 E3430.41084
G1 X175.22 Y168.111 E3430.52411
G1 F9203.2 X175.03 Y168.396 E3430.53769
G0 F15000 X175.777 Y168.174
G1 F8148.1 X175.777 Y167.068 E3430.58723
G1 X175.777 Y165.962 E3430.63676
G1 F8162.5 X175.777 Y164.856 E3430.68621
G1 X175.777 Y163.75 E3430.73566
G1 X175.778 Y162.644 E3430.78511
G1 X175.778 Y161.538 E3430.83456
G1 F8177 X175.778 Y160.432 E3430.88392
G1 X175.778 Y159.326 E3430.93328
G1 X175.778 Y158.22 E3430.98265
G1 X175.778 Y157.114 E3431.03201
G1 X175.778 Y156.008 E3431.08137
G1 F8191.5 X175.778 Y154.902 E3431.13064
G1 X175.778 Y153.796 E3431.17992
G1 X175.778 Y152.69 E3431.22919
G1 X175.779 Y151.584 E3431.27847
G1 F8206 X175.779 Y150.478 E3431.32765
G1 X175.779 Y149.372 E3431.37684
G1 X175.779 Y148.266 E3431.42603
G1 X175.779 Y147.16 E3431.47522
G1 F8220.6 X175.779 Y146.054 E3431.52432
G1 X175.779 Y144.948 E3431.57342
G1 X175.779 Y143.842 E3431.62252
G1 X175.779 Y142.736 E3431.67161
G1 X175.779 Y141.63 E3431.72071
G1 F8235.3 X175.78 Y140.524 E3431.76973
G1 X175.78 Y139.418 E3431.81874
G1 X175.78 Y138.312 E3431.86775
G1 X175.78 Y137.206 E3431.91676
G1 F8250 X175.78 Y136.1 E3431.96569
G1 X175.78 Y134.994 E3432.01461
G1 F9240 X175.84 Y134.333 E3432.04083
G1 F10500 X175.84 Y128.66 E3432.238
G1 X128.16 Y128.66 E3433.89521
G1 X128.16 Y129.267 E3433.91631
G1 F9829.8 X128.19 Y129.784 E3433.93553
G1 F8717 X128.22 Y130.301 E3433.95722
G1 F8250 X128.22 Y131.289 E3434.00092
G1 F8235.3 X128.221 Y132.278 E3434.04475
G1 F8220.6 X128.221 Y133.267 E3434.08865
G1 F8206 X128.221 Y134.256 E3434.13264
G1 X128.222 Y135.245 E3434.17662
G1 F8191.5 X128.222 Y136.234 E3434.22068
G1 F8177 X128.223 Y137.223 E3434.26482
G1 X128.223 Y138.212 E3434.30896
G1 F8162.5 X128.223 Y139.201 E3434.35318
G1 F8148.1 X128.224 Y140.19 E3434.39748
G1 F8133.8 X128.224 Y141.179 E3434.44185
G1 F9166.7 X128.16 Y142 E3434.47464
G1 F9829.8 X128.19 Y142.5 E3434.49323
G1 F8717 X128.22 Y143 E3434.5142
G1 F8250 X128.22 Y146.78 E3434.68142
G1 X128.78 Y146.78 E3434.70619
G1 X128.78 Y143 E3434.8734
G1 F9240 X129.104 Y142.472 E3434.89787
G1 F10500 X129.268 Y142.382 E3434.90437
G1 F9203.2 X129.437 Y142.28 E3434.9122
G1 F8191.5 X131.288 Y142.28 E3434.99466
G1 X133.139 Y142.28 E3435.07713
G1 F8206 X134.99 Y142.28 E3435.15945
G1 X136.841 Y142.28 E3435.24177
G1 X138.692 Y142.28 E3435.32409
G1 F8220.6 X140.543 Y142.28 E3435.40626
G1 X142.394 Y142.28 E3435.48843
G1 X144.245 Y142.28 E3435.57061
G1 F8235.3 X146.096 Y142.28 E3435.65263
G1 X147.947 Y142.28 E3435.73466
G1 X149.798 Y142.28 E3435.81669
G1 F8250 X151.649 Y142.28 E3435.89857
G1 X153.5 Y142.28 E3435.98045
G1 F9240 X153.897 Y142.471 E3435.99785
G1 F10500 X154.11 Y142.746 E3436.00994
G1 X154.16 Y143 E3436.01894
G1 X154.16 Y161 E3436.64456
G1 X154.11 Y161.255 E3436.65359
G1 X153.896 Y161.529 E3436.66568
G1 X153.593 Y161.66 E3436.67715
G1 X129.442 Y161.658 E3437.51656
G1 X129.168 Y161.571 E3437.52655
G1 F9166.7 X128.786 Y161.125 E3437.54993
G1 F8148.1 X128.785 Y160.149 E3437.59365
G1 F8177 X128.783 Y159.173 E3437.63721
G1 F8206 X128.782 Y158.197 E3437.68061
G1 F8235.3 X128.78 Y157.221 E3437.72386
G1 F8250 X128.22 Y157.22 E3437.74864
G1 F8235.3 X128.221 Y158.209 E3437.79246
G1 F8206 X128.222 Y159.198 E3437.83645
G1 F8177 X128.223 Y160.187 E3437.88059
G1 F8148.1 X128.224 Y161.176 E3437.92488
G1 F9166.7 X128.161 Y162.15 E3437.96374
G1 F9829.8 X128.19 Y162.725 E3437.98512
G1 F8717 X128.22 Y163.3 E3438.00922
G1 F8250 X128.22 Y164.289 E3438.05297
G1 F8235.3 X128.221 Y165.278 E3438.0968
G1 F8220.6 X128.221 Y166.267 E3438.14071
G1 F8206 X128.221 Y167.256 E3438.18469
G1 X128.222 Y168.245 E3438.22867
G1 F8191.5 X128.222 Y169.234 E3438.27274
G1 F8177 X128.223 Y170.223 E3438.31688
G1 X128.223 Y171.212 E3438.36102
G1 F8162.5 X128.223 Y172.201 E3438.40523
G1 F8148.1 X128.224 Y173.19 E3438.44953
G1 F8133.8 X128.224 Y174.179 E3438.4939
G1 F9166.7 X128.161 Y174.828 E3438.51986
G1 F10500 X128.161 Y175.339 E3438.53762
G1 X128.672 Y175.339 E3438.55539
G1 F9240 X129.5 Y175.28 E3438.58817
G1 F8250 X130.476 Y175.28 E3438.63135
G1 X131.452 Y175.28 E3438.67452
G1 F8235.3 X132.428 Y175.28 E3438.71777
G1 X133.404 Y175.28 E3438.76102
G1 X134.38 Y175.279 E3438.80427
G1 X135.356 Y175.279 E3438.84753
G1 F8220.6 X136.332 Y175.279 E3438.89085
G1 X137.308 Y175.279 E3438.93418
G1 X138.284 Y175.279 E3438.97751
G1 X139.26 Y175.279 E3439.02084
G1 X140.236 Y175.279 E3439.06417
G1 F8206 X141.212 Y175.279 E3439.10757
G1 X142.188 Y175.278 E3439.15098
G1 X143.164 Y175.278 E3439.19438
G1 X144.14 Y175.278 E3439.23779
G1 F8191.5 X145.116 Y175.278 E3439.28127
G1 X146.092 Y175.278 E3439.32476
G1 X147.068 Y175.278 E3439.36824
G1 X148.044 Y175.278 E3439.41172
G1 F8177 X149.02 Y175.278 E3439.45528
G1 X149.996 Y175.278 E3439.49884
G1 X150.972 Y175.277 E3439.5424
G1 X151.948 Y175.277 E3439.58596
G1 F8162.5 X152.924 Y175.277 E3439.6296
G1 X153.9 Y175.277 E3439.67323
G1 X154.876 Y175.277 E3439.71687
G1 X155.852 Y175.277 E3439.76051
G1 X156.828 Y175.277 E3439.80414
G1 F8148.1 X157.804 Y175.277 E3439.84786
G1 X158.78 Y175.276 E3439.89157
G1 X159.756 Y175.276 E3439.93529
G1 X160.732 Y175.276 E3439.979
G1 F8133.8 X161.708 Y175.276 E3440.02279
G1 X162.684 Y175.276 E3440.06658
G1 F9166.7 X163.166 Y175.341 E3440.08595
G1 F10500 X175.84 Y175.34 E3440.52645
G1 X175.84 Y168.666 E3440.75842
G1 F9166.7 X175.777 Y168.174 E3440.77817
G0 F15000 X175.4 Y168.646
G1 F10500 X174.924 Y169.016 E3440.79912
G1 X174.5 Y169.1 E3440.81415
G1 X163.8 Y169.1 E3441.18605
G1 X163.6 Y169.034 E3441.19337
G1 X163.6 Y174 E3441.36597
G1 X163.516 Y174.424 E3441.38099
G1 X163.143 Y174.901 E3441.40204
G1 X175.4 Y174.9 E3441.82805
G1 X175.4 Y168.646 E3442.04542
G1 F2400 E3441.54542
G1 F600 Z7.7
G0 F15000 X163.154 Y168.113 Z7.7
G1 F600 Z7.3
G1 F2400 E3442.04542
G1 F10719.3 X163.153 Y167.511 E3442.06592
G1 F10744.2 X163.153 Y166.909 E3442.08636
G1 F10794.4 X163.152 Y166.307 E3442.10672
G1 F10819.7 X163.152 Y165.705 E3442.12702
G1 F10870.6 X163.151 Y165.103 E3442.14723
G1 F10896.2 X163.151 Y164.501 E3442.1674
G1 F10947.9 X163.15 Y163.899 E3442.18746
G1 F10973.9 X163.15 Y163.297 E3442.20748
G1 F2400 E3441.70748
G1 F600 Z7.7
G0 F15000 X162.7 Y162.266 Z7.7
G1 F600 Z7.3
G1 F2400 E3442.20748
G1 F10500 X162.7 Y142.034 E3442.91068
G1 X162.5 Y142.1 E3442.918
G1 X154.146 Y142.1 E3443.20836
G1 X154.516 Y142.576 E3443.22932
G1 X154.6 Y143 E3443.24434
G1 X154.6 Y161 E3443.86996
G1 X154.516 Y161.424 E3443.88499
G1 X154.16 Y161.881 E3443.90512
G1 F9258.5 X153.7 Y162.142 E3443.92597
G1 X154.266 Y162.2 E3443.9484
G1 F10500 X162.5 Y162.2 E3444.23458
G1 X162.7 Y162.266 E3444.2419
G1 F2400 E3443.7419
G1 F600 Z7.7
G0 F15000 X153.7 Y162.142 Z7.7
G1 F600 Z7.3
G1 F2400 E3444.2419
G1 F8415.3 X153.5 Y162.15 E3444.25059
G1 F8555.6 X152.536 Y162.15 E3444.29171
G1 X151.572 Y162.15 E3444.33283
G1 F8539.7 X150.608 Y162.15 E3444.37402
G1 X149.644 Y162.15 E3444.41522
G1 X148.68 Y162.15 E3444.45642
G1 F8524 X147.716 Y162.15 E3444.49769
G1 X146.752 Y162.15 E3444.53896
G1 X145.788 Y162.15 E3444.58023
G1 F8508.3 X144.824 Y162.15 E3444.62158
G1 X143.86 Y162.15 E3444.66293
G1 X142.896 Y162.15 E3444.70428
G1 F8492.6 X141.932 Y162.15 E3444.74571
G1 X140.968 Y162.15 E3444.78713
G1 X140.004 Y162.15 E3444.82856
G1 F8477.1 X139.04 Y162.15 E3444.87006
G1 X138.076 Y162.15 E3444.91156
G1 X137.112 Y162.15 E3444.95306
G1 F8461.5 X136.148 Y162.15 E3444.99464
G1 X135.184 Y162.15 E3445.03622
G1 X134.22 Y162.15 E3445.07779
G1 F8446.1 X133.256 Y162.15 E3445.11945
G1 X132.292 Y162.15 E3445.1611
G1 X131.328 Y162.15 E3445.20275
G1 F8430.7 X130.364 Y162.15 E3445.24448
G1 X129.4 Y162.15 E3445.28621
G1 F8850.6 X129.185 Y162.082 E3445.29551
G1 F9788.1 X128.944 Y161.956 E3445.30565
G1 F10266.7 X128.605 Y161.469 E3445.32674
G1 X128.606 Y162.934 E3445.37882
G1 X128.944 Y162.344 E3445.40299
G1 F9788.1 X129.185 Y162.218 E3445.41313
G1 F8850.6 X129.4 Y162.15 E3445.42243
G1 F2400 E3444.92243
G1 F600 Z7.7
G0 F15000 X128.744 Y174.828 Z7.7
G1 F600 Z7.3
G1 F2400 E3445.42243
G1 F7938.1 X128.708 Y174.766 E3445.42572
G1 X128.636 Y174.766 E3445.42903
G1 X128.6 Y174.828 E3445.43233
G1 X128.636 Y174.89 E3445.43563
G1 X128.708 Y174.89 E3445.43894
G1 X128.744 Y174.828 E3445.44223
G1 F2400 E3444.94223
G1 F600 Z7.7
G0 F15000 X128.565 Y142.74 Z7.7
G1 F600 Z7.3
G1 F2400 E3445.44223
G1 F12486.5 X128.861 Y142.148 E3445.46158
G1 X129.125 Y142 E3445.47042
G1 X128.861 Y141.852 E3445.47927
G1 X128.565 Y141.369 E3445.49582
G1 X128.565 Y142.74 E3445.5359
G1 F2400 E3445.0359
G1 F600 Z7.7
G0 F15000 X128.573 Y130.017 Z7.7
G1 F600 Z7.3
G1 F2400 E3445.5359
G1 F11938 X128.879 Y129.425 E3445.55627
G1 F9788.1 X129.3 Y129.158 E3445.57485
G1 X128.767 Y129.073 E3445.59498
G1 F11938 X128.573 Y129.073 E3445.60091
G1 X128.573 Y130.017 E3445.62977
G1 F2400 E3445.12977
G1 F600 Z7.7
G0 F15000 X129.3 Y129.158 Z7.7
G1 F600 Z7.3
G1 F2400 E3445.62977
G1 F8415.3 X129.5 Y129.15 E3445.63845
G1 F8555.6 X162.5 Y129.15 E3447.0461
G1 F9428.6 X163.16 Y129.42 E3447.0737
G1 F10500 X163.516 Y129.877 E3447.09384
G1 X163.6 Y130.3 E3447.10883
G1 X163.6 Y133.966 E3447.23624
G1 X163.8 Y133.9 E3447.24356
G1 X174.5 Y133.9 E3447.61546
G1 X174.924 Y133.983 E3447.63048
G1 X175.4 Y134.354 E3447.65145
G1 X175.4 Y129.1 E3447.83407
G1 X163.267 Y129.099 E3448.25577
G1 F9428.6 X162.5 Y129.15 E3448.28553
G1 F2400 E3447.78553
G1 F600 Z7.7
G0 F15000 X163.15 Y135 Z7.7
G1 F600 Z7.3
G1 F2400 E3448.28553
G1 F10973.9 X163.149 Y135.873 E3448.31456
G1 F10947.9 X163.149 Y136.746 E3448.34366
G1 F10922 X163.148 Y137.619 E3448.37283
G1 F10896.2 X163.148 Y138.492 E3448.40207
G1 F10870.6 X163.147 Y139.365 E3448.43138
G1 F10845.1 X163.147 Y140.238 E3448.46075
G1 F10819.7 X163.146 Y141.111 E3448.4902
G1 F2400 E3447.9902
G1 F600 Z7.7
G0 F15000 X154.992 Y161.04 Z7.7
;TYPE:SKIN
G1 F600 Z7.3
G1 F2400 E3448.4902
G1 F9000 X154.892 Y161.532 E3448.50765
G1 X154.71 Y161.804 E3448.51903
G1 X162.304 Y161.804 E3448.78297
G1 X162.304 Y142.496 E3449.45405
G1 X154.898 Y142.496 E3449.71146
G1 X154.992 Y142.955 E3449.72775
G1 X154.992 Y161.04 E3450.35633
G1 F2400 E3449.85633
G1 F600 Z7.7
G0 F15000 X161.988 Y161.584 Z7.7
G1 F600 Z7.3
G1 F2400 E3450.35633
G1 F9000 X162.084 Y161.488 E3450.36104
G0 F15000 X162.084 Y160.866
G1 F9000 X161.366 Y161.584 E3450.39634
G0 F15000 X160.744 Y161.584
G1 F9000 X162.084 Y160.244 E3450.4622
G0 F15000 X162.084 Y159.622
G1 F9000 X160.122 Y161.584 E3450.55864
G0 F15000 X159.499 Y161.584
G1 F9000 X162.084 Y158.999 E3450.6857
G0 F15000 X162.084 Y158.377
G1 F9000 X158.877 Y161.584 E3450.84334
G0 F15000 X158.255 Y161.584
G1 F9000 X162.084 Y157.755 E3451.03155
G0 F15000 X162.084 Y157.133
G1 F9000 X157.632 Y161.584 E3451.25036
G0 F15000 X157.01 Y161.584
G1 F9000 X162.084 Y156.51 E3451.49976
G0 F15000 X162.084 Y155.888
G1 F9000 X156.388 Y161.584 E3451.77974
G0 F15000 X155.766 Y161.584
G1 F9000 X162.084 Y155.266 E3452.09029
G0 F15000 X162.084 Y154.644
G1 F9000 X155.143 Y161.584 E3452.43144
G0 F15000 X155.216 Y160.889
G1 F9000 X162.084 Y154.021 E3452.76903
G0 F15000 X162.084 Y153.399
G1 F9000 X155.216 Y160.266 E3453.10659
G0 F15000 X155.216 Y159.644
G1 F9000 X162.084 Y152.777 E3453.44415
G0 F15000 X162.084 Y152.155
G1 F9000 X155.216 Y159.022 E3453.78172
G0 F15000 X155.216 Y158.4
G1 F9000 X162.084 Y151.532 E3454.1193
G0 F15000 X162.084 Y150.91
G1 F9000 X155.216 Y157.777 E3454.45687
G0 F15000 X155.216 Y157.155
G1 F9000 X162.084 Y150.288 E3454.79443
G0 F15000 X162.084 Y149.666
G1 F9000 X155.216 Y156.533 E3455.13199
G0 F15000 X155.216 Y155.911
G1 F9000 X162.084 Y149.043 E3455.46958
G0 F15000 X162.084 Y148.421
G1 F9000 X155.216 Y155.288 E3455.80714
G0 F15000 X155.216 Y154.666
G1 F9000 X162.084 Y147.799 E3456.1447
G0 F15000 X162.084 Y147.176
G1 F9000 X155.216 Y154.044 E3456.48229
G0 F15000 X155.216 Y153.422
G1 F9000 X162.084 Y146.554 E3456.81988
G0 F15000 X162.084 Y145.932
G1 F9000 X155.216 Y152.799 E3457.15744
G0 F15000 X155.216 Y152.177
G1 F9000 X162.084 Y145.31 E3457.495
G0 F15000 X162.084 Y144.687
G1 F9000 X155.216 Y151.555 E3457.83259
G0 F15000 X155.216 Y150.933
G1 F9000 X162.084 Y144.065 E3458.17017
G0 F15000 X162.084 Y143.443
G1 F9000 X155.216 Y150.31 E3458.50774
G0 F15000 X155.216 Y149.688
G1 F9000 X162.084 Y142.821 E3458.8453
G0 F15000 X161.566 Y142.716
G1 F9000 X155.216 Y149.066 E3459.15742
G0 F15000 X155.216 Y148.444
G1 F9000 X160.944 Y142.716 E3459.43898
G0 F15000 X160.322 Y142.716
G1 F9000 X155.216 Y147.821 E3459.68993
G0 F15000 X155.216 Y147.199
G1 F9000 X159.699 Y142.716 E3459.91029
G0 F15000 X159.077 Y142.716
G1 F9000 X155.216 Y146.577 E3460.10007
G0 F15000 X155.216 Y145.955
G1 F9000 X158.455 Y142.716 E3460.25928
G0 F15000 X157.833 Y142.716
G1 F9000 X155.216 Y145.332 E3460.38789
G0 F15000 X155.216 Y144.71
G1 F9000 X157.21 Y142.716 E3460.4859
G0 F15000 X156.588 Y142.716
G1 F9000 X155.216 Y144.088 E3460.55334
G0 F15000 X155.216 Y143.466
G1 F9000 X155.966 Y142.716 E3460.5902
G0 F15000 X155.344 Y142.716
G1 F9000 X155.194 Y142.866 E3460.59758
G1 F2400 E3460.09758
G1 F600 Z7.7
G0 F15000 X163.992 Y130.255 Z7.7
G1 F600 Z7.3
G1 F2400 E3460.59758
G1 F9000 X163.996 Y133.504 E3460.7105
G1 X174.539 Y133.507 E3461.07694
G1 X175.004 Y133.599 E3461.09342
G1 X175.004 Y129.496 E3461.23602
G1 X163.709 Y129.493 E3461.6286
G1 X163.892 Y129.767 E3461.64005
G1 X163.992 Y130.255 E3461.65737
G0 F15000 X164.192 Y130.135
G1 F9000 X164.613 Y129.713 E3461.67809
G0 F15000 X165.235 Y129.713
G1 F9000 X164.216 Y130.733 E3461.7282
G0 F15000 X164.216 Y131.355
G1 F9000 X165.858 Y129.713 E3461.80891
G0 F15000 X166.48 Y129.713
G1 F9000 X164.216 Y131.977 E3461.92019
G0 F15000 X164.216 Y132.599
G1 F9000 X167.101 Y129.714 E3462.062
G0 F15000 X167.724 Y129.714
G1 F9000 X164.216 Y133.222 E3462.23443
G0 F15000 X164.776 Y133.284
G1 F9000 X168.346 Y129.714 E3462.40991
G0 F15000 X168.968 Y129.714
G1 F9000 X165.398 Y133.284 E3462.58539
G0 F15000 X166.02 Y133.284
G1 F9000 X169.59 Y129.714 E3462.76087
G0 F15000 X170.212 Y129.714
G1 F9000 X166.642 Y133.284 E3462.93635
G0 F15000 X167.265 Y133.284
G1 F9000 X170.834 Y129.714 E3463.1118
G0 F15000 X171.456 Y129.714
G1 F9000 X167.887 Y133.284 E3463.28725
G0 F15000 X168.509 Y133.284
G1 F9000 X172.079 Y129.714 E3463.46273
G0 F15000 X172.7 Y129.715
G1 F9000 X169.131 Y133.284 E3463.63816
G0 F15000 X169.754 Y133.284
G1 F9000 X173.322 Y129.715 E3463.81357
G0 F15000 X173.945 Y129.715
G1 F9000 X170.376 Y133.284 E3463.98899
G0 F15000 X170.998 Y133.284
G1 F9000 X174.567 Y129.715 E3464.16442
G0 F15000 X174.784 Y130.12
G1 F9000 X171.62 Y133.284 E3464.31995
G0 F15000 X172.243 Y133.284
G1 F9000 X174.784 Y130.743 E3464.44484
G0 F15000 X174.784 Y131.365
G1 F9000 X172.865 Y133.284 E3464.53917
G0 F15000 X173.487 Y133.284
G1 F9000 X174.784 Y131.987 E3464.60292
G0 F15000 X174.784 Y132.609
G1 F9000 X174.109 Y133.284 E3464.6361
G0 F15000 X174.701 Y133.315
G1 F9000 X174.784 Y133.232 E3464.64018
G1 F2400 E3464.14018
G1 F600 Z7.7
G0 F15000 X163.992 Y174.04 Z7.7
G1 F600 Z7.3
G1 F2400 E3464.64018
G1 F9000 X163.899 Y174.503 E3464.65659
G1 X175.004 Y174.504 E3465.04257
G1 X175.004 Y169.398 E3465.22004
G1 X174.54 Y169.492 E3465.23649
G1 X163.996 Y169.496 E3465.60297
G1 X163.992 Y174.04 E3465.7609
G1 F2400 E3465.2609
G1 F600 Z7.7
G0 F15000 X164.216 Y169.934 Z7.7
G1 F600 Z7.3
G1 F2400 E3465.7609
G1 F9000 X164.434 Y169.716 E3465.77162
G0 F15000 X165.056 Y169.716
G1 F9000 X164.216 Y170.556 E3465.81291
G0 F15000 X164.216 Y171.179
G1 F9000 X165.679 Y169.716 E3465.88482
G0 F15000 X166.301 Y169.716
G1 F9000 X164.216 Y171.801 E3465.98731
G0 F15000 X164.216 Y172.423
G1 F9000 X166.923 Y169.716 E3466.12036
G0 F15000 X167.545 Y169.716
G1 F9000 X164.216 Y173.045 E3466.284
G0 F15000 X164.216 Y173.668
G1 F9000 X168.168 Y169.716 E3466.47825
G0 F15000 X168.79 Y169.716
G1 F9000 X164.223 Y174.283 E3466.70274
G0 F15000 X164.845 Y174.283
G1 F9000 X169.412 Y169.716 E3466.92722
G0 F15000 X170.034 Y169.716
G1 F9000 X165.467 Y174.283 E3467.15171
G0 F15000 X166.089 Y174.283
G1 F9000 X170.657 Y169.716 E3467.37621
G0 F15000 X171.279 Y169.716
G1 F9000 X166.712 Y174.283 E3467.6007
G0 F15000 X167.334 Y174.283
G1 F9000 X171.901 Y169.716 E3467.82518
G0 F15000 X172.523 Y169.716
G1 F9000 X167.956 Y174.283 E3468.04967
G0 F15000 X168.578 Y174.283
G1 F9000 X173.146 Y169.716 E3468.27418
G0 F15000 X173.768 Y169.716
G1 F9000 X169.201 Y174.283 E3468.49866
G0 F15000 X169.823 Y174.283
G1 F9000 X174.39 Y169.716 E3468.72315
G0 F15000 X174.784 Y169.945
G1 F9000 X170.445 Y174.283 E3468.9364
G0 F15000 X171.068 Y174.283
G1 F9000 X174.784 Y170.567 E3469.11905
G0 F15000 X174.784 Y171.189
G1 F9000 X171.69 Y174.283 E3469.27113
G0 F15000 X172.312 Y174.283
G1 F9000 X174.784 Y171.811 E3469.39264
G0 F15000 X174.784 Y172.434
G1 F9000 X172.934 Y174.283 E3469.48355
G0 F15000 X173.557 Y174.283
G1 F9000 X174.784 Y173.056 E3469.54386
G0 F15000 X174.784 Y173.678
G1 F9000 X174.179 Y174.283 E3469.5736
G1 F2400 E3469.0736
G1 F600 Z7.7
;MESH:NONMESH
G0 F15000 X162.718 Y141.039 Z7.7
;TIME_ELAPSED:1333.402628
;LAYER:36
;MESH:case_VL53L8+RP2040-down.stl
G0 X162.718 Y141.039 Z7.9
;TYPE:WALL-OUTER
G1 F600 Z7.5
G1 F2400 E3469.5736
G1 F9000 X162.633 Y141.177 E3469.57923
G1 X162.5 Y141.22 E3469.58409
G1 X129.48 Y141.22 E3470.73176
G1 X129.368 Y141.176 E3470.73595
G1 X129.283 Y141.038 E3470.74158
G1 X129.28 Y130.3 E3471.1148
G1 X129.372 Y130.12 E3471.12182
G1 X129.462 Y130.083 E3471.12521
G1 X162.5 Y130.08 E3472.2735
G1 X162.632 Y130.124 E3472.27834
G1 X162.72 Y130.235 E3472.28326
G1 X162.718 Y141.039 E3472.65878
G1 F2400 E3472.15878
G1 F600 Z7.9
G0 F15000 X153.72 Y161.065 Z7.9
G1 F600 Z7.5
G1 F2400 E3472.65878
G1 F9000 X153.632 Y161.177 E3472.66373
G1 X153.538 Y161.217 E3472.66728
G1 X129.48 Y161.22 E3473.50346
G1 X129.389 Y161.191 E3473.50678
G1 X129.283 Y161.038 E3473.51325
G1 X129.28 Y156.72 E3473.66333
G1 X127.72 Y156.72 E3473.71755
G1 X127.721 Y175.779 E3474.37998
G1 X176.28 Y175.78 E3476.06773
G1 X176.28 Y128.22 E3477.72077
G1 X127.72 Y128.22 E3479.40856
G1 X127.72 Y147.28 E3480.07103
G1 X129.28 Y147.28 E3480.12525
G1 X129.28 Y143 E3480.27401
G1 X129.368 Y142.824 E3480.28085
G1 X129.48 Y142.78 E3480.28503
G1 X153.5 Y142.78 E3481.11989
G1 X153.633 Y142.823 E3481.12475
G1 X153.72 Y142.936 E3481.1297
G1 X153.72 Y161.065 E3481.75981
G1 F2400 E3481.25981
G1 F600 Z7.9
G0 F15000 X162.72 Y174.065 Z7.9
G1 F600 Z7.5
G1 F2400 E3481.75981
G1 F9000 X162.632 Y174.177 E3481.76476
G1 X162.538 Y174.217 E3481.76831
G1 X129.5 Y174.22 E3482.91661
G1 X129.344 Y174.156 E3482.92247
G1 X129.283 Y174.038 E3482.92709
G1 X129.28 Y163.3 E3483.3003
G1 X129.389 Y163.109 E3483.30795
G1 X129.48 Y163.08 E3483.31127
G1 X162.5 Y163.08 E3484.45894
G1 X162.633 Y163.123 E3484.4638
G1 X162.72 Y163.3 E3484.47065
G1 X162.72 Y174.065 E3484.84481
G1 F2400 E3484.34481
G1 F600 Z7.9
G0 F15000 X174.717 Y168.039 Z7.9
G1 F600 Z7.5
G1 F2400 E3484.84481
G1 F9000 X174.677 Y168.132 E3484.84833
G1 X174.565 Y168.22 E3484.85328
G1 X163.8 Y168.22 E3485.22744
G1 X163.667 Y168.176 E3485.2323
G1 X163.583 Y168.038 E3485.23792
G1 X163.58 Y135 E3486.38622
G1 X163.667 Y134.824 E3486.39304
G1 X163.8 Y134.78 E3486.39791
G1 X174.564 Y134.78 E3486.77203
G1 X174.677 Y134.867 E3486.77699
G1 X174.72 Y135 E3486.78185
G1 X174.717 Y168.039 E3487.93018
G0 F15000 X175.03 Y168.396
;TYPE:WALL-INNER
G1 F10500 X174.755 Y168.61 E3487.94229
G1 X174.5 Y168.66 E3487.95132
G1 X163.8 Y168.66 E3488.32322
G1 X163.403 Y168.528 E3488.33776
G1 F10596.3 X163.154 Y168.113 E3488.35443
G1 X163.16 Y168.65 E3488.37292
G1 F10500 X163.16 Y174 E3488.55887
G1 X163.11 Y174.255 E3488.56791
G1 X162.896 Y174.529 E3488.57999
G1 F9166.7 X162.625 Y174.714 E3488.59305
G1 F8133.8 X161.651 Y174.714 E3488.63675
G1 X160.677 Y174.714 E3488.68046
G1 F8148.1 X159.703 Y174.715 E3488.72408
G1 X158.729 Y174.715 E3488.7677
G1 X157.755 Y174.715 E3488.81133
G1 X156.781 Y174.715 E3488.85495
G1 F8162.5 X155.807 Y174.715 E3488.8985
G1 X154.833 Y174.715 E3488.94205
G1 X153.859 Y174.716 E3488.9856
G1 X152.885 Y174.716 E3489.02914
G1 X151.911 Y174.716 E3489.07269
G1 F8177 X150.937 Y174.716 E3489.11616
G1 X149.963 Y174.716 E3489.15963
G1 X148.989 Y174.716 E3489.2031
G1 X148.015 Y174.717 E3489.24657
G1 F8191.5 X147.041 Y174.717 E3489.28997
G1 X146.067 Y174.717 E3489.33336
G1 X145.093 Y174.717 E3489.37675
G1 X144.119 Y174.717 E3489.42015
G1 F8206 X143.145 Y174.718 E3489.46346
G1 X142.171 Y174.718 E3489.50678
G1 X141.197 Y174.718 E3489.5501
G1 X140.223 Y174.718 E3489.59341
G1 F8220.6 X139.249 Y174.718 E3489.63665
G1 X138.275 Y174.718 E3489.67989
G1 X137.301 Y174.719 E3489.72313
G1 X136.327 Y174.719 E3489.76637
G1 X135.353 Y174.719 E3489.80961
G1 F8235.3 X134.379 Y174.719 E3489.85278
G1 X133.405 Y174.719 E3489.89594
G1 X132.431 Y174.719 E3489.9391
G1 X131.457 Y174.72 E3489.98226
G1 F8250 X130.483 Y174.72 E3490.02535
G1 X129.509 Y174.72 E3490.06844
G1 F9240 X129.033 Y174.467 E3490.08973
G1 F9166.7 X128.786 Y174.125 E3490.10652
G1 F8133.8 X128.785 Y173.141 E3490.15067
G1 F8148.1 X128.785 Y172.157 E3490.19474
G1 F8162.5 X128.784 Y171.173 E3490.23874
G1 F8177 X128.784 Y170.189 E3490.28266
G1 X128.783 Y169.205 E3490.32657
G1 F8191.5 X128.783 Y168.221 E3490.37041
G1 F8206 X128.782 Y167.237 E3490.41417
G1 X128.782 Y166.253 E3490.45793
G1 F8220.6 X128.781 Y165.269 E3490.50162
G1 F8235.3 X128.781 Y164.285 E3490.54522
G1 F8250 X128.78 Y163.301 E3490.58875
G1 F9240 X129.168 Y162.729 E3490.61605
G1 F10500 X129.442 Y162.642 E3490.62604
G1 X162.5 Y162.64 E3491.77503
G1 X162.897 Y162.771 E3491.78957
G1 F10744.2 X163.15 Y163.3 E3491.80948
G1 X163.14 Y162.65 E3491.83156
G1 F10500 X163.14 Y141.65 E3492.56146
G1 F10645.2 X163.146 Y141.113 E3492.57987
G1 X162.897 Y141.529 E3492.59649
G1 F10500 X162.5 Y141.66 E3492.61102
G1 X154.167 Y141.66 E3492.90065
G1 F9240 X153.5 Y141.72 E3492.9271
G1 F8250 X151.649 Y141.72 E3493.00898
G1 X149.798 Y141.72 E3493.09086
G1 F8235.3 X147.947 Y141.72 E3493.17289
G1 X146.096 Y141.72 E3493.25492
G1 X144.245 Y141.72 E3493.33694
G1 F8220.6 X142.394 Y141.72 E3493.41912
G1 X140.543 Y141.72 E3493.50129
G1 X138.692 Y141.72 E3493.58346
G1 F8206 X136.841 Y141.72 E3493.66578
G1 X134.99 Y141.72 E3493.7481
G1 X133.139 Y141.72 E3493.83042
G1 F8191.5 X131.288 Y141.72 E3493.91289
G1 X129.437 Y141.72 E3493.99535
G1 F9203.2 X129.268 Y141.618 E3494.00318
G1 F10500 X129.104 Y141.528 E3494.00968
G1 F9166.7 X128.786 Y141.125 E3494.03012
G1 F8133.8 X128.785 Y140.141 E3494.07427
G1 F8148.1 X128.785 Y139.157 E3494.11834
G1 F8162.5 X128.784 Y138.173 E3494.16234
G1 F8177 X128.784 Y137.189 E3494.20625
G1 X128.783 Y136.205 E3494.25017
G1 F8191.5 X128.783 Y135.221 E3494.29401
G1 F8206 X128.782 Y134.237 E3494.33777
G1 X128.782 Y133.253 E3494.38153
G1 F8220.6 X128.781 Y132.269 E3494.42522
G1 F8235.3 X128.781 Y131.285 E3494.46882
G1 F8250 X128.78 Y130.301 E3494.51235
G1 F9240 X129.118 Y129.761 E3494.53751
G1 F10500 X129.408 Y129.64 E3494.54843
G1 X162.5 Y129.64 E3495.69861
G1 X162.896 Y129.772 E3495.71311
G1 X163.11 Y130.046 E3495.7252
G1 X163.16 Y130.3 E3495.7342
G1 X163.16 Y134.35 E3495.87496
G1 F10744.2 X163.15 Y135 E3495.89704
G1 X163.403 Y134.472 E3495.91693
G1 F10500 X163.8 Y134.34 E3495.93147
G1 X174.5 Y134.34 E3496.30337
G1 X174.755 Y134.39 E3496.3124
G1 X175.029 Y134.603 E3496.32446
G1 F9240 X175.22 Y135 E3496.34186
G1 F8250 X175.22 Y137.547 E3496.45453
G1 X175.22 Y140.094 E3496.5672
G1 F8235.3 X175.22 Y142.641 E3496.68007
G1 X175.22 Y145.188 E3496.79294
G1 X175.22 Y147.735 E3496.90581
G1 X175.22 Y150.282 E3497.01868
G1 F8220.6 X175.22 Y152.829 E3497.13175
G1 X175.22 Y155.376 E3497.24483
G1 X175.22 Y157.923 E3497.3579
G1 X175.22 Y160.47 E3497.47097
G1 X175.22 Y163.017 E3497.58404
G1 F8206 X175.22 Y165.564 E3497.69731
G1 X175.22 Y168.111 E3497.81058
G1 F9203.2 X175.03 Y168.396 E3497.82417
G0 F15000 X175.777 Y168.174
G1 F8148.1 X175.777 Y167.068 E3497.8737
G1 X175.777 Y165.962 E3497.92324
G1 F8162.5 X175.777 Y164.856 E3497.97269
G1 X175.777 Y163.75 E3498.02214
G1 X175.778 Y162.644 E3498.07159
G1 X175.778 Y161.538 E3498.12104
G1 F8177 X175.778 Y160.432 E3498.1704
G1 X175.778 Y159.326 E3498.21976
G1 X175.778 Y158.22 E3498.26912
G1 X175.778 Y157.114 E3498.31848
G1 X175.778 Y156.008 E3498.36785
G1 F8191.5 X175.778 Y154.902 E3498.41712
G1 X175.778 Y153.796 E3498.4664
G1 X175.778 Y152.69 E3498.51567
G1 X175.779 Y151.584 E3498.56494
G1 F8206 X175.779 Y150.478 E3498.61413
G1 X175.779 Y149.372 E3498.66332
G1 X175.779 Y148.266 E3498.71251
G1 X175.779 Y147.16 E3498.76169
G1 F8220.6 X175.779 Y146.054 E3498.81079
G1 X175.779 Y144.948 E3498.85989
G1 X175.779 Y143.842 E3498.90899
G1 X175.779 Y142.736 E3498.95809
G1 X175.779 Y141.63 E3499.00719
G1 F8235.3 X175.78 Y140.524 E3499.0562
G1 X175.78 Y139.418 E3499.10522
G1 X175.78 Y138.312 E3499.15423
G1 X175.78 Y137.206 E3499.20324
G1 F8250 X175.78 Y136.1 E3499.25217
G1 X175.78 Y134.994 E3499.30109
G1 F9240 X175.84 Y134.333 E3499.32731
G1 F10500 X175.84 Y128.66 E3499.52448
G1 X128.16 Y128.66 E3501.18169
G1 X128.16 Y129.267 E3501.20278
G1 F9829.8 X128.19 Y129.784 E3501.22201
G1 F8717 X128.22 Y130.301 E3501.24369
G1 F8250 X128.22 Y131.289 E3501.2874
G1 F8235.3 X128.221 Y132.278 E3501.33122
G1 F8220.6 X128.221 Y133.267 E3501.37513
G1 F8206 X128.221 Y134.256 E3501.41911
G1 X128.222 Y135.245 E3501.4631
G1 F8191.5 X128.222 Y136.234 E3501.50716
G1 F8177 X128.223 Y137.223 E3501.5513
G1 X128.223 Y138.212 E3501.59544
G1 F8162.5 X128.223 Y139.201 E3501.63966
G1 F8148.1 X128.224 Y140.19 E3501.68395
G1 F8133.8 X128.224 Y141.179 E3501.72833
G1 F9166.7 X128.16 Y142 E3501.76111
G1 F9829.8 X128.19 Y142.5 E3501.77971
G1 F8717 X128.22 Y143 E3501.80068
G1 F8250 X128.22 Y146.78 E3501.96789
G1 X128.78 Y146.78 E3501.99267
G1 X128.78 Y143 E3502.15988
G1 F9240 X129.104 Y142.472 E3502.18434
G1 F10500 X129.268 Y142.382 E3502.19085
G1 F9203.2 X129.437 Y142.28 E3502.19867
G1 F8191.5 X131.288 Y142.28 E3502.28114
G1 X133.139 Y142.28 E3502.36361
G1 F8206 X134.99 Y142.28 E3502.44593
G1 X136.841 Y142.28 E3502.52824
G1 X138.692 Y142.28 E3502.61056
G1 F8220.6 X140.543 Y142.28 E3502.69274
G1 X142.394 Y142.28 E3502.77491
G1 X144.245 Y142.28 E3502.85708
G1 F8235.3 X146.096 Y142.28 E3502.93911
G1 X147.947 Y142.28 E3503.02114
G1 X149.798 Y142.28 E3503.10316
G1 F8250 X151.649 Y142.28 E3503.18505
G1 X153.5 Y142.28 E3503.26693
G1 F9240 X153.897 Y142.471 E3503.28433
G1 F10500 X154.11 Y142.746 E3503.29642
G1 X154.16 Y143 E3503.30541
G1 X154.16 Y161 E3503.93104
G1 X154.11 Y161.255 E3503.94007
G1 X153.896 Y161.529 E3503.95215
G1 X153.593 Y161.66 E3503.96363
G1 X129.442 Y161.658 E3504.80304
G1 X129.168 Y161.571 E3504.81303
G1 F9166.7 X128.786 Y161.125 E3504.83641
G1 F8148.1 X128.785 Y160.149 E3504.88012
G1 F8177 X128.783 Y159.173 E3504.92368
G1 F8206 X128.782 Y158.197 E3504.96709
G1 F8235.3 X128.78 Y157.221 E3505.01034
G1 F8250 X128.22 Y157.22 E3505.03511
G1 F8235.3 X128.221 Y158.209 E3505.07894
G1 F8206 X128.222 Y159.198 E3505.12292
G1 F8177 X128.223 Y160.187 E3505.16706
G1 F8148.1 X128.224 Y161.176 E3505.21136
G1 F9166.7 X128.161 Y162.15 E3505.25022
G1 F9829.8 X128.19 Y162.725 E3505.27159
G1 F8717 X128.22 Y163.3 E3505.2957
G1 F8250 X128.22 Y164.289 E3505.33945
G1 F8235.3 X128.221 Y165.278 E3505.38328
G1 F8220.6 X128.221 Y166.267 E3505.42718
G1 F8206 X128.221 Y167.256 E3505.47117
G1 X128.222 Y168.245 E3505.51515
G1 F8191.5 X128.222 Y169.234 E3505.55921
G1 F8177 X128.223 Y170.223 E3505.60335
G1 X128.223 Y171.212 E3505.64749
G1 F8162.5 X128.223 Y172.201 E3505.69171
G1 F8148.1 X128.224 Y173.19 E3505.73601
G1 F8133.8 X128.224 Y174.179 E3505.78038
G1 F9166.7 X128.161 Y174.828 E3505.80634
G1 F10500 X128.161 Y175.339 E3505.8241
G1 X128.672 Y175.339 E3505.84186
G1 F9240 X129.5 Y175.28 E3505.87465
G1 F8250 X130.476 Y175.28 E3505.91782
G1 X131.452 Y175.28 E3505.961
G1 F8235.3 X132.428 Y175.28 E3506.00425
G1 X133.404 Y175.28 E3506.0475
G1 X134.38 Y175.279 E3506.09075
G1 X135.356 Y175.279 E3506.134
G1 F8220.6 X136.332 Y175.279 E3506.17733
G1 X137.308 Y175.279 E3506.22066
G1 X138.284 Y175.279 E3506.26399
G1 X139.26 Y175.279 E3506.30732
G1 X140.236 Y175.279 E3506.35064
G1 F8206 X141.212 Y175.279 E3506.39405
G1 X142.188 Y175.278 E3506.43746
G1 X143.164 Y175.278 E3506.48086
G1 X144.14 Y175.278 E3506.52427
G1 F8191.5 X145.116 Y175.278 E3506.56775
G1 X146.092 Y175.278 E3506.61123
G1 X147.068 Y175.278 E3506.65472
G1 X148.044 Y175.278 E3506.6982
G1 F8177 X149.02 Y175.278 E3506.74176
G1 X149.996 Y175.278 E3506.78532
G1 X150.972 Y175.277 E3506.82888
G1 X151.948 Y175.277 E3506.87244
G1 F8162.5 X152.924 Y175.277 E3506.91607
G1 X153.9 Y175.277 E3506.95971
G1 X154.876 Y175.277 E3507.00335
G1 X155.852 Y175.277 E3507.04698
G1 X156.828 Y175.277 E3507.09062
G1 F8148.1 X157.804 Y175.277 E3507.13434
G1 X158.78 Y175.276 E3507.17805
G1 X159.756 Y175.276 E3507.22176
G1 X160.732 Y175.276 E3507.26548
G1 F8133.8 X161.708 Y175.276 E3507.30927
G1 X162.684 Y175.276 E3507.35306
G1 F9166.7 X163.166 Y175.341 E3507.37242
G1 F10500 X175.84 Y175.34 E3507.81293
G1 X175.84 Y168.666 E3508.0449
G1 F9166.7 X175.777 Y168.174 E3508.06465
G0 F15000 X175.4 Y168.646
G1 F10500 X174.924 Y169.016 E3508.0856
G1 X174.5 Y169.1 E3508.10062
G1 X163.8 Y169.1 E3508.47252
G1 X163.6 Y169.034 E3508.47984
G1 X163.6 Y174 E3508.65244
G1 X163.516 Y174.424 E3508.66747
G1 X163.143 Y174.901 E3508.68851
G1 X175.4 Y174.9 E3509.11453
G1 X175.4 Y168.646 E3509.3319
G1 F2400 E3508.8319
G1 F600 Z7.9
G0 F15000 X163.154 Y168.113 Z7.9
G1 F600 Z7.5
G1 F2400 E3509.3319
G1 F10719.3 X163.153 Y167.511 E3509.35239
G1 F10744.2 X163.153 Y166.909 E3509.37284
G1 F10794.4 X163.152 Y166.307 E3509.39319
G1 F10819.7 X163.152 Y165.705 E3509.4135
G1 F10870.6 X163.151 Y165.103 E3509.43371
G1 F10896.2 X163.151 Y164.501 E3509.45387
G1 F10947.9 X163.15 Y163.899 E3509.47394
G1 F10973.9 X163.15 Y163.297 E3509.49396
G1 F2400 E3508.99396
G1 F600 Z7.9
G0 F15000 X162.7 Y162.266 Z7.9
G1 F600 Z7.5
G1 F2400 E3509.49396
G1 F10500 X162.7 Y142.034 E3510.19716
G1 X162.5 Y142.1 E3510.20448
G1 X154.146 Y142.1 E3510.49484
G1 X154.516 Y142.576 E3510.51579
G1 X154.6 Y143 E3510.53082
G1 X154.6 Y161 E3511.15644
G1 X154.516 Y161.424 E3511.17146
G1 X154.16 Y161.881 E3511.1916
G1 F9258.5 X153.7 Y162.142 E3511.21245
G1 X154.266 Y162.2 E3511.23487
G1 F10500 X162.5 Y162.2 E3511.52106
G1 X162.7 Y162.266 E3511.52838
G1 F2400 E3511.02838
G1 F600 Z7.9
G0 F15000 X153.7 Y162.142 Z7.9
G1 F600 Z7.5
G1 F2400 E3511.52838
G1 F8415.3 X153.5 Y162.15 E3511.53706
G1 F8555.6 X152.536 Y162.15 E3511.57818
G1 X151.572 Y162.15 E3511.6193
G1 F8539.7 X150.608 Y162.15 E3511.6605
G1 X149.644 Y162.15 E3511.7017
G1 X148.68 Y162.15 E3511.74289
G1 F8524 X147.716 Y162.15 E3511.78417
G1 X146.752 Y162.15 E3511.82544
G1 X145.788 Y162.15 E3511.86671
G1 F8508.3 X144.824 Y162.15 E3511.90806
G1 X143.86 Y162.15 E3511.94941
G1 X142.896 Y162.15 E3511.99076
G1 F8492.6 X141.932 Y162.15 E3512.03218
G1 X140.968 Y162.15 E3512.07361
G1 X140.004 Y162.15 E3512.11503
G1 F8477.1 X139.04 Y162.15 E3512.15653
G1 X138.076 Y162.15 E3512.19804
G1 X137.112 Y162.15 E3512.23954
G1 F8461.5 X136.148 Y162.15 E3512.28111
G1 X135.184 Y162.15 E3512.32269
G1 X134.22 Y162.15 E3512.36427
G1 F8446.1 X133.256 Y162.15 E3512.40592
G1 X132.292 Y162.15 E3512.44758
G1 X131.328 Y162.15 E3512.48923
G1 F8430.7 X130.364 Y162.15 E3512.53096
G1 X129.4 Y162.15 E3512.57269
G1 F8850.6 X129.185 Y162.082 E3512.58199
G1 F9788.1 X128.944 Y161.956 E3512.59213
G1 F10266.7 X128.605 Y161.469 E3512.61322
G1 X128.606 Y162.934 E3512.6653
G1 X128.944 Y162.344 E3512.68947
G1 F9788.1 X129.185 Y162.218 E3512.69961
G1 F8850.6 X129.4 Y162.15 E3512.7089
G1 F2400 E3512.2089
G1 F600 Z7.9
G0 F15000 X128.744 Y174.828 Z7.9
G1 F600 Z7.5
G1 F2400 E3512.7089
G1 F7938.1 X128.708 Y174.766 E3512.7122
G1 X128.636 Y174.766 E3512.71551
G1 X128.6 Y174.828 E3512.71881
G1 X128.636 Y174.89 E3512.7221
G1 X128.708 Y174.89 E3512.72541
G1 X128.744 Y174.828 E3512.72871
G1 F2400 E3512.22871
G1 F600 Z7.9
G0 F15000 X128.565 Y142.74 Z7.9
G1 F600 Z7.5
G1 F2400 E3512.72871
G1 F12486.5 X128.861 Y142.148 E3512.74805
G1 X129.125 Y142 E3512.7569
G1 X128.861 Y141.852 E3512.76574
G1 X128.565 Y141.369 E3512.7823
G1 X128.565 Y142.74 E3512.82237
G1 F2400 E3512.32237
G1 F600 Z7.9
G0 F15000 X128.573 Y130.017 Z7.9
G1 F600 Z7.5
G1 F2400 E3512.82237
G1 F11938 X128.879 Y129.425 E3512.84274
G1 F9788.1 X129.3 Y129.158 E3512.86133
G1 X128.767 Y129.073 E3512.88146
G1 F11938 X128.573 Y129.073 E3512.88739
G1 X128.573 Y130.017 E3512.91624
G1 F2400 E3512.41624
G1 F600 Z7.9
G0 F15000 X129.3 Y129.158 Z7.9
G1 F600 Z7.5
G1 F2400 E3512.91624
G1 F8415.3 X129.5 Y129.15 E3512.92492
G1 F8555.6 X162.5 Y129.15 E3514.33258
G1 F9428.6 X163.16 Y129.42 E3514.36018
G1 F10500 X163.516 Y129.877 E3514.38031
G1 X163.6 Y130.3 E3514.3953
G1 X163.6 Y133.966 E3514.52272
G1 X163.8 Y133.9 E3514.53004
G1 X174.5 Y133.9 E3514.90194
G1 X174.924 Y133.983 E3514.91696
G1 X175.4 Y134.354 E3514.93793
G1 X175.4 Y129.1 E3515.12054
G1 X163.267 Y129.099 E3515.54225
G1 F9428.6 X162.5 Y129.15 E3515.572
G1 F2400 E3515.072
G1 F600 Z7.9
G0 F15000 X163.15 Y135 Z7.9
G1 F600 Z7.5
G1 F2400 E3515.572
G1 F10973.9 X163.149 Y135.873 E3515.60103
G1 F10947.9 X163.149 Y136.746 E3515.63014
G1 F10922 X163.148 Y137.619 E3515.65931
G1 F10896.2 X163.148 Y138.492 E3515.68855
G1 F10870.6 X163.147 Y139.365 E3515.71785
G1 F10845.1 X163.147 Y140.238 E3515.74723
G1 F10819.7 X163.146 Y141.111 E3515.77668
G1 F2400 E3515.27668
G1 F600 Z7.9
G0 F15000 X154.992 Y161.04 Z7.9
;TYPE:SKIN
G1 F600 Z7.5
G1 F2400 E3515.77668
G1 F9000 X154.892 Y161.532 E3515.79413
G1 X154.71 Y161.804 E3515.8055
G1 X162.304 Y161.804 E3516.06945
G1 X162.304 Y142.496 E3516.74053
G1 X154.898 Y142.496 E3516.99794
G1 X154.992 Y142.955 E3517.01422
G1 X154.992 Y161.04 E3517.6428
G0 F15000 X155.148 Y161.37
G1 F9000 X155.361 Y161.584 E3517.6533
G0 F15000 X155.984 Y161.584
G1 F9000 X155.216 Y160.817 E3517.69102
G0 F15000 X155.216 Y160.194
G1 F9000 X156.606 Y161.584 E3517.75935
G0 F15000 X157.228 Y161.584
G1 F9000 X155.216 Y159.572 E3517.85824
G0 F15000 X155.216 Y158.95
G1 F9000 X157.85 Y161.584 E3517.98771
G0 F15000 X158.473 Y161.584
G1 F9000 X155.216 Y158.328 E3518.14778
G0 F15000 X155.216 Y157.705
G1 F9000 X159.095 Y161.584 E3518.33845
G0 F15000 X159.717 Y161.584
G1 F9000 X155.216 Y157.083 E3518.55969
G0 F15000 X155.216 Y156.461
G1 F9000 X160.339 Y161.584 E3518.8115
G0 F15000 X160.962 Y161.584
G1 F9000 X155.216 Y155.839 E3519.09391
G0 F15000 X155.216 Y155.216
G1 F9000 X161.584 Y161.584 E3519.40692
G0 F15000 X162.084 Y161.462
G1 F9000 X155.216 Y154.594 E3519.74451
G0 F15000 X155.216 Y153.972
G1 F9000 X162.084 Y160.84 E3520.0821
G0 F15000 X162.084 Y160.218
G1 F9000 X155.216 Y153.35 E3520.41969
G0 F15000 X155.216 Y152.727
G1 F9000 X162.084 Y159.595 E3520.75727
G0 F15000 X162.084 Y158.973
G1 F9000 X155.216 Y152.105 E3521.09486
G0 F15000 X155.216 Y151.483
G1 F9000 X162.084 Y158.351 E3521.43245
G0 F15000 X162.084 Y157.729
G1 F9000 X155.216 Y150.861 E3521.77003
G0 F15000 X155.216 Y150.238
G1 F9000 X162.084 Y157.106 E3522.10762
G0 F15000 X162.084 Y156.484
G1 F9000 X155.216 Y149.616 E3522.44521
G0 F15000 X155.216 Y148.994
G1 F9000 X162.084 Y155.862 E3522.78279
G0 F15000 X162.084 Y155.24
G1 F9000 X155.216 Y148.372 E3523.12038
G0 F15000 X155.216 Y147.749
G1 F9000 X162.084 Y154.617 E3523.45797
G0 F15000 X162.084 Y153.995
G1 F9000 X155.216 Y147.127 E3523.79555
G0 F15000 X155.216 Y146.505
G1 F9000 X162.084 Y153.373 E3524.13314
G0 F15000 X162.084 Y152.751
G1 F9000 X155.216 Y145.882 E3524.47075
G0 F15000 X155.216 Y145.26
G1 F9000 X162.084 Y152.128 E3524.80834
G0 F15000 X162.084 Y151.506
G1 F9000 X155.216 Y144.638 E3525.14593
G0 F15000 X155.216 Y144.016
G1 F9000 X162.084 Y150.884 E3525.48351
G0 F15000 X162.084 Y150.262
G1 F9000 X155.216 Y143.393 E3525.82112
G0 F15000 X155.17 Y142.725
G1 F9000 X162.084 Y149.639 E3526.16097
G0 F15000 X162.084 Y149.017
G1 F9000 X155.783 Y142.716 E3526.47069
G0 F15000 X156.406 Y142.716
G1 F9000 X162.084 Y148.395 E3526.74981
G0 F15000 X162.084 Y147.773
G1 F9000 X157.028 Y142.716 E3526.99835
G0 F15000 X157.65 Y142.716
G1 F9000 X162.084 Y147.15 E3527.2163
G0 F15000 X162.084 Y146.528
G1 F9000 X158.272 Y142.716 E3527.40367
G0 F15000 X158.895 Y142.716
G1 F9000 X162.084 Y145.906 E3527.56045
G0 F15000 X162.084 Y145.284
G1 F9000 X159.517 Y142.716 E3527.68665
G0 F15000 X160.139 Y142.716
G1 F9000 X162.084 Y144.661 E3527.78225
G0 F15000 X162.084 Y144.039
G1 F9000 X160.761 Y142.716 E3527.84729
G0 F15000 X161.384 Y142.716
G1 F9000 X162.084 Y143.417 E3527.88172
G0 F15000 X162.084 Y142.795
G1 F9000 X162.006 Y142.716 E3527.88558
G1 F2400 E3527.38558
G1 F600 Z7.9
G0 F15000 X163.992 Y130.255 Z7.9
G1 F600 Z7.5
G1 F2400 E3527.88558
G1 F9000 X163.996 Y133.504 E3527.9985
G1 X174.539 Y133.507 E3528.36494
G1 X175.004 Y133.599 E3528.38142
G1 X175.004 Y129.496 E3528.52402
G1 X163.709 Y129.493 E3528.9166
G1 X163.892 Y129.767 E3528.92806
G1 X163.992 Y130.255 E3528.94537
G1 F2400 E3528.44537
G1 F600 Z7.9
G0 F15000 X164.216 Y133.103 Z7.9
G1 F600 Z7.5
G1 F2400 E3528.94537
G1 F9000 X164.397 Y133.284 E3528.95427
G0 F15000 X165.019 Y133.284
G1 F9000 X164.216 Y132.481 E3528.99374
G0 F15000 X164.216 Y131.858
G1 F9000 X165.641 Y133.284 E3529.0638
G0 F15000 X166.263 Y133.284
G1 F9000 X164.216 Y131.236 E3529.16445
G0 F15000 X164.216 Y130.614
G1 F9000 X166.886 Y133.284 E3529.29569
G0 F15000 X167.508 Y133.284
G1 F9000 X164.146 Y129.922 E3529.46094
G0 F15000 X164.56 Y129.714
G1 F9000 X168.13 Y133.284 E3529.63642
G0 F15000 X168.752 Y133.284
G1 F9000 X165.182 Y129.714 E3529.8119
G0 F15000 X165.805 Y129.714
G1 F9000 X169.375 Y133.284 E3529.98738
G0 F15000 X169.997 Y133.284
G1 F9000 X166.427 Y129.714 E3530.16285
G0 F15000 X167.05 Y129.714
G1 F9000 X170.619 Y133.284 E3530.33831
G0 F15000 X171.241 Y133.284
G1 F9000 X167.672 Y129.714 E3530.51376
G0 F15000 X168.294 Y129.714
G1 F9000 X171.864 Y133.284 E3530.68924
G0 F15000 X172.486 Y133.284
G1 F9000 X168.916 Y129.714 E3530.86472
G0 F15000 X169.539 Y129.715
G1 F9000 X173.108 Y133.284 E3531.04015
G0 F15000 X173.73 Y133.284
G1 F9000 X170.162 Y129.715 E3531.21555
G0 F15000 X170.784 Y129.715
G1 F9000 X174.353 Y133.284 E3531.39098
G0 F15000 X174.784 Y133.093
G1 F9000 X171.406 Y129.715 E3531.55702
G0 F15000 X172.028 Y129.715
G1 F9000 X174.784 Y132.471 E3531.69249
G0 F15000 X174.784 Y131.849
G1 F9000 X172.651 Y129.716 E3531.79733
G0 F15000 X173.274 Y129.716
G1 F9000 X174.784 Y131.226 E3531.87156
G0 F15000 X174.784 Y130.604
G1 F9000 X173.896 Y129.716 E3531.91521
G0 F15000 X174.518 Y129.716
G1 F9000 X174.784 Y129.982 E3531.92828
G1 F2400 E3531.42828
G1 F600 Z7.9
G0 F15000 X163.992 Y174.04 Z7.9
G1 F600 Z7.5
G1 F2400 E3531.92828
G1 F9000 X163.899 Y174.503 E3531.94469
G1 X175.004 Y174.504 E3532.33067
G1 X175.004 Y169.398 E3532.50814
G1 X174.54 Y169.492 E3532.52459
G1 X163.996 Y169.496 E3532.89107
G1 X163.992 Y174.04 E3533.049
G0 F15000 X164.19 Y174.146
G1 F9000 X164.327 Y174.283 E3533.05574
G0 F15000 X164.949 Y174.283
G1 F9000 X164.216 Y173.549 E3533.09179
G0 F15000 X164.216 Y172.927
G1 F9000 X165.571 Y174.283 E3533.15842
G0 F15000 X166.193 Y174.283
G1 F9000 X164.216 Y172.305 E3533.25562
G0 F15000 X164.216 Y171.683
G1 F9000 X166.816 Y174.283 E3533.38342
G0 F15000 X167.438 Y174.283
G1 F9000 X164.216 Y171.06 E3533.54182
G0 F15000 X164.216 Y170.438
G1 F9000 X168.06 Y174.283 E3533.73079
G0 F15000 X168.682 Y174.283
G1 F9000 X164.216 Y169.816 E3533.95033
G0 F15000 X164.738 Y169.716
G1 F9000 X169.305 Y174.283 E3534.17482
G0 F15000 X169.927 Y174.283
G1 F9000 X165.36 Y169.716 E3534.3993
G0 F15000 X165.983 Y169.716
G1 F9000 X170.549 Y174.283 E3534.62376
G0 F15000 X171.171 Y174.283
G1 F9000 X166.605 Y169.716 E3534.84822
G0 F15000 X167.227 Y169.716
G1 F9000 X171.794 Y174.283 E3535.07271
G0 F15000 X172.416 Y174.283
G1 F9000 X167.849 Y169.716 E3535.29719
G0 F15000 X168.472 Y169.716
G1 F9000 X173.038 Y174.283 E3535.52165
G0 F15000 X173.66 Y174.283
G1 F9000 X169.094 Y169.716 E3535.74611
G0 F15000 X169.716 Y169.716
G1 F9000 X174.283 Y174.283 E3535.97059
G0 F15000 X174.784 Y174.162
G1 F9000 X170.338 Y169.716 E3536.18913
G0 F15000 X170.961 Y169.716
G1 F9000 X174.784 Y173.54 E3536.37707
G0 F15000 X174.784 Y172.917
G1 F9000 X171.583 Y169.716 E3536.53441
G0 F15000 X172.205 Y169.716
G1 F9000 X174.784 Y172.295 E3536.66118
G0 F15000 X174.784 Y171.673
G1 F9000 X172.828 Y169.716 E3536.75735
G0 F15000 X173.45 Y169.716
G1 F9000 X174.784 Y171.051 E3536.82294
G0 F15000 X174.784 Y170.428
G1 F9000 X174.072 Y169.716 E3536.85794
G0 F15000 X174.666 Y169.688
G1 F9000 X174.784 Y169.806 E3536.86374
G1 F2400 E3536.36374
G1 F600 Z7.9
;MESH:NONMESH
G0 F15000 X162.718 Y141.039 Z7.9
;TIME_ELAPSED:1360.006461
;LAYER:37
;MESH:case_VL53L8+RP2040-down.stl
G0 X162.718 Y141.039 Z8.1
;TYPE:WALL-OUTER
G1 F600 Z7.7
G1 F2400 E3536.86374
G1 F9000 X162.633 Y141.177 E3536.86937
G1 X162.5 Y141.22 E3536.87423
G1 X129.48 Y141.22 E3538.0219
G1 X129.368 Y141.176 E3538.02608
G1 X129.283 Y141.038 E3538.03172
G1 X129.28 Y130.3 E3538.40494
G1 X129.372 Y130.12 E3538.41196
G1 X129.462 Y130.083 E3538.41535
G1 X162.5 Y130.08 E3539.56364
G1 X162.632 Y130.124 E3539.56848
G1 X162.72 Y130.235 E3539.5734
G1 X162.718 Y141.039 E3539.94891
G1 F2400 E3539.44891
G1 F600 Z8.1
G0 F15000 X153.72 Y161.065 Z8.1
G1 F600 Z7.7
G1 F2400 E3539.94891
G1 F9000 X153.632 Y161.177 E3539.95386
G1 X153.538 Y161.217 E3539.95742
G1 X129.48 Y161.22 E3540.7936
G1 X129.389 Y161.191 E3540.79691
G1 X129.283 Y161.038 E3540.80338
G1 X129.28 Y156.72 E3540.95346
G1 X127.72 Y156.72 E3541.00769
G1 X127.721 Y175.779 E3541.67012
G1 X176.28 Y175.78 E3543.35787
G1 X176.28 Y128.22 E3545.01091
G1 X127.72 Y128.22 E3546.6987
G1 X127.72 Y147.28 E3547.36117
G1 X129.28 Y147.28 E3547.41539
G1 X129.28 Y143 E3547.56415
G1 X129.368 Y142.824 E3547.57099
G1 X129.48 Y142.78 E3547.57517
G1 X153.5 Y142.78 E3548.41003
G1 X153.633 Y142.823 E3548.41489
G1 X153.72 Y142.936 E3548.41984
G1 X153.72 Y161.065 E3549.04995
G1 F2400 E3548.54995
G1 F600 Z8.1
G0 F15000 X162.72 Y174.065 Z8.1
G1 F600 Z7.7
G1 F2400 E3549.04995
G1 F9000 X162.632 Y174.177 E3549.0549
G1 X162.538 Y174.217 E3549.05845
G1 X129.5 Y174.22 E3550.20675
G1 X129.344 Y174.156 E3550.21261
G1 X129.283 Y174.038 E3550.21722
G1 X129.28 Y163.3 E3550.59044
G1 X129.389 Y163.109 E3550.59809
G1 X129.48 Y163.08 E3550.60141
G1 X162.5 Y163.08 E3551.74908
G1 X162.633 Y163.123 E3551.75394
G1 X162.72 Y163.3 E3551.76079
G1 X162.72 Y174.065 E3552.13495
G1 F2400 E3551.63495
G1 F600 Z8.1
G0 F15000 X174.717 Y168.039 Z8.1
G1 F600 Z7.7
G1 F2400 E3552.13495
G1 F9000 X174.677 Y168.132 E3552.13847
G1 X174.565 Y168.22 E3552.14342
G1 X163.8 Y168.22 E3552.51757
G1 X163.667 Y168.176 E3552.52244
G1 X163.583 Y168.038 E3552.52806
G1 X163.58 Y135 E3553.67636
G1 X163.667 Y134.824 E3553.68318
G1 X163.8 Y134.78 E3553.68805
G1 X174.564 Y134.78 E3554.06217
G1 X174.677 Y134.867 E3554.06713
G1 X174.72 Y135 E3554.07199
G1 X174.717 Y168.039 E3555.22032
G0 F15000 X175.03 Y168.396
;TYPE:WALL-INNER
G1 F10500 X174.755 Y168.61 E3555.23243
G1 X174.5 Y168.66 E3555.24146
G1 X163.8 Y168.66 E3555.61336
G1 X163.403 Y168.528 E3555.6279
G1 F10596.3 X163.154 Y168.113 E3555.64457
G1 X163.16 Y168.65 E3555.66306
G1 F10500 X163.16 Y174 E3555.84901
G1 X163.11 Y174.255 E3555.85804
G1 X162.896 Y174.529 E3555.87013
G1 F9166.7 X162.625 Y174.714 E3555.88319
G1 F8133.8 X161.651 Y174.714 E3555.92689
G1 X160.677 Y174.714 E3555.97059
G1 F8148.1 X159.703 Y174.715 E3556.01422
G1 X158.729 Y174.715 E3556.05784
G1 X157.755 Y174.715 E3556.10147
G1 X156.781 Y174.715 E3556.14509
G1 F8162.5 X155.807 Y174.715 E3556.18864
G1 X154.833 Y174.715 E3556.23219
G1 X153.859 Y174.716 E3556.27573
G1 X152.885 Y174.716 E3556.31928
G1 X151.911 Y174.716 E3556.36283
G1 F8177 X150.937 Y174.716 E3556.4063
G1 X149.963 Y174.716 E3556.44977
G1 X148.989 Y174.716 E3556.49324
G1 X148.015 Y174.717 E3556.53671
G1 F8191.5 X147.041 Y174.717 E3556.58011
G1 X146.067 Y174.717 E3556.6235
G1 X145.093 Y174.717 E3556.66689
G1 X144.119 Y174.717 E3556.71029
G1 F8206 X143.145 Y174.718 E3556.7536
G1 X142.171 Y174.718 E3556.79692
G1 X141.197 Y174.718 E3556.84024
G1 X140.223 Y174.718 E3556.88355
G1 F8220.6 X139.249 Y174.718 E3556.92679
G1 X138.275 Y174.718 E3556.97003
G1 X137.301 Y174.719 E3557.01327
G1 X136.327 Y174.719 E3557.05651
G1 X135.353 Y174.719 E3557.09975
G1 F8235.3 X134.379 Y174.719 E3557.14291
G1 X133.405 Y174.719 E3557.18608
G1 X132.431 Y174.719 E3557.22924
G1 X131.457 Y174.72 E3557.2724
G1 F8250 X130.483 Y174.72 E3557.31549
G1 X129.509 Y174.72 E3557.35857
G1 F9240 X129.033 Y174.467 E3557.37986
G1 F9166.7 X128.786 Y174.125 E3557.39666
G1 F8133.8 X128.785 Y173.141 E3557.44081
G1 F8148.1 X128.785 Y172.157 E3557.48488
G1 F8162.5 X128.784 Y171.173 E3557.52888
G1 F8177 X128.784 Y170.189 E3557.57279
G1 X128.783 Y169.205 E3557.61671
G1 F8191.5 X128.783 Y168.221 E3557.66055
G1 F8206 X128.782 Y167.237 E3557.70431
G1 X128.782 Y166.253 E3557.74807
G1 F8220.6 X128.781 Y165.269 E3557.79176
G1 F8235.3 X128.781 Y164.285 E3557.83536
G1 F8250 X128.78 Y163.301 E3557.87889
G1 F9240 X129.168 Y162.729 E3557.90619
G1 F10500 X129.442 Y162.642 E3557.91618
G1 X162.5 Y162.64 E3559.06517
G1 X162.897 Y162.771 E3559.0797
G1 F10744.2 X163.15 Y163.3 E3559.09962
G1 X163.14 Y162.65 E3559.1217
G1 F10500 X163.14 Y141.65 E3559.8516
G1 F10645.2 X163.146 Y141.113 E3559.87001
G1 X162.897 Y141.529 E3559.88663
G1 F10500 X162.5 Y141.66 E3559.90116
G1 X154.167 Y141.66 E3560.19079
G1 F9240 X153.5 Y141.72 E3560.21724
G1 F8250 X151.649 Y141.72 E3560.29912
G1 X149.798 Y141.72 E3560.381
G1 F8235.3 X147.947 Y141.72 E3560.46303
G1 X146.096 Y141.72 E3560.54505
G1 X144.245 Y141.72 E3560.62708
G1 F8220.6 X142.394 Y141.72 E3560.70925
G1 X140.543 Y141.72 E3560.79143
G1 X138.692 Y141.72 E3560.8736
G1 F8206 X136.841 Y141.72 E3560.95592
G1 X134.99 Y141.72 E3561.03824
G1 X133.139 Y141.72 E3561.12056
G1 F8191.5 X131.288 Y141.72 E3561.20302
G1 X129.437 Y141.72 E3561.28549
G1 F9203.2 X129.268 Y141.618 E3561.29332
G1 F10500 X129.104 Y141.528 E3561.29982
G1 F9166.7 X128.786 Y141.125 E3561.32026
G1 F8133.8 X128.785 Y140.141 E3561.36441
G1 F8148.1 X128.785 Y139.157 E3561.40848
G1 F8162.5 X128.784 Y138.173 E3561.45247
G1 F8177 X128.784 Y137.189 E3561.49639
G1 X128.783 Y136.205 E3561.54031
G1 F8191.5 X128.783 Y135.221 E3561.58415
G1 F8206 X128.782 Y134.237 E3561.62791
G1 X128.782 Y133.253 E3561.67167
G1 F8220.6 X128.781 Y132.269 E3561.71535
G1 F8235.3 X128.781 Y131.285 E3561.75896
G1 F8250 X128.78 Y130.301 E3561.80249
G1 F9240 X129.118 Y129.761 E3561.82765
G1 F10500 X129.408 Y129.64 E3561.83857
G1 X162.5 Y129.64 E3562.98874
G1 X162.896 Y129.772 E3563.00325
G1 X163.11 Y130.046 E3563.01534
G1 X163.16 Y130.3 E3563.02433
G1 X163.16 Y134.35 E3563.1651
G1 F10744.2 X163.15 Y135 E3563.18718
G1 X163.403 Y134.472 E3563.20707
G1 F10500 X163.8 Y134.34 E3563.22161
G1 X174.5 Y134.34 E3563.59351
G1 X174.755 Y134.39 E3563.60254
G1 X175.029 Y134.603 E3563.6146
G1 F9240 X175.22 Y135 E3563.632
G1 F8250 X175.22 Y137.547 E3563.74467
G1 X175.22 Y140.094 E3563.85734
G1 F8235.3 X175.22 Y142.641 E3563.97021
G1 X175.22 Y145.188 E3564.08308
G1 X175.22 Y147.735 E3564.19595
G1 X175.22 Y150.282 E3564.30882
G1 F8220.6 X175.22 Y152.829 E3564.42189
G1 X175.22 Y155.376 E3564.53496
G1 X175.22 Y157.923 E3564.64804
G1 X175.22 Y160.47 E3564.76111
G1 X175.22 Y163.017 E3564.87418
G1 F8206 X175.22 Y165.564 E3564.98745
G1 X175.22 Y168.111 E3565.10072
G1 F9203.2 X175.03 Y168.396 E3565.11431
G0 F15000 X175.777 Y168.174
G1 F8148.1 X175.777 Y167.068 E3565.16384
G1 X175.777 Y165.962 E3565.21338
G1 F8162.5 X175.777 Y164.856 E3565.26283
G1 X175.777 Y163.75 E3565.31228
G1 X175.778 Y162.644 E3565.36173
G1 X175.778 Y161.538 E3565.41118
G1 F8177 X175.778 Y160.432 E3565.46054
G1 X175.778 Y159.326 E3565.5099
G1 X175.778 Y158.22 E3565.55926
G1 X175.778 Y157.114 E3565.60862
G1 X175.778 Y156.008 E3565.65799
G1 F8191.5 X175.778 Y154.902 E3565.70726
G1 X175.778 Y153.796 E3565.75653
G1 X175.778 Y152.69 E3565.80581
G1 X175.779 Y151.584 E3565.85508
G1 F8206 X175.779 Y150.478 E3565.90427
G1 X175.779 Y149.372 E3565.95346
G1 X175.779 Y148.266 E3566.00264
G1 X175.779 Y147.16 E3566.05183
G1 F8220.6 X175.779 Y146.054 E3566.10093
G1 X175.779 Y144.948 E3566.15003
G1 X175.779 Y143.842 E3566.19913
G1 X175.779 Y142.736 E3566.24823
G1 X175.779 Y141.63 E3566.29733
G1 F8235.3 X175.78 Y140.524 E3566.34634
G1 X175.78 Y139.418 E3566.39535
G1 X175.78 Y138.312 E3566.44437
G1 X175.78 Y137.206 E3566.49338
G1 F8250 X175.78 Y136.1 E3566.5423
G1 X175.78 Y134.994 E3566.59123
G1 F9240 X175.84 Y134.333 E3566.61744
G1 F10500 X175.84 Y128.66 E3566.81462
G1 X128.16 Y128.66 E3568.47183
G1 X128.16 Y129.267 E3568.49292
G1 F9829.8 X128.19 Y129.784 E3568.51215
G1 F8717 X128.22 Y130.301 E3568.53383
G1 F8250 X128.22 Y131.289 E3568.57754
G1 F8235.3 X128.221 Y132.278 E3568.62136
G1 F8220.6 X128.221 Y133.267 E3568.66527
G1 F8206 X128.221 Y134.256 E3568.70925
G1 X128.222 Y135.245 E3568.75324
G1 F8191.5 X128.222 Y136.234 E3568.7973
G1 F8177 X128.223 Y137.223 E3568.84144
G1 X128.223 Y138.212 E3568.88558
G1 F8162.5 X128.223 Y139.201 E3568.9298
G1 F8148.1 X128.224 Y140.19 E3568.97409
G1 F8133.8 X128.224 Y141.179 E3569.01847
G1 F9166.7 X128.16 Y142 E3569.05125
G1 F9829.8 X128.19 Y142.5 E3569.06985
G1 F8717 X128.22 Y143 E3569.09082
G1 F8250 X128.22 Y146.78 E3569.25803
G1 X128.78 Y146.78 E3569.2828
G1 X128.78 Y143 E3569.45002
G1 F9240 X129.104 Y142.472 E3569.47448
G1 F10500 X129.268 Y142.382 E3569.48099
G1 F9203.2 X129.437 Y142.28 E3569.48881
G1 F8191.5 X131.288 Y142.28 E3569.57128
G1 X133.139 Y142.28 E3569.65374
G1 F8206 X134.99 Y142.28 E3569.73606
G1 X136.841 Y142.28 E3569.81838
G1 X138.692 Y142.28 E3569.9007
G1 F8220.6 X140.543 Y142.28 E3569.98288
G1 X142.394 Y142.28 E3570.06505
G1 X144.245 Y142.28 E3570.14722
G1 F8235.3 X146.096 Y142.28 E3570.22925
G1 X147.947 Y142.28 E3570.31128
G1 X149.798 Y142.28 E3570.3933
G1 F8250 X151.649 Y142.28 E3570.47518
G1 X153.5 Y142.28 E3570.55707
G1 F9240 X153.897 Y142.471 E3570.57447
G1 F10500 X154.11 Y142.746 E3570.58656
G1 X154.16 Y143 E3570.59555
G1 X154.16 Y161 E3571.22118
G1 X154.11 Y161.255 E3571.23021
G1 X153.896 Y161.529 E3571.24229
G1 X153.593 Y161.66 E3571.25377
G1 X129.442 Y161.658 E3572.09318
G1 X129.168 Y161.571 E3572.10317
G1 F9166.7 X128.786 Y161.125 E3572.12655
G1 F8148.1 X128.785 Y160.149 E3572.17026
G1 F8177 X128.783 Y159.173 E3572.21382
G1 F8206 X128.782 Y158.197 E3572.25723
G1 F8235.3 X128.78 Y157.221 E3572.30048
G1 F8250 X128.22 Y157.22 E3572.32525
G1 F8235.3 X128.221 Y158.209 E3572.36908
G1 F8206 X128.222 Y159.198 E3572.41306
G1 F8177 X128.223 Y160.187 E3572.4572
G1 F8148.1 X128.224 Y161.176 E3572.5015
G1 F9166.7 X128.161 Y162.15 E3572.54036
G1 F9829.8 X128.19 Y162.725 E3572.56173
G1 F8717 X128.22 Y163.3 E3572.58584
G1 F8250 X128.22 Y164.289 E3572.62959
G1 F8235.3 X128.221 Y165.278 E3572.67342
G1 F8220.6 X128.221 Y166.267 E3572.71732
G1 F8206 X128.221 Y167.256 E3572.7613
G1 X128.222 Y168.245 E3572.80529
G1 F8191.5 X128.222 Y169.234 E3572.84935
G1 F8177 X128.223 Y170.223 E3572.89349
G1 X128.223 Y171.212 E3572.93763
G1 F8162.5 X128.223 Y172.201 E3572.98185
G1 F8148.1 X128.224 Y173.19 E3573.02614
G1 F8133.8 X128.224 Y174.179 E3573.07052
G1 F9166.7 X128.161 Y174.828 E3573.09648
G1 F10500 X128.161 Y175.339 E3573.11424
G1 X128.672 Y175.339 E3573.132
G1 F9240 X129.5 Y175.28 E3573.16479
G1 F8250 X130.476 Y175.28 E3573.20796
G1 X131.452 Y175.28 E3573.25114
G1 F8235.3 X132.428 Y175.28 E3573.29439
G1 X133.404 Y175.28 E3573.33764
G1 X134.38 Y175.279 E3573.38089
G1 X135.356 Y175.279 E3573.42414
G1 F8220.6 X136.332 Y175.279 E3573.46747
G1 X137.308 Y175.279 E3573.5108
G1 X138.284 Y175.279 E3573.55413
G1 X139.26 Y175.279 E3573.59745
G1 X140.236 Y175.279 E3573.64078
G1 F8206 X141.212 Y175.279 E3573.68419
G1 X142.188 Y175.278 E3573.72759
G1 X143.164 Y175.278 E3573.771
G1 X144.14 Y175.278 E3573.81441
G1 F8191.5 X145.116 Y175.278 E3573.85789
G1 X146.092 Y175.278 E3573.90137
G1 X147.068 Y175.278 E3573.94485
G1 X148.044 Y175.278 E3573.98834
G1 F8177 X149.02 Y175.278 E3574.0319
G1 X149.996 Y175.278 E3574.07546
G1 X150.972 Y175.277 E3574.11902
G1 X151.948 Y175.277 E3574.16258
G1 F8162.5 X152.924 Y175.277 E3574.20621
G1 X153.9 Y175.277 E3574.24985
G1 X154.876 Y175.277 E3574.29349
G1 X155.852 Y175.277 E3574.33712
G1 X156.828 Y175.277 E3574.38076
G1 F8148.1 X157.804 Y175.277 E3574.42447
G1 X158.78 Y175.276 E3574.46819
G1 X159.756 Y175.276 E3574.5119
G1 X160.732 Y175.276 E3574.55562
G1 F8133.8 X161.708 Y175.276 E3574.59941
G1 X162.684 Y175.276 E3574.6432
G1 F9166.7 X163.166 Y175.341 E3574.66256
G1 F10500 X175.84 Y175.34 E3575.10307
G1 X175.84 Y168.666 E3575.33504
G1 F9166.7 X175.777 Y168.174 E3575.35478
G0 F15000 X175.4 Y168.646
G1 F10500 X174.924 Y169.016 E3575.37574
G1 X174.5 Y169.1 E3575.39076
G1 X163.8 Y169.1 E3575.76266
G1 X163.6 Y169.034 E3575.76998
G1 X163.6 Y174 E3575.94258
G1 X163.516 Y174.424 E3575.95761
G1 X163.143 Y174.901 E3575.97865
G1 X175.4 Y174.9 E3576.40467
G1 X175.4 Y168.646 E3576.62204
G1 F2400 E3576.12204
G1 F600 Z8.1
G0 F15000 X163.154 Y168.113 Z8.1
G1 F600 Z7.7
G1 F2400 E3576.62204
G1 F10719.3 X163.153 Y167.511 E3576.64253
G1 F10744.2 X163.153 Y166.909 E3576.66298
G1 F10794.4 X163.152 Y166.307 E3576.68333
G1 F10819.7 X163.152 Y165.705 E3576.70364
G1 F10870.6 X163.151 Y165.103 E3576.72385
G1 F10896.2 X163.151 Y164.501 E3576.74401
G1 F10947.9 X163.15 Y163.899 E3576.76408
G1 F10973.9 X163.15 Y163.297 E3576.7841
G1 F2400 E3576.2841
G1 F600 Z8.1
G0 F15000 X162.7 Y162.266 Z8.1
G1 F600 Z7.7
G1 F2400 E3576.7841
G1 F10500 X162.7 Y142.034 E3577.4873
G1 X162.5 Y142.1 E3577.49462
G1 X154.146 Y142.1 E3577.78498
G1 X154.516 Y142.576 E3577.80593
G1 X154.6 Y143 E3577.82096
G1 X154.6 Y161 E3578.44658
G1 X154.516 Y161.424 E3578.4616
G1 X154.16 Y161.881 E3578.48174
G1 F9258.5 X153.7 Y162.142 E3578.50259
G1 X154.266 Y162.2 E3578.52501
G1 F10500 X162.5 Y162.2 E3578.8112
G1 X162.7 Y162.266 E3578.81852
G1 F2400 E3578.31852
G1 F600 Z8.1
G0 F15000 X153.7 Y162.142 Z8.1
G1 F600 Z7.7
G1 F2400 E3578.81852
G1 F8415.3 X153.5 Y162.15 E3578.8272
G1 F8555.6 X152.536 Y162.15 E3578.86832
G1 X151.572 Y162.15 E3578.90944
G1 F8539.7 X150.608 Y162.15 E3578.95064
G1 X149.644 Y162.15 E3578.99183
G1 X148.68 Y162.15 E3579.03303
G1 F8524 X147.716 Y162.15 E3579.0743
G1 X146.752 Y162.15 E3579.11558
G1 X145.788 Y162.15 E3579.15685
G1 F8508.3 X144.824 Y162.15 E3579.1982
G1 X143.86 Y162.15 E3579.23955
G1 X142.896 Y162.15 E3579.2809
G1 F8492.6 X141.932 Y162.15 E3579.32232
G1 X140.968 Y162.15 E3579.36375
G1 X140.004 Y162.15 E3579.40517
G1 F8477.1 X139.04 Y162.15 E3579.44667
G1 X138.076 Y162.15 E3579.48817
G1 X137.112 Y162.15 E3579.52968
G1 F8461.5 X136.148 Y162.15 E3579.57125
G1 X135.184 Y162.15 E3579.61283
G1 X134.22 Y162.15 E3579.65441
G1 F8446.1 X133.256 Y162.15 E3579.69606
G1 X132.292 Y162.15 E3579.73771
G1 X131.328 Y162.15 E3579.77937
G1 F8430.7 X130.364 Y162.15 E3579.8211
G1 X129.4 Y162.15 E3579.86283
G1 F8850.6 X129.185 Y162.082 E3579.87213
G1 F9788.1 X128.944 Y161.956 E3579.88227
G1 F10266.7 X128.605 Y161.469 E3579.90336
G1 X128.606 Y162.934 E3579.95543
G1 X128.944 Y162.344 E3579.9796
G1 F9788.1 X129.185 Y162.218 E3579.98974
G1 F8850.6 X129.4 Y162.15 E3579.99904
G1 F2400 E3579.49904
G1 F600 Z8.1
G0 F15000 X128.744 Y174.828 Z8.1
G1 F600 Z7.7
G1 F2400 E3579.99904
G1 F7938.1 X128.708 Y174.766 E3580.00234
G1 X128.636 Y174.766 E3580.00565
G1 X128.6 Y174.828 E3580.00894
G1 X128.636 Y174.89 E3580.01224
G1 X128.708 Y174.89 E3580.01555
G1 X128.744 Y174.828 E3580.01885
G1 F2400 E3579.51885
G1 F600 Z8.1
G0 F15000 X128.565 Y142.74 Z8.1
G1 F600 Z7.7
G1 F2400 E3580.01885
G1 F12486.5 X128.861 Y142.148 E3580.03819
G1 X129.125 Y142 E3580.04704
G1 X128.861 Y141.852 E3580.05588
G1 X128.565 Y141.369 E3580.07244
G1 X128.565 Y142.74 E3580.11251
G1 F2400 E3579.61251
G1 F600 Z8.1
G0 F15000 X128.573 Y130.017 Z8.1
G1 F600 Z7.7
G1 F2400 E3580.11251
G1 F11938 X128.879 Y129.425 E3580.13288
G1 F9788.1 X129.3 Y129.158 E3580.15147
G1 X128.767 Y129.073 E3580.17159
G1 F11938 X128.573 Y129.073 E3580.17752
G1 X128.573 Y130.017 E3580.20638
G1 F2400 E3579.70638
G1 F600 Z8.1
G0 F15000 X129.3 Y129.158 Z8.1
G1 F600 Z7.7
G1 F2400 E3580.20638
G1 F8415.3 X129.5 Y129.15 E3580.21506
G1 F8555.6 X162.5 Y129.15 E3581.62272
G1 F9428.6 X163.16 Y129.42 E3581.65032
G1 F10500 X163.516 Y129.877 E3581.67045
G1 X163.6 Y130.3 E3581.68544
G1 X163.6 Y133.966 E3581.81286
G1 X163.8 Y133.9 E3581.82018
G1 X174.5 Y133.9 E3582.19208
G1 X174.924 Y133.983 E3582.20709
G1 X175.4 Y134.354 E3582.22807
G1 X175.4 Y129.1 E3582.41068
G1 X163.267 Y129.099 E3582.83239
G1 F9428.6 X162.5 Y129.15 E3582.86214
G1 F2400 E3582.36214
G1 F600 Z8.1
G0 F15000 X163.15 Y135 Z8.1
G1 F600 Z7.7
G1 F2400 E3582.86214
G1 F10973.9 X163.149 Y135.873 E3582.89117
G1 F10947.9 X163.149 Y136.746 E3582.92027
G1 F10922 X163.148 Y137.619 E3582.94944
G1 F10896.2 X163.148 Y138.492 E3582.97868
G1 F10870.6 X163.147 Y139.365 E3583.00799
G1 F10845.1 X163.147 Y140.238 E3583.03737
G1 F10819.7 X163.146 Y141.111 E3583.06682
G1 F2400 E3582.56682
G1 F600 Z8.1
G0 F15000 X154.992 Y161.04 Z8.1
;TYPE:SKIN
G1 F600 Z7.7
G1 F2400 E3583.06682
G1 F9000 X154.892 Y161.532 E3583.08427
G1 X154.71 Y161.804 E3583.09564
G1 X162.304 Y161.804 E3583.35958
G1 X162.304 Y142.496 E3584.03067
G1 X154.898 Y142.496 E3584.28808
G1 X154.992 Y142.955 E3584.30436
G1 X154.992 Y161.04 E3584.93294
G1 F2400 E3584.43294
G1 F600 Z8.1
G0 F15000 X161.988 Y161.584 Z8.1
G1 F600 Z7.7
G1 F2400 E3584.93294
G1 F9000 X162.084 Y161.488 E3584.93766
G0 F15000 X162.084 Y160.866
G1 F9000 X161.366 Y161.584 E3584.97295
G0 F15000 X160.744 Y161.584
G1 F9000 X162.084 Y160.244 E3585.03882
G0 F15000 X162.084 Y159.622
G1 F9000 X160.122 Y161.584 E3585.13526
G0 F15000 X159.499 Y161.584
G1 F9000 X162.084 Y158.999 E3585.26232
G0 F15000 X162.084 Y158.377
G1 F9000 X158.877 Y161.584 E3585.41995
G0 F15000 X158.255 Y161.584
G1 F9000 X162.084 Y157.755 E3585.60816
G0 F15000 X162.084 Y157.133
G1 F9000 X157.632 Y161.584 E3585.82697
G0 F15000 X157.01 Y161.584
G1 F9000 X162.084 Y156.51 E3586.07638
G0 F15000 X162.084 Y155.888
G1 F9000 X156.388 Y161.584 E3586.35636
G0 F15000 X155.766 Y161.584
G1 F9000 X162.084 Y155.266 E3586.66691
G0 F15000 X162.084 Y154.644
G1 F9000 X155.143 Y161.584 E3587.00806
G0 F15000 X155.216 Y160.889
G1 F9000 X162.084 Y154.021 E3587.34564
G0 F15000 X162.084 Y153.399
G1 F9000 X155.216 Y160.266 E3587.68321
G0 F15000 X155.216 Y159.644
G1 F9000 X162.084 Y152.777 E3588.02077
G0 F15000 X162.084 Y152.155
G1 F9000 X155.216 Y159.022 E3588.35833
G0 F15000 X155.216 Y158.4
G1 F9000 X162.084 Y151.532 E3588.69592
G0 F15000 X162.084 Y150.91
G1 F9000 X155.216 Y157.777 E3589.03348
G0 F15000 X155.216 Y157.155
G1 F9000 X162.084 Y150.288 E3589.37104
G0 F15000 X162.084 Y149.666
G1 F9000 X155.216 Y156.533 E3589.70861
G0 F15000 X155.216 Y155.911
G1 F9000 X162.084 Y149.043 E3590.04619
G0 F15000 X162.084 Y148.421
G1 F9000 X155.216 Y155.288 E3590.38376
G0 F15000 X155.216 Y154.666
G1 F9000 X162.084 Y147.799 E3590.72132
G0 F15000 X162.084 Y147.176
G1 F9000 X155.216 Y154.044 E3591.0589
G0 F15000 X155.216 Y153.422
G1 F9000 X162.084 Y146.554 E3591.39649
G0 F15000 X162.084 Y145.932
G1 F9000 X155.216 Y152.799 E3591.73405
G0 F15000 X155.216 Y152.177
G1 F9000 X162.084 Y145.31 E3592.07162
G0 F15000 X162.084 Y144.687
G1 F9000 X155.216 Y151.555 E3592.4092
G0 F15000 X155.216 Y150.933
G1 F9000 X162.084 Y144.065 E3592.74679
G0 F15000 X162.084 Y143.443
G1 F9000 X155.216 Y150.31 E3593.08435
G0 F15000 X155.216 Y149.688
G1 F9000 X162.084 Y142.821 E3593.42191
G0 F15000 X161.566 Y142.716
G1 F9000 X155.216 Y149.066 E3593.73404
G0 F15000 X155.216 Y148.444
G1 F9000 X160.944 Y142.716 E3594.01559
G0 F15000 X160.322 Y142.716
G1 F9000 X155.216 Y147.821 E3594.26655
G0 F15000 X155.216 Y147.199
G1 F9000 X159.699 Y142.716 E3594.4869
G0 F15000 X159.077 Y142.716
G1 F9000 X155.216 Y146.577 E3594.67668
G0 F15000 X155.216 Y145.955
G1 F9000 X158.455 Y142.716 E3594.83589
G0 F15000 X157.833 Y142.716
G1 F9000 X155.216 Y145.332 E3594.9645
G0 F15000 X155.216 Y144.71
G1 F9000 X157.21 Y142.716 E3595.06251
G0 F15000 X156.588 Y142.716
G1 F9000 X155.216 Y144.088 E3595.12995
G0 F15000 X155.216 Y143.466
G1 F9000 X155.966 Y142.716 E3595.16682
G0 F15000 X155.344 Y142.716
G1 F9000 X155.194 Y142.866 E3595.17419
G1 F2400 E3594.67419
G1 F600 Z8.1
G0 F15000 X163.992 Y130.255 Z8.1
G1 F600 Z7.7
G1 F2400 E3595.17419
G1 F9000 X163.996 Y133.504 E3595.28712
G1 X174.539 Y133.507 E3595.65356
G1 X175.004 Y133.599 E3595.67003
G1 X175.004 Y129.496 E3595.81264
G1 X163.709 Y129.493 E3596.20522
G1 X163.892 Y129.767 E3596.21667
G1 X163.992 Y130.255 E3596.23398
G0 F15000 X164.192 Y130.135
G1 F9000 X164.613 Y129.713 E3596.2547
G0 F15000 X165.235 Y129.713
G1 F9000 X164.216 Y130.733 E3596.30481
G0 F15000 X164.216 Y131.355
G1 F9000 X165.858 Y129.713 E3596.38552
G0 F15000 X166.48 Y129.713
G1 F9000 X164.216 Y131.977 E3596.49681
G0 F15000 X164.216 Y132.599
G1 F9000 X167.101 Y129.714 E3596.63862
G0 F15000 X167.724 Y129.714
G1 F9000 X164.216 Y133.222 E3596.81105
G0 F15000 X164.776 Y133.284
G1 F9000 X168.346 Y129.714 E3596.98653
G0 F15000 X168.968 Y129.714
G1 F9000 X165.398 Y133.284 E3597.162
G0 F15000 X166.02 Y133.284
G1 F9000 X169.59 Y129.714 E3597.33748
G0 F15000 X170.212 Y129.714
G1 F9000 X166.642 Y133.284 E3597.51296
G0 F15000 X167.265 Y133.284
G1 F9000 X170.834 Y129.714 E3597.68841
G0 F15000 X171.456 Y129.714
G1 F9000 X167.887 Y133.284 E3597.86387
G0 F15000 X168.509 Y133.284
G1 F9000 X172.079 Y129.714 E3598.03935
G0 F15000 X172.7 Y129.715
G1 F9000 X169.131 Y133.284 E3598.21478
G0 F15000 X169.754 Y133.284
G1 F9000 X173.322 Y129.715 E3598.39018
G0 F15000 X173.945 Y129.715
G1 F9000 X170.376 Y133.284 E3598.56561
G0 F15000 X170.998 Y133.284
G1 F9000 X174.567 Y129.715 E3598.74104
G0 F15000 X174.784 Y130.12
G1 F9000 X171.62 Y133.284 E3598.89656
G0 F15000 X172.243 Y133.284
G1 F9000 X174.784 Y130.743 E3599.02146
G0 F15000 X174.784 Y131.365
G1 F9000 X172.865 Y133.284 E3599.11579
G0 F15000 X173.487 Y133.284
G1 F9000 X174.784 Y131.987 E3599.17954
G0 F15000 X174.784 Y132.609
G1 F9000 X174.109 Y133.284 E3599.21272
G0 F15000 X174.701 Y133.315
G1 F9000 X174.784 Y133.232 E3599.2168
G1 F2400 E3598.7168
G1 F600 Z8.1
G0 F15000 X163.992 Y174.04 Z8.1
G1 F600 Z7.7
G1 F2400 E3599.2168
G1 F9000 X163.899 Y174.503 E3599.23321
G1 X175.004 Y174.504 E3599.61919
G1 X175.004 Y169.398 E3599.79665
G1 X174.54 Y169.492 E3599.81311
G1 X163.996 Y169.496 E3600.17958
G1 X163.992 Y174.04 E3600.33752
G1 F2400 E3599.83752
G1 F600 Z8.1
G0 F15000 X164.216 Y169.934 Z8.1
G1 F600 Z7.7
G1 F2400 E3600.33752
G1 F9000 X164.434 Y169.716 E3600.34824
G0 F15000 X165.056 Y169.716
G1 F9000 X164.216 Y170.556 E3600.38952
G0 F15000 X164.216 Y171.179
G1 F9000 X165.679 Y169.716 E3600.46144
G0 F15000 X166.301 Y169.716
G1 F9000 X164.216 Y171.801 E3600.56392
G0 F15000 X164.216 Y172.423
G1 F9000 X166.923 Y169.716 E3600.69698
G0 F15000 X167.545 Y169.716
G1 F9000 X164.216 Y173.045 E3600.86061
G0 F15000 X164.216 Y173.668
G1 F9000 X168.168 Y169.716 E3601.05487
G0 F15000 X168.79 Y169.716
G1 F9000 X164.223 Y174.283 E3601.27935
G0 F15000 X164.845 Y174.283
G1 F9000 X169.412 Y169.716 E3601.50384
G0 F15000 X170.034 Y169.716
G1 F9000 X165.467 Y174.283 E3601.72832
G0 F15000 X166.089 Y174.283
G1 F9000 X170.657 Y169.716 E3601.95283
G0 F15000 X171.279 Y169.716
G1 F9000 X166.712 Y174.283 E3602.17731
G0 F15000 X167.334 Y174.283
G1 F9000 X171.901 Y169.716 E3602.4018
G0 F15000 X172.523 Y169.716
G1 F9000 X167.956 Y174.283 E3602.62628
G0 F15000 X168.578 Y174.283
G1 F9000 X173.146 Y169.716 E3602.85079
G0 F15000 X173.768 Y169.716
G1 F9000 X169.201 Y174.283 E3603.07528
G0 F15000 X169.823 Y174.283
G1 F9000 X174.39 Y169.716 E3603.29976
G0 F15000 X174.784 Y169.945
G1 F9000 X170.445 Y174.283 E3603.51301
G0 F15000 X171.068 Y174.283
G1 F9000 X174.784 Y170.567 E3603.69567
G0 F15000 X174.784 Y171.189
G1 F9000 X171.69 Y174.283 E3603.84775
G0 F15000 X172.312 Y174.283
G1 F9000 X174.784 Y171.811 E3603.96926
G0 F15000 X174.784 Y172.434
G1 F9000 X172.934 Y174.283 E3604.06017
G0 F15000 X173.557 Y174.283
G1 F9000 X174.784 Y173.056 E3604.12048
G0 F15000 X174.784 Y173.678
G1 F9000 X174.179 Y174.283 E3604.15022
G1 F2400 E3603.65022
G1 F600 Z8.1
;MESH:NONMESH
G0 F15000 X162.718 Y141.039 Z8.1
;TIME_ELAPSED:1386.498829
;LAYER:38
;MESH:case_VL53L8+RP2040-down.stl
G0 X162.718 Y141.039 Z8.3
;TYPE:WALL-OUTER
G1 F600 Z7.9
G1 F2400 E3604.15022
G1 F9000 X162.633 Y141.177 E3604.15585
G1 X162.5 Y141.22 E3604.16071
G1 X129.48 Y141.22 E3605.30838
G1 X129.368 Y141.176 E3605.31256
G1 X129.283 Y141.038 E3605.31819
G1 X129.28 Y130.3 E3605.69141
G1 X129.372 Y130.12 E3605.69844
G1 X129.462 Y130.083 E3605.70182
G1 X162.5 Y130.08 E3606.85012
G1 X162.632 Y130.124 E3606.85495
G1 X162.72 Y130.235 E3606.85988
G1 X162.718 Y141.039 E3607.23539
G1 F2400 E3606.73539
G1 F600 Z8.3
G0 F15000 X153.72 Y161.065 Z8.3
G1 F600 Z7.9
G1 F2400 E3607.23539
G1 F9000 X153.632 Y161.177 E3607.24034
G1 X153.538 Y161.217 E3607.24389
G1 X129.48 Y161.22 E3608.08007
G1 X129.389 Y161.191 E3608.08339
G1 X129.283 Y161.038 E3608.08986
G1 X129.28 Y156.72 E3608.23994
G1 X127.72 Y156.72 E3608.29416
G1 X127.721 Y175.779 E3608.95659
G1 X176.28 Y175.78 E3610.64435
G1 X176.28 Y128.22 E3612.29739
G1 X127.72 Y128.22 E3613.98518
G1 X127.72 Y147.28 E3614.64764
G1 X129.28 Y147.28 E3614.70186
G1 X129.28 Y143 E3614.85062
G1 X129.368 Y142.824 E3614.85746
G1 X129.48 Y142.78 E3614.86164
G1 X153.5 Y142.78 E3615.6965
G1 X153.633 Y142.823 E3615.70136
G1 X153.72 Y142.936 E3615.70632
G1 X153.72 Y161.065 E3616.33643
G1 F2400 E3615.83643
G1 F600 Z8.3
G0 F15000 X162.72 Y174.065 Z8.3
G1 F600 Z7.9
G1 F2400 E3616.33643
G1 F9000 X162.632 Y174.177 E3616.34138
G1 X162.538 Y174.217 E3616.34493
G1 X129.5 Y174.22 E3617.49322
G1 X129.344 Y174.156 E3617.49908
G1 X129.283 Y174.038 E3617.5037
G1 X129.28 Y163.3 E3617.87692
G1 X129.389 Y163.109 E3617.88456
G1 X129.48 Y163.08 E3617.88788
G1 X162.5 Y163.08 E3619.03555
G1 X162.633 Y163.123 E3619.04041
G1 X162.72 Y163.3 E3619.04727
G1 X162.72 Y174.065 E3619.42142
G1 F2400 E3618.92142
G1 F600 Z8.3
G0 F15000 X174.717 Y168.039 Z8.3
G1 F600 Z7.9
G1 F2400 E3619.42142
G1 F9000 X174.677 Y168.132 E3619.42494
G1 X174.565 Y168.22 E3619.42989
G1 X163.8 Y168.22 E3619.80405
G1 X163.667 Y168.176 E3619.80892
G1 X163.583 Y168.038 E3619.81454
G1 X163.58 Y135 E3620.96283
G1 X163.667 Y134.824 E3620.96966
G1 X163.8 Y134.78 E3620.97452
G1 X174.564 Y134.78 E3621.34865
G1 X174.677 Y134.867 E3621.3536
G1 X174.72 Y135 E3621.35846
G1 X174.717 Y168.039 E3622.50679
G0 F15000 X175.03 Y168.396
;TYPE:WALL-INNER
G1 F10500 X174.755 Y168.61 E3622.5189
G1 X174.5 Y168.66 E3622.52794
G1 X163.8 Y168.66 E3622.89983
G1 X163.403 Y168.528 E3622.91438
G1 F10596.3 X163.154 Y168.113 E3622.93104
G1 X163.16 Y168.65 E3622.94954
G1 F10500 X163.16 Y174 E3623.13549
G1 X163.11 Y174.255 E3623.14452
G1 X162.896 Y174.529 E3623.1566
G1 F9166.7 X162.625 Y174.714 E3623.16967
G1 F8133.8 X161.651 Y174.714 E3623.21337
G1 X160.677 Y174.714 E3623.25707
G1 F8148.1 X159.703 Y174.715 E3623.3007
G1 X158.729 Y174.715 E3623.34432
G1 X157.755 Y174.715 E3623.38794
G1 X156.781 Y174.715 E3623.43157
G1 F8162.5 X155.807 Y174.715 E3623.47512
G1 X154.833 Y174.715 E3623.51866
G1 X153.859 Y174.716 E3623.56221
G1 X152.885 Y174.716 E3623.60576
G1 X151.911 Y174.716 E3623.64931
G1 F8177 X150.937 Y174.716 E3623.69278
G1 X149.963 Y174.716 E3623.73625
G1 X148.989 Y174.716 E3623.77972
G1 X148.015 Y174.717 E3623.82319
G1 F8191.5 X147.041 Y174.717 E3623.86658
G1 X146.067 Y174.717 E3623.90998
G1 X145.093 Y174.717 E3623.95337
G1 X144.119 Y174.717 E3623.99676
G1 F8206 X143.145 Y174.718 E3624.04008
G1 X142.171 Y174.718 E3624.0834
G1 X141.197 Y174.718 E3624.12671
G1 X140.223 Y174.718 E3624.17003
G1 F8220.6 X139.249 Y174.718 E3624.21327
G1 X138.275 Y174.718 E3624.25651
G1 X137.301 Y174.719 E3624.29975
G1 X136.327 Y174.719 E3624.34299
G1 X135.353 Y174.719 E3624.38623
G1 F8235.3 X134.379 Y174.719 E3624.42939
G1 X133.405 Y174.719 E3624.47255
G1 X132.431 Y174.719 E3624.51572
G1 X131.457 Y174.72 E3624.55888
G1 F8250 X130.483 Y174.72 E3624.60196
G1 X129.509 Y174.72 E3624.64505
G1 F9240 X129.033 Y174.467 E3624.66634
G1 F9166.7 X128.786 Y174.125 E3624.68314
G1 F8133.8 X128.785 Y173.141 E3624.72729
G1 F8148.1 X128.785 Y172.157 E3624.77136
G1 F8162.5 X128.784 Y171.173 E3624.81535
G1 F8177 X128.784 Y170.189 E3624.85927
G1 X128.783 Y169.205 E3624.90319
G1 F8191.5 X128.783 Y168.221 E3624.94703
G1 F8206 X128.782 Y167.237 E3624.99079
G1 X128.782 Y166.253 E3625.03455
G1 F8220.6 X128.781 Y165.269 E3625.07823
G1 F8235.3 X128.781 Y164.285 E3625.12184
G1 F8250 X128.78 Y163.301 E3625.16537
G1 F9240 X129.168 Y162.729 E3625.19267
G1 F10500 X129.442 Y162.642 E3625.20266
G1 X162.5 Y162.64 E3626.35165
G1 X162.897 Y162.771 E3626.36618
G1 F10744.2 X163.15 Y163.3 E3626.3861
G1 X163.14 Y162.65 E3626.40818
G1 F10500 X163.14 Y141.65 E3627.13807
G1 F10645.2 X163.146 Y141.113 E3627.15648
G1 X162.897 Y141.529 E3627.17311
G1 F10500 X162.5 Y141.66 E3627.18764
G1 X154.167 Y141.66 E3627.47726
G1 F9240 X153.5 Y141.72 E3627.50371
G1 F8250 X151.649 Y141.72 E3627.5856
G1 X149.798 Y141.72 E3627.66748
G1 F8235.3 X147.947 Y141.72 E3627.7495
G1 X146.096 Y141.72 E3627.83153
G1 X144.245 Y141.72 E3627.91356
G1 F8220.6 X142.394 Y141.72 E3627.99573
G1 X140.543 Y141.72 E3628.0779
G1 X138.692 Y141.72 E3628.16008
G1 F8206 X136.841 Y141.72 E3628.2424
G1 X134.99 Y141.72 E3628.32472
G1 X133.139 Y141.72 E3628.40704
G1 F8191.5 X131.288 Y141.72 E3628.4895
G1 X129.437 Y141.72 E3628.57197
G1 F9203.2 X129.268 Y141.618 E3628.57979
G1 F10500 X129.104 Y141.528 E3628.5863
G1 F9166.7 X128.786 Y141.125 E3628.60673
G1 F8133.8 X128.785 Y140.141 E3628.65088
G1 F8148.1 X128.785 Y139.157 E3628.69496
G1 F8162.5 X128.784 Y138.173 E3628.73895
G1 F8177 X128.784 Y137.189 E3628.78287
G1 X128.783 Y136.205 E3628.82679
G1 F8191.5 X128.783 Y135.221 E3628.87062
G1 F8206 X128.782 Y134.237 E3628.91439
G1 X128.782 Y133.253 E3628.95815
G1 F8220.6 X128.781 Y132.269 E3629.00183
G1 F8235.3 X128.781 Y131.285 E3629.04544
G1 F8250 X128.78 Y130.301 E3629.08896
G1 F9240 X129.118 Y129.761 E3629.11413
G1 F10500 X129.408 Y129.64 E3629.12505
G1 X162.5 Y129.64 E3630.27522
G1 X162.896 Y129.772 E3630.28973
G1 X163.11 Y130.046 E3630.30181
G1 X163.16 Y130.3 E3630.31081
G1 X163.16 Y134.35 E3630.45158
G1 F10744.2 X163.15 Y135 E3630.47366
G1 X163.403 Y134.472 E3630.49354
G1 F10500 X163.8 Y134.34 E3630.50809
G1 X174.5 Y134.34 E3630.87998
G1 X174.755 Y134.39 E3630.88902
G1 X175.029 Y134.603 E3630.90108
G1 F9240 X175.22 Y135 E3630.91848
G1 F8250 X175.22 Y137.547 E3631.03115
G1 X175.22 Y140.094 E3631.14382
G1 F8235.3 X175.22 Y142.641 E3631.25669
G1 X175.22 Y145.188 E3631.36956
G1 X175.22 Y147.735 E3631.48243
G1 X175.22 Y150.282 E3631.5953
G1 F8220.6 X175.22 Y152.829 E3631.70837
G1 X175.22 Y155.376 E3631.82144
G1 X175.22 Y157.923 E3631.93451
G1 X175.22 Y160.47 E3632.04758
G1 X175.22 Y163.017 E3632.16065
G1 F8206 X175.22 Y165.564 E3632.27393
G1 X175.22 Y168.111 E3632.3872
G1 F9203.2 X175.03 Y168.396 E3632.40078
G0 F15000 X175.777 Y168.174
G1 F8148.1 X175.777 Y167.068 E3632.45032
G1 X175.777 Y165.962 E3632.49986
G1 F8162.5 X175.777 Y164.856 E3632.54931
G1 X175.777 Y163.75 E3632.59875
G1 X175.778 Y162.644 E3632.6482
G1 X175.778 Y161.538 E3632.69765
G1 F8177 X175.778 Y160.432 E3632.74701
G1 X175.778 Y159.326 E3632.79638
G1 X175.778 Y158.22 E3632.84574
G1 X175.778 Y157.114 E3632.8951
G1 X175.778 Y156.008 E3632.94446
G1 F8191.5 X175.778 Y154.902 E3632.99374
G1 X175.778 Y153.796 E3633.04301
G1 X175.778 Y152.69 E3633.09229
G1 X175.779 Y151.584 E3633.14156
G1 F8206 X175.779 Y150.478 E3633.19075
G1 X175.779 Y149.372 E3633.23993
G1 X175.779 Y148.266 E3633.28912
G1 X175.779 Y147.16 E3633.33831
G1 F8220.6 X175.779 Y146.054 E3633.38741
G1 X175.779 Y144.948 E3633.43651
G1 X175.779 Y143.842 E3633.48561
G1 X175.779 Y142.736 E3633.53471
G1 X175.779 Y141.63 E3633.58381
G1 F8235.3 X175.78 Y140.524 E3633.63282
G1 X175.78 Y139.418 E3633.68183
G1 X175.78 Y138.312 E3633.73084
G1 X175.78 Y137.206 E3633.77986
G1 F8250 X175.78 Y136.1 E3633.82878
G1 X175.78 Y134.994 E3633.87771
G1 F9240 X175.84 Y134.333 E3633.90392
G1 F10500 X175.84 Y128.66 E3634.1011
G1 X128.16 Y128.66 E3635.7583
G1 X128.16 Y129.267 E3635.7794
G1 F9829.8 X128.19 Y129.784 E3635.79863
G1 F8717 X128.22 Y130.301 E3635.82031
G1 F8250 X128.22 Y131.289 E3635.86401
G1 F8235.3 X128.221 Y132.278 E3635.90784
G1 F8220.6 X128.221 Y133.267 E3635.95175
G1 F8206 X128.221 Y134.256 E3635.99573
G1 X128.222 Y135.245 E3636.03971
G1 F8191.5 X128.222 Y136.234 E3636.08378
G1 F8177 X128.223 Y137.223 E3636.12792
G1 X128.223 Y138.212 E3636.17206
G1 F8162.5 X128.223 Y139.201 E3636.21627
G1 F8148.1 X128.224 Y140.19 E3636.26057
G1 F8133.8 X128.224 Y141.179 E3636.30494
G1 F9166.7 X128.16 Y142 E3636.33773
G1 F9829.8 X128.19 Y142.5 E3636.35633
G1 F8717 X128.22 Y143 E3636.3773
G1 F8250 X128.22 Y146.78 E3636.54451
G1 X128.78 Y146.78 E3636.56928
G1 X128.78 Y143 E3636.73649
G1 F9240 X129.104 Y142.472 E3636.76096
G1 F10500 X129.268 Y142.382 E3636.76746
G1 F9203.2 X129.437 Y142.28 E3636.77529
G1 F8191.5 X131.288 Y142.28 E3636.85776
G1 X133.139 Y142.28 E3636.94022
G1 F8206 X134.99 Y142.28 E3637.02254
G1 X136.841 Y142.28 E3637.10486
G1 X138.692 Y142.28 E3637.18718
G1 F8220.6 X140.543 Y142.28 E3637.26935
G1 X142.394 Y142.28 E3637.35153
G1 X144.245 Y142.28 E3637.4337
G1 F8235.3 X146.096 Y142.28 E3637.51573
G1 X147.947 Y142.28 E3637.59775
G1 X149.798 Y142.28 E3637.67978
G1 F8250 X151.649 Y142.28 E3637.76166
G1 X153.5 Y142.28 E3637.84354
G1 F9240 X153.897 Y142.471 E3637.86094
G1 F10500 X154.11 Y142.746 E3637.87303
G1 X154.16 Y143 E3637.88203
G1 X154.16 Y161 E3638.50765
G1 X154.11 Y161.255 E3638.51668
G1 X153.896 Y161.529 E3638.52877
G1 X153.593 Y161.66 E3638.54024
G1 X129.442 Y161.658 E3639.37965
G1 X129.168 Y161.571 E3639.38965
G1 F9166.7 X128.786 Y161.125 E3639.41303
G1 F8148.1 X128.785 Y160.149 E3639.45674
G1 F8177 X128.783 Y159.173 E3639.5003
G1 F8206 X128.782 Y158.197 E3639.5437
G1 F8235.3 X128.78 Y157.221 E3639.58696
G1 F8250 X128.22 Y157.22 E3639.61173
G1 F8235.3 X128.221 Y158.209 E3639.65556
G1 F8206 X128.222 Y159.198 E3639.69954
G1 F8177 X128.223 Y160.187 E3639.74368
G1 F8148.1 X128.224 Y161.176 E3639.78798
G1 F9166.7 X128.161 Y162.15 E3639.82683
G1 F9829.8 X128.19 Y162.725 E3639.84821
G1 F8717 X128.22 Y163.3 E3639.87232
G1 F8250 X128.22 Y164.289 E3639.91606
G1 F8235.3 X128.221 Y165.278 E3639.95989
G1 F8220.6 X128.221 Y166.267 E3640.0038
G1 F8206 X128.221 Y167.256 E3640.04778
G1 X128.222 Y168.245 E3640.09177
G1 F8191.5 X128.222 Y169.234 E3640.13583
G1 F8177 X128.223 Y170.223 E3640.17997
G1 X128.223 Y171.212 E3640.22411
G1 F8162.5 X128.223 Y172.201 E3640.26833
G1 F8148.1 X128.224 Y173.19 E3640.31262
G1 F8133.8 X128.224 Y174.179 E3640.357
G1 F9166.7 X128.161 Y174.828 E3640.38296
G1 F10500 X128.161 Y175.339 E3640.40072
G1 X128.672 Y175.339 E3640.41848
G1 F9240 X129.5 Y175.28 E3640.45126
G1 F8250 X130.476 Y175.28 E3640.49444
G1 X131.452 Y175.28 E3640.53761
G1 F8235.3 X132.428 Y175.28 E3640.58086
G1 X133.404 Y175.28 E3640.62411
G1 X134.38 Y175.279 E3640.66737
G1 X135.356 Y175.279 E3640.71062
G1 F8220.6 X136.332 Y175.279 E3640.75395
G1 X137.308 Y175.279 E3640.79727
G1 X138.284 Y175.279 E3640.8406
G1 X139.26 Y175.279 E3640.88393
G1 X140.236 Y175.279 E3640.92726
G1 F8206 X141.212 Y175.279 E3640.97067
G1 X142.188 Y175.278 E3641.01407
G1 X143.164 Y175.278 E3641.05748
G1 X144.14 Y175.278 E3641.10088
G1 F8191.5 X145.116 Y175.278 E3641.14437
G1 X146.092 Y175.278 E3641.18785
G1 X147.068 Y175.278 E3641.23133
G1 X148.044 Y175.278 E3641.27481
G1 F8177 X149.02 Y175.278 E3641.31837
G1 X149.996 Y175.278 E3641.36193
G1 X150.972 Y175.277 E3641.40549
G1 X151.948 Y175.277 E3641.44905
G1 F8162.5 X152.924 Y175.277 E3641.49269
G1 X153.9 Y175.277 E3641.53633
G1 X154.876 Y175.277 E3641.57996
G1 X155.852 Y175.277 E3641.6236
G1 X156.828 Y175.277 E3641.66724
G1 F8148.1 X157.804 Y175.277 E3641.71095
G1 X158.78 Y175.276 E3641.75466
G1 X159.756 Y175.276 E3641.79838
G1 X160.732 Y175.276 E3641.84209
G1 F8133.8 X161.708 Y175.276 E3641.88588
G1 X162.684 Y175.276 E3641.92968
G1 F9166.7 X163.166 Y175.341 E3641.94904
G1 F10500 X175.84 Y175.34 E3642.38955
G1 X175.84 Y168.666 E3642.62151
G1 F9166.7 X175.777 Y168.174 E3642.64126
G0 F15000 X175.4 Y168.646
G1 F10500 X174.924 Y169.016 E3642.66222
G1 X174.5 Y169.1 E3642.67724
G1 X163.8 Y169.1 E3643.04914
G1 X163.6 Y169.034 E3643.05646
G1 X163.6 Y174 E3643.22906
G1 X163.516 Y174.424 E3643.24408
G1 X163.143 Y174.901 E3643.26513
G1 X175.4 Y174.9 E3643.69114
G1 X175.4 Y168.646 E3643.90851
G1 F2400 E3643.40851
G1 F600 Z8.3
G0 F15000 X163.154 Y168.113 Z8.3
G1 F600 Z7.9
G1 F2400 E3643.90851
G1 F10719.3 X163.153 Y167.511 E3643.92901
G1 F10744.2 X163.153 Y166.909 E3643.94946
G1 F10794.4 X163.152 Y166.307 E3643.96981
G1 F10819.7 X163.152 Y165.705 E3643.99012
G1 F10870.6 X163.151 Y165.103 E3644.01033
G1 F10896.2 X163.151 Y164.501 E3644.03049
G1 F10947.9 X163.15 Y163.899 E3644.05056
G1 F10973.9 X163.15 Y163.297 E3644.07058
G1 F2400 E3643.57058
G1 F600 Z8.3
G0 F15000 X162.7 Y162.266 Z8.3
G1 F600 Z7.9
G1 F2400 E3644.07058
G1 F10500 X162.7 Y142.034 E3644.77378
G1 X162.5 Y142.1 E3644.7811
G1 X154.146 Y142.1 E3645.07146
G1 X154.516 Y142.576 E3645.09241
G1 X154.6 Y143 E3645.10743
G1 X154.6 Y161 E3645.73306
G1 X154.516 Y161.424 E3645.74808
G1 X154.16 Y161.881 E3645.76821
G1 F9258.5 X153.7 Y162.142 E3645.78906
G1 X154.266 Y162.2 E3645.81149
G1 F10500 X162.5 Y162.2 E3646.09768
G1 X162.7 Y162.266 E3646.105
G1 F2400 E3645.605
G1 F600 Z8.3
G0 F15000 X153.7 Y162.142 Z8.3
G1 F600 Z7.9
G1 F2400 E3646.105
G1 F8415.3 X153.5 Y162.15 E3646.11368
G1 F8555.6 X152.536 Y162.15 E3646.1548
G1 X151.572 Y162.15 E3646.19592
G1 F8539.7 X150.608 Y162.15 E3646.23711
G1 X149.644 Y162.15 E3646.27831
G1 X148.68 Y162.15 E3646.31951
G1 F8524 X147.716 Y162.15 E3646.36078
G1 X146.752 Y162.15 E3646.40205
G1 X145.788 Y162.15 E3646.44333
G1 F8508.3 X144.824 Y162.15 E3646.48468
G1 X143.86 Y162.15 E3646.52602
G1 X142.896 Y162.15 E3646.56737
G1 F8492.6 X141.932 Y162.15 E3646.6088
G1 X140.968 Y162.15 E3646.65022
G1 X140.004 Y162.15 E3646.69165
G1 F8477.1 X139.04 Y162.15 E3646.73315
G1 X138.076 Y162.15 E3646.77465
G1 X137.112 Y162.15 E3646.81615
G1 F8461.5 X136.148 Y162.15 E3646.85773
G1 X135.184 Y162.15 E3646.89931
G1 X134.22 Y162.15 E3646.94088
G1 F8446.1 X133.256 Y162.15 E3646.98254
G1 X132.292 Y162.15 E3647.02419
G1 X131.328 Y162.15 E3647.06585
G1 F8430.7 X130.364 Y162.15 E3647.10757
G1 X129.4 Y162.15 E3647.1493
G1 F8850.6 X129.185 Y162.082 E3647.1586
G1 F9788.1 X128.944 Y161.956 E3647.16874
G1 F10266.7 X128.605 Y161.469 E3647.18983
G1 X128.606 Y162.934 E3647.24191
G1 X128.944 Y162.344 E3647.26608
G1 F9788.1 X129.185 Y162.218 E3647.27622
G1 F8850.6 X129.4 Y162.15 E3647.28552
G1 F2400 E3646.78552
G1 F600 Z8.3
G0 F15000 X128.744 Y174.828 Z8.3
G1 F600 Z7.9
G1 F2400 E3647.28552
G1 F7938.1 X128.708 Y174.766 E3647.28881
G1 X128.636 Y174.766 E3647.29213
G1 X128.6 Y174.828 E3647.29542
G1 X128.636 Y174.89 E3647.29872
G1 X128.708 Y174.89 E3647.30203
G1 X128.744 Y174.828 E3647.30532
G1 F2400 E3646.80532
G1 F600 Z8.3
G0 F15000 X128.565 Y142.74 Z8.3
G1 F600 Z7.9
G1 F2400 E3647.30532
G1 F12486.5 X128.861 Y142.148 E3647.32467
G1 X129.125 Y142 E3647.33351
G1 X128.861 Y141.852 E3647.34236
G1 X128.565 Y141.369 E3647.35892
G1 X128.565 Y142.74 E3647.39899
G1 F2400 E3646.89899
G1 F600 Z8.3
G0 F15000 X128.573 Y130.017 Z8.3
G1 F600 Z7.9
G1 F2400 E3647.39899
G1 F11938 X128.879 Y129.425 E3647.41936
G1 F9788.1 X129.3 Y129.158 E3647.43795
G1 X128.767 Y129.073 E3647.45807
G1 F11938 X128.573 Y129.073 E3647.464
G1 X128.573 Y130.017 E3647.49286
G1 F2400 E3646.99286
G1 F600 Z8.3
G0 F15000 X129.3 Y129.158 Z8.3
G1 F600 Z7.9
G1 F2400 E3647.49286
G1 F8415.3 X129.5 Y129.15 E3647.50154
G1 F8555.6 X162.5 Y129.15 E3648.90919
G1 F9428.6 X163.16 Y129.42 E3648.93679
G1 F10500 X163.516 Y129.877 E3648.95693
G1 X163.6 Y130.3 E3648.97192
G1 X163.6 Y133.966 E3649.09934
G1 X163.8 Y133.9 E3649.10666
G1 X174.5 Y133.9 E3649.47855
G1 X174.924 Y133.983 E3649.49357
G1 X175.4 Y134.354 E3649.51455
G1 X175.4 Y129.1 E3649.69716
G1 X163.267 Y129.099 E3650.11886
G1 F9428.6 X162.5 Y129.15 E3650.14862
G1 F2400 E3649.64862
G1 F600 Z8.3
G0 F15000 X163.15 Y135 Z8.3
G1 F600 Z7.9
G1 F2400 E3650.14862
G1 F10973.9 X163.149 Y135.873 E3650.17765
G1 F10947.9 X163.149 Y136.746 E3650.20675
G1 F10922 X163.148 Y137.619 E3650.23592
G1 F10896.2 X163.148 Y138.492 E3650.26516
G1 F10870.6 X163.147 Y139.365 E3650.29447
G1 F10845.1 X163.147 Y140.238 E3650.32385
G1 F10819.7 X163.146 Y141.111 E3650.35329
G1 F2400 E3649.85329
G1 F600 Z8.3
G0 F15000 X154.992 Y161.04 Z8.3
;TYPE:SKIN
G1 F600 Z7.9
G1 F2400 E3650.35329
G1 F9000 X154.892 Y161.532 E3650.37074
G1 X154.71 Y161.804 E3650.38212
G1 X162.304 Y161.804 E3650.64606
G1 X162.304 Y142.496 E3651.31715
G1 X154.898 Y142.496 E3651.57456
G1 X154.992 Y142.955 E3651.59084
G1 X154.992 Y161.04 E3652.21942
G0 F15000 X155.148 Y161.37
G1 F9000 X155.361 Y161.584 E3652.22991
G0 F15000 X155.984 Y161.584
G1 F9000 X155.216 Y160.817 E3652.26764
G0 F15000 X155.216 Y160.194
G1 F9000 X156.606 Y161.584 E3652.33596
G0 F15000 X157.228 Y161.584
G1 F9000 X155.216 Y159.572 E3652.43486
G0 F15000 X155.216 Y158.95
G1 F9000 X157.85 Y161.584 E3652.56433
G0 F15000 X158.473 Y161.584
G1 F9000 X155.216 Y158.328 E3652.7244
G0 F15000 X155.216 Y157.705
G1 F9000 X159.095 Y161.584 E3652.91506
G0 F15000 X159.717 Y161.584
G1 F9000 X155.216 Y157.083 E3653.1363
G0 F15000 X155.216 Y156.461
G1 F9000 X160.339 Y161.584 E3653.38812
G0 F15000 X160.962 Y161.584
G1 F9000 X155.216 Y155.839 E3653.67053
G0 F15000 X155.216 Y155.216
G1 F9000 X161.584 Y161.584 E3653.98354
G0 F15000 X162.084 Y161.462
G1 F9000 X155.216 Y154.594 E3654.32113
G0 F15000 X155.216 Y153.972
G1 F9000 X162.084 Y160.84 E3654.65871
G0 F15000 X162.084 Y160.218
G1 F9000 X155.216 Y153.35 E3654.9963
G0 F15000 X155.216 Y152.727
G1 F9000 X162.084 Y159.595 E3655.33389
G0 F15000 X162.084 Y158.973
G1 F9000 X155.216 Y152.105 E3655.67147
G0 F15000 X155.216 Y151.483
G1 F9000 X162.084 Y158.351 E3656.00906
G0 F15000 X162.084 Y157.729
G1 F9000 X155.216 Y150.861 E3656.34665
G0 F15000 X155.216 Y150.238
G1 F9000 X162.084 Y157.106 E3656.68424
G0 F15000 X162.084 Y156.484
G1 F9000 X155.216 Y149.616 E3657.02182
G0 F15000 X155.216 Y148.994
G1 F9000 X162.084 Y155.862 E3657.35941
G0 F15000 X162.084 Y155.24
G1 F9000 X155.216 Y148.372 E3657.697
G0 F15000 X155.216 Y147.749
G1 F9000 X162.084 Y154.617 E3658.03458
G0 F15000 X162.084 Y153.995
G1 F9000 X155.216 Y147.127 E3658.37217
G0 F15000 X155.216 Y146.505
G1 F9000 X162.084 Y153.373 E3658.70976
G0 F15000 X162.084 Y152.751
G1 F9000 X155.216 Y145.882 E3659.04737
G0 F15000 X155.216 Y145.26
G1 F9000 X162.084 Y152.128 E3659.38495
G0 F15000 X162.084 Y151.506
G1 F9000 X155.216 Y144.638 E3659.72254
G0 F15000 X155.216 Y144.016
G1 F9000 X162.084 Y150.884 E3660.06013
G0 F15000 X162.084 Y150.262
G1 F9000 X155.216 Y143.393 E3660.39774
G0 F15000 X155.17 Y142.725
G1 F9000 X162.084 Y149.639 E3660.73759
G0 F15000 X162.084 Y149.017
G1 F9000 X155.783 Y142.716 E3661.0473
G0 F15000 X156.406 Y142.716
G1 F9000 X162.084 Y148.395 E3661.32642
G0 F15000 X162.084 Y147.773
G1 F9000 X157.028 Y142.716 E3661.57497
G0 F15000 X157.65 Y142.716
G1 F9000 X162.084 Y147.15 E3661.79292
G0 F15000 X162.084 Y146.528
G1 F9000 X158.272 Y142.716 E3661.98029
G0 F15000 X158.895 Y142.716
G1 F9000 X162.084 Y145.906 E3662.13706
G0 F15000 X162.084 Y145.284
G1 F9000 X159.517 Y142.716 E3662.26327
G0 F15000 X160.139 Y142.716
G1 F9000 X162.084 Y144.661 E3662.35887
G0 F15000 X162.084 Y144.039
G1 F9000 X160.761 Y142.716 E3662.4239
G0 F15000 X161.384 Y142.716
G1 F9000 X162.084 Y143.417 E3662.45833
G0 F15000 X162.084 Y142.795
G1 F9000 X162.006 Y142.716 E3662.46219
G1 F2400 E3661.96219
G1 F600 Z8.3
G0 F15000 X163.992 Y130.255 Z8.3
G1 F600 Z7.9
G1 F2400 E3662.46219
G1 F9000 X163.996 Y133.504 E3662.57512
G1 X174.539 Y133.507 E3662.94156
G1 X175.004 Y133.599 E3662.95803
G1 X175.004 Y129.496 E3663.10064
G1 X163.709 Y129.493 E3663.49322
G1 X163.892 Y129.767 E3663.50467
G1 X163.992 Y130.255 E3663.52198
G1 F2400 E3663.02198
G1 F600 Z8.3
G0 F15000 X164.216 Y133.103 Z8.3
G1 F600 Z7.9
G1 F2400 E3663.52198
G1 F9000 X164.397 Y133.284 E3663.53088
G0 F15000 X165.019 Y133.284
G1 F9000 X164.216 Y132.481 E3663.57035
G0 F15000 X164.216 Y131.858
G1 F9000 X165.641 Y133.284 E3663.64042
G0 F15000 X166.263 Y133.284
G1 F9000 X164.216 Y131.236 E3663.74106
G0 F15000 X164.216 Y130.614
G1 F9000 X166.886 Y133.284 E3663.8723
G0 F15000 X167.508 Y133.284
G1 F9000 X164.146 Y129.922 E3664.03756
G0 F15000 X164.56 Y129.714
G1 F9000 X168.13 Y133.284 E3664.21304
G0 F15000 X168.752 Y133.284
G1 F9000 X165.182 Y129.714 E3664.38851
G0 F15000 X165.805 Y129.714
G1 F9000 X169.375 Y133.284 E3664.56399
G0 F15000 X169.997 Y133.284
G1 F9000 X166.427 Y129.714 E3664.73947
G0 F15000 X167.05 Y129.714
G1 F9000 X170.619 Y133.284 E3664.91492
G0 F15000 X171.241 Y133.284
G1 F9000 X167.672 Y129.714 E3665.09038
G0 F15000 X168.294 Y129.714
G1 F9000 X171.864 Y133.284 E3665.26586
G0 F15000 X172.486 Y133.284
G1 F9000 X168.916 Y129.714 E3665.44133
G0 F15000 X169.539 Y129.715
G1 F9000 X173.108 Y133.284 E3665.61676
G0 F15000 X173.73 Y133.284
G1 F9000 X170.162 Y129.715 E3665.79217
G0 F15000 X170.784 Y129.715
G1 F9000 X174.353 Y133.284 E3665.9676
G0 F15000 X174.784 Y133.093
G1 F9000 X171.406 Y129.715 E3666.13364
G0 F15000 X172.028 Y129.715
G1 F9000 X174.784 Y132.471 E3666.26911
G0 F15000 X174.784 Y131.849
G1 F9000 X172.651 Y129.716 E3666.37395
G0 F15000 X173.274 Y129.716
G1 F9000 X174.784 Y131.226 E3666.44817
G0 F15000 X174.784 Y130.604
G1 F9000 X173.896 Y129.716 E3666.49182
G0 F15000 X174.518 Y129.716
G1 F9000 X174.784 Y129.982 E3666.5049
G1 F2400 E3666.0049
G1 F600 Z8.3
G0 F15000 X163.992 Y174.04 Z8.3
G1 F600 Z7.9
G1 F2400 E3666.5049
G1 F9000 X163.899 Y174.503 E3666.52131
G1 X175.004 Y174.504 E3666.90728
G1 X175.004 Y169.398 E3667.08475
G1 X174.54 Y169.492 E3667.10121
G1 X163.996 Y169.496 E3667.46768
G1 X163.992 Y174.04 E3667.62562
G0 F15000 X164.19 Y174.146
G1 F9000 X164.327 Y174.283 E3667.63235
G0 F15000 X164.949 Y174.283
G1 F9000 X164.216 Y173.549 E3667.66841
G0 F15000 X164.216 Y172.927
G1 F9000 X165.571 Y174.283 E3667.73503
G0 F15000 X166.193 Y174.283
G1 F9000 X164.216 Y172.305 E3667.83224
G0 F15000 X164.216 Y171.683
G1 F9000 X166.816 Y174.283 E3667.96003
G0 F15000 X167.438 Y174.283
G1 F9000 X164.216 Y171.06 E3668.11843
G0 F15000 X164.216 Y170.438
G1 F9000 X168.06 Y174.283 E3668.3074
G0 F15000 X168.682 Y174.283
G1 F9000 X164.216 Y169.816 E3668.52695
G0 F15000 X164.738 Y169.716
G1 F9000 X169.305 Y174.283 E3668.75143
G0 F15000 X169.927 Y174.283
G1 F9000 X165.36 Y169.716 E3668.97592
G0 F15000 X165.983 Y169.716
G1 F9000 X170.549 Y174.283 E3669.20038
G0 F15000 X171.171 Y174.283
G1 F9000 X166.605 Y169.716 E3669.42484
G0 F15000 X167.227 Y169.716
G1 F9000 X171.794 Y174.283 E3669.64932
G0 F15000 X172.416 Y174.283
G1 F9000 X167.849 Y169.716 E3669.87381
G0 F15000 X168.472 Y169.716
G1 F9000 X173.038 Y174.283 E3670.09827
G0 F15000 X173.66 Y174.283
G1 F9000 X169.094 Y169.716 E3670.32273
G0 F15000 X169.716 Y169.716
G1 F9000 X174.283 Y174.283 E3670.54721
G0 F15000 X174.784 Y174.162
G1 F9000 X170.338 Y169.716 E3670.76575
G0 F15000 X170.961 Y169.716
G1 F9000 X174.784 Y173.54 E3670.95369
G0 F15000 X174.784 Y172.917
G1 F9000 X171.583 Y169.716 E3671.11103
G0 F15000 X172.205 Y169.716
G1 F9000 X174.784 Y172.295 E3671.23779
G0 F15000 X174.784 Y171.673
G1 F9000 X172.828 Y169.716 E3671.33396
G0 F15000 X173.45 Y169.716
G1 F9000 X174.784 Y171.051 E3671.39956
G0 F15000 X174.784 Y170.428
G1 F9000 X174.072 Y169.716 E3671.43456
G0 F15000 X174.666 Y169.688
G1 F9000 X174.784 Y169.806 E3671.44036
;TIME_ELAPSED:1412.136238
G1 F2400 E3670.94036
M140 S0
M204 S4000
M107
G91 ;Relative positioning
G1 E-2 F2700 ;Retract a bit
G1 E-2 Z0.2 F2400 ;Retract and raise Z
G1 Z1 ;Raise Z more
G90 ;Absolute positioning

G1 X0 Y200 ;Present print
M106 S0 ;Turn-off fan
M104 S0 ;Turn-off hotend
M140 S0 ;Turn-off bed

M84 X Y E ;Disable all steppers but Z

M82 ;absolute extrusion mode
M104 S0
;End of Gcode
;SETTING_3 {"global_quality": "[general]\\nversion = 4\\nname = Fine #2\\ndefini
;SETTING_3 tion = SV07_Plus\\n\\n[metadata]\\ntype = quality_changes\\nquality_t
;SETTING_3 ype = normal\\nsetting_version = 25\\n\\n[values]\\nsupport_enable = 
;SETTING_3 True\\nsupport_structure = normal\\nsupport_type = buildplate\\n\\n",
;SETTING_3  "extruder_quality": ["[general]\\nversion = 4\\nname = Fine #2\\ndef
;SETTING_3 inition = SV07_Plus\\n\\n[metadata]\\ntype = quality_changes\\nqualit
;SETTING_3 y_type = normal\\nsetting_version = 25\\nposition = 0\\n\\n[values]\\
;SETTING_3 nbrim_line_count = 8\\ninfill_overlap = 25.0\\ninfill_sparse_density 
;SETTING_3 = 30.0\\nmaterial_print_temperature = 195.0\\nsupport_angle = 40.0\\n
;SETTING_3 support_infill_rate = 10.0\\nwall_line_count = 3\\n\\n"]}
