;FLAVOR:Marlin
;TIME:1124
;Filament used: 2.59392m
;Layer height: 0.2
;MINX:122.55
;MINY:123.05
;MINZ:0.3
;MAXX:181.45
;MAXY:180.95
;MAXZ:4.3
;TARGET_MACHINE.NAME:SV07 Plus
;Generated with Cura_SteamEngine 5.10.2
M140 S50
M105
M190 S50
M104 S195
M105
M109 S195
G28 ;Home

G92 E0 ;Reset Extruder
G1 Z2.0 F3000 ;Move Z Axis up
G1 X10.1 Y20 Z0.28 F5000.0 ;Move to start position
G1 X10.1 Y200.0 Z0.28 F1500.0 E15 ;Draw the first line
G1 X10.4 Y200.0 Z0.28 F5000.0 ;Move to side a little
G1 X10.4 Y20 Z0.28 F1500.0 E30 ;Draw the second line
G92 E0 ;Reset Extruder
G1 Z2.0 F3000 ;Move Z Axis up

M82 ;absolute extrusion mode
G92 E0
G92 E0
G1 F2400 E-0.5
;LAYER_COUNT:19
;LAYER:0
M107
M204 S1000
G1 F600 Z0.7
G0 F5040 X123.881 Y124.638 Z0.7
;TYPE:SKIRT
G1 F600 Z0.3
G1 F2400 E0
G1 F2100 X124.559 Y124.019 E0.08615
G1 X125.572 Y123.424 E0.1964
G1 X126.97 Y123.05 E0.33221
G1 X176.668 Y123.06 E4.99604
G1 X177.768 Y123.202 E5.10013
G1 X177.961 Y123.258 E5.11899
G1 X179.081 Y123.777 E5.23483
G1 X179.859 Y124.377 E5.32703
G1 X180.481 Y125.06 E5.41372
G1 X181.076 Y126.071 E5.52381
G1 X181.45 Y127.47 E5.6597
G1 X181.432 Y176.264 E10.2387
G1 X181.281 Y177.38 E10.34439
G1 X180.727 Y178.575 E10.46799
G1 X180.119 Y179.362 E10.56132
G1 X179.441 Y179.981 E10.64748
G1 X178.428 Y180.576 E10.75772
G1 X177.03 Y180.95 E10.89353
G1 X127.196 Y180.95 E15.57013
G1 X125.954 Y180.704 E15.68894
G1 X124.927 Y180.228 E15.79517
G1 X124.137 Y179.621 E15.88866
G1 X123.519 Y178.943 E15.97475
G1 X122.923 Y177.926 E16.08537
G1 X122.55 Y176.531 E16.22089
G1 X122.568 Y127.736 E20.79998
G1 X122.719 Y126.62 E20.90566
G1 X123.273 Y125.425 E21.02927
G1 X123.881 Y124.638 E21.1226
G0 F5040 X124.364 Y125.091
G1 F2100 X124.956 Y124.551 E21.19779
G1 X125.827 Y124.039 E21.29261
G1 X127.058 Y123.71 E21.41218
G1 X176.584 Y123.715 E26.05987
G1 X177.684 Y123.857 E26.16396
G1 X178.735 Y124.344 E26.27266
G1 X179.409 Y124.864 E26.35255
G1 X179.949 Y125.456 E26.42774
G1 X180.461 Y126.327 E26.52256
G1 X180.79 Y127.558 E26.64213
G1 X180.778 Y176.176 E31.20462
G1 X180.641 Y177.191 E31.30073
G1 X180.157 Y178.234 E31.40863
G1 X179.636 Y178.909 E31.48865
G1 X179.044 Y179.449 E31.56385
G1 X178.173 Y179.961 E31.65866
G1 X176.942 Y180.29 E31.77824
G1 X127.258 Y180.29 E36.44076
G1 X126.163 Y180.073 E36.54551
G1 X125.268 Y179.658 E36.63809
G1 X124.589 Y179.136 E36.71847
G1 X124.052 Y178.547 E36.79327
G1 X123.539 Y177.672 E36.88845
G1 X123.21 Y176.442 E37.00794
G1 X123.222 Y127.824 E41.57042
G1 X123.359 Y126.809 E41.66653
G1 X123.843 Y125.766 E41.77444
G1 X124.364 Y125.091 E41.85446
G0 F5040 X124.853 Y125.538
G1 F2100 X125.349 Y125.085 E41.91749
G1 X126.082 Y124.655 E41.99724
G1 X127.147 Y124.37 E42.1007
G1 X176.5 Y124.37 E46.73216
G1 X177.5 Y124.499 E46.82678
G1 X178.39 Y124.911 E46.91882
G1 X178.962 Y125.353 E46.98665
G1 X179.415 Y125.849 E47.04969
G1 X179.845 Y126.582 E47.12944
G1 X180.13 Y127.647 E47.2329
G1 X180.124 Y176.088 E51.77877
G1 X180.001 Y177.002 E51.86532
G1 X179.589 Y177.89 E51.95718
G1 X179.147 Y178.462 E52.02502
G1 X178.651 Y178.915 E52.08806
G1 X177.918 Y179.345 E52.16781
G1 X176.853 Y179.63 E52.27127
G1 X127.32 Y179.63 E56.91962
G1 X126.372 Y179.442 E57.01031
G1 X125.609 Y179.088 E57.08925
G1 X125.041 Y178.651 E57.1565
G1 X124.585 Y178.151 E57.22001
G1 X124.155 Y177.418 E57.29976
G1 X123.87 Y176.353 E57.40322
G1 X123.876 Y127.912 E61.94909
G1 X123.999 Y126.998 E62.03563
G1 X124.411 Y126.11 E62.1275
G1 X124.853 Y125.538 E62.19534
G0 F5040 X125.339 Y125.987
G1 F2100 X125.742 Y125.619 E62.24655
G1 X126.336 Y125.271 E62.31115
G1 X127.236 Y125.03 E62.39859
G1 X176.5 Y125.03 E67.02169
G1 X177.315 Y125.14 E67.09887
G1 X178.047 Y125.479 E67.17457
G1 X178.513 Y125.839 E67.22983
G1 X178.881 Y126.242 E67.28105
G1 X179.229 Y126.836 E67.34565
G1 X179.47 Y127.736 E67.43309
G1 X179.47 Y176 E71.96235
G1 X179.36 Y176.815 E72.03952
G1 X179.021 Y177.547 E72.11523
G1 X178.661 Y178.013 E72.17049
G1 X178.258 Y178.381 E72.2217
G1 X177.664 Y178.729 E72.28631
G1 X176.764 Y178.97 E72.37374
G1 X127.384 Y178.97 E77.00773
G1 X126.579 Y178.81 E77.08475
G1 X125.954 Y178.521 E77.14937
G1 X125.487 Y178.161 E77.20471
G1 X125.119 Y177.758 E77.25592
G1 X124.771 Y177.164 E77.32053
G1 X124.53 Y176.264 E77.40796
G1 X124.53 Y128 E81.93722
G1 X124.64 Y127.185 E82.0144
G1 X124.979 Y126.453 E82.0901
G1 X125.339 Y125.987 E82.14536
G0 F5040 X125.846 Y126.41
G1 F2100 X126.137 Y126.152 E82.18186
G1 X126.591 Y125.886 E82.23124
G1 X127.324 Y125.69 E82.30244
G1 X176.5 Y125.69 E86.91729
G1 X177.126 Y125.78 E86.97664
G1 X177.769 Y126.078 E87.04314
G1 X178.09 Y126.346 E87.08239
G1 X178.348 Y126.637 E87.11888
G1 X178.614 Y127.091 E87.16826
G1 X178.81 Y127.824 E87.23947
G1 X178.81 Y176 E91.76047
G1 X178.72 Y176.626 E91.81982
G1 X178.422 Y177.269 E91.88633
G1 X178.154 Y177.59 E91.92557
G1 X177.863 Y177.848 E91.96206
G1 X177.409 Y178.114 E92.01144
G1 X176.676 Y178.31 E92.08265
G1 X127.446 Y178.31 E96.70256
G1 X126.786 Y178.179 E96.76571
G1 X126.231 Y177.922 E96.8231
G1 X125.91 Y177.654 E96.86234
G1 X125.652 Y177.363 E96.89884
G1 X125.386 Y176.909 E96.94822
G1 X125.19 Y176.176 E97.01942
G1 X125.19 Y128 E101.54043
G1 X125.28 Y127.374 E101.59978
G1 X125.578 Y126.731 E101.66628
G1 X125.846 Y126.41 E101.70553
G0 F5040 X126.284 Y126.904
G1 F2100 X126.575 Y126.646 E101.74202
G1 X126.843 Y126.502 E101.77057
G1 X127.412 Y126.35 E101.82584
G1 X176.5 Y126.35 E106.43243
G1 X176.937 Y126.42 E106.47396
G1 X177.413 Y126.64 E106.52317
G1 X177.596 Y126.784 E106.54502
G1 X177.854 Y127.075 E106.58152
G1 X177.998 Y127.343 E106.61007
G1 X178.15 Y127.912 E106.66534
G1 X178.15 Y176 E111.17809
G1 X178.08 Y176.437 E111.21962
G1 X177.86 Y176.913 E111.26883
G1 X177.716 Y177.096 E111.29068
G1 X177.425 Y177.354 E111.32718
G1 X177.157 Y177.498 E111.35573
G1 X176.588 Y177.65 E111.411
G1 X127.5 Y177.65 E116.01758
G1 X127.063 Y177.58 E116.05912
G1 X126.587 Y177.36 E116.10833
G1 X126.404 Y177.216 E116.13018
G1 X126.146 Y176.925 E116.16668
G1 X126.002 Y176.657 E116.19523
G1 X125.85 Y176.088 E116.25049
G1 X125.85 Y128 E120.76324
G1 X125.92 Y127.563 E120.80477
G1 X126.14 Y127.087 E120.85398
G1 X126.284 Y126.904 E120.87583
G1 F2400 E120.37583
G1 F600 Z0.7
G0 F5040 X127.209 Y127.844 Z0.7
G1 F600 Z0.3
G1 F2400 E120.87583
G1 F2100 X127.318 Y127.725 E120.89098
G1 X127.5 Y127.67 E120.90882
G1 X176.5 Y127.67 E125.50715
G1 X176.656 Y127.709 E125.52224
G1 X176.775 Y127.818 E125.53739
G1 X176.83 Y128 E125.55523
G1 X176.83 Y176 E130.05971
G1 X176.791 Y176.156 E130.0748
G1 X176.682 Y176.275 E130.08995
G1 X176.5 Y176.33 E130.10779
G1 X127.5 Y176.33 E134.70612
G1 X127.344 Y176.291 E134.72121
G1 X127.225 Y176.182 E134.73635
G1 X127.17 Y176 E134.7542
G1 X127.17 Y128 E139.25868
G1 X127.209 Y127.844 E139.27377
G0 F5040 X126.569 Y127.684
G1 F2100 X126.722 Y127.398 E139.30421
G1 X127.013 Y127.14 E139.34071
G1 X127.5 Y127.01 E139.38801
G1 X176.5 Y127.01 E143.98634
G1 X176.816 Y127.069 E144.01651
G1 X177.102 Y127.222 E144.04695
G1 X177.36 Y127.513 E144.08344
G1 X177.49 Y128 E144.13074
G1 X177.49 Y176 E148.63523
G1 X177.431 Y176.316 E148.6654
G1 X177.278 Y176.602 E148.69584
G1 X176.987 Y176.86 E148.73233
G1 X176.5 Y176.99 E148.77963
G1 X127.5 Y176.99 E153.37796
G1 X127.184 Y176.931 E153.40813
G1 X126.898 Y176.778 E153.43857
G1 X126.64 Y176.487 E153.47507
G1 X126.51 Y176 E153.52237
G1 X126.51 Y128 E158.02685
G1 X126.569 Y127.684 E158.05702
G1 F2400 E157.55702
G1 F600 Z0.7
;MESH:case_VL53L8+RP2040-up.stl
G0 F5040 X132.653 Y137.208 Z0.7
;TYPE:WALL-OUTER
G1 F600 Z0.3
G1 F2400 E158.05702
G1 F2100 X132.224 Y137.316 E158.09854
G1 X131.736 Y137.309 E158.14434
G1 X131.383 Y137.221 E158.17848
G1 X130.993 Y137.024 E158.21948
G1 X130.657 Y136.74 E158.26077
G1 X130.4 Y136.384 E158.30197
G1 X130.214 Y135.913 E158.34949
G1 X130.171 Y135.537 E158.38501
G1 X130.211 Y135.103 E158.42591
G1 X130.4 Y134.612 E158.47528
G1 X130.657 Y134.256 E158.51649
G1 X130.993 Y133.972 E158.55777
G1 X131.373 Y133.778 E158.59781
G1 X131.759 Y133.682 E158.63514
G1 X132.261 Y133.687 E158.68225
G1 X132.686 Y133.803 E158.72359
G1 X133.071 Y134.016 E158.76488
G1 X133.343 Y134.256 E158.79892
G1 X133.6 Y134.612 E158.84013
G1 X133.765 Y135.023 E158.88169
G1 X133.83 Y135.5 E158.92687
G1 X133.775 Y135.944 E158.96885
G1 X133.62 Y136.351 E159.00972
G1 X133.343 Y136.74 E159.05454
G1 X133.019 Y137.018 E159.0946
G1 X132.653 Y137.208 E159.1333
G1 F2400 E158.6333
G1 F600 Z0.7
G0 F5040 X151.219 Y136.748 Z0.7
G1 F600 Z0.3
G1 F2400 E159.1333
G1 F2100 X151.036 Y136.829 E159.15208
G1 X140.98 Y136.83 E160.09577
G1 X140.816 Y136.775 E160.112
G1 X140.714 Y136.666 E160.12601
G1 X140.671 Y136.532 E160.13922
G1 X140.67 Y130.933 E160.66465
G1 X140.736 Y130.802 E160.67841
G1 X140.943 Y130.675 E160.7012
G1 X151 Y130.67 E161.64499
G1 X151.156 Y130.708 E161.66005
G1 X151.264 Y130.802 E161.67349
G1 X151.33 Y130.933 E161.68726
G1 X151.329 Y136.534 E162.21287
G1 X151.219 Y136.748 E162.23545
G1 F2400 E161.73545
G1 F600 Z0.7
G0 F5040 X160.671 Y137.2 Z0.7
G1 F600 Z0.3
G1 F2400 E162.23545
G1 F2100 X160.199 Y137.318 E162.28111
G1 X159.791 Y137.318 E162.3194
G1 X159.363 Y137.215 E162.36071
G1 X158.965 Y137.008 E162.40281
G1 X158.632 Y136.715 E162.44443
G1 X158.381 Y136.353 E162.48577
G1 X158.214 Y135.912 E162.53003
G1 X158.17 Y135.5 E162.56891
G1 X158.232 Y135.02 E162.61433
G1 X158.4 Y134.612 E162.65574
G1 X158.657 Y134.256 E162.69694
G1 X158.993 Y133.972 E162.73823
G1 X159.384 Y133.775 E162.77931
G1 X159.759 Y133.682 E162.81557
G1 X160.261 Y133.687 E162.86268
G1 X160.686 Y133.803 E162.90402
G1 X161.071 Y134.016 E162.94531
G1 X161.396 Y134.316 E162.98682
G1 X161.633 Y134.672 E163.02696
G1 X161.771 Y135.039 E163.06375
G1 X161.83 Y135.479 E163.10541
G1 X161.782 Y135.913 E163.14639
G1 X161.63 Y136.33 E163.18804
G1 X161.385 Y136.695 E163.22929
G1 X161.057 Y136.991 E163.27075
G1 X160.671 Y137.2 E163.31195
G1 F2400 E162.81195
G1 F600 Z0.7
G0 F5040 X169.413 Y140.282 Z0.7
G1 F600 Z0.3
G1 F2400 E163.31195
G1 F2100 X169 Y140.33 E163.35096
G1 X168.584 Y140.282 E163.39026
G1 X168.144 Y140.12 E163.43426
G1 X167.756 Y139.843 E163.479
G1 X167.503 Y139.555 E163.51498
G1 X167.275 Y139.113 E163.56165
G1 X167.179 Y138.713 E163.60025
G1 X167.178 Y138.297 E163.63929
G1 X167.294 Y137.83 E163.68445
G1 X167.497 Y137.452 E163.72471
G1 X167.793 Y137.121 E163.76638
G1 X168.136 Y136.885 E163.80545
G1 X168.583 Y136.714 E163.85037
G1 X169 Y136.67 E163.88972
G1 X169.476 Y136.732 E163.93476
G1 X169.834 Y136.871 E163.9708
G1 X170.24 Y137.157 E164.01741
G1 X170.524 Y137.493 E164.05869
G1 X170.721 Y137.883 E164.0997
G1 X170.818 Y138.316 E164.14134
G1 X170.814 Y138.737 E164.18085
G1 X170.721 Y139.113 E164.2172
G1 X170.525 Y139.506 E164.25841
G1 X170.24 Y139.843 E164.29983
G1 X169.884 Y140.1 E164.34103
G1 X169.413 Y140.282 E164.38842
G1 F2400 E163.88842
G1 F600 Z0.7
G0 F5040 X173.698 Y157.764 Z0.7
G1 F600 Z0.3
G1 F2400 E164.38842
G1 F2100 X173.567 Y157.83 E164.40218
G1 X167.966 Y157.829 E164.9278
G1 X167.834 Y157.786 E164.94083
G1 X167.724 Y157.683 E164.95497
G1 X167.67 Y157.523 E164.97082
G1 X167.672 Y147.463 E165.91488
G1 X167.777 Y147.255 E165.93675
G1 X167.968 Y147.171 E165.95633
G1 X173.567 Y147.17 E166.48176
G1 X173.698 Y147.236 E166.49552
G1 X173.792 Y147.344 E166.50896
G1 X173.83 Y147.5 E166.52403
G1 X173.826 Y157.558 E167.46791
G1 X173.698 Y157.764 E167.49067
G1 F2400 E166.99067
G1 F600 Z0.7
G0 F5040 X169.413 Y168.282 Z0.7
G1 F600 Z0.3
G1 F2400 E167.49067
G1 F2100 X169 Y168.33 E167.52968
G1 X168.599 Y168.284 E167.56756
G1 X168.183 Y168.137 E167.60897
G1 X167.797 Y167.882 E167.65238
G1 X167.489 Y167.536 E167.69585
G1 X167.28 Y167.129 E167.73879
G1 X167.187 Y166.761 E167.77441
G1 X167.18 Y166.272 E167.8203
G1 X167.289 Y165.841 E167.86202
G1 X167.496 Y165.454 E167.90321
G1 X167.781 Y165.132 E167.94356
G1 X168.143 Y164.881 E167.9849
G1 X168.584 Y164.714 E168.02915
G1 X169 Y164.67 E168.06841
G1 X169.476 Y164.732 E168.11346
G1 X169.884 Y164.9 E168.15486
G1 X170.24 Y165.157 E168.19607
G1 X170.524 Y165.493 E168.23735
G1 X170.721 Y165.883 E168.27836
G1 X170.818 Y166.316 E168.32
G1 X170.814 Y166.737 E168.35951
G1 X170.721 Y167.113 E168.39586
G1 X170.525 Y167.506 E168.43707
G1 X170.24 Y167.843 E168.47849
G1 X169.873 Y168.107 E168.52091
G1 X169.413 Y168.282 E168.5671
G1 F2400 E168.0671
G1 F600 Z0.7
G0 F5040 X160.613 Y170.221 Z0.7
G1 F600 Z0.3
G1 F2400 E168.5671
G1 F2100 X160.237 Y170.314 E168.60345
G1 X159.735 Y170.309 E168.65056
G1 X159.383 Y170.221 E168.68461
G1 X158.993 Y170.024 E168.72561
G1 X158.657 Y169.74 E168.7669
G1 X158.4 Y169.384 E168.8081
G1 X158.214 Y168.913 E168.85562
G1 X158.17 Y168.5 E168.8946
G1 X158.224 Y168.042 E168.93788
G1 X158.381 Y167.643 E168.97812
G1 X158.631 Y167.282 E169.01932
G1 X158.98 Y166.979 E169.0627
G1 X159.336 Y166.791 E169.10048
G1 X159.766 Y166.681 E169.14213
G1 X160.198 Y166.678 E169.18267
G1 X160.642 Y166.784 E169.22551
G1 X161.045 Y166.995 E169.2682
G1 X161.343 Y167.256 E169.30537
G1 X161.612 Y167.63 E169.34861
G1 X161.778 Y168.065 E169.3923
G1 X161.83 Y168.481 E169.43164
G1 X161.776 Y168.94 E169.47501
G1 X161.628 Y169.335 E169.5146
G1 X161.343 Y169.74 E169.56107
G1 X161.006 Y170.025 E169.60249
G1 X160.613 Y170.221 E169.6437
G1 F2400 E169.1437
G1 F600 Z0.7
G0 F5040 X151.264 Y172.699 Z0.7
G1 F600 Z0.3
G1 F2400 E169.6437
G1 F2100 X151.057 Y172.826 E169.66649
G1 X141 Y172.83 E170.61028
G1 X140.844 Y172.792 E170.62534
G1 X140.736 Y172.699 E170.63872
G1 X140.67 Y172.567 E170.65257
G1 X140.673 Y166.949 E171.17978
G1 X140.751 Y166.782 E171.19708
G1 X140.938 Y166.675 E171.2173
G1 X151.036 Y166.671 E172.16493
G1 X151.152 Y166.706 E172.1763
G1 X151.294 Y166.848 E172.19514
G1 X151.33 Y166.976 E172.20762
G1 X151.33 Y172.567 E172.7323
G1 X151.264 Y172.699 E172.74615
G1 F2400 E172.24615
G1 F600 Z0.7
G0 F5040 X132.613 Y170.221 Z0.7
G1 F600 Z0.3
G1 F2400 E172.74615
G1 F2100 X132.237 Y170.314 E172.7825
G1 X131.735 Y170.309 E172.82961
G1 X131.373 Y170.218 E172.86464
G1 X130.993 Y170.024 E172.90468
G1 X130.657 Y169.74 E172.94596
G1 X130.4 Y169.384 E172.98717
G1 X130.214 Y168.913 E173.03469
G1 X130.171 Y168.537 E173.0702
G1 X130.211 Y168.103 E173.11111
G1 X130.4 Y167.612 E173.16048
G1 X130.657 Y167.256 E173.20168
G1 X130.993 Y166.972 E173.24297
G1 X131.383 Y166.775 E173.28397
G1 X131.736 Y166.687 E173.31811
G1 X132.224 Y166.68 E173.36391
G1 X132.651 Y166.787 E173.40522
G1 X133.034 Y166.988 E173.44581
G1 X133.369 Y167.282 E173.48764
G1 X133.62 Y167.645 E173.52906
G1 X133.772 Y168.042 E173.56895
G1 X133.83 Y168.5 E173.61227
G1 X133.782 Y168.913 E173.65129
G1 X133.6 Y169.384 E173.69868
G1 X133.343 Y169.74 E173.73988
G1 X133.006 Y170.025 E173.7813
G1 X132.613 Y170.221 E173.82251
G1 F2400 E173.32251
G1 F600 Z0.7
G0 F5040 X176.17 Y175.67 Z0.7
G1 F600 Z0.3
G1 F2400 E173.82251
G1 F2100 X176.17 Y128.33 E178.26506
G1 X127.83 Y128.33 E182.80146
G1 X127.83 Y175.67 E187.24401
G1 X176.17 Y175.67 E191.7804
G1 F2400 E191.2804
G1 F600 Z0.7
G0 F5040 X175.51 Y175.01 Z0.7
;TYPE:WALL-INNER
G1 F600 Z0.3
G1 F2400 E191.7804
G1 F2100 X175.51 Y158.25 E193.35322
G1 F1833.3 X175.415 Y157.761 E193.40676
G1 F1628.7 X175.415 Y157.077 E193.48953
G1 F1630.6 X175.416 Y156.393 E193.57219
G1 F1632.5 X175.416 Y155.709 E193.65477
G1 F1634.4 X175.416 Y155.025 E193.73724
G1 X175.417 Y154.341 E193.81971
G1 F1636.4 X175.417 Y153.657 E193.90209
G1 F1638.3 X175.417 Y152.973 E193.98437
G1 X175.418 Y152.289 E194.06664
G1 F1640.2 X175.418 Y151.605 E194.14883
G1 F1642.2 X175.418 Y150.921 E194.23091
G1 F1644.1 X175.419 Y150.237 E194.3129
G1 X175.419 Y149.553 E194.39488
G1 F1646.1 X175.419 Y148.869 E194.47677
G1 F1648 X175.42 Y148.185 E194.55857
G1 F1650 X175.42 Y147.501 E194.64026
G1 F1848 X175.51 Y146.75 E194.72092
G1 F2100 X175.51 Y128.99 E196.38758
G1 X151.75 Y128.99 E198.6173
G1 F1848 X151 Y129.08 E198.69786
G1 F1650 X150.359 Y129.08 E198.77441
G1 F1648 X149.718 Y129.081 E198.85106
G1 F1646.1 X149.077 Y129.081 E198.92781
G1 F1644.1 X148.436 Y129.081 E199.00464
G1 X147.795 Y129.082 E199.08147
G1 F1642.2 X147.154 Y129.082 E199.1584
G1 F1640.2 X146.513 Y129.083 E199.23541
G1 F1638.3 X145.872 Y129.083 E199.31252
G1 X145.231 Y129.083 E199.38962
G1 F1636.4 X144.59 Y129.084 E199.46682
G1 F1634.4 X143.949 Y129.084 E199.54411
G1 F1632.5 X143.308 Y129.084 E199.62149
G1 X142.667 Y129.085 E199.69887
G1 F1630.6 X142.026 Y129.085 E199.77634
G1 F1628.7 X141.385 Y129.086 E199.8539
G1 F1626.8 X140.744 Y129.086 E199.93155
G1 F1833.3 X140.25 Y128.99 E199.98565
G1 F2100 X128.49 Y128.99 E201.08925
G1 X128.491 Y134.206 E201.57873
G1 F2074.9 X128.498 Y134.571 E201.61341
G1 F1800 X128.593 Y134.972 E201.65853
G1 F1623 X128.583 Y135.334 E201.7025
G1 F1642.2 X128.583 Y135.668 E201.74258
G1 F1615.4 X128.596 Y136.12 E201.79775
G1 F1736.8 X128.521 Y136.425 E201.83339
G1 F2002.9 X128.491 Y136.79 E201.86942
G1 F2100 X128.491 Y167.206 E204.72376
G1 F2074.9 X128.498 Y167.571 E204.75844
G1 F1800 X128.593 Y167.972 E204.80356
G1 F1623 X128.583 Y168.334 E204.84753
G1 F1642.2 X128.583 Y168.668 E204.88761
G1 F1615.4 X128.596 Y169.12 E204.94278
G1 F1736.8 X128.521 Y169.425 E204.97842
G1 F2002.9 X128.491 Y169.79 E205.01445
G1 F2100 X128.49 Y175.01 E205.50431
G1 X175.51 Y175.01 E209.91683
G1 F2400 E209.41683
G1 F600 Z0.7
G0 F5040 X174.85 Y174.35 Z0.7
G1 F600 Z0.3
G1 F2400 E209.91683
G1 F2100 X174.85 Y158.402 E211.41345
G1 X174.49 Y158.82 E211.46522
G1 X173.963 Y159.085 E211.52057
G1 X173.5 Y159.15 E211.56445
G1 X167.871 Y159.15 E212.09269
G1 X167.524 Y159.081 E212.1259
G1 X167.065 Y158.86 E212.1737
G1 X166.719 Y158.541 E212.21787
G1 X166.546 Y158.282 E212.2471
G1 X166.4 Y157.906 E212.28495
G1 X166.353 Y157.614 E212.3127
G1 X166.352 Y147.412 E213.27009
G1 X166.419 Y147.025 E213.30695
G1 X166.581 Y146.656 E213.34477
G1 X166.889 Y146.279 E213.39045
G1 X167.341 Y145.986 E213.441
G1 X167.877 Y145.85 E213.4929
G1 X173.5 Y145.85 E214.02058
G1 X173.963 Y145.915 E214.06446
G1 X174.49 Y146.18 E214.11981
G1 X174.85 Y146.598 E214.17158
G1 X174.85 Y129.65 E215.76204
G1 X151.9 Y129.65 E217.91575
G1 X152.32 Y130.01 E217.96766
G1 X152.584 Y130.537 E218.02297
G1 X152.65 Y131 E218.06686
G1 X152.651 Y136.623 E218.59454
G1 X152.581 Y136.974 E218.62813
G1 X152.361 Y137.434 E218.67598
G1 X152.095 Y137.736 E218.71375
G1 X151.691 Y137.999 E218.75899
G1 X151.356 Y138.112 E218.79217
G1 X151.09 Y138.148 E218.81736
G1 X140.903 Y138.148 E219.77334
G1 X140.467 Y138.062 E219.81504
G1 X139.98 Y137.798 E219.86703
G1 X139.639 Y137.434 E219.91383
G1 X139.414 Y136.958 E219.96324
G1 X139.35 Y136.623 E219.99525
G1 X139.35 Y131 E220.52293
G1 X139.416 Y130.537 E220.56682
G1 X139.68 Y130.01 E220.62213
G1 X140.1 Y129.65 E220.67405
G1 X129.15 Y129.65 E221.70163
G1 X129.151 Y134.169 E222.12571
G1 X129.517 Y133.567 E222.19183
G1 X129.784 Y133.266 E222.22958
G1 X130.373 Y132.806 E222.29972
G1 X131.009 Y132.509 E222.36559
G1 X131.531 Y132.382 E222.416
G1 X132.18 Y132.358 E222.47695
G1 X132.581 Y132.407 E222.51486
G1 X133.299 Y132.635 E222.58556
G1 X133.944 Y133.026 E222.65634
G1 X134.483 Y133.567 E222.728
G1 X134.873 Y134.218 E222.79922
G1 X135.094 Y134.939 E222.86999
G1 X135.15 Y135.5 E222.9229
G1 X135.073 Y136.222 E222.99104
G1 X134.824 Y136.913 E223.05996
G1 X134.403 Y137.55 E223.13162
G1 X133.834 Y138.071 E223.20402
G1 X133.122 Y138.458 E223.28007
G1 X132.396 Y138.624 E223.34995
G1 X131.816 Y138.638 E223.4044
G1 X131.063 Y138.501 E223.47622
G1 X130.373 Y138.19 E223.54725
G1 X129.784 Y137.73 E223.61738
G1 X129.517 Y137.429 E223.65514
G1 X129.151 Y136.827 E223.72126
G1 X129.151 Y167.169 E226.56865
G1 X129.517 Y166.567 E226.63477
G1 X129.784 Y166.266 E226.67253
G1 X130.373 Y165.806 E226.74266
G1 X131.063 Y165.495 E226.81369
G1 X131.816 Y165.358 E226.88551
G1 X132.396 Y165.372 E226.93996
G1 X133.064 Y165.525 E227.00427
G1 X133.782 Y165.888 E227.07977
G1 X134.402 Y166.444 E227.15792
G1 X134.786 Y167.026 E227.22335
G1 X135.076 Y167.762 E227.29759
G1 X135.15 Y168.5 E227.36719
G1 X135.082 Y169.141 E227.42769
G1 X134.873 Y169.778 E227.4906
G1 X134.483 Y170.429 E227.56182
G1 X134.216 Y170.73 E227.59957
G1 X133.619 Y171.193 E227.67047
G1 X132.933 Y171.501 E227.74104
G1 X132.465 Y171.614 E227.78622
G1 X131.816 Y171.638 E227.84717
G1 X131.01 Y171.487 E227.92412
G1 X130.373 Y171.19 E227.99008
G1 X129.784 Y170.73 E228.06021
G1 X129.517 Y170.429 E228.09797
G1 X129.151 Y169.827 E228.16408
G1 X129.15 Y174.35 E228.58854
G1 X140.125 Y174.35 E229.61847
G1 F1823.7 X141 Y174.25 E229.71364
G1 X140.223 Y173.956 E229.80341
G1 F2100 X139.68 Y173.491 E229.8705
G1 X139.415 Y172.963 E229.92594
G1 X139.35 Y172.5 E229.96982
G1 X139.352 Y166.901 E230.49525
G1 X139.414 Y166.544 E230.52925
G1 X139.532 Y166.244 E230.5595
G1 X139.759 Y165.912 E230.59725
G1 X140.221 Y165.544 E230.65268
G1 X140.463 Y165.439 E230.67743
G1 X140.902 Y165.352 E230.71943
G1 X151.09 Y165.352 E231.67551
G1 X151.468 Y165.417 E231.7115
G1 X151.711 Y165.51 E231.73592
G1 X152.17 Y165.836 E231.78875
G1 X152.468 Y166.244 E231.83616
G1 X152.584 Y166.536 E231.86565
G1 X152.647 Y166.884 E231.89884
G1 X152.65 Y172.5 E232.42586
G1 X152.585 Y172.963 E232.46974
G1 X152.32 Y173.491 E232.52518
G1 X151.777 Y173.956 E232.59227
G1 F1793 X151.304 Y174.237 E232.65274
G1 X151.875 Y174.35 E232.71671
G1 F2100 X174.85 Y174.35 E234.87277
G1 F2400 E234.37277
G1 F600 Z0.7
G0 F5040 X151.304 Y174.237 Z0.7
G1 F600 Z0.3
G1 F2400 E234.87277
G1 F1587.6 X151 Y174.25 E234.91054
G1 F1611.6 X141 Y174.25 E236.13334
G0 F5040 X141 Y173.49
G1 F2100 X140.534 Y173.374 E236.17841
G1 X140.208 Y173.095 E236.21868
G1 X140.049 Y172.778 E236.25196
G1 X140.01 Y172.5 E236.2783
G1 X140.011 Y166.94 E236.80007
G1 X140.119 Y166.546 E236.83841
G1 X140.255 Y166.347 E236.86103
G1 X140.445 Y166.179 E236.88483
G1 X140.748 Y166.042 E236.91604
G1 X140.941 Y166.011 E236.93438
G1 X151.087 Y166.013 E237.88652
G1 X151.381 Y166.085 E237.91492
G1 X151.745 Y166.347 E237.95701
G1 X151.881 Y166.546 E237.97963
G1 X151.988 Y166.93 E238.01704
G1 X151.99 Y172.5 E238.53974
G1 X151.951 Y172.778 E238.56609
G1 X151.792 Y173.095 E238.59937
G1 X151.466 Y173.374 E238.63964
G1 X151.131 Y173.49 E238.67291
G1 X141 Y173.49 E239.62363
G1 F2400 E239.12363
G1 F600 Z0.7
G0 F5040 X134.255 Y169.545 Z0.7
G1 F600 Z0.3
G1 F2400 E239.62363
G1 F2100 X133.94 Y170.054 E239.67981
G1 X133.508 Y170.475 E239.73641
G1 X132.993 Y170.777 E239.79244
G1 X132.351 Y170.964 E239.85519
G1 X131.816 Y170.978 E239.90542
G1 X131.192 Y170.852 E239.96516
G1 X130.683 Y170.607 E240.01817
G1 X130.22 Y170.235 E240.0739
G1 X130.06 Y170.054 E240.09657
G1 X129.748 Y169.555 E240.1518
G1 F2002.9 X129.588 Y169.226 E240.1878
G1 F1736.8 X129.46 Y169.045 E240.21295
G1 F1615.4 X129.424 Y168.621 E240.26487
G1 F1642.2 X129.424 Y168.38 E240.29379
G1 F1623 X129.454 Y168.019 E240.33777
G1 F1800 X129.609 Y167.778 E240.36914
G1 F2074.9 X129.748 Y167.441 E240.40377
G1 F2100 X130.06 Y166.942 E240.459
G1 X130.22 Y166.761 E240.48167
G1 X130.683 Y166.389 E240.5374
G1 X131.223 Y166.135 E240.59341
G1 X131.816 Y166.018 E240.65013
G1 X132.31 Y166.026 E240.69649
G1 X132.887 Y166.171 E240.75232
G1 X133.398 Y166.437 E240.80639
G1 X133.857 Y166.838 E240.86358
G1 X134.203 Y167.336 E240.92049
G1 X134.402 Y167.847 E240.97195
G1 X134.49 Y168.5 E241.03379
G1 X134.432 Y169.027 E241.08354
G1 X134.255 Y169.545 E241.13491
G1 F2400 E240.63491
G1 F600 Z0.7
G0 F5040 X157.51 Y168.5 Z0.7
G1 F600 Z0.3
G1 F2400 E241.13491
G1 F2100 X157.594 Y167.847 E241.19669
G1 X157.799 Y167.331 E241.2488
G1 X158.143 Y166.838 E241.30521
G1 X158.644 Y166.411 E241.36699
G1 X159.124 Y166.165 E241.4176
G1 X159.736 Y166.021 E241.47661
G1 X160.354 Y166.033 E241.53461
G1 X160.86 Y166.161 E241.58359
G1 X161.396 Y166.428 E241.63979
G1 X161.874 Y166.856 E241.7
G1 X162.178 Y167.291 E241.7498
G1 X162.404 Y167.852 E241.80656
G1 X162.489 Y168.445 E241.86278
G1 X162.414 Y169.106 E241.92521
G1 X162.227 Y169.612 E241.97583
G1 X161.94 Y170.054 E242.02529
G1 X161.508 Y170.475 E242.08189
G1 X160.993 Y170.777 E242.13792
G1 X160.351 Y170.964 E242.20067
G1 X159.683 Y170.981 E242.26338
G1 X158.999 Y170.775 E242.33041
G1 X158.492 Y170.475 E242.3857
G1 X158.06 Y170.054 E242.44231
G1 X157.749 Y169.555 E242.49748
G1 X157.564 Y169.027 E242.54999
G1 X157.51 Y168.5 E242.5997
G0 F5040 X156.85 Y168.5
G1 F2100 X156.918 Y167.764 E242.66906
G1 X157.218 Y167.019 E242.74443
G1 X157.599 Y166.444 E242.80916
G1 X158.217 Y165.889 E242.88711
G1 X158.898 Y165.545 E242.95871
G1 X159.516 Y165.38 E243.01874
G1 X160.369 Y165.357 E243.09882
G1 X161.143 Y165.554 E243.17377
G1 X161.809 Y165.906 E243.24446
G1 X162.294 Y166.34 E243.30553
G1 X162.745 Y166.953 E243.37695
G1 X163.036 Y167.661 E243.44879
G1 X163.165 Y168.522 E243.53049
G1 X163.053 Y169.272 E243.60165
G1 X162.827 Y169.889 E243.66331
G1 X162.483 Y170.429 E243.7234
G1 X162.216 Y170.73 E243.76116
G1 X161.619 Y171.193 E243.83206
G1 X160.933 Y171.501 E243.90262
G1 X160.465 Y171.614 E243.9478
G1 X159.816 Y171.638 E244.00875
G1 X159.063 Y171.501 E244.08057
G1 X158.689 Y171.357 E244.11818
G1 X158.056 Y170.97 E244.18781
G1 X157.517 Y170.429 E244.25948
G1 X157.133 Y169.794 E244.32911
G1 X156.914 Y169.141 E244.39375
G1 X156.85 Y168.5 E244.4542
G1 F2400 E243.9542
G1 F600 Z0.7
G0 F5040 X166.533 Y166.857 Z0.7
G1 F600 Z0.3
G1 F2400 E244.4542
G1 F2100 X166.52 Y166.249 E244.51127
G1 X166.667 Y165.596 E244.57408
G1 X166.962 Y165.066 E244.63101
G1 X167.337 Y164.644 E244.68399
G1 X167.831 Y164.299 E244.74053
G1 X168.415 Y164.07 E244.7994
G1 X169 Y164.01 E244.85458
G1 X169.715 Y164.116 E244.92242
G1 X170.258 Y164.356 E244.97813
G1 X170.735 Y164.72 E245.03444
G1 X171.107 Y165.183 E245.09017
G1 X171.361 Y165.723 E245.14617
G1 X171.478 Y166.316 E245.2029
G1 X171.464 Y166.851 E245.25312
G1 X171.361 Y167.273 E245.29388
G1 X171.109 Y167.813 E245.34981
G1 X170.735 Y168.28 E245.40595
G1 X170.157 Y168.717 E245.47395
G1 X169.527 Y168.932 E245.53642
G1 X169 Y168.99 E245.58618
G1 X168.519 Y168.939 E245.63157
G1 X167.951 Y168.755 E245.6876
G1 X167.385 Y168.397 E245.75045
G1 X166.981 Y167.959 E245.80636
G1 X166.668 Y167.403 E245.86624
G1 X166.533 Y166.857 E245.91902
G0 F5040 X165.884 Y166.974
G1 F2100 X165.861 Y166.204 E245.99131
G1 X166.047 Y165.358 E246.0726
G1 X166.417 Y164.677 E246.14533
G1 X166.945 Y164.098 E246.21887
G1 X167.576 Y163.68 E246.2899
G1 X168.274 Y163.422 E246.35973
G1 X169 Y163.35 E246.4282
G1 X169.541 Y163.4 E246.47918
G1 X170.294 Y163.633 E246.55315
G1 X170.929 Y164.017 E246.62279
G1 X171.47 Y164.556 E246.69446
G1 X171.857 Y165.189 E246.76408
G1 X172.089 Y165.915 E246.83561
G1 X172.138 Y166.316 E246.87352
G1 X172.115 Y166.965 E246.93446
G1 X172.001 Y167.433 E246.97966
G1 X171.862 Y167.8 E247.01649
G1 X171.47 Y168.444 E247.08724
G1 X170.929 Y168.983 E247.15891
G1 X170.278 Y169.373 E247.23012
G1 X169.641 Y169.582 E247.29304
G1 X169 Y169.65 E247.35353
G1 X168.439 Y169.595 E247.40643
G1 X167.718 Y169.373 E247.47722
G1 X167.363 Y169.187 E247.51483
G1 X166.972 Y168.913 E247.55964
G1 X166.389 Y168.288 E247.63985
G1 X166.042 Y167.615 E247.71091
G1 X165.884 Y166.974 E247.77286
G1 F2400 E247.27286
G1 F600 Z0.7
G0 F5040 X167.714 Y158.449 Z0.7
G1 F600 Z0.3
G1 F2400 E247.77286
G1 F2100 X167.439 Y158.316 E247.80153
G1 X167.231 Y158.125 E247.82803
G1 X167.127 Y157.969 E247.84562
G1 X167.012 Y157.569 E247.88468
G1 X167.011 Y147.447 E248.83456
G1 X167.068 Y147.163 E248.86175
G1 X167.183 Y146.94 E248.88529
G1 X167.503 Y146.643 E248.92626
G1 X167.904 Y146.514 E248.96579
G1 X173.5 Y146.51 E249.49094
G1 X173.778 Y146.549 E249.51729
G1 X174.094 Y146.708 E249.55048
G1 X174.375 Y147.033 E249.5908
G1 F1848 X174.58 Y147.5 E249.64519
G1 F1650 X174.58 Y148.953 E249.81873
G1 F1648 X174.58 Y150.406 E249.99248
G1 F1646.1 X174.58 Y151.859 E250.16643
G1 X174.58 Y153.312 E250.34039
G1 F1644.1 X174.58 Y154.765 E250.51455
G1 F1642.2 X174.58 Y156.218 E250.68892
G1 F1640.2 X174.58 Y157.671 E250.8635
G1 F1843.1 X174.375 Y157.967 E250.90199
G1 F2100 X174.094 Y158.292 E250.94231
G1 X173.778 Y158.451 E250.97551
G1 X173.5 Y158.49 E251.00185
G1 X167.898 Y158.485 E251.52757
G1 X167.714 Y158.449 E251.54516
G1 F2400 E251.04516
G1 F600 Z0.7
G0 F5040 X169 Y140.99 Z0.7
G1 F600 Z0.3
G1 F2400 E251.54516
G1 F2100 X168.414 Y140.926 E251.60048
G1 X167.834 Y140.703 E251.65879
G1 X167.337 Y140.356 E251.71568
G1 X166.981 Y139.959 E251.76572
G1 X166.659 Y139.378 E251.82805
G1 X166.522 Y138.777 E251.8859
G1 X166.519 Y138.181 E251.94183
G1 X166.682 Y137.582 E252.00009
G1 X166.965 Y137.062 E252.05565
G1 X167.333 Y136.64 E252.10819
G1 X167.808 Y136.312 E252.16236
G1 X168.39 Y136.072 E252.22144
G1 X169 Y136.01 E252.27898
G1 X169.467 Y136.056 E252.32302
G1 X170.109 Y136.271 E252.38655
G1 X170.664 Y136.631 E252.44863
G1 X171.107 Y137.183 E252.51505
G1 X171.361 Y137.723 E252.57105
G1 X171.478 Y138.316 E252.62778
G1 X171.464 Y138.851 E252.678
G1 X171.361 Y139.273 E252.71876
G1 X171.109 Y139.813 E252.77469
G1 X170.735 Y140.28 E252.83083
G1 X170.167 Y140.713 E252.89786
G1 X169.527 Y140.932 E252.96134
G1 X169 Y140.99 E253.01109
G0 F5040 X169 Y141.65
G1 F2100 X168.278 Y141.574 E253.07922
G1 X167.585 Y141.325 E253.14832
G1 X166.944 Y140.902 E253.2204
G1 X166.413 Y140.311 E253.29495
G1 X166.057 Y139.647 E253.36566
G1 X165.886 Y138.988 E253.42955
G1 X165.86 Y138.221 E253.50157
G1 X165.906 Y137.917 E253.53042
G1 X166.087 Y137.295 E253.59121
G1 X166.392 Y136.718 E253.65246
G1 X166.83 Y136.215 E253.71505
G1 X167.48 Y135.74 E253.7906
G1 X168.042 Y135.501 E253.84791
G1 X168.355 Y135.414 E253.8784
G1 X169 Y135.35 E253.93922
G1 X169.541 Y135.4 E253.99021
G1 X169.954 Y135.501 E254.03011
G1 X170.383 Y135.671 E254.07341
G1 X170.929 Y136.017 E254.13407
G1 X171.47 Y136.556 E254.20574
G1 X171.857 Y137.189 E254.27537
G1 X172.089 Y137.915 E254.34689
G1 X172.138 Y138.316 E254.3848
G1 X172.115 Y138.965 E254.44574
G1 X172.001 Y139.433 E254.49095
G1 X171.862 Y139.8 E254.52778
G1 X171.47 Y140.444 E254.59853
G1 X170.929 Y140.983 E254.67019
G1 X170.278 Y141.373 E254.74141
G1 X169.641 Y141.582 E254.80432
G1 X169 Y141.65 E254.86481
G1 F2400 E254.36481
G1 F600 Z0.7
G0 F5040 X161.877 Y137.143 Z0.7
G1 F600 Z0.3
G1 F2400 E254.86481
G1 F2100 X161.466 Y137.509 E254.91646
G1 X160.878 Y137.838 E254.97969
G1 X160.235 Y137.977 E255.04142
G1 X159.624 Y137.96 E255.09879
G1 X159.076 Y137.812 E255.15205
G1 X158.601 Y137.558 E255.2026
G1 X158.144 Y137.159 E255.25953
G1 X157.799 Y136.665 E255.31608
G1 X157.57 Y136.082 E255.37486
G1 X157.51 Y135.5 E255.42977
G1 X157.616 Y134.781 E255.49797
G1 X157.856 Y134.238 E255.55368
G1 X158.221 Y133.761 E255.61005
G1 X158.492 Y133.521 E255.64402
G1 X158.999 Y133.221 E255.6993
G1 X159.645 Y133.032 E255.76247
G1 X160.313 Y133.015 E255.82517
G1 X160.993 Y133.219 E255.8918
G1 X161.508 Y133.521 E255.94782
G1 X161.94 Y133.942 E256.00443
G1 X162.242 Y134.418 E256.05733
G1 X162.399 Y134.838 E256.09941
G1 X162.489 Y135.438 E256.15635
G1 X162.412 Y136.116 E256.22038
G1 X162.217 Y136.645 E256.27329
G1 X161.877 Y137.143 E256.32988
G0 F5040 X162.323 Y137.627
G1 F2100 X161.808 Y138.087 E256.39468
G1 X161.148 Y138.44 E256.46492
G1 X160.381 Y138.636 E256.53921
G1 X159.602 Y138.634 E256.61231
G1 X158.862 Y138.447 E256.68394
G1 X158.212 Y138.102 E256.753
G1 X157.599 Y137.553 E256.83022
G1 X157.18 Y136.92 E256.90146
G1 X156.922 Y136.224 E256.97112
G1 X156.85 Y135.5 E257.03939
G1 X156.9 Y134.957 E257.09057
G1 X157.133 Y134.202 E257.16472
G1 X157.517 Y133.567 E257.23436
G1 X158.056 Y133.026 E257.30602
G1 X158.689 Y132.639 E257.37565
G1 X159.064 Y132.495 E257.41334
G1 X159.531 Y132.382 E257.45843
G1 X160.18 Y132.358 E257.51938
G1 X160.581 Y132.407 E257.55729
G1 X161.299 Y132.635 E257.62799
G1 X161.944 Y133.026 E257.69877
G1 X162.483 Y133.567 E257.77043
G1 X162.851 Y134.164 E257.83625
G1 X163.058 Y134.717 E257.89166
G1 X163.158 Y135.479 E257.96378
G1 X163.072 Y136.228 E258.03453
G1 X162.789 Y136.994 E258.11116
G1 X162.323 Y137.627 E258.18493
G1 F2400 E257.68493
G1 F600 Z0.7
G0 F5040 X151.985 Y136.601 Z0.7
G1 F600 Z0.3
G1 F2400 E258.18493
G1 F2100 X151.907 Y136.899 E258.21384
G1 X151.657 Y137.242 E258.25367
G1 X151.381 Y137.415 E258.28423
G1 X151.087 Y137.487 E258.31264
G1 X140.942 Y137.489 E259.26468
G1 X140.68 Y137.438 E259.28973
G1 X140.45 Y137.324 E259.31382
G1 X140.266 Y137.166 E259.33658
G1 X140.091 Y136.895 E259.36685
G1 X140.014 Y136.596 E259.39583
G1 X140.01 Y131 E259.92098
G1 X140.049 Y130.722 E259.94732
G1 X140.208 Y130.406 E259.98052
G1 X140.534 Y130.126 E260.02085
G1 F1840.6 X140.826 Y129.92 E260.05911
G1 F1638.3 X142.098 Y129.92 E260.21212
G1 F1640.2 X143.37 Y129.92 E260.36494
G1 F1642.2 X144.642 Y129.92 E260.51759
G1 F1644.1 X145.914 Y129.92 E260.67006
G1 X147.186 Y129.92 E260.82252
G1 F1646.1 X148.458 Y129.92 E260.97481
G1 F1648 X149.73 Y129.92 E261.12691
G1 F1650 X151.002 Y129.92 E261.27884
G1 F1848 X151.466 Y130.126 E261.33298
G1 F2100 X151.792 Y130.406 E261.37331
G1 X151.951 Y130.722 E261.4065
G1 X151.99 Y131 E261.43285
G1 X151.985 Y136.601 E261.95846
G1 F2400 E261.45846
G1 F600 Z0.7
G0 F5040 X134.49 Y135.5 Z0.7
G1 F600 Z0.3
G1 F2400 E261.95846
G1 F2100 X134.426 Y136.082 E262.01341
G1 X134.203 Y136.661 E262.07164
G1 X133.856 Y137.159 E262.1286
G1 X133.408 Y137.559 E262.18496
G1 X132.895 Y137.822 E262.23906
G1 X132.31 Y137.97 E262.29569
G1 X131.576 Y137.949 E262.36459
G1 X130.999 Y137.775 E262.42115
G1 X130.492 Y137.475 E262.47643
G1 X130.06 Y137.054 E262.53304
G1 X129.748 Y136.555 E262.58827
G1 F2002.9 X129.588 Y136.226 E262.62427
G1 F1736.8 X129.46 Y136.045 E262.64942
G1 F1615.4 X129.424 Y135.621 E262.70133
G1 F1642.2 X129.424 Y135.38 E262.73025
G1 F1623 X129.454 Y135.019 E262.77424
G1 F1800 X129.609 Y134.778 E262.80561
G1 F2074.9 X129.748 Y134.441 E262.84024
G1 F2100 X130.06 Y133.942 E262.89546
G1 X130.22 Y133.761 E262.91814
G1 X130.683 Y133.389 E262.97387
G1 X131.191 Y133.144 E263.0268
G1 X131.645 Y133.032 E263.07068
G1 X132.313 Y133.015 E263.13339
G1 X132.993 Y133.219 E263.20001
G1 X133.508 Y133.521 E263.25604
G1 X133.94 Y133.942 E263.31265
G1 X134.255 Y134.451 E263.36882
G1 X134.439 Y135.019 E263.42485
G1 X134.49 Y135.5 E263.47024
G1 F2400 E262.97024
G1 F600 Z0.7
G0 F5040 X160.417 Y139.254 Z0.7
;TYPE:SKIN
G1 F600 Z0.3
G1 F2400 E263.47024
G1 F2100 X159.538 Y139.246 E263.55273
G1 X158.795 Y139.065 E263.6245
G1 X158.448 Y138.926 E263.65958
G1 X157.785 Y138.542 E263.73148
G1 X157.17 Y138.014 E263.80754
G1 X156.622 Y137.191 E263.90033
G1 X156.314 Y136.341 E263.98517
G1 X156.235 Y135.528 E264.06183
G1 X156.294 Y134.852 E264.12551
G1 X156.417 Y134.329 E264.17593
G1 X156.807 Y133.506 E264.26139
G1 X157.041 Y133.171 E264.29974
G1 X157.658 Y132.55 E264.38189
G1 X158.432 Y132.076 E264.46706
G1 X158.921 Y131.89 E264.51616
G1 X159.419 Y131.774 E264.56415
G1 X160.238 Y131.746 E264.64105
G1 X161.114 Y131.907 E264.72463
G1 X161.609 Y132.102 E264.77456
G1 X162.337 Y132.55 E264.85478
G1 X162.98 Y133.201 E264.94065
G1 X163.421 Y133.928 E265.02044
G1 X163.618 Y134.47 E265.07456
G1 X163.704 Y134.852 E265.1113
G1 X163.761 Y135.592 E265.18095
G1 X163.676 Y136.37 E265.2544
G1 X163.351 Y137.24 E265.34155
G1 X162.831 Y137.993 E265.42743
G1 X162.17 Y138.588 E265.51089
G1 X161.343 Y139.021 E265.59849
G1 X160.417 Y139.254 E265.6881
G1 F2400 E265.1881
G1 F600 Z0.7
G0 F5040 X169.741 Y142.186 Z0.7
G1 F600 Z0.3
G1 F2400 E265.6881
G1 F2100 X169.001 Y142.265 E265.75794
G1 X168.146 Y142.177 E265.8386
G1 X167.315 Y141.881 E265.92138
G1 X166.541 Y141.371 E266.00837
G1 X165.97 Y140.742 E266.08809
G1 X165.761 Y140.421 E266.12404
G1 X165.467 Y139.812 E266.1875
G1 X165.251 Y138.976 E266.26853
G1 X165.247 Y138.043 E266.35608
G1 X165.461 Y137.169 E266.44053
G1 X165.875 Y136.373 E266.52472
G1 X166.492 Y135.665 E266.61285
G1 X167.175 Y135.201 E266.69034
G1 X167.844 Y134.918 E266.75851
G1 X168.239 Y134.806 E266.79704
G1 X169.031 Y134.735 E266.87166
G1 X169.647 Y134.795 E266.92974
G1 X170.181 Y134.928 E266.98139
G1 X170.676 Y135.128 E267.03149
G1 X171.308 Y135.529 E267.10173
G1 X171.706 Y135.89 E267.15215
G1 X172.23 Y136.569 E267.23264
G1 X172.597 Y137.396 E267.31755
G1 X172.756 Y138.286 E267.40239
G1 X172.722 Y139.073 E267.47631
G1 X172.582 Y139.634 E267.53057
G1 X172.233 Y140.421 E267.61136
G1 X171.664 Y141.151 E267.69822
G1 X171.256 Y141.505 E267.74891
G1 X170.513 Y141.943 E267.82985
G1 X169.741 Y142.186 E267.9058
G1 F2400 E267.4058
G1 F600 Z0.7
G0 F5040 X169.741 Y170.186 Z0.7
G1 F600 Z0.3
G1 F2400 E267.9058
G1 F2100 X169.035 Y170.261 E267.97243
G1 X168.322 Y170.197 E268.03961
G1 X167.818 Y170.069 E268.08841
G1 X167.058 Y169.721 E268.16685
G1 X166.482 Y169.318 E268.23282
G1 X165.95 Y168.711 E268.30857
G1 X165.762 Y168.418 E268.34124
G1 X165.44 Y167.732 E268.41235
G1 X165.271 Y167.073 E268.4762
G1 X165.241 Y166.025 E268.57458
G1 X165.472 Y165.133 E268.66105
G1 X165.903 Y164.333 E268.74633
G1 X166.556 Y163.615 E268.83741
G1 X167.304 Y163.122 E268.92148
G1 X168.147 Y162.818 E269.00557
G1 X169.03 Y162.735 E269.0888
G1 X169.602 Y162.787 E269.1427
G1 X170.196 Y162.932 E269.20008
G1 X170.979 Y163.296 E269.28111
G1 X171.677 Y163.858 E269.36521
G1 X172.23 Y164.569 E269.44974
G1 X172.597 Y165.396 E269.53465
G1 X172.756 Y166.286 E269.61949
G1 X172.722 Y167.073 E269.69341
G1 X172.582 Y167.634 E269.74767
G1 X172.233 Y168.421 E269.82847
G1 X171.664 Y169.151 E269.91532
G1 X171.273 Y169.494 E269.96413
G1 X170.88 Y169.756 E270.00846
G1 X170.482 Y169.951 E270.05005
G1 X169.741 Y170.186 E270.123
G1 F2400 E269.623
G1 F600 Z0.7
G0 F5040 X161.075 Y172.102 Z0.7
G1 F600 Z0.3
G1 F2400 E270.123
G1 F2100 X160.574 Y172.218 E270.17126
G1 X159.812 Y172.254 E270.24285
G1 X158.938 Y172.106 E270.32604
G1 X158.377 Y171.889 E270.38248
G1 X157.657 Y171.441 E270.46206
G1 X157.018 Y170.798 E270.54713
G1 X156.56 Y170.028 E270.63121
G1 X156.306 Y169.246 E270.70837
G1 X156.235 Y168.529 E270.77598
G1 X156.292 Y167.853 E270.83965
G1 X156.364 Y167.501 E270.87336
G1 X156.623 Y166.81 E270.94261
G1 X157.163 Y165.99 E271.03475
G1 X157.88 Y165.369 E271.12377
G1 X158.72 Y164.943 E271.21215
G1 X159.566 Y164.746 E271.29367
G1 X160.432 Y164.742 E271.37494
G1 X161.265 Y164.952 E271.45556
G1 X162.109 Y165.354 E271.54329
G1 X162.732 Y165.904 E271.62127
G1 X163.274 Y166.634 E271.7066
G1 X163.612 Y167.435 E271.78818
G1 X163.759 Y168.339 E271.87413
G1 X163.747 Y168.792 E271.91666
G1 X163.633 Y169.507 E271.9846
G1 X163.347 Y170.24 E272.05844
G1 X162.955 Y170.821 E272.12421
G1 X162.367 Y171.413 E272.20252
G1 X161.882 Y171.75 E272.25794
G1 X161.075 Y172.102 E272.34056
G1 F2400 E271.84056
G1 F600 Z0.7
G0 F5040 X153.263 Y172.54 Z0.7
G1 F600 Z0.3
G1 F2400 E272.34056
G1 F2100 X153.177 Y173.143 E272.39772
G1 X152.881 Y173.733 E272.45967
G1 X174.234 Y173.734 E274.46351
G1 X174.234 Y159.631 E275.78698
G1 X174.092 Y159.683 E275.80117
G1 X173.491 Y159.766 E275.85811
G1 X167.796 Y159.757 E276.39255
G1 X167.331 Y159.667 E276.43699
G1 X166.706 Y159.361 E276.5023
G1 X166.229 Y158.921 E276.5632
G1 X166.008 Y158.586 E276.60086
G1 X165.803 Y158.066 E276.65331
G1 X165.74 Y157.677 E276.69029
G1 X165.734 Y147.377 E277.65688
G1 X165.86 Y146.738 E277.718
G1 X166.123 Y146.226 E277.77202
G1 X166.477 Y145.816 E277.82285
G1 X167.083 Y145.421 E277.89074
G1 X167.807 Y145.238 E277.96081
G1 X173.538 Y145.236 E278.49863
G1 X174.089 Y145.313 E278.55084
G1 X174.234 Y145.365 E278.5653
G1 X174.234 Y130.266 E279.98224
G1 X153.131 Y130.266 E281.96262
G1 X153.183 Y130.408 E281.97681
G1 X153.263 Y130.956 E282.02878
G1 X153.26 Y136.706 E282.56838
G1 X153.163 Y137.165 E282.61241
G1 X152.872 Y137.778 E282.67609
G1 X152.516 Y138.184 E282.72676
G1 X152.045 Y138.509 E282.78046
G1 X151.673 Y138.663 E282.81824
G1 X151.128 Y138.762 E282.87023
G1 X140.862 Y138.762 E283.83362
G1 X140.6 Y138.728 E283.85842
G1 X140.094 Y138.575 E283.90802
G1 X139.746 Y138.39 E283.94501
G1 X139.346 Y138.049 E283.99434
G1 X139.105 Y137.738 E284.03126
G1 X138.824 Y137.143 E284.09301
G1 X138.737 Y136.692 E284.13611
G1 X138.737 Y130.958 E284.67421
G1 X138.812 Y130.41 E284.72612
G1 X138.865 Y130.266 E284.74052
G1 X129.766 Y130.266 E285.5944
G1 X129.766 Y132.474 E285.8016
G1 X130.098 Y132.252 E285.83908
G1 X130.84 Y131.914 E285.9156
G1 X131.423 Y131.774 E285.97187
G1 X132.238 Y131.746 E286.04839
G1 X133.114 Y131.907 E286.13198
G1 X133.609 Y132.102 E286.1819
G1 X134.339 Y132.551 E286.26233
G1 X134.984 Y133.2 E286.3482
G1 X135.446 Y133.984 E286.4336
G1 X135.705 Y134.873 E286.52049
G1 X135.762 Y135.5 E286.57957
G1 X135.677 Y136.351 E286.65983
G1 X135.386 Y137.167 E286.74113
G1 X134.847 Y137.994 E286.83377
G1 X134.124 Y138.619 E286.92345
G1 X133.276 Y139.05 E287.01272
G1 X132.507 Y139.23 E287.08684
G1 X131.789 Y139.255 E287.15426
G1 X130.938 Y139.106 E287.23533
G1 X130.432 Y138.916 E287.28606
G1 X129.766 Y138.511 E287.3592
G1 X129.766 Y165.484 E289.89044
G1 X130.377 Y165.103 E289.95802
G1 X130.938 Y164.89 E290.01433
G1 X131.789 Y164.741 E290.09541
G1 X132.506 Y164.766 E290.16273
G1 X133.345 Y164.96 E290.24355
G1 X134.213 Y165.436 E290.33645
G1 X134.888 Y166.06 E290.42271
G1 X135.328 Y166.738 E290.49856
G1 X135.68 Y167.607 E290.58655
G1 X135.762 Y168.5 E290.6707
G1 X135.686 Y169.241 E290.7406
G1 X135.444 Y170.011 E290.81635
G1 X134.984 Y170.792 E290.90141
G1 X134.367 Y171.413 E290.98356
G1 X133.882 Y171.75 E291.03898
G1 X133.075 Y172.102 E291.1216
G1 X132.574 Y172.218 E291.16986
G1 X131.774 Y172.252 E291.24501
G1 X131.302 Y172.192 E291.28966
G1 X130.841 Y172.078 E291.33422
G1 X130.098 Y171.74 E291.41082
G1 X129.766 Y171.518 E291.4483
G1 X129.766 Y173.734 E291.65626
G1 X139.117 Y173.734 E292.53379
G1 X138.819 Y173.139 E292.59624
G1 X138.734 Y172.492 E292.65748
G1 X138.739 Y166.825 E293.18929
G1 X138.822 Y166.373 E293.23241
G1 X139.003 Y165.925 E293.27776
G1 X139.319 Y165.478 E293.32913
G1 X139.626 Y165.194 E293.36838
G1 X140.277 Y164.851 E293.43743
G1 X140.841 Y164.736 E293.49145
G1 X151.139 Y164.736 E294.45785
G1 X151.824 Y164.884 E294.52361
G1 X152.485 Y165.278 E294.59583
G1 X152.857 Y165.701 E294.64869
G1 X153.167 Y166.345 E294.71576
G1 X153.263 Y166.855 E294.76446
G1 X153.263 Y172.54 E295.29796
G1 F2400 E294.79796
G1 F600 Z0.7
G0 F5040 X130.468 Y173.404 Z0.7
G1 F600 Z0.3
G1 F2400 E295.29796
G1 F2100 X130.096 Y173.031 E295.3474
G1 F2400 E294.8474
G1 F600 Z0.7
G0 F5040 X130.104 Y172.106 Z0.7
G1 F600 Z0.3
G1 F2400 E295.3474
G1 F2100 X131.402 Y173.404 E295.51966
G0 F5040 X131.476 Y172.545
G1 F2100 X132.335 Y173.404 E295.63366
G0 F5040 X132.418 Y172.554
G1 F2100 X133.268 Y173.404 E295.74647
G1 F2400 E295.24647
G1 F600 Z0.7
G0 F5040 X134.202 Y173.404 Z0.7
G1 F600 Z0.3
G1 F2400 E295.74647
G1 F2100 X133.208 Y172.41 E295.87839
G0 F5040 X133.855 Y172.124
G1 F2100 X135.135 Y173.404 E296.04826
G1 F2400 E295.54826
G1 F600 Z0.7
G0 F5040 X136.069 Y173.404 Z0.7
G1 F600 Z0.3
G1 F2400 E296.04826
G1 F2100 X134.433 Y171.768 E296.26539
G0 F5040 X134.922 Y171.323
G1 F2100 X137.002 Y173.404 E296.5415
G1 F2400 E296.0415
G1 F600 Z0.7
G0 F5040 X137.935 Y173.404 Z0.7
G1 F600 Z0.3
G1 F2400 E296.5415
G1 F2100 X135.351 Y170.819 E296.8845
G0 F5040 X135.696 Y170.231
G1 F2100 X138.468 Y173.004 E297.25245
G1 F2400 E296.75245
G1 F600 Z0.7
G0 F5040 X138.404 Y172.006 Z0.7
G1 F600 Z0.3
G1 F2400 E297.25245
G1 F2100 X135.936 Y169.538 E297.57999
G0 F5040 X136.071 Y168.739
G1 F2100 X138.404 Y171.072 E297.88961
G1 F2400 E297.38961
G1 F600 Z0.7
G0 F5040 X138.404 Y170.139 Z0.7
G1 F600 Z0.3
G1 F2400 E297.88961
G1 F2100 X136.026 Y167.761 E298.20521
G1 X135.949 Y167.684
G1 F2400 E297.70521
G1 F600 Z0.7
G0 F5040 X135.323 Y166.124 Z0.7
G1 F600 Z0.3
G1 F2400 E298.20521
G1 F2100 X138.404 Y169.206 E298.61417
G1 F2400 E298.11417
G1 F600 Z0.7
G0 F5040 X138.404 Y168.272 Z0.7
G1 F600 Z0.3
G1 F2400 E298.61417
G1 F2100 X130.096 Y159.964 E299.71676
G1 F2400 E299.21676
G1 F600 Z0.7
G0 F5040 X130.096 Y160.897 Z0.7
G1 F600 Z0.3
G1 F2400 E299.71676
G1 F2100 X134.306 Y165.107 E300.27549
G1 X134.383 Y165.184
G1 F2400 E299.77549
G1 F600 Z0.7
G0 F5040 X132.748 Y164.483 Z0.7
G1 F600 Z0.3
G1 F2400 E300.27549
G1 F2100 X130.096 Y161.831 E300.62745
G1 F2400 E300.12745
G1 F600 Z0.7
G0 F5040 X130.096 Y162.764 Z0.7
G1 F600 Z0.3
G1 F2400 E300.62745
G1 F2100 X131.745 Y164.413 E300.8463
G0 F5040 X130.951 Y164.552
G1 F2100 X130.096 Y163.697 E300.95977
G1 F2400 E300.45977
G1 F600 Z0.7
G0 F5040 X130.096 Y164.631 Z0.7
G1 F600 Z0.3
G1 F2400 E300.95977
G1 F2100 X130.262 Y164.797 E300.9818
G1 F2400 E300.4818
G1 F600 Z0.7
G0 F5040 X130.096 Y159.03 Z0.7
G1 F600 Z0.3
G1 F2400 E300.9818
G1 F2100 X138.404 Y167.339 E302.08446
G0 F5040 X138.471 Y166.472
G1 F2100 X130.096 Y158.097 E303.19595
G1 F2400 E302.69595
G1 F600 Z0.7
G0 F5040 X130.096 Y157.164 Z0.7
G1 F600 Z0.3
G1 F2400 E303.19595
G1 F2100 X138.709 Y165.777 E304.33902
G0 F5040 X139.106 Y165.241
G1 F2100 X130.096 Y156.23 E305.53484
G1 F2400 E305.03484
G1 F600 Z0.7
G0 F5040 X130.096 Y155.297 Z0.7
G1 F600 Z0.3
G1 F2400 E305.53484
G1 F2100 X139.618 Y164.819 E306.79855
G0 F5040 X140.253 Y164.52
G1 F2100 X130.096 Y154.364 E308.14647
G1 F2400 E307.64647
G1 F600 Z0.7
G0 F5040 X130.096 Y153.43 Z0.7
G1 F600 Z0.3
G1 F2400 E308.14647
G1 F2100 X141.073 Y164.408 E309.60335
G1 F2400 E309.10335
G1 F600 Z0.7
G0 F5040 X142.007 Y164.408 Z0.7
G1 F600 Z0.3
G1 F2400 E309.60335
G1 F2100 X130.096 Y152.497 E311.18411
G1 F2400 E310.68411
G1 F600 Z0.7
G0 F5040 X130.096 Y151.563 Z0.7
G1 F600 Z0.3
G1 F2400 E311.18411
G1 F2100 X142.94 Y164.408 E312.88877
G1 F2400 E312.38877
G1 F600 Z0.7
G0 F5040 X143.873 Y164.407 Z0.7
G1 F600 Z0.3
G1 F2400 E312.88877
G1 F2100 X130.096 Y150.63 E314.71718
G1 F2400 E314.21718
G1 F600 Z0.7
G0 F5040 X130.096 Y149.697 Z0.7
G1 F600 Z0.3
G1 F2400 E314.71718
G1 F2100 X144.806 Y164.407 E316.66941
G1 F2400 E316.16941
G1 F600 Z0.7
G0 F5040 X145.74 Y164.407 Z0.7
G1 F600 Z0.3
G1 F2400 E316.66941
G1 F2100 X130.096 Y148.763 E318.7456
G1 F2400 E318.2456
G1 F600 Z0.7
G0 F5040 X130.096 Y147.83 Z0.7
G1 F600 Z0.3
G1 F2400 E318.7456
G1 F2100 X146.672 Y164.407 E320.94554
G1 F2400 E320.44554
G1 F600 Z0.7
G0 F5040 X147.606 Y164.407 Z0.7
G1 F600 Z0.3
G1 F2400 E320.94554
G1 F2100 X130.096 Y146.896 E323.26945
G1 F2400 E322.76945
G1 F600 Z0.7
G0 F5040 X130.096 Y145.963 Z0.7
G1 F600 Z0.3
G1 F2400 E323.26945
G1 F2100 X148.539 Y164.407 E325.71717
G1 F2400 E325.21717
G1 F600 Z0.7
G0 F5040 X149.472 Y164.406 Z0.7
G1 F600 Z0.3
G1 F2400 E325.71717
G1 F2100 X130.096 Y145.03 E328.28865
G1 F2400 E327.78865
G1 F600 Z0.7
G0 F5040 X130.096 Y144.096 Z0.7
G1 F600 Z0.3
G1 F2400 E328.28865
G1 F2100 X150.405 Y164.406 E330.98402
G1 F2400 E330.48402
G1 F600 Z0.7
G0 F5040 X151.387 Y164.455 Z0.7
G1 F600 Z0.3
G1 F2400 E330.98402
G1 F2100 X130.096 Y143.163 E333.80971
G1 F2400 E333.30971
G1 F600 Z0.7
G0 F5040 X130.096 Y142.23 Z0.7
G1 F600 Z0.3
G1 F2400 E333.80971
G1 F2100 X155.941 Y168.075 E337.23973
G0 F5040 X156.087 Y167.288
G1 F2100 X130.096 Y141.296 E340.68918
G1 F2400 E340.18918
G1 F600 Z0.7
G0 F5040 X130.096 Y140.363 Z0.7
G1 F600 Z0.3
G1 F2400 E340.68918
G1 F2100 X156.351 Y166.618 E344.1736
G0 F5040 X156.721 Y166.055
G1 F2100 X130.096 Y139.429 E347.7072
G1 F2400 E347.2072
G1 F600 Z0.7
G0 F5040 X131.063 Y139.463 Z0.7
G1 F600 Z0.3
G1 F2400 E347.7072
G1 F2100 X157.159 Y165.56 E351.17059
G0 F5040 X157.659 Y165.126
G1 F2100 X132.11 Y139.577 E354.56132
G0 F5040 X132.935 Y139.468
G1 F2100 X158.27 Y164.804 E357.92371
G0 F5040 X158.95 Y164.55
G1 F2100 X133.637 Y139.237 E361.28312
G0 F5040 X134.259 Y138.926
G1 F2100 X159.749 Y164.416 E364.66602
G1 F2400 E364.16602
G1 F600 Z0.7
G0 F5040 X160.742 Y164.476 Z0.7
G1 F600 Z0.3
G1 F2400 E364.66602
G1 F2100 X134.767 Y138.5 E368.11335
G0 F5040 X135.222 Y138.022
G1 F2100 X162.266 Y165.066 E371.70248
G1 X162.343 Y165.143
G1 F2400 E371.20248
G1 F600 Z0.7
G0 F5040 X163.26 Y166.06 Z0.7
G1 F600 Z0.3
G1 F2400 E371.70248
G1 F2100 X165.21 Y168.01 E371.96128
G1 F2400 E371.46128
G1 F600 Z0.7
G0 F5040 X164.934 Y166.801 Z0.7
G1 F600 Z0.3
G1 F2400 E371.96128
G1 F2100 X135.588 Y137.455 E375.85592
G0 F5040 X135.868 Y136.801
G1 F2100 X164.94 Y165.873 E379.71421
G0 F5040 X165.133 Y165.133
G1 F2100 X136.04 Y136.04 E383.57527
G1 F2400 E383.07527
G1 F600 Z0.7
G0 F5040 X136.06 Y135.127 Z0.7
G1 F600 Z0.3
G1 F2400 E383.57527
G1 F2100 X138.801 Y137.867 E383.93898
G1 F2400 E383.43898
G1 F600 Z0.7
G0 F5040 X139.642 Y138.708 Z0.7
G1 F600 Z0.3
G1 F2400 E383.93898
G1 F2100 X165.437 Y164.503 E387.36236
G0 F5040 X165.811 Y163.944
G1 F2100 X140.958 Y139.091 E390.66071
G1 F2400 E390.16071
G1 F600 Z0.7
G0 F5040 X141.892 Y139.091 Z0.7
G1 F600 Z0.3
G1 F2400 E390.66071
G1 F2100 X166.254 Y163.453 E393.89391
G0 F5040 X166.797 Y163.064
G1 F2100 X142.825 Y139.091 E397.07541
G1 F2400 E396.57541
G1 F600 Z0.7
G0 F5040 X143.758 Y139.091 Z0.7
G1 F600 Z0.3
G1 F2400 E397.07541
G1 F2100 X167.403 Y162.736 E400.21345
G0 F5040 X168.092 Y162.492
G1 F2100 X144.691 Y139.091 E403.31911
G1 F2400 E402.81911
G1 F600 Z0.7
G0 F5040 X145.624 Y139.09 Z0.7
G1 F600 Z0.3
G1 F2400 E403.31911
G1 F2100 X168.939 Y162.405 E406.41335
G1 F2400 E405.91335
G1 F600 Z0.7
G0 F5040 X170.012 Y162.545 Z0.7
G1 F600 Z0.3
G1 F2400 E406.41335
G1 F2100 X167.502 Y160.035 E406.74647
G1 F2400 E406.24647
G1 F600 Z0.7
G0 F5040 X168.493 Y160.093 Z0.7
G1 F600 Z0.3
G1 F2400 E406.74647
G1 F2100 X173.904 Y165.504 E407.46459
G1 F2400 E406.96459
G1 F600 Z0.7
G0 F5040 X173.904 Y166.437 Z0.7
G1 F600 Z0.3
G1 F2400 E407.46459
G1 F2100 X172.948 Y165.481 E407.59146
G1 F2400 E407.09146
G1 F600 Z0.7
G0 F5040 X173.074 Y166.54 Z0.7
G1 F600 Z0.3
G1 F2400 E407.59146
G1 F2100 X173.904 Y167.371 E407.70168
G1 F2400 E407.20168
G1 F600 Z0.7
G0 F5040 X172.985 Y167.385 Z0.7
G1 F600 Z0.3
G1 F2400 E407.70168
G1 F2100 X173.904 Y168.304 E407.82365
G1 F2400 E407.32365
G1 F600 Z0.7
G0 F5040 X173.904 Y169.238 Z0.7
G1 F600 Z0.3
G1 F2400 E407.82365
G1 F2100 X172.745 Y168.079 E407.97746
G0 F5040 X172.434 Y168.7
G1 F2100 X173.904 Y170.171 E408.17262
G1 F2400 E407.67262
G1 F600 Z0.7
G0 F5040 X173.904 Y171.104 Z0.7
G1 F600 Z0.3
G1 F2400 E408.17262
G1 F2100 X172.028 Y169.228 E408.42159
G0 F5040 X171.555 Y169.689
G1 F2100 X173.904 Y172.038 E408.73334
G1 F2400 E408.23334
G1 F600 Z0.7
G0 F5040 X173.904 Y172.971 Z0.7
G1 F600 Z0.3
G1 F2400 E408.73334
G1 F2100 X170.996 Y170.063 E409.11927
G0 F5040 X170.341 Y170.341
G1 F2100 X173.403 Y173.403 E409.52565
G1 F2400 E409.02565
G1 F600 Z0.7
G0 F5040 X172.47 Y173.403 Z0.7
G1 F600 Z0.3
G1 F2400 E409.52565
G1 F2100 X169.6 Y170.533 E409.90654
G1 F2400 E409.40654
G1 F600 Z0.7
G0 F5040 X168.702 Y170.568 Z0.7
G1 F600 Z0.3
G1 F2400 E409.90654
G1 F2100 X171.536 Y173.403 E410.28272
G1 F2400 E409.78272
G1 F600 Z0.7
G0 F5040 X170.603 Y173.403 Z0.7
G1 F600 Z0.3
G1 F2400 E410.28272
G1 F2100 X167.474 Y170.274 E410.69798
G1 X167.397 Y170.197
G1 F2400 E410.19798
G1 F600 Z0.7
G0 F5040 X167.803 Y173.403 Z0.7
G1 F600 Z0.3
G1 F2400 E410.69798
G1 F2100 X163.959 Y169.559 E411.20814
G0 F5040 X163.704 Y170.238
G1 F2100 X166.869 Y173.403 E411.62818
G1 F2400 E411.12818
G1 F600 Z0.7
G0 F5040 X165.936 Y173.403 Z0.7
G1 F600 Z0.3
G1 F2400 E411.62818
G1 F2100 X163.356 Y170.823 E411.97058
G0 F5040 X162.922 Y171.322
G1 F2100 X165.003 Y173.403 E412.24676
G1 F2400 E411.74676
G1 F600 Z0.7
G0 F5040 X164.069 Y173.403 Z0.7
G1 F600 Z0.3
G1 F2400 E412.24676
G1 F2100 X162.434 Y171.768 E412.46375
G0 F5040 X161.856 Y172.123
G1 F2100 X163.136 Y173.403 E412.63362
G1 F2400 E412.13362
G1 F600 Z0.7
G0 F5040 X162.203 Y173.403 Z0.7
G1 F600 Z0.3
G1 F2400 E412.63362
G1 F2100 X161.208 Y172.409 E412.76561
G0 F5040 X160.42 Y172.554
G1 F2100 X161.269 Y173.403 E412.87828
G1 F2400 E412.37828
G1 F600 Z0.7
G0 F5040 X160.336 Y173.403 Z0.7
G1 F600 Z0.3
G1 F2400 E412.87828
G1 F2100 X159.467 Y172.535 E412.99355
G0 F5040 X159.402 Y173.403
G1 F2100 X158.112 Y172.113 E413.16475
G1 X158.035 Y172.036
G1 F2400 E412.66475
G1 F600 Z0.7
G0 F5040 X158.469 Y173.403 Z0.7
G1 F600 Z0.3
G1 F2400 E413.16475
G1 F2100 X153.591 Y168.525 E413.81213
G1 F2400 E413.31213
G1 F600 Z0.7
G0 F5040 X153.592 Y167.593 Z0.7
G1 F600 Z0.3
G1 F2400 E413.81213
G1 F2100 X156.394 Y170.395 E414.184
G1 X156.471 Y170.472
G1 F2400 E413.684
G1 F600 Z0.7
G0 F5040 X155.953 Y169.02 Z0.7
G1 F600 Z0.3
G1 F2400 E414.184
G1 F2100 X153.558 Y166.625 E414.50185
G1 X153.481 Y166.548
G1 F2400 E414.00185
G1 F600 Z0.7
G0 F5040 X153.591 Y169.459 Z0.7
G1 F600 Z0.3
G1 F2400 E414.50185
G1 F2100 X157.536 Y173.403 E415.02534
G1 F2400 E414.52534
G1 F600 Z0.7
G0 F5040 X156.602 Y173.403 Z0.7
G1 F600 Z0.3
G1 F2400 E415.02534
G1 F2100 X153.591 Y170.392 E415.42495
G1 F2400 E414.92495
G1 F600 Z0.7
G0 F5040 X153.59 Y171.324 Z0.7
G1 F600 Z0.3
G1 F2400 E415.42495
G1 F2100 X155.669 Y173.403 E415.70086
G1 F2400 E415.20086
G1 F600 Z0.7
G0 F5040 X154.735 Y173.403 Z0.7
G1 F600 Z0.3
G1 F2400 E415.70086
G1 F2100 X153.59 Y172.258 E415.85282
G0 F5040 X153.514 Y173.115
G1 F2100 X153.802 Y173.403 E415.89104
G1 F2400 E415.39104
G1 F600 Z0.7
G0 F5040 X164.079 Y168.746 Z0.7
G1 F600 Z0.3
G1 F2400 E415.89104
G1 F2100 X168.736 Y173.403 E416.50909
G1 F2400 E416.00909
G1 F600 Z0.7
G0 F5040 X169.67 Y173.403 Z0.7
G1 F600 Z0.3
G1 F2400 E416.50909
G1 F2100 X163.994 Y167.727 E417.26238
G1 X163.917 Y167.65
G1 F2400 E416.76238
G1 F600 Z0.7
G0 F5040 X169.427 Y160.093 Z0.7
G1 F600 Z0.3
G1 F2400 E417.26238
G1 F2100 X173.904 Y164.571 E417.85661
G1 F2400 E417.35661
G1 F600 Z0.7
G0 F5040 X173.904 Y163.637 Z0.7
G1 F600 Z0.3
G1 F2400 E417.85661
G1 F2100 X170.361 Y160.094 E418.32682
G1 F2400 E417.82682
G1 F600 Z0.7
G0 F5040 X171.295 Y160.095 Z0.7
G1 F600 Z0.3
G1 F2400 E418.32682
G1 F2100 X173.904 Y162.704 E418.67307
G1 F2400 E418.17307
G1 F600 Z0.7
G0 F5040 X173.904 Y161.77 Z0.7
G1 F600 Z0.3
G1 F2400 E418.67307
G1 F2100 X172.229 Y160.095 E418.89537
G1 F2400 E418.39537
G1 F600 Z0.7
G0 F5040 X173.163 Y160.096 Z0.7
G1 F600 Z0.3
G1 F2400 E418.89537
G1 F2100 X173.904 Y160.837 E418.99371
G1 F2400 E418.49371
G1 F600 Z0.7
G0 F5040 X165.46 Y157.993 Z0.7
G1 F600 Z0.3
G1 F2400 E418.99371
G1 F2100 X146.557 Y139.09 E421.50242
G1 F2400 E421.00242
G1 F600 Z0.7
G0 F5040 X147.49 Y139.089 Z0.7
G1 F600 Z0.3
G1 F2400 E421.50242
G1 F2100 X165.409 Y157.009 E423.8806
G1 F2400 E423.3806
G1 F600 Z0.7
G0 F5040 X165.409 Y156.075 Z0.7
G1 F600 Z0.3
G1 F2400 E423.8806
G1 F2100 X148.423 Y139.089 E426.13489
G1 F2400 E425.63489
G1 F600 Z0.7
G0 F5040 X149.356 Y139.089 Z0.7
G1 F600 Z0.3
G1 F2400 E426.13489
G1 F2100 X165.409 Y155.142 E428.26536
G1 F2400 E427.76536
G1 F600 Z0.7
G0 F5040 X165.409 Y154.209 Z0.7
G1 F600 Z0.3
G1 F2400 E428.26536
G1 F2100 X150.289 Y139.089 E430.27201
G1 F2400 E429.77201
G1 F600 Z0.7
G0 F5040 X151.216 Y139.082 Z0.7
G1 F600 Z0.3
G1 F2400 E430.27201
G1 F2100 X165.409 Y153.275 E432.15563
G1 F2400 E431.65563
G1 F600 Z0.7
G0 F5040 X165.41 Y152.343 Z0.7
G1 F600 Z0.3
G1 F2400 E432.15563
G1 F2100 X151.965 Y138.898 E433.93998
G0 F5040 X152.56 Y138.559
G1 F2100 X165.41 Y151.409 E435.64536
G1 F2400 E435.14536
G1 F600 Z0.7
G0 F5040 X165.41 Y150.476 Z0.7
G1 F600 Z0.3
G1 F2400 E435.64536
G1 F2100 X153.03 Y138.096 E437.28837
G0 F5040 X153.367 Y137.5
G1 F2100 X165.41 Y149.542 E438.88659
G1 F2400 E438.38659
G1 F600 Z0.7
G0 F5040 X165.41 Y148.609 Z0.7
G1 F600 Z0.3
G1 F2400 E438.88659
G1 F2100 X153.58 Y136.779 E440.4566
G1 F2400 E439.9566
G1 F600 Z0.7
G0 F5040 X153.596 Y135.862 Z0.7
G1 F600 Z0.3
G1 F2400 E440.4566
G1 F2100 X165.41 Y147.676 E442.02449
G0 F5040 X165.503 Y146.836
G1 F2100 X153.596 Y134.929 E443.60473
G1 F2400 E443.10473
G1 F600 Z0.7
G0 F5040 X153.596 Y133.995 Z0.7
G1 F600 Z0.3
G1 F2400 E443.60473
G1 F2100 X155.988 Y136.387 E443.92218
G1 F2400 E443.42218
G1 F600 Z0.7
G0 F5040 X155.912 Y135.378 Z0.7
G1 F600 Z0.3
G1 F2400 E443.92218
G1 F2100 X153.596 Y133.062 E444.22955
G1 F2400 E443.72955
G1 F600 Z0.7
G0 F5040 X153.596 Y132.129 Z0.7
G1 F600 Z0.3
G1 F2400 E444.22955
G1 F2100 X156.025 Y134.557 E444.55184
G0 F5040 X156.269 Y133.868
G1 F2100 X153.596 Y131.195 E444.90659
G0 F5040 X153.931 Y130.596
G1 F2100 X156.59 Y133.256 E445.25955
G0 F5040 X157.007 Y132.739
G1 F2100 X154.864 Y130.596 E445.54395
G1 F2400 E445.04395
G1 F600 Z0.7
G0 F5040 X155.798 Y130.596 Z0.7
G1 F600 Z0.3
G1 F2400 E445.54395
G1 F2100 X157.476 Y132.275 E445.76671
G0 F5040 X158.051 Y131.916
G1 F2100 X156.731 Y130.596 E445.9419
G1 F2400 E445.4419
G1 F600 Z0.7
G0 F5040 X157.664 Y130.596 Z0.7
G1 F600 Z0.3
G1 F2400 E445.9419
G1 F2100 X158.693 Y131.625 E446.07846
G0 F5040 X159.446 Y131.445
G1 F2100 X158.598 Y130.596 E446.19107
G1 F2400 E445.69107
G1 F600 Z0.7
G0 F5040 X159.531 Y130.596 Z0.7
G1 F600 Z0.3
G1 F2400 E446.19107
G1 F2100 X160.368 Y131.433 E446.30215
G0 F5040 X160.464 Y130.596
G1 F2100 X161.626 Y131.757 E446.4563
G1 F2400 E445.9563
G1 F600 Z0.7
G0 F5040 X161.398 Y130.596 Z0.7
G1 F600 Z0.3
G1 F2400 E446.4563
G1 F2100 X166.247 Y135.446 E447.0999
G0 F5040 X165.814 Y135.946
G1 F2100 X163.76 Y133.892 E447.3725
G1 F2400 E446.8725
G1 F600 Z0.7
G0 F5040 X164.057 Y135.122 Z0.7
G1 F600 Z0.3
G1 F2400 E447.3725
G1 F2100 X165.438 Y136.503 E447.55578
G0 F5040 X165.131 Y137.13
G1 F2100 X164.042 Y136.04 E447.70037
G0 F5040 X163.868 Y136.8
G1 F2100 X164.948 Y137.879 E447.84363
G1 F2400 E447.34363
G1 F600 Z0.7
G0 F5040 X164.92 Y138.785 Z0.7
G1 F600 Z0.3
G1 F2400 E447.84363
G1 F2100 X163.598 Y137.463 E448.01908
G0 F5040 X163.218 Y138.017
G1 F2100 X165.182 Y139.981 E448.27973
G1 X165.259 Y140.058
G1 F2400 E447.77973
G1 F600 Z0.7
G0 F5040 X162.764 Y138.496 Z0.7
G1 F600 Z0.3
G1 F2400 E448.27973
G1 F2100 X169.173 Y144.905 E449.1303
G1 F2400 E448.6303
G1 F600 Z0.7
G0 F5040 X168.239 Y144.905 Z0.7
G1 F600 Z0.3
G1 F2400 E449.1303
G1 F2100 X162.255 Y138.92 E449.92453
G0 F5040 X161.642 Y139.241
G1 F2100 X167.4 Y144.999 E450.68871
G0 F5040 X166.729 Y145.261
G1 F2100 X160.933 Y139.465 E451.45792
G0 F5040 X160.115 Y139.581
G1 F2100 X166.185 Y145.651 E452.2635
G0 F5040 X165.778 Y146.177
G1 F2100 X159.075 Y139.474 E453.15308
G1 X158.998 Y139.397
G1 F2400 E452.65308
G1 F600 Z0.7
G0 F5040 X167.502 Y142.3 Z0.7
G1 F600 Z0.3
G1 F2400 E453.15308
G1 F2100 X170.107 Y144.906 E453.49887
G1 F2400 E452.99887
G1 F600 Z0.7
G0 F5040 X171.041 Y144.907 Z0.7
G1 F600 Z0.3
G1 F2400 E453.49887
G1 F2100 X168.699 Y142.565 E453.80969
G1 F2400 E453.30969
G1 F600 Z0.7
G0 F5040 X169.6 Y142.532 Z0.7
G1 F600 Z0.3
G1 F2400 E453.80969
G1 F2100 X171.975 Y144.907 E454.12489
G1 F2400 E453.62489
G1 F600 Z0.7
G0 F5040 X172.91 Y144.908 Z0.7
G1 F600 Z0.3
G1 F2400 E454.12489
G1 F2100 X170.343 Y142.341 E454.46557
G0 F5040 X170.983 Y142.049
G1 F2100 X173.886 Y144.951 E454.85077
G1 F2400 E454.35077
G1 F600 Z0.7
G0 F5040 X173.904 Y144.036 Z0.7
G1 F600 Z0.3
G1 F2400 E454.85077
G1 F2100 X171.555 Y141.687 E455.16252
G0 F5040 X172.028 Y141.227
G1 F2100 X173.904 Y143.103 E455.41149
G1 F2400 E454.91149
G1 F600 Z0.7
G0 F5040 X173.904 Y142.169 Z0.7
G1 F600 Z0.3
G1 F2400 E455.41149
G1 F2100 X172.434 Y140.699 E455.60658
G0 F5040 X172.745 Y140.077
G1 F2100 X173.904 Y141.236 E455.7604
G1 F2400 E455.2604
G1 F600 Z0.7
G0 F5040 X173.904 Y140.303 Z0.7
G1 F600 Z0.3
G1 F2400 E455.7604
G1 F2100 X172.985 Y139.383 E455.88243
G0 F5040 X173.074 Y138.539
G1 F2100 X173.904 Y139.369 E455.99258
G1 F2400 E455.49258
G1 F600 Z0.7
G0 F5040 X173.904 Y138.436 Z0.7
G1 F600 Z0.3
G1 F2400 E455.99258
G1 F2100 X172.947 Y137.479 E456.11959
G1 F2400 E455.61959
G1 F600 Z0.7
G0 F5040 X173.904 Y137.503 Z0.7
G1 F600 Z0.3
G1 F2400 E456.11959
G1 F2100 X166.998 Y130.596 E457.03618
G1 F2400 E456.53618
G1 F600 Z0.7
G0 F5040 X166.065 Y130.596 Z0.7
G1 F600 Z0.3
G1 F2400 E457.03618
G1 F2100 X170.013 Y134.544 E457.56014
G1 F2400 E457.06014
G1 F600 Z0.7
G0 F5040 X168.942 Y134.407 Z0.7
G1 F600 Z0.3
G1 F2400 E457.56014
G1 F2100 X165.131 Y130.596 E458.06592
G1 F2400 E457.56592
G1 F600 Z0.7
G0 F5040 X164.198 Y130.596 Z0.7
G1 F600 Z0.3
G1 F2400 E458.06592
G1 F2100 X168.104 Y134.502 E458.5843
G0 F5040 X167.412 Y134.744
G1 F2100 X163.265 Y130.596 E459.13474
G1 F2400 E458.63474
G1 F600 Z0.7
G0 F5040 X162.331 Y130.596 Z0.7
G1 F600 Z0.3
G1 F2400 E459.13474
G1 F2100 X166.794 Y135.06 E459.72711
G1 X166.871 Y135.137
G1 F2400 E459.22711
G1 F600 Z0.7
G0 F5040 X167.931 Y130.596 Z0.7
G1 F600 Z0.3
G1 F2400 E459.72711
G1 F2100 X173.904 Y136.569 E460.51981
G1 F2400 E460.01981
G1 F600 Z0.7
G0 F5040 X173.904 Y135.636 Z0.7
G1 F600 Z0.3
G1 F2400 E460.51981
G1 F2100 X168.865 Y130.596 E461.18863
G1 F2400 E460.68863
G1 F600 Z0.7
G0 F5040 X169.798 Y130.596 Z0.7
G1 F600 Z0.3
G1 F2400 E461.18863
G1 F2100 X173.904 Y134.702 E461.73356
G1 F2400 E461.23356
G1 F600 Z0.7
G0 F5040 X173.904 Y133.769 Z0.7
G1 F600 Z0.3
G1 F2400 E461.73356
G1 F2100 X170.732 Y130.596 E462.15459
G1 F2400 E461.65459
G1 F600 Z0.7
G0 F5040 X171.665 Y130.596 Z0.7
G1 F600 Z0.3
G1 F2400 E462.15459
G1 F2100 X173.904 Y132.836 E462.45181
G1 F2400 E461.95181
G1 F600 Z0.7
G0 F5040 X173.904 Y131.902 Z0.7
G1 F600 Z0.3
G1 F2400 E462.45181
G1 F2100 X172.598 Y130.596 E462.62513
G1 F2400 E462.12513
G1 F600 Z0.7
G0 F5040 X173.532 Y130.596 Z0.7
G1 F600 Z0.3
G1 F2400 E462.62513
G1 F2100 X173.904 Y130.969 E462.67457
G1 F2400 E462.17457
G1 F600 Z0.7
G0 F5040 X138.41 Y130.943 Z0.7
G1 F600 Z0.3
G1 F2400 E462.67457
G1 F2100 X138.063 Y130.596 E462.72062
G1 F2400 E462.22062
G1 F600 Z0.7
G0 F5040 X137.13 Y130.596 Z0.7
G1 F600 Z0.3
G1 F2400 E462.72062
G1 F2100 X138.409 Y131.875 E462.89036
G1 F2400 E462.39036
G1 F600 Z0.7
G0 F5040 X138.408 Y132.808 Z0.7
G1 F600 Z0.3
G1 F2400 E462.89036
G1 F2100 X136.197 Y130.596 E463.18386
G1 F2400 E462.68386
G1 F600 Z0.7
G0 F5040 X135.263 Y130.596 Z0.7
G1 F600 Z0.3
G1 F2400 E463.18386
G1 F2100 X138.408 Y133.741 E463.60125
G1 F2400 E463.10125
G1 F600 Z0.7
G0 F5040 X138.406 Y134.673 Z0.7
G1 F600 Z0.3
G1 F2400 E463.60125
G1 F2100 X134.33 Y130.596 E464.14226
G1 F2400 E463.64226
G1 F600 Z0.7
G0 F5040 X133.396 Y130.596 Z0.7
G1 F600 Z0.3
G1 F2400 E464.14226
G1 F2100 X138.406 Y135.605 E464.8071
G1 F2400 E464.3071
G1 F600 Z0.7
G0 F5040 X138.405 Y136.538 Z0.7
G1 F600 Z0.3
G1 F2400 E464.8071
G1 F2100 X135.765 Y133.898 E465.15746
G1 X135.688 Y133.821
G1 F2400 E464.65746
G1 F600 Z0.7
G0 F5040 X133.623 Y131.757 Z0.7
G1 F600 Z0.3
G1 F2400 E465.15746
G1 F2100 X132.463 Y130.596 E465.31148
G0 F5040 X132.367 Y131.433
G1 F2100 X131.53 Y130.596 E465.42256
G0 F5040 X131.445 Y131.445
G1 F2100 X130.596 Y130.596 E465.53523
G0 F5040 X130.095 Y131.028
G1 F2100 X130.69 Y131.623 E465.6142
G1 F2400 E465.1142
G1 F600 Z0.7
;MESH:NONMESH
G0 F5040 X132.613 Y137.105 Z0.7
;TIME_ELAPSED:207.472780
;LAYER:1
M106 S255
M204 S4500
;MESH:case_VL53L8+RP2040-up.stl
G0 F10020 X132.613 Y137.105 Z0.9
;TYPE:WALL-OUTER
G1 F600 Z0.5
G1 F2400 E465.6142
G1 F5550 X132.209 Y137.207 E465.62868
G1 X131.762 Y137.202 E465.64422
G1 X131.36 Y137.095 E465.65868
G1 X131.044 Y136.927 E465.67112
G1 X130.694 Y136.617 E465.68737
G1 X130.466 Y136.276 E465.70162
G1 X130.323 Y135.894 E465.7158
G1 X130.281 Y135.525 E465.72871
G1 X130.334 Y135.06 E465.74498
G1 X130.49 Y134.675 E465.75941
G1 X130.73 Y134.339 E465.77377
G1 X131.044 Y134.069 E465.78816
G1 X131.41 Y133.882 E465.80244
G1 X131.778 Y133.791 E465.81562
G1 X132.234 Y133.794 E465.83147
G1 X132.635 Y133.901 E465.8459
G1 X132.998 Y134.099 E465.86027
G1 X133.306 Y134.379 E465.87473
G1 X133.51 Y134.675 E465.88723
G1 X133.675 Y135.113 E465.9035
G1 X133.719 Y135.528 E465.918
G1 X133.669 Y135.915 E465.93156
G1 X133.523 Y136.3 E465.94588
G1 X133.287 Y136.641 E465.96029
G1 X132.985 Y136.908 E465.9743
G1 X132.613 Y137.105 E465.98893
G1 F2400 E465.48893
G1 F600 Z0.9
G0 F10020 X151.219 Y136.523 Z0.9
G1 F600 Z0.5
G1 F2400 E465.98893
G1 F5550 X151.191 Y136.611 E465.99214
G1 X151.036 Y136.718 E465.99869
G1 X140.973 Y136.719 E466.34844
G1 X140.877 Y136.684 E466.352
G1 X140.783 Y136.542 E466.35792
G1 X140.78 Y130.954 E466.55214
G1 X140.824 Y130.868 E466.55549
G1 X140.962 Y130.783 E466.56113
G1 X151.085 Y130.78 E466.91297
G1 X151.22 Y130.954 E466.92063
G1 X151.219 Y136.523 E467.11419
G1 F2400 E466.61419
G1 F600 Z0.9
G0 F10020 X160.625 Y137.1 Z0.9
G1 F600 Z0.5
G1 F2400 E467.11419
G1 F5550 X160.219 Y137.205 E467.12876
G1 X159.799 Y137.208 E467.14336
G1 X159.384 Y137.106 E467.15821
G1 X159.026 Y136.916 E467.1723
G1 X158.713 Y136.641 E467.18678
G1 X158.478 Y136.301 E467.20115
G1 X158.323 Y135.894 E467.21628
G1 X158.281 Y135.525 E467.22919
G1 X158.334 Y135.06 E467.24546
G1 X158.49 Y134.675 E467.2599
G1 X158.73 Y134.339 E467.27425
G1 X159.044 Y134.069 E467.28864
G1 X159.41 Y133.882 E467.30293
G1 X159.778 Y133.791 E467.3161
G1 X160.234 Y133.794 E467.33195
G1 X160.635 Y133.901 E467.34638
G1 X160.998 Y134.099 E467.36075
G1 X161.306 Y134.379 E467.37522
G1 X161.532 Y134.715 E467.38929
G1 X161.666 Y135.073 E467.40258
G1 X161.72 Y135.486 E467.41705
G1 X161.669 Y135.914 E467.43203
G1 X161.53 Y136.286 E467.44584
G1 X161.284 Y136.644 E467.46093
G1 X160.971 Y136.918 E467.47539
G1 X160.625 Y137.1 E467.48898
G1 F2400 E466.98898
G1 F600 Z0.9
G0 F10020 X169.383 Y140.175 Z0.9
G1 F600 Z0.5
G1 F2400 E467.48898
G1 F5550 X168.973 Y140.219 E467.50331
G1 X168.582 Y140.169 E467.51701
G1 X168.196 Y140.023 E467.53136
G1 X167.855 Y139.787 E467.54577
G1 X167.59 Y139.487 E467.55968
G1 X167.388 Y139.107 E467.57464
G1 X167.291 Y138.722 E467.58844
G1 X167.294 Y138.262 E467.60443
G1 X167.394 Y137.874 E467.61836
G1 X167.586 Y137.517 E467.63244
G1 X167.863 Y137.206 E467.64692
G1 X168.19 Y136.981 E467.66072
G1 X168.602 Y136.823 E467.67605
G1 X169 Y136.78 E467.68997
G1 X169.436 Y136.834 E467.70524
G1 X169.788 Y136.971 E467.71836
G1 X170.157 Y137.23 E467.73403
G1 X170.427 Y137.544 E467.74843
G1 X170.614 Y137.91 E467.76271
G1 X170.702 Y138.262 E467.77532
G1 X170.705 Y138.718 E467.79117
G1 X170.595 Y139.135 E467.80616
G1 X170.397 Y139.498 E467.82053
G1 X170.117 Y139.806 E467.835
G1 X169.821 Y140.01 E467.8475
G1 X169.383 Y140.175 E467.86376
G1 F2400 E467.36376
G1 F600 Z0.9
G0 F10020 X173.717 Y157.539 Z0.9
G1 F600 Z0.5
G1 F2400 E467.86376
G1 F5550 X173.632 Y157.676 E467.86937
G1 X173.546 Y157.72 E467.87273
G1 X167.977 Y157.719 E468.06629
G1 X167.889 Y157.691 E468.0695
G1 X167.78 Y157.572 E468.0751
G1 X167.783 Y147.461 E468.42653
G1 X167.826 Y147.364 E468.43022
G1 X167.978 Y147.281 E468.43624
G1 X173.546 Y147.28 E468.62976
G1 X173.72 Y147.415 E468.63742
G1 X173.717 Y157.539 E468.9893
G1 F2400 E468.4893
G1 F600 Z0.9
G0 F10020 X169.383 Y168.175 Z0.9
G1 F600 Z0.5
G1 F2400 E468.9893
G1 F5550 X168.973 Y168.219 E469.00363
G1 X168.562 Y168.162 E469.01805
G1 X168.175 Y168.01 E469.0325
G1 X167.866 Y167.796 E469.04557
G1 X167.59 Y167.487 E469.05997
G1 X167.394 Y167.122 E469.07437
G1 X167.289 Y166.705 E469.08931
G1 X167.289 Y166.286 E469.10388
G1 X167.386 Y165.895 E469.11788
G1 X167.585 Y165.518 E469.13269
G1 X167.855 Y165.213 E469.14685
G1 X168.195 Y164.978 E469.16122
G1 X168.602 Y164.823 E469.17635
G1 X169 Y164.78 E469.19027
G1 X169.436 Y164.834 E469.20554
G1 X169.821 Y164.99 E469.21998
G1 X170.157 Y165.23 E469.23433
G1 X170.427 Y165.544 E469.24872
G1 X170.614 Y165.91 E469.26301
G1 X170.702 Y166.262 E469.27562
G1 X170.705 Y166.718 E469.29147
G1 X170.595 Y167.135 E469.30646
G1 X170.397 Y167.498 E469.32083
G1 X170.117 Y167.806 E469.3353
G1 X169.814 Y168.014 E469.34807
G1 X169.383 Y168.175 E469.36406
G1 F2400 E468.86406
G1 F600 Z0.9
G0 F10020 X160.586 Y170.114 Z0.9
G1 F600 Z0.5
G1 F2400 E469.36406
G1 F5550 X160.218 Y170.205 E469.37724
G1 X159.762 Y170.202 E469.39309
G1 X159.36 Y170.095 E469.40754
G1 X159.044 Y169.927 E469.41998
G1 X158.694 Y169.617 E469.43623
G1 X158.466 Y169.276 E469.45049
G1 X158.323 Y168.894 E469.46467
G1 X158.281 Y168.475 E469.4793
G1 X158.329 Y168.074 E469.49334
G1 X158.49 Y167.675 E469.5083
G1 X158.694 Y167.379 E469.52079
G1 X159.014 Y167.088 E469.53582
G1 X159.392 Y166.887 E469.5507
G1 X159.798 Y166.788 E469.56523
G1 X160.205 Y166.789 E469.57937
G1 X160.586 Y166.882 E469.59301
G1 X160.967 Y167.076 E469.60787
G1 X161.28 Y167.348 E469.62228
G1 X161.525 Y167.7 E469.63718
G1 X161.667 Y168.076 E469.65115
G1 X161.72 Y168.487 E469.66556
G1 X161.675 Y168.883 E469.67941
G1 X161.522 Y169.302 E469.69491
G1 X161.306 Y169.617 E469.70819
G1 X160.955 Y169.927 E469.72446
G1 X160.586 Y170.114 E469.73884
G1 F2400 E469.23884
G1 F600 Z0.9
G0 F10020 X151.22 Y172.546 Z0.9
G1 F600 Z0.5
G1 F2400 E469.73884
G1 F5550 X151.176 Y172.633 E469.74223
G1 X151.038 Y172.717 E469.74785
G1 X140.915 Y172.72 E470.09969
G1 X140.78 Y172.546 E470.10734
G1 X140.782 Y166.966 E470.30129
G1 X140.834 Y166.854 E470.30558
G1 X140.959 Y166.783 E470.31058
G1 X151.037 Y166.782 E470.66086
G1 X151.145 Y166.833 E470.66501
G1 X151.218 Y166.964 E470.67022
G1 X151.22 Y172.546 E470.86423
G1 F2400 E470.36423
G1 F600 Z0.9
G0 F10020 X132.586 Y170.114 Z0.9
G1 F600 Z0.5
G1 F2400 E470.86423
G1 F5550 X132.218 Y170.205 E470.87741
G1 X131.762 Y170.202 E470.89326
G1 X131.403 Y170.112 E470.90612
G1 X131.044 Y169.927 E470.92016
G1 X130.694 Y169.617 E470.93641
G1 X130.466 Y169.276 E470.95067
G1 X130.323 Y168.894 E470.96484
G1 X130.281 Y168.525 E470.97775
G1 X130.334 Y168.06 E470.99402
G1 X130.49 Y167.675 E471.00846
G1 X130.73 Y167.339 E471.02281
G1 X131.044 Y167.069 E471.0372
G1 X131.41 Y166.882 E471.05149
G1 X131.762 Y166.794 E471.0641
G1 X132.209 Y166.789 E471.07963
G1 X132.611 Y166.89 E471.09404
G1 X132.974 Y167.08 E471.10828
G1 X133.287 Y167.356 E471.12279
G1 X133.523 Y167.696 E471.13717
G1 X133.667 Y168.074 E471.15123
G1 X133.719 Y168.473 E471.16521
G1 X133.673 Y168.894 E471.17993
G1 X133.51 Y169.321 E471.19582
G1 X133.306 Y169.617 E471.20832
G1 X132.955 Y169.927 E471.22459
G1 X132.586 Y170.114 E471.23897
G1 F2400 E470.73897
G1 F600 Z0.9
G0 F10020 X176.28 Y175.78 Z0.9
G1 F600 Z0.5
G1 F2400 E471.23897
G1 F5550 X176.28 Y128.22 E472.89201
G1 X127.72 Y128.22 E474.5798
G1 X127.72 Y175.78 E476.23283
G1 X176.28 Y175.78 E477.92062
G0 F10020 X175.84 Y175.34
;TYPE:WALL-INNER
G1 F6300 X175.84 Y128.66 E479.54307
G1 X128.16 Y128.66 E481.20028
G1 X128.16 Y175.34 E482.82273
G1 X175.84 Y175.34 E484.47994
G0 F10020 X175.4 Y174.9
G1 F6300 X175.4 Y158.25 E485.05864
G1 F5171.6 X175.305 Y157.761 E485.07973
G1 F4393 X175.305 Y157.077 E485.11382
G1 F4400 X175.306 Y156.393 E485.14786
G1 F4407 X175.306 Y155.709 E485.18185
G1 F4414 X175.306 Y155.025 E485.21578
G1 X175.307 Y154.341 E485.24971
G1 F4421.1 X175.307 Y153.657 E485.28359
G1 F4428.1 X175.307 Y152.973 E485.31741
G1 X175.308 Y152.289 E485.35124
G1 F4435.2 X175.308 Y151.605 E485.385
G1 F4442.3 X175.308 Y150.921 E485.41872
G1 F4449.4 X175.309 Y150.237 E485.45238
G1 X175.309 Y149.553 E485.48604
G1 F4456.6 X175.309 Y148.869 E485.51965
G1 F4463.8 X175.31 Y148.185 E485.5532
G1 F4471 X175.31 Y147.501 E485.5867
G1 F5230.2 X175.4 Y146.75 E485.61837
G1 F6300 X175.4 Y129.1 E486.23183
G1 X151.75 Y129.1 E487.05383
G1 F5230.2 X151 Y129.19 E487.08545
G1 F4471 X150.359 Y129.19 E487.11684
G1 F4463.8 X149.718 Y129.191 E487.14829
G1 F4456.6 X149.077 Y129.191 E487.17978
G1 F4449.4 X148.436 Y129.191 E487.21133
G1 X147.795 Y129.192 E487.24287
G1 F4442.3 X147.154 Y129.192 E487.27447
G1 F4435.2 X146.513 Y129.193 E487.30612
G1 F4428.1 X145.872 Y129.193 E487.33781
G1 X145.231 Y129.193 E487.36951
G1 F4421.1 X144.59 Y129.194 E487.40126
G1 F4414 X143.949 Y129.194 E487.43306
G1 F4407 X143.308 Y129.194 E487.46491
G1 X142.667 Y129.195 E487.49675
G1 F4400 X142.026 Y129.195 E487.52865
G1 F4393 X141.385 Y129.196 E487.56061
G1 F4386.1 X140.744 Y129.196 E487.59261
G1 F5171.6 X140.25 Y129.1 E487.61391
G1 F6300 X128.6 Y129.1 E488.01883
G1 X128.601 Y134.206 E488.1963
G1 F6187.5 X128.608 Y134.571 E488.20922
G1 F5040 X128.703 Y134.972 E488.22712
G1 F4372.2 X128.693 Y135.334 E488.24526
G1 F4442.3 X128.693 Y135.668 E488.26172
G1 F4344.8 X128.706 Y136.12 E488.28451
G1 F4795.8 X128.631 Y136.425 E488.29885
G1 F5872.9 X128.601 Y136.79 E488.31251
G1 F6300 X128.601 Y167.206 E489.36967
G1 F6187.5 X128.608 Y167.571 E489.38259
G1 F5040 X128.703 Y167.972 E489.40049
G1 F4372.2 X128.693 Y168.334 E489.41863
G1 F4442.3 X128.693 Y168.668 E489.43509
G1 F4344.8 X128.706 Y169.12 E489.45788
G1 F4795.8 X128.631 Y169.425 E489.47222
G1 F5872.9 X128.601 Y169.79 E489.48588
G1 F6300 X128.6 Y174.9 E489.66349
G1 X175.4 Y174.9 E491.29011
G1 F2400 E490.79011
G1 F600 Z0.9
G0 F10020 X170.487 Y168.061 Z0.9
G1 F600 Z0.5
G1 F2400 E491.29011
G1 F6300 X170.05 Y168.386 E491.30903
G1 X169.47 Y168.607 E491.33061
G1 X169 Y168.66 E491.34705
G1 X168.559 Y168.612 E491.36246
G1 X168.067 Y168.446 E491.38051
G1 X167.591 Y168.14 E491.40018
G1 X167.242 Y167.757 E491.41819
G1 X166.992 Y167.3 E491.43629
G1 X166.852 Y166.755 E491.45585
G1 X166.849 Y166.271 E491.47267
G1 X166.968 Y165.759 E491.49094
G1 X167.206 Y165.295 E491.50907
G1 X167.559 Y164.888 E491.5278
G1 X167.987 Y164.59 E491.54592
G1 X168.462 Y164.404 E491.56365
G1 X169 Y164.34 E491.58248
G1 X169.595 Y164.424 E491.60337
G1 X170.071 Y164.628 E491.62137
G1 X170.487 Y164.939 E491.63942
G1 X170.815 Y165.338 E491.65737
G1 X171.041 Y165.803 E491.67534
G1 X171.148 Y166.316 E491.69356
G1 X171.139 Y166.794 E491.71017
G1 X171.041 Y167.193 E491.72445
G1 X170.817 Y167.659 E491.74242
G1 X170.487 Y168.061 E491.7605
G0 F10020 X170.817 Y168.352
G1 F6300 X170.617 Y168.53 E491.76981
G1 X170.084 Y168.858 E491.79156
G1 X169.546 Y169.04 E491.8113
G1 X169 Y169.1 E491.83039
G1 X168.506 Y169.049 E491.84765
G1 X167.912 Y168.858 E491.86934
G1 X167.316 Y168.483 E491.89381
G1 X166.842 Y167.97 E491.91809
G1 X166.562 Y167.411 E491.93982
G1 X166.425 Y166.876 E491.95901
G1 X166.41 Y166.241 E491.98109
G1 X166.566 Y165.553 E492.00561
G1 X166.873 Y165.001 E492.02756
G1 X167.263 Y164.562 E492.04797
G1 X167.779 Y164.203 E492.06982
G1 X168.391 Y163.961 E492.0927
G1 X169 Y163.9 E492.11397
G1 X169.479 Y163.946 E492.13069
G1 X169.755 Y164.014 E492.14057
G1 X170.321 Y164.266 E492.16211
G1 X170.817 Y164.648 E492.18387
G1 X171.204 Y165.131 E492.20538
G1 X171.468 Y165.697 E492.22709
G1 X171.588 Y166.316 E492.249
G1 X171.573 Y166.87 E492.26826
G1 X171.468 Y167.299 E492.28361
G1 X171.207 Y167.864 E492.30525
G1 X170.817 Y168.352 E492.32696
G1 F2400 E491.82696
G1 F600 Z0.9
G0 F10020 X162.16 Y168.463 Z0.9
G1 F600 Z0.5
G1 F2400 E492.32696
G1 F6300 X162.095 Y169.023 E492.34655
G1 X161.928 Y169.474 E492.36327
G1 X161.561 Y169.987 E492.38519
G1 X161.159 Y170.317 E492.40327
G1 X160.693 Y170.541 E492.42124
G1 X160.294 Y170.639 E492.43552
G1 X159.816 Y170.648 E492.45214
G1 X159.303 Y170.541 E492.47035
G1 X158.838 Y170.315 E492.48832
G1 X158.375 Y169.934 E492.50916
G1 X158.056 Y169.435 E492.52974
G1 X157.889 Y168.97 E492.54692
G1 X157.84 Y168.5 E492.56334
G1 X157.909 Y167.944 E492.58281
G1 X158.09 Y167.487 E492.5999
G1 X158.387 Y167.06 E492.61798
G1 X158.748 Y166.738 E492.63479
G1 X159.249 Y166.471 E492.65452
G1 X159.717 Y166.355 E492.67128
G1 X160.216 Y166.348 E492.68863
G1 X160.751 Y166.473 E492.70772
G1 X161.238 Y166.727 E492.72681
G1 X161.592 Y167.038 E492.74319
G1 X161.895 Y167.461 E492.76127
G1 X162.088 Y167.948 E492.77948
G1 X162.16 Y168.463 E492.79756
G0 F10020 X162.609 Y168.516
G1 F6300 X162.521 Y169.134 E492.81925
G1 X162.327 Y169.658 E492.83867
G1 X162.03 Y170.117 E492.85767
G1 X161.58 Y170.557 E492.87955
G1 X161.364 Y170.706 E492.88867
G1 X160.799 Y170.968 E492.91032
G1 X160.37 Y171.072 E492.92566
G1 X159.816 Y171.088 E492.94492
G1 X159.549 Y171.056 E492.95427
G1 X158.947 Y170.872 E492.97615
G1 X158.42 Y170.557 E492.99749
G1 X157.97 Y170.117 E493.01936
G1 X157.646 Y169.595 E493.04072
G1 X157.456 Y169.046 E493.06091
G1 X157.4 Y168.5 E493.07998
G1 X157.489 Y167.814 E493.10403
G1 X157.702 Y167.279 E493.12404
G1 X158.061 Y166.764 E493.14586
G1 X158.482 Y166.387 E493.1655
G1 X159.081 Y166.054 E493.18932
G1 X159.727 Y165.911 E493.21232
G1 X160.314 Y165.909 E493.23272
G1 X160.896 Y166.057 E493.2536
G1 X161.426 Y166.325 E493.27424
G1 X161.904 Y166.728 E493.29597
G1 X162.318 Y167.297 E493.32043
G1 X162.528 Y167.89 E493.34229
G1 X162.609 Y168.516 E493.36423
G1 F2400 E492.86423
G1 F600 Z0.9
G0 F10020 X151.659 Y166.953 Z0.9
G1 F600 Z0.5
G1 F2400 E493.36423
G1 F6300 X151.66 Y172.633 E493.56165
G1 X151.528 Y172.897 E493.57191
G1 X151.311 Y173.083 E493.58184
G1 X151.088 Y173.16 E493.59004
G1 X141 Y173.16 E493.94067
G1 X140.689 Y173.083 E493.9518
G1 X140.472 Y172.897 E493.96174
G1 X140.34 Y172.633 E493.972
G1 X140.341 Y166.96 E494.16917
G1 X140.413 Y166.697 E494.17865
G1 X140.601 Y166.473 E494.18881
G1 X140.92 Y166.344 E494.20077
G1 X151.036 Y166.34 E494.55237
G1 X151.229 Y166.38 E494.55922
G1 X151.497 Y166.564 E494.57052
G1 X151.587 Y166.697 E494.5761
G1 X151.659 Y166.953 E494.58535
G0 F10020 X152.098 Y166.922
G1 F6300 X152.1 Y172.5 E494.77922
G1 X152.057 Y172.809 E494.79006
G1 X151.88 Y173.161 E494.80376
G1 X151.518 Y173.471 E494.82032
G1 X151.144 Y173.6 E494.83407
G1 X141 Y173.6 E495.18665
G1 X140.482 Y173.471 E495.2052
G1 X140.12 Y173.161 E495.22177
G1 X139.943 Y172.809 E495.23546
G1 X139.9 Y172.5 E495.2463
G1 X139.901 Y166.934 E495.43976
G1 X140.021 Y166.496 E495.45554
G1 X140.22 Y166.223 E495.46729
G1 X140.481 Y166.029 E495.47859
G1 X140.935 Y165.901 E495.49498
G1 X151.06 Y165.901 E495.8469
G1 X151.381 Y165.967 E495.85829
G1 X151.539 Y166.04 E495.86434
G1 X151.827 Y166.274 E495.87723
G1 X151.979 Y166.496 E495.88659
G1 X152.098 Y166.922 E495.90196
G1 F2400 E495.40196
G1 F600 Z0.9
G0 F10020 X167.418 Y157.813 Z0.9
G1 F600 Z0.5
G1 F2400 E495.90196
G1 F6300 X167.341 Y157.546 E495.91162
G1 X167.34 Y147.464 E496.26204
G1 X167.432 Y147.162 E496.27301
G1 X167.669 Y146.928 E496.28458
G1 X167.936 Y146.843 E496.29432
G1 X173.634 Y146.84 E496.49237
G1 X173.896 Y146.972 E496.50257
G1 X174.083 Y147.189 E496.51252
G1 X174.16 Y147.5 E496.52366
G1 X174.16 Y157.589 E496.87432
G1 X174.083 Y157.811 E496.88249
G1 X173.896 Y158.028 E496.89244
G1 X173.634 Y158.16 E496.90264
G1 X167.932 Y158.157 E497.10082
G1 X167.669 Y158.072 E497.11043
G1 X167.418 Y157.813 E497.12297
G0 F10020 X167.004 Y157.968
G1 F6300 X166.902 Y157.576 E497.13704
G1 X166.901 Y147.358 E497.49219
G1 X166.989 Y147.065 E497.50282
G1 X167.259 Y146.686 E497.519
G1 X167.56 Y146.491 E497.53146
G1 X167.893 Y146.405 E497.54341
G1 X173.5 Y146.4 E497.7383
G1 X173.809 Y146.443 E497.74914
G1 X174.16 Y146.62 E497.7628
G1 X174.472 Y146.982 E497.77941
G1 F5230.2 X174.69 Y147.5 E497.80294
G1 F4471 X174.69 Y148.956 E497.87425
G1 F4463.8 X174.69 Y150.412 E497.94567
G1 F4456.6 X174.69 Y151.868 E498.01721
G1 X174.69 Y153.324 E498.08875
G1 F4449.4 X174.69 Y154.78 E498.1604
G1 F4442.3 X174.69 Y156.236 E498.23217
G1 F4435.2 X174.69 Y157.692 E498.30406
G1 F5210.5 X174.472 Y158.018 E498.32054
G1 F6300 X174.16 Y158.38 E498.33715
G1 X173.809 Y158.557 E498.35081
G1 X173.5 Y158.6 E498.36165
G1 X167.887 Y158.595 E498.55674
G1 X167.556 Y158.507 E498.56865
G1 X167.175 Y158.229 E498.58504
G1 X167.004 Y157.968 E498.59589
G1 F2400 E498.09589
G1 F600 Z0.9
G0 F10020 X169 Y140.66 Z0.9
G1 F600 Z0.5
G1 F2400 E498.59589
G1 F6300 X168.528 Y140.607 E498.61239
G1 X167.989 Y140.411 E498.63233
G1 X167.559 Y140.112 E498.65053
G1 X167.242 Y139.757 E498.66707
G1 X166.996 Y139.308 E498.68487
G1 X166.859 Y138.804 E498.70302
G1 X166.849 Y138.278 E498.72131
G1 X166.986 Y137.709 E498.74165
G1 X167.231 Y137.257 E498.75952
G1 X167.582 Y136.867 E498.77775
G1 X167.972 Y136.599 E498.7942
G1 X168.526 Y136.389 E498.81479
G1 X169 Y136.34 E498.83136
G1 X169.595 Y136.424 E498.85224
G1 X169.971 Y136.571 E498.86627
G1 X170.487 Y136.939 E498.8883
G1 X170.815 Y137.338 E498.90625
G1 X171.041 Y137.803 E498.92422
G1 X171.148 Y138.316 E498.94244
G1 X171.139 Y138.794 E498.95905
G1 X171.041 Y139.193 E498.97333
G1 X170.817 Y139.659 E498.99131
G1 X170.487 Y140.061 E499.00938
G1 X170.071 Y140.372 E499.02744
G1 X169.47 Y140.607 E499.04986
G1 X169 Y140.66 E499.0663
G0 F10020 X169 Y141.1
G1 F6300 X168.393 Y141.034 E499.08753
G1 X167.783 Y140.8 E499.11023
G1 X167.263 Y140.438 E499.13226
G1 X166.894 Y140.026 E499.15148
G1 X166.596 Y139.491 E499.17276
G1 X166.427 Y138.886 E499.1946
G1 X166.407 Y138.171 E499.21946
G1 X166.58 Y137.539 E499.24223
G1 X166.846 Y137.033 E499.2621
G1 X167.26 Y136.557 E499.28403
G1 X167.753 Y136.217 E499.30484
G1 X168.358 Y135.965 E499.32762
G1 X169 Y135.9 E499.35005
G1 X169.479 Y135.946 E499.36677
G1 X170.154 Y136.171 E499.3915
G1 X170.617 Y136.47 E499.41066
G1 X170.817 Y136.648 E499.41997
G1 X171.204 Y137.131 E499.44148
G1 X171.468 Y137.697 E499.46319
G1 X171.588 Y138.316 E499.4851
G1 X171.573 Y138.87 E499.50436
G1 X171.468 Y139.299 E499.51971
G1 X171.207 Y139.864 E499.54135
G1 X170.817 Y140.352 E499.56306
G1 X170.321 Y140.734 E499.58482
G1 X170.084 Y140.858 E499.59411
G1 X169.546 Y141.04 E499.61385
G1 X169 Y141.1 E499.63295
G1 F2400 E499.13295
G1 F600 Z0.9
G0 F10020 X161.932 Y136.464 Z0.9
G1 F600 Z0.5
G1 F2400 E499.63295
G1 F6300 X161.604 Y136.946 E499.65321
G1 X161.262 Y137.25 E499.66911
G1 X160.75 Y137.524 E499.6893
G1 X160.297 Y137.638 E499.70553
G1 X159.767 Y137.647 E499.72396
G1 X159.226 Y137.521 E499.74326
G1 X158.75 Y137.259 E499.76215
G1 X158.388 Y136.937 E499.77899
G1 X158.09 Y136.509 E499.79711
G1 X157.904 Y136.034 E499.81484
G1 X157.84 Y135.5 E499.83354
G1 X157.924 Y134.901 E499.85456
G1 X158.128 Y134.425 E499.87256
G1 X158.439 Y134.009 E499.89061
G1 X158.838 Y133.681 E499.90856
G1 X159.304 Y133.455 E499.92657
G1 X159.702 Y133.357 E499.94081
G1 X160.341 Y133.367 E499.96302
G1 X160.839 Y133.511 E499.98104
G1 X161.159 Y133.679 E499.9936
G1 X161.561 Y134.009 E500.01168
G1 X161.938 Y134.545 E500.03446
G1 X162.085 Y134.939 E500.04907
G1 X162.159 Y135.458 E500.06729
G1 X162.094 Y136.03 E500.0873
G1 X161.932 Y136.464 E500.1034
G0 F10020 X162.313 Y136.698
G1 F6300 X161.959 Y137.217 E500.12524
G1 X161.489 Y137.636 E500.14712
G1 X160.91 Y137.944 E500.16992
G1 X160.241 Y138.087 E500.1937
G1 X159.669 Y138.086 E500.21358
G1 X159.033 Y137.913 E500.23649
G1 X158.524 Y137.646 E500.25646
G1 X158.062 Y137.233 E500.278
G1 X157.703 Y136.718 E500.29982
G1 X157.461 Y136.104 E500.32276
G1 X157.4 Y135.5 E500.34386
G1 X157.446 Y135.018 E500.36069
G1 X157.514 Y134.741 E500.3706
G1 X157.766 Y134.175 E500.39214
G1 X158.148 Y133.679 E500.4139
G1 X158.631 Y133.292 E500.43541
G1 X159.197 Y133.028 E500.45712
G1 X159.626 Y132.924 E500.47246
G1 X160.18 Y132.908 E500.49172
G1 X160.799 Y133.028 E500.51364
G1 X161.364 Y133.29 E500.53528
G1 X161.852 Y133.679 E500.55697
G1 X162.03 Y133.879 E500.56628
G1 X162.344 Y134.376 E500.58671
G1 X162.53 Y134.899 E500.606
G1 X162.605 Y135.486 E500.62657
G1 X162.538 Y136.091 E500.64773
G1 X162.313 Y136.698 E500.67023
G1 F2400 E500.17023
G1 F600 Z0.9
G0 F10020 X151.657 Y136.568 Z0.9
G1 F600 Z0.5
G1 F2400 E500.67023
G1 F6300 X151.605 Y136.766 E500.67734
G1 X151.438 Y136.995 E500.6872
G1 X151.136 Y137.16 E500.69916
G1 X140.961 Y137.159 E501.05281
G1 X140.786 Y137.125 E501.059
G1 X140.511 Y136.944 E501.07045
G1 X140.394 Y136.763 E501.07794
G1 X140.34 Y136.59 E501.08424
G1 X140.34 Y130.867 E501.28315
G1 X140.472 Y130.604 E501.29338
G1 X140.689 Y130.417 E501.30333
G1 X140.915 Y130.34 E501.31163
G1 X151 Y130.34 E501.66216
G1 X151.311 Y130.417 E501.67329
G1 X151.528 Y130.604 E501.68325
G1 X151.66 Y130.867 E501.69348
G1 X151.657 Y136.568 E501.89162
G0 F10020 X152.095 Y136.612
G1 F6300 X152.008 Y136.943 E501.90352
G1 X151.73 Y137.324 E501.91991
G1 X151.461 Y137.5 E501.93108
G1 X151.06 Y137.599 E501.94544
G1 X140.935 Y137.599 E502.29735
G1 X140.544 Y137.502 E502.31136
G1 X140.27 Y137.324 E502.32271
G1 X140.092 Y137.123 E502.33204
G1 X139.942 Y136.805 E502.34426
G1 X139.905 Y136.607 E502.35127
G1 X139.9 Y131 E502.54615
G1 X139.944 Y130.691 E502.557
G1 X140.12 Y130.34 E502.57064
G1 X140.482 Y130.029 E502.58723
G1 F5200.8 X140.811 Y129.81 E502.60387
G1 F4428.1 X142.085 Y129.81 E502.66687
G1 F4435.2 X143.359 Y129.81 E502.72977
G1 F4442.3 X144.633 Y129.81 E502.79256
G1 F4449.4 X145.907 Y129.81 E502.85526
G1 X147.181 Y129.81 E502.91796
G1 F4456.6 X148.455 Y129.81 E502.98055
G1 F4463.8 X149.729 Y129.81 E503.04305
G1 F4471 X151.003 Y129.81 E503.10544
G1 F5230.2 X151.518 Y130.029 E503.12887
G1 F6300 X151.88 Y130.34 E503.14546
G1 X152.056 Y130.691 E503.15911
G1 X152.1 Y131 E503.16996
G1 X152.095 Y136.612 E503.36501
G1 F2400 E502.86501
G1 F600 Z0.9
G0 F10020 X134.16 Y135.5 Z0.9
G1 F600 Z0.5
G1 F2400 E503.36501
G1 F6300 X134.107 Y135.97 E503.38145
G1 X133.911 Y136.506 E503.40129
G1 X133.612 Y136.937 E503.41952
G1 X133.249 Y137.26 E503.43641
G1 X132.774 Y137.515 E503.45515
G1 X132.267 Y137.643 E503.47332
G1 X131.816 Y137.648 E503.489
G1 X131.303 Y137.541 E503.50721
G1 X130.838 Y137.315 E503.52518
G1 X130.375 Y136.934 E503.54602
G1 X130.056 Y136.435 E503.56661
G1 X129.889 Y135.97 E503.58378
G1 X129.843 Y135.574 E503.59764
G1 X129.89 Y134.981 E503.61831
G1 X130.128 Y134.425 E503.63933
G1 X130.439 Y134.009 E503.65738
G1 X130.838 Y133.681 E503.67534
G1 X131.282 Y133.461 E503.69256
G1 X131.702 Y133.357 E503.7076
G1 X132.341 Y133.367 E503.72981
G1 X132.839 Y133.511 E503.74783
G1 X133.159 Y133.679 E503.76039
G1 X133.561 Y134.009 E503.77847
G1 X133.92 Y134.489 E503.7993
G1 X134.112 Y135.059 E503.82021
G1 X134.16 Y135.5 E503.83562
G0 F10020 X134.6 Y135.5
G1 F6300 X134.533 Y136.108 E503.85688
G1 X134.3 Y136.713 E503.87942
G1 X133.937 Y137.233 E503.90146
G1 X133.473 Y137.649 E503.92312
G1 X132.935 Y137.924 E503.94412
G1 X132.324 Y138.079 E503.96603
G1 X131.663 Y138.091 E503.98901
G1 X130.947 Y137.872 E504.01503
G1 X130.42 Y137.557 E504.03637
G1 X129.97 Y137.117 E504.05824
G1 X129.646 Y136.595 E504.0796
G1 F5872.9 X129.485 Y136.265 E504.09329
G1 F4795.8 X129.352 Y136.064 E504.10429
G1 F4344.8 X129.315 Y135.634 E504.12604
G1 F4442.3 X129.315 Y135.368 E504.13916
G1 F4372.2 X129.345 Y135.007 E504.1573
G1 F5040 X129.506 Y134.739 E504.17088
G1 F6187.5 X129.646 Y134.401 E504.18383
G1 F6300 X129.97 Y133.879 E504.20518
G1 X130.148 Y133.679 E504.21449
G1 X130.631 Y133.292 E504.236
G1 X131.161 Y133.038 E504.25643
G1 X131.626 Y132.924 E504.27307
G1 X132.18 Y132.908 E504.29233
G1 X132.799 Y133.028 E504.31424
G1 X133.364 Y133.29 E504.33589
G1 X133.852 Y133.679 E504.35758
G1 X134.234 Y134.175 E504.37934
G1 X134.486 Y134.752 E504.40123
G1 X134.6 Y135.5 E504.42752
G1 F2400 E503.92752
G1 F600 Z0.9
G0 F10020 X132.267 Y166.353 Z0.9
G1 F600 Z0.5
G1 F2400 E504.42752
G1 F6300 X132.769 Y166.479 E504.44551
G1 X133.25 Y166.737 E504.46448
G1 X133.613 Y167.06 E504.48137
G1 X133.911 Y167.49 E504.49956
G1 X134.087 Y167.944 E504.51648
G1 X134.16 Y168.5 E504.53597
G1 X134.107 Y168.97 E504.55241
G1 X133.946 Y169.429 E504.56932
G1 X133.625 Y169.934 E504.59011
G1 X133.159 Y170.317 E504.61108
G1 X132.693 Y170.541 E504.62905
G1 X132.294 Y170.639 E504.64333
G1 X131.816 Y170.648 E504.65995
G1 X131.282 Y170.535 E504.67892
G1 X130.838 Y170.315 E504.69614
G1 X130.375 Y169.934 E504.71698
G1 X130.056 Y169.435 E504.73757
G1 X129.889 Y168.97 E504.75474
G1 X129.843 Y168.574 E504.76859
G1 X129.89 Y167.981 E504.78927
G1 X130.128 Y167.425 E504.81029
G1 X130.439 Y167.009 E504.82834
G1 X130.838 Y166.681 E504.8463
G1 X131.303 Y166.455 E504.86427
G1 X131.816 Y166.348 E504.88248
G1 X132.267 Y166.353 E504.89816
G0 F10020 X132.324 Y165.917
G1 F6300 X132.926 Y166.068 E504.91973
G1 X133.472 Y166.347 E504.94104
G1 X133.939 Y166.764 E504.9628
G1 X134.3 Y167.284 E504.9848
G1 X134.507 Y167.814 E505.00458
G1 X134.6 Y168.5 E505.02864
G1 X134.54 Y169.046 E505.04773
G1 X134.358 Y169.584 E505.06747
G1 X134.03 Y170.117 E505.08922
G1 X133.58 Y170.557 E505.1111
G1 X133.364 Y170.706 E505.12022
G1 X132.799 Y170.968 E505.14186
G1 X132.37 Y171.072 E505.15721
G1 X131.816 Y171.088 E505.17647
G1 X131.161 Y170.958 E505.19968
G1 X130.631 Y170.704 E505.22011
G1 X130.148 Y170.317 E505.24162
G1 X129.97 Y170.117 E505.25092
G1 X129.646 Y169.595 E505.27228
G1 F5872.9 X129.485 Y169.265 E505.28597
G1 F4795.8 X129.352 Y169.064 E505.29697
G1 F4344.8 X129.315 Y168.634 E505.31872
G1 F4442.3 X129.315 Y168.368 E505.33184
G1 F4372.2 X129.345 Y168.007 E505.34998
G1 F5040 X129.506 Y167.739 E505.36356
G1 F6187.5 X129.646 Y167.401 E505.37651
G1 F6300 X129.97 Y166.879 E505.39786
G1 X130.148 Y166.679 E505.40717
G1 X130.631 Y166.292 E505.42868
G1 X131.197 Y166.028 E505.45039
G1 X131.816 Y165.908 E505.4723
G1 X132.324 Y165.917 E505.48996
G1 F2400 E504.98996
G1 F600 Z0.9
G0 F10020 X132.438 Y171.461 Z0.9
;TYPE:SKIN
G1 F600 Z0.5
G1 F2400 E505.48996
G1 F5550 X131.816 Y171.484 E505.51159
G1 X131.055 Y171.34 E505.53851
G1 X130.41 Y171.033 E505.56334
G1 X129.894 Y170.62 E505.58631
G1 X129.423 Y170.028 E505.61261
G1 X129.08 Y169.417 E505.63696
G1 X128.995 Y169.795 E505.65043
G1 X128.997 Y174.503 E505.81406
G1 X140.261 Y174.504 E506.20556
G1 F5308.7 X140.887 Y174.484 E506.22832
G1 F5076.9 X143.476 Y174.484 E506.32669
G1 F5087.5 X146.065 Y174.485 E506.42486
G1 F5098.1 X148.654 Y174.485 E506.52282
G1 F5108.8 X151.243 Y174.485 E506.62058
G1 F5151.9 X151.319 Y174.489 E506.62343
G1 F5355.3 X151.785 Y174.504 E506.64022
G1 F5550 X175.004 Y174.504 E507.44724
G1 X175.004 Y158.282 E508.01106
G1 X174.93 Y158.093 E508.01812
G1 X174.425 Y158.666 E508.04467
G1 X173.96 Y158.921 E508.0631
G1 X173.523 Y158.994 E508.0785
G1 X167.889 Y158.995 E508.27432
G1 X167.556 Y158.927 E508.28613
G1 X167.147 Y158.731 E508.30189
G1 X166.826 Y158.425 E508.31731
G1 X166.612 Y158.057 E508.3321
G1 X166.505 Y157.61 E508.34808
G1 X166.504 Y147.411 E508.70256
G1 X166.594 Y146.975 E508.71804
G1 X166.775 Y146.636 E508.73139
G1 X166.988 Y146.392 E508.74265
G1 X167.277 Y146.189 E508.75493
G1 X167.57 Y146.064 E508.766
G1 X167.852 Y146.008 E508.77599
G1 X173.523 Y146.006 E508.9731
G1 X173.959 Y146.079 E508.98846
G1 X174.428 Y146.332 E509.00698
G1 X174.792 Y146.756 E509.02641
G1 X174.933 Y147.009 E509.03647
G1 X175.004 Y146.722 E509.04675
G1 X175.004 Y129.496 E509.64547
G1 X151.774 Y129.496 E510.45287
G1 X151.49 Y129.564 E510.46302
G1 X151.724 Y129.692 E510.47229
G1 X152.198 Y130.098 E510.49398
G1 X152.421 Y130.54 E510.51119
G1 X152.494 Y130.972 E510.52642
G1 X152.495 Y136.614 E510.72252
G1 X152.367 Y137.107 E510.74022
G1 X152.218 Y137.366 E510.75061
G1 X152.003 Y137.61 E510.76191
G1 X151.543 Y137.896 E510.78074
G1 X151.1 Y137.99 E510.79648
G1 X140.773 Y137.988 E511.15541
G1 X140.171 Y137.753 E511.17787
G1 X139.781 Y137.364 E511.19702
G1 X139.564 Y136.923 E511.2141
G1 X139.508 Y136.644 E511.22399
G1 X139.506 Y130.972 E511.42113
G1 X139.578 Y130.542 E511.43628
G1 X139.83 Y130.071 E511.45485
G1 X140.402 Y129.568 E511.48132
G1 X140.215 Y129.496 E511.48829
G1 X128.996 Y129.496 E511.87823
G1 X128.996 Y134.499 E512.05211
G1 X129.066 Y134.649 E512.05787
G1 X129.142 Y134.559 E512.06196
G1 X129.446 Y133.936 E512.08606
G1 X129.894 Y133.372 E512.11109
G1 X130.454 Y132.932 E512.13584
G1 X131.018 Y132.668 E512.15749
G1 X131.554 Y132.531 E512.17672
G1 X132.202 Y132.513 E512.19925
G1 X132.554 Y132.557 E512.21158
G1 X133.241 Y132.778 E512.23666
G1 X133.813 Y133.118 E512.25979
G1 X134.331 Y133.623 E512.28493
G1 X134.735 Y134.286 E512.31192
G1 X134.931 Y134.918 E512.33492
G1 X134.996 Y135.495 E512.3551
G1 X134.921 Y136.186 E512.37926
G1 X134.639 Y136.919 E512.40655
G1 X134.284 Y137.447 E512.42867
G1 X133.696 Y137.977 E512.45618
G1 X133.026 Y138.318 E512.48231
G1 X132.398 Y138.467 E512.50474
G1 X131.788 Y138.483 E512.52595
G1 X131.435 Y138.435 E512.53833
G1 X130.772 Y138.231 E512.56244
G1 X130.18 Y137.868 E512.58658
G1 X129.563 Y137.268 E512.61649
G1 X129.08 Y136.417 E512.6505
G1 X128.996 Y136.795 E512.66396
G1 X128.996 Y167.499 E513.73114
G1 X129.066 Y167.649 E513.73689
G1 X129.142 Y167.559 E513.74098
G1 X129.446 Y166.936 E513.76508
G1 X129.895 Y166.371 E513.79016
G1 X130.455 Y165.936 E513.81481
G1 X131.115 Y165.639 E513.83996
G1 X131.775 Y165.515 E513.8633
G1 X132.399 Y165.525 E513.88499
G1 X133.044 Y165.683 E513.90807
G1 X133.685 Y166.01 E513.93309
G1 X134.221 Y166.485 E513.95798
G1 X134.659 Y167.089 E513.98391
G1 X134.924 Y167.805 E514.01045
G1 X134.996 Y168.496 E514.03459
G1 X134.929 Y169.111 E514.05609
G1 X134.712 Y169.759 E514.07985
G1 X134.331 Y170.373 E514.10496
G1 X133.851 Y170.845 E514.12836
G1 X133.535 Y171.065 E514.14174
G1 X132.893 Y171.35 E514.16616
G1 X132.438 Y171.461 E514.18243
G1 F2400 E513.68243
G1 F600 Z0.9
G0 F10020 X151.716 Y173.815 Z0.9
G1 F600 Z0.5
G1 F2400 E514.18243
G1 F5320.3 X151.201 Y174.012 E514.20243
G1 F5108.8 X148.637 Y174.012 E514.29924
G1 F5098.1 X146.073 Y174.011 E514.39625
G1 F5087.5 X143.509 Y174.01 E514.49347
G1 F5076.9 X140.945 Y174.01 E514.59089
G1 F5308.7 X140.289 Y173.823 E514.61568
G1 F5550 X139.832 Y173.431 E514.63661
G1 X139.578 Y172.953 E514.65542
G1 X139.506 Y172.524 E514.67054
G1 X139.507 Y166.881 E514.86667
G1 X139.56 Y166.587 E514.87706
G1 X139.676 Y166.301 E514.88778
G1 X139.955 Y165.922 E514.90414
G1 X140.278 Y165.685 E514.91806
G1 X140.64 Y165.546 E514.93154
G1 X140.907 Y165.504 E514.94094
G1 X151.097 Y165.505 E515.29511
G1 X151.425 Y165.565 E515.3067
G1 X151.682 Y165.664 E515.31627
G1 X152.104 Y165.992 E515.33485
G1 X152.327 Y166.308 E515.34829
G1 X152.493 Y166.87 E515.36866
G1 X152.494 Y172.524 E515.56517
G1 X152.421 Y172.955 E515.58037
G1 X152.164 Y173.431 E515.59917
G1 X151.716 Y173.815 E515.61968
G1 F2400 E515.11968
G1 F600 Z0.9
G0 F10020 X160.893 Y171.35 Z0.9
G1 F600 Z0.5
G1 F2400 E515.61968
G1 F5550 X160.438 Y171.461 E515.63595
G1 X159.788 Y171.483 E515.65856
G1 X159.435 Y171.435 E515.67094
G1 X158.773 Y171.231 E515.69502
G1 X158.141 Y170.837 E515.7209
G1 X157.636 Y170.328 E515.74582
G1 X157.271 Y169.727 E515.77026
G1 X157.063 Y169.107 E515.79299
G1 X157.004 Y168.482 E515.81481
G1 X157.072 Y167.783 E515.83922
G1 X157.364 Y167.074 E515.86587
G1 X157.718 Y166.539 E515.88817
G1 X158.244 Y166.071 E515.91264
G1 X158.905 Y165.695 E515.93907
G1 X159.605 Y165.524 E515.96412
G1 X160.335 Y165.508 E515.9895
G1 X161.038 Y165.687 E516.01471
G1 X161.634 Y165.988 E516.03792
G1 X162.176 Y166.44 E516.06245
G1 X162.617 Y167.04 E516.08833
G1 X162.891 Y167.718 E516.11374
G1 X163.008 Y168.505 E516.1414
G1 X162.902 Y169.23 E516.16686
G1 X162.671 Y169.846 E516.18973
G1 X162.331 Y170.373 E516.21153
G1 X161.851 Y170.845 E516.23493
G1 X161.535 Y171.065 E516.24831
G1 X160.893 Y171.35 E516.27272
G1 F2400 E515.77272
G1 F600 Z0.9
G0 F10020 X169.597 Y169.431 Z0.9
G1 F600 Z0.5
G1 F2400 E516.27272
G1 F5550 X168.996 Y169.496 E516.29373
G1 X168.423 Y169.431 E516.31378
G1 X167.76 Y169.227 E516.33789
G1 X167.053 Y168.781 E516.36694
G1 X166.559 Y168.24 E516.3924
G1 X166.189 Y167.576 E516.41882
G1 X166.021 Y166.853 E516.44462
G1 X166.01 Y166.163 E516.46861
G1 X166.194 Y165.412 E516.49548
G1 X166.542 Y164.777 E516.52065
G1 X167.044 Y164.218 E516.54676
G1 X167.597 Y163.847 E516.56991
G1 X168.309 Y163.571 E516.59645
G1 X169.022 Y163.504 E516.62134
G1 X169.522 Y163.552 E516.6388
G1 X169.874 Y163.638 E516.65139
G1 X170.556 Y163.946 E516.6774
G1 X171.12 Y164.394 E516.70244
G1 X171.55 Y164.932 E516.72638
G1 X171.837 Y165.565 E516.75053
G1 X171.984 Y166.324 E516.7774
G1 X171.961 Y166.938 E516.79876
G1 X171.837 Y167.431 E516.81643
G1 X171.553 Y168.057 E516.84032
G1 X171.083 Y168.639 E516.86632
G1 X170.398 Y169.167 E516.89638
G1 X169.597 Y169.431 E516.92569
G1 F2400 E516.42569
G1 F600 Z0.9
G0 F10020 X169.611 Y141.429 Z0.9
G1 F600 Z0.5
G1 F2400 E516.92569
G1 F5550 X169.001 Y141.492 E516.94701
G1 X168.31 Y141.421 E516.97115
G1 X167.609 Y141.157 E516.99719
G1 X167.048 Y140.785 E517.02058
G1 X166.578 Y140.263 E517.045
G1 X166.226 Y139.65 E517.06957
G1 X166.008 Y138.843 E517.09862
G1 X166.024 Y138.103 E517.12435
G1 X166.185 Y137.438 E517.14813
G1 X166.514 Y136.809 E517.1728
G1 X166.982 Y136.27 E517.19761
G1 X167.55 Y135.872 E517.22172
G1 X168.278 Y135.575 E517.24904
G1 X168.996 Y135.504 E517.27412
G1 X169.564 Y135.562 E517.29396
G1 X170.32 Y135.807 E517.32159
G1 X170.863 Y136.16 E517.3441
G1 X171.12 Y136.394 E517.35618
G1 X171.55 Y136.932 E517.38011
G1 X171.837 Y137.565 E517.40427
G1 X171.984 Y138.324 E517.43114
G1 X171.961 Y138.938 E517.4525
G1 X171.837 Y139.431 E517.47017
G1 X171.553 Y140.057 E517.49406
G1 X171.084 Y140.638 E517.52001
G1 X170.555 Y141.051 E517.54334
G1 X170.251 Y141.215 E517.55534
G1 X169.611 Y141.429 E517.5788
G1 F2400 E517.0788
G1 F600 Z0.9
G0 F10020 X161.084 Y138.294 Z0.9
G1 F600 Z0.5
G1 F2400 E517.5788
G1 F5550 X160.425 Y138.464 E517.60245
G1 X159.641 Y138.48 E517.62971
G1 X158.888 Y138.293 E517.65667
G1 X158.248 Y137.929 E517.68226
G1 X157.729 Y137.465 E517.70646
G1 X157.349 Y136.904 E517.73001
G1 X157.076 Y136.205 E517.75609
G1 X157.004 Y135.483 E517.78131
G1 X157.052 Y134.975 E517.79905
G1 X157.151 Y134.582 E517.81313
G1 X157.446 Y133.936 E517.83782
G1 X157.895 Y133.371 E517.8629
G1 X158.455 Y132.936 E517.88755
G1 X159.103 Y132.642 E517.91228
G1 X159.554 Y132.531 E517.92842
G1 X160.202 Y132.513 E517.95095
G1 X160.554 Y132.557 E517.96328
G1 X161.241 Y132.778 E517.98837
G1 X161.836 Y133.132 E518.01243
G1 X162.359 Y133.662 E518.03831
G1 X162.691 Y134.19 E518.05999
G1 X162.92 Y134.79 E518.08231
G1 X162.992 Y135.527 E518.10805
G1 X162.919 Y136.195 E518.1314
G1 X162.671 Y136.868 E518.15633
G1 X162.265 Y137.469 E518.18154
G1 X161.696 Y137.971 E518.20791
G1 X161.084 Y138.294 E518.23197
G1 F2400 E517.73197
G1 F600 Z0.9
G0 F10020 X129.217 Y130.263 Z0.9
G1 F600 Z0.5
G1 F2400 E518.23197
G1 F5550 X129.763 Y129.717 E518.2588
G0 F10020 X130.386 Y129.717
G1 F5550 X129.217 Y130.885 E518.31624
G0 F10020 X129.218 Y131.506
G1 F5550 X131.008 Y129.717 E518.4042
G0 F10020 X131.63 Y129.717
G1 F5550 X129.218 Y132.129 E518.52276
G0 F10020 X129.219 Y132.75
G1 F5550 X132.252 Y129.717 E518.67184
G0 F10020 X132.875 Y129.717
G1 F5550 X129.22 Y133.372 E518.8515
G1 X129.143 Y133.449
G1 F2400 E518.3515
G1 F600 Z0.9
G0 F10020 X130.581 Y132.633 Z0.9
G1 F600 Z0.5
G1 F2400 E518.8515
G1 F5550 X133.497 Y129.717 E518.99483
G0 F10020 X134.119 Y129.717
G1 F5550 X131.522 Y132.314 E519.12248
G0 F10020 X132.162 Y132.296
G1 F5550 X134.741 Y129.717 E519.24925
G0 F10020 X135.364 Y129.717
G1 F5550 X132.706 Y132.375 E519.3799
G0 F10020 X133.179 Y132.523
G1 F5550 X135.986 Y129.717 E519.51785
G0 F10020 X136.608 Y129.717
G1 F5550 X133.593 Y132.732 E519.66605
G0 F10020 X133.981 Y132.966
G1 F5550 X137.23 Y129.717 E519.82575
G0 F10020 X137.853 Y129.717
G1 F5550 X134.293 Y133.276 E520.00071
G0 F10020 X134.586 Y133.606
G1 F5550 X138.475 Y129.717 E520.19187
G0 F10020 X139.097 Y129.717
G1 F5550 X134.821 Y133.992 E520.40202
G0 F10020 X135.009 Y134.427
G1 F5550 X139.719 Y129.717 E520.63354
G1 X139.796 Y129.64
G1 F2400 E520.13354
G1 F600 Z0.9
G0 F10020 X139.327 Y130.731 Z0.9
G1 F600 Z0.5
G1 F2400 E520.63354
G1 F5550 X135.156 Y134.903 E520.83858
G0 F10020 X135.213 Y135.468
G1 F5550 X139.288 Y131.392 E521.03891
G0 F10020 X139.288 Y132.015
G1 F5550 X135.14 Y136.163 E521.2428
G1 X135.063 Y136.24
G1 F2400 E520.7428
G1 F600 Z0.9
G0 F10020 X134.696 Y137.229 Z0.9
G1 F600 Z0.5
G1 F2400 E521.2428
G1 F5550 X139.288 Y132.637 E521.46851
G0 F10020 X139.288 Y133.259
G1 F5550 X129.218 Y143.329 E521.96349
G0 F10020 X129.218 Y143.951
G1 F5550 X139.289 Y133.881 E522.45849
G0 F10020 X139.289 Y134.503
G1 F5550 X129.218 Y144.574 E522.95351
G0 F10020 X129.218 Y145.196
G1 F5550 X139.289 Y135.125 E523.44854
G0 F10020 X139.289 Y135.748
G1 F5550 X129.218 Y145.818 E523.94354
G0 F10020 X129.218 Y146.44
G1 F5550 X139.289 Y136.37 E524.43854
G0 F10020 X139.344 Y136.937
G1 F5550 X129.219 Y147.062 E524.93622
G0 F10020 X129.219 Y147.684
G1 F5550 X139.537 Y137.366 E525.44339
G0 F10020 X139.816 Y137.71
G1 F5550 X129.219 Y148.306 E525.96424
G0 F10020 X129.219 Y148.929
G1 F5550 X140.162 Y137.986 E526.50213
G0 F10020 X140.607 Y138.162
G1 F5550 X129.219 Y149.551 E527.06192
G0 F10020 X129.219 Y150.173
G1 F5550 X141.18 Y138.212 E527.64984
G0 F10020 X141.802 Y138.212
G1 F5550 X129.219 Y150.795 E528.26834
G0 F10020 X129.219 Y151.418
G1 F5550 X142.425 Y138.212 E528.91747
G0 F10020 X143.047 Y138.212
G1 F5550 X129.219 Y152.04 E529.59716
G0 F10020 X129.219 Y152.662
G1 F5550 X143.669 Y138.212 E530.30743
G0 F10020 X144.292 Y138.212
G1 F5550 X129.219 Y153.284 E531.0483
G0 F10020 X129.219 Y153.907
G1 F5550 X144.914 Y138.212 E531.81976
G0 F10020 X145.536 Y138.212
G1 F5550 X129.219 Y154.529 E532.6218
G0 F10020 X129.219 Y155.151
G1 F5550 X146.158 Y138.212 E533.45442
G0 F10020 X146.781 Y138.212
G1 F5550 X129.219 Y155.774 E534.31765
G0 F10020 X129.219 Y156.396
G1 F5550 X147.403 Y138.212 E535.21146
G0 F10020 X148.025 Y138.212
G1 F5550 X129.22 Y157.017 E536.13579
G0 F10020 X129.22 Y157.64
G1 F5550 X148.647 Y138.212 E537.09073
G0 F10020 X149.27 Y138.212
G1 F5550 X129.22 Y158.262 E538.07626
G0 F10020 X129.22 Y158.884
G1 F5550 X149.892 Y138.212 E539.09236
G0 F10020 X150.514 Y138.212
G1 F5550 X129.22 Y159.506 E540.13904
G0 F10020 X129.22 Y160.129
G1 F5550 X151.149 Y138.199 E541.21695
G1 X151.226 Y138.122
G1 F2400 E540.71695
G1 F600 Z0.9
G0 F10020 X152.714 Y136.634 Z0.9
G1 F600 Z0.5
G1 F2400 E541.21695
G1 F5550 X159.632 Y129.716 E541.55699
G0 F10020 X160.254 Y129.716
G1 F5550 X129.22 Y160.751 E543.08245
G0 F10020 X129.22 Y161.373
G1 F5550 X160.877 Y129.716 E544.63851
G0 F10020 X161.499 Y129.716
G1 F5550 X158.577 Y132.638 E544.78213
G1 X158.5 Y132.715
G1 F2400 E544.28213
G1 F600 Z0.9
G0 F10020 X159.523 Y132.314 Z0.9
G1 F600 Z0.5
G1 F2400 E544.78213
G1 F5550 X162.121 Y129.716 E544.90983
G0 F10020 X162.743 Y129.716
G1 F5550 X160.163 Y132.296 E545.03665
G0 F10020 X160.707 Y132.375
G1 F5550 X163.366 Y129.716 E545.16735
G0 F10020 X163.988 Y129.716
G1 F5550 X161.18 Y132.524 E545.30537
G0 F10020 X161.594 Y132.732
G1 F5550 X164.61 Y129.716 E545.45362
G0 F10020 X165.232 Y129.716
G1 F5550 X161.982 Y132.966 E545.61337
G0 F10020 X162.293 Y133.278
G1 F5550 X165.855 Y129.716 E545.78846
G0 F10020 X166.477 Y129.716
G1 F5550 X162.584 Y133.609 E545.97981
G0 F10020 X162.822 Y133.993
G1 F5550 X167.099 Y129.716 E546.19004
G0 F10020 X167.721 Y129.716
G1 F5550 X163.017 Y134.42 E546.42126
G0 F10020 X163.156 Y134.904
G1 F5550 X168.344 Y129.716 E546.67627
G0 F10020 X168.966 Y129.716
G1 F5550 X163.209 Y135.473 E546.95924
G0 F10020 X163.142 Y136.162
G1 F5550 X169.588 Y129.716 E547.27609
G0 F10020 X170.211 Y129.716
G1 F5550 X162.678 Y137.249 E547.64636
G1 X162.601 Y137.326
G1 F2400 E547.14636
G1 F600 Z0.9
G0 F10020 X161.719 Y138.208 Z0.9
G1 F600 Z0.5
G1 F2400 E547.64636
G1 F5550 X133.961 Y165.965 E549.01074
G0 F10020 X134.29 Y166.258
G1 F5550 X170.833 Y129.716 E550.80694
G0 F10020 X171.455 Y129.716
G1 F5550 X134.574 Y166.596 E552.61975
G0 F10020 X134.835 Y166.959
G1 F5550 X172.077 Y129.716 E554.45035
G0 F10020 X172.7 Y129.716
G1 F5550 X135.011 Y167.405 E556.3029
G0 F10020 X135.154 Y167.884
G1 F5550 X166.309 Y136.729 E557.83428
G1 X166.386 Y136.652
G1 F2400 E557.33428
G1 F600 Z0.9
G0 F10020 X165.877 Y137.783 Z0.9
G1 F600 Z0.5
G1 F2400 E557.83428
G1 F5550 X135.212 Y168.448 E559.34158
G0 F10020 X135.149 Y169.134
G1 F5550 X165.795 Y138.487 E560.84796
G0 F10020 X165.837 Y139.067
G1 F5550 X134.697 Y170.208 E562.37863
G1 X134.62 Y170.285
G1 F2400 E561.87863
G1 F600 Z0.9
G0 F10020 X133.671 Y171.234 Z0.9
G1 F600 Z0.5
G1 F2400 E562.37863
G1 F5550 X130.621 Y174.283 E562.52852
G0 F10020 X131.243 Y174.283
G1 F5550 X165.973 Y139.554 E564.2356
G0 F10020 X166.166 Y139.983
G1 F5550 X140.859 Y165.29 E565.47953
G0 F10020 X141.486 Y165.286
G1 F5550 X166.391 Y140.38 E566.70373
G0 F10020 X166.683 Y140.711
G1 F5550 X142.108 Y165.286 E567.91168
G0 F10020 X142.73 Y165.286
G1 F5550 X167 Y141.015 E569.10466
G0 F10020 X167.376 Y141.262
G1 F5550 X143.352 Y165.286 E570.28553
G0 F10020 X143.975 Y165.286
G1 F5550 X167.797 Y141.463 E571.45649
G0 F10020 X168.248 Y141.634
G1 F5550 X144.597 Y165.286 E572.61904
G0 F10020 X145.219 Y165.286
G1 F5550 X168.813 Y141.692 E573.77877
G0 F10020 X169.462 Y141.665
G1 F5550 X145.841 Y165.286 E574.93983
G0 F10020 X146.464 Y165.286
G1 F5550 X170.337 Y141.412 E576.1133
G1 X170.414 Y141.335
G1 F2400 E575.6133
G1 F600 Z0.9
G0 F10020 X171.879 Y139.87 Z0.9
G1 F600 Z0.5
G1 F2400 E576.1133
G1 F5550 X174.784 Y136.965 E576.25609
G0 F10020 X174.784 Y137.587
G1 F5550 X147.086 Y165.286 E577.61757
G0 F10020 X147.708 Y165.286
G1 F5550 X174.784 Y138.21 E578.94845
G0 F10020 X174.784 Y138.832
G1 F5550 X167.825 Y145.791 E579.29051
G0 F10020 X168.449 Y145.789
G1 F5550 X174.784 Y139.454 E579.6019
G0 F10020 X174.784 Y140.076
G1 F5550 X169.071 Y145.789 E579.88272
G0 F10020 X169.694 Y145.789
G1 F5550 X174.784 Y140.699 E580.13291
G0 F10020 X174.784 Y141.321
G1 F5550 X170.316 Y145.789 E580.35253
G0 F10020 X170.939 Y145.788
G1 F5550 X174.784 Y141.943 E580.54152
G0 F10020 X174.784 Y142.565
G1 F5550 X171.561 Y145.788 E580.69994
G0 F10020 X172.183 Y145.788
G1 F5550 X174.784 Y143.188 E580.82777
G0 F10020 X174.784 Y143.81
G1 F5550 X172.806 Y145.788 E580.92499
G0 F10020 X173.428 Y145.788
G1 F5550 X174.784 Y144.432 E580.99165
G0 F10020 X174.784 Y145.054
G1 F5550 X173.972 Y145.866 E581.03156
G0 F10020 X174.404 Y146.057
G1 F5550 X174.784 Y145.677 E581.05024
G1 F2400 E580.55024
G1 F600 Z0.9
G0 F10020 X172.179 Y138.948 Z0.9
G1 F600 Z0.5
G1 F2400 E581.05024
G1 F5550 X174.784 Y136.343 E581.17828
G0 F10020 X174.784 Y135.721
G1 F5550 X172.204 Y138.301 E581.3051
G0 F10020 X172.108 Y137.775
G1 F5550 X174.784 Y135.098 E581.43666
G0 F10020 X174.784 Y134.476
G1 F5550 X171.959 Y137.301 E581.57552
G0 F10020 X171.765 Y136.873
G1 F5550 X174.784 Y133.854 E581.72391
G0 F10020 X174.784 Y133.232
G1 F5550 X171.5 Y136.516 E581.88533
G0 F10020 X171.21 Y136.184
G1 F5550 X174.784 Y132.609 E582.06103
G0 F10020 X174.784 Y131.987
G1 F5550 X170.871 Y135.9 E582.25337
G0 F10020 X170.491 Y135.658
G1 F5550 X174.784 Y131.365 E582.46439
G0 F10020 X174.784 Y130.743
G1 F5550 X170.04 Y135.487 E582.69757
G0 F10020 X169.568 Y135.337
G1 F5550 X174.784 Y130.12 E582.95398
G0 F10020 X174.566 Y129.716
G1 F5550 X168.998 Y135.284 E583.22767
G0 F10020 X168.308 Y135.352
G1 F5550 X173.944 Y129.716 E583.5047
G0 F10020 X173.322 Y129.716
G1 F5550 X167.166 Y135.871 E583.80726
G1 X167.089 Y135.948
G1 F2400 E583.30726
G1 F600 Z0.9
G0 F10020 X160.681 Y138.623 Z0.9
G1 F600 Z0.5
G1 F2400 E583.80726
G1 F5550 X133.588 Y165.716 E585.13898
G0 F10020 X133.176 Y165.505
G1 F5550 X159.989 Y138.693 E586.45691
G0 F10020 X159.407 Y138.652
G1 F5550 X132.691 Y165.368 E587.7701
G0 F10020 X132.14 Y165.298
G1 F5550 X158.909 Y138.529 E589.08589
G0 F10020 X158.494 Y138.321
G1 F5550 X131.466 Y165.349 E590.41442
G1 X131.389 Y165.426
G1 F2400 E589.91442
G1 F600 Z0.9
G0 F10020 X130.536 Y165.657 Z0.9
G1 F600 Z0.5
G1 F2400 E590.41442
G1 F5550 X158.104 Y138.089 E591.76948
G0 F10020 X157.774 Y137.797
G1 F5550 X129.22 Y166.351 E593.17301
G0 F10020 X129.22 Y165.729
G1 F5550 X157.469 Y137.479 E594.56158
G0 F10020 X157.22 Y137.106
G1 F5550 X129.22 Y165.107 E595.9379
G0 F10020 X129.22 Y164.484
G1 F5550 X157.026 Y136.678 E597.30467
G0 F10020 X156.86 Y136.222
G1 F5550 X129.22 Y163.862 E598.66327
G0 F10020 X129.22 Y163.24
G1 F5550 X156.798 Y135.661 E600.01886
G0 F10020 X156.827 Y135.01
G1 F5550 X129.22 Y162.618 E601.37586
G0 F10020 X129.22 Y161.995
G1 F5550 X157.135 Y134.079 E602.74801
G1 X157.212 Y134.002
G1 F2400 E602.24801
G1 F600 Z0.9
G0 F10020 X157.143 Y129.716 Z0.9
G1 F600 Z0.5
G1 F2400 E602.74801
G1 F5550 X152.713 Y134.146 E602.96576
G0 F10020 X152.714 Y134.767
G1 F5550 X157.765 Y129.716 E603.21404
G0 F10020 X158.388 Y129.716
G1 F5550 X152.714 Y135.39 E603.49293
G0 F10020 X152.714 Y136.012
G1 F5550 X159.01 Y129.716 E603.8024
G1 X159.087 Y129.639
G1 F2400 E603.3024
G1 F600 Z0.9
G0 F10020 X156.521 Y129.716 Z0.9
G1 F600 Z0.5
G1 F2400 E603.8024
G1 F5550 X152.713 Y133.524 E603.98958
G0 F10020 X152.713 Y132.901
G1 F5550 X155.899 Y129.716 E604.14616
G0 F10020 X155.276 Y129.716
G1 F5550 X152.712 Y132.28 E604.27219
G0 F10020 X152.712 Y131.658
G1 F5550 X154.654 Y129.716 E604.36765
G0 F10020 X154.032 Y129.716
G1 F5550 X152.712 Y131.035 E604.4325
G0 F10020 X152.628 Y130.497
G1 F5550 X153.41 Y129.716 E604.47092
G0 F10020 X152.787 Y129.716
G1 F5550 X152.431 Y130.072 E604.48842
G1 F2400 E603.98842
G1 F600 Z0.9
G0 F10020 X133.7 Y138.225 Z0.9
G1 F600 Z0.5
G1 F2400 E604.48842
G1 F5550 X129.218 Y142.707 E604.70872
G0 F10020 X129.218 Y142.085
G1 F5550 X132.677 Y138.625 E604.87877
G0 F10020 X131.983 Y138.698
G1 F5550 X129.218 Y141.462 E605.01466
G0 F10020 X129.218 Y140.84
G1 F5550 X131.409 Y138.649 E605.12235
G0 F10020 X130.928 Y138.508
G1 F5550 X129.218 Y140.218 E605.2064
G0 F10020 X129.218 Y139.596
G1 F5550 X130.495 Y138.319 E605.26917
G0 F10020 X130.108 Y138.083
G1 F5550 X129.218 Y138.973 E605.31292
G0 F10020 X129.218 Y138.351
G1 F5550 X129.78 Y137.79 E605.34052
G0 F10020 X129.466 Y137.481
G1 F5550 X129.218 Y137.729 E605.35271
G1 F2400 E604.85271
G1 F600 Z0.9
G0 F10020 X139.289 Y166.86 Z0.9
G1 F600 Z0.5
G1 F2400 E605.35271
G1 F5550 X131.866 Y174.283 E605.71758
G0 F10020 X132.488 Y174.283
G1 F5550 X139.289 Y167.482 E606.05187
G0 F10020 X139.289 Y168.104
G1 F5550 X133.11 Y174.283 E606.35559
G0 F10020 X133.732 Y174.283
G1 F5550 X139.289 Y168.726 E606.62874
G0 F10020 X139.289 Y169.349
G1 F5550 X134.355 Y174.283 E606.87126
G0 F10020 X134.977 Y174.283
G1 F5550 X139.289 Y169.971 E607.08321
G0 F10020 X139.289 Y170.594
G1 F5550 X135.599 Y174.283 E607.26456
G0 F10020 X136.221 Y174.283
G1 F5550 X139.288 Y171.217 E607.41529
G0 F10020 X139.288 Y171.839
G1 F5550 X136.844 Y174.283 E607.53542
G0 F10020 X137.466 Y174.283
G1 F5550 X139.288 Y172.461 E607.62498
G0 F10020 X139.371 Y173.001
G1 F5550 X138.088 Y174.283 E607.68802
G0 F10020 X138.71 Y174.283
G1 F5550 X139.565 Y173.429 E607.73002
G0 F10020 X139.832 Y173.784
G1 F5550 X139.333 Y174.283 E607.75455
G0 F10020 X139.954 Y174.284
G1 F5550 X140.222 Y174.016 E607.76772
G0 F10020 X140.598 Y174.262
G1 F5550 X140.683 Y174.177 E607.7719
G1 F2400 E607.2719
G1 F600 Z0.9
G0 F10020 X132.646 Y171.636 Z0.9
G1 F600 Z0.5
G1 F2400 E607.7719
G1 F5550 X129.999 Y174.283 E607.90201
G0 F10020 X129.376 Y174.283
G1 F5550 X131.962 Y171.698 E608.0291
G0 F10020 X131.407 Y171.631
G1 F5550 X129.217 Y173.82 E608.13672
G0 F10020 X129.217 Y173.198
G1 F5550 X130.906 Y171.509 E608.21974
G0 F10020 X130.48 Y171.313
G1 F5550 X129.217 Y172.576 E608.28182
G0 F10020 X129.217 Y171.954
G1 F5550 X130.103 Y171.068 E608.32537
G0 F10020 X129.757 Y170.792
G1 F5550 X129.217 Y171.331 E608.35189
G0 F10020 X129.217 Y170.709
G1 F5550 X129.478 Y170.449 E608.36469
G1 F2400 E607.86469
G1 F600 Z0.9
G0 F10020 X148.33 Y165.286 Z0.9
G1 F600 Z0.5
G1 F2400 E608.36469
G1 F5550 X166.3 Y147.316 E609.24798
G0 F10020 X166.285 Y147.954
G1 F5550 X148.953 Y165.286 E610.09991
G0 F10020 X149.575 Y165.286
G1 F5550 X166.285 Y148.576 E610.92127
G0 F10020 X166.285 Y149.198
G1 F5550 X150.197 Y165.286 E611.71205
G0 F10020 X150.82 Y165.286
G1 F5550 X166.285 Y149.82 E612.47224
G0 F10020 X166.285 Y150.443
G1 F5550 X151.392 Y165.335 E613.20426
G0 F10020 X151.843 Y165.507
G1 F5550 X166.285 Y151.065 E613.91414
G0 F10020 X166.285 Y151.687
G1 F5550 X152.19 Y165.782 E614.60695
G0 F10020 X152.466 Y166.128
G1 F5550 X166.285 Y152.309 E615.28621
G0 F10020 X166.285 Y152.931
G1 F5550 X152.638 Y166.578 E615.95701
G0 F10020 X152.713 Y167.125
G1 F5550 X166.285 Y153.553 E616.62412
G0 F10020 X166.285 Y154.175
G1 F5550 X152.713 Y167.748 E617.29126
G0 F10020 X152.713 Y168.37
G1 F5550 X166.285 Y154.798 E617.95837
G0 F10020 X166.285 Y155.42
G1 F5550 X152.713 Y168.992 E618.62548
G0 F10020 X152.713 Y169.614
G1 F5550 X166.285 Y156.042 E619.2926
G0 F10020 X166.285 Y156.664
G1 F5550 X152.712 Y170.237 E619.95976
G0 F10020 X152.712 Y170.86
G1 F5550 X166.285 Y157.287 E620.62692
G0 F10020 X166.337 Y157.857
G1 F5550 X158.556 Y165.638 E621.00938
G1 X158.479 Y165.715
G1 F2400 E620.50938
G1 F600 Z0.9
G0 F10020 X159.487 Y165.329 Z0.9
G1 F600 Z0.5
G1 F2400 E621.00938
G1 F5550 X166.509 Y158.308 E621.35451
G0 F10020 X166.769 Y158.67
G1 F5550 X160.146 Y165.293 E621.68006
G0 F10020 X160.691 Y165.37
G1 F5550 X167.112 Y158.949 E621.99567
G0 F10020 X167.538 Y159.146
G1 F5550 X161.17 Y165.513 E622.30866
G0 F10020 X161.587 Y165.719
G1 F5550 X168.092 Y159.214 E622.6284
G0 F10020 X168.714 Y159.214
G1 F5550 X161.956 Y165.971 E622.96056
G0 F10020 X162.294 Y166.256
G1 F5550 X169.337 Y159.214 E623.30672
G0 F10020 X169.959 Y159.213
G1 F5550 X162.569 Y166.604 E623.66999
G0 F10020 X162.825 Y166.969
G1 F5550 X170.582 Y159.213 E624.05125
G0 F10020 X171.204 Y159.213
G1 F5550 X163.004 Y167.413 E624.45431
G0 F10020 X163.14 Y167.899
G1 F5550 X166.331 Y164.709 E624.61114
G1 X166.408 Y164.632
G1 F2400 E624.11114
G1 F600 Z0.9
G0 F10020 X165.876 Y165.785 Z0.9
G1 F600 Z0.5
G1 F2400 E624.61114
G1 F5550 X163.221 Y168.441 E624.74166
G0 F10020 X163.139 Y169.144
G1 F5550 X165.797 Y166.487 E624.87229
G0 F10020 X165.845 Y167.061
G1 F5550 X162.706 Y170.2 E625.02658
G1 X162.629 Y170.277
G1 F2400 E624.52658
G1 F600 Z0.9
G0 F10020 X161.676 Y171.23 Z0.9
G1 F600 Z0.5
G1 F2400 E625.02658
G1 F5550 X158.622 Y174.284 E625.1767
G0 F10020 X159.244 Y174.284
G1 F5550 X165.964 Y167.565 E625.50699
G0 F10020 X166.167 Y167.984
G1 F5550 X159.866 Y174.284 E625.81668
G0 F10020 X160.488 Y174.284
G1 F5550 X166.391 Y168.382 E626.10681
G0 F10020 X166.686 Y168.709
G1 F5550 X161.111 Y174.284 E626.38084
G0 F10020 X161.733 Y174.284
G1 F5550 X167.004 Y169.013 E626.63993
G0 F10020 X167.387 Y169.252
G1 F5550 X162.355 Y174.284 E626.88727
G0 F10020 X162.978 Y174.284
G1 F5550 X167.795 Y169.467 E627.12404
G0 F10020 X168.27 Y169.614
G1 F5550 X163.6 Y174.284 E627.35359
G0 F10020 X164.222 Y174.284
G1 F5550 X168.808 Y169.698 E627.57901
G0 F10020 X169.462 Y169.667
G1 F5550 X164.844 Y174.284 E627.80597
G0 F10020 X165.467 Y174.284
G1 F5550 X170.331 Y169.42 E628.04506
G1 X170.408 Y169.343
G1 F2400 E627.54506
G1 F600 Z0.9
G0 F10020 X171.877 Y167.874 Z0.9
G1 F600 Z0.5
G1 F2400 E628.04506
G1 F5550 X174.784 Y164.967 E628.18795
G0 F10020 X174.784 Y165.589
G1 F5550 X166.089 Y174.284 E628.61534
G0 F10020 X166.711 Y174.284
G1 F5550 X174.784 Y166.211 E629.01215
G0 F10020 X174.784 Y166.833
G1 F5550 X167.333 Y174.284 E629.3784
G0 F10020 X167.956 Y174.284
G1 F5550 X174.784 Y167.456 E629.71402
G0 F10020 X174.784 Y168.078
G1 F5550 X168.578 Y174.284 E630.01907
G0 F10020 X169.2 Y174.284
G1 F5550 X174.784 Y168.7 E630.29354
G0 F10020 X174.784 Y169.322
G1 F5550 X169.822 Y174.284 E630.53744
G0 F10020 X170.445 Y174.284
G1 F5550 X174.784 Y169.945 E630.75072
G0 F10020 X174.784 Y170.567
G1 F5550 X171.067 Y174.284 E630.93342
G0 F10020 X171.689 Y174.284
G1 F5550 X174.784 Y171.189 E631.08555
G0 F10020 X174.784 Y171.811
G1 F5550 X172.311 Y174.284 E631.20711
G0 F10020 X172.934 Y174.284
G1 F5550 X174.784 Y172.434 E631.29804
G0 F10020 X174.784 Y173.056
G1 F5550 X173.556 Y174.284 E631.3584
G0 F10020 X174.178 Y174.284
G1 F5550 X174.784 Y173.678 E631.38819
G1 F2400 E630.88819
G1 F600 Z0.9
G0 F10020 X172.179 Y166.949 Z0.9
G1 F600 Z0.5
G1 F2400 E631.38819
G1 F5550 X174.784 Y164.344 E631.51623
G0 F10020 X174.784 Y163.722
G1 F5550 X172.205 Y166.302 E631.64303
G0 F10020 X172.108 Y165.776
G1 F5550 X174.784 Y163.1 E631.77456
G0 F10020 X174.784 Y162.478
G1 F5550 X171.96 Y165.302 E631.91337
G0 F10020 X171.765 Y164.874
G1 F5550 X174.784 Y161.855 E632.06177
G0 F10020 X174.784 Y161.233
G1 F5550 X171.5 Y164.517 E632.22319
G0 F10020 X171.213 Y164.182
G1 F5550 X174.784 Y160.611 E632.39871
G0 F10020 X174.784 Y159.989
G1 F5550 X170.864 Y163.909 E632.5914
G0 F10020 X170.484 Y163.666
G1 F5550 X174.784 Y159.366 E632.80276
G0 F10020 X174.784 Y158.744
G1 F5550 X170.054 Y163.474 E633.03525
G0 F10020 X169.566 Y163.34
G1 F5550 X173.726 Y159.18 E633.23973
G0 F10020 X173.071 Y159.212
G1 F5550 X169.002 Y163.282 E633.43976
G0 F10020 X168.311 Y163.35
G1 F5550 X172.449 Y159.212 E633.64316
G0 F10020 X171.827 Y159.212
G1 F5550 X167.169 Y163.871 E633.87214
G1 X167.092 Y163.948
G1 F2400 E633.37214
G1 F600 Z0.9
G0 F10020 X160.648 Y171.635 Z0.9
G1 F600 Z0.5
G1 F2400 E633.87214
G1 F5550 X157.999 Y174.284 E634.00235
G0 F10020 X157.377 Y174.284
G1 F5550 X159.964 Y171.698 E634.12949
G0 F10020 X159.393 Y171.646
G1 F5550 X156.755 Y174.284 E634.25915
G0 F10020 X156.133 Y174.284
G1 F5550 X158.914 Y171.502 E634.39587
G0 F10020 X158.483 Y171.311
G1 F5550 X155.51 Y174.284 E634.54201
G0 F10020 X154.888 Y174.284
G1 F5550 X158.098 Y171.075 E634.69977
G0 F10020 X157.771 Y170.779
G1 F5550 X154.266 Y174.284 E634.87205
G0 F10020 X153.644 Y174.284
G1 F5550 X157.461 Y170.466 E635.05969
G0 F10020 X157.224 Y170.082
G1 F5550 X153.021 Y174.284 E635.26626
G0 F10020 X152.399 Y174.284
G1 F5550 X157.018 Y169.665 E635.4933
G0 F10020 X156.862 Y169.199
G1 F5550 X151.777 Y174.284 E635.74325
G1 X151.7 Y174.361
G1 F2400 E635.24325
G1 F600 Z0.9
G0 F10020 X152.672 Y172.767 Z0.9
G1 F600 Z0.5
G1 F2400 E635.74325
G1 F5550 X156.795 Y168.644 E635.94591
G0 F10020 X156.832 Y167.985
G1 F5550 X152.712 Y172.104 E636.1484
G0 F10020 X152.712 Y171.482
G1 F5550 X157.124 Y167.07 E636.36526
G1 X157.201 Y166.993
G1 F2400 E635.86526
G1 F600 Z0.9
;MESH:NONMESH
G0 F10020 X132.613 Y137.105 Z0.9
;TIME_ELAPSED:295.055620
;LAYER:2
M204 S8000
;MESH:case_VL53L8+RP2040-up.stl
G0 F15000 X132.613 Y137.105 Z1.1
;TYPE:WALL-OUTER
G1 F600 Z0.7
G1 F2400 E636.36526
G1 F9000 X132.209 Y137.207 E636.37974
G1 X131.762 Y137.202 E636.39528
G1 X131.36 Y137.095 E636.40974
G1 X131.044 Y136.927 E636.42218
G1 X130.694 Y136.617 E636.43843
G1 X130.466 Y136.276 E636.45269
G1 X130.323 Y135.894 E636.46686
G1 X130.281 Y135.525 E636.47977
G1 X130.334 Y135.06 E636.49604
G1 X130.49 Y134.675 E636.51048
G1 X130.73 Y134.339 E636.52483
G1 X131.044 Y134.069 E636.53922
G1 X131.41 Y133.882 E636.55351
G1 X131.778 Y133.791 E636.56668
G1 X132.234 Y133.794 E636.58253
G1 X132.635 Y133.901 E636.59696
G1 X132.998 Y134.099 E636.61133
G1 X133.306 Y134.379 E636.6258
G1 X133.51 Y134.675 E636.63829
G1 X133.675 Y135.113 E636.65456
G1 X133.719 Y135.528 E636.66906
G1 X133.669 Y135.915 E636.68263
G1 X133.523 Y136.3 E636.69694
G1 X133.287 Y136.641 E636.71135
G1 X132.985 Y136.908 E636.72536
G1 X132.613 Y137.105 E636.73999
G1 F2400 E636.23999
G1 F600 Z1.1
G0 F15000 X151.219 Y136.523 Z1.1
G1 F600 Z0.7
G1 F2400 E636.73999
G1 F9000 X151.191 Y136.611 E636.7432
G1 X151.036 Y136.718 E636.74975
G1 X140.973 Y136.719 E637.09951
G1 X140.877 Y136.684 E637.10306
G1 X140.783 Y136.542 E637.10898
G1 X140.78 Y130.954 E637.3032
G1 X140.824 Y130.868 E637.30656
G1 X140.962 Y130.783 E637.31219
G1 X151.085 Y130.78 E637.66403
G1 X151.22 Y130.954 E637.67169
G1 X151.219 Y136.523 E637.86525
G1 F2400 E637.36525
G1 F600 Z1.1
G0 F15000 X160.625 Y137.1 Z1.1
G1 F600 Z0.7
G1 F2400 E637.86525
G1 F9000 X160.219 Y137.205 E637.87982
G1 X159.799 Y137.208 E637.89442
G1 X159.384 Y137.106 E637.90927
G1 X159.026 Y136.916 E637.92336
G1 X158.713 Y136.641 E637.93784
G1 X158.478 Y136.301 E637.95221
G1 X158.323 Y135.894 E637.96735
G1 X158.281 Y135.525 E637.98025
G1 X158.334 Y135.06 E637.99652
G1 X158.49 Y134.675 E638.01096
G1 X158.73 Y134.339 E638.02531
G1 X159.044 Y134.069 E638.0397
G1 X159.41 Y133.882 E638.05399
G1 X159.778 Y133.791 E638.06716
G1 X160.234 Y133.794 E638.08301
G1 X160.635 Y133.901 E638.09744
G1 X160.998 Y134.099 E638.11181
G1 X161.306 Y134.379 E638.12628
G1 X161.532 Y134.715 E638.14035
G1 X161.666 Y135.073 E638.15364
G1 X161.72 Y135.486 E638.16811
G1 X161.669 Y135.914 E638.1831
G1 X161.53 Y136.286 E638.1969
G1 X161.284 Y136.644 E638.212
G1 X160.971 Y136.918 E638.22645
G1 X160.625 Y137.1 E638.24004
G1 F2400 E637.74004
G1 F600 Z1.1
G0 F15000 X169.383 Y140.175 Z1.1
G1 F600 Z0.7
G1 F2400 E638.24004
G1 F9000 X168.973 Y140.219 E638.25437
G1 X168.582 Y140.169 E638.26808
G1 X168.196 Y140.023 E638.28242
G1 X167.855 Y139.787 E638.29683
G1 X167.59 Y139.487 E638.31075
G1 X167.388 Y139.107 E638.3257
G1 X167.291 Y138.722 E638.3395
G1 X167.294 Y138.262 E638.35549
G1 X167.394 Y137.874 E638.36942
G1 X167.586 Y137.517 E638.38351
G1 X167.863 Y137.206 E638.39798
G1 X168.19 Y136.981 E638.41178
G1 X168.602 Y136.823 E638.42711
G1 X169 Y136.78 E638.44103
G1 X169.436 Y136.834 E638.4563
G1 X169.788 Y136.971 E638.46943
G1 X170.157 Y137.23 E638.4851
G1 X170.427 Y137.544 E638.49949
G1 X170.614 Y137.91 E638.51377
G1 X170.702 Y138.262 E638.52639
G1 X170.705 Y138.718 E638.54223
G1 X170.595 Y139.135 E638.55722
G1 X170.397 Y139.498 E638.5716
G1 X170.117 Y139.806 E638.58606
G1 X169.821 Y140.01 E638.59856
G1 X169.383 Y140.175 E638.61483
G1 F2400 E638.11483
G1 F600 Z1.1
G0 F15000 X173.717 Y157.539 Z1.1
G1 F600 Z0.7
G1 F2400 E638.61483
G1 F9000 X173.632 Y157.676 E638.62043
G1 X173.546 Y157.72 E638.62379
G1 X167.977 Y157.719 E638.81735
G1 X167.889 Y157.691 E638.82056
G1 X167.78 Y157.572 E638.82617
G1 X167.783 Y147.461 E639.17759
G1 X167.826 Y147.364 E639.18128
G1 X167.978 Y147.281 E639.1873
G1 X173.546 Y147.28 E639.38083
G1 X173.72 Y147.415 E639.38848
G1 X173.717 Y157.539 E639.74036
G1 F2400 E639.24036
G1 F600 Z1.1
G0 F15000 X169.383 Y168.175 Z1.1
G1 F600 Z0.7
G1 F2400 E639.74036
G1 F9000 X168.973 Y168.219 E639.75469
G1 X168.562 Y168.162 E639.76911
G1 X168.175 Y168.01 E639.78356
G1 X167.866 Y167.796 E639.79663
G1 X167.59 Y167.487 E639.81103
G1 X167.394 Y167.122 E639.82543
G1 X167.289 Y166.705 E639.84037
G1 X167.289 Y166.286 E639.85494
G1 X167.386 Y165.895 E639.86894
G1 X167.585 Y165.518 E639.88376
G1 X167.855 Y165.213 E639.89791
G1 X168.195 Y164.978 E639.91228
G1 X168.602 Y164.823 E639.92742
G1 X169 Y164.78 E639.94133
G1 X169.436 Y164.834 E639.9566
G1 X169.821 Y164.99 E639.97104
G1 X170.157 Y165.23 E639.98539
G1 X170.427 Y165.544 E639.99978
G1 X170.614 Y165.91 E640.01407
G1 X170.702 Y166.262 E640.02668
G1 X170.705 Y166.718 E640.04253
G1 X170.595 Y167.135 E640.05752
G1 X170.397 Y167.498 E640.07189
G1 X170.117 Y167.806 E640.08636
G1 X169.814 Y168.014 E640.09913
G1 X169.383 Y168.175 E640.11512
G1 F2400 E639.61512
G1 F600 Z1.1
G0 F15000 X160.586 Y170.114 Z1.1
G1 F600 Z0.7
G1 F2400 E640.11512
G1 F9000 X160.218 Y170.205 E640.1283
G1 X159.762 Y170.202 E640.14415
G1 X159.36 Y170.095 E640.15861
G1 X159.044 Y169.927 E640.17104
G1 X158.694 Y169.617 E640.1873
G1 X158.466 Y169.276 E640.20155
G1 X158.323 Y168.894 E640.21573
G1 X158.281 Y168.475 E640.23037
G1 X158.329 Y168.074 E640.2444
G1 X158.49 Y167.675 E640.25936
G1 X158.694 Y167.379 E640.27185
G1 X159.014 Y167.088 E640.28689
G1 X159.392 Y166.887 E640.30177
G1 X159.798 Y166.788 E640.31629
G1 X160.205 Y166.789 E640.33044
G1 X160.586 Y166.882 E640.34407
G1 X160.967 Y167.076 E640.35893
G1 X161.28 Y167.348 E640.37334
G1 X161.525 Y167.7 E640.38825
G1 X161.667 Y168.076 E640.40222
G1 X161.72 Y168.487 E640.41662
G1 X161.675 Y168.883 E640.43047
G1 X161.522 Y169.302 E640.44597
G1 X161.306 Y169.617 E640.45925
G1 X160.955 Y169.927 E640.47553
G1 X160.586 Y170.114 E640.4899
G1 F2400 E639.9899
G1 F600 Z1.1
G0 F15000 X151.22 Y172.546 Z1.1
G1 F600 Z0.7
G1 F2400 E640.4899
G1 F9000 X151.176 Y172.633 E640.49329
G1 X151.038 Y172.717 E640.49891
G1 X140.915 Y172.72 E640.85075
G1 X140.78 Y172.546 E640.85841
G1 X140.782 Y166.966 E641.05235
G1 X140.834 Y166.854 E641.05664
G1 X140.959 Y166.783 E641.06164
G1 X151.037 Y166.782 E641.41192
G1 X151.145 Y166.833 E641.41607
G1 X151.218 Y166.964 E641.42128
G1 X151.22 Y172.546 E641.61529
G1 F2400 E641.11529
G1 F600 Z1.1
G0 F15000 X132.586 Y170.114 Z1.1
G1 F600 Z0.7
G1 F2400 E641.61529
G1 F9000 X132.218 Y170.205 E641.62847
G1 X131.762 Y170.202 E641.64432
G1 X131.403 Y170.112 E641.65718
G1 X131.044 Y169.927 E641.67122
G1 X130.694 Y169.617 E641.68747
G1 X130.466 Y169.276 E641.70173
G1 X130.323 Y168.894 E641.7159
G1 X130.281 Y168.525 E641.72881
G1 X130.334 Y168.06 E641.74508
G1 X130.49 Y167.675 E641.75952
G1 X130.73 Y167.339 E641.77387
G1 X131.044 Y167.069 E641.78826
G1 X131.41 Y166.882 E641.80255
G1 X131.762 Y166.794 E641.81516
G1 X132.209 Y166.789 E641.8307
G1 X132.611 Y166.89 E641.8451
G1 X132.974 Y167.08 E641.85934
G1 X133.287 Y167.356 E641.87385
G1 X133.523 Y167.696 E641.88823
G1 X133.667 Y168.074 E641.90229
G1 X133.719 Y168.473 E641.91628
G1 X133.673 Y168.894 E641.931
G1 X133.51 Y169.321 E641.94688
G1 X133.306 Y169.617 E641.95938
G1 X132.955 Y169.927 E641.97565
G1 X132.586 Y170.114 E641.99003
G1 F2400 E641.49003
G1 F600 Z1.1
G0 F15000 X176.28 Y175.78 Z1.1
G1 F600 Z0.7
G1 F2400 E641.99003
G1 F9000 X176.28 Y128.22 E643.64307
G1 X127.72 Y128.22 E645.33086
G1 X127.72 Y175.78 E646.98389
G1 X176.28 Y175.78 E648.67169
G0 F15000 X175.84 Y175.34
;TYPE:WALL-INNER
G1 F10500 X175.84 Y128.66 E650.29414
G1 X128.16 Y128.66 E651.95134
G1 X128.16 Y175.34 E653.57379
G1 X175.84 Y175.34 E655.231
G0 F15000 X175.4 Y174.9
G1 F10500 X175.4 Y158.25 E655.8097
G1 F8619.4 X175.305 Y157.761 E655.83079
G1 F7321.7 X175.305 Y157.077 E655.86488
G1 F7333.3 X175.306 Y156.393 E655.89892
G1 F7345 X175.306 Y155.709 E655.93291
G1 F7356.7 X175.306 Y155.025 E655.96684
G1 X175.307 Y154.341 E656.00077
G1 F7368.4 X175.307 Y153.657 E656.03465
G1 F7380.2 X175.307 Y152.973 E656.06847
G1 X175.308 Y152.289 E656.1023
G1 F7392 X175.308 Y151.605 E656.13607
G1 F7403.8 X175.308 Y150.921 E656.16978
G1 F7415.7 X175.309 Y150.237 E656.20344
G1 X175.309 Y149.553 E656.2371
G1 F7427.7 X175.309 Y148.869 E656.27071
G1 F7439.6 X175.31 Y148.185 E656.30426
G1 F7451.6 X175.31 Y147.501 E656.33776
G1 F8717 X175.4 Y146.75 E656.36943
G1 F10500 X175.4 Y129.1 E656.98289
G1 X151.75 Y129.1 E657.80489
G1 F8717 X151 Y129.19 E657.83651
G1 F7451.6 X150.359 Y129.19 E657.86791
G1 F7439.6 X149.718 Y129.191 E657.89935
G1 F7427.7 X149.077 Y129.191 E657.93085
G1 F7415.7 X148.436 Y129.191 E657.96239
G1 X147.795 Y129.192 E657.99394
G1 F7403.8 X147.154 Y129.192 E658.02553
G1 F7392 X146.513 Y129.193 E658.05718
G1 F7380.2 X145.872 Y129.193 E658.08888
G1 X145.231 Y129.193 E658.12057
G1 F7368.4 X144.59 Y129.194 E658.15232
G1 F7356.7 X143.949 Y129.194 E658.18412
G1 F7345 X143.308 Y129.194 E658.21597
G1 X142.667 Y129.195 E658.24782
G1 F7333.3 X142.026 Y129.195 E658.27972
G1 F7321.7 X141.385 Y129.196 E658.31167
G1 F7310.1 X140.744 Y129.196 E658.34367
G1 F8619.4 X140.25 Y129.1 E658.36497
G1 F10500 X128.6 Y129.1 E658.76989
G1 X128.601 Y134.206 E658.94736
G1 F10312.5 X128.608 Y134.571 E658.96028
G1 F8400 X128.703 Y134.972 E658.97818
G1 F7287.1 X128.693 Y135.334 E658.99632
G1 F7403.8 X128.693 Y135.668 E659.01278
G1 F7241.4 X128.706 Y136.12 E659.03557
G1 F7993.1 X128.631 Y136.425 E659.04991
G1 F9788.1 X128.601 Y136.79 E659.06357
G1 F10500 X128.601 Y167.206 E660.12073
G1 F10312.5 X128.608 Y167.571 E660.13365
G1 F8400 X128.703 Y167.972 E660.15156
G1 F7287.1 X128.693 Y168.334 E660.16969
G1 F7403.8 X128.693 Y168.668 E660.18616
G1 F7241.4 X128.706 Y169.12 E660.20894
G1 F7993.1 X128.631 Y169.425 E660.22328
G1 F9788.1 X128.601 Y169.79 E660.23694
G1 F10500 X128.6 Y174.9 E660.41455
G1 X175.4 Y174.9 E662.04117
G1 F2400 E661.54117
G1 F600 Z1.1
G0 F15000 X170.487 Y168.061 Z1.1
G1 F600 Z0.7
G1 F2400 E662.04117
G1 F10500 X170.05 Y168.386 E662.0601
G1 X169.47 Y168.607 E662.08167
G1 X169 Y168.66 E662.09811
G1 X168.559 Y168.612 E662.11353
G1 X168.067 Y168.446 E662.13157
G1 X167.591 Y168.14 E662.15124
G1 X167.242 Y167.757 E662.16925
G1 X166.992 Y167.3 E662.18736
G1 X166.852 Y166.755 E662.20691
G1 X166.849 Y166.271 E662.22374
G1 X166.968 Y165.759 E662.24201
G1 X167.206 Y165.295 E662.26013
G1 X167.559 Y164.888 E662.27886
G1 X167.987 Y164.59 E662.29698
G1 X168.462 Y164.404 E662.31471
G1 X169 Y164.34 E662.33354
G1 X169.595 Y164.424 E662.35443
G1 X170.071 Y164.628 E662.37243
G1 X170.487 Y164.939 E662.39048
G1 X170.815 Y165.338 E662.40843
G1 X171.041 Y165.803 E662.4264
G1 X171.148 Y166.316 E662.44462
G1 X171.139 Y166.794 E662.46123
G1 X171.041 Y167.193 E662.47552
G1 X170.817 Y167.659 E662.49349
G1 X170.487 Y168.061 E662.51156
G0 F15000 X170.817 Y168.352
G1 F10500 X170.617 Y168.53 E662.52087
G1 X170.084 Y168.858 E662.54262
G1 X169.546 Y169.04 E662.56236
G1 X169 Y169.1 E662.58145
G1 X168.506 Y169.049 E662.59871
G1 X167.912 Y168.858 E662.6204
G1 X167.316 Y168.483 E662.64487
G1 X166.842 Y167.97 E662.66915
G1 X166.562 Y167.411 E662.69088
G1 X166.425 Y166.876 E662.71008
G1 X166.41 Y166.241 E662.73215
G1 X166.566 Y165.553 E662.75667
G1 X166.873 Y165.001 E662.77863
G1 X167.263 Y164.562 E662.79904
G1 X167.779 Y164.203 E662.82088
G1 X168.391 Y163.961 E662.84376
G1 X169 Y163.9 E662.86503
G1 X169.479 Y163.946 E662.88176
G1 X169.755 Y164.014 E662.89164
G1 X170.321 Y164.266 E662.91317
G1 X170.817 Y164.648 E662.93493
G1 X171.204 Y165.131 E662.95644
G1 X171.468 Y165.697 E662.97815
G1 X171.588 Y166.316 E663.00006
G1 X171.573 Y166.87 E663.01932
G1 X171.468 Y167.299 E663.03468
G1 X171.207 Y167.864 E663.05631
G1 X170.817 Y168.352 E663.07802
G1 F2400 E662.57802
G1 F600 Z1.1
G0 F15000 X162.16 Y168.463 Z1.1
G1 F600 Z0.7
G1 F2400 E663.07802
G1 F10500 X162.095 Y169.023 E663.09761
G1 X161.928 Y169.474 E663.11433
G1 X161.561 Y169.987 E663.13625
G1 X161.159 Y170.317 E663.15433
G1 X160.693 Y170.541 E663.1723
G1 X160.294 Y170.639 E663.18658
G1 X159.816 Y170.648 E663.2032
G1 X159.303 Y170.541 E663.22141
G1 X158.838 Y170.315 E663.23938
G1 X158.375 Y169.934 E663.26022
G1 X158.056 Y169.435 E663.28081
G1 X157.889 Y168.97 E663.29798
G1 X157.84 Y168.5 E663.3144
G1 X157.909 Y167.944 E663.33388
G1 X158.09 Y167.487 E663.35096
G1 X158.387 Y167.06 E663.36904
G1 X158.748 Y166.738 E663.38585
G1 X159.249 Y166.471 E663.40558
G1 X159.717 Y166.355 E663.42234
G1 X160.216 Y166.348 E663.43969
G1 X160.751 Y166.473 E663.45878
G1 X161.238 Y166.727 E663.47787
G1 X161.592 Y167.038 E663.49425
G1 X161.895 Y167.461 E663.51234
G1 X162.088 Y167.948 E663.53054
G1 X162.16 Y168.463 E663.54862
G0 F15000 X162.609 Y168.516
G1 F10500 X162.521 Y169.134 E663.57031
G1 X162.327 Y169.658 E663.58973
G1 X162.03 Y170.117 E663.60874
G1 X161.58 Y170.557 E663.63061
G1 X161.364 Y170.706 E663.63973
G1 X160.799 Y170.968 E663.66138
G1 X160.37 Y171.072 E663.67672
G1 X159.816 Y171.088 E663.69598
G1 X159.549 Y171.056 E663.70533
G1 X158.947 Y170.872 E663.72721
G1 X158.42 Y170.557 E663.74855
G1 X157.97 Y170.117 E663.77042
G1 X157.646 Y169.595 E663.79178
G1 X157.456 Y169.046 E663.81197
G1 X157.4 Y168.5 E663.83105
G1 X157.489 Y167.814 E663.85509
G1 X157.702 Y167.279 E663.8751
G1 X158.061 Y166.764 E663.89692
G1 X158.482 Y166.387 E663.91657
G1 X159.081 Y166.054 E663.94039
G1 X159.727 Y165.911 E663.96338
G1 X160.314 Y165.909 E663.98378
G1 X160.896 Y166.057 E664.00466
G1 X161.426 Y166.325 E664.0253
G1 X161.904 Y166.728 E664.04703
G1 X162.318 Y167.297 E664.07149
G1 X162.528 Y167.89 E664.09335
G1 X162.609 Y168.516 E664.11529
G1 F2400 E663.61529
G1 F600 Z1.1
G0 F15000 X151.659 Y166.953 Z1.1
G1 F600 Z0.7
G1 F2400 E664.11529
G1 F10500 X151.66 Y172.633 E664.31271
G1 X151.528 Y172.897 E664.32297
G1 X151.311 Y173.083 E664.3329
G1 X151.088 Y173.16 E664.3411
G1 X141 Y173.16 E664.69173
G1 X140.689 Y173.083 E664.70287
G1 X140.472 Y172.897 E664.7128
G1 X140.34 Y172.633 E664.72306
G1 X140.341 Y166.96 E664.92023
G1 X140.413 Y166.697 E664.92971
G1 X140.601 Y166.473 E664.93987
G1 X140.92 Y166.344 E664.95183
G1 X151.036 Y166.34 E665.30343
G1 X151.229 Y166.38 E665.31029
G1 X151.497 Y166.564 E665.32158
G1 X151.587 Y166.697 E665.32717
G1 X151.659 Y166.953 E665.33641
G0 F15000 X152.098 Y166.922
G1 F10500 X152.1 Y172.5 E665.53028
G1 X152.057 Y172.809 E665.54113
G1 X151.88 Y173.161 E665.55482
G1 X151.518 Y173.471 E665.57139
G1 X151.144 Y173.6 E665.58514
G1 X141 Y173.6 E665.93771
G1 X140.482 Y173.471 E665.95626
G1 X140.12 Y173.161 E665.97283
G1 X139.943 Y172.809 E665.98652
G1 X139.9 Y172.5 E665.99737
G1 X139.901 Y166.934 E666.19082
G1 X140.021 Y166.496 E666.20661
G1 X140.22 Y166.223 E666.21835
G1 X140.481 Y166.029 E666.22965
G1 X140.935 Y165.901 E666.24605
G1 X151.06 Y165.901 E666.59796
G1 X151.381 Y165.967 E666.60935
G1 X151.539 Y166.04 E666.6154
G1 X151.827 Y166.274 E666.6283
G1 X151.979 Y166.496 E666.63765
G1 X152.098 Y166.922 E666.65302
G1 F2400 E666.15302
G1 F600 Z1.1
G0 F15000 X167.418 Y157.813 Z1.1
G1 F600 Z0.7
G1 F2400 E666.65302
G1 F10500 X167.341 Y157.546 E666.66268
G1 X167.34 Y147.464 E667.0131
G1 X167.432 Y147.162 E667.02407
G1 X167.669 Y146.928 E667.03565
G1 X167.936 Y146.843 E667.04539
G1 X173.634 Y146.84 E667.24343
G1 X173.896 Y146.972 E667.25363
G1 X174.083 Y147.189 E667.26358
G1 X174.16 Y147.5 E667.27472
G1 X174.16 Y157.589 E667.62538
G1 X174.083 Y157.811 E667.63355
G1 X173.896 Y158.028 E667.6435
G1 X173.634 Y158.16 E667.6537
G1 X167.932 Y158.157 E667.85188
G1 X167.669 Y158.072 E667.86149
G1 X167.418 Y157.813 E667.87403
G0 F15000 X167.004 Y157.968
G1 F10500 X166.902 Y157.576 E667.8881
G1 X166.901 Y147.358 E668.24325
G1 X166.989 Y147.065 E668.25388
G1 X167.259 Y146.686 E668.27006
G1 X167.56 Y146.491 E668.28252
G1 X167.893 Y146.405 E668.29448
G1 X173.5 Y146.4 E668.48936
G1 X173.809 Y146.443 E668.5002
G1 X174.16 Y146.62 E668.51386
G1 X174.472 Y146.982 E668.53047
G1 F8717 X174.69 Y147.5 E668.554
G1 F7451.6 X174.69 Y148.956 E668.62531
G1 F7439.6 X174.69 Y150.412 E668.69674
G1 F7427.7 X174.69 Y151.868 E668.76827
G1 X174.69 Y153.324 E668.83981
G1 F7415.7 X174.69 Y154.78 E668.91147
G1 F7403.8 X174.69 Y156.236 E668.98323
G1 F7392 X174.69 Y157.692 E669.05512
G1 F8684.2 X174.472 Y158.018 E669.0716
G1 F10500 X174.16 Y158.38 E669.08821
G1 X173.809 Y158.557 E669.10187
G1 X173.5 Y158.6 E669.11272
G1 X167.887 Y158.595 E669.30781
G1 X167.556 Y158.507 E669.31971
G1 X167.175 Y158.229 E669.3361
G1 X167.004 Y157.968 E669.34695
G1 F2400 E668.84695
G1 F600 Z1.1
G0 F15000 X169 Y140.66 Z1.1
G1 F600 Z0.7
G1 F2400 E669.34695
G1 F10500 X168.528 Y140.607 E669.36346
G1 X167.989 Y140.411 E669.38339
G1 X167.559 Y140.112 E669.40159
G1 X167.242 Y139.757 E669.41814
G1 X166.996 Y139.308 E669.43593
G1 X166.859 Y138.804 E669.45408
G1 X166.849 Y138.278 E669.47237
G1 X166.986 Y137.709 E669.49271
G1 X167.231 Y137.257 E669.51058
G1 X167.582 Y136.867 E669.52882
G1 X167.972 Y136.599 E669.54526
G1 X168.526 Y136.389 E669.56586
G1 X169 Y136.34 E669.58242
G1 X169.595 Y136.424 E669.6033
G1 X169.971 Y136.571 E669.61734
G1 X170.487 Y136.939 E669.63936
G1 X170.815 Y137.338 E669.65732
G1 X171.041 Y137.803 E669.67529
G1 X171.148 Y138.316 E669.6935
G1 X171.139 Y138.794 E669.71012
G1 X171.041 Y139.193 E669.7244
G1 X170.817 Y139.659 E669.74237
G1 X170.487 Y140.061 E669.76044
G1 X170.071 Y140.372 E669.7785
G1 X169.47 Y140.607 E669.80093
G1 X169 Y140.66 E669.81737
G0 F15000 X169 Y141.1
G1 F10500 X168.393 Y141.034 E669.83859
G1 X167.783 Y140.8 E669.8613
G1 X167.263 Y140.438 E669.88332
G1 X166.894 Y140.026 E669.90254
G1 X166.596 Y139.491 E669.92383
G1 X166.427 Y138.886 E669.94566
G1 X166.407 Y138.171 E669.97052
G1 X166.58 Y137.539 E669.99329
G1 X166.846 Y137.033 E670.01316
G1 X167.26 Y136.557 E670.03509
G1 X167.753 Y136.217 E670.0559
G1 X168.358 Y135.965 E670.07868
G1 X169 Y135.9 E670.10111
G1 X169.479 Y135.946 E670.11784
G1 X170.154 Y136.171 E670.14257
G1 X170.617 Y136.47 E670.16172
G1 X170.817 Y136.648 E670.17103
G1 X171.204 Y137.131 E670.19254
G1 X171.468 Y137.697 E670.21425
G1 X171.588 Y138.316 E670.23616
G1 X171.573 Y138.87 E670.25542
G1 X171.468 Y139.299 E670.27078
G1 X171.207 Y139.864 E670.29241
G1 X170.817 Y140.352 E670.31412
G1 X170.321 Y140.734 E670.33588
G1 X170.084 Y140.858 E670.34518
G1 X169.546 Y141.04 E670.36492
G1 X169 Y141.1 E670.38401
G1 F2400 E669.88401
G1 F600 Z1.1
G0 F15000 X161.932 Y136.464 Z1.1
G1 F600 Z0.7
G1 F2400 E670.38401
G1 F10500 X161.604 Y136.946 E670.40427
G1 X161.262 Y137.25 E670.42017
G1 X160.75 Y137.524 E670.44036
G1 X160.297 Y137.638 E670.45659
G1 X159.767 Y137.647 E670.47502
G1 X159.226 Y137.521 E670.49432
G1 X158.75 Y137.259 E670.51321
G1 X158.388 Y136.937 E670.53005
G1 X158.09 Y136.509 E670.54818
G1 X157.904 Y136.034 E670.56591
G1 X157.84 Y135.5 E670.5846
G1 X157.924 Y134.901 E670.60562
G1 X158.128 Y134.425 E670.62362
G1 X158.439 Y134.009 E670.64167
G1 X158.838 Y133.681 E670.65963
G1 X159.304 Y133.455 E670.67763
G1 X159.702 Y133.357 E670.69187
G1 X160.341 Y133.367 E670.71409
G1 X160.839 Y133.511 E670.7321
G1 X161.159 Y133.679 E670.74467
G1 X161.561 Y134.009 E670.76274
G1 X161.938 Y134.545 E670.78552
G1 X162.085 Y134.939 E670.80014
G1 X162.159 Y135.458 E670.81836
G1 X162.094 Y136.03 E670.83837
G1 X161.932 Y136.464 E670.85447
G0 F15000 X162.313 Y136.698
G1 F10500 X161.959 Y137.217 E670.8763
G1 X161.489 Y137.636 E670.89819
G1 X160.91 Y137.944 E670.92098
G1 X160.241 Y138.087 E670.94476
G1 X159.669 Y138.086 E670.96464
G1 X159.033 Y137.913 E670.98755
G1 X158.524 Y137.646 E671.00753
G1 X158.062 Y137.233 E671.02906
G1 X157.703 Y136.718 E671.05088
G1 X157.461 Y136.104 E671.07382
G1 X157.4 Y135.5 E671.09492
G1 X157.446 Y135.018 E671.11175
G1 X157.514 Y134.741 E671.12166
G1 X157.766 Y134.175 E671.1432
G1 X158.148 Y133.679 E671.16496
G1 X158.631 Y133.292 E671.18647
G1 X159.197 Y133.028 E671.20818
G1 X159.626 Y132.924 E671.22352
G1 X160.18 Y132.908 E671.24278
G1 X160.799 Y133.028 E671.2647
G1 X161.364 Y133.29 E671.28634
G1 X161.852 Y133.679 E671.30803
G1 X162.03 Y133.879 E671.31734
G1 X162.344 Y134.376 E671.33777
G1 X162.53 Y134.899 E671.35707
G1 X162.605 Y135.486 E671.37763
G1 X162.538 Y136.091 E671.39879
G1 X162.313 Y136.698 E671.42129
G1 F2400 E670.92129
G1 F600 Z1.1
G0 F15000 X151.657 Y136.568 Z1.1
G1 F600 Z0.7
G1 F2400 E671.42129
G1 F10500 X151.605 Y136.766 E671.42841
G1 X151.438 Y136.995 E671.43826
G1 X151.136 Y137.16 E671.45022
G1 X140.961 Y137.159 E671.80387
G1 X140.786 Y137.125 E671.81007
G1 X140.511 Y136.944 E671.82151
G1 X140.394 Y136.763 E671.829
G1 X140.34 Y136.59 E671.8353
G1 X140.34 Y130.867 E672.03421
G1 X140.472 Y130.604 E672.04444
G1 X140.689 Y130.417 E672.0544
G1 X140.915 Y130.34 E672.06269
G1 X151 Y130.34 E672.41322
G1 X151.311 Y130.417 E672.42435
G1 X151.528 Y130.604 E672.43431
G1 X151.66 Y130.867 E672.44454
G1 X151.657 Y136.568 E672.64269
G0 F15000 X152.095 Y136.612
G1 F10500 X152.008 Y136.943 E672.65458
G1 X151.73 Y137.324 E672.67097
G1 X151.461 Y137.5 E672.68215
G1 X151.06 Y137.599 E672.6965
G1 X140.935 Y137.599 E673.04842
G1 X140.544 Y137.502 E673.06242
G1 X140.27 Y137.324 E673.07377
G1 X140.092 Y137.123 E673.08311
G1 X139.942 Y136.805 E673.09533
G1 X139.905 Y136.607 E673.10233
G1 X139.9 Y131 E673.29721
G1 X139.944 Y130.691 E673.30806
G1 X140.12 Y130.34 E673.3217
G1 X140.482 Y130.029 E673.33829
G1 F8667.9 X140.811 Y129.81 E673.35493
G1 F7380.2 X142.085 Y129.81 E673.41793
G1 F7392 X143.359 Y129.81 E673.48083
G1 F7403.8 X144.633 Y129.81 E673.54363
G1 F7415.7 X145.907 Y129.81 E673.60632
G1 X147.181 Y129.81 E673.66902
G1 F7427.7 X148.455 Y129.81 E673.73162
G1 F7439.6 X149.729 Y129.81 E673.79411
G1 F7451.6 X151.003 Y129.81 E673.85651
G1 F8717 X151.518 Y130.029 E673.87994
G1 F10500 X151.88 Y130.34 E673.89652
G1 X152.056 Y130.691 E673.91017
G1 X152.1 Y131 E673.92102
G1 X152.095 Y136.612 E674.11607
G1 F2400 E673.61607
G1 F600 Z1.1
G0 F15000 X134.16 Y135.5 Z1.1
G1 F600 Z0.7
G1 F2400 E674.11607
G1 F10500 X134.107 Y135.97 E674.13251
G1 X133.911 Y136.506 E674.15235
G1 X133.612 Y136.937 E674.17058
G1 X133.249 Y137.26 E674.18747
G1 X132.774 Y137.515 E674.20621
G1 X132.267 Y137.643 E674.22438
G1 X131.816 Y137.648 E674.24006
G1 X131.303 Y137.541 E674.25827
G1 X130.838 Y137.315 E674.27624
G1 X130.375 Y136.934 E674.29708
G1 X130.056 Y136.435 E674.31767
G1 X129.889 Y135.97 E674.33484
G1 X129.843 Y135.574 E674.3487
G1 X129.89 Y134.981 E674.36937
G1 X130.128 Y134.425 E674.39039
G1 X130.439 Y134.009 E674.40845
G1 X130.838 Y133.681 E674.4264
G1 X131.282 Y133.461 E674.44362
G1 X131.702 Y133.357 E674.45866
G1 X132.341 Y133.367 E674.48087
G1 X132.839 Y133.511 E674.49889
G1 X133.159 Y133.679 E674.51145
G1 X133.561 Y134.009 E674.52953
G1 X133.92 Y134.489 E674.55036
G1 X134.112 Y135.059 E674.57127
G1 X134.16 Y135.5 E674.58669
G0 F15000 X134.6 Y135.5
G1 F10500 X134.533 Y136.108 E674.60795
G1 X134.3 Y136.713 E674.63048
G1 X133.937 Y137.233 E674.65252
G1 X133.473 Y137.649 E674.67418
G1 X132.935 Y137.924 E674.69518
G1 X132.324 Y138.079 E674.71709
G1 X131.663 Y138.091 E674.74007
G1 X130.947 Y137.872 E674.76609
G1 X130.42 Y137.557 E674.78743
G1 X129.97 Y137.117 E674.80931
G1 X129.646 Y136.595 E674.83066
G1 F9788.1 X129.485 Y136.265 E674.84435
G1 F7993.1 X129.352 Y136.064 E674.85535
G1 F7241.4 X129.315 Y135.634 E674.87711
G1 F7403.8 X129.315 Y135.368 E674.89022
G1 F7287.1 X129.345 Y135.007 E674.90836
G1 F8400 X129.506 Y134.739 E674.92194
G1 F10312.5 X129.646 Y134.401 E674.93489
G1 F10500 X129.97 Y133.879 E674.95624
G1 X130.148 Y133.679 E674.96555
G1 X130.631 Y133.292 E674.98706
G1 X131.161 Y133.038 E675.00749
G1 X131.626 Y132.924 E675.02413
G1 X132.18 Y132.908 E675.04339
G1 X132.799 Y133.028 E675.06531
G1 X133.364 Y133.29 E675.08695
G1 X133.852 Y133.679 E675.10864
G1 X134.234 Y134.175 E675.1304
G1 X134.486 Y134.752 E675.15229
G1 X134.6 Y135.5 E675.17859
G1 F2400 E674.67859
G1 F600 Z1.1
G0 F15000 X132.267 Y166.353 Z1.1
G1 F600 Z0.7
G1 F2400 E675.17859
G1 F10500 X132.769 Y166.479 E675.19657
G1 X133.25 Y166.737 E675.21555
G1 X133.613 Y167.06 E675.23243
G1 X133.911 Y167.49 E675.25062
G1 X134.087 Y167.944 E675.26754
G1 X134.16 Y168.5 E675.28703
G1 X134.107 Y168.97 E675.30347
G1 X133.946 Y169.429 E675.32038
G1 X133.625 Y169.934 E675.34118
G1 X133.159 Y170.317 E675.36214
G1 X132.693 Y170.541 E675.38011
G1 X132.294 Y170.639 E675.39439
G1 X131.816 Y170.648 E675.41101
G1 X131.282 Y170.535 E675.42998
G1 X130.838 Y170.315 E675.4472
G1 X130.375 Y169.934 E675.46804
G1 X130.056 Y169.435 E675.48863
G1 X129.889 Y168.97 E675.5058
G1 X129.843 Y168.574 E675.51966
G1 X129.89 Y167.981 E675.54033
G1 X130.128 Y167.425 E675.56135
G1 X130.439 Y167.009 E675.57941
G1 X130.838 Y166.681 E675.59736
G1 X131.303 Y166.455 E675.61533
G1 X131.816 Y166.348 E675.63354
G1 X132.267 Y166.353 E675.64922
G0 F15000 X132.324 Y165.917
G1 F10500 X132.926 Y166.068 E675.67079
G1 X133.472 Y166.347 E675.6921
G1 X133.939 Y166.764 E675.71386
G1 X134.3 Y167.284 E675.73586
G1 X134.507 Y167.814 E675.75564
G1 X134.6 Y168.5 E675.7797
G1 X134.54 Y169.046 E675.79879
G1 X134.358 Y169.584 E675.81853
G1 X134.03 Y170.117 E675.84028
G1 X133.58 Y170.557 E675.86216
G1 X133.364 Y170.706 E675.87128
G1 X132.799 Y170.968 E675.89293
G1 X132.37 Y171.072 E675.90827
G1 X131.816 Y171.088 E675.92753
G1 X131.161 Y170.958 E675.95074
G1 X130.631 Y170.704 E675.97117
G1 X130.148 Y170.317 E675.99268
G1 X129.97 Y170.117 E676.00199
G1 X129.646 Y169.595 E676.02334
G1 F9788.1 X129.485 Y169.265 E676.03703
G1 F7993.1 X129.352 Y169.064 E676.04803
G1 F7241.4 X129.315 Y168.634 E676.06979
G1 F7403.8 X129.315 Y168.368 E676.0829
G1 F7287.1 X129.345 Y168.007 E676.10104
G1 F8400 X129.506 Y167.739 E676.11462
G1 F10312.5 X129.646 Y167.401 E676.12757
G1 F10500 X129.97 Y166.879 E676.14892
G1 X130.148 Y166.679 E676.15823
G1 X130.631 Y166.292 E676.17974
G1 X131.197 Y166.028 E676.20145
G1 X131.816 Y165.908 E676.22336
G1 X132.324 Y165.917 E676.24102
G1 F2400 E675.74102
G1 F600 Z1.1
G0 F15000 X132.438 Y171.461 Z1.1
;TYPE:SKIN
G1 F600 Z0.7
G1 F2400 E676.24102
G1 F9000 X131.816 Y171.484 E676.26265
G1 X131.055 Y171.34 E676.28957
G1 X130.41 Y171.033 E676.3144
G1 X129.894 Y170.62 E676.33737
G1 X129.423 Y170.028 E676.36367
G1 X129.08 Y169.417 E676.38802
G1 X128.995 Y169.795 E676.40149
G1 X128.997 Y174.503 E676.56512
G1 X140.261 Y174.504 E676.95662
G1 F8608.7 X140.887 Y174.484 E676.97938
G1 F8232.8 X143.476 Y174.484 E677.07775
G1 F8250 X146.065 Y174.485 E677.17592
G1 F8267.2 X148.654 Y174.485 E677.27388
G1 F8284.5 X151.243 Y174.485 E677.37164
G1 F8354.4 X151.319 Y174.489 E677.37449
G1 F8684.2 X151.785 Y174.504 E677.39128
G1 F9000 X175.004 Y174.504 E678.1983
G1 X175.004 Y158.282 E678.76213
G1 X174.93 Y158.093 E678.76918
G1 X174.425 Y158.666 E678.79573
G1 X173.96 Y158.921 E678.81416
G1 X173.523 Y158.994 E678.82956
G1 X167.889 Y158.995 E679.02538
G1 X167.556 Y158.927 E679.03719
G1 X167.147 Y158.731 E679.05296
G1 X166.826 Y158.425 E679.06837
G1 X166.612 Y158.057 E679.08317
G1 X166.505 Y157.61 E679.09914
G1 X166.504 Y147.411 E679.45363
G1 X166.594 Y146.975 E679.4691
G1 X166.775 Y146.636 E679.48246
G1 X166.988 Y146.392 E679.49371
G1 X167.277 Y146.189 E679.50599
G1 X167.57 Y146.064 E679.51706
G1 X167.852 Y146.008 E679.52705
G1 X173.523 Y146.006 E679.72416
G1 X173.959 Y146.079 E679.73952
G1 X174.428 Y146.332 E679.75805
G1 X174.792 Y146.756 E679.77747
G1 X174.933 Y147.009 E679.78753
G1 X175.004 Y146.722 E679.79781
G1 X175.004 Y129.496 E680.39653
G1 X151.774 Y129.496 E681.20393
G1 X151.49 Y129.564 E681.21408
G1 X151.724 Y129.692 E681.22335
G1 X152.198 Y130.098 E681.24505
G1 X152.421 Y130.54 E681.26225
G1 X152.494 Y130.972 E681.27748
G1 X152.495 Y136.614 E681.47358
G1 X152.367 Y137.107 E681.49128
G1 X152.218 Y137.366 E681.50167
G1 X152.003 Y137.61 E681.51297
G1 X151.543 Y137.896 E681.5318
G1 X151.1 Y137.99 E681.54754
G1 X140.773 Y137.988 E681.90647
G1 X140.171 Y137.753 E681.92893
G1 X139.781 Y137.364 E681.94808
G1 X139.564 Y136.923 E681.96516
G1 X139.508 Y136.644 E681.97505
G1 X139.506 Y130.972 E682.17219
G1 X139.578 Y130.542 E682.18735
G1 X139.83 Y130.071 E682.20591
G1 X140.402 Y129.568 E682.23239
G1 X140.215 Y129.496 E682.23935
G1 X128.996 Y129.496 E682.62929
G1 X128.996 Y134.499 E682.80318
G1 X129.066 Y134.649 E682.80893
G1 X129.142 Y134.559 E682.81302
G1 X129.446 Y133.936 E682.83712
G1 X129.894 Y133.372 E682.86215
G1 X130.454 Y132.932 E682.88691
G1 X131.018 Y132.668 E682.90855
G1 X131.554 Y132.531 E682.92778
G1 X132.202 Y132.513 E682.95031
G1 X132.554 Y132.557 E682.96264
G1 X133.241 Y132.778 E682.98772
G1 X133.813 Y133.118 E683.01085
G1 X134.331 Y133.623 E683.03599
G1 X134.735 Y134.286 E683.06298
G1 X134.931 Y134.918 E683.08598
G1 X134.996 Y135.495 E683.10616
G1 X134.921 Y136.186 E683.13032
G1 X134.639 Y136.919 E683.15761
G1 X134.284 Y137.447 E683.17973
G1 X133.696 Y137.977 E683.20724
G1 X133.026 Y138.318 E683.23337
G1 X132.398 Y138.467 E683.2558
G1 X131.788 Y138.483 E683.27701
G1 X131.435 Y138.435 E683.2894
G1 X130.772 Y138.231 E683.31351
G1 X130.18 Y137.868 E683.33764
G1 X129.563 Y137.268 E683.36755
G1 X129.08 Y136.417 E683.40156
G1 X128.996 Y136.795 E683.41502
G1 X128.996 Y167.499 E684.4822
G1 X129.066 Y167.649 E684.48795
G1 X129.142 Y167.559 E684.49204
G1 X129.446 Y166.936 E684.51614
G1 X129.895 Y166.371 E684.54122
G1 X130.455 Y165.936 E684.56587
G1 X131.115 Y165.639 E684.59102
G1 X131.775 Y165.515 E684.61436
G1 X132.399 Y165.525 E684.63606
G1 X133.044 Y165.683 E684.65914
G1 X133.685 Y166.01 E684.68415
G1 X134.221 Y166.485 E684.70904
G1 X134.659 Y167.089 E684.73497
G1 X134.924 Y167.805 E684.76151
G1 X134.996 Y168.496 E684.78565
G1 X134.929 Y169.111 E684.80716
G1 X134.712 Y169.759 E684.83091
G1 X134.331 Y170.373 E684.85602
G1 X133.851 Y170.845 E684.87942
G1 X133.535 Y171.065 E684.8928
G1 X132.893 Y171.35 E684.91722
G1 X132.438 Y171.461 E684.9335
G1 F2400 E684.4335
G1 F600 Z1.1
G0 F15000 X151.716 Y173.815 Z1.1
G1 F600 Z0.7
G1 F2400 E684.9335
G1 F8627.5 X151.201 Y174.012 E684.95349
G1 F8284.5 X148.637 Y174.012 E685.0503
G1 F8267.2 X146.073 Y174.011 E685.14732
G1 F8250 X143.509 Y174.01 E685.24453
G1 F8232.8 X140.945 Y174.01 E685.34196
G1 F8608.7 X140.289 Y173.823 E685.36674
G1 F9000 X139.832 Y173.431 E685.38767
G1 X139.578 Y172.953 E685.40648
G1 X139.506 Y172.524 E685.4216
G1 X139.507 Y166.881 E685.61773
G1 X139.56 Y166.587 E685.62812
G1 X139.676 Y166.301 E685.63884
G1 X139.955 Y165.922 E685.6552
G1 X140.278 Y165.685 E685.66913
G1 X140.64 Y165.546 E685.6826
G1 X140.907 Y165.504 E685.692
G1 X151.097 Y165.505 E686.04617
G1 X151.425 Y165.565 E686.05776
G1 X151.682 Y165.664 E686.06733
G1 X152.104 Y165.992 E686.08591
G1 X152.327 Y166.308 E686.09935
G1 X152.493 Y166.87 E686.11972
G1 X152.494 Y172.524 E686.31623
G1 X152.421 Y172.955 E686.33143
G1 X152.164 Y173.431 E686.35023
G1 X151.716 Y173.815 E686.37074
G1 F2400 E685.87074
G1 F600 Z1.1
G0 F15000 X160.893 Y171.35 Z1.1
G1 F600 Z0.7
G1 F2400 E686.37074
G1 F9000 X160.438 Y171.461 E686.38702
G1 X159.788 Y171.483 E686.40962
G1 X159.435 Y171.435 E686.422
G1 X158.773 Y171.231 E686.44608
G1 X158.141 Y170.837 E686.47196
G1 X157.636 Y170.328 E686.49689
G1 X157.271 Y169.727 E686.52133
G1 X157.063 Y169.107 E686.54405
G1 X157.004 Y168.482 E686.56587
G1 X157.072 Y167.783 E686.59028
G1 X157.364 Y167.074 E686.61693
G1 X157.718 Y166.539 E686.63923
G1 X158.244 Y166.071 E686.6637
G1 X158.905 Y165.695 E686.69013
G1 X159.605 Y165.524 E686.71518
G1 X160.335 Y165.508 E686.74056
G1 X161.038 Y165.687 E686.76577
G1 X161.634 Y165.988 E686.78898
G1 X162.176 Y166.44 E686.81351
G1 X162.617 Y167.04 E686.83939
G1 X162.891 Y167.718 E686.86481
G1 X163.008 Y168.505 E686.89246
G1 X162.902 Y169.23 E686.91793
G1 X162.671 Y169.846 E686.94079
G1 X162.331 Y170.373 E686.96259
G1 X161.851 Y170.845 E686.98599
G1 X161.535 Y171.065 E686.99937
G1 X160.893 Y171.35 E687.02379
G1 F2400 E686.52379
G1 F600 Z1.1
G0 F15000 X169.597 Y169.431 Z1.1
G1 F600 Z0.7
G1 F2400 E687.02379
G1 F9000 X168.996 Y169.496 E687.0448
G1 X168.423 Y169.431 E687.06484
G1 X167.76 Y169.227 E687.08895
G1 X167.053 Y168.781 E687.118
G1 X166.559 Y168.24 E687.14347
G1 X166.189 Y167.576 E687.16989
G1 X166.021 Y166.853 E687.19568
G1 X166.01 Y166.163 E687.21967
G1 X166.194 Y165.412 E687.24654
G1 X166.542 Y164.777 E687.27171
G1 X167.044 Y164.218 E687.29783
G1 X167.597 Y163.847 E687.32097
G1 X168.309 Y163.571 E687.34751
G1 X169.022 Y163.504 E687.3724
G1 X169.522 Y163.552 E687.38986
G1 X169.874 Y163.638 E687.40246
G1 X170.556 Y163.946 E687.42846
G1 X171.12 Y164.394 E687.4535
G1 X171.55 Y164.932 E687.47744
G1 X171.837 Y165.565 E687.50159
G1 X171.984 Y166.324 E687.52846
G1 X171.961 Y166.938 E687.54982
G1 X171.837 Y167.431 E687.56749
G1 X171.553 Y168.057 E687.59138
G1 X171.083 Y168.639 E687.61738
G1 X170.398 Y169.167 E687.64744
G1 X169.597 Y169.431 E687.67676
G1 F2400 E687.17676
G1 F600 Z1.1
G0 F15000 X169.611 Y141.429 Z1.1
G1 F600 Z0.7
G1 F2400 E687.67676
G1 F9000 X169.001 Y141.492 E687.69807
G1 X168.31 Y141.421 E687.72221
G1 X167.609 Y141.157 E687.74825
G1 X167.048 Y140.785 E687.77164
G1 X166.578 Y140.263 E687.79606
G1 X166.226 Y139.65 E687.82063
G1 X166.008 Y138.843 E687.84968
G1 X166.024 Y138.103 E687.87541
G1 X166.185 Y137.438 E687.89919
G1 X166.514 Y136.809 E687.92386
G1 X166.982 Y136.27 E687.94867
G1 X167.55 Y135.872 E687.97278
G1 X168.278 Y135.575 E688.0001
G1 X168.996 Y135.504 E688.02518
G1 X169.564 Y135.562 E688.04503
G1 X170.32 Y135.807 E688.07265
G1 X170.863 Y136.16 E688.09516
G1 X171.12 Y136.394 E688.10724
G1 X171.55 Y136.932 E688.13118
G1 X171.837 Y137.565 E688.15533
G1 X171.984 Y138.324 E688.1822
G1 X171.961 Y138.938 E688.20356
G1 X171.837 Y139.431 E688.22123
G1 X171.553 Y140.057 E688.24512
G1 X171.084 Y140.638 E688.27107
G1 X170.555 Y141.051 E688.2944
G1 X170.251 Y141.215 E688.3064
G1 X169.611 Y141.429 E688.32986
G1 F2400 E687.82986
G1 F600 Z1.1
G0 F15000 X161.084 Y138.294 Z1.1
G1 F600 Z0.7
G1 F2400 E688.32986
G1 F9000 X160.425 Y138.464 E688.35351
G1 X159.641 Y138.48 E688.38077
G1 X158.888 Y138.293 E688.40774
G1 X158.248 Y137.929 E688.43333
G1 X157.729 Y137.465 E688.45752
G1 X157.349 Y136.904 E688.48107
G1 X157.076 Y136.205 E688.50716
G1 X157.004 Y135.483 E688.53238
G1 X157.052 Y134.975 E688.55011
G1 X157.151 Y134.582 E688.5642
G1 X157.446 Y133.936 E688.58888
G1 X157.895 Y133.371 E688.61396
G1 X158.455 Y132.936 E688.63861
G1 X159.103 Y132.642 E688.66334
G1 X159.554 Y132.531 E688.67948
G1 X160.202 Y132.513 E688.70202
G1 X160.554 Y132.557 E688.71435
G1 X161.241 Y132.778 E688.73943
G1 X161.836 Y133.132 E688.76349
G1 X162.359 Y133.662 E688.78937
G1 X162.691 Y134.19 E688.81105
G1 X162.92 Y134.79 E688.83337
G1 X162.992 Y135.527 E688.85911
G1 X162.919 Y136.195 E688.88246
G1 X162.671 Y136.868 E688.90739
G1 X162.265 Y137.469 E688.9326
G1 X161.696 Y137.971 E688.95898
G1 X161.084 Y138.294 E688.98303
G1 F2400 E688.48303
G1 F600 Z1.1
G0 F15000 X174.518 Y129.716 Z1.1
G1 F600 Z0.7
G1 F2400 E688.98303
G1 F9000 X174.784 Y129.982 E688.9961
G0 F15000 X174.784 Y130.604
G1 F9000 X173.896 Y129.716 E689.03975
G0 F15000 X173.274 Y129.716
G1 F9000 X174.784 Y131.226 E689.11397
G0 F15000 X174.784 Y131.849
G1 F9000 X172.651 Y129.716 E689.21882
G0 F15000 X172.029 Y129.716
G1 F9000 X174.784 Y132.471 E689.35424
G0 F15000 X174.784 Y133.093
G1 F9000 X171.407 Y129.716 E689.52023
G0 F15000 X170.785 Y129.716
G1 F9000 X174.784 Y133.715 E689.71679
G0 F15000 X174.784 Y134.338
G1 F9000 X170.162 Y129.716 E689.94398
G0 F15000 X169.54 Y129.716
G1 F9000 X174.784 Y134.96 E690.20174
G0 F15000 X174.784 Y135.582
G1 F9000 X168.918 Y129.716 E690.49008
G0 F15000 X168.296 Y129.716
G1 F9000 X174.784 Y136.204 E690.80899
G0 F15000 X174.784 Y136.827
G1 F9000 X167.673 Y129.716 E691.15852
G0 F15000 X167.051 Y129.716
G1 F9000 X174.784 Y137.449 E691.53862
G0 F15000 X174.784 Y138.071
G1 F9000 X166.429 Y129.716 E691.9493
G0 F15000 X165.807 Y129.716
G1 F9000 X174.784 Y138.693 E692.39055
G0 F15000 X174.784 Y139.316
G1 F9000 X165.184 Y129.716 E692.86243
G0 F15000 X164.562 Y129.716
G1 F9000 X170.525 Y135.679 E693.15553
G1 X170.602 Y135.756
G1 F2400 E692.65553
G1 F600 Z1.1
G0 F15000 X169.559 Y135.335 Z1.1
G1 F600 Z0.7
G1 F2400 E693.15553
G1 F9000 X163.94 Y129.716 E693.43172
G0 F15000 X163.318 Y129.716
G1 F9000 X168.895 Y135.294 E693.70588
G0 F15000 X168.329 Y135.349
G1 F9000 X162.695 Y129.716 E693.98278
G0 F15000 X162.073 Y129.716
G1 F9000 X167.861 Y135.504 E694.26728
G0 F15000 X167.426 Y135.691
G1 F9000 X161.451 Y129.716 E694.56098
G0 F15000 X160.829 Y129.716
G1 F9000 X167.058 Y135.946 E694.86718
G0 F15000 X166.724 Y136.234
G1 F9000 X160.206 Y129.716 E695.18756
G0 F15000 X159.584 Y129.716
G1 F9000 X166.436 Y136.568 E695.52436
G0 F15000 X166.195 Y136.949
G1 F9000 X158.962 Y129.716 E695.87989
G0 F15000 X158.34 Y129.716
G1 F9000 X161.131 Y132.508 E696.0171
G0 F15000 X160.306 Y132.305
G1 F9000 X157.717 Y129.716 E696.14436
G0 F15000 X157.095 Y129.716
G1 F9000 X159.688 Y132.309 E696.27182
G0 F15000 X159.158 Y132.401
G1 F9000 X156.473 Y129.716 E696.4038
G0 F15000 X155.851 Y129.716
G1 F9000 X158.71 Y132.575 E696.54433
G0 F15000 X158.29 Y132.778
G1 F9000 X155.228 Y129.716 E696.69483
G0 F15000 X154.606 Y129.716
G1 F9000 X157.943 Y133.053 E696.85886
G0 F15000 X157.623 Y133.355
G1 F9000 X153.984 Y129.716 E697.03773
G0 F15000 X153.362 Y129.716
G1 F9000 X157.349 Y133.703 E697.2337
G0 F15000 X157.126 Y134.103
G1 F9000 X152.739 Y129.716 E697.44934
G0 F15000 X152.117 Y129.716
G1 F9000 X156.937 Y134.536 E697.68626
G0 F15000 X156.824 Y135.045
G1 F9000 X152.71 Y130.931 E697.88848
G0 F15000 X152.712 Y131.555
G1 F9000 X156.797 Y135.64 E698.08927
G0 F15000 X156.907 Y136.373
G1 F9000 X152.712 Y132.177 E698.2955
G0 F15000 X152.712 Y132.8
G1 F9000 X166.534 Y146.622 E698.9749
G0 F15000 X166.805 Y146.271
G1 F9000 X159.115 Y138.581 E699.35289
G0 F15000 X159.853 Y138.696
G1 F9000 X167.159 Y146.003 E699.71203
G0 F15000 X167.612 Y145.833
G1 F9000 X160.459 Y138.68 E700.06362
G0 F15000 X160.956 Y138.555
G1 F9000 X168.19 Y145.788 E700.41918
G0 F15000 X168.812 Y145.788
G1 F9000 X161.401 Y138.377 E700.78345
G0 F15000 X161.807 Y138.162
G1 F9000 X169.434 Y145.788 E701.15832
G0 F15000 X170.056 Y145.788
G1 F9000 X162.145 Y137.877 E701.54718
G0 F15000 X162.461 Y137.57
G1 F9000 X170.679 Y145.788 E701.95112
G0 F15000 X171.3 Y145.788
G1 F9000 X162.711 Y137.199 E702.3733
G0 F15000 X162.931 Y136.796
G1 F9000 X166.23 Y140.096 E702.53549
G1 X166.307 Y140.173
G1 F2400 E702.03549
G1 F600 Z1.1
G0 F15000 X165.843 Y139.086 Z1.1
G1 F600 Z0.7
G1 F2400 E702.53549
G1 F9000 X163.098 Y136.341 E702.67041
G0 F15000 X163.181 Y135.802
G1 F9000 X165.797 Y138.418 E702.799
G0 F15000 X165.86 Y137.858
G1 F9000 X163.18 Y135.179 E702.9307
G0 F15000 X162.999 Y134.376
G1 F9000 X165.981 Y137.358 E703.07728
G1 X166.058 Y137.435
G1 F2400 E702.57728
G1 F600 Z1.1
G0 F15000 X167.441 Y141.306 Z1.1
G1 F600 Z0.7
G1 F2400 E703.07728
G1 F9000 X171.922 Y145.788 E703.29756
G0 F15000 X172.545 Y145.788
G1 F9000 X168.408 Y141.651 E703.50091
G0 F15000 X169.083 Y141.704
G1 F9000 X173.167 Y145.788 E703.70165
G0 F15000 X173.843 Y145.841
G1 F9000 X169.648 Y141.647 E703.90783
G0 F15000 X170.118 Y141.494
G1 F9000 X174.784 Y146.16 E704.13718
G0 F15000 X174.784 Y145.538
G1 F9000 X170.547 Y141.301 E704.34544
G0 F15000 X170.916 Y141.048
G1 F9000 X174.784 Y144.916 E704.53557
G0 F15000 X174.784 Y144.294
G1 F9000 X171.264 Y140.774 E704.70859
G0 F15000 X171.54 Y140.427
G1 F9000 X174.784 Y143.671 E704.86804
G0 F15000 X174.784 Y143.049
G1 F9000 X171.793 Y140.058 E705.01506
G0 F15000 X171.987 Y139.63
G1 F9000 X174.784 Y142.427 E705.15255
G0 F15000 X174.784 Y141.805
G1 F9000 X172.132 Y139.152 E705.28293
G0 F15000 X172.193 Y138.591
G1 F9000 X174.784 Y141.182 E705.41028
G0 F15000 X174.784 Y140.56
G1 F9000 X172.133 Y137.909 E705.54059
G1 X172.056 Y137.832
G1 F2400 E705.04059
G1 F600 Z1.1
G0 F15000 X171.801 Y136.955 Z1.1
G1 F600 Z0.7
G1 F2400 E705.54059
G1 F9000 X174.784 Y139.938 E705.68721
G1 X174.861 Y140.015
G1 F2400 E705.18721
G1 F600 Z1.1
G0 F15000 X166.354 Y147.064 Z1.1
G1 F600 Z0.7
G1 F2400 E705.68721
G1 F9000 X152.712 Y133.423 E706.35774
G0 F15000 X152.712 Y134.045
G1 F9000 X166.285 Y147.618 E707.0249
G0 F15000 X166.285 Y148.24
G1 F9000 X152.712 Y134.667 E707.69207
G0 F15000 X152.713 Y135.29
G1 F9000 X166.285 Y148.862 E708.35918
G0 F15000 X166.285 Y149.484
G1 F9000 X152.713 Y135.912 E709.02629
G0 F15000 X152.713 Y136.535
G1 F9000 X166.285 Y150.107 E709.6934
G0 F15000 X166.285 Y150.729
G1 F9000 X152.608 Y137.052 E710.36568
G0 F15000 X152.41 Y137.476
G1 F9000 X166.285 Y151.351 E711.04768
G0 F15000 X166.285 Y151.974
G1 F9000 X152.114 Y137.802 E711.74426
G0 F15000 X151.726 Y138.036
G1 F9000 X166.286 Y152.596 E712.45994
G0 F15000 X166.286 Y153.219
G1 F9000 X151.246 Y138.179 E713.19921
G0 F15000 X150.658 Y138.213
G1 F9000 X166.286 Y153.841 E713.96738
G0 F15000 X166.286 Y154.463
G1 F9000 X150.035 Y138.213 E714.76615
G0 F15000 X149.413 Y138.213
G1 F9000 X166.286 Y155.085 E715.5955
G0 F15000 X166.286 Y155.708
G1 F9000 X148.791 Y138.213 E716.45544
G0 F15000 X148.169 Y138.213
G1 F9000 X166.286 Y156.33 E717.34596
G0 F15000 X166.286 Y156.952
G1 F9000 X147.546 Y138.213 E718.26707
G0 F15000 X146.924 Y138.213
G1 F9000 X166.286 Y157.575 E719.21878
G1 X166.363 Y157.652
G1 F2400 E718.71878
G1 F600 Z1.1
G0 F15000 X167.926 Y159.214 Z1.1
G1 F600 Z0.7
G1 F2400 E719.21878
G1 F9000 X174.784 Y166.073 E719.5559
G0 F15000 X174.784 Y166.695
G1 F9000 X146.302 Y138.213 E720.95589
G0 F15000 X145.68 Y138.213
G1 F9000 X174.784 Y167.317 E722.38646
G0 F15000 X174.784 Y167.939
G1 F9000 X171.803 Y164.958 E722.53299
G1 X171.726 Y164.881
G1 F2400 E722.03299
G1 F600 Z1.1
G0 F15000 X172.133 Y165.911 Z1.1
G1 F600 Z0.7
G1 F2400 E722.53299
G1 F9000 X174.784 Y168.562 E722.66329
G0 F15000 X174.784 Y169.184
G1 F9000 X172.193 Y166.592 E722.79067
G0 F15000 X172.132 Y167.154
G1 F9000 X174.784 Y169.806 E722.92103
G0 F15000 X174.784 Y170.428
G1 F9000 X171.987 Y167.631 E723.05851
G0 F15000 X171.792 Y168.059
G1 F9000 X174.784 Y171.051 E723.20558
G0 F15000 X174.784 Y171.673
G1 F9000 X171.538 Y168.427 E723.36513
G0 F15000 X171.263 Y168.774
G1 F9000 X174.784 Y172.295 E723.5382
G0 F15000 X174.784 Y172.917
G1 F9000 X170.914 Y169.047 E723.72843
G0 F15000 X170.563 Y169.318
G1 F9000 X174.784 Y173.54 E723.93593
G0 F15000 X174.784 Y174.162
G1 F9000 X170.114 Y169.492 E724.16548
G0 F15000 X169.647 Y169.647
G1 F9000 X174.283 Y174.283 E724.39335
G0 F15000 X173.661 Y174.283
G1 F9000 X169.087 Y169.709 E724.61818
G0 F15000 X168.411 Y169.655
G1 F9000 X173.039 Y174.283 E724.84566
G0 F15000 X172.417 Y174.283
G1 F9000 X167.386 Y169.252 E725.09296
G1 X167.309 Y169.175
G1 F2400 E724.59296
G1 F600 Z1.1
G0 F15000 X166.233 Y168.1 Z1.1
G1 F600 Z0.7
G1 F2400 E725.09296
G1 F9000 X134.928 Y136.795 E726.63171
G0 F15000 X134.713 Y137.202
G1 F9000 X171.794 Y174.283 E728.45437
G0 F15000 X171.172 Y174.283
G1 F9000 X134.462 Y137.573 E730.2588
G0 F15000 X134.139 Y137.872
G1 F9000 X170.55 Y174.283 E732.04853
G0 F15000 X169.928 Y174.283
G1 F9000 X162.966 Y167.322 E732.39072
G0 F15000 X163.178 Y168.156
G1 F9000 X169.305 Y174.283 E732.69188
G0 F15000 X168.683 Y174.283
G1 F9000 X163.192 Y168.793 E732.96176
G0 F15000 X163.103 Y169.325
G1 F9000 X168.061 Y174.283 E733.20546
G0 F15000 X167.439 Y174.283
G1 F9000 X162.934 Y169.778 E733.4269
G0 F15000 X162.716 Y170.183
G1 F9000 X166.816 Y174.283 E733.62843
G0 F15000 X166.194 Y174.283
G1 F9000 X162.463 Y170.553 E733.8118
G0 F15000 X162.149 Y170.861
G1 F9000 X165.572 Y174.283 E733.98002
G0 F15000 X164.95 Y174.283
G1 F9000 X161.807 Y171.14 E734.13451
G0 F15000 X161.408 Y171.364
G1 F9000 X164.327 Y174.283 E734.27799
G0 F15000 X163.705 Y174.283
G1 F9000 X160.977 Y171.555 E734.41208
G0 F15000 X160.477 Y171.678
G1 F9000 X163.083 Y174.283 E734.54015
G0 F15000 X162.461 Y174.283
G1 F9000 X159.879 Y171.702 E734.66704
G0 F15000 X159.12 Y171.565
G1 F9000 X161.838 Y174.283 E734.80064
G0 F15000 X161.216 Y174.283
G1 F9000 X129.217 Y142.285 E736.37348
G0 F15000 X129.217 Y142.907
G1 F9000 X151.773 Y165.463 E737.48219
G0 F15000 X150.973 Y165.285
G1 F9000 X129.217 Y143.529 E738.55158
G0 F15000 X129.217 Y144.151
G1 F9000 X150.351 Y165.285 E739.59039
G0 F15000 X149.728 Y165.285
G1 F9000 X129.217 Y144.774 E740.59858
G0 F15000 X129.217 Y145.396
G1 F9000 X149.106 Y165.285 E741.5762
G0 F15000 X148.484 Y165.285
G1 F9000 X129.217 Y146.018 E742.52324
G0 F15000 X129.217 Y146.641
G1 F9000 X147.862 Y165.285 E743.43968
G0 F15000 X147.239 Y165.285
G1 F9000 X129.218 Y147.263 E744.3255
G0 F15000 X129.218 Y147.886
G1 F9000 X146.617 Y165.285 E745.18073
G0 F15000 X145.995 Y165.285
G1 F9000 X129.218 Y148.508 E746.00538
G0 F15000 X129.218 Y149.13
G1 F9000 X145.373 Y165.285 E746.79945
G0 F15000 X144.75 Y165.285
G1 F9000 X129.218 Y149.752 E747.56293
G0 F15000 X129.218 Y150.375
G1 F9000 X144.128 Y165.285 E748.29581
G0 F15000 X143.506 Y165.285
G1 F9000 X129.218 Y150.997 E748.99812
G0 F15000 X129.218 Y151.619
G1 F9000 X142.884 Y165.285 E749.66985
G0 F15000 X142.261 Y165.285
G1 F9000 X129.218 Y152.242 E750.31096
G0 F15000 X129.218 Y152.864
G1 F9000 X141.639 Y165.285 E750.9215
G0 F15000 X141.017 Y165.285
G1 F9000 X129.218 Y153.486 E751.50146
G0 F15000 X129.218 Y154.108
G1 F9000 X140.48 Y165.37 E752.05503
G0 F15000 X140.059 Y165.572
G1 F9000 X129.218 Y154.731 E752.5879
G0 F15000 X129.218 Y155.353
G1 F9000 X139.73 Y165.865 E753.10461
G0 F15000 X139.472 Y166.229
G1 F9000 X129.218 Y155.975 E753.60863
G0 F15000 X129.218 Y156.597
G1 F9000 X139.318 Y166.698 E754.1051
G0 F15000 X139.284 Y167.286
G1 F9000 X129.219 Y157.22 E754.59986
G0 F15000 X129.219 Y157.842
G1 F9000 X139.285 Y167.909 E755.09466
G0 F15000 X139.285 Y168.531
G1 F9000 X129.219 Y158.465 E755.58944
G0 F15000 X129.219 Y159.087
G1 F9000 X139.286 Y169.154 E756.08427
G0 F15000 X139.287 Y169.777
G1 F9000 X129.219 Y159.709 E756.57915
G0 F15000 X129.219 Y160.332
G1 F9000 X139.287 Y170.399 E757.07401
G0 F15000 X139.287 Y171.022
G1 F9000 X129.219 Y160.954 E757.56888
G0 F15000 X129.219 Y161.576
G1 F9000 X133.118 Y165.475 E757.76053
G0 F15000 X132.32 Y165.3
G1 F9000 X129.219 Y162.198 E757.91298
G0 F15000 X129.219 Y162.821
G1 F9000 X131.702 Y165.304 E758.03503
G0 F15000 X131.179 Y165.403
G1 F9000 X129.219 Y163.443 E758.13137
G0 F15000 X129.219 Y164.065
G1 F9000 X130.724 Y165.57 E758.20535
G0 F15000 X130.301 Y165.769
G1 F9000 X129.219 Y164.687 E758.25853
G0 F15000 X129.219 Y165.31
G1 F9000 X129.953 Y166.044 E758.29461
G0 F15000 X129.631 Y166.344
G1 F9000 X129.219 Y165.932 E758.31486
G0 F15000 X129.219 Y166.554
G1 F9000 X129.361 Y166.696 E758.32184
G1 F2400 E757.82184
G1 F600 Z1.1
G0 F15000 X129.217 Y170.286 Z1.1
G1 F600 Z0.7
G1 F2400 E758.32184
G1 F9000 X133.214 Y174.283 E758.51831
G0 F15000 X132.592 Y174.283
G1 F9000 X129.217 Y170.908 E758.6842
G0 F15000 X129.217 Y171.531
G1 F9000 X131.969 Y174.283 E758.81947
G0 F15000 X131.347 Y174.283
G1 F9000 X129.217 Y172.153 E758.92417
G0 F15000 X129.217 Y172.775
G1 F9000 X130.725 Y174.283 E758.99829
G0 F15000 X130.103 Y174.283
G1 F9000 X129.217 Y173.397 E759.04184
G0 F15000 X129.217 Y174.02
G1 F9000 X129.48 Y174.283 E759.05477
G1 F2400 E758.55477
G1 F600 Z1.1
G0 F15000 X131.132 Y171.578 Z1.1
G1 F600 Z0.7
G1 F2400 E759.05477
G1 F9000 X133.836 Y174.283 E759.18771
G0 F15000 X134.458 Y174.283
G1 F9000 X131.877 Y171.701 E759.3146
G0 F15000 X132.476 Y171.678
G1 F9000 X135.081 Y174.283 E759.44264
G0 F15000 X135.703 Y174.283
G1 F9000 X132.976 Y171.556 E759.57669
G0 F15000 X133.407 Y171.364
G1 F9000 X136.325 Y174.283 E759.72014
G0 F15000 X136.947 Y174.283
G1 F9000 X133.806 Y171.141 E759.87456
G0 F15000 X134.149 Y170.862
G1 F9000 X137.57 Y174.283 E760.04271
G0 F15000 X138.192 Y174.283
G1 F9000 X134.463 Y170.553 E760.22603
G0 F15000 X134.712 Y170.181
G1 F9000 X138.814 Y174.283 E760.42766
G0 F15000 X139.437 Y174.283
G1 F9000 X134.941 Y169.787 E760.64865
G0 F15000 X135.092 Y169.316
G1 F9000 X140.059 Y174.283 E760.8928
G0 F15000 X140.526 Y174.128
G1 F9000 X140.656 Y174.258 E760.89919
G1 F2400 E760.39919
G1 F600 Z1.1
G0 F15000 X139.365 Y172.967 Z1.1
G1 F600 Z0.7
G1 F2400 E760.89919
G1 F9000 X135.185 Y168.786 E761.10467
G0 F15000 X135.181 Y168.161
G1 F9000 X139.288 Y172.267 E761.30652
G0 F15000 X139.288 Y171.645
G1 F9000 X134.988 Y167.345 E761.51788
G1 X134.911 Y167.268
G1 F2400 E761.01788
G1 F600 Z1.1
G0 F15000 X152.531 Y166.22 Z1.1
G1 F600 Z0.7
G1 F2400 E761.51788
G1 F9000 X160.594 Y174.283 E761.91421
G0 F15000 X159.972 Y174.283
G1 F9000 X152.712 Y167.024 E762.27104
G0 F15000 X152.712 Y167.647
G1 F9000 X159.349 Y174.283 E762.59725
G0 F15000 X158.727 Y174.283
G1 F9000 X152.712 Y168.269 E762.89288
G0 F15000 X152.712 Y168.891
G1 F9000 X158.105 Y174.283 E763.15794
G0 F15000 X157.483 Y174.283
G1 F9000 X152.712 Y169.513 E763.39243
G0 F15000 X152.712 Y170.135
G1 F9000 X156.86 Y174.283 E763.59632
G0 F15000 X156.238 Y174.283
G1 F9000 X152.712 Y170.757 E763.76963
G0 F15000 X152.712 Y171.379
G1 F9000 X155.616 Y174.283 E763.91238
G0 F15000 X154.994 Y174.283
G1 F9000 X152.712 Y172.002 E764.02452
G0 F15000 X152.701 Y172.613
G1 F9000 X154.371 Y174.283 E764.10661
G0 F15000 X153.749 Y174.283
G1 F9000 X152.582 Y173.116 E764.16397
G0 F15000 X152.355 Y173.512
G1 F9000 X153.127 Y174.283 E764.20189
G0 F15000 X152.505 Y174.283
G1 F9000 X152.045 Y173.824 E764.22448
G0 F15000 X151.669 Y174.071
G1 F9000 X151.882 Y174.283 E764.23492
G1 F2400 E763.73492
G1 F600 Z1.1
G0 F15000 X156.918 Y169.363 Z1.1
G1 F600 Z0.7
G1 F2400 E764.23492
G1 F9000 X129.217 Y141.662 E765.59653
G0 F15000 X129.217 Y141.04
G1 F9000 X156.793 Y168.616 E766.95199
G0 F15000 X156.829 Y168.029
G1 F9000 X129.217 Y140.418 E768.30919
G0 F15000 X129.217 Y139.796
G1 F9000 X156.942 Y167.521 E769.67197
G0 F15000 X157.122 Y167.078
G1 F9000 X129.217 Y139.173 E771.0436
G0 F15000 X129.217 Y138.551
G1 F9000 X157.355 Y166.689 E772.42669
G0 F15000 X157.618 Y166.33
G1 F9000 X129.217 Y137.929 E773.8227
G0 F15000 X129.217 Y137.307
G1 F9000 X157.949 Y166.039 E775.23498
G0 F15000 X158.312 Y165.779
G1 F9000 X131.093 Y138.56 E776.57289
G0 F15000 X131.855 Y138.7
G1 F9000 X158.706 Y165.551 E777.89272
G0 F15000 X159.18 Y165.402
G1 F9000 X132.457 Y138.679 E779.20625
G0 F15000 X132.959 Y138.559
G1 F9000 X159.702 Y165.302 E780.52076
G0 F15000 X160.31 Y165.288
G1 F9000 X133.399 Y138.377 E781.84353
G0 F15000 X133.813 Y138.169
G1 F9000 X161.144 Y165.5 E783.18695
G1 X161.221 Y165.577
G1 F2400 E782.68695
G1 F600 Z1.1
G0 F15000 X165.859 Y165.859 Z1.1
G1 F600 Z0.7
G1 F2400 E783.18695
G1 F9000 X135.183 Y135.183 E784.69479
G0 F15000 X135.18 Y135.803
G1 F9000 X165.797 Y166.419 E786.1997
G0 F15000 X165.854 Y167.099
G1 F9000 X135.098 Y136.343 E787.71147
G1 X135.021 Y136.266
G1 F2400 E787.21147
G1 F600 Z1.1
G0 F15000 X134.991 Y134.369 Z1.1
G1 F600 Z0.7
G1 F2400 E787.71147
G1 F9000 X165.981 Y165.358 E789.23471
G0 F15000 X166.196 Y164.951
G1 F9000 X130.962 Y129.717 E790.96659
G0 F15000 X130.34 Y129.717
G1 F9000 X133.129 Y132.507 E791.1037
G0 F15000 X132.304 Y132.304
G1 F9000 X129.717 Y129.717 E791.23086
G0 F15000 X129.216 Y129.838
G1 F9000 X131.687 Y132.309 E791.35232
G0 F15000 X131.158 Y132.403
G1 F9000 X129.216 Y130.46 E791.4478
G0 F15000 X129.217 Y131.083
G1 F9000 X130.707 Y132.574 E791.52107
G0 F15000 X130.287 Y132.776
G1 F9000 X129.217 Y131.706 E791.57366
G0 F15000 X129.218 Y132.329
G1 F9000 X129.941 Y133.052 E791.6092
G0 F15000 X129.622 Y133.355
G1 F9000 X129.218 Y132.952 E791.62903
G0 F15000 X129.22 Y133.575
G1 F9000 X129.352 Y133.708 E791.63555
G1 F2400 E791.13555
G1 F600 Z1.1
G0 F15000 X131.584 Y129.717 Z1.1
G1 F600 Z0.7
G1 F2400 E791.63555
G1 F9000 X166.434 Y164.567 E793.34855
G0 F15000 X166.727 Y164.238
G1 F9000 X140.68 Y138.191 E794.62885
G0 F15000 X141.324 Y138.213
G1 F9000 X167.056 Y163.945 E795.89367
G0 F15000 X167.429 Y163.695
G1 F9000 X141.946 Y138.213 E797.14623
G0 F15000 X142.568 Y138.213
G1 F9000 X167.861 Y163.506 E798.38947
G0 F15000 X168.326 Y163.348
G1 F9000 X143.191 Y138.213 E799.62495
G0 F15000 X143.813 Y138.213
G1 F9000 X168.892 Y163.291 E800.85764
G0 F15000 X169.56 Y163.337
G1 F9000 X144.435 Y138.213 E802.0926
G0 F15000 X145.057 Y138.213
G1 F9000 X170.532 Y163.687 E803.34477
G1 X170.609 Y163.764
G1 F2400 E802.84477
G1 F600 Z1.1
G0 F15000 X174.784 Y163.583 Z1.1
G1 F600 Z0.7
G1 F2400 E803.34477
G1 F9000 X170.414 Y159.214 E803.55954
G0 F15000 X169.792 Y159.214
G1 F9000 X174.784 Y164.206 E803.80492
G0 F15000 X174.784 Y164.828
G1 F9000 X169.17 Y159.214 E804.08087
G0 F15000 X168.548 Y159.214
G1 F9000 X174.784 Y165.45 E804.38739
G1 X174.861 Y165.527
G1 F2400 E803.88739
G1 F600 Z1.1
G0 F15000 X174.784 Y162.961 Z1.1
G1 F600 Z0.7
G1 F2400 E804.38739
G1 F9000 X171.036 Y159.214 E804.57159
G0 F15000 X171.659 Y159.214
G1 F9000 X174.784 Y162.339 E804.7252
G0 F15000 X174.784 Y161.717
G1 F9000 X172.28 Y159.213 E804.84828
G0 F15000 X172.902 Y159.213
G1 F9000 X174.784 Y161.094 E804.94076
G0 F15000 X174.784 Y160.472
G1 F9000 X173.525 Y159.213 E805.00264
G0 F15000 X174.053 Y159.119
G1 F9000 X174.784 Y159.85 E805.03858
G0 F15000 X174.784 Y159.228
G1 F9000 X174.465 Y158.909 E805.05426
G1 F2400 E804.55426
G1 F600 Z1.1
G0 F15000 X139.324 Y136.835 Z1.1
G1 F600 Z0.7
G1 F2400 E805.05426
G1 F9000 X132.206 Y129.717 E805.40413
G0 F15000 X132.829 Y129.717
G1 F9000 X139.289 Y136.178 E805.72169
G0 F15000 X139.289 Y135.556
G1 F9000 X133.451 Y129.717 E806.00867
G0 F15000 X134.073 Y129.717
G1 F9000 X139.289 Y134.934 E806.26508
G0 F15000 X139.289 Y134.311
G1 F9000 X134.695 Y129.717 E806.49089
G0 F15000 X135.318 Y129.717
G1 F9000 X139.289 Y133.688 E806.68608
G0 F15000 X139.289 Y133.066
G1 F9000 X135.94 Y129.717 E806.8507
G0 F15000 X136.562 Y129.717
G1 F9000 X139.289 Y132.444 E806.98474
G0 F15000 X139.289 Y131.822
G1 F9000 X137.184 Y129.717 E807.08821
G0 F15000 X137.807 Y129.717
G1 F9000 X139.289 Y131.199 E807.16105
G0 F15000 X139.346 Y130.634
G1 F9000 X138.429 Y129.717 E807.20613
G0 F15000 X139.051 Y129.717
G1 F9000 X139.513 Y130.179 E807.22884
G0 F15000 X139.788 Y129.832
G1 F9000 X139.673 Y129.717 E807.23449
G1 F2400 E806.73449
G1 F600 Z1.1
;MESH:NONMESH
G0 F15000 X132.613 Y137.105 Z1.1
;TIME_ELAPSED:364.987234
;LAYER:3
;MESH:case_VL53L8+RP2040-up.stl
G0 X132.613 Y137.105 Z1.3
;TYPE:WALL-OUTER
G1 F600 Z0.9
G1 F2400 E807.23449
G1 F9000 X132.209 Y137.207 E807.24897
G1 X131.762 Y137.202 E807.26451
G1 X131.36 Y137.095 E807.27897
G1 X131.044 Y136.927 E807.29141
G1 X130.694 Y136.617 E807.30766
G1 X130.466 Y136.276 E807.32191
G1 X130.323 Y135.894 E807.33609
G1 X130.281 Y135.525 E807.349
G1 X130.334 Y135.06 E807.36526
G1 X130.49 Y134.675 E807.3797
G1 X130.73 Y134.339 E807.39405
G1 X131.044 Y134.069 E807.40845
G1 X131.41 Y133.882 E807.42273
G1 X131.778 Y133.791 E807.43591
G1 X132.234 Y133.794 E807.45176
G1 X132.635 Y133.901 E807.46618
G1 X132.998 Y134.099 E807.48056
G1 X133.306 Y134.379 E807.49502
G1 X133.51 Y134.675 E807.50752
G1 X133.675 Y135.113 E807.52379
G1 X133.719 Y135.528 E807.53829
G1 X133.669 Y135.915 E807.55185
G1 X133.523 Y136.3 E807.56616
G1 X133.287 Y136.641 E807.58058
G1 X132.985 Y136.908 E807.59459
G1 X132.613 Y137.105 E807.60922
G1 F2400 E807.10922
G1 F600 Z1.3
G0 F15000 X151.219 Y136.523 Z1.3
G1 F600 Z0.9
G1 F2400 E807.60922
G1 F9000 X151.191 Y136.611 E807.61243
G1 X151.036 Y136.718 E807.61898
G1 X140.973 Y136.719 E807.96873
G1 X140.877 Y136.684 E807.97228
G1 X140.783 Y136.542 E807.9782
G1 X140.78 Y130.954 E808.17242
G1 X140.824 Y130.868 E808.17578
G1 X140.962 Y130.783 E808.18142
G1 X151.085 Y130.78 E808.53326
G1 X151.22 Y130.954 E808.54091
G1 X151.219 Y136.523 E808.73447
G1 F2400 E808.23447
G1 F600 Z1.3
G0 F15000 X160.625 Y137.1 Z1.3
G1 F600 Z0.9
G1 F2400 E808.73447
G1 F9000 X160.219 Y137.205 E808.74905
G1 X159.799 Y137.208 E808.76365
G1 X159.384 Y137.106 E808.7785
G1 X159.026 Y136.916 E808.79259
G1 X158.713 Y136.641 E808.80707
G1 X158.478 Y136.301 E808.82144
G1 X158.323 Y135.894 E808.83657
G1 X158.281 Y135.525 E808.84948
G1 X158.334 Y135.06 E808.86575
G1 X158.49 Y134.675 E808.88019
G1 X158.73 Y134.339 E808.89454
G1 X159.044 Y134.069 E808.90893
G1 X159.41 Y133.882 E808.92322
G1 X159.778 Y133.791 E808.93639
G1 X160.234 Y133.794 E808.95224
G1 X160.635 Y133.901 E808.96667
G1 X160.998 Y134.099 E808.98104
G1 X161.306 Y134.379 E808.9955
G1 X161.532 Y134.715 E809.00958
G1 X161.666 Y135.073 E809.02287
G1 X161.72 Y135.486 E809.03734
G1 X161.669 Y135.914 E809.05232
G1 X161.53 Y136.286 E809.06613
G1 X161.284 Y136.644 E809.08122
G1 X160.971 Y136.918 E809.09568
G1 X160.625 Y137.1 E809.10927
G1 F2400 E808.60927
G1 F600 Z1.3
G0 F15000 X169.383 Y140.175 Z1.3
G1 F600 Z0.9
G1 F2400 E809.10927
G1 F9000 X168.973 Y140.219 E809.1236
G1 X168.582 Y140.169 E809.1373
G1 X168.196 Y140.023 E809.15165
G1 X167.855 Y139.787 E809.16606
G1 X167.59 Y139.487 E809.17997
G1 X167.388 Y139.107 E809.19493
G1 X167.291 Y138.722 E809.20873
G1 X167.294 Y138.262 E809.22472
G1 X167.394 Y137.874 E809.23864
G1 X167.586 Y137.517 E809.25273
G1 X167.863 Y137.206 E809.26721
G1 X168.19 Y136.981 E809.281
G1 X168.602 Y136.823 E809.29634
G1 X169 Y136.78 E809.31026
G1 X169.436 Y136.834 E809.32552
G1 X169.788 Y136.971 E809.33865
G1 X170.157 Y137.23 E809.35432
G1 X170.427 Y137.544 E809.36872
G1 X170.614 Y137.91 E809.383
G1 X170.702 Y138.262 E809.39561
G1 X170.705 Y138.718 E809.41146
G1 X170.595 Y139.135 E809.42645
G1 X170.397 Y139.498 E809.44082
G1 X170.117 Y139.806 E809.45529
G1 X169.821 Y140.01 E809.46778
G1 X169.383 Y140.175 E809.48405
G1 F2400 E808.98405
G1 F600 Z1.3
G0 F15000 X173.717 Y157.539 Z1.3
G1 F600 Z0.9
G1 F2400 E809.48405
G1 F9000 X173.632 Y157.676 E809.48966
G1 X173.546 Y157.72 E809.49301
G1 X167.977 Y157.719 E809.68657
G1 X167.889 Y157.691 E809.68978
G1 X167.78 Y157.572 E809.69539
G1 X167.783 Y147.461 E810.04682
G1 X167.826 Y147.364 E810.05051
G1 X167.978 Y147.281 E810.05653
G1 X173.546 Y147.28 E810.25005
G1 X173.72 Y147.415 E810.25771
G1 X173.717 Y157.539 E810.60959
G1 F2400 E810.10959
G1 F600 Z1.3
G0 F15000 X169.383 Y168.175 Z1.3
G1 F600 Z0.9
G1 F2400 E810.60959
G1 F9000 X168.973 Y168.219 E810.62392
G1 X168.562 Y168.162 E810.63834
G1 X168.175 Y168.01 E810.65279
G1 X167.866 Y167.796 E810.66585
G1 X167.59 Y167.487 E810.68026
G1 X167.394 Y167.122 E810.69465
G1 X167.289 Y166.705 E810.7096
G1 X167.289 Y166.286 E810.72416
G1 X167.386 Y165.895 E810.73817
G1 X167.585 Y165.518 E810.75298
G1 X167.855 Y165.213 E810.76714
G1 X168.195 Y164.978 E810.78151
G1 X168.602 Y164.823 E810.79664
G1 X169 Y164.78 E810.81056
G1 X169.436 Y164.834 E810.82583
G1 X169.821 Y164.99 E810.84026
G1 X170.157 Y165.23 E810.85462
G1 X170.427 Y165.544 E810.86901
G1 X170.614 Y165.91 E810.88329
G1 X170.702 Y166.262 E810.89591
G1 X170.705 Y166.718 E810.91176
G1 X170.595 Y167.135 E810.92674
G1 X170.397 Y167.498 E810.94112
G1 X170.117 Y167.806 E810.95558
G1 X169.814 Y168.014 E810.96836
G1 X169.383 Y168.175 E810.98435
G1 F2400 E810.48435
G1 F600 Z1.3
G0 F15000 X160.586 Y170.114 Z1.3
G1 F600 Z0.9
G1 F2400 E810.98435
G1 F9000 X160.218 Y170.205 E810.99752
G1 X159.762 Y170.202 E811.01337
G1 X159.36 Y170.095 E811.02783
G1 X159.044 Y169.927 E811.04027
G1 X158.694 Y169.617 E811.05652
G1 X158.466 Y169.276 E811.07078
G1 X158.323 Y168.894 E811.08496
G1 X158.281 Y168.475 E811.09959
G1 X158.329 Y168.074 E811.11363
G1 X158.49 Y167.675 E811.12858
G1 X158.694 Y167.379 E811.14108
G1 X159.014 Y167.088 E811.15611
G1 X159.392 Y166.887 E811.17099
G1 X159.798 Y166.788 E811.18552
G1 X160.205 Y166.789 E811.19966
G1 X160.586 Y166.882 E811.21329
G1 X160.967 Y167.076 E811.22815
G1 X161.28 Y167.348 E811.24257
G1 X161.525 Y167.7 E811.25747
G1 X161.667 Y168.076 E811.27144
G1 X161.72 Y168.487 E811.28585
G1 X161.675 Y168.883 E811.2997
G1 X161.522 Y169.302 E811.3152
G1 X161.306 Y169.617 E811.32848
G1 X160.955 Y169.927 E811.34475
G1 X160.586 Y170.114 E811.35913
G1 F2400 E810.85913
G1 F600 Z1.3
G0 F15000 X151.22 Y172.546 Z1.3
G1 F600 Z0.9
G1 F2400 E811.35913
G1 F9000 X151.176 Y172.633 E811.36252
G1 X151.038 Y172.717 E811.36814
G1 X140.915 Y172.72 E811.71998
G1 X140.78 Y172.546 E811.72763
G1 X140.782 Y166.966 E811.92158
G1 X140.834 Y166.854 E811.92587
G1 X140.959 Y166.783 E811.93086
G1 X151.037 Y166.782 E812.28114
G1 X151.145 Y166.833 E812.2853
G1 X151.218 Y166.964 E812.29051
G1 X151.22 Y172.546 E812.48452
G1 F2400 E811.98452
G1 F600 Z1.3
G0 F15000 X132.586 Y170.114 Z1.3
G1 F600 Z0.9
G1 F2400 E812.48452
G1 F9000 X132.218 Y170.205 E812.4977
G1 X131.762 Y170.202 E812.51355
G1 X131.403 Y170.112 E812.52641
G1 X131.044 Y169.927 E812.54045
G1 X130.694 Y169.617 E812.5567
G1 X130.466 Y169.276 E812.57095
G1 X130.323 Y168.894 E812.58513
G1 X130.281 Y168.525 E812.59804
G1 X130.334 Y168.06 E812.61431
G1 X130.49 Y167.675 E812.62874
G1 X130.73 Y167.339 E812.6431
G1 X131.044 Y167.069 E812.65749
G1 X131.41 Y166.882 E812.67177
G1 X131.762 Y166.794 E812.68439
G1 X132.209 Y166.789 E812.69992
G1 X132.611 Y166.89 E812.71433
G1 X132.974 Y167.08 E812.72857
G1 X133.287 Y167.356 E812.74307
G1 X133.523 Y167.696 E812.75746
G1 X133.667 Y168.074 E812.77152
G1 X133.719 Y168.473 E812.7855
G1 X133.673 Y168.894 E812.80022
G1 X133.51 Y169.321 E812.81611
G1 X133.306 Y169.617 E812.8286
G1 X132.955 Y169.927 E812.84488
G1 X132.586 Y170.114 E812.85926
G1 F2400 E812.35926
G1 F600 Z1.3
G0 F15000 X176.28 Y175.78 Z1.3
G1 F600 Z0.9
G1 F2400 E812.85926
G1 F9000 X176.28 Y128.22 E814.51229
G1 X127.72 Y128.22 E816.20009
G1 X127.72 Y175.78 E817.85312
G1 X176.28 Y175.78 E819.54091
G0 F15000 X175.84 Y175.34
;TYPE:WALL-INNER
G1 F10500 X175.84 Y128.66 E821.16336
G1 X128.16 Y128.66 E822.82057
G1 X128.16 Y175.34 E824.44302
G1 X175.84 Y175.34 E826.10022
G0 F15000 X175.4 Y174.9
G1 F10500 X175.4 Y158.25 E826.67893
G1 F8619.4 X175.305 Y157.761 E826.70002
G1 F7321.7 X175.305 Y157.077 E826.73411
G1 F7333.3 X175.306 Y156.393 E826.76815
G1 F7345 X175.306 Y155.709 E826.80214
G1 F7356.7 X175.306 Y155.025 E826.83607
G1 X175.307 Y154.341 E826.87
G1 F7368.4 X175.307 Y153.657 E826.90388
G1 F7380.2 X175.307 Y152.973 E826.9377
G1 X175.308 Y152.289 E826.97152
G1 F7392 X175.308 Y151.605 E827.00529
G1 F7403.8 X175.308 Y150.921 E827.03901
G1 F7415.7 X175.309 Y150.237 E827.07267
G1 X175.309 Y149.553 E827.10633
G1 F7427.7 X175.309 Y148.869 E827.13994
G1 F7439.6 X175.31 Y148.185 E827.17349
G1 F7451.6 X175.31 Y147.501 E827.20699
G1 F8717 X175.4 Y146.75 E827.23866
G1 F10500 X175.4 Y129.1 E827.85212
G1 X151.75 Y129.1 E828.67412
G1 F8717 X151 Y129.19 E828.70574
G1 F7451.6 X150.359 Y129.19 E828.73713
G1 F7439.6 X149.718 Y129.191 E828.76858
G1 F7427.7 X149.077 Y129.191 E828.80007
G1 F7415.7 X148.436 Y129.191 E828.83162
G1 X147.795 Y129.192 E828.86316
G1 F7403.8 X147.154 Y129.192 E828.89476
G1 F7392 X146.513 Y129.193 E828.9264
G1 F7380.2 X145.872 Y129.193 E828.9581
G1 X145.231 Y129.193 E828.9898
G1 F7368.4 X144.59 Y129.194 E829.02155
G1 F7356.7 X143.949 Y129.194 E829.05335
G1 F7345 X143.308 Y129.194 E829.08519
G1 X142.667 Y129.195 E829.11704
G1 F7333.3 X142.026 Y129.195 E829.14894
G1 F7321.7 X141.385 Y129.196 E829.18089
G1 F7310.1 X140.744 Y129.196 E829.21289
G1 F8619.4 X140.25 Y129.1 E829.2342
G1 F10500 X128.6 Y129.1 E829.63912
G1 X128.601 Y134.206 E829.81659
G1 F10312.5 X128.608 Y134.571 E829.82951
G1 F8400 X128.703 Y134.972 E829.84741
G1 F7287.1 X128.693 Y135.334 E829.86555
G1 F7403.8 X128.693 Y135.668 E829.88201
G1 F7241.4 X128.706 Y136.12 E829.9048
G1 F7993.1 X128.631 Y136.425 E829.91914
G1 F9788.1 X128.601 Y136.79 E829.93279
G1 F10500 X128.601 Y167.206 E830.98996
G1 F10312.5 X128.608 Y167.571 E831.00288
G1 F8400 X128.703 Y167.972 E831.02078
G1 F7287.1 X128.693 Y168.334 E831.03892
G1 F7403.8 X128.693 Y168.668 E831.05538
G1 F7241.4 X128.706 Y169.12 E831.07817
G1 F7993.1 X128.631 Y169.425 E831.09251
G1 F9788.1 X128.601 Y169.79 E831.10617
G1 F10500 X128.6 Y174.9 E831.28377
G1 X175.4 Y174.9 E832.91039
G1 F2400 E832.41039
G1 F600 Z1.3
G0 F15000 X170.487 Y168.061 Z1.3
G1 F600 Z0.9
G1 F2400 E832.91039
G1 F10500 X170.05 Y168.386 E832.92932
G1 X169.47 Y168.607 E832.9509
G1 X169 Y168.66 E832.96733
G1 X168.559 Y168.612 E832.98275
G1 X168.067 Y168.446 E833.0008
G1 X167.591 Y168.14 E833.02047
G1 X167.242 Y167.757 E833.03848
G1 X166.992 Y167.3 E833.05658
G1 X166.852 Y166.755 E833.07614
G1 X166.849 Y166.271 E833.09296
G1 X166.968 Y165.759 E833.11123
G1 X167.206 Y165.295 E833.12936
G1 X167.559 Y164.888 E833.14808
G1 X167.987 Y164.59 E833.16621
G1 X168.462 Y164.404 E833.18394
G1 X169 Y164.34 E833.20277
G1 X169.595 Y164.424 E833.22366
G1 X170.071 Y164.628 E833.24166
G1 X170.487 Y164.939 E833.25971
G1 X170.815 Y165.338 E833.27766
G1 X171.041 Y165.803 E833.29563
G1 X171.148 Y166.316 E833.31385
G1 X171.139 Y166.794 E833.33046
G1 X171.041 Y167.193 E833.34474
G1 X170.817 Y167.659 E833.36271
G1 X170.487 Y168.061 E833.38079
G0 F15000 X170.817 Y168.352
G1 F10500 X170.617 Y168.53 E833.3901
G1 X170.084 Y168.858 E833.41185
G1 X169.546 Y169.04 E833.43159
G1 X169 Y169.1 E833.45068
G1 X168.506 Y169.049 E833.46794
G1 X167.912 Y168.858 E833.48963
G1 X167.316 Y168.483 E833.5141
G1 X166.842 Y167.97 E833.53838
G1 X166.562 Y167.411 E833.56011
G1 X166.425 Y166.876 E833.5793
G1 X166.41 Y166.241 E833.60138
G1 X166.566 Y165.553 E833.6259
G1 X166.873 Y165.001 E833.64785
G1 X167.263 Y164.562 E833.66826
G1 X167.779 Y164.203 E833.69011
G1 X168.391 Y163.961 E833.71298
G1 X169 Y163.9 E833.73426
G1 X169.479 Y163.946 E833.75098
G1 X169.755 Y164.014 E833.76086
G1 X170.321 Y164.266 E833.7824
G1 X170.817 Y164.648 E833.80416
G1 X171.204 Y165.131 E833.82567
G1 X171.468 Y165.697 E833.84737
G1 X171.588 Y166.316 E833.86929
G1 X171.573 Y166.87 E833.88855
G1 X171.468 Y167.299 E833.9039
G1 X171.207 Y167.864 E833.92553
G1 X170.817 Y168.352 E833.94725
G1 F2400 E833.44725
G1 F600 Z1.3
G0 F15000 X162.16 Y168.463 Z1.3
G1 F600 Z0.9
G1 F2400 E833.94725
G1 F10500 X162.095 Y169.023 E833.96684
G1 X161.928 Y169.474 E833.98356
G1 X161.561 Y169.987 E834.00548
G1 X161.159 Y170.317 E834.02356
G1 X160.693 Y170.541 E834.04153
G1 X160.294 Y170.639 E834.05581
G1 X159.816 Y170.648 E834.07242
G1 X159.303 Y170.541 E834.09064
G1 X158.838 Y170.315 E834.10861
G1 X158.375 Y169.934 E834.12945
G1 X158.056 Y169.435 E834.15003
G1 X157.889 Y168.97 E834.16721
G1 X157.84 Y168.5 E834.18363
G1 X157.909 Y167.944 E834.2031
G1 X158.09 Y167.487 E834.22019
G1 X158.387 Y167.06 E834.23827
G1 X158.748 Y166.738 E834.25508
G1 X159.249 Y166.471 E834.27481
G1 X159.717 Y166.355 E834.29157
G1 X160.216 Y166.348 E834.30891
G1 X160.751 Y166.473 E834.32801
G1 X161.238 Y166.727 E834.3471
G1 X161.592 Y167.038 E834.36348
G1 X161.895 Y167.461 E834.38156
G1 X162.088 Y167.948 E834.39977
G1 X162.16 Y168.463 E834.41784
G0 F15000 X162.609 Y168.516
G1 F10500 X162.521 Y169.134 E834.43954
G1 X162.327 Y169.658 E834.45896
G1 X162.03 Y170.117 E834.47796
G1 X161.58 Y170.557 E834.49984
G1 X161.364 Y170.706 E834.50896
G1 X160.799 Y170.968 E834.5306
G1 X160.37 Y171.072 E834.54595
G1 X159.816 Y171.088 E834.56521
G1 X159.549 Y171.056 E834.57456
G1 X158.947 Y170.872 E834.59644
G1 X158.42 Y170.557 E834.61778
G1 X157.97 Y170.117 E834.63965
G1 X157.646 Y169.595 E834.661
G1 X157.456 Y169.046 E834.6812
G1 X157.4 Y168.5 E834.70027
G1 X157.489 Y167.814 E834.72432
G1 X157.702 Y167.279 E834.74433
G1 X158.061 Y166.764 E834.76615
G1 X158.482 Y166.387 E834.78579
G1 X159.081 Y166.054 E834.80961
G1 X159.727 Y165.911 E834.83261
G1 X160.314 Y165.909 E834.85301
G1 X160.896 Y166.057 E834.87388
G1 X161.426 Y166.325 E834.89453
G1 X161.904 Y166.728 E834.91626
G1 X162.318 Y167.297 E834.94071
G1 X162.528 Y167.89 E834.96258
G1 X162.609 Y168.516 E834.98452
G1 F2400 E834.48452
G1 F600 Z1.3
G0 F15000 X151.659 Y166.953 Z1.3
G1 F600 Z0.9
G1 F2400 E834.98452
G1 F10500 X151.66 Y172.633 E835.18194
G1 X151.528 Y172.897 E835.1922
G1 X151.311 Y173.083 E835.20213
G1 X151.088 Y173.16 E835.21033
G1 X141 Y173.16 E835.56096
G1 X140.689 Y173.083 E835.57209
G1 X140.472 Y172.897 E835.58203
G1 X140.34 Y172.633 E835.59228
G1 X140.341 Y166.96 E835.78946
G1 X140.413 Y166.697 E835.79894
G1 X140.601 Y166.473 E835.8091
G1 X140.92 Y166.344 E835.82106
G1 X151.036 Y166.34 E836.17266
G1 X151.229 Y166.38 E836.17951
G1 X151.497 Y166.564 E836.19081
G1 X151.587 Y166.697 E836.19639
G1 X151.659 Y166.953 E836.20564
G0 F15000 X152.098 Y166.922
G1 F10500 X152.1 Y172.5 E836.39951
G1 X152.057 Y172.809 E836.41035
G1 X151.88 Y173.161 E836.42405
G1 X151.518 Y173.471 E836.44061
G1 X151.144 Y173.6 E836.45436
G1 X141 Y173.6 E836.80694
G1 X140.482 Y173.471 E836.82549
G1 X140.12 Y173.161 E836.84205
G1 X139.943 Y172.809 E836.85575
G1 X139.9 Y172.5 E836.86659
G1 X139.901 Y166.934 E837.06005
G1 X140.021 Y166.496 E837.07583
G1 X140.22 Y166.223 E837.08758
G1 X140.481 Y166.029 E837.09888
G1 X140.935 Y165.901 E837.11527
G1 X151.06 Y165.901 E837.46719
G1 X151.381 Y165.967 E837.47858
G1 X151.539 Y166.04 E837.48463
G1 X151.827 Y166.274 E837.49752
G1 X151.979 Y166.496 E837.50687
G1 X152.098 Y166.922 E837.52225
G1 F2400 E837.02225
G1 F600 Z1.3
G0 F15000 X167.418 Y157.813 Z1.3
G1 F600 Z0.9
G1 F2400 E837.52225
G1 F10500 X167.341 Y157.546 E837.53191
G1 X167.34 Y147.464 E837.88232
G1 X167.432 Y147.162 E837.8933
G1 X167.669 Y146.928 E837.90487
G1 X167.936 Y146.843 E837.91461
G1 X173.634 Y146.84 E838.11266
G1 X173.896 Y146.972 E838.12285
G1 X174.083 Y147.189 E838.13281
G1 X174.16 Y147.5 E838.14395
G1 X174.16 Y157.589 E838.49461
G1 X174.083 Y157.811 E838.50277
G1 X173.896 Y158.028 E838.51273
G1 X173.634 Y158.16 E838.52293
G1 X167.932 Y158.157 E838.72111
G1 X167.669 Y158.072 E838.73072
G1 X167.418 Y157.813 E838.74325
G0 F15000 X167.004 Y157.968
G1 F10500 X166.902 Y157.576 E838.75733
G1 X166.901 Y147.358 E839.11248
G1 X166.989 Y147.065 E839.12311
G1 X167.259 Y146.686 E839.13928
G1 X167.56 Y146.491 E839.15175
G1 X167.893 Y146.405 E839.1637
G1 X173.5 Y146.4 E839.35858
G1 X173.809 Y146.443 E839.36943
G1 X174.16 Y146.62 E839.38309
G1 X174.472 Y146.982 E839.3997
G1 F8717 X174.69 Y147.5 E839.42323
G1 F7451.6 X174.69 Y148.956 E839.49454
G1 F7439.6 X174.69 Y150.412 E839.56596
G1 F7427.7 X174.69 Y151.868 E839.6375
G1 X174.69 Y153.324 E839.70904
G1 F7415.7 X174.69 Y154.78 E839.78069
G1 F7403.8 X174.69 Y156.236 E839.85246
G1 F7392 X174.69 Y157.692 E839.92434
G1 F8684.2 X174.472 Y158.018 E839.94083
G1 F10500 X174.16 Y158.38 E839.95744
G1 X173.809 Y158.557 E839.9711
G1 X173.5 Y158.6 E839.98194
G1 X167.887 Y158.595 E840.17703
G1 X167.556 Y158.507 E840.18894
G1 X167.175 Y158.229 E840.20533
G1 X167.004 Y157.968 E840.21617
G1 F2400 E839.71617
G1 F600 Z1.3
G0 F15000 X169 Y140.66 Z1.3
G1 F600 Z0.9
G1 F2400 E840.21617
G1 F10500 X168.528 Y140.607 E840.23268
G1 X167.989 Y140.411 E840.25262
G1 X167.559 Y140.112 E840.27082
G1 X167.242 Y139.757 E840.28736
G1 X166.996 Y139.308 E840.30516
G1 X166.859 Y138.804 E840.32331
G1 X166.849 Y138.278 E840.3416
G1 X166.986 Y137.709 E840.36194
G1 X167.231 Y137.257 E840.37981
G1 X167.582 Y136.867 E840.39804
G1 X167.972 Y136.599 E840.41449
G1 X168.526 Y136.389 E840.43508
G1 X169 Y136.34 E840.45165
G1 X169.595 Y136.424 E840.47253
G1 X169.971 Y136.571 E840.48656
G1 X170.487 Y136.939 E840.50859
G1 X170.815 Y137.338 E840.52654
G1 X171.041 Y137.803 E840.54451
G1 X171.148 Y138.316 E840.56273
G1 X171.139 Y138.794 E840.57934
G1 X171.041 Y139.193 E840.59362
G1 X170.817 Y139.659 E840.61159
G1 X170.487 Y140.061 E840.62967
G1 X170.071 Y140.372 E840.64772
G1 X169.47 Y140.607 E840.67015
G1 X169 Y140.66 E840.68659
G0 F15000 X169 Y141.1
G1 F10500 X168.393 Y141.034 E840.70781
G1 X167.783 Y140.8 E840.73052
G1 X167.263 Y140.438 E840.75254
G1 X166.894 Y140.026 E840.77177
G1 X166.596 Y139.491 E840.79305
G1 X166.427 Y138.886 E840.81489
G1 X166.407 Y138.171 E840.83975
G1 X166.58 Y137.539 E840.86252
G1 X166.846 Y137.033 E840.88239
G1 X167.26 Y136.557 E840.90432
G1 X167.753 Y136.217 E840.92513
G1 X168.358 Y135.965 E840.94791
G1 X169 Y135.9 E840.97034
G1 X169.479 Y135.946 E840.98706
G1 X170.154 Y136.171 E841.01179
G1 X170.617 Y136.47 E841.03095
G1 X170.817 Y136.648 E841.04026
G1 X171.204 Y137.131 E841.06177
G1 X171.468 Y137.697 E841.08347
G1 X171.588 Y138.316 E841.10539
G1 X171.573 Y138.87 E841.12465
G1 X171.468 Y139.299 E841.14
G1 X171.207 Y139.864 E841.16163
G1 X170.817 Y140.352 E841.18335
G1 X170.321 Y140.734 E841.20511
G1 X170.084 Y140.858 E841.2144
G1 X169.546 Y141.04 E841.23414
G1 X169 Y141.1 E841.25323
G1 F2400 E840.75323
G1 F600 Z1.3
G0 F15000 X161.932 Y136.464 Z1.3
G1 F600 Z0.9
G1 F2400 E841.25323
G1 F10500 X161.604 Y136.946 E841.2735
G1 X161.262 Y137.25 E841.2894
G1 X160.75 Y137.524 E841.30959
G1 X160.297 Y137.638 E841.32582
G1 X159.767 Y137.647 E841.34424
G1 X159.226 Y137.521 E841.36355
G1 X158.75 Y137.259 E841.38244
G1 X158.388 Y136.937 E841.39928
G1 X158.09 Y136.509 E841.4174
G1 X157.904 Y136.034 E841.43513
G1 X157.84 Y135.5 E841.45383
G1 X157.924 Y134.901 E841.47485
G1 X158.128 Y134.425 E841.49285
G1 X158.439 Y134.009 E841.5109
G1 X158.838 Y133.681 E841.52885
G1 X159.304 Y133.455 E841.54685
G1 X159.702 Y133.357 E841.5611
G1 X160.341 Y133.367 E841.58331
G1 X160.839 Y133.511 E841.60133
G1 X161.159 Y133.679 E841.61389
G1 X161.561 Y134.009 E841.63197
G1 X161.938 Y134.545 E841.65475
G1 X162.085 Y134.939 E841.66936
G1 X162.159 Y135.458 E841.68758
G1 X162.094 Y136.03 E841.70759
G1 X161.932 Y136.464 E841.72369
G0 F15000 X162.313 Y136.698
G1 F10500 X161.959 Y137.217 E841.74553
G1 X161.489 Y137.636 E841.76741
G1 X160.91 Y137.944 E841.79021
G1 X160.241 Y138.087 E841.81399
G1 X159.669 Y138.086 E841.83387
G1 X159.033 Y137.913 E841.85677
G1 X158.524 Y137.646 E841.87675
G1 X158.062 Y137.233 E841.89829
G1 X157.703 Y136.718 E841.92011
G1 X157.461 Y136.104 E841.94305
G1 X157.4 Y135.5 E841.96415
G1 X157.446 Y135.018 E841.98098
G1 X157.514 Y134.741 E841.99089
G1 X157.766 Y134.175 E842.01243
G1 X158.148 Y133.679 E842.03418
G1 X158.631 Y133.292 E842.0557
G1 X159.197 Y133.028 E842.0774
G1 X159.626 Y132.924 E842.09275
G1 X160.18 Y132.908 E842.11201
G1 X160.799 Y133.028 E842.13392
G1 X161.364 Y133.29 E842.15557
G1 X161.852 Y133.679 E842.17726
G1 X162.03 Y133.879 E842.18657
G1 X162.344 Y134.376 E842.207
G1 X162.53 Y134.899 E842.22629
G1 X162.605 Y135.486 E842.24686
G1 X162.538 Y136.091 E842.26802
G1 X162.313 Y136.698 E842.29052
G1 F2400 E841.79052
G1 F600 Z1.3
G0 F15000 X151.657 Y136.568 Z1.3
G1 F600 Z0.9
G1 F2400 E842.29052
G1 F10500 X151.605 Y136.766 E842.29763
G1 X151.438 Y136.995 E842.30748
G1 X151.136 Y137.16 E842.31945
G1 X140.961 Y137.159 E842.6731
G1 X140.786 Y137.125 E842.67929
G1 X140.511 Y136.944 E842.69073
G1 X140.394 Y136.763 E842.69823
G1 X140.34 Y136.59 E842.70452
G1 X140.34 Y130.867 E842.90344
G1 X140.472 Y130.604 E842.91367
G1 X140.689 Y130.417 E842.92362
G1 X140.915 Y130.34 E842.93192
G1 X151 Y130.34 E843.28244
G1 X151.311 Y130.417 E843.29358
G1 X151.528 Y130.604 E843.30354
G1 X151.66 Y130.867 E843.31376
G1 X151.657 Y136.568 E843.51191
G0 F15000 X152.095 Y136.612
G1 F10500 X152.008 Y136.943 E843.52381
G1 X151.73 Y137.324 E843.5402
G1 X151.461 Y137.5 E843.55137
G1 X151.06 Y137.599 E843.56573
G1 X140.935 Y137.599 E843.91764
G1 X140.544 Y137.502 E843.93164
G1 X140.27 Y137.324 E843.943
G1 X140.092 Y137.123 E843.95233
G1 X139.942 Y136.805 E843.96455
G1 X139.905 Y136.607 E843.97155
G1 X139.9 Y131 E844.16644
G1 X139.944 Y130.691 E844.17728
G1 X140.12 Y130.34 E844.19093
G1 X140.482 Y130.029 E844.20752
G1 F8667.9 X140.811 Y129.81 E844.22416
G1 F7380.2 X142.085 Y129.81 E844.28716
G1 F7392 X143.359 Y129.81 E844.35006
G1 F7403.8 X144.633 Y129.81 E844.41285
G1 F7415.7 X145.907 Y129.81 E844.47555
G1 X147.181 Y129.81 E844.53825
G1 F7427.7 X148.455 Y129.81 E844.60084
G1 F7439.6 X149.729 Y129.81 E844.66334
G1 F7451.6 X151.003 Y129.81 E844.72573
G1 F8717 X151.518 Y130.029 E844.74916
G1 F10500 X151.88 Y130.34 E844.76575
G1 X152.056 Y130.691 E844.7794
G1 X152.1 Y131 E844.79025
G1 X152.095 Y136.612 E844.9853
G1 F2400 E844.4853
G1 F600 Z1.3
G0 F15000 X134.16 Y135.5 Z1.3
G1 F600 Z0.9
G1 F2400 E844.9853
G1 F10500 X134.107 Y135.97 E845.00174
G1 X133.911 Y136.506 E845.02158
G1 X133.612 Y136.937 E845.03981
G1 X133.249 Y137.26 E845.0567
G1 X132.774 Y137.515 E845.07544
G1 X132.267 Y137.643 E845.09361
G1 X131.816 Y137.648 E845.10929
G1 X131.303 Y137.541 E845.1275
G1 X130.838 Y137.315 E845.14547
G1 X130.375 Y136.934 E845.16631
G1 X130.056 Y136.435 E845.1869
G1 X129.889 Y135.97 E845.20407
G1 X129.843 Y135.574 E845.21792
G1 X129.89 Y134.981 E845.2386
G1 X130.128 Y134.425 E845.25962
G1 X130.439 Y134.009 E845.27767
G1 X130.838 Y133.681 E845.29563
G1 X131.282 Y133.461 E845.31285
G1 X131.702 Y133.357 E845.32789
G1 X132.341 Y133.367 E845.3501
G1 X132.839 Y133.511 E845.36812
G1 X133.159 Y133.679 E845.38068
G1 X133.561 Y134.009 E845.39876
G1 X133.92 Y134.489 E845.41959
G1 X134.112 Y135.059 E845.44049
G1 X134.16 Y135.5 E845.45591
G0 F15000 X134.6 Y135.5
G1 F10500 X134.533 Y136.108 E845.47717
G1 X134.3 Y136.713 E845.49971
G1 X133.937 Y137.233 E845.52175
G1 X133.473 Y137.649 E845.54341
G1 X132.935 Y137.924 E845.56441
G1 X132.324 Y138.079 E845.58632
G1 X131.663 Y138.091 E845.6093
G1 X130.947 Y137.872 E845.63532
G1 X130.42 Y137.557 E845.65666
G1 X129.97 Y137.117 E845.67853
G1 X129.646 Y136.595 E845.69989
G1 F9788.1 X129.485 Y136.265 E845.71358
G1 F7993.1 X129.352 Y136.064 E845.72458
G1 F7241.4 X129.315 Y135.634 E845.74633
G1 F7403.8 X129.315 Y135.368 E845.75944
G1 F7287.1 X129.345 Y135.007 E845.77759
G1 F8400 X129.506 Y134.739 E845.79117
G1 F10312.5 X129.646 Y134.401 E845.80412
G1 F10500 X129.97 Y133.879 E845.82547
G1 X130.148 Y133.679 E845.83478
G1 X130.631 Y133.292 E845.85629
G1 X131.161 Y133.038 E845.87671
G1 X131.626 Y132.924 E845.89335
G1 X132.18 Y132.908 E845.91262
G1 X132.799 Y133.028 E845.93453
G1 X133.364 Y133.29 E845.95618
G1 X133.852 Y133.679 E845.97787
G1 X134.234 Y134.175 E845.99963
G1 X134.486 Y134.752 E846.02151
G1 X134.6 Y135.5 E846.04781
G1 F2400 E845.54781
G1 F600 Z1.3
G0 F15000 X132.267 Y166.353 Z1.3
G1 F600 Z0.9
G1 F2400 E846.04781
G1 F10500 X132.769 Y166.479 E846.0658
G1 X133.25 Y166.737 E846.08477
G1 X133.613 Y167.06 E846.10166
G1 X133.911 Y167.49 E846.11984
G1 X134.087 Y167.944 E846.13677
G1 X134.16 Y168.5 E846.15626
G1 X134.107 Y168.97 E846.1727
G1 X133.946 Y169.429 E846.1896
G1 X133.625 Y169.934 E846.2104
G1 X133.159 Y170.317 E846.23137
G1 X132.693 Y170.541 E846.24934
G1 X132.294 Y170.639 E846.26362
G1 X131.816 Y170.648 E846.28024
G1 X131.282 Y170.535 E846.29921
G1 X130.838 Y170.315 E846.31643
G1 X130.375 Y169.934 E846.33727
G1 X130.056 Y169.435 E846.35785
G1 X129.889 Y168.97 E846.37503
G1 X129.843 Y168.574 E846.38888
G1 X129.89 Y167.981 E846.40956
G1 X130.128 Y167.425 E846.43058
G1 X130.439 Y167.009 E846.44863
G1 X130.838 Y166.681 E846.46658
G1 X131.303 Y166.455 E846.48455
G1 X131.816 Y166.348 E846.50277
G1 X132.267 Y166.353 E846.51844
G0 F15000 X132.324 Y165.917
G1 F10500 X132.926 Y166.068 E846.54002
G1 X133.472 Y166.347 E846.56133
G1 X133.939 Y166.764 E846.58309
G1 X134.3 Y167.284 E846.60509
G1 X134.507 Y167.814 E846.62487
G1 X134.6 Y168.5 E846.64893
G1 X134.54 Y169.046 E846.66802
G1 X134.358 Y169.584 E846.68776
G1 X134.03 Y170.117 E846.70951
G1 X133.58 Y170.557 E846.73139
G1 X133.364 Y170.706 E846.74051
G1 X132.799 Y170.968 E846.76215
G1 X132.37 Y171.072 E846.7775
G1 X131.816 Y171.088 E846.79676
G1 X131.161 Y170.958 E846.81997
G1 X130.631 Y170.704 E846.8404
G1 X130.148 Y170.317 E846.86191
G1 X129.97 Y170.117 E846.87121
G1 X129.646 Y169.595 E846.89257
G1 F9788.1 X129.485 Y169.265 E846.90626
G1 F7993.1 X129.352 Y169.064 E846.91726
G1 F7241.4 X129.315 Y168.634 E846.93901
G1 F7403.8 X129.315 Y168.368 E846.95212
G1 F7287.1 X129.345 Y168.007 E846.97027
G1 F8400 X129.506 Y167.739 E846.98385
G1 F10312.5 X129.646 Y167.401 E846.9968
G1 F10500 X129.97 Y166.879 E847.01815
G1 X130.148 Y166.679 E847.02746
G1 X130.631 Y166.292 E847.04897
G1 X131.197 Y166.028 E847.07067
G1 X131.816 Y165.908 E847.09259
G1 X132.324 Y165.917 E847.11025
G1 F2400 E846.61025
G1 F600 Z1.3
G0 F15000 X142.513 Y173.93 Z1.3
;TYPE:FILL
G1 F600 Z0.9
G1 F2400 E847.11025
G1 F15000 X141.873 Y174.57 E847.14171
G1 X141.387 Y174.57 E847.1586
G1 X140.668 Y173.851 E847.19394
G1 X140.988 Y173.93 E847.2054
G1 X144.895 Y173.931 E847.34119
G1 X145.535 Y174.57 E847.37262
G1 X146.021 Y174.57 E847.38952
G1 X146.661 Y173.93 E847.42097
G1 X149.043 Y173.931 E847.50377
G1 X149.682 Y174.57 E847.53517
G1 X150.169 Y174.57 E847.5521
G1 X150.809 Y173.93 E847.58356
G1 X151.191 Y173.93 E847.59684
G1 X151.676 Y173.762 E847.61468
G1 X152.145 Y173.361 E847.63612
G1 X152.304 Y173.043 E847.64848
G1 X153.83 Y174.57 E847.72351
G1 X154.317 Y174.57 E847.74044
G1 X158.142 Y170.745 E847.92845
G1 X158.609 Y171.053 E847.9479
G1 X162.126 Y174.57 E848.12077
G1 X162.613 Y174.57 E848.1377
G1 X167.963 Y169.219 E848.40069
G1 X167.787 Y169.165 E848.40709
G1 X167.11 Y168.742 E848.43484
G1 X166.63 Y168.225 E848.45936
G1 X166.249 Y167.543 E848.48651
G1 X166.106 Y166.929 E848.50842
G1 X158.465 Y174.57 E848.884
G1 X157.978 Y174.57 E848.90093
G1 X152.427 Y169.019 E849.17378
G1 X152.43 Y172.309 E849.28813
G1 X157.273 Y167.466 E849.52618
G1 X157.136 Y167.808 E849.53899
G1 X157.07 Y168.505 E849.56332
G1 X157.131 Y169.105 E849.58428
G1 X157.341 Y169.72 E849.60687
G1 X157.444 Y169.887 E849.61369
G1 X128.931 Y141.375 E851.01518
G1 X128.931 Y137.737 E851.14163
G1 X129.554 Y137.114 E851.17225
G1 X129.163 Y136.424 E851.19982
G1 X129.06 Y136.313 E851.20508
G1 X128.989 Y136.459 E851.21072
G1 X128.931 Y136.8 E851.22274
G1 X128.931 Y137.227 E851.23758
G1 X158.043 Y166.338 E852.66852
G1 X158.283 Y166.123 E852.67972
G1 X158.921 Y165.763 E852.70518
G1 X158.994 Y165.745 E852.70779
G1 X166.685 Y158.054 E853.08583
G1 X166.573 Y157.605 E853.10192
G1 X166.572 Y154.129 E853.22273
G1 X150.373 Y137.929 E854.019
G1 X149.48 Y137.928 E854.05003
G1 X128.931 Y158.477 E855.06009
G1 X128.931 Y162.114 E855.1865
G1 X132.418 Y165.602 E855.35793
G1 X132.997 Y165.736 E855.37858
G1 X133.739 Y166.113 E855.40751
G1 X170.422 Y129.43 E857.21061
G1 X170.909 Y129.43 E857.22754
G1 X175.07 Y133.591 E857.43207
G1 X175.07 Y137.225 E857.55837
G1 X146.723 Y165.572 E858.95173
G1 X144.832 Y165.571 E859.01745
G1 X128.931 Y149.67 E859.79904
G1 X128.931 Y146.033 E859.92546
G1 X139.579 Y135.564 E860.44446
G1 X139.575 Y135.427 E860.44923
G1 X133.578 Y129.43 E860.744
G1 X133.09 Y129.43 E860.76096
G1 X128.931 Y133.589 E860.96539
G1 X128.931 Y134.515 E860.99758
G1 X129.051 Y134.77 E861.00737
G1 X129.203 Y134.592 E861.01551
G1 X129.49 Y133.993 E861.03859
G1 X129.646 Y133.794 E861.04738
G1 X128.93 Y133.078 E861.08258
G1 X128.93 Y129.442 E861.20895
G1 X129.43 Y129.43 E861.22633
G1 X132.662 Y132.662 E861.3852
G1 X133.193 Y132.827 E861.40453
G1 X133.599 Y133.07 E861.42097
G1 X137.238 Y129.43 E861.59987
G1 X137.726 Y129.43 E861.61683
G1 X139.565 Y131.105 E861.70328
G1 X139.57 Y131.246 E861.70819
G1 X134.885 Y135.931 E861.93847
G1 X134.931 Y135.5 E861.95354
G1 X134.867 Y134.867 E861.97565
G1 X166.097 Y166.097 E863.51072
G1 X166.258 Y165.427 E863.53467
G1 X166.606 Y164.807 E863.55938
G1 X167.077 Y164.275 E863.58408
G1 X167.627 Y163.909 E863.60704
G1 X167.934 Y163.786 E863.61853
G1 X142.076 Y137.928 E864.88955
G1 X141.184 Y137.928 E864.92055
G1 X128.931 Y150.181 E865.52283
G1 X128.931 Y153.818 E865.64924
G1 X140.716 Y165.603 E866.22851
G1 X140.915 Y165.572 E866.23551
G1 X142.575 Y165.572 E866.29321
G1 X167.284 Y140.863 E867.50775
G1 X167.629 Y141.093 E867.52216
G1 X168.321 Y141.359 E867.54793
G1 X169 Y141.431 E867.57166
G1 X169.607 Y141.365 E867.59288
G1 X170.202 Y141.167 E867.61467
G1 X175.07 Y146.035 E867.85395
G1 X175.07 Y146.737 E867.87835
G1 X174.96 Y147.194 E867.89469
G1 X174.756 Y146.815 E867.90965
G1 X174.361 Y146.355 E867.93072
G1 X174.277 Y146.314 E867.93397
G1 X175.07 Y145.521 E867.97295
G1 X175.07 Y141.887 E868.09926
G1 X171.905 Y138.722 E868.25483
G1 X171.919 Y138.306 E868.2693
G1 X171.787 Y137.611 E868.29388
G1 X171.492 Y136.968 E868.31847
G1 X171.354 Y136.793 E868.32622
G1 X175.07 Y133.077 E868.50887
G1 X175.07 Y129.443 E868.63518
G1 X174.57 Y129.43 E868.65256
G1 X168.746 Y135.253 E868.93881
G1 X168.746 Y135.594 E868.95066
G1 X168.436 Y135.625 E868.96149
G1 X168.436 Y135.253 E868.97442
G1 X162.613 Y129.43 E869.26064
G1 X162.126 Y129.43 E869.27757
G1 X158.622 Y132.934 E869.4498
G1 X158.468 Y133.004 E869.45568
G1 X158.147 Y133.259 E869.46993
G1 X154.318 Y129.43 E869.65814
G1 X153.83 Y129.43 E869.6751
G1 X152.411 Y130.849 E869.74485
G1 X152.43 Y130.992 E869.74986
G1 X152.43 Y131.691 E869.77416
G1 X157.279 Y136.539 E870.01248
G1 X157.138 Y136.183 E870.02579
G1 X157.07 Y135.505 E870.04947
G1 X157.119 Y134.973 E870.06804
G1 X157.205 Y134.624 E870.08053
G1 X157.428 Y134.128 E870.09944
G1 X128.931 Y162.625 E871.50017
G1 X128.931 Y166.262 E871.62658
G1 X129.565 Y166.896 E871.65774
G1 X129.49 Y166.993 E871.662
G1 X129.203 Y167.592 E871.68509
G1 X129.051 Y167.77 E871.69322
G1 X128.931 Y167.515 E871.70302
G1 X128.931 Y166.773 E871.72881
G1 X158.045 Y137.659 E873.15987
G1 X158.286 Y137.875 E873.17111
G1 X158.925 Y138.236 E873.19662
G1 X158.994 Y138.254 E873.1991
G1 X167.119 Y146.38 E873.5985
G1 X166.842 Y146.658 E873.61214
G1 X166.654 Y147.013 E873.6261
G1 X166.571 Y147.419 E873.6405
G1 X166.571 Y149.872 E873.72576
G1 X150.871 Y165.572 E874.49747
G1 X148.98 Y165.571 E874.5632
G1 X128.931 Y145.523 E875.54866
G1 X128.931 Y141.885 E875.6751
G1 X132.423 Y138.393 E875.84675
G1 X133 Y138.259 E875.86733
G1 X133.736 Y137.884 E875.89604
G1 X170.422 Y174.57 E877.69929
G1 X170.908 Y174.57 E877.71618
G1 X175.07 Y170.408 E877.92076
G1 X175.07 Y166.775 E878.04703
G1 X146.225 Y137.929 E879.46489
G1 X145.332 Y137.928 E879.49593
G1 X128.931 Y154.329 E880.3021
G1 X128.931 Y157.966 E880.42851
G1 X139.566 Y168.436 E880.94722
G1 X139.571 Y168.576 E880.95209
G1 X133.577 Y174.57 E881.24671
G1 X133.091 Y174.57 E881.26361
G1 X128.93 Y170.409 E881.46813
G1 X128.931 Y169.8 E881.4893
G1 X128.989 Y169.459 E881.50132
G1 X129.06 Y169.312 E881.507
G1 X129.163 Y169.423 E881.51226
G1 X129.493 Y170.005 E881.53552
G1 X129.647 Y170.204 E881.54426
G1 X128.931 Y170.92 E881.57945
G1 X128.93 Y174.557 E881.70587
G1 X129.43 Y174.57 E881.72325
G1 X132.659 Y171.34 E881.88199
G1 X132.889 Y171.285 E881.89021
G1 X133.62 Y170.951 E881.91814
G1 X137.239 Y174.57 E882.09603
G1 X137.725 Y174.57 E882.11292
G1 X139.626 Y172.894 E882.20101
G1 X139.611 Y172.794 E882.20452
G1 X134.887 Y168.07 E882.43672
G1 X134.931 Y168.499 E882.45171
G1 X134.862 Y169.137 E882.47402
G1 X166.156 Y137.843 E884.01223
G1 X166.249 Y137.46 E884.02593
G1 X166.334 Y137.299 E884.03226
G1 X158.465 Y129.43 E884.41905
G1 X157.978 Y129.43 E884.43597
G1 X152.431 Y134.977 E884.70863
G1 X152.43 Y135.839 E884.73859
G1 X166.572 Y149.98 E885.43369
G1 X166.572 Y154.019 E885.57408
G1 X152.427 Y168.163 E886.26933
G1 X152.427 Y166.896 E886.31337
G1 X152.375 Y166.6 E886.32381
G1 X152.272 Y166.344 E886.3334
G1 X152.075 Y166.054 E886.34559
G1 X151.66 Y165.729 E886.36391
G1 X151.404 Y165.627 E886.37349
G1 X151.083 Y165.571 E886.38481
G1 X150.975 Y165.553
G1 F2400 E885.88481
G1 F600 Z1.3
G0 F15000 X160.342 Y165.576 Z1.3
G1 F600 Z0.9
G1 F2400 E886.38481
G1 F15000 X161.012 Y165.748 E886.40885
G1 X161.6 Y166.043 E886.43172
G1 X162.14 Y166.496 E886.45622
G1 X162.556 Y167.067 E886.48077
G1 X162.827 Y167.727 E886.50557
G1 X162.943 Y168.517 E886.53332
G1 X162.841 Y169.216 E886.55788
G1 X162.626 Y169.801 E886.57954
G1 X162.297 Y170.312 E886.60066
G1 X162.157 Y170.452 E886.60754
G1 X166.274 Y174.57 E886.80993
G1 X166.761 Y174.57 E886.82686
G1 X175.07 Y166.26 E887.2353
G1 X175.07 Y162.627 E887.36157
G1 X171.374 Y158.93 E887.54327
G1 X169.957 Y158.93 E887.59252
G1 X162.246 Y166.64 E887.97152
G1 X162.169 Y166.717
G1 F2400 E887.47152
G1 F600 Z1.3
G0 F15000 X168.995 Y163.57 Z1.3
G1 F600 Z0.9
G1 F2400 E887.97152
G1 F15000 X169.424 Y163.61 E887.98649
G1 X174.983 Y158.051 E888.25974
G1 X174.952 Y157.969 E888.26279
G1 X174.769 Y158.177 E888.27241
G1 X175.07 Y158.479 E888.28723
G1 X175.07 Y162.112 E888.41351
G1 X171.719 Y165.463 E888.57822
G1 X171.787 Y165.611 E888.58388
G1 X171.919 Y166.306 E888.60847
G1 X171.898 Y166.923 E888.62993
G1 X171.785 Y167.389 E888.64659
G1 X171.496 Y168.025 E888.67087
G1 X171.061 Y168.577 E888.6953
G1 X170.46 Y169.037 E888.7216
G1 X170.205 Y169.166 E888.73154
G1 X169.607 Y169.365 E888.75344
G1 X169.389 Y169.389 E888.76107
G1 X174.57 Y174.57 E889.01573
G1 X175.07 Y174.556 E889.03312
G1 X175.07 Y170.923 E889.15939
G1 X171.707 Y167.559 E889.32472
G1 X171.63 Y167.482
G1 F2400 E888.82472
G1 F600 Z1.3
G0 F15000 X162.157 Y133.546 Z1.3
G1 F600 Z0.9
G1 F2400 E889.32472
G1 F15000 X166.274 Y129.43 E889.52706
G1 X166.761 Y129.43 E889.54398
G1 X175.07 Y137.739 E889.9524
G1 X175.07 Y141.373 E890.07871
G1 X170.82 Y145.623 E890.28761
G1 X170.82 Y146.072 E890.30321
G1 X170.51 Y146.073 E890.31399
G1 X170.51 Y145.623 E890.32963
G1 X162.254 Y137.367 E890.73544
G1 X162.61 Y136.846 E890.75737
G1 X162.858 Y136.178 E890.78214
G1 X162.93 Y135.541 E890.80442
G1 X162.861 Y134.818 E890.82966
G1 X162.646 Y134.241 E890.85107
G1 X162.298 Y133.685 E890.87386
G1 X161.794 Y133.186 E890.89851
G1 X161.193 Y132.827 E890.92285
G1 X160.522 Y132.619 E890.94726
G1 X160.187 Y132.578 E890.95899
G1 X160.078 Y132.565
G1 F2400 E890.45899
G1 F600 Z1.3
;MESH:NONMESH
G0 F15000 X132.613 Y137.105 Z1.3
;TIME_ELAPSED:399.183388
;LAYER:4
;MESH:case_VL53L8+RP2040-up.stl
G0 X132.613 Y137.105 Z1.5
;TYPE:WALL-OUTER
G1 F600 Z1.1
G1 F2400 E890.95899
G1 F9000 X132.209 Y137.207 E890.97348
G1 X131.762 Y137.202 E890.98901
G1 X131.36 Y137.095 E891.00347
G1 X131.044 Y136.927 E891.01591
G1 X130.694 Y136.617 E891.03216
G1 X130.466 Y136.276 E891.04642
G1 X130.323 Y135.894 E891.0606
G1 X130.281 Y135.525 E891.0735
G1 X130.334 Y135.06 E891.08977
G1 X130.49 Y134.675 E891.10421
G1 X130.73 Y134.339 E891.11856
G1 X131.044 Y134.069 E891.13295
G1 X131.41 Y133.882 E891.14724
G1 X131.778 Y133.791 E891.16041
G1 X132.234 Y133.794 E891.17626
G1 X132.635 Y133.901 E891.19069
G1 X132.998 Y134.099 E891.20506
G1 X133.306 Y134.379 E891.21953
G1 X133.51 Y134.675 E891.23202
G1 X133.675 Y135.113 E891.24829
G1 X133.719 Y135.528 E891.2628
G1 X133.669 Y135.915 E891.27636
G1 X133.523 Y136.3 E891.29067
G1 X133.287 Y136.641 E891.30508
G1 X132.985 Y136.908 E891.31909
G1 X132.613 Y137.105 E891.33372
G1 F2400 E890.83372
G1 F600 Z1.5
G0 F15000 X151.219 Y136.523 Z1.5
G1 F600 Z1.1
G1 F2400 E891.33372
G1 F9000 X151.191 Y136.611 E891.33693
G1 X151.036 Y136.718 E891.34348
G1 X140.973 Y136.719 E891.69324
G1 X140.877 Y136.684 E891.69679
G1 X140.783 Y136.542 E891.70271
G1 X140.78 Y130.954 E891.89693
G1 X140.824 Y130.868 E891.90029
G1 X140.962 Y130.783 E891.90592
G1 X151.085 Y130.78 E892.25776
G1 X151.22 Y130.954 E892.26542
G1 X151.219 Y136.523 E892.45898
G1 F2400 E891.95898
G1 F600 Z1.5
G0 F15000 X160.625 Y137.1 Z1.5
G1 F600 Z1.1
G1 F2400 E892.45898
G1 F9000 X160.219 Y137.205 E892.47356
G1 X159.799 Y137.208 E892.48815
G1 X159.384 Y137.106 E892.50301
G1 X159.026 Y136.916 E892.51709
G1 X158.713 Y136.641 E892.53158
G1 X158.478 Y136.301 E892.54594
G1 X158.323 Y135.894 E892.56108
G1 X158.281 Y135.525 E892.57399
G1 X158.334 Y135.06 E892.59025
G1 X158.49 Y134.675 E892.60469
G1 X158.73 Y134.339 E892.61904
G1 X159.044 Y134.069 E892.63344
G1 X159.41 Y133.882 E892.64772
G1 X159.778 Y133.791 E892.6609
G1 X160.234 Y133.794 E892.67675
G1 X160.635 Y133.901 E892.69117
G1 X160.998 Y134.099 E892.70554
G1 X161.306 Y134.379 E892.72001
G1 X161.532 Y134.715 E892.73408
G1 X161.666 Y135.073 E892.74737
G1 X161.72 Y135.486 E892.76185
G1 X161.669 Y135.914 E892.77683
G1 X161.53 Y136.286 E892.79063
G1 X161.284 Y136.644 E892.80573
G1 X160.971 Y136.918 E892.82019
G1 X160.625 Y137.1 E892.83378
G1 F2400 E892.33378
G1 F600 Z1.5
G0 F15000 X169.383 Y140.175 Z1.5
G1 F600 Z1.1
G1 F2400 E892.83378
G1 F9000 X168.973 Y140.219 E892.84811
G1 X168.582 Y140.169 E892.86181
G1 X168.196 Y140.023 E892.87615
G1 X167.855 Y139.787 E892.89057
G1 X167.59 Y139.487 E892.90448
G1 X167.388 Y139.107 E892.91944
G1 X167.291 Y138.722 E892.93324
G1 X167.294 Y138.262 E892.94922
G1 X167.394 Y137.874 E892.96315
G1 X167.586 Y137.517 E892.97724
G1 X167.863 Y137.206 E892.99171
G1 X168.19 Y136.981 E893.00551
G1 X168.602 Y136.823 E893.02085
G1 X169 Y136.78 E893.03476
G1 X169.436 Y136.834 E893.05003
G1 X169.788 Y136.971 E893.06316
G1 X170.157 Y137.23 E893.07883
G1 X170.427 Y137.544 E893.09322
G1 X170.614 Y137.91 E893.10751
G1 X170.702 Y138.262 E893.12012
G1 X170.705 Y138.718 E893.13597
G1 X170.595 Y139.135 E893.15096
G1 X170.397 Y139.498 E893.16533
G1 X170.117 Y139.806 E893.1798
G1 X169.821 Y140.01 E893.19229
G1 X169.383 Y140.175 E893.20856
G1 F2400 E892.70856
G1 F600 Z1.5
G0 F15000 X173.717 Y157.539 Z1.5
G1 F600 Z1.1
G1 F2400 E893.20856
G1 F9000 X173.632 Y157.676 E893.21416
G1 X173.546 Y157.72 E893.21752
G1 X167.977 Y157.719 E893.41108
G1 X167.889 Y157.691 E893.41429
G1 X167.78 Y157.572 E893.4199
G1 X167.783 Y147.461 E893.77133
G1 X167.826 Y147.364 E893.77501
G1 X167.978 Y147.281 E893.78103
G1 X173.546 Y147.28 E893.97456
G1 X173.72 Y147.415 E893.98221
G1 X173.717 Y157.539 E894.33409
G1 F2400 E893.83409
G1 F600 Z1.5
G0 F15000 X169.383 Y168.175 Z1.5
G1 F600 Z1.1
G1 F2400 E894.33409
G1 F9000 X168.973 Y168.219 E894.34842
G1 X168.562 Y168.162 E894.36285
G1 X168.175 Y168.01 E894.3773
G1 X167.866 Y167.796 E894.39036
G1 X167.59 Y167.487 E894.40476
G1 X167.394 Y167.122 E894.41916
G1 X167.289 Y166.705 E894.43411
G1 X167.289 Y166.286 E894.44867
G1 X167.386 Y165.895 E894.46267
G1 X167.585 Y165.518 E894.47749
G1 X167.855 Y165.213 E894.49165
G1 X168.195 Y164.978 E894.50601
G1 X168.602 Y164.823 E894.52115
G1 X169 Y164.78 E894.53506
G1 X169.436 Y164.834 E894.55033
G1 X169.821 Y164.99 E894.56477
G1 X170.157 Y165.23 E894.57912
G1 X170.427 Y165.544 E894.59352
G1 X170.614 Y165.91 E894.6078
G1 X170.702 Y166.262 E894.62041
G1 X170.705 Y166.718 E894.63626
G1 X170.595 Y167.135 E894.65125
G1 X170.397 Y167.498 E894.66562
G1 X170.117 Y167.806 E894.68009
G1 X169.814 Y168.014 E894.69286
G1 X169.383 Y168.175 E894.70885
G1 F2400 E894.20885
G1 F600 Z1.5
G0 F15000 X160.586 Y170.114 Z1.5
G1 F600 Z1.1
G1 F2400 E894.70885
G1 F9000 X160.218 Y170.205 E894.72203
G1 X159.762 Y170.202 E894.73788
G1 X159.36 Y170.095 E894.75234
G1 X159.044 Y169.927 E894.76478
G1 X158.694 Y169.617 E894.78103
G1 X158.466 Y169.276 E894.79529
G1 X158.323 Y168.894 E894.80946
G1 X158.281 Y168.475 E894.8241
G1 X158.329 Y168.074 E894.83814
G1 X158.49 Y167.675 E894.85309
G1 X158.694 Y167.379 E894.86558
G1 X159.014 Y167.088 E894.88062
G1 X159.392 Y166.887 E894.8955
G1 X159.798 Y166.788 E894.91002
G1 X160.205 Y166.789 E894.92417
G1 X160.586 Y166.882 E894.9378
G1 X160.967 Y167.076 E894.95266
G1 X161.28 Y167.348 E894.96707
G1 X161.525 Y167.7 E894.98198
G1 X161.667 Y168.076 E894.99595
G1 X161.72 Y168.487 E895.01035
G1 X161.675 Y168.883 E895.0242
G1 X161.522 Y169.302 E895.03971
G1 X161.306 Y169.617 E895.05298
G1 X160.955 Y169.927 E895.06926
G1 X160.586 Y170.114 E895.08364
G1 F2400 E894.58364
G1 F600 Z1.5
G0 F15000 X151.22 Y172.546 Z1.5
G1 F600 Z1.1
G1 F2400 E895.08364
G1 F9000 X151.176 Y172.633 E895.08703
G1 X151.038 Y172.717 E895.09264
G1 X140.915 Y172.72 E895.44448
G1 X140.78 Y172.546 E895.45214
G1 X140.782 Y166.966 E895.64608
G1 X140.834 Y166.854 E895.65037
G1 X140.959 Y166.783 E895.65537
G1 X151.037 Y166.782 E896.00565
G1 X151.145 Y166.833 E896.0098
G1 X151.218 Y166.964 E896.01501
G1 X151.22 Y172.546 E896.20903
G1 F2400 E895.70903
G1 F600 Z1.5
G0 F15000 X132.586 Y170.114 Z1.5
G1 F600 Z1.1
G1 F2400 E896.20903
G1 F9000 X132.218 Y170.205 E896.2222
G1 X131.762 Y170.202 E896.23805
G1 X131.403 Y170.112 E896.25092
G1 X131.044 Y169.927 E896.26495
G1 X130.694 Y169.617 E896.2812
G1 X130.466 Y169.276 E896.29546
G1 X130.323 Y168.894 E896.30964
G1 X130.281 Y168.525 E896.32255
G1 X130.334 Y168.06 E896.33881
G1 X130.49 Y167.675 E896.35325
G1 X130.73 Y167.339 E896.3676
G1 X131.044 Y167.069 E896.38199
G1 X131.41 Y166.882 E896.39628
G1 X131.762 Y166.794 E896.40889
G1 X132.209 Y166.789 E896.42443
G1 X132.611 Y166.89 E896.43883
G1 X132.974 Y167.08 E896.45308
G1 X133.287 Y167.356 E896.46758
G1 X133.523 Y167.696 E896.48196
G1 X133.667 Y168.074 E896.49602
G1 X133.719 Y168.473 E896.51001
G1 X133.673 Y168.894 E896.52473
G1 X133.51 Y169.321 E896.54061
G1 X133.306 Y169.617 E896.55311
G1 X132.955 Y169.927 E896.56939
G1 X132.586 Y170.114 E896.58376
G1 F2400 E896.08376
G1 F600 Z1.5
G0 F15000 X176.28 Y175.78 Z1.5
G1 F600 Z1.1
G1 F2400 E896.58376
G1 F9000 X176.28 Y128.22 E898.2368
G1 X127.72 Y128.22 E899.92459
G1 X127.72 Y175.78 E901.57763
G1 X176.28 Y175.78 E903.26542
G0 F15000 X175.84 Y175.34
;TYPE:WALL-INNER
G1 F10500 X175.84 Y128.66 E904.88787
G1 X128.16 Y128.66 E906.54507
G1 X128.16 Y175.34 E908.16752
G1 X175.84 Y175.34 E909.82473
G0 F15000 X175.4 Y174.9
G1 F10500 X175.4 Y158.25 E910.40343
G1 F8619.4 X175.305 Y157.761 E910.42452
G1 F7321.7 X175.305 Y157.077 E910.45862
G1 F7333.3 X175.306 Y156.393 E910.49266
G1 F7345 X175.306 Y155.709 E910.52664
G1 F7356.7 X175.306 Y155.025 E910.56057
G1 X175.307 Y154.341 E910.5945
G1 F7368.4 X175.307 Y153.657 E910.62838
G1 F7380.2 X175.307 Y152.973 E910.66221
G1 X175.308 Y152.289 E910.69603
G1 F7392 X175.308 Y151.605 E910.7298
G1 F7403.8 X175.308 Y150.921 E910.76351
G1 F7415.7 X175.309 Y150.237 E910.79718
G1 X175.309 Y149.553 E910.83084
G1 F7427.7 X175.309 Y148.869 E910.86444
G1 F7439.6 X175.31 Y148.185 E910.898
G1 F7451.6 X175.31 Y147.501 E910.9315
G1 F8717 X175.4 Y146.75 E910.96316
G1 F10500 X175.4 Y129.1 E911.57662
G1 X151.75 Y129.1 E912.39862
G1 F8717 X151 Y129.19 E912.43025
G1 F7451.6 X150.359 Y129.19 E912.46164
G1 F7439.6 X149.718 Y129.191 E912.49308
G1 F7427.7 X149.077 Y129.191 E912.52458
G1 F7415.7 X148.436 Y129.191 E912.55612
G1 X147.795 Y129.192 E912.58767
G1 F7403.8 X147.154 Y129.192 E912.61926
G1 F7392 X146.513 Y129.193 E912.65091
G1 F7380.2 X145.872 Y129.193 E912.68261
G1 X145.231 Y129.193 E912.7143
G1 F7368.4 X144.59 Y129.194 E912.74605
G1 F7356.7 X143.949 Y129.194 E912.77785
G1 F7345 X143.308 Y129.194 E912.8097
G1 X142.667 Y129.195 E912.84155
G1 F7333.3 X142.026 Y129.195 E912.87345
G1 F7321.7 X141.385 Y129.196 E912.9054
G1 F7310.1 X140.744 Y129.196 E912.9374
G1 F8619.4 X140.25 Y129.1 E912.95871
G1 F10500 X128.6 Y129.1 E913.36362
G1 X128.601 Y134.206 E913.54109
G1 F10312.5 X128.608 Y134.571 E913.55401
G1 F8400 X128.703 Y134.972 E913.57192
G1 F7287.1 X128.693 Y135.334 E913.59005
G1 F7403.8 X128.693 Y135.668 E913.60652
G1 F7241.4 X128.706 Y136.12 E913.62931
G1 F7993.1 X128.631 Y136.425 E913.64365
G1 F9788.1 X128.601 Y136.79 E913.6573
G1 F10500 X128.601 Y167.206 E914.71446
G1 F10312.5 X128.608 Y167.571 E914.72738
G1 F8400 X128.703 Y167.972 E914.74529
G1 F7287.1 X128.693 Y168.334 E914.76342
G1 F7403.8 X128.693 Y168.668 E914.77989
G1 F7241.4 X128.706 Y169.12 E914.80268
G1 F7993.1 X128.631 Y169.425 E914.81702
G1 F9788.1 X128.601 Y169.79 E914.83067
G1 F10500 X128.6 Y174.9 E915.00828
G1 X175.4 Y174.9 E916.6349
G1 F2400 E916.1349
G1 F600 Z1.5
G0 F15000 X170.487 Y168.061 Z1.5
G1 F600 Z1.1
G1 F2400 E916.6349
G1 F10500 X170.05 Y168.386 E916.65383
G1 X169.47 Y168.607 E916.6754
G1 X169 Y168.66 E916.69184
G1 X168.559 Y168.612 E916.70726
G1 X168.067 Y168.446 E916.72531
G1 X167.591 Y168.14 E916.74497
G1 X167.242 Y167.757 E916.76298
G1 X166.992 Y167.3 E916.78109
G1 X166.852 Y166.755 E916.80065
G1 X166.849 Y166.271 E916.81747
G1 X166.968 Y165.759 E916.83574
G1 X167.206 Y165.295 E916.85386
G1 X167.559 Y164.888 E916.87259
G1 X167.987 Y164.59 E916.89072
G1 X168.462 Y164.404 E916.90845
G1 X169 Y164.34 E916.92728
G1 X169.595 Y164.424 E916.94816
G1 X170.071 Y164.628 E916.96616
G1 X170.487 Y164.939 E916.98421
G1 X170.815 Y165.338 E917.00217
G1 X171.041 Y165.803 E917.02014
G1 X171.148 Y166.316 E917.03835
G1 X171.139 Y166.794 E917.05497
G1 X171.041 Y167.193 E917.06925
G1 X170.817 Y167.659 E917.08722
G1 X170.487 Y168.061 E917.1053
G0 F15000 X170.817 Y168.352
G1 F10500 X170.617 Y168.53 E917.1146
G1 X170.084 Y168.858 E917.13635
G1 X169.546 Y169.04 E917.15609
G1 X169 Y169.1 E917.17518
G1 X168.506 Y169.049 E917.19245
G1 X167.912 Y168.858 E917.21413
G1 X167.316 Y168.483 E917.23861
G1 X166.842 Y167.97 E917.26288
G1 X166.562 Y167.411 E917.28461
G1 X166.425 Y166.876 E917.30381
G1 X166.41 Y166.241 E917.32589
G1 X166.566 Y165.553 E917.3504
G1 X166.873 Y165.001 E917.37236
G1 X167.263 Y164.562 E917.39277
G1 X167.779 Y164.203 E917.41462
G1 X168.391 Y163.961 E917.43749
G1 X169 Y163.9 E917.45876
G1 X169.479 Y163.946 E917.47549
G1 X169.755 Y164.014 E917.48537
G1 X170.321 Y164.266 E917.5069
G1 X170.817 Y164.648 E917.52866
G1 X171.204 Y165.131 E917.55017
G1 X171.468 Y165.697 E917.57188
G1 X171.588 Y166.316 E917.59379
G1 X171.573 Y166.87 E917.61306
G1 X171.468 Y167.299 E917.62841
G1 X171.207 Y167.864 E917.65004
G1 X170.817 Y168.352 E917.67175
G1 F2400 E917.17175
G1 F600 Z1.5
G0 F15000 X162.16 Y168.463 Z1.5
G1 F600 Z1.1
G1 F2400 E917.67175
G1 F10500 X162.095 Y169.023 E917.69135
G1 X161.928 Y169.474 E917.70806
G1 X161.561 Y169.987 E917.72999
G1 X161.159 Y170.317 E917.74806
G1 X160.693 Y170.541 E917.76603
G1 X160.294 Y170.639 E917.78031
G1 X159.816 Y170.648 E917.79693
G1 X159.303 Y170.541 E917.81514
G1 X158.838 Y170.315 E917.83311
G1 X158.375 Y169.934 E917.85395
G1 X158.056 Y169.435 E917.87454
G1 X157.889 Y168.97 E917.89171
G1 X157.84 Y168.5 E917.90814
G1 X157.909 Y167.944 E917.92761
G1 X158.09 Y167.487 E917.94469
G1 X158.387 Y167.06 E917.96277
G1 X158.748 Y166.738 E917.97958
G1 X159.249 Y166.471 E917.99932
G1 X159.717 Y166.355 E918.01607
G1 X160.216 Y166.348 E918.03342
G1 X160.751 Y166.473 E918.05252
G1 X161.238 Y166.727 E918.07161
G1 X161.592 Y167.038 E918.08798
G1 X161.895 Y167.461 E918.10607
G1 X162.088 Y167.948 E918.12428
G1 X162.16 Y168.463 E918.14235
G0 F15000 X162.609 Y168.516
G1 F10500 X162.521 Y169.134 E918.16405
G1 X162.327 Y169.658 E918.18347
G1 X162.03 Y170.117 E918.20247
G1 X161.58 Y170.557 E918.22434
G1 X161.364 Y170.706 E918.23346
G1 X160.799 Y170.968 E918.25511
G1 X160.37 Y171.072 E918.27045
G1 X159.816 Y171.088 E918.28972
G1 X159.549 Y171.056 E918.29906
G1 X158.947 Y170.872 E918.32094
G1 X158.42 Y170.557 E918.34228
G1 X157.97 Y170.117 E918.36416
G1 X157.646 Y169.595 E918.38551
G1 X157.456 Y169.046 E918.4057
G1 X157.4 Y168.5 E918.42478
G1 X157.489 Y167.814 E918.44882
G1 X157.702 Y167.279 E918.46884
G1 X158.061 Y166.764 E918.49066
G1 X158.482 Y166.387 E918.5103
G1 X159.081 Y166.054 E918.53412
G1 X159.727 Y165.911 E918.55711
G1 X160.314 Y165.909 E918.57752
G1 X160.896 Y166.057 E918.59839
G1 X161.426 Y166.325 E918.61903
G1 X161.904 Y166.728 E918.64076
G1 X162.318 Y167.297 E918.66522
G1 X162.528 Y167.89 E918.68708
G1 X162.609 Y168.516 E918.70902
G1 F2400 E918.20902
G1 F600 Z1.5
G0 F15000 X151.659 Y166.953 Z1.5
G1 F600 Z1.1
G1 F2400 E918.70902
G1 F10500 X151.66 Y172.633 E918.90644
G1 X151.528 Y172.897 E918.9167
G1 X151.311 Y173.083 E918.92664
G1 X151.088 Y173.16 E918.93483
G1 X141 Y173.16 E919.28546
G1 X140.689 Y173.083 E919.2966
G1 X140.472 Y172.897 E919.30653
G1 X140.34 Y172.633 E919.31679
G1 X140.341 Y166.96 E919.51397
G1 X140.413 Y166.697 E919.52344
G1 X140.601 Y166.473 E919.53361
G1 X140.92 Y166.344 E919.54557
G1 X151.036 Y166.34 E919.89717
G1 X151.229 Y166.38 E919.90402
G1 X151.497 Y166.564 E919.91532
G1 X151.587 Y166.697 E919.9209
G1 X151.659 Y166.953 E919.93014
G0 F15000 X152.098 Y166.922
G1 F10500 X152.1 Y172.5 E920.12402
G1 X152.057 Y172.809 E920.13486
G1 X151.88 Y173.161 E920.14855
G1 X151.518 Y173.471 E920.16512
G1 X151.144 Y173.6 E920.17887
G1 X141 Y173.6 E920.53144
G1 X140.482 Y173.471 E920.55
G1 X140.12 Y173.161 E920.56656
G1 X139.943 Y172.809 E920.58025
G1 X139.9 Y172.5 E920.5911
G1 X139.901 Y166.934 E920.78455
G1 X140.021 Y166.496 E920.80034
G1 X140.22 Y166.223 E920.81208
G1 X140.481 Y166.029 E920.82338
G1 X140.935 Y165.901 E920.83978
G1 X151.06 Y165.901 E921.19169
G1 X151.381 Y165.967 E921.20308
G1 X151.539 Y166.04 E921.20913
G1 X151.827 Y166.274 E921.22203
G1 X151.979 Y166.496 E921.23138
G1 X152.098 Y166.922 E921.24675
G1 F2400 E920.74675
G1 F600 Z1.5
G0 F15000 X167.418 Y157.813 Z1.5
G1 F600 Z1.1
G1 F2400 E921.24675
G1 F10500 X167.341 Y157.546 E921.25641
G1 X167.34 Y147.464 E921.60683
G1 X167.432 Y147.162 E921.6178
G1 X167.669 Y146.928 E921.62938
G1 X167.936 Y146.843 E921.63912
G1 X173.634 Y146.84 E921.83716
G1 X173.896 Y146.972 E921.84736
G1 X174.083 Y147.189 E921.85732
G1 X174.16 Y147.5 E921.86845
G1 X174.16 Y157.589 E922.21911
G1 X174.083 Y157.811 E922.22728
G1 X173.896 Y158.028 E922.23724
G1 X173.634 Y158.16 E922.24743
G1 X167.932 Y158.157 E922.44562
G1 X167.669 Y158.072 E922.45522
G1 X167.418 Y157.813 E922.46776
G0 F15000 X167.004 Y157.968
G1 F10500 X166.902 Y157.576 E922.48184
G1 X166.901 Y147.358 E922.83698
G1 X166.989 Y147.065 E922.84762
G1 X167.259 Y146.686 E922.86379
G1 X167.56 Y146.491 E922.87626
G1 X167.893 Y146.405 E922.88821
G1 X173.5 Y146.4 E923.08309
G1 X173.809 Y146.443 E923.09393
G1 X174.16 Y146.62 E923.1076
G1 X174.472 Y146.982 E923.12421
G1 F8717 X174.69 Y147.5 E923.14774
G1 F7451.6 X174.69 Y148.956 E923.21904
G1 F7439.6 X174.69 Y150.412 E923.29047
G1 F7427.7 X174.69 Y151.868 E923.36201
G1 X174.69 Y153.324 E923.43354
G1 F7415.7 X174.69 Y154.78 E923.5052
G1 F7403.8 X174.69 Y156.236 E923.57697
G1 F7392 X174.69 Y157.692 E923.64885
G1 F8684.2 X174.472 Y158.018 E923.66533
G1 F10500 X174.16 Y158.38 E923.68194
G1 X173.809 Y158.557 E923.6956
G1 X173.5 Y158.6 E923.70645
G1 X167.887 Y158.595 E923.90154
G1 X167.556 Y158.507 E923.91344
G1 X167.175 Y158.229 E923.92983
G1 X167.004 Y157.968 E923.94068
G1 F2400 E923.44068
G1 F600 Z1.5
G0 F15000 X169 Y140.66 Z1.5
G1 F600 Z1.1
G1 F2400 E923.94068
G1 F10500 X168.528 Y140.607 E923.95719
G1 X167.989 Y140.411 E923.97712
G1 X167.559 Y140.112 E923.99533
G1 X167.242 Y139.757 E924.01187
G1 X166.996 Y139.308 E924.02966
G1 X166.859 Y138.804 E924.04782
G1 X166.849 Y138.278 E924.0661
G1 X166.986 Y137.709 E924.08644
G1 X167.231 Y137.257 E924.10431
G1 X167.582 Y136.867 E924.12255
G1 X167.972 Y136.599 E924.139
G1 X168.526 Y136.389 E924.15959
G1 X169 Y136.34 E924.17615
G1 X169.595 Y136.424 E924.19704
G1 X169.971 Y136.571 E924.21107
G1 X170.487 Y136.939 E924.2331
G1 X170.815 Y137.338 E924.25105
G1 X171.041 Y137.803 E924.26902
G1 X171.148 Y138.316 E924.28723
G1 X171.139 Y138.794 E924.30385
G1 X171.041 Y139.193 E924.31813
G1 X170.817 Y139.659 E924.3361
G1 X170.487 Y140.061 E924.35418
G1 X170.071 Y140.372 E924.37223
G1 X169.47 Y140.607 E924.39466
G1 X169 Y140.66 E924.4111
G0 F15000 X169 Y141.1
G1 F10500 X168.393 Y141.034 E924.43232
G1 X167.783 Y140.8 E924.45503
G1 X167.263 Y140.438 E924.47705
G1 X166.894 Y140.026 E924.49627
G1 X166.596 Y139.491 E924.51756
G1 X166.427 Y138.886 E924.53939
G1 X166.407 Y138.171 E924.56425
G1 X166.58 Y137.539 E924.58703
G1 X166.846 Y137.033 E924.6069
G1 X167.26 Y136.557 E924.62882
G1 X167.753 Y136.217 E924.64964
G1 X168.358 Y135.965 E924.67242
G1 X169 Y135.9 E924.69484
G1 X169.479 Y135.946 E924.71157
G1 X170.154 Y136.171 E924.7363
G1 X170.617 Y136.47 E924.75545
G1 X170.817 Y136.648 E924.76476
G1 X171.204 Y137.131 E924.78627
G1 X171.468 Y137.697 E924.80798
G1 X171.588 Y138.316 E924.82989
G1 X171.573 Y138.87 E924.84916
G1 X171.468 Y139.299 E924.86451
G1 X171.207 Y139.864 E924.88614
G1 X170.817 Y140.352 E924.90785
G1 X170.321 Y140.734 E924.92961
G1 X170.084 Y140.858 E924.93891
G1 X169.546 Y141.04 E924.95865
G1 X169 Y141.1 E924.97774
G1 F2400 E924.47774
G1 F600 Z1.5
G0 F15000 X161.932 Y136.464 Z1.5
G1 F600 Z1.1
G1 F2400 E924.97774
G1 F10500 X161.604 Y136.946 E924.998
G1 X161.262 Y137.25 E925.01391
G1 X160.75 Y137.524 E925.03409
G1 X160.297 Y137.638 E925.05033
G1 X159.767 Y137.647 E925.06875
G1 X159.226 Y137.521 E925.08806
G1 X158.75 Y137.259 E925.10694
G1 X158.388 Y136.937 E925.12378
G1 X158.09 Y136.509 E925.14191
G1 X157.904 Y136.034 E925.15964
G1 X157.84 Y135.5 E925.17833
G1 X157.924 Y134.901 E925.19935
G1 X158.128 Y134.425 E925.21735
G1 X158.439 Y134.009 E925.23541
G1 X158.838 Y133.681 E925.25336
G1 X159.304 Y133.455 E925.27136
G1 X159.702 Y133.357 E925.28561
G1 X160.341 Y133.367 E925.30782
G1 X160.839 Y133.511 E925.32584
G1 X161.159 Y133.679 E925.3384
G1 X161.561 Y134.009 E925.35648
G1 X161.938 Y134.545 E925.37925
G1 X162.085 Y134.939 E925.39387
G1 X162.159 Y135.458 E925.41209
G1 X162.094 Y136.03 E925.4321
G1 X161.932 Y136.464 E925.4482
G0 F15000 X162.313 Y136.698
G1 F10500 X161.959 Y137.217 E925.47003
G1 X161.489 Y137.636 E925.49192
G1 X160.91 Y137.944 E925.51471
G1 X160.241 Y138.087 E925.53849
G1 X159.669 Y138.086 E925.55837
G1 X159.033 Y137.913 E925.58128
G1 X158.524 Y137.646 E925.60126
G1 X158.062 Y137.233 E925.6228
G1 X157.703 Y136.718 E925.64462
G1 X157.461 Y136.104 E925.66755
G1 X157.4 Y135.5 E925.68865
G1 X157.446 Y135.018 E925.70548
G1 X157.514 Y134.741 E925.7154
G1 X157.766 Y134.175 E925.73693
G1 X158.148 Y133.679 E925.75869
G1 X158.631 Y133.292 E925.7802
G1 X159.197 Y133.028 E925.80191
G1 X159.626 Y132.924 E925.81725
G1 X160.18 Y132.908 E925.83652
G1 X160.799 Y133.028 E925.85843
G1 X161.364 Y133.29 E925.88008
G1 X161.852 Y133.679 E925.90177
G1 X162.03 Y133.879 E925.91107
G1 X162.344 Y134.376 E925.93151
G1 X162.53 Y134.899 E925.9508
G1 X162.605 Y135.486 E925.97137
G1 X162.538 Y136.091 E925.99252
G1 X162.313 Y136.698 E926.01502
G1 F2400 E925.51502
G1 F600 Z1.5
G0 F15000 X151.657 Y136.568 Z1.5
G1 F600 Z1.1
G1 F2400 E926.01502
G1 F10500 X151.605 Y136.766 E926.02214
G1 X151.438 Y136.995 E926.03199
G1 X151.136 Y137.16 E926.04395
G1 X140.961 Y137.159 E926.3976
G1 X140.786 Y137.125 E926.4038
G1 X140.511 Y136.944 E926.41524
G1 X140.394 Y136.763 E926.42273
G1 X140.34 Y136.59 E926.42903
G1 X140.34 Y130.867 E926.62794
G1 X140.472 Y130.604 E926.63817
G1 X140.689 Y130.417 E926.64813
G1 X140.915 Y130.34 E926.65643
G1 X151 Y130.34 E927.00695
G1 X151.311 Y130.417 E927.01809
G1 X151.528 Y130.604 E927.02804
G1 X151.66 Y130.867 E927.03827
G1 X151.657 Y136.568 E927.23642
G0 F15000 X152.095 Y136.612
G1 F10500 X152.008 Y136.943 E927.24831
G1 X151.73 Y137.324 E927.26471
G1 X151.461 Y137.5 E927.27588
G1 X151.06 Y137.599 E927.29023
G1 X140.935 Y137.599 E927.64215
G1 X140.544 Y137.502 E927.65615
G1 X140.27 Y137.324 E927.66751
G1 X140.092 Y137.123 E927.67684
G1 X139.942 Y136.805 E927.68906
G1 X139.905 Y136.607 E927.69606
G1 X139.9 Y131 E927.89094
G1 X139.944 Y130.691 E927.90179
G1 X140.12 Y130.34 E927.91544
G1 X140.482 Y130.029 E927.93202
G1 F8667.9 X140.811 Y129.81 E927.94866
G1 F7380.2 X142.085 Y129.81 E928.01166
G1 F7392 X143.359 Y129.81 E928.07456
G1 F7403.8 X144.633 Y129.81 E928.13736
G1 F7415.7 X145.907 Y129.81 E928.20006
G1 X147.181 Y129.81 E928.26275
G1 F7427.7 X148.455 Y129.81 E928.32535
G1 F7439.6 X149.729 Y129.81 E928.38784
G1 F7451.6 X151.003 Y129.81 E928.45024
G1 F8717 X151.518 Y130.029 E928.47367
G1 F10500 X151.88 Y130.34 E928.49026
G1 X152.056 Y130.691 E928.5039
G1 X152.1 Y131 E928.51475
G1 X152.095 Y136.612 E928.70981
G1 F2400 E928.20981
G1 F600 Z1.5
G0 F15000 X134.16 Y135.5 Z1.5
G1 F600 Z1.1
G1 F2400 E928.70981
G1 F10500 X134.107 Y135.97 E928.72625
G1 X133.911 Y136.506 E928.74608
G1 X133.612 Y136.937 E928.76431
G1 X133.249 Y137.26 E928.7812
G1 X132.774 Y137.515 E928.79994
G1 X132.267 Y137.643 E928.81812
G1 X131.816 Y137.648 E928.83379
G1 X131.303 Y137.541 E928.85201
G1 X130.838 Y137.315 E928.86998
G1 X130.375 Y136.934 E928.89082
G1 X130.056 Y136.435 E928.9114
G1 X129.889 Y135.97 E928.92857
G1 X129.843 Y135.574 E928.94243
G1 X129.89 Y134.981 E928.96311
G1 X130.128 Y134.425 E928.98413
G1 X130.439 Y134.009 E929.00218
G1 X130.838 Y133.681 E929.02013
G1 X131.282 Y133.461 E929.03735
G1 X131.702 Y133.357 E929.05239
G1 X132.341 Y133.367 E929.0746
G1 X132.839 Y133.511 E929.09262
G1 X133.159 Y133.679 E929.10518
G1 X133.561 Y134.009 E929.12326
G1 X133.92 Y134.489 E929.14409
G1 X134.112 Y135.059 E929.165
G1 X134.16 Y135.5 E929.18042
G0 F15000 X134.6 Y135.5
G1 F10500 X134.533 Y136.108 E929.20168
G1 X134.3 Y136.713 E929.22421
G1 X133.937 Y137.233 E929.24625
G1 X133.473 Y137.649 E929.26791
G1 X132.935 Y137.924 E929.28891
G1 X132.324 Y138.079 E929.31082
G1 X131.663 Y138.091 E929.3338
G1 X130.947 Y137.872 E929.35982
G1 X130.42 Y137.557 E929.38116
G1 X129.97 Y137.117 E929.40304
G1 X129.646 Y136.595 E929.42439
G1 F9788.1 X129.485 Y136.265 E929.43808
G1 F7993.1 X129.352 Y136.064 E929.44909
G1 F7241.4 X129.315 Y135.634 E929.47084
G1 F7403.8 X129.315 Y135.368 E929.48395
G1 F7287.1 X129.345 Y135.007 E929.50209
G1 F8400 X129.506 Y134.739 E929.51567
G1 F10312.5 X129.646 Y134.401 E929.52862
G1 F10500 X129.97 Y133.879 E929.54998
G1 X130.148 Y133.679 E929.55928
G1 X130.631 Y133.292 E929.58079
G1 X131.161 Y133.038 E929.60122
G1 X131.626 Y132.924 E929.61786
G1 X132.18 Y132.908 E929.63712
G1 X132.799 Y133.028 E929.65904
G1 X133.364 Y133.29 E929.68069
G1 X133.852 Y133.679 E929.70238
G1 X134.234 Y134.175 E929.72414
G1 X134.486 Y134.752 E929.74602
G1 X134.6 Y135.5 E929.77232
G1 F2400 E929.27232
G1 F600 Z1.5
G0 F15000 X132.267 Y166.353 Z1.5
G1 F600 Z1.1
G1 F2400 E929.77232
G1 F10500 X132.769 Y166.479 E929.79031
G1 X133.25 Y166.737 E929.80928
G1 X133.613 Y167.06 E929.82617
G1 X133.911 Y167.49 E929.84435
G1 X134.087 Y167.944 E929.86127
G1 X134.16 Y168.5 E929.88076
G1 X134.107 Y168.97 E929.8972
G1 X133.946 Y169.429 E929.91411
G1 X133.625 Y169.934 E929.93491
G1 X133.159 Y170.317 E929.95587
G1 X132.693 Y170.541 E929.97384
G1 X132.294 Y170.639 E929.98812
G1 X131.816 Y170.648 E930.00474
G1 X131.282 Y170.535 E930.02371
G1 X130.838 Y170.315 E930.04093
G1 X130.375 Y169.934 E930.06177
G1 X130.056 Y169.435 E930.08236
G1 X129.889 Y168.97 E930.09953
G1 X129.843 Y168.574 E930.11339
G1 X129.89 Y167.981 E930.13406
G1 X130.128 Y167.425 E930.15508
G1 X130.439 Y167.009 E930.17314
G1 X130.838 Y166.681 E930.19109
G1 X131.303 Y166.455 E930.20906
G1 X131.816 Y166.348 E930.22727
G1 X132.267 Y166.353 E930.24295
G0 F15000 X132.324 Y165.917
G1 F10500 X132.926 Y166.068 E930.26452
G1 X133.472 Y166.347 E930.28583
G1 X133.939 Y166.764 E930.30759
G1 X134.3 Y167.284 E930.3296
G1 X134.507 Y167.814 E930.34937
G1 X134.6 Y168.5 E930.37343
G1 X134.54 Y169.046 E930.39252
G1 X134.358 Y169.584 E930.41226
G1 X134.03 Y170.117 E930.43402
G1 X133.58 Y170.557 E930.45589
G1 X133.364 Y170.706 E930.46501
G1 X132.799 Y170.968 E930.48666
G1 X132.37 Y171.072 E930.502
G1 X131.816 Y171.088 E930.52126
G1 X131.161 Y170.958 E930.54447
G1 X130.631 Y170.704 E930.5649
G1 X130.148 Y170.317 E930.58641
G1 X129.97 Y170.117 E930.59572
G1 X129.646 Y169.595 E930.61707
G1 F9788.1 X129.485 Y169.265 E930.63076
G1 F7993.1 X129.352 Y169.064 E930.64177
G1 F7241.4 X129.315 Y168.634 E930.66352
G1 F7403.8 X129.315 Y168.368 E930.67663
G1 F7287.1 X129.345 Y168.007 E930.69477
G1 F8400 X129.506 Y167.739 E930.70835
G1 F10312.5 X129.646 Y167.401 E930.7213
G1 F10500 X129.97 Y166.879 E930.74266
G1 X130.148 Y166.679 E930.75196
G1 X130.631 Y166.292 E930.77347
G1 X131.197 Y166.028 E930.79518
G1 X131.816 Y165.908 E930.81709
G1 X132.324 Y165.917 E930.83475
G1 F2400 E930.33475
G1 F600 Z1.5
G0 F15000 X142.513 Y173.93 Z1.5
;TYPE:FILL
G1 F600 Z1.1
G1 F2400 E930.83475
G1 F15000 X141.873 Y174.57 E930.86621
G1 X141.387 Y174.57 E930.8831
G1 X140.668 Y173.851 E930.91845
G1 X140.988 Y173.93 E930.9299
G1 X144.895 Y173.931 E931.0657
G1 X145.535 Y174.57 E931.09713
G1 X146.021 Y174.57 E931.11402
G1 X146.661 Y173.93 E931.14548
G1 X149.043 Y173.931 E931.22827
G1 X149.682 Y174.57 E931.25968
G1 X150.169 Y174.57 E931.27661
G1 X150.809 Y173.93 E931.30807
G1 X151.191 Y173.93 E931.32134
G1 X151.676 Y173.762 E931.33918
G1 X152.145 Y173.361 E931.36063
G1 X152.304 Y173.043 E931.37299
G1 X153.83 Y174.57 E931.44802
G1 X154.317 Y174.57 E931.46495
G1 X158.142 Y170.745 E931.65296
G1 X158.609 Y171.053 E931.6724
G1 X162.126 Y174.57 E931.84528
G1 X162.613 Y174.57 E931.8622
G1 X167.963 Y169.219 E932.1252
G1 X167.787 Y169.165 E932.1316
G1 X167.11 Y168.742 E932.15934
G1 X166.63 Y168.225 E932.18386
G1 X166.249 Y167.543 E932.21101
G1 X166.106 Y166.929 E932.23293
G1 X158.465 Y174.57 E932.60851
G1 X157.978 Y174.57 E932.62544
G1 X152.427 Y169.019 E932.89829
G1 X152.43 Y172.309 E933.01264
G1 X157.273 Y167.466 E933.25069
G1 X157.136 Y167.808 E933.26349
G1 X157.07 Y168.505 E933.28783
G1 X157.131 Y169.105 E933.30879
G1 X157.341 Y169.72 E933.33138
G1 X157.444 Y169.887 E933.3382
G1 X128.931 Y141.375 E934.73969
G1 X128.931 Y137.737 E934.86613
G1 X129.554 Y137.114 E934.89676
G1 X129.163 Y136.424 E934.92432
G1 X129.06 Y136.313 E934.92958
G1 X128.989 Y136.459 E934.93523
G1 X128.931 Y136.8 E934.94725
G1 X128.931 Y137.227 E934.96209
G1 X158.043 Y166.338 E936.39303
G1 X158.283 Y166.123 E936.40422
G1 X158.921 Y165.763 E936.42969
G1 X158.994 Y165.745 E936.4323
G1 X166.685 Y158.054 E936.81034
G1 X166.573 Y157.605 E936.82642
G1 X166.572 Y154.129 E936.94724
G1 X150.373 Y137.929 E937.7435
G1 X149.48 Y137.928 E937.77454
G1 X128.931 Y158.477 E938.7846
G1 X128.931 Y162.114 E938.91101
G1 X132.418 Y165.602 E939.08243
G1 X132.997 Y165.736 E939.10309
G1 X133.739 Y166.113 E939.13201
G1 X170.422 Y129.43 E940.93512
G1 X170.909 Y129.43 E940.95204
G1 X175.07 Y133.591 E941.15657
G1 X175.07 Y137.225 E941.28288
G1 X146.723 Y165.572 E942.67623
G1 X144.832 Y165.571 E942.74196
G1 X128.931 Y149.67 E943.52355
G1 X128.931 Y146.033 E943.64996
G1 X139.579 Y135.564 E944.16897
G1 X139.575 Y135.427 E944.17373
G1 X133.578 Y129.43 E944.46851
G1 X133.09 Y129.43 E944.48547
G1 X128.931 Y133.589 E944.6899
G1 X128.931 Y134.515 E944.72208
G1 X129.051 Y134.77 E944.73188
G1 X129.203 Y134.592 E944.74001
G1 X129.49 Y133.993 E944.7631
G1 X129.646 Y133.794 E944.77189
G1 X128.93 Y133.078 E944.80708
G1 X128.93 Y129.442 E944.93346
G1 X129.43 Y129.43 E944.95084
G1 X132.662 Y132.662 E945.1097
G1 X133.193 Y132.827 E945.12903
G1 X133.599 Y133.07 E945.14548
G1 X137.238 Y129.43 E945.32437
G1 X137.726 Y129.43 E945.34133
G1 X139.565 Y131.105 E945.42779
G1 X139.57 Y131.246 E945.43269
G1 X134.885 Y135.931 E945.66298
G1 X134.931 Y135.5 E945.67804
G1 X134.867 Y134.867 E945.70016
G1 X166.097 Y166.097 E947.23522
G1 X166.258 Y165.427 E947.25917
G1 X166.606 Y164.807 E947.28388
G1 X167.077 Y164.275 E947.30858
G1 X167.627 Y163.909 E947.33154
G1 X167.934 Y163.786 E947.34304
G1 X142.076 Y137.928 E948.61405
G1 X141.184 Y137.928 E948.64505
G1 X128.931 Y150.181 E949.24733
G1 X128.931 Y153.818 E949.37374
G1 X140.716 Y165.603 E949.95302
G1 X140.915 Y165.572 E949.96002
G1 X142.575 Y165.572 E950.01772
G1 X167.284 Y140.863 E951.23225
G1 X167.629 Y141.093 E951.24666
G1 X168.321 Y141.359 E951.27243
G1 X169 Y141.431 E951.29616
G1 X169.607 Y141.365 E951.31738
G1 X170.202 Y141.167 E951.33918
G1 X175.07 Y146.035 E951.57846
G1 X175.07 Y146.737 E951.60286
G1 X174.96 Y147.194 E951.6192
G1 X174.756 Y146.815 E951.63416
G1 X174.361 Y146.355 E951.65523
G1 X174.277 Y146.314 E951.65848
G1 X175.07 Y145.521 E951.69746
G1 X175.07 Y141.887 E951.82376
G1 X171.905 Y138.722 E951.97934
G1 X171.919 Y138.306 E951.9938
G1 X171.787 Y137.611 E952.01839
G1 X171.492 Y136.968 E952.04298
G1 X171.354 Y136.793 E952.05072
G1 X175.07 Y133.077 E952.23338
G1 X175.07 Y129.443 E952.35969
G1 X174.57 Y129.43 E952.37707
G1 X168.746 Y135.253 E952.66332
G1 X168.746 Y135.594 E952.67517
G1 X168.436 Y135.625 E952.686
G1 X168.436 Y135.253 E952.69893
G1 X162.613 Y129.43 E952.98515
G1 X162.126 Y129.43 E953.00207
G1 X158.622 Y132.934 E953.17431
G1 X158.468 Y133.004 E953.18019
G1 X158.147 Y133.259 E953.19444
G1 X154.318 Y129.43 E953.38265
G1 X153.83 Y129.43 E953.39961
G1 X152.411 Y130.849 E953.46936
G1 X152.43 Y130.992 E953.47437
G1 X152.43 Y131.691 E953.49867
G1 X157.279 Y136.539 E953.73699
G1 X157.138 Y136.183 E953.7503
G1 X157.07 Y135.505 E953.77398
G1 X157.119 Y134.973 E953.79255
G1 X157.205 Y134.624 E953.80504
G1 X157.428 Y134.128 E953.82394
G1 X128.931 Y162.625 E955.22467
G1 X128.931 Y166.262 E955.35108
G1 X129.565 Y166.896 E955.38225
G1 X129.49 Y166.993 E955.38651
G1 X129.203 Y167.592 E955.40959
G1 X129.051 Y167.77 E955.41773
G1 X128.931 Y167.515 E955.42752
G1 X128.931 Y166.773 E955.45331
G1 X158.045 Y137.659 E956.88437
G1 X158.286 Y137.875 E956.89562
G1 X158.925 Y138.236 E956.92113
G1 X158.994 Y138.254 E956.92361
G1 X167.119 Y146.38 E957.323
G1 X166.842 Y146.658 E957.33664
G1 X166.654 Y147.013 E957.35061
G1 X166.571 Y147.419 E957.36501
G1 X166.571 Y149.872 E957.45027
G1 X150.871 Y165.572 E958.22198
G1 X148.98 Y165.571 E958.28771
G1 X128.931 Y145.523 E959.27316
G1 X128.931 Y141.885 E959.39961
G1 X132.423 Y138.393 E959.57125
G1 X133 Y138.259 E959.59184
G1 X133.736 Y137.884 E959.62055
G1 X170.422 Y174.57 E961.4238
G1 X170.908 Y174.57 E961.44069
G1 X175.07 Y170.408 E961.64527
G1 X175.07 Y166.775 E961.77154
G1 X146.225 Y137.929 E963.1894
G1 X145.332 Y137.928 E963.22044
G1 X128.931 Y154.329 E964.0266
G1 X128.931 Y157.966 E964.15302
G1 X139.566 Y168.436 E964.67172
G1 X139.571 Y168.576 E964.67659
G1 X133.577 Y174.57 E964.97122
G1 X133.091 Y174.57 E964.98811
G1 X128.93 Y170.409 E965.19264
G1 X128.931 Y169.8 E965.21381
G1 X128.989 Y169.459 E965.22583
G1 X129.06 Y169.312 E965.2315
G1 X129.163 Y169.423 E965.23677
G1 X129.493 Y170.005 E965.26002
G1 X129.647 Y170.204 E965.26877
G1 X128.931 Y170.92 E965.30396
G1 X128.93 Y174.557 E965.43037
G1 X129.43 Y174.57 E965.44776
G1 X132.659 Y171.34 E965.6065
G1 X132.889 Y171.285 E965.61472
G1 X133.62 Y170.951 E965.64265
G1 X137.239 Y174.57 E965.82054
G1 X137.725 Y174.57 E965.83743
G1 X139.626 Y172.894 E965.92551
G1 X139.611 Y172.794 E965.92903
G1 X134.887 Y168.07 E966.16123
G1 X134.931 Y168.499 E966.17622
G1 X134.862 Y169.137 E966.19852
G1 X166.156 Y137.843 E967.73674
G1 X166.249 Y137.46 E967.75043
G1 X166.334 Y137.299 E967.75676
G1 X158.465 Y129.43 E968.14355
G1 X157.978 Y129.43 E968.16048
G1 X152.431 Y134.977 E968.43313
G1 X152.43 Y135.839 E968.46309
G1 X166.572 Y149.98 E969.1582
G1 X166.572 Y154.019 E969.29858
G1 X152.427 Y168.163 E969.99384
G1 X152.427 Y166.896 E970.03787
G1 X152.375 Y166.6 E970.04832
G1 X152.272 Y166.344 E970.05791
G1 X152.075 Y166.054 E970.07009
G1 X151.66 Y165.729 E970.08841
G1 X151.404 Y165.627 E970.09799
G1 X151.083 Y165.571 E970.10932
G1 X150.975 Y165.553
G1 F2400 E969.60932
G1 F600 Z1.5
G0 F15000 X160.342 Y165.576 Z1.5
G1 F600 Z1.1
G1 F2400 E970.10932
G1 F15000 X161.012 Y165.748 E970.13336
G1 X161.6 Y166.043 E970.15623
G1 X162.14 Y166.496 E970.18072
G1 X162.556 Y167.067 E970.20528
G1 X162.827 Y167.727 E970.23008
G1 X162.943 Y168.517 E970.25783
G1 X162.841 Y169.216 E970.28238
G1 X162.626 Y169.801 E970.30404
G1 X162.297 Y170.312 E970.32517
G1 X162.157 Y170.452 E970.33205
G1 X166.274 Y174.57 E970.53444
G1 X166.761 Y174.57 E970.55136
G1 X175.07 Y166.26 E970.95981
G1 X175.07 Y162.627 E971.08608
G1 X171.374 Y158.93 E971.26777
G1 X169.957 Y158.93 E971.31702
G1 X162.246 Y166.64 E971.69602
G1 X162.169 Y166.717
G1 F2400 E971.19602
G1 F600 Z1.5
G0 F15000 X168.995 Y163.57 Z1.5
G1 F600 Z1.1
G1 F2400 E971.69602
G1 F15000 X169.424 Y163.61 E971.711
G1 X174.983 Y158.051 E971.98424
G1 X174.952 Y157.969 E971.98729
G1 X174.769 Y158.177 E971.99692
G1 X175.07 Y158.479 E972.01174
G1 X175.07 Y162.112 E972.13801
G1 X171.719 Y165.463 E972.30273
G1 X171.787 Y165.611 E972.30839
G1 X171.919 Y166.306 E972.33297
G1 X171.898 Y166.923 E972.35443
G1 X171.785 Y167.389 E972.3711
G1 X171.496 Y168.025 E972.39538
G1 X171.061 Y168.577 E972.41981
G1 X170.46 Y169.037 E972.44611
G1 X170.205 Y169.166 E972.45604
G1 X169.607 Y169.365 E972.47795
G1 X169.389 Y169.389 E972.48557
G1 X174.57 Y174.57 E972.74024
G1 X175.07 Y174.556 E972.75762
G1 X175.07 Y170.923 E972.88389
G1 X171.707 Y167.559 E973.04922
G1 X171.63 Y167.482
G1 F2400 E972.54922
G1 F600 Z1.5
G0 F15000 X162.157 Y133.546 Z1.5
G1 F600 Z1.1
G1 F2400 E973.04922
G1 F15000 X166.274 Y129.43 E973.25156
G1 X166.761 Y129.43 E973.26849
G1 X175.07 Y137.739 E973.67691
G1 X175.07 Y141.373 E973.80321
G1 X170.82 Y145.623 E974.01211
G1 X170.82 Y146.072 E974.02772
G1 X170.51 Y146.073 E974.03849
G1 X170.51 Y145.623 E974.05414
G1 X162.254 Y137.367 E974.45995
G1 X162.61 Y136.846 E974.48188
G1 X162.858 Y136.178 E974.50665
G1 X162.93 Y135.541 E974.52893
G1 X162.861 Y134.818 E974.55417
G1 X162.646 Y134.241 E974.57557
G1 X162.298 Y133.685 E974.59837
G1 X161.794 Y133.186 E974.62302
G1 X161.193 Y132.827 E974.64735
G1 X160.522 Y132.619 E974.67177
G1 X160.187 Y132.578 E974.6835
G1 X160.078 Y132.565
G1 F2400 E974.1835
G1 F600 Z1.5
;MESH:NONMESH
G0 F15000 X132.613 Y137.105 Z1.5
;TIME_ELAPSED:433.379542
;LAYER:5
;MESH:case_VL53L8+RP2040-up.stl
G0 X132.613 Y137.105 Z1.7
;TYPE:WALL-OUTER
G1 F600 Z1.3
G1 F2400 E974.6835
G1 F9000 X132.209 Y137.207 E974.69798
G1 X131.762 Y137.202 E974.71352
G1 X131.36 Y137.095 E974.72798
G1 X131.044 Y136.927 E974.74042
G1 X130.694 Y136.617 E974.75667
G1 X130.466 Y136.276 E974.77092
G1 X130.323 Y135.894 E974.7851
G1 X130.281 Y135.525 E974.79801
G1 X130.334 Y135.06 E974.81428
G1 X130.49 Y134.675 E974.82871
G1 X130.73 Y134.339 E974.84307
G1 X131.044 Y134.069 E974.85746
G1 X131.41 Y133.882 E974.87174
G1 X131.778 Y133.791 E974.88492
G1 X132.234 Y133.794 E974.90077
G1 X132.635 Y133.901 E974.91519
G1 X132.998 Y134.099 E974.92957
G1 X133.306 Y134.379 E974.94403
G1 X133.51 Y134.675 E974.95653
G1 X133.675 Y135.113 E974.9728
G1 X133.719 Y135.528 E974.9873
G1 X133.669 Y135.915 E975.00086
G1 X133.523 Y136.3 E975.01518
G1 X133.287 Y136.641 E975.02959
G1 X132.985 Y136.908 E975.0436
G1 X132.613 Y137.105 E975.05823
G1 F2400 E974.55823
G1 F600 Z1.7
G0 F15000 X151.219 Y136.523 Z1.7
G1 F600 Z1.3
G1 F2400 E975.05823
G1 F9000 X151.191 Y136.611 E975.06144
G1 X151.036 Y136.718 E975.06799
G1 X140.973 Y136.719 E975.41774
G1 X140.877 Y136.684 E975.4213
G1 X140.783 Y136.542 E975.42721
G1 X140.78 Y130.954 E975.62144
G1 X140.824 Y130.868 E975.62479
G1 X140.962 Y130.783 E975.63043
G1 X151.085 Y130.78 E975.98227
G1 X151.22 Y130.954 E975.98992
G1 X151.219 Y136.523 E976.18349
G1 F2400 E975.68349
G1 F600 Z1.7
G0 F15000 X160.625 Y137.1 Z1.7
G1 F600 Z1.3
G1 F2400 E976.18349
G1 F9000 X160.219 Y137.205 E976.19806
G1 X159.799 Y137.208 E976.21266
G1 X159.384 Y137.106 E976.22751
G1 X159.026 Y136.916 E976.2416
G1 X158.713 Y136.641 E976.25608
G1 X158.478 Y136.301 E976.27045
G1 X158.323 Y135.894 E976.28558
G1 X158.281 Y135.525 E976.29849
G1 X158.334 Y135.06 E976.31476
G1 X158.49 Y134.675 E976.3292
G1 X158.73 Y134.339 E976.34355
G1 X159.044 Y134.069 E976.35794
G1 X159.41 Y133.882 E976.37223
G1 X159.778 Y133.791 E976.3854
G1 X160.234 Y133.794 E976.40125
G1 X160.635 Y133.901 E976.41568
G1 X160.998 Y134.099 E976.43005
G1 X161.306 Y134.379 E976.44452
G1 X161.532 Y134.715 E976.45859
G1 X161.666 Y135.073 E976.47188
G1 X161.72 Y135.486 E976.48635
G1 X161.669 Y135.914 E976.50133
G1 X161.53 Y136.286 E976.51514
G1 X161.284 Y136.644 E976.53023
G1 X160.971 Y136.918 E976.54469
G1 X160.625 Y137.1 E976.55828
G1 F2400 E976.05828
G1 F600 Z1.7
G0 F15000 X169.383 Y140.175 Z1.7
G1 F600 Z1.3
G1 F2400 E976.55828
G1 F9000 X168.973 Y140.219 E976.57261
G1 X168.582 Y140.169 E976.58631
G1 X168.196 Y140.023 E976.60066
G1 X167.855 Y139.787 E976.61507
G1 X167.59 Y139.487 E976.62898
G1 X167.388 Y139.107 E976.64394
G1 X167.291 Y138.722 E976.65774
G1 X167.294 Y138.262 E976.67373
G1 X167.394 Y137.874 E976.68766
G1 X167.586 Y137.517 E976.70174
G1 X167.863 Y137.206 E976.71622
G1 X168.19 Y136.981 E976.73002
G1 X168.602 Y136.823 E976.74535
G1 X169 Y136.78 E976.75927
G1 X169.436 Y136.834 E976.77454
G1 X169.788 Y136.971 E976.78766
G1 X170.157 Y137.23 E976.80333
G1 X170.427 Y137.544 E976.81773
G1 X170.614 Y137.91 E976.83201
G1 X170.702 Y138.262 E976.84462
G1 X170.705 Y138.718 E976.86047
G1 X170.595 Y139.135 E976.87546
G1 X170.397 Y139.498 E976.88983
G1 X170.117 Y139.806 E976.9043
G1 X169.821 Y140.01 E976.9168
G1 X169.383 Y140.175 E976.93306
G1 F2400 E976.43306
G1 F600 Z1.7
G0 F15000 X173.717 Y157.539 Z1.7
G1 F600 Z1.3
G1 F2400 E976.93306
G1 F9000 X173.632 Y157.676 E976.93867
G1 X173.546 Y157.72 E976.94203
G1 X167.977 Y157.719 E977.13559
G1 X167.889 Y157.691 E977.1388
G1 X167.78 Y157.572 E977.1444
G1 X167.783 Y147.461 E977.49583
G1 X167.826 Y147.364 E977.49952
G1 X167.978 Y147.281 E977.50554
G1 X173.546 Y147.28 E977.69906
G1 X173.72 Y147.415 E977.70672
G1 X173.717 Y157.539 E978.0586
G1 F2400 E977.5586
G1 F600 Z1.7
G0 F15000 X169.383 Y168.175 Z1.7
G1 F600 Z1.3
G1 F2400 E978.0586
G1 F9000 X168.973 Y168.219 E978.07293
G1 X168.562 Y168.162 E978.08735
G1 X168.175 Y168.01 E978.1018
G1 X167.866 Y167.796 E978.11487
G1 X167.59 Y167.487 E978.12927
G1 X167.394 Y167.122 E978.14367
G1 X167.289 Y166.705 E978.15861
G1 X167.289 Y166.286 E978.17318
G1 X167.386 Y165.895 E978.18718
G1 X167.585 Y165.518 E978.20199
G1 X167.855 Y165.213 E978.21615
G1 X168.195 Y164.978 E978.23052
G1 X168.602 Y164.823 E978.24565
G1 X169 Y164.78 E978.25957
G1 X169.436 Y164.834 E978.27484
G1 X169.821 Y164.99 E978.28928
G1 X170.157 Y165.23 E978.30363
G1 X170.427 Y165.544 E978.31802
G1 X170.614 Y165.91 E978.33231
G1 X170.702 Y166.262 E978.34492
G1 X170.705 Y166.718 E978.36077
G1 X170.595 Y167.135 E978.37576
G1 X170.397 Y167.498 E978.39013
G1 X170.117 Y167.806 E978.40459
G1 X169.814 Y168.014 E978.41737
G1 X169.383 Y168.175 E978.43336
G1 F2400 E977.93336
G1 F600 Z1.7
G0 F15000 X160.586 Y170.114 Z1.7
G1 F600 Z1.3
G1 F2400 E978.43336
G1 F9000 X160.218 Y170.205 E978.44654
G1 X159.762 Y170.202 E978.46239
G1 X159.36 Y170.095 E978.47684
G1 X159.044 Y169.927 E978.48928
G1 X158.694 Y169.617 E978.50553
G1 X158.466 Y169.276 E978.51979
G1 X158.323 Y168.894 E978.53397
G1 X158.281 Y168.475 E978.5486
G1 X158.329 Y168.074 E978.56264
G1 X158.49 Y167.675 E978.5776
G1 X158.694 Y167.379 E978.59009
G1 X159.014 Y167.088 E978.60512
G1 X159.392 Y166.887 E978.62
G1 X159.798 Y166.788 E978.63453
G1 X160.205 Y166.789 E978.64867
G1 X160.586 Y166.882 E978.66231
G1 X160.967 Y167.076 E978.67717
G1 X161.28 Y167.348 E978.69158
G1 X161.525 Y167.7 E978.70648
G1 X161.667 Y168.076 E978.72045
G1 X161.72 Y168.487 E978.73486
G1 X161.675 Y168.883 E978.74871
G1 X161.522 Y169.302 E978.76421
G1 X161.306 Y169.617 E978.77749
G1 X160.955 Y169.927 E978.79376
G1 X160.586 Y170.114 E978.80814
G1 F2400 E978.30814
G1 F600 Z1.7
G0 F15000 X151.22 Y172.546 Z1.7
G1 F600 Z1.3
G1 F2400 E978.80814
G1 F9000 X151.176 Y172.633 E978.81153
G1 X151.038 Y172.717 E978.81715
G1 X140.915 Y172.72 E979.16899
G1 X140.78 Y172.546 E979.17664
G1 X140.782 Y166.966 E979.37059
G1 X140.834 Y166.854 E979.37488
G1 X140.959 Y166.783 E979.37988
G1 X151.037 Y166.782 E979.73016
G1 X151.145 Y166.833 E979.73431
G1 X151.218 Y166.964 E979.73952
G1 X151.22 Y172.546 E979.93353
G1 F2400 E979.43353
G1 F600 Z1.7
G0 F15000 X132.586 Y170.114 Z1.7
G1 F600 Z1.3
G1 F2400 E979.93353
G1 F9000 X132.218 Y170.205 E979.94671
G1 X131.762 Y170.202 E979.96256
G1 X131.403 Y170.112 E979.97542
G1 X131.044 Y169.927 E979.98946
G1 X130.694 Y169.617 E980.00571
G1 X130.466 Y169.276 E980.01997
G1 X130.323 Y168.894 E980.03414
G1 X130.281 Y168.525 E980.04705
G1 X130.334 Y168.06 E980.06332
G1 X130.49 Y167.675 E980.07776
G1 X130.73 Y167.339 E980.09211
G1 X131.044 Y167.069 E980.1065
G1 X131.41 Y166.882 E980.12079
G1 X131.762 Y166.794 E980.1334
G1 X132.209 Y166.789 E980.14893
G1 X132.611 Y166.89 E980.16334
G1 X132.974 Y167.08 E980.17758
G1 X133.287 Y167.356 E980.19209
G1 X133.523 Y167.696 E980.20647
G1 X133.667 Y168.074 E980.22053
G1 X133.719 Y168.473 E980.23451
G1 X133.673 Y168.894 E980.24923
G1 X133.51 Y169.321 E980.26512
G1 X133.306 Y169.617 E980.27761
G1 X132.955 Y169.927 E980.29389
G1 X132.586 Y170.114 E980.30827
G1 F2400 E979.80827
G1 F600 Z1.7
G0 F15000 X176.28 Y175.78 Z1.7
G1 F600 Z1.3
G1 F2400 E980.30827
G1 F9000 X176.28 Y128.22 E981.9613
G1 X127.72 Y128.22 E983.6491
G1 X127.72 Y175.78 E985.30213
G1 X176.28 Y175.78 E986.98992
G0 F15000 X175.84 Y175.34
;TYPE:WALL-INNER
G1 F10500 X175.84 Y128.66 E988.61237
G1 X128.16 Y128.66 E990.26958
G1 X128.16 Y175.34 E991.89203
G1 X175.84 Y175.34 E993.54924
G0 F15000 X175.4 Y174.9
G1 F10500 X175.4 Y158.25 E994.12794
G1 F8619.4 X175.305 Y157.761 E994.14903
G1 F7321.7 X175.305 Y157.077 E994.18312
G1 F7333.3 X175.306 Y156.393 E994.21716
G1 F7345 X175.306 Y155.709 E994.25115
G1 F7356.7 X175.306 Y155.025 E994.28508
G1 X175.307 Y154.341 E994.31901
G1 F7368.4 X175.307 Y153.657 E994.35289
G1 F7380.2 X175.307 Y152.973 E994.38671
G1 X175.308 Y152.289 E994.42053
G1 F7392 X175.308 Y151.605 E994.4543
G1 F7403.8 X175.308 Y150.921 E994.48802
G1 F7415.7 X175.309 Y150.237 E994.52168
G1 X175.309 Y149.553 E994.55534
G1 F7427.7 X175.309 Y148.869 E994.58895
G1 F7439.6 X175.31 Y148.185 E994.6225
G1 F7451.6 X175.31 Y147.501 E994.656
G1 F8717 X175.4 Y146.75 E994.68767
G1 F10500 X175.4 Y129.1 E995.30113
G1 X151.75 Y129.1 E996.12313
G1 F8717 X151 Y129.19 E996.15475
G1 F7451.6 X150.359 Y129.19 E996.18614
G1 F7439.6 X149.718 Y129.191 E996.21759
G1 F7427.7 X149.077 Y129.191 E996.24908
G1 F7415.7 X148.436 Y129.191 E996.28063
G1 X147.795 Y129.192 E996.31217
G1 F7403.8 X147.154 Y129.192 E996.34377
G1 F7392 X146.513 Y129.193 E996.37542
G1 F7380.2 X145.872 Y129.193 E996.40711
G1 X145.231 Y129.193 E996.43881
G1 F7368.4 X144.59 Y129.194 E996.47056
G1 F7356.7 X143.949 Y129.194 E996.50236
G1 F7345 X143.308 Y129.194 E996.53421
G1 X142.667 Y129.195 E996.56605
G1 F7333.3 X142.026 Y129.195 E996.59795
G1 F7321.7 X141.385 Y129.196 E996.6299
G1 F7310.1 X140.744 Y129.196 E996.66191
G1 F8619.4 X140.25 Y129.1 E996.68321
G1 F10500 X128.6 Y129.1 E997.08813
G1 X128.601 Y134.206 E997.2656
G1 F10312.5 X128.608 Y134.571 E997.27852
G1 F8400 X128.703 Y134.972 E997.29642
G1 F7287.1 X128.693 Y135.334 E997.31456
G1 F7403.8 X128.693 Y135.668 E997.33102
G1 F7241.4 X128.706 Y136.12 E997.35381
G1 F7993.1 X128.631 Y136.425 E997.36815
G1 F9788.1 X128.601 Y136.79 E997.38181
G1 F10500 X128.601 Y167.206 E998.43897
G1 F10312.5 X128.608 Y167.571 E998.45189
G1 F8400 X128.703 Y167.972 E998.46979
G1 F7287.1 X128.693 Y168.334 E998.48793
G1 F7403.8 X128.693 Y168.668 E998.50439
G1 F7241.4 X128.706 Y169.12 E998.52718
G1 F7993.1 X128.631 Y169.425 E998.54152
G1 F9788.1 X128.601 Y169.79 E998.55518
G1 F10500 X128.6 Y174.9 E998.73279
G1 X175.4 Y174.9 E1000.35941
G1 F2400 E999.85941
G1 F600 Z1.7
G0 F15000 X170.487 Y168.061 Z1.7
G1 F600 Z1.3
G1 F2400 E1000.35941
G1 F10500 X170.05 Y168.386 E1000.37833
G1 X169.47 Y168.607 E1000.39991
G1 X169 Y168.66 E1000.41635
G1 X168.559 Y168.612 E1000.43176
G1 X168.067 Y168.446 E1000.44981
G1 X167.591 Y168.14 E1000.46948
G1 X167.242 Y167.757 E1000.48749
G1 X166.992 Y167.3 E1000.50559
G1 X166.852 Y166.755 E1000.52515
G1 X166.849 Y166.271 E1000.54197
G1 X166.968 Y165.759 E1000.56024
G1 X167.206 Y165.295 E1000.57837
G1 X167.559 Y164.888 E1000.59709
G1 X167.987 Y164.59 E1000.61522
G1 X168.462 Y164.404 E1000.63295
G1 X169 Y164.34 E1000.65178
G1 X169.595 Y164.424 E1000.67267
G1 X170.071 Y164.628 E1000.69067
G1 X170.487 Y164.939 E1000.70872
G1 X170.815 Y165.338 E1000.72667
G1 X171.041 Y165.803 E1000.74464
G1 X171.148 Y166.316 E1000.76286
G1 X171.139 Y166.794 E1000.77947
G1 X171.041 Y167.193 E1000.79375
G1 X170.817 Y167.659 E1000.81172
G1 X170.487 Y168.061 E1000.8298
G0 F15000 X170.817 Y168.352
G1 F10500 X170.617 Y168.53 E1000.83911
G1 X170.084 Y168.858 E1000.86086
G1 X169.546 Y169.04 E1000.8806
G1 X169 Y169.1 E1000.89969
G1 X168.506 Y169.049 E1000.91695
G1 X167.912 Y168.858 E1000.93864
G1 X167.316 Y168.483 E1000.96311
G1 X166.842 Y167.97 E1000.98739
G1 X166.562 Y167.411 E1001.00912
G1 X166.425 Y166.876 E1001.02831
G1 X166.41 Y166.241 E1001.05039
G1 X166.566 Y165.553 E1001.07491
G1 X166.873 Y165.001 E1001.09686
G1 X167.263 Y164.562 E1001.11727
G1 X167.779 Y164.203 E1001.13912
G1 X168.391 Y163.961 E1001.162
G1 X169 Y163.9 E1001.18327
G1 X169.479 Y163.946 E1001.19999
G1 X169.755 Y164.014 E1001.20987
G1 X170.321 Y164.266 E1001.23141
G1 X170.817 Y164.648 E1001.25317
G1 X171.204 Y165.131 E1001.27468
G1 X171.468 Y165.697 E1001.29639
G1 X171.588 Y166.316 E1001.3183
G1 X171.573 Y166.87 E1001.33756
G1 X171.468 Y167.299 E1001.35291
G1 X171.207 Y167.864 E1001.37455
G1 X170.817 Y168.352 E1001.39626
G1 F2400 E1000.89626
G1 F600 Z1.7
G0 F15000 X162.16 Y168.463 Z1.7
G1 F600 Z1.3
G1 F2400 E1001.39626
G1 F10500 X162.095 Y169.023 E1001.41585
G1 X161.928 Y169.474 E1001.43257
G1 X161.561 Y169.987 E1001.45449
G1 X161.159 Y170.317 E1001.47257
G1 X160.693 Y170.541 E1001.49054
G1 X160.294 Y170.639 E1001.50482
G1 X159.816 Y170.648 E1001.52144
G1 X159.303 Y170.541 E1001.53965
G1 X158.838 Y170.315 E1001.55762
G1 X158.375 Y169.934 E1001.57846
G1 X158.056 Y169.435 E1001.59904
G1 X157.889 Y168.97 E1001.61622
G1 X157.84 Y168.5 E1001.63264
G1 X157.909 Y167.944 E1001.65211
G1 X158.09 Y167.487 E1001.6692
G1 X158.387 Y167.06 E1001.68728
G1 X158.748 Y166.738 E1001.70409
G1 X159.249 Y166.471 E1001.72382
G1 X159.717 Y166.355 E1001.74058
G1 X160.216 Y166.348 E1001.75793
G1 X160.751 Y166.473 E1001.77702
G1 X161.238 Y166.727 E1001.79611
G1 X161.592 Y167.038 E1001.81249
G1 X161.895 Y167.461 E1001.83057
G1 X162.088 Y167.948 E1001.84878
G1 X162.16 Y168.463 E1001.86686
G0 F15000 X162.609 Y168.516
G1 F10500 X162.521 Y169.134 E1001.88855
G1 X162.327 Y169.658 E1001.90797
G1 X162.03 Y170.117 E1001.92697
G1 X161.58 Y170.557 E1001.94885
G1 X161.364 Y170.706 E1001.95797
G1 X160.799 Y170.968 E1001.97962
G1 X160.37 Y171.072 E1001.99496
G1 X159.816 Y171.088 E1002.01422
G1 X159.549 Y171.056 E1002.02357
G1 X158.947 Y170.872 E1002.04545
G1 X158.42 Y170.557 E1002.06679
G1 X157.97 Y170.117 E1002.08866
G1 X157.646 Y169.595 E1002.11002
G1 X157.456 Y169.046 E1002.13021
G1 X157.4 Y168.5 E1002.14928
G1 X157.489 Y167.814 E1002.17333
G1 X157.702 Y167.279 E1002.19334
G1 X158.061 Y166.764 E1002.21516
G1 X158.482 Y166.387 E1002.2348
G1 X159.081 Y166.054 E1002.25862
G1 X159.727 Y165.911 E1002.28162
G1 X160.314 Y165.909 E1002.30202
G1 X160.896 Y166.057 E1002.32289
G1 X161.426 Y166.325 E1002.34354
G1 X161.904 Y166.728 E1002.36527
G1 X162.318 Y167.297 E1002.38973
G1 X162.528 Y167.89 E1002.41159
G1 X162.609 Y168.516 E1002.43353
G1 F2400 E1001.93353
G1 F600 Z1.7
G0 F15000 X151.659 Y166.953 Z1.7
G1 F600 Z1.3
G1 F2400 E1002.43353
G1 F10500 X151.66 Y172.633 E1002.63095
G1 X151.528 Y172.897 E1002.64121
G1 X151.311 Y173.083 E1002.65114
G1 X151.088 Y173.16 E1002.65934
G1 X141 Y173.16 E1003.00997
G1 X140.689 Y173.083 E1003.0211
G1 X140.472 Y172.897 E1003.03104
G1 X140.34 Y172.633 E1003.0413
G1 X140.341 Y166.96 E1003.23847
G1 X140.413 Y166.697 E1003.24795
G1 X140.601 Y166.473 E1003.25811
G1 X140.92 Y166.344 E1003.27007
G1 X151.036 Y166.34 E1003.62167
G1 X151.229 Y166.38 E1003.62852
G1 X151.497 Y166.564 E1003.63982
G1 X151.587 Y166.697 E1003.6454
G1 X151.659 Y166.953 E1003.65465
G0 F15000 X152.098 Y166.922
G1 F10500 X152.1 Y172.5 E1003.84852
G1 X152.057 Y172.809 E1003.85936
G1 X151.88 Y173.161 E1003.87306
G1 X151.518 Y173.471 E1003.88962
G1 X151.144 Y173.6 E1003.90337
G1 X141 Y173.6 E1004.25595
G1 X140.482 Y173.471 E1004.2745
G1 X140.12 Y173.161 E1004.29107
G1 X139.943 Y172.809 E1004.30476
G1 X139.9 Y172.5 E1004.3156
G1 X139.901 Y166.934 E1004.50906
G1 X140.021 Y166.496 E1004.52484
G1 X140.22 Y166.223 E1004.53659
G1 X140.481 Y166.029 E1004.54789
G1 X140.935 Y165.901 E1004.56428
G1 X151.06 Y165.901 E1004.9162
G1 X151.381 Y165.967 E1004.92759
G1 X151.539 Y166.04 E1004.93364
G1 X151.827 Y166.274 E1004.94653
G1 X151.979 Y166.496 E1004.95589
G1 X152.098 Y166.922 E1004.97126
G1 F2400 E1004.47126
G1 F600 Z1.7
G0 F15000 X167.418 Y157.813 Z1.7
G1 F600 Z1.3
G1 F2400 E1004.97126
G1 F10500 X167.341 Y157.546 E1004.98092
G1 X167.34 Y147.464 E1005.33134
G1 X167.432 Y147.162 E1005.34231
G1 X167.669 Y146.928 E1005.35388
G1 X167.936 Y146.843 E1005.36362
G1 X173.634 Y146.84 E1005.56167
G1 X173.896 Y146.972 E1005.57186
G1 X174.083 Y147.189 E1005.58182
G1 X174.16 Y147.5 E1005.59296
G1 X174.16 Y157.589 E1005.94362
G1 X174.083 Y157.811 E1005.95179
G1 X173.896 Y158.028 E1005.96174
G1 X173.634 Y158.16 E1005.97194
G1 X167.932 Y158.157 E1006.17012
G1 X167.669 Y158.072 E1006.17973
G1 X167.418 Y157.813 E1006.19226
G0 F15000 X167.004 Y157.968
G1 F10500 X166.902 Y157.576 E1006.20634
G1 X166.901 Y147.358 E1006.56149
G1 X166.989 Y147.065 E1006.57212
G1 X167.259 Y146.686 E1006.5883
G1 X167.56 Y146.491 E1006.60076
G1 X167.893 Y146.405 E1006.61271
G1 X173.5 Y146.4 E1006.8076
G1 X173.809 Y146.443 E1006.81844
G1 X174.16 Y146.62 E1006.8321
G1 X174.472 Y146.982 E1006.84871
G1 F8717 X174.69 Y147.5 E1006.87224
G1 F7451.6 X174.69 Y148.956 E1006.94355
G1 F7439.6 X174.69 Y150.412 E1007.01497
G1 F7427.7 X174.69 Y151.868 E1007.08651
G1 X174.69 Y153.324 E1007.15805
G1 F7415.7 X174.69 Y154.78 E1007.2297
G1 F7403.8 X174.69 Y156.236 E1007.30147
G1 F7392 X174.69 Y157.692 E1007.37336
G1 F8684.2 X174.472 Y158.018 E1007.38984
G1 F10500 X174.16 Y158.38 E1007.40645
G1 X173.809 Y158.557 E1007.42011
G1 X173.5 Y158.6 E1007.43095
G1 X167.887 Y158.595 E1007.62604
G1 X167.556 Y158.507 E1007.63795
G1 X167.175 Y158.229 E1007.65434
G1 X167.004 Y157.968 E1007.66519
G1 F2400 E1007.16519
G1 F600 Z1.7
G0 F15000 X169 Y140.66 Z1.7
G1 F600 Z1.3
G1 F2400 E1007.66519
G1 F10500 X168.528 Y140.607 E1007.68169
G1 X167.989 Y140.411 E1007.70163
G1 X167.559 Y140.112 E1007.71983
G1 X167.242 Y139.757 E1007.73637
G1 X166.996 Y139.308 E1007.75417
G1 X166.859 Y138.804 E1007.77232
G1 X166.849 Y138.278 E1007.79061
G1 X166.986 Y137.709 E1007.81095
G1 X167.231 Y137.257 E1007.82882
G1 X167.582 Y136.867 E1007.84705
G1 X167.972 Y136.599 E1007.8635
G1 X168.526 Y136.389 E1007.88409
G1 X169 Y136.34 E1007.90066
G1 X169.595 Y136.424 E1007.92154
G1 X169.971 Y136.571 E1007.93557
G1 X170.487 Y136.939 E1007.9576
G1 X170.815 Y137.338 E1007.97555
G1 X171.041 Y137.803 E1007.99352
G1 X171.148 Y138.316 E1008.01174
G1 X171.139 Y138.794 E1008.02835
G1 X171.041 Y139.193 E1008.04263
G1 X170.817 Y139.659 E1008.06061
G1 X170.487 Y140.061 E1008.07868
G1 X170.071 Y140.372 E1008.09674
G1 X169.47 Y140.607 E1008.11916
G1 X169 Y140.66 E1008.1356
G0 F15000 X169 Y141.1
G1 F10500 X168.393 Y141.034 E1008.15683
G1 X167.783 Y140.8 E1008.17953
G1 X167.263 Y140.438 E1008.20156
G1 X166.894 Y140.026 E1008.22078
G1 X166.596 Y139.491 E1008.24206
G1 X166.427 Y138.886 E1008.2639
G1 X166.407 Y138.171 E1008.28876
G1 X166.58 Y137.539 E1008.31153
G1 X166.846 Y137.033 E1008.3314
G1 X167.26 Y136.557 E1008.35333
G1 X167.753 Y136.217 E1008.37414
G1 X168.358 Y135.965 E1008.39692
G1 X169 Y135.9 E1008.41935
G1 X169.479 Y135.946 E1008.43607
G1 X170.154 Y136.171 E1008.4608
G1 X170.617 Y136.47 E1008.47996
G1 X170.817 Y136.648 E1008.48927
G1 X171.204 Y137.131 E1008.51078
G1 X171.468 Y137.697 E1008.53248
G1 X171.588 Y138.316 E1008.5544
G1 X171.573 Y138.87 E1008.57366
G1 X171.468 Y139.299 E1008.58901
G1 X171.207 Y139.864 E1008.61064
G1 X170.817 Y140.352 E1008.63236
G1 X170.321 Y140.734 E1008.65412
G1 X170.084 Y140.858 E1008.66341
G1 X169.546 Y141.04 E1008.68315
G1 X169 Y141.1 E1008.70225
G1 F2400 E1008.20225
G1 F600 Z1.7
G0 F15000 X161.932 Y136.464 Z1.7
G1 F600 Z1.3
G1 F2400 E1008.70225
G1 F10500 X161.604 Y136.946 E1008.72251
G1 X161.262 Y137.25 E1008.73841
G1 X160.75 Y137.524 E1008.7586
G1 X160.297 Y137.638 E1008.77483
G1 X159.767 Y137.647 E1008.79326
G1 X159.226 Y137.521 E1008.81256
G1 X158.75 Y137.259 E1008.83145
G1 X158.388 Y136.937 E1008.84829
G1 X158.09 Y136.509 E1008.86641
G1 X157.904 Y136.034 E1008.88414
G1 X157.84 Y135.5 E1008.90284
G1 X157.924 Y134.901 E1008.92386
G1 X158.128 Y134.425 E1008.94186
G1 X158.439 Y134.009 E1008.95991
G1 X158.838 Y133.681 E1008.97786
G1 X159.304 Y133.455 E1008.99587
G1 X159.702 Y133.357 E1009.01011
G1 X160.341 Y133.367 E1009.03232
G1 X160.839 Y133.511 E1009.05034
G1 X161.159 Y133.679 E1009.0629
G1 X161.561 Y134.009 E1009.08098
G1 X161.938 Y134.545 E1009.10376
G1 X162.085 Y134.939 E1009.11837
G1 X162.159 Y135.458 E1009.13659
G1 X162.094 Y136.03 E1009.1566
G1 X161.932 Y136.464 E1009.1727
G0 F15000 X162.313 Y136.698
G1 F10500 X161.959 Y137.217 E1009.19454
G1 X161.489 Y137.636 E1009.21642
G1 X160.91 Y137.944 E1009.23922
G1 X160.241 Y138.087 E1009.263
G1 X159.669 Y138.086 E1009.28288
G1 X159.033 Y137.913 E1009.30579
G1 X158.524 Y137.646 E1009.32576
G1 X158.062 Y137.233 E1009.3473
G1 X157.703 Y136.718 E1009.36912
G1 X157.461 Y136.104 E1009.39206
G1 X157.4 Y135.5 E1009.41316
G1 X157.446 Y135.018 E1009.42999
G1 X157.514 Y134.741 E1009.4399
G1 X157.766 Y134.175 E1009.46144
G1 X158.148 Y133.679 E1009.4832
G1 X158.631 Y133.292 E1009.50471
G1 X159.197 Y133.028 E1009.52641
G1 X159.626 Y132.924 E1009.54176
G1 X160.18 Y132.908 E1009.56102
G1 X160.799 Y133.028 E1009.58294
G1 X161.364 Y133.29 E1009.60458
G1 X161.852 Y133.679 E1009.62627
G1 X162.03 Y133.879 E1009.63558
G1 X162.344 Y134.376 E1009.65601
G1 X162.53 Y134.899 E1009.6753
G1 X162.605 Y135.486 E1009.69587
G1 X162.538 Y136.091 E1009.71703
G1 X162.313 Y136.698 E1009.73953
G1 F2400 E1009.23953
G1 F600 Z1.7
G0 F15000 X151.657 Y136.568 Z1.7
G1 F600 Z1.3
G1 F2400 E1009.73953
G1 F10500 X151.605 Y136.766 E1009.74664
G1 X151.438 Y136.995 E1009.7565
G1 X151.136 Y137.16 E1009.76846
G1 X140.961 Y137.159 E1010.12211
G1 X140.786 Y137.125 E1010.1283
G1 X140.511 Y136.944 E1010.13975
G1 X140.394 Y136.763 E1010.14724
G1 X140.34 Y136.59 E1010.15354
G1 X140.34 Y130.867 E1010.35245
G1 X140.472 Y130.604 E1010.36268
G1 X140.689 Y130.417 E1010.37263
G1 X140.915 Y130.34 E1010.38093
G1 X151 Y130.34 E1010.73145
G1 X151.311 Y130.417 E1010.74259
G1 X151.528 Y130.604 E1010.75255
G1 X151.66 Y130.867 E1010.76277
G1 X151.657 Y136.568 E1010.96092
G0 F15000 X152.095 Y136.612
G1 F10500 X152.008 Y136.943 E1010.97282
G1 X151.73 Y137.324 E1010.98921
G1 X151.461 Y137.5 E1011.00038
G1 X151.06 Y137.599 E1011.01474
G1 X140.935 Y137.599 E1011.36665
G1 X140.544 Y137.502 E1011.38066
G1 X140.27 Y137.324 E1011.39201
G1 X140.092 Y137.123 E1011.40134
G1 X139.942 Y136.805 E1011.41356
G1 X139.905 Y136.607 E1011.42057
G1 X139.9 Y131 E1011.61545
G1 X139.944 Y130.691 E1011.6263
G1 X140.12 Y130.34 E1011.63994
G1 X140.482 Y130.029 E1011.65653
G1 F8667.9 X140.811 Y129.81 E1011.67317
G1 F7380.2 X142.085 Y129.81 E1011.73617
G1 F7392 X143.359 Y129.81 E1011.79907
G1 F7403.8 X144.633 Y129.81 E1011.86186
G1 F7415.7 X145.907 Y129.81 E1011.92456
G1 X147.181 Y129.81 E1011.98726
G1 F7427.7 X148.455 Y129.81 E1012.04985
G1 F7439.6 X149.729 Y129.81 E1012.11235
G1 F7451.6 X151.003 Y129.81 E1012.17474
G1 F8717 X151.518 Y130.029 E1012.19817
G1 F10500 X151.88 Y130.34 E1012.21476
G1 X152.056 Y130.691 E1012.22841
G1 X152.1 Y131 E1012.23926
G1 X152.095 Y136.612 E1012.43431
G1 F2400 E1011.93431
G1 F600 Z1.7
G0 F15000 X134.16 Y135.5 Z1.7
G1 F600 Z1.3
G1 F2400 E1012.43431
G1 F10500 X134.107 Y135.97 E1012.45075
G1 X133.911 Y136.506 E1012.47059
G1 X133.612 Y136.937 E1012.48882
G1 X133.249 Y137.26 E1012.50571
G1 X132.774 Y137.515 E1012.52445
G1 X132.267 Y137.643 E1012.54262
G1 X131.816 Y137.648 E1012.5583
G1 X131.303 Y137.541 E1012.57651
G1 X130.838 Y137.315 E1012.59448
G1 X130.375 Y136.934 E1012.61532
G1 X130.056 Y136.435 E1012.63591
G1 X129.889 Y135.97 E1012.65308
G1 X129.843 Y135.574 E1012.66694
G1 X129.89 Y134.981 E1012.68761
G1 X130.128 Y134.425 E1012.70863
G1 X130.439 Y134.009 E1012.72668
G1 X130.838 Y133.681 E1012.74464
G1 X131.282 Y133.461 E1012.76186
G1 X131.702 Y133.357 E1012.7769
G1 X132.341 Y133.367 E1012.79911
G1 X132.839 Y133.511 E1012.81713
G1 X133.159 Y133.679 E1012.82969
G1 X133.561 Y134.009 E1012.84777
G1 X133.92 Y134.489 E1012.8686
G1 X134.112 Y135.059 E1012.88951
G1 X134.16 Y135.5 E1012.90492
G0 F15000 X134.6 Y135.5
G1 F10500 X134.533 Y136.108 E1012.92618
G1 X134.3 Y136.713 E1012.94872
G1 X133.937 Y137.233 E1012.97076
G1 X133.473 Y137.649 E1012.99242
G1 X132.935 Y137.924 E1013.01342
G1 X132.324 Y138.079 E1013.03533
G1 X131.663 Y138.091 E1013.05831
G1 X130.947 Y137.872 E1013.08433
G1 X130.42 Y137.557 E1013.10567
G1 X129.97 Y137.117 E1013.12754
G1 X129.646 Y136.595 E1013.1489
G1 F9788.1 X129.485 Y136.265 E1013.16259
G1 F7993.1 X129.352 Y136.064 E1013.17359
G1 F7241.4 X129.315 Y135.634 E1013.19534
G1 F7403.8 X129.315 Y135.368 E1013.20846
G1 F7287.1 X129.345 Y135.007 E1013.2266
G1 F8400 X129.506 Y134.739 E1013.24018
G1 F10312.5 X129.646 Y134.401 E1013.25313
G1 F10500 X129.97 Y133.879 E1013.27448
G1 X130.148 Y133.679 E1013.28379
G1 X130.631 Y133.292 E1013.3053
G1 X131.161 Y133.038 E1013.32573
G1 X131.626 Y132.924 E1013.34237
G1 X132.18 Y132.908 E1013.36163
G1 X132.799 Y133.028 E1013.38354
G1 X133.364 Y133.29 E1013.40519
G1 X133.852 Y133.679 E1013.42688
G1 X134.234 Y134.175 E1013.44864
G1 X134.486 Y134.752 E1013.47052
G1 X134.6 Y135.5 E1013.49682
G1 F2400 E1012.99682
G1 F600 Z1.7
G0 F15000 X132.267 Y166.353 Z1.7
G1 F600 Z1.3
G1 F2400 E1013.49682
G1 F10500 X132.769 Y166.479 E1013.51481
G1 X133.25 Y166.737 E1013.53378
G1 X133.613 Y167.06 E1013.55067
G1 X133.911 Y167.49 E1013.56886
G1 X134.087 Y167.944 E1013.58578
G1 X134.16 Y168.5 E1013.60527
G1 X134.107 Y168.97 E1013.62171
G1 X133.946 Y169.429 E1013.63862
G1 X133.625 Y169.934 E1013.65941
G1 X133.159 Y170.317 E1013.68038
G1 X132.693 Y170.541 E1013.69835
G1 X132.294 Y170.639 E1013.71263
G1 X131.816 Y170.648 E1013.72925
G1 X131.282 Y170.535 E1013.74822
G1 X130.838 Y170.315 E1013.76544
G1 X130.375 Y169.934 E1013.78628
G1 X130.056 Y169.435 E1013.80687
G1 X129.889 Y168.97 E1013.82404
G1 X129.843 Y168.574 E1013.83789
G1 X129.89 Y167.981 E1013.85857
G1 X130.128 Y167.425 E1013.87959
G1 X130.439 Y167.009 E1013.89764
G1 X130.838 Y166.681 E1013.9156
G1 X131.303 Y166.455 E1013.93357
G1 X131.816 Y166.348 E1013.95178
G1 X132.267 Y166.353 E1013.96746
G0 F15000 X132.324 Y165.917
G1 F10500 X132.926 Y166.068 E1013.98903
G1 X133.472 Y166.347 E1014.01034
G1 X133.939 Y166.764 E1014.0321
G1 X134.3 Y167.284 E1014.0541
G1 X134.507 Y167.814 E1014.07388
G1 X134.6 Y168.5 E1014.09794
G1 X134.54 Y169.046 E1014.11703
G1 X134.358 Y169.584 E1014.13677
G1 X134.03 Y170.117 E1014.15852
G1 X133.58 Y170.557 E1014.1804
G1 X133.364 Y170.706 E1014.18952
G1 X132.799 Y170.968 E1014.21116
G1 X132.37 Y171.072 E1014.22651
G1 X131.816 Y171.088 E1014.24577
G1 X131.161 Y170.958 E1014.26898
G1 X130.631 Y170.704 E1014.28941
G1 X130.148 Y170.317 E1014.31092
G1 X129.97 Y170.117 E1014.32022
G1 X129.646 Y169.595 E1014.34158
G1 F9788.1 X129.485 Y169.265 E1014.35527
G1 F7993.1 X129.352 Y169.064 E1014.36627
G1 F7241.4 X129.315 Y168.634 E1014.38802
G1 F7403.8 X129.315 Y168.368 E1014.40114
G1 F7287.1 X129.345 Y168.007 E1014.41928
G1 F8400 X129.506 Y167.739 E1014.43286
G1 F10312.5 X129.646 Y167.401 E1014.44581
G1 F10500 X129.97 Y166.879 E1014.46716
G1 X130.148 Y166.679 E1014.47647
G1 X130.631 Y166.292 E1014.49798
G1 X131.197 Y166.028 E1014.51969
G1 X131.816 Y165.908 E1014.5416
G1 X132.324 Y165.917 E1014.55926
G1 F2400 E1014.05926
G1 F600 Z1.7
G0 F15000 X142.513 Y173.93 Z1.7
;TYPE:FILL
G1 F600 Z1.3
G1 F2400 E1014.55926
G1 F15000 X141.873 Y174.57 E1014.59072
G1 X141.387 Y174.57 E1014.60761
G1 X140.668 Y173.851 E1014.64295
G1 X140.988 Y173.93 E1014.65441
G1 X144.895 Y173.931 E1014.7902
G1 X145.535 Y174.57 E1014.82164
G1 X146.021 Y174.57 E1014.83853
G1 X146.661 Y173.93 E1014.86999
G1 X149.043 Y173.931 E1014.95278
G1 X149.682 Y174.57 E1014.98419
G1 X150.169 Y174.57 E1015.00111
G1 X150.809 Y173.93 E1015.03257
G1 X151.191 Y173.93 E1015.04585
G1 X151.676 Y173.762 E1015.06369
G1 X152.145 Y173.361 E1015.08513
G1 X152.304 Y173.043 E1015.09749
G1 X153.83 Y174.57 E1015.17252
G1 X154.317 Y174.57 E1015.18945
G1 X158.142 Y170.745 E1015.37746
G1 X158.609 Y171.053 E1015.39691
G1 X162.126 Y174.57 E1015.56978
G1 X162.613 Y174.57 E1015.58671
G1 X167.963 Y169.219 E1015.8497
G1 X167.787 Y169.165 E1015.8561
G1 X167.11 Y168.742 E1015.88385
G1 X166.63 Y168.225 E1015.90837
G1 X166.249 Y167.543 E1015.93552
G1 X166.106 Y166.929 E1015.95743
G1 X158.465 Y174.57 E1016.33301
G1 X157.978 Y174.57 E1016.34994
G1 X152.427 Y169.019 E1016.62279
G1 X152.43 Y172.309 E1016.73714
G1 X157.273 Y167.466 E1016.97519
G1 X157.136 Y167.808 E1016.988
G1 X157.07 Y168.505 E1017.01233
G1 X157.131 Y169.105 E1017.03329
G1 X157.341 Y169.72 E1017.05588
G1 X157.444 Y169.887 E1017.0627
G1 X128.931 Y141.375 E1018.46419
G1 X128.931 Y137.737 E1018.59064
G1 X129.554 Y137.114 E1018.62126
G1 X129.163 Y136.424 E1018.64883
G1 X129.06 Y136.313 E1018.65409
G1 X128.989 Y136.459 E1018.65973
G1 X128.931 Y136.8 E1018.67175
G1 X128.931 Y137.227 E1018.6866
G1 X158.043 Y166.338 E1020.11753
G1 X158.283 Y166.123 E1020.12873
G1 X158.921 Y165.763 E1020.15419
G1 X158.994 Y165.745 E1020.1568
G1 X166.685 Y158.054 E1020.53485
G1 X166.573 Y157.605 E1020.55093
G1 X166.572 Y154.129 E1020.67174
G1 X150.373 Y137.929 E1021.46801
G1 X149.48 Y137.928 E1021.49905
G1 X128.931 Y158.477 E1022.5091
G1 X128.931 Y162.114 E1022.63551
G1 X132.418 Y165.602 E1022.80694
G1 X132.997 Y165.736 E1022.82759
G1 X133.739 Y166.113 E1022.85652
G1 X170.422 Y129.43 E1024.65962
G1 X170.909 Y129.43 E1024.67655
G1 X175.07 Y133.591 E1024.88108
G1 X175.07 Y137.225 E1025.00738
G1 X146.723 Y165.572 E1026.40074
G1 X144.832 Y165.571 E1026.46646
G1 X128.931 Y149.67 E1027.24806
G1 X128.931 Y146.033 E1027.37447
G1 X139.579 Y135.564 E1027.89347
G1 X139.575 Y135.427 E1027.89824
G1 X133.578 Y129.43 E1028.19301
G1 X133.09 Y129.43 E1028.20997
G1 X128.931 Y133.589 E1028.4144
G1 X128.931 Y134.515 E1028.44659
G1 X129.051 Y134.77 E1028.45638
G1 X129.203 Y134.592 E1028.46452
G1 X129.49 Y133.993 E1028.4876
G1 X129.646 Y133.794 E1028.49639
G1 X128.93 Y133.078 E1028.53159
G1 X128.93 Y129.442 E1028.65796
G1 X129.43 Y129.43 E1028.67535
G1 X132.662 Y132.662 E1028.83421
G1 X133.193 Y132.827 E1028.85354
G1 X133.599 Y133.07 E1028.86998
G1 X137.238 Y129.43 E1029.04888
G1 X137.726 Y129.43 E1029.06584
G1 X139.565 Y131.105 E1029.15229
G1 X139.57 Y131.246 E1029.1572
G1 X134.885 Y135.931 E1029.38748
G1 X134.931 Y135.5 E1029.40255
G1 X134.867 Y134.867 E1029.42466
G1 X166.097 Y166.097 E1030.95973
G1 X166.258 Y165.427 E1030.98368
G1 X166.606 Y164.807 E1031.00839
G1 X167.077 Y164.275 E1031.03309
G1 X167.627 Y163.909 E1031.05605
G1 X167.934 Y163.786 E1031.06754
G1 X142.076 Y137.928 E1032.33856
G1 X141.184 Y137.928 E1032.36956
G1 X128.931 Y150.181 E1032.97184
G1 X128.931 Y153.818 E1033.09825
G1 X140.716 Y165.603 E1033.67752
G1 X140.915 Y165.572 E1033.68453
G1 X142.575 Y165.572 E1033.74222
G1 X167.284 Y140.863 E1034.95676
G1 X167.629 Y141.093 E1034.97117
G1 X168.321 Y141.359 E1034.99694
G1 X169 Y141.431 E1035.02067
G1 X169.607 Y141.365 E1035.04189
G1 X170.202 Y141.167 E1035.06369
G1 X175.07 Y146.035 E1035.30297
G1 X175.07 Y146.737 E1035.32736
G1 X174.96 Y147.194 E1035.3437
G1 X174.756 Y146.815 E1035.35866
G1 X174.361 Y146.355 E1035.37974
G1 X174.277 Y146.314 E1035.38298
G1 X175.07 Y145.521 E1035.42196
G1 X175.07 Y141.887 E1035.54827
G1 X171.905 Y138.722 E1035.70384
G1 X171.919 Y138.306 E1035.71831
G1 X171.787 Y137.611 E1035.7429
G1 X171.492 Y136.968 E1035.76748
G1 X171.354 Y136.793 E1035.77523
G1 X175.07 Y133.077 E1035.95789
G1 X175.07 Y129.443 E1036.08419
G1 X174.57 Y129.43 E1036.10158
G1 X168.746 Y135.253 E1036.38782
G1 X168.746 Y135.594 E1036.39967
G1 X168.436 Y135.625 E1036.4105
G1 X168.436 Y135.253 E1036.42343
G1 X162.613 Y129.43 E1036.70965
G1 X162.126 Y129.43 E1036.72658
G1 X158.622 Y132.934 E1036.89881
G1 X158.468 Y133.004 E1036.90469
G1 X158.147 Y133.259 E1036.91894
G1 X154.318 Y129.43 E1037.10715
G1 X153.83 Y129.43 E1037.12411
G1 X152.411 Y130.849 E1037.19386
G1 X152.43 Y130.992 E1037.19888
G1 X152.43 Y131.691 E1037.22317
G1 X157.279 Y136.539 E1037.46149
G1 X157.138 Y136.183 E1037.4748
G1 X157.07 Y135.505 E1037.49848
G1 X157.119 Y134.973 E1037.51705
G1 X157.205 Y134.624 E1037.52955
G1 X157.428 Y134.128 E1037.54845
G1 X128.931 Y162.625 E1038.94918
G1 X128.931 Y166.262 E1039.07559
G1 X129.565 Y166.896 E1039.10675
G1 X129.49 Y166.993 E1039.11101
G1 X129.203 Y167.592 E1039.1341
G1 X129.051 Y167.77 E1039.14223
G1 X128.931 Y167.515 E1039.15203
G1 X128.931 Y166.773 E1039.17782
G1 X158.045 Y137.659 E1040.60888
G1 X158.286 Y137.875 E1040.62013
G1 X158.925 Y138.236 E1040.64563
G1 X158.994 Y138.254 E1040.64811
G1 X167.119 Y146.38 E1041.04751
G1 X166.842 Y146.658 E1041.06115
G1 X166.654 Y147.013 E1041.07511
G1 X166.571 Y147.419 E1041.08952
G1 X166.571 Y149.872 E1041.17477
G1 X150.871 Y165.572 E1041.94649
G1 X148.98 Y165.571 E1042.01221
G1 X128.931 Y145.523 E1042.99767
G1 X128.931 Y141.885 E1043.12411
G1 X132.423 Y138.393 E1043.29576
G1 X133 Y138.259 E1043.31634
G1 X133.736 Y137.884 E1043.34505
G1 X170.422 Y174.57 E1045.1483
G1 X170.908 Y174.57 E1045.1652
G1 X175.07 Y170.408 E1045.36977
G1 X175.07 Y166.775 E1045.49604
G1 X146.225 Y137.929 E1046.9139
G1 X145.332 Y137.928 E1046.94494
G1 X128.931 Y154.329 E1047.75111
G1 X128.931 Y157.966 E1047.87752
G1 X139.566 Y168.436 E1048.39623
G1 X139.571 Y168.576 E1048.4011
G1 X133.577 Y174.57 E1048.69573
G1 X133.091 Y174.57 E1048.71262
G1 X128.93 Y170.409 E1048.91715
G1 X128.931 Y169.8 E1048.93831
G1 X128.989 Y169.459 E1048.95034
G1 X129.06 Y169.312 E1048.95601
G1 X129.163 Y169.423 E1048.96127
G1 X129.493 Y170.005 E1048.98453
G1 X129.647 Y170.204 E1048.99327
G1 X128.931 Y170.92 E1049.02847
G1 X128.93 Y174.557 E1049.15488
G1 X129.43 Y174.57 E1049.17226
G1 X132.659 Y171.34 E1049.331
G1 X132.889 Y171.285 E1049.33922
G1 X133.62 Y170.951 E1049.36716
G1 X137.239 Y174.57 E1049.54504
G1 X137.725 Y174.57 E1049.56193
G1 X139.626 Y172.894 E1049.65002
G1 X139.611 Y172.794 E1049.65353
G1 X134.887 Y168.07 E1049.88574
G1 X134.931 Y168.499 E1049.90072
G1 X134.862 Y169.137 E1049.92303
G1 X166.156 Y137.843 E1051.46124
G1 X166.249 Y137.46 E1051.47494
G1 X166.334 Y137.299 E1051.48127
G1 X158.465 Y129.43 E1051.86806
G1 X157.978 Y129.43 E1051.88498
G1 X152.431 Y134.977 E1052.15764
G1 X152.43 Y135.839 E1052.1876
G1 X166.572 Y149.98 E1052.88271
G1 X166.572 Y154.019 E1053.02309
G1 X152.427 Y168.163 E1053.71834
G1 X152.427 Y166.896 E1053.76238
G1 X152.375 Y166.6 E1053.77282
G1 X152.272 Y166.344 E1053.78241
G1 X152.075 Y166.054 E1053.7946
G1 X151.66 Y165.729 E1053.81292
G1 X151.404 Y165.627 E1053.8225
G1 X151.083 Y165.571 E1053.83382
G1 X150.975 Y165.553
G1 F2400 E1053.33382
G1 F600 Z1.7
G0 F15000 X160.342 Y165.576 Z1.7
G1 F600 Z1.3
G1 F2400 E1053.83382
G1 F15000 X161.012 Y165.748 E1053.85787
G1 X161.6 Y166.043 E1053.88073
G1 X162.14 Y166.496 E1053.90523
G1 X162.556 Y167.067 E1053.92978
G1 X162.827 Y167.727 E1053.95458
G1 X162.943 Y168.517 E1053.98233
G1 X162.841 Y169.216 E1054.00689
G1 X162.626 Y169.801 E1054.02855
G1 X162.297 Y170.312 E1054.04967
G1 X162.157 Y170.452 E1054.05655
G1 X166.274 Y174.57 E1054.25894
G1 X166.761 Y174.57 E1054.27587
G1 X175.07 Y166.26 E1054.68431
G1 X175.07 Y162.627 E1054.81058
G1 X171.374 Y158.93 E1054.99228
G1 X169.957 Y158.93 E1055.04153
G1 X162.246 Y166.64 E1055.42053
G1 X162.169 Y166.717
G1 F2400 E1054.92053
G1 F600 Z1.7
G0 F15000 X168.995 Y163.57 Z1.7
G1 F600 Z1.3
G1 F2400 E1055.42053
G1 F15000 X169.424 Y163.61 E1055.4355
G1 X174.983 Y158.051 E1055.70875
G1 X174.952 Y157.969 E1055.7118
G1 X174.769 Y158.177 E1055.72143
G1 X175.07 Y158.479 E1055.73625
G1 X175.07 Y162.112 E1055.86252
G1 X171.719 Y165.463 E1056.02723
G1 X171.787 Y165.611 E1056.03289
G1 X171.919 Y166.306 E1056.05748
G1 X171.898 Y166.923 E1056.07894
G1 X171.785 Y167.389 E1056.0956
G1 X171.496 Y168.025 E1056.11988
G1 X171.061 Y168.577 E1056.14431
G1 X170.46 Y169.037 E1056.17062
G1 X170.205 Y169.166 E1056.18055
G1 X169.607 Y169.365 E1056.20245
G1 X169.389 Y169.389 E1056.21008
G1 X174.57 Y174.57 E1056.46474
G1 X175.07 Y174.556 E1056.48213
G1 X175.07 Y170.923 E1056.6084
G1 X171.707 Y167.559 E1056.77373
G1 X171.63 Y167.482
G1 F2400 E1056.27373
G1 F600 Z1.7
G0 F15000 X162.157 Y133.546 Z1.7
G1 F600 Z1.3
G1 F2400 E1056.77373
G1 F15000 X166.274 Y129.43 E1056.97607
G1 X166.761 Y129.43 E1056.99299
G1 X175.07 Y137.739 E1057.40141
G1 X175.07 Y141.373 E1057.52772
G1 X170.82 Y145.623 E1057.73662
G1 X170.82 Y146.072 E1057.75223
G1 X170.51 Y146.073 E1057.763
G1 X170.51 Y145.623 E1057.77864
G1 X162.254 Y137.367 E1058.18445
G1 X162.61 Y136.846 E1058.20639
G1 X162.858 Y136.178 E1058.23115
G1 X162.93 Y135.541 E1058.25343
G1 X162.861 Y134.818 E1058.27868
G1 X162.646 Y134.241 E1058.30008
G1 X162.298 Y133.685 E1058.32288
G1 X161.794 Y133.186 E1058.34753
G1 X161.193 Y132.827 E1058.37186
G1 X160.522 Y132.619 E1058.39627
G1 X160.187 Y132.578 E1058.40801
G1 X160.078 Y132.565
G1 F2400 E1057.90801
G1 F600 Z1.7
;MESH:NONMESH
G0 F15000 X132.613 Y137.105 Z1.7
;TIME_ELAPSED:467.575696
;LAYER:6
;MESH:case_VL53L8+RP2040-up.stl
G0 X132.613 Y137.105 Z1.9
;TYPE:WALL-OUTER
G1 F600 Z1.5
G1 F2400 E1058.40801
G1 F9000 X132.209 Y137.207 E1058.42249
G1 X131.762 Y137.202 E1058.43802
G1 X131.36 Y137.095 E1058.45248
G1 X131.044 Y136.927 E1058.46492
G1 X130.694 Y136.617 E1058.48117
G1 X130.466 Y136.276 E1058.49543
G1 X130.323 Y135.894 E1058.50961
G1 X130.281 Y135.525 E1058.52252
G1 X130.334 Y135.06 E1058.53878
G1 X130.49 Y134.675 E1058.55322
G1 X130.73 Y134.339 E1058.56757
G1 X131.044 Y134.069 E1058.58196
G1 X131.41 Y133.882 E1058.59625
G1 X131.778 Y133.791 E1058.60943
G1 X132.234 Y133.794 E1058.62528
G1 X132.635 Y133.901 E1058.6397
G1 X132.998 Y134.099 E1058.65407
G1 X133.306 Y134.379 E1058.66854
G1 X133.51 Y134.675 E1058.68103
G1 X133.675 Y135.113 E1058.6973
G1 X133.719 Y135.528 E1058.71181
G1 X133.669 Y135.915 E1058.72537
G1 X133.523 Y136.3 E1058.73968
G1 X133.287 Y136.641 E1058.75409
G1 X132.985 Y136.908 E1058.76811
G1 X132.613 Y137.105 E1058.78274
G1 F2400 E1058.28274
G1 F600 Z1.9
G0 F15000 X151.219 Y136.523 Z1.9
G1 F600 Z1.5
G1 F2400 E1058.78274
G1 F9000 X151.191 Y136.611 E1058.78595
G1 X151.036 Y136.718 E1058.79249
G1 X140.973 Y136.719 E1059.14225
G1 X140.877 Y136.684 E1059.1458
G1 X140.783 Y136.542 E1059.15172
G1 X140.78 Y130.954 E1059.34594
G1 X140.824 Y130.868 E1059.3493
G1 X140.962 Y130.783 E1059.35493
G1 X151.085 Y130.78 E1059.70678
G1 X151.22 Y130.954 E1059.71443
G1 X151.219 Y136.523 E1059.90799
G1 F2400 E1059.40799
G1 F600 Z1.9
G0 F15000 X160.625 Y137.1 Z1.9
G1 F600 Z1.5
G1 F2400 E1059.90799
G1 F9000 X160.219 Y137.205 E1059.92257
G1 X159.799 Y137.208 E1059.93717
G1 X159.384 Y137.106 E1059.95202
G1 X159.026 Y136.916 E1059.96611
G1 X158.713 Y136.641 E1059.98059
G1 X158.478 Y136.301 E1059.99495
G1 X158.323 Y135.894 E1060.01009
G1 X158.281 Y135.525 E1060.023
G1 X158.334 Y135.06 E1060.03926
G1 X158.49 Y134.675 E1060.0537
G1 X158.73 Y134.339 E1060.06805
G1 X159.044 Y134.069 E1060.08245
G1 X159.41 Y133.882 E1060.09673
G1 X159.778 Y133.791 E1060.10991
G1 X160.234 Y133.794 E1060.12576
G1 X160.635 Y133.901 E1060.14018
G1 X160.998 Y134.099 E1060.15455
G1 X161.306 Y134.379 E1060.16902
G1 X161.532 Y134.715 E1060.1831
G1 X161.666 Y135.073 E1060.19638
G1 X161.72 Y135.486 E1060.21086
G1 X161.669 Y135.914 E1060.22584
G1 X161.53 Y136.286 E1060.23964
G1 X161.284 Y136.644 E1060.25474
G1 X160.971 Y136.918 E1060.2692
G1 X160.625 Y137.1 E1060.28279
G1 F2400 E1059.78279
G1 F600 Z1.9
G0 F15000 X169.383 Y140.175 Z1.9
G1 F600 Z1.5
G1 F2400 E1060.28279
G1 F9000 X168.973 Y140.219 E1060.29712
G1 X168.582 Y140.169 E1060.31082
G1 X168.196 Y140.023 E1060.32516
G1 X167.855 Y139.787 E1060.33958
G1 X167.59 Y139.487 E1060.35349
G1 X167.388 Y139.107 E1060.36845
G1 X167.291 Y138.722 E1060.38225
G1 X167.294 Y138.262 E1060.39823
G1 X167.394 Y137.874 E1060.41216
G1 X167.586 Y137.517 E1060.42625
G1 X167.863 Y137.206 E1060.44073
G1 X168.19 Y136.981 E1060.45452
G1 X168.602 Y136.823 E1060.46986
G1 X169 Y136.78 E1060.48377
G1 X169.436 Y136.834 E1060.49904
G1 X169.788 Y136.971 E1060.51217
G1 X170.157 Y137.23 E1060.52784
G1 X170.427 Y137.544 E1060.54223
G1 X170.614 Y137.91 E1060.55652
G1 X170.702 Y138.262 E1060.56913
G1 X170.705 Y138.718 E1060.58498
G1 X170.595 Y139.135 E1060.59997
G1 X170.397 Y139.498 E1060.61434
G1 X170.117 Y139.806 E1060.62881
G1 X169.821 Y140.01 E1060.6413
G1 X169.383 Y140.175 E1060.65757
G1 F2400 E1060.15757
G1 F600 Z1.9
G0 F15000 X173.717 Y157.539 Z1.9
G1 F600 Z1.5
G1 F2400 E1060.65757
G1 F9000 X173.632 Y157.676 E1060.66317
G1 X173.546 Y157.72 E1060.66653
G1 X167.977 Y157.719 E1060.86009
G1 X167.889 Y157.691 E1060.8633
G1 X167.78 Y157.572 E1060.86891
G1 X167.783 Y147.461 E1061.22034
G1 X167.826 Y147.364 E1061.22402
G1 X167.978 Y147.281 E1061.23004
G1 X173.546 Y147.28 E1061.42357
G1 X173.72 Y147.415 E1061.43122
G1 X173.717 Y157.539 E1061.7831
G1 F2400 E1061.2831
G1 F600 Z1.9
G0 F15000 X169.383 Y168.175 Z1.9
G1 F600 Z1.5
G1 F2400 E1061.7831
G1 F9000 X168.973 Y168.219 E1061.79743
G1 X168.562 Y168.162 E1061.81186
G1 X168.175 Y168.01 E1061.82631
G1 X167.866 Y167.796 E1061.83937
G1 X167.59 Y167.487 E1061.85377
G1 X167.394 Y167.122 E1061.86817
G1 X167.289 Y166.705 E1061.88312
G1 X167.289 Y166.286 E1061.89768
G1 X167.386 Y165.895 E1061.91168
G1 X167.585 Y165.518 E1061.9265
G1 X167.855 Y165.213 E1061.94066
G1 X168.195 Y164.978 E1061.95502
G1 X168.602 Y164.823 E1061.97016
G1 X169 Y164.78 E1061.98407
G1 X169.436 Y164.834 E1061.99934
G1 X169.821 Y164.99 E1062.01378
G1 X170.157 Y165.23 E1062.02813
G1 X170.427 Y165.544 E1062.04253
G1 X170.614 Y165.91 E1062.05681
G1 X170.702 Y166.262 E1062.06942
G1 X170.705 Y166.718 E1062.08527
G1 X170.595 Y167.135 E1062.10026
G1 X170.397 Y167.498 E1062.11463
G1 X170.117 Y167.806 E1062.1291
G1 X169.814 Y168.014 E1062.14187
G1 X169.383 Y168.175 E1062.15787
G1 F2400 E1061.65787
G1 F600 Z1.9
G0 F15000 X160.586 Y170.114 Z1.9
G1 F600 Z1.5
G1 F2400 E1062.15787
G1 F9000 X160.218 Y170.205 E1062.17104
G1 X159.762 Y170.202 E1062.18689
G1 X159.36 Y170.095 E1062.20135
G1 X159.044 Y169.927 E1062.21379
G1 X158.694 Y169.617 E1062.23004
G1 X158.466 Y169.276 E1062.2443
G1 X158.323 Y168.894 E1062.25847
G1 X158.281 Y168.475 E1062.27311
G1 X158.329 Y168.074 E1062.28715
G1 X158.49 Y167.675 E1062.3021
G1 X158.694 Y167.379 E1062.3146
G1 X159.014 Y167.088 E1062.32963
G1 X159.392 Y166.887 E1062.34451
G1 X159.798 Y166.788 E1062.35903
G1 X160.205 Y166.789 E1062.37318
G1 X160.586 Y166.882 E1062.38681
G1 X160.967 Y167.076 E1062.40167
G1 X161.28 Y167.348 E1062.41608
G1 X161.525 Y167.7 E1062.43099
G1 X161.667 Y168.076 E1062.44496
G1 X161.72 Y168.487 E1062.45936
G1 X161.675 Y168.883 E1062.47321
G1 X161.522 Y169.302 E1062.48872
G1 X161.306 Y169.617 E1062.50199
G1 X160.955 Y169.927 E1062.51827
G1 X160.586 Y170.114 E1062.53265
G1 F2400 E1062.03265
G1 F600 Z1.9
G0 F15000 X151.22 Y172.546 Z1.9
G1 F600 Z1.5
G1 F2400 E1062.53265
G1 F9000 X151.176 Y172.633 E1062.53604
G1 X151.038 Y172.717 E1062.54165
G1 X140.915 Y172.72 E1062.8935
G1 X140.78 Y172.546 E1062.90115
G1 X140.782 Y166.966 E1063.09509
G1 X140.834 Y166.854 E1063.09939
G1 X140.959 Y166.783 E1063.10438
G1 X151.037 Y166.782 E1063.45466
G1 X151.145 Y166.833 E1063.45881
G1 X151.218 Y166.964 E1063.46402
G1 X151.22 Y172.546 E1063.65804
G1 F2400 E1063.15804
G1 F600 Z1.9
G0 F15000 X132.586 Y170.114 Z1.9
G1 F600 Z1.5
G1 F2400 E1063.65804
G1 F9000 X132.218 Y170.205 E1063.67121
G1 X131.762 Y170.202 E1063.68706
G1 X131.403 Y170.112 E1063.69993
G1 X131.044 Y169.927 E1063.71396
G1 X130.694 Y169.617 E1063.73021
G1 X130.466 Y169.276 E1063.74447
G1 X130.323 Y168.894 E1063.75865
G1 X130.281 Y168.525 E1063.77156
G1 X130.334 Y168.06 E1063.78782
G1 X130.49 Y167.675 E1063.80226
G1 X130.73 Y167.339 E1063.81661
G1 X131.044 Y167.069 E1063.83101
G1 X131.41 Y166.882 E1063.84529
G1 X131.762 Y166.794 E1063.8579
G1 X132.209 Y166.789 E1063.87344
G1 X132.611 Y166.89 E1063.88785
G1 X132.974 Y167.08 E1063.90209
G1 X133.287 Y167.356 E1063.91659
G1 X133.523 Y167.696 E1063.93098
G1 X133.667 Y168.074 E1063.94503
G1 X133.719 Y168.473 E1063.95902
G1 X133.673 Y168.894 E1063.97374
G1 X133.51 Y169.321 E1063.98963
G1 X133.306 Y169.617 E1064.00212
G1 X132.955 Y169.927 E1064.0184
G1 X132.586 Y170.114 E1064.03278
G1 F2400 E1063.53278
G1 F600 Z1.9
G0 F15000 X176.28 Y175.78 Z1.9
G1 F600 Z1.5
G1 F2400 E1064.03278
G1 F9000 X176.28 Y128.22 E1065.68581
G1 X127.72 Y128.22 E1067.3736
G1 X127.72 Y175.78 E1069.02664
G1 X176.28 Y175.78 E1070.71443
G0 F15000 X175.84 Y175.34
;TYPE:WALL-INNER
G1 F10500 X175.84 Y128.66 E1072.33688
G1 X128.16 Y128.66 E1073.99409
G1 X128.16 Y175.34 E1075.61654
G1 X175.84 Y175.34 E1077.27374
G0 F15000 X175.4 Y174.9
G1 F10500 X175.4 Y158.25 E1077.85244
G1 F8619.4 X175.305 Y157.761 E1077.87353
G1 F7321.7 X175.305 Y157.077 E1077.90763
G1 F7333.3 X175.306 Y156.393 E1077.94167
G1 F7345 X175.306 Y155.709 E1077.97565
G1 F7356.7 X175.306 Y155.025 E1078.00958
G1 X175.307 Y154.341 E1078.04352
G1 F7368.4 X175.307 Y153.657 E1078.07739
G1 F7380.2 X175.307 Y152.973 E1078.11122
G1 X175.308 Y152.289 E1078.14504
G1 F7392 X175.308 Y151.605 E1078.17881
G1 F7403.8 X175.308 Y150.921 E1078.21253
G1 F7415.7 X175.309 Y150.237 E1078.24619
G1 X175.309 Y149.553 E1078.27985
G1 F7427.7 X175.309 Y148.869 E1078.31346
G1 F7439.6 X175.31 Y148.185 E1078.34701
G1 F7451.6 X175.31 Y147.501 E1078.38051
G1 F8717 X175.4 Y146.75 E1078.41217
G1 F10500 X175.4 Y129.1 E1079.02563
G1 X151.75 Y129.1 E1079.84763
G1 F8717 X151 Y129.19 E1079.87926
G1 F7451.6 X150.359 Y129.19 E1079.91065
G1 F7439.6 X149.718 Y129.191 E1079.94209
G1 F7427.7 X149.077 Y129.191 E1079.97359
G1 F7415.7 X148.436 Y129.191 E1080.00513
G1 X147.795 Y129.192 E1080.03668
G1 F7403.8 X147.154 Y129.192 E1080.06828
G1 F7392 X146.513 Y129.193 E1080.09992
G1 F7380.2 X145.872 Y129.193 E1080.13162
G1 X145.231 Y129.193 E1080.16332
G1 F7368.4 X144.59 Y129.194 E1080.19506
G1 F7356.7 X143.949 Y129.194 E1080.22686
G1 F7345 X143.308 Y129.194 E1080.25871
G1 X142.667 Y129.195 E1080.29056
G1 F7333.3 X142.026 Y129.195 E1080.32246
G1 F7321.7 X141.385 Y129.196 E1080.35441
G1 F7310.1 X140.744 Y129.196 E1080.38641
G1 F8619.4 X140.25 Y129.1 E1080.40772
G1 F10500 X128.6 Y129.1 E1080.81264
G1 X128.601 Y134.206 E1080.9901
G1 F10312.5 X128.608 Y134.571 E1081.00302
G1 F8400 X128.703 Y134.972 E1081.02093
G1 F7287.1 X128.693 Y135.334 E1081.03906
G1 F7403.8 X128.693 Y135.668 E1081.05553
G1 F7241.4 X128.706 Y136.12 E1081.07832
G1 F7993.1 X128.631 Y136.425 E1081.09266
G1 F9788.1 X128.601 Y136.79 E1081.10631
G1 F10500 X128.601 Y167.206 E1082.16348
G1 F10312.5 X128.608 Y167.571 E1082.1764
G1 F8400 X128.703 Y167.972 E1082.1943
G1 F7287.1 X128.693 Y168.334 E1082.21244
G1 F7403.8 X128.693 Y168.668 E1082.2289
G1 F7241.4 X128.706 Y169.12 E1082.25169
G1 F7993.1 X128.631 Y169.425 E1082.26603
G1 F9788.1 X128.601 Y169.79 E1082.27968
G1 F10500 X128.6 Y174.9 E1082.45729
G1 X175.4 Y174.9 E1084.08391
G1 F2400 E1083.58391
G1 F600 Z1.9
G0 F15000 X170.487 Y168.061 Z1.9
G1 F600 Z1.5
G1 F2400 E1084.08391
G1 F10500 X170.05 Y168.386 E1084.10284
G1 X169.47 Y168.607 E1084.12441
G1 X169 Y168.66 E1084.14085
G1 X168.559 Y168.612 E1084.15627
G1 X168.067 Y168.446 E1084.17432
G1 X167.591 Y168.14 E1084.19399
G1 X167.242 Y167.757 E1084.21199
G1 X166.992 Y167.3 E1084.2301
G1 X166.852 Y166.755 E1084.24966
G1 X166.849 Y166.271 E1084.26648
G1 X166.968 Y165.759 E1084.28475
G1 X167.206 Y165.295 E1084.30288
G1 X167.559 Y164.888 E1084.3216
G1 X167.987 Y164.59 E1084.33973
G1 X168.462 Y164.404 E1084.35746
G1 X169 Y164.34 E1084.37629
G1 X169.595 Y164.424 E1084.39717
G1 X170.071 Y164.628 E1084.41517
G1 X170.487 Y164.939 E1084.43323
G1 X170.815 Y165.338 E1084.45118
G1 X171.041 Y165.803 E1084.46915
G1 X171.148 Y166.316 E1084.48736
G1 X171.139 Y166.794 E1084.50398
G1 X171.041 Y167.193 E1084.51826
G1 X170.817 Y167.659 E1084.53623
G1 X170.487 Y168.061 E1084.55431
G0 F15000 X170.817 Y168.352
G1 F10500 X170.617 Y168.53 E1084.56361
G1 X170.084 Y168.858 E1084.58536
G1 X169.546 Y169.04 E1084.6051
G1 X169 Y169.1 E1084.6242
G1 X168.506 Y169.049 E1084.64146
G1 X167.912 Y168.858 E1084.66314
G1 X167.316 Y168.483 E1084.68762
G1 X166.842 Y167.97 E1084.71189
G1 X166.562 Y167.411 E1084.73362
G1 X166.425 Y166.876 E1084.75282
G1 X166.41 Y166.241 E1084.7749
G1 X166.566 Y165.553 E1084.79942
G1 X166.873 Y165.001 E1084.82137
G1 X167.263 Y164.562 E1084.84178
G1 X167.779 Y164.203 E1084.86363
G1 X168.391 Y163.961 E1084.8865
G1 X169 Y163.9 E1084.90777
G1 X169.479 Y163.946 E1084.9245
G1 X169.755 Y164.014 E1084.93438
G1 X170.321 Y164.266 E1084.95591
G1 X170.817 Y164.648 E1084.97767
G1 X171.204 Y165.131 E1084.99918
G1 X171.468 Y165.697 E1085.02089
G1 X171.588 Y166.316 E1085.04281
G1 X171.573 Y166.87 E1085.06207
G1 X171.468 Y167.299 E1085.07742
G1 X171.207 Y167.864 E1085.09905
G1 X170.817 Y168.352 E1085.12076
G1 F2400 E1084.62076
G1 F600 Z1.9
G0 F15000 X162.16 Y168.463 Z1.9
G1 F600 Z1.5
G1 F2400 E1085.12076
G1 F10500 X162.095 Y169.023 E1085.14036
G1 X161.928 Y169.474 E1085.15707
G1 X161.561 Y169.987 E1085.179
G1 X161.159 Y170.317 E1085.19707
G1 X160.693 Y170.541 E1085.21504
G1 X160.294 Y170.639 E1085.22932
G1 X159.816 Y170.648 E1085.24594
G1 X159.303 Y170.541 E1085.26416
G1 X158.838 Y170.315 E1085.28212
G1 X158.375 Y169.934 E1085.30297
G1 X158.056 Y169.435 E1085.32355
G1 X157.889 Y168.97 E1085.34072
G1 X157.84 Y168.5 E1085.35715
G1 X157.909 Y167.944 E1085.37662
G1 X158.09 Y167.487 E1085.3937
G1 X158.387 Y167.06 E1085.41178
G1 X158.748 Y166.738 E1085.4286
G1 X159.249 Y166.471 E1085.44833
G1 X159.717 Y166.355 E1085.46509
G1 X160.216 Y166.348 E1085.48243
G1 X160.751 Y166.473 E1085.50153
G1 X161.238 Y166.727 E1085.52062
G1 X161.592 Y167.038 E1085.537
G1 X161.895 Y167.461 E1085.55508
G1 X162.088 Y167.948 E1085.57329
G1 X162.16 Y168.463 E1085.59136
G0 F15000 X162.609 Y168.516
G1 F10500 X162.521 Y169.134 E1085.61306
G1 X162.327 Y169.658 E1085.63248
G1 X162.03 Y170.117 E1085.65148
G1 X161.58 Y170.557 E1085.67335
G1 X161.364 Y170.706 E1085.68248
G1 X160.799 Y170.968 E1085.70412
G1 X160.37 Y171.072 E1085.71946
G1 X159.816 Y171.088 E1085.73873
G1 X159.549 Y171.056 E1085.74807
G1 X158.947 Y170.872 E1085.76995
G1 X158.42 Y170.557 E1085.79129
G1 X157.97 Y170.117 E1085.81317
G1 X157.646 Y169.595 E1085.83452
G1 X157.456 Y169.046 E1085.85471
G1 X157.4 Y168.5 E1085.87379
G1 X157.489 Y167.814 E1085.89783
G1 X157.702 Y167.279 E1085.91785
G1 X158.061 Y166.764 E1085.93967
G1 X158.482 Y166.387 E1085.95931
G1 X159.081 Y166.054 E1085.98313
G1 X159.727 Y165.911 E1086.00613
G1 X160.314 Y165.909 E1086.02653
G1 X160.896 Y166.057 E1086.0474
G1 X161.426 Y166.325 E1086.06804
G1 X161.904 Y166.728 E1086.08977
G1 X162.318 Y167.297 E1086.11423
G1 X162.528 Y167.89 E1086.1361
G1 X162.609 Y168.516 E1086.15803
G1 F2400 E1085.65803
G1 F600 Z1.9
G0 F15000 X151.659 Y166.953 Z1.9
G1 F600 Z1.5
G1 F2400 E1086.15803
G1 F10500 X151.66 Y172.633 E1086.35545
G1 X151.528 Y172.897 E1086.36571
G1 X151.311 Y173.083 E1086.37565
G1 X151.088 Y173.16 E1086.38385
G1 X141 Y173.16 E1086.73447
G1 X140.689 Y173.083 E1086.74561
G1 X140.472 Y172.897 E1086.75554
G1 X140.34 Y172.633 E1086.7658
G1 X140.341 Y166.96 E1086.96298
G1 X140.413 Y166.697 E1086.97245
G1 X140.601 Y166.473 E1086.98262
G1 X140.92 Y166.344 E1086.99458
G1 X151.036 Y166.34 E1087.34618
G1 X151.229 Y166.38 E1087.35303
G1 X151.497 Y166.564 E1087.36433
G1 X151.587 Y166.697 E1087.36991
G1 X151.659 Y166.953 E1087.37915
G0 F15000 X152.098 Y166.922
G1 F10500 X152.1 Y172.5 E1087.57303
G1 X152.057 Y172.809 E1087.58387
G1 X151.88 Y173.161 E1087.59756
G1 X151.518 Y173.471 E1087.61413
G1 X151.144 Y173.6 E1087.62788
G1 X141 Y173.6 E1087.98045
G1 X140.482 Y173.471 E1087.99901
G1 X140.12 Y173.161 E1088.01557
G1 X139.943 Y172.809 E1088.02927
G1 X139.9 Y172.5 E1088.04011
G1 X139.901 Y166.934 E1088.23357
G1 X140.021 Y166.496 E1088.24935
G1 X140.22 Y166.223 E1088.26109
G1 X140.481 Y166.029 E1088.2724
G1 X140.935 Y165.901 E1088.28879
G1 X151.06 Y165.901 E1088.6407
G1 X151.381 Y165.967 E1088.65209
G1 X151.539 Y166.04 E1088.65814
G1 X151.827 Y166.274 E1088.67104
G1 X151.979 Y166.496 E1088.68039
G1 X152.098 Y166.922 E1088.69576
G1 F2400 E1088.19576
G1 F600 Z1.9
G0 F15000 X167.418 Y157.813 Z1.9
G1 F600 Z1.5
G1 F2400 E1088.69576
G1 F10500 X167.341 Y157.546 E1088.70542
G1 X167.34 Y147.464 E1089.05584
G1 X167.432 Y147.162 E1089.06681
G1 X167.669 Y146.928 E1089.07839
G1 X167.936 Y146.843 E1089.08813
G1 X173.634 Y146.84 E1089.28617
G1 X173.896 Y146.972 E1089.29637
G1 X174.083 Y147.189 E1089.30633
G1 X174.16 Y147.5 E1089.31746
G1 X174.16 Y157.589 E1089.66812
G1 X174.083 Y157.811 E1089.67629
G1 X173.896 Y158.028 E1089.68625
G1 X173.634 Y158.16 E1089.69644
G1 X167.932 Y158.157 E1089.89463
G1 X167.669 Y158.072 E1089.90423
G1 X167.418 Y157.813 E1089.91677
G0 F15000 X167.004 Y157.968
G1 F10500 X166.902 Y157.576 E1089.93085
G1 X166.901 Y147.358 E1090.28599
G1 X166.989 Y147.065 E1090.29663
G1 X167.259 Y146.686 E1090.3128
G1 X167.56 Y146.491 E1090.32527
G1 X167.893 Y146.405 E1090.33722
G1 X173.5 Y146.4 E1090.5321
G1 X173.809 Y146.443 E1090.54295
G1 X174.16 Y146.62 E1090.55661
G1 X174.472 Y146.982 E1090.57322
G1 F8717 X174.69 Y147.5 E1090.59675
G1 F7451.6 X174.69 Y148.956 E1090.66806
G1 F7439.6 X174.69 Y150.412 E1090.73948
G1 F7427.7 X174.69 Y151.868 E1090.81102
G1 X174.69 Y153.324 E1090.88256
G1 F7415.7 X174.69 Y154.78 E1090.95421
G1 F7403.8 X174.69 Y156.236 E1091.02598
G1 F7392 X174.69 Y157.692 E1091.09786
G1 F8684.2 X174.472 Y158.018 E1091.11434
G1 F10500 X174.16 Y158.38 E1091.13095
G1 X173.809 Y158.557 E1091.14462
G1 X173.5 Y158.6 E1091.15546
G1 X167.887 Y158.595 E1091.35055
G1 X167.556 Y158.507 E1091.36245
G1 X167.175 Y158.229 E1091.37885
G1 X167.004 Y157.968 E1091.38969
G1 F2400 E1090.88969
G1 F600 Z1.9
G0 F15000 X169 Y140.66 Z1.9
G1 F600 Z1.5
G1 F2400 E1091.38969
G1 F10500 X168.528 Y140.607 E1091.4062
G1 X167.989 Y140.411 E1091.42613
G1 X167.559 Y140.112 E1091.44434
G1 X167.242 Y139.757 E1091.46088
G1 X166.996 Y139.308 E1091.47867
G1 X166.859 Y138.804 E1091.49683
G1 X166.849 Y138.278 E1091.51511
G1 X166.986 Y137.709 E1091.53545
G1 X167.231 Y137.257 E1091.55332
G1 X167.582 Y136.867 E1091.57156
G1 X167.972 Y136.599 E1091.58801
G1 X168.526 Y136.389 E1091.6086
G1 X169 Y136.34 E1091.62516
G1 X169.595 Y136.424 E1091.64605
G1 X169.971 Y136.571 E1091.66008
G1 X170.487 Y136.939 E1091.68211
G1 X170.815 Y137.338 E1091.70006
G1 X171.041 Y137.803 E1091.71803
G1 X171.148 Y138.316 E1091.73624
G1 X171.139 Y138.794 E1091.75286
G1 X171.041 Y139.193 E1091.76714
G1 X170.817 Y139.659 E1091.78511
G1 X170.487 Y140.061 E1091.80319
G1 X170.071 Y140.372 E1091.82124
G1 X169.47 Y140.607 E1091.84367
G1 X169 Y140.66 E1091.86011
G0 F15000 X169 Y141.1
G1 F10500 X168.393 Y141.034 E1091.88133
G1 X167.783 Y140.8 E1091.90404
G1 X167.263 Y140.438 E1091.92606
G1 X166.894 Y140.026 E1091.94528
G1 X166.596 Y139.491 E1091.96657
G1 X166.427 Y138.886 E1091.9884
G1 X166.407 Y138.171 E1092.01326
G1 X166.58 Y137.539 E1092.03604
G1 X166.846 Y137.033 E1092.05591
G1 X167.26 Y136.557 E1092.07783
G1 X167.753 Y136.217 E1092.09865
G1 X168.358 Y135.965 E1092.12143
G1 X169 Y135.9 E1092.14385
G1 X169.479 Y135.946 E1092.16058
G1 X170.154 Y136.171 E1092.18531
G1 X170.617 Y136.47 E1092.20447
G1 X170.817 Y136.648 E1092.21377
G1 X171.204 Y137.131 E1092.23528
G1 X171.468 Y137.697 E1092.25699
G1 X171.588 Y138.316 E1092.27891
G1 X171.573 Y138.87 E1092.29817
G1 X171.468 Y139.299 E1092.31352
G1 X171.207 Y139.864 E1092.33515
G1 X170.817 Y140.352 E1092.35686
G1 X170.321 Y140.734 E1092.37862
G1 X170.084 Y140.858 E1092.38792
G1 X169.546 Y141.04 E1092.40766
G1 X169 Y141.1 E1092.42675
G1 F2400 E1091.92675
G1 F600 Z1.9
G0 F15000 X161.932 Y136.464 Z1.9
G1 F600 Z1.5
G1 F2400 E1092.42675
G1 F10500 X161.604 Y136.946 E1092.44701
G1 X161.262 Y137.25 E1092.46292
G1 X160.75 Y137.524 E1092.4831
G1 X160.297 Y137.638 E1092.49934
G1 X159.767 Y137.647 E1092.51776
G1 X159.226 Y137.521 E1092.53707
G1 X158.75 Y137.259 E1092.55595
G1 X158.388 Y136.937 E1092.57279
G1 X158.09 Y136.509 E1092.59092
G1 X157.904 Y136.034 E1092.60865
G1 X157.84 Y135.5 E1092.62734
G1 X157.924 Y134.901 E1092.64837
G1 X158.128 Y134.425 E1092.66636
G1 X158.439 Y134.009 E1092.68442
G1 X158.838 Y133.681 E1092.70237
G1 X159.304 Y133.455 E1092.72037
G1 X159.702 Y133.357 E1092.73462
G1 X160.341 Y133.367 E1092.75683
G1 X160.839 Y133.511 E1092.77485
G1 X161.159 Y133.679 E1092.78741
G1 X161.561 Y134.009 E1092.80549
G1 X161.938 Y134.545 E1092.82826
G1 X162.085 Y134.939 E1092.84288
G1 X162.159 Y135.458 E1092.8611
G1 X162.094 Y136.03 E1092.88111
G1 X161.932 Y136.464 E1092.89721
G0 F15000 X162.313 Y136.698
G1 F10500 X161.959 Y137.217 E1092.91905
G1 X161.489 Y137.636 E1092.94093
G1 X160.91 Y137.944 E1092.96372
G1 X160.241 Y138.087 E1092.9875
G1 X159.669 Y138.086 E1093.00738
G1 X159.033 Y137.913 E1093.03029
G1 X158.524 Y137.646 E1093.05027
G1 X158.062 Y137.233 E1093.07181
G1 X157.703 Y136.718 E1093.09363
G1 X157.461 Y136.104 E1093.11657
G1 X157.4 Y135.5 E1093.13767
G1 X157.446 Y135.018 E1093.15449
G1 X157.514 Y134.741 E1093.16441
G1 X157.766 Y134.175 E1093.18594
G1 X158.148 Y133.679 E1093.2077
G1 X158.631 Y133.292 E1093.22921
G1 X159.197 Y133.028 E1093.25092
G1 X159.626 Y132.924 E1093.26626
G1 X160.18 Y132.908 E1093.28553
G1 X160.799 Y133.028 E1093.30744
G1 X161.364 Y133.29 E1093.32909
G1 X161.852 Y133.679 E1093.35078
G1 X162.03 Y133.879 E1093.36008
G1 X162.344 Y134.376 E1093.38052
G1 X162.53 Y134.899 E1093.39981
G1 X162.605 Y135.486 E1093.42038
G1 X162.538 Y136.091 E1093.44153
G1 X162.313 Y136.698 E1093.46403
G1 F2400 E1092.96403
G1 F600 Z1.9
G0 F15000 X151.657 Y136.568 Z1.9
G1 F600 Z1.5
G1 F2400 E1093.46403
G1 F10500 X151.605 Y136.766 E1093.47115
G1 X151.438 Y136.995 E1093.481
G1 X151.136 Y137.16 E1093.49296
G1 X140.961 Y137.159 E1093.84661
G1 X140.786 Y137.125 E1093.85281
G1 X140.511 Y136.944 E1093.86425
G1 X140.394 Y136.763 E1093.87174
G1 X140.34 Y136.59 E1093.87804
G1 X140.34 Y130.867 E1094.07696
G1 X140.472 Y130.604 E1094.08718
G1 X140.689 Y130.417 E1094.09714
G1 X140.915 Y130.34 E1094.10544
G1 X151 Y130.34 E1094.45596
G1 X151.311 Y130.417 E1094.4671
G1 X151.528 Y130.604 E1094.47705
G1 X151.66 Y130.867 E1094.48728
G1 X151.657 Y136.568 E1094.68543
G0 F15000 X152.095 Y136.612
G1 F10500 X152.008 Y136.943 E1094.69732
G1 X151.73 Y137.324 E1094.71372
G1 X151.461 Y137.5 E1094.72489
G1 X151.06 Y137.599 E1094.73925
G1 X140.935 Y137.599 E1095.09116
G1 X140.544 Y137.502 E1095.10516
G1 X140.27 Y137.324 E1095.11652
G1 X140.092 Y137.123 E1095.12585
G1 X139.942 Y136.805 E1095.13807
G1 X139.905 Y136.607 E1095.14507
G1 X139.9 Y131 E1095.33995
G1 X139.944 Y130.691 E1095.3508
G1 X140.12 Y130.34 E1095.36445
G1 X140.482 Y130.029 E1095.38104
G1 F8667.9 X140.811 Y129.81 E1095.39768
G1 F7380.2 X142.085 Y129.81 E1095.46067
G1 F7392 X143.359 Y129.81 E1095.52357
G1 F7403.8 X144.633 Y129.81 E1095.58637
G1 F7415.7 X145.907 Y129.81 E1095.64907
G1 X147.181 Y129.81 E1095.71176
G1 F7427.7 X148.455 Y129.81 E1095.77436
G1 F7439.6 X149.729 Y129.81 E1095.83686
G1 F7451.6 X151.003 Y129.81 E1095.89925
G1 F8717 X151.518 Y130.029 E1095.92268
G1 F10500 X151.88 Y130.34 E1095.93927
G1 X152.056 Y130.691 E1095.95291
G1 X152.1 Y131 E1095.96376
G1 X152.095 Y136.612 E1096.15882
G1 F2400 E1095.65882
G1 F600 Z1.9
G0 F15000 X134.16 Y135.5 Z1.9
G1 F600 Z1.5
G1 F2400 E1096.15882
G1 F10500 X134.107 Y135.97 E1096.17526
G1 X133.911 Y136.506 E1096.19509
G1 X133.612 Y136.937 E1096.21333
G1 X133.249 Y137.26 E1096.23021
G1 X132.774 Y137.515 E1096.24895
G1 X132.267 Y137.643 E1096.26713
G1 X131.816 Y137.648 E1096.2828
G1 X131.303 Y137.541 E1096.30102
G1 X130.838 Y137.315 E1096.31899
G1 X130.375 Y136.934 E1096.33983
G1 X130.056 Y136.435 E1096.36041
G1 X129.889 Y135.97 E1096.37758
G1 X129.843 Y135.574 E1096.39144
G1 X129.89 Y134.981 E1096.41212
G1 X130.128 Y134.425 E1096.43314
G1 X130.439 Y134.009 E1096.45119
G1 X130.838 Y133.681 E1096.46914
G1 X131.282 Y133.461 E1096.48636
G1 X131.702 Y133.357 E1096.5014
G1 X132.341 Y133.367 E1096.52362
G1 X132.839 Y133.511 E1096.54163
G1 X133.159 Y133.679 E1096.5542
G1 X133.561 Y134.009 E1096.57227
G1 X133.92 Y134.489 E1096.59311
G1 X134.112 Y135.059 E1096.61401
G1 X134.16 Y135.5 E1096.62943
G0 F15000 X134.6 Y135.5
G1 F10500 X134.533 Y136.108 E1096.65069
G1 X134.3 Y136.713 E1096.67322
G1 X133.937 Y137.233 E1096.69526
G1 X133.473 Y137.649 E1096.71692
G1 X132.935 Y137.924 E1096.73792
G1 X132.324 Y138.079 E1096.75983
G1 X131.663 Y138.091 E1096.78281
G1 X130.947 Y137.872 E1096.80884
G1 X130.42 Y137.557 E1096.83018
G1 X129.97 Y137.117 E1096.85205
G1 X129.646 Y136.595 E1096.8734
G1 F9788.1 X129.485 Y136.265 E1096.88709
G1 F7993.1 X129.352 Y136.064 E1096.8981
G1 F7241.4 X129.315 Y135.634 E1096.91985
G1 F7403.8 X129.315 Y135.368 E1096.93296
G1 F7287.1 X129.345 Y135.007 E1096.9511
G1 F8400 X129.506 Y134.739 E1096.96469
G1 F10312.5 X129.646 Y134.401 E1096.97763
G1 F10500 X129.97 Y133.879 E1096.99899
G1 X130.148 Y133.679 E1097.00829
G1 X130.631 Y133.292 E1097.0298
G1 X131.161 Y133.038 E1097.05023
G1 X131.626 Y132.924 E1097.06687
G1 X132.18 Y132.908 E1097.08613
G1 X132.799 Y133.028 E1097.10805
G1 X133.364 Y133.29 E1097.1297
G1 X133.852 Y133.679 E1097.15139
G1 X134.234 Y134.175 E1097.17315
G1 X134.486 Y134.752 E1097.19503
G1 X134.6 Y135.5 E1097.22133
G1 F2400 E1096.72133
G1 F600 Z1.9
G0 F15000 X132.267 Y166.353 Z1.9
G1 F600 Z1.5
G1 F2400 E1097.22133
G1 F10500 X132.769 Y166.479 E1097.23932
G1 X133.25 Y166.737 E1097.25829
G1 X133.613 Y167.06 E1097.27518
G1 X133.911 Y167.49 E1097.29336
G1 X134.087 Y167.944 E1097.31028
G1 X134.16 Y168.5 E1097.32978
G1 X134.107 Y168.97 E1097.34621
G1 X133.946 Y169.429 E1097.36312
G1 X133.625 Y169.934 E1097.38392
G1 X133.159 Y170.317 E1097.40488
G1 X132.693 Y170.541 E1097.42286
G1 X132.294 Y170.639 E1097.43714
G1 X131.816 Y170.648 E1097.45375
G1 X131.282 Y170.535 E1097.47272
G1 X130.838 Y170.315 E1097.48995
G1 X130.375 Y169.934 E1097.51079
G1 X130.056 Y169.435 E1097.53137
G1 X129.889 Y168.97 E1097.54854
G1 X129.843 Y168.574 E1097.5624
G1 X129.89 Y167.981 E1097.58308
G1 X130.128 Y167.425 E1097.6041
G1 X130.439 Y167.009 E1097.62215
G1 X130.838 Y166.681 E1097.6401
G1 X131.303 Y166.455 E1097.65807
G1 X131.816 Y166.348 E1097.67628
G1 X132.267 Y166.353 E1097.69196
G0 F15000 X132.324 Y165.917
G1 F10500 X132.926 Y166.068 E1097.71353
G1 X133.472 Y166.347 E1097.73484
G1 X133.939 Y166.764 E1097.7566
G1 X134.3 Y167.284 E1097.77861
G1 X134.507 Y167.814 E1097.79838
G1 X134.6 Y168.5 E1097.82244
G1 X134.54 Y169.046 E1097.84154
G1 X134.358 Y169.584 E1097.86128
G1 X134.03 Y170.117 E1097.88303
G1 X133.58 Y170.557 E1097.9049
G1 X133.364 Y170.706 E1097.91402
G1 X132.799 Y170.968 E1097.93567
G1 X132.37 Y171.072 E1097.95101
G1 X131.816 Y171.088 E1097.97028
G1 X131.161 Y170.958 E1097.99349
G1 X130.631 Y170.704 E1098.01391
G1 X130.148 Y170.317 E1098.03542
G1 X129.97 Y170.117 E1098.04473
G1 X129.646 Y169.595 E1098.06608
G1 F9788.1 X129.485 Y169.265 E1098.07977
G1 F7993.1 X129.352 Y169.064 E1098.09078
G1 F7241.4 X129.315 Y168.634 E1098.11253
G1 F7403.8 X129.315 Y168.368 E1098.12564
G1 F7287.1 X129.345 Y168.007 E1098.14378
G1 F8400 X129.506 Y167.739 E1098.15737
G1 F10312.5 X129.646 Y167.401 E1098.17031
G1 F10500 X129.97 Y166.879 E1098.19167
G1 X130.148 Y166.679 E1098.20097
G1 X130.631 Y166.292 E1098.22248
G1 X131.197 Y166.028 E1098.24419
G1 X131.816 Y165.908 E1098.26611
G1 X132.324 Y165.917 E1098.28376
G1 F2400 E1097.78376
G1 F600 Z1.9
G0 F15000 X142.513 Y173.93 Z1.9
;TYPE:FILL
G1 F600 Z1.5
G1 F2400 E1098.28376
G1 F15000 X141.873 Y174.57 E1098.31522
G1 X141.387 Y174.57 E1098.33212
G1 X140.668 Y173.851 E1098.36746
G1 X140.988 Y173.93 E1098.37891
G1 X144.895 Y173.931 E1098.51471
G1 X145.535 Y174.57 E1098.54614
G1 X146.021 Y174.57 E1098.56303
G1 X146.661 Y173.93 E1098.59449
G1 X149.043 Y173.931 E1098.67728
G1 X149.682 Y174.57 E1098.70869
G1 X150.169 Y174.57 E1098.72562
G1 X150.809 Y173.93 E1098.75708
G1 X151.191 Y173.93 E1098.77035
G1 X151.676 Y173.762 E1098.78819
G1 X152.145 Y173.361 E1098.80964
G1 X152.304 Y173.043 E1098.822
G1 X153.83 Y174.57 E1098.89703
G1 X154.317 Y174.57 E1098.91396
G1 X158.142 Y170.745 E1099.10197
G1 X158.609 Y171.053 E1099.12141
G1 X162.126 Y174.57 E1099.29429
G1 X162.613 Y174.57 E1099.31121
G1 X167.963 Y169.219 E1099.57421
G1 X167.787 Y169.165 E1099.58061
G1 X167.11 Y168.742 E1099.60835
G1 X166.63 Y168.225 E1099.63287
G1 X166.249 Y167.543 E1099.66003
G1 X166.106 Y166.929 E1099.68194
G1 X158.465 Y174.57 E1100.05752
G1 X157.978 Y174.57 E1100.07445
G1 X152.427 Y169.019 E1100.3473
G1 X152.43 Y172.309 E1100.46165
G1 X157.273 Y167.466 E1100.6997
G1 X157.136 Y167.808 E1100.7125
G1 X157.07 Y168.505 E1100.73684
G1 X157.131 Y169.105 E1100.7578
G1 X157.341 Y169.72 E1100.78039
G1 X157.444 Y169.887 E1100.78721
G1 X128.931 Y141.375 E1102.1887
G1 X128.931 Y137.737 E1102.31514
G1 X129.554 Y137.114 E1102.34577
G1 X129.163 Y136.424 E1102.37333
G1 X129.06 Y136.313 E1102.3786
G1 X128.989 Y136.459 E1102.38424
G1 X128.931 Y136.8 E1102.39626
G1 X128.931 Y137.227 E1102.4111
G1 X158.043 Y166.338 E1103.84204
G1 X158.283 Y166.123 E1103.85324
G1 X158.921 Y165.763 E1103.8787
G1 X158.994 Y165.745 E1103.88131
G1 X166.685 Y158.054 E1104.25935
G1 X166.573 Y157.605 E1104.27543
G1 X166.572 Y154.129 E1104.39625
G1 X150.373 Y137.929 E1105.19251
G1 X149.48 Y137.928 E1105.22355
G1 X128.931 Y158.477 E1106.23361
G1 X128.931 Y162.114 E1106.36002
G1 X132.418 Y165.602 E1106.53144
G1 X132.997 Y165.736 E1106.5521
G1 X133.739 Y166.113 E1106.58103
G1 X170.422 Y129.43 E1108.38413
G1 X170.909 Y129.43 E1108.40105
G1 X175.07 Y133.591 E1108.60558
G1 X175.07 Y137.225 E1108.73189
G1 X146.723 Y165.572 E1110.12525
G1 X144.832 Y165.571 E1110.19097
G1 X128.931 Y149.67 E1110.97256
G1 X128.931 Y146.033 E1111.09897
G1 X139.579 Y135.564 E1111.61798
G1 X139.575 Y135.427 E1111.62274
G1 X133.578 Y129.43 E1111.91752
G1 X133.09 Y129.43 E1111.93448
G1 X128.931 Y133.589 E1112.13891
G1 X128.931 Y134.515 E1112.17109
G1 X129.051 Y134.77 E1112.18089
G1 X129.203 Y134.592 E1112.18902
G1 X129.49 Y133.993 E1112.21211
G1 X129.646 Y133.794 E1112.2209
G1 X128.93 Y133.078 E1112.25609
G1 X128.93 Y129.442 E1112.38247
G1 X129.43 Y129.43 E1112.39985
G1 X132.662 Y132.662 E1112.55872
G1 X133.193 Y132.827 E1112.57804
G1 X133.599 Y133.07 E1112.59449
G1 X137.238 Y129.43 E1112.77338
G1 X137.726 Y129.43 E1112.79034
G1 X139.565 Y131.105 E1112.8768
G1 X139.57 Y131.246 E1112.8817
G1 X134.885 Y135.931 E1113.11199
G1 X134.931 Y135.5 E1113.12705
G1 X134.867 Y134.867 E1113.14917
G1 X166.097 Y166.097 E1114.68423
G1 X166.258 Y165.427 E1114.70818
G1 X166.606 Y164.807 E1114.7329
G1 X167.077 Y164.275 E1114.75759
G1 X167.627 Y163.909 E1114.78055
G1 X167.934 Y163.786 E1114.79205
G1 X142.076 Y137.928 E1116.06306
G1 X141.184 Y137.928 E1116.09407
G1 X128.931 Y150.181 E1116.69634
G1 X128.931 Y153.818 E1116.82276
G1 X140.716 Y165.603 E1117.40203
G1 X140.915 Y165.572 E1117.40903
G1 X142.575 Y165.572 E1117.46673
G1 X167.284 Y140.863 E1118.68126
G1 X167.629 Y141.093 E1118.69567
G1 X168.321 Y141.359 E1118.72144
G1 X169 Y141.431 E1118.74517
G1 X169.607 Y141.365 E1118.7664
G1 X170.202 Y141.167 E1118.78819
G1 X175.07 Y146.035 E1119.02747
G1 X175.07 Y146.737 E1119.05187
G1 X174.96 Y147.194 E1119.06821
G1 X174.756 Y146.815 E1119.08317
G1 X174.361 Y146.355 E1119.10424
G1 X174.277 Y146.314 E1119.10749
G1 X175.07 Y145.521 E1119.14647
G1 X175.07 Y141.887 E1119.27278
G1 X171.905 Y138.722 E1119.42835
G1 X171.919 Y138.306 E1119.44281
G1 X171.787 Y137.611 E1119.4674
G1 X171.492 Y136.968 E1119.49199
G1 X171.354 Y136.793 E1119.49974
G1 X175.07 Y133.077 E1119.68239
G1 X175.07 Y129.443 E1119.8087
G1 X174.57 Y129.43 E1119.82608
G1 X168.746 Y135.253 E1120.11233
G1 X168.746 Y135.594 E1120.12418
G1 X168.436 Y135.625 E1120.13501
G1 X168.436 Y135.253 E1120.14794
G1 X162.613 Y129.43 E1120.43416
G1 X162.126 Y129.43 E1120.45109
G1 X158.622 Y132.934 E1120.62332
G1 X158.468 Y133.004 E1120.6292
G1 X158.147 Y133.259 E1120.64345
G1 X154.318 Y129.43 E1120.83166
G1 X153.83 Y129.43 E1120.84862
G1 X152.411 Y130.849 E1120.91837
G1 X152.43 Y130.992 E1120.92338
G1 X152.43 Y131.691 E1120.94768
G1 X157.279 Y136.539 E1121.186
G1 X157.138 Y136.183 E1121.19931
G1 X157.07 Y135.505 E1121.22299
G1 X157.119 Y134.973 E1121.24156
G1 X157.205 Y134.624 E1121.25405
G1 X157.428 Y134.128 E1121.27295
G1 X128.931 Y162.625 E1122.67368
G1 X128.931 Y166.262 E1122.80009
G1 X129.565 Y166.896 E1122.83126
G1 X129.49 Y166.993 E1122.83552
G1 X129.203 Y167.592 E1122.8586
G1 X129.051 Y167.77 E1122.86674
G1 X128.931 Y167.515 E1122.87654
G1 X128.931 Y166.773 E1122.90232
G1 X158.045 Y137.659 E1124.33338
G1 X158.286 Y137.875 E1124.34463
G1 X158.925 Y138.236 E1124.37014
G1 X158.994 Y138.254 E1124.37262
G1 X167.119 Y146.38 E1124.77202
G1 X166.842 Y146.658 E1124.78566
G1 X166.654 Y147.013 E1124.79962
G1 X166.571 Y147.419 E1124.81402
G1 X166.571 Y149.872 E1124.89928
G1 X150.871 Y165.572 E1125.67099
G1 X148.98 Y165.571 E1125.73672
G1 X128.931 Y145.523 E1126.72217
G1 X128.931 Y141.885 E1126.84862
G1 X132.423 Y138.393 E1127.02026
G1 X133 Y138.259 E1127.04085
G1 X133.736 Y137.884 E1127.06956
G1 X170.422 Y174.57 E1128.87281
G1 X170.908 Y174.57 E1128.8897
G1 X175.07 Y170.408 E1129.09428
G1 X175.07 Y166.775 E1129.22055
G1 X146.225 Y137.929 E1130.63841
G1 X145.332 Y137.928 E1130.66945
G1 X128.931 Y154.329 E1131.47562
G1 X128.931 Y157.966 E1131.60203
G1 X139.566 Y168.436 E1132.12074
G1 X139.571 Y168.576 E1132.12561
G1 X133.577 Y174.57 E1132.42023
G1 X133.091 Y174.57 E1132.43712
G1 X128.93 Y170.409 E1132.64165
G1 X128.931 Y169.8 E1132.66282
G1 X128.989 Y169.459 E1132.67484
G1 X129.06 Y169.312 E1132.68051
G1 X129.163 Y169.423 E1132.68578
G1 X129.493 Y170.005 E1132.70903
G1 X129.647 Y170.204 E1132.71778
G1 X128.931 Y170.92 E1132.75297
G1 X128.93 Y174.557 E1132.87938
G1 X129.43 Y174.57 E1132.89677
G1 X132.659 Y171.34 E1133.05551
G1 X132.889 Y171.285 E1133.06373
G1 X133.62 Y170.951 E1133.09166
G1 X137.239 Y174.57 E1133.26955
G1 X137.725 Y174.57 E1133.28644
G1 X139.626 Y172.894 E1133.37453
G1 X139.611 Y172.794 E1133.37804
G1 X134.887 Y168.07 E1133.61024
G1 X134.931 Y168.499 E1133.62523
G1 X134.862 Y169.137 E1133.64753
G1 X166.156 Y137.843 E1135.18575
G1 X166.249 Y137.46 E1135.19945
G1 X166.334 Y137.299 E1135.20577
G1 X158.465 Y129.43 E1135.59256
G1 X157.978 Y129.43 E1135.60949
G1 X152.431 Y134.977 E1135.88214
G1 X152.43 Y135.839 E1135.91211
G1 X166.572 Y149.98 E1136.60721
G1 X166.572 Y154.019 E1136.74759
G1 X152.427 Y168.163 E1137.44285
G1 X152.427 Y166.896 E1137.48688
G1 X152.375 Y166.6 E1137.49733
G1 X152.272 Y166.344 E1137.50692
G1 X152.075 Y166.054 E1137.51911
G1 X151.66 Y165.729 E1137.53743
G1 X151.404 Y165.627 E1137.547
G1 X151.083 Y165.571 E1137.55833
G1 X150.975 Y165.553
G1 F2400 E1137.05833
G1 F600 Z1.9
G0 F15000 X160.342 Y165.576 Z1.9
G1 F600 Z1.5
G1 F2400 E1137.55833
G1 F15000 X161.012 Y165.748 E1137.58237
G1 X161.6 Y166.043 E1137.60524
G1 X162.14 Y166.496 E1137.62973
G1 X162.556 Y167.067 E1137.65429
G1 X162.827 Y167.727 E1137.67909
G1 X162.943 Y168.517 E1137.70684
G1 X162.841 Y169.216 E1137.73139
G1 X162.626 Y169.801 E1137.75305
G1 X162.297 Y170.312 E1137.77418
G1 X162.157 Y170.452 E1137.78106
G1 X166.274 Y174.57 E1137.98345
G1 X166.761 Y174.57 E1138.00038
G1 X175.07 Y166.26 E1138.40882
G1 X175.07 Y162.627 E1138.53509
G1 X171.374 Y158.93 E1138.71679
G1 X169.957 Y158.93 E1138.76604
G1 X162.246 Y166.64 E1139.14503
G1 X162.169 Y166.717
G1 F2400 E1138.64503
G1 F600 Z1.9
G0 F15000 X168.995 Y163.57 Z1.9
G1 F600 Z1.5
G1 F2400 E1139.14503
G1 F15000 X169.424 Y163.61 E1139.16001
G1 X174.983 Y158.051 E1139.43326
G1 X174.952 Y157.969 E1139.4363
G1 X174.769 Y158.177 E1139.44593
G1 X175.07 Y158.479 E1139.46075
G1 X175.07 Y162.112 E1139.58702
G1 X171.719 Y165.463 E1139.75174
G1 X171.787 Y165.611 E1139.7574
G1 X171.919 Y166.306 E1139.78199
G1 X171.898 Y166.923 E1139.80344
G1 X171.785 Y167.389 E1139.82011
G1 X171.496 Y168.025 E1139.84439
G1 X171.061 Y168.577 E1139.86882
G1 X170.46 Y169.037 E1139.89512
G1 X170.205 Y169.166 E1139.90505
G1 X169.607 Y169.365 E1139.92696
G1 X169.389 Y169.389 E1139.93458
G1 X174.57 Y174.57 E1140.18925
G1 X175.07 Y174.556 E1140.20663
G1 X175.07 Y170.923 E1140.3329
G1 X171.707 Y167.559 E1140.49823
G1 X171.63 Y167.482
G1 F2400 E1139.99823
G1 F600 Z1.9
G0 F15000 X162.157 Y133.546 Z1.9
G1 F600 Z1.5
G1 F2400 E1140.49823
G1 F15000 X166.274 Y129.43 E1140.70057
G1 X166.761 Y129.43 E1140.7175
G1 X175.07 Y137.739 E1141.12592
G1 X175.07 Y141.373 E1141.25222
G1 X170.82 Y145.623 E1141.46113
G1 X170.82 Y146.072 E1141.47673
G1 X170.51 Y146.073 E1141.48751
G1 X170.51 Y145.623 E1141.50315
G1 X162.254 Y137.367 E1141.90896
G1 X162.61 Y136.846 E1141.93089
G1 X162.858 Y136.178 E1141.95566
G1 X162.93 Y135.541 E1141.97794
G1 X162.861 Y134.818 E1142.00318
G1 X162.646 Y134.241 E1142.02458
G1 X162.298 Y133.685 E1142.04738
G1 X161.794 Y133.186 E1142.07203
G1 X161.193 Y132.827 E1142.09636
G1 X160.522 Y132.619 E1142.12078
G1 X160.187 Y132.578 E1142.13251
G1 X160.078 Y132.565
G1 F2400 E1141.63251
G1 F600 Z1.9
;MESH:NONMESH
G0 F15000 X132.613 Y137.105 Z1.9
;TIME_ELAPSED:501.771850
;LAYER:7
;MESH:case_VL53L8+RP2040-up.stl
G0 X132.613 Y137.105 Z2.1
;TYPE:WALL-OUTER
G1 F600 Z1.7
G1 F2400 E1142.13251
G1 F9000 X132.209 Y137.207 E1142.14699
G1 X131.762 Y137.202 E1142.16253
G1 X131.36 Y137.095 E1142.17699
G1 X131.044 Y136.927 E1142.18943
G1 X130.694 Y136.617 E1142.20568
G1 X130.466 Y136.276 E1142.21994
G1 X130.323 Y135.894 E1142.23411
G1 X130.281 Y135.525 E1142.24702
G1 X130.334 Y135.06 E1142.26329
G1 X130.49 Y134.675 E1142.27773
G1 X130.73 Y134.339 E1142.29208
G1 X131.044 Y134.069 E1142.30647
G1 X131.41 Y133.882 E1142.32076
G1 X131.778 Y133.791 E1142.33393
G1 X132.234 Y133.794 E1142.34978
G1 X132.635 Y133.901 E1142.36421
G1 X132.998 Y134.099 E1142.37858
G1 X133.306 Y134.379 E1142.39305
G1 X133.51 Y134.675 E1142.40554
G1 X133.675 Y135.113 E1142.42181
G1 X133.719 Y135.528 E1142.43631
G1 X133.669 Y135.915 E1142.44988
G1 X133.523 Y136.3 E1142.46419
G1 X133.287 Y136.641 E1142.4786
G1 X132.985 Y136.908 E1142.49261
G1 X132.613 Y137.105 E1142.50724
G1 F2400 E1142.00724
G1 F600 Z2.1
G0 F15000 X151.219 Y136.523 Z2.1
G1 F600 Z1.7
G1 F2400 E1142.50724
G1 F9000 X151.191 Y136.611 E1142.51045
G1 X151.036 Y136.718 E1142.517
G1 X140.973 Y136.719 E1142.86676
G1 X140.877 Y136.684 E1142.87031
G1 X140.783 Y136.542 E1142.87623
G1 X140.78 Y130.954 E1143.07045
G1 X140.824 Y130.868 E1143.0738
G1 X140.962 Y130.783 E1143.07944
G1 X151.085 Y130.78 E1143.43128
G1 X151.22 Y130.954 E1143.43894
G1 X151.219 Y136.523 E1143.6325
G1 F2400 E1143.1325
G1 F600 Z2.1
G0 F15000 X160.625 Y137.1 Z2.1
G1 F600 Z1.7
G1 F2400 E1143.6325
G1 F9000 X160.219 Y137.205 E1143.64707
G1 X159.799 Y137.208 E1143.66167
G1 X159.384 Y137.106 E1143.67652
G1 X159.026 Y136.916 E1143.69061
G1 X158.713 Y136.641 E1143.70509
G1 X158.478 Y136.301 E1143.71946
G1 X158.323 Y135.894 E1143.73459
G1 X158.281 Y135.525 E1143.7475
G1 X158.334 Y135.06 E1143.76377
G1 X158.49 Y134.675 E1143.77821
G1 X158.73 Y134.339 E1143.79256
G1 X159.044 Y134.069 E1143.80695
G1 X159.41 Y133.882 E1143.82124
G1 X159.778 Y133.791 E1143.83441
G1 X160.234 Y133.794 E1143.85026
G1 X160.635 Y133.901 E1143.86469
G1 X160.998 Y134.099 E1143.87906
G1 X161.306 Y134.379 E1143.89353
G1 X161.532 Y134.715 E1143.9076
G1 X161.666 Y135.073 E1143.92089
G1 X161.72 Y135.486 E1143.93536
G1 X161.669 Y135.914 E1143.95035
G1 X161.53 Y136.286 E1143.96415
G1 X161.284 Y136.644 E1143.97925
G1 X160.971 Y136.918 E1143.9937
G1 X160.625 Y137.1 E1144.00729
G1 F2400 E1143.50729
G1 F600 Z2.1
G0 F15000 X169.383 Y140.175 Z2.1
G1 F600 Z1.7
G1 F2400 E1144.00729
G1 F9000 X168.973 Y140.219 E1144.02162
G1 X168.582 Y140.169 E1144.03532
G1 X168.196 Y140.023 E1144.04967
G1 X167.855 Y139.787 E1144.06408
G1 X167.59 Y139.487 E1144.07799
G1 X167.388 Y139.107 E1144.09295
G1 X167.291 Y138.722 E1144.10675
G1 X167.294 Y138.262 E1144.12274
G1 X167.394 Y137.874 E1144.13667
G1 X167.586 Y137.517 E1144.15076
G1 X167.863 Y137.206 E1144.16523
G1 X168.19 Y136.981 E1144.17903
G1 X168.602 Y136.823 E1144.19436
G1 X169 Y136.78 E1144.20828
G1 X169.436 Y136.834 E1144.22355
G1 X169.788 Y136.971 E1144.23668
G1 X170.157 Y137.23 E1144.25234
G1 X170.427 Y137.544 E1144.26674
G1 X170.614 Y137.91 E1144.28102
G1 X170.702 Y138.262 E1144.29363
G1 X170.705 Y138.718 E1144.30948
G1 X170.595 Y139.135 E1144.32447
G1 X170.397 Y139.498 E1144.33884
G1 X170.117 Y139.806 E1144.35331
G1 X169.821 Y140.01 E1144.36581
G1 X169.383 Y140.175 E1144.38208
G1 F2400 E1143.88208
G1 F600 Z2.1
G0 F15000 X173.717 Y157.539 Z2.1
G1 F600 Z1.7
G1 F2400 E1144.38208
G1 F9000 X173.632 Y157.676 E1144.38768
G1 X173.546 Y157.72 E1144.39104
G1 X167.977 Y157.719 E1144.5846
G1 X167.889 Y157.691 E1144.58781
G1 X167.78 Y157.572 E1144.59342
G1 X167.783 Y147.461 E1144.94484
G1 X167.826 Y147.364 E1144.94853
G1 X167.978 Y147.281 E1144.95455
G1 X173.546 Y147.28 E1145.14808
G1 X173.72 Y147.415 E1145.15573
G1 X173.717 Y157.539 E1145.50761
G1 F2400 E1145.00761
G1 F600 Z2.1
G0 F15000 X169.383 Y168.175 Z2.1
G1 F600 Z1.7
G1 F2400 E1145.50761
G1 F9000 X168.973 Y168.219 E1145.52194
G1 X168.562 Y168.162 E1145.53636
G1 X168.175 Y168.01 E1145.55081
G1 X167.866 Y167.796 E1145.56388
G1 X167.59 Y167.487 E1145.57828
G1 X167.394 Y167.122 E1145.59268
G1 X167.289 Y166.705 E1145.60762
G1 X167.289 Y166.286 E1145.62219
G1 X167.386 Y165.895 E1145.63619
G1 X167.585 Y165.518 E1145.65101
G1 X167.855 Y165.213 E1145.66516
G1 X168.195 Y164.978 E1145.67953
G1 X168.602 Y164.823 E1145.69467
G1 X169 Y164.78 E1145.70858
G1 X169.436 Y164.834 E1145.72385
G1 X169.821 Y164.99 E1145.73829
G1 X170.157 Y165.23 E1145.75264
G1 X170.427 Y165.544 E1145.76703
G1 X170.614 Y165.91 E1145.78132
G1 X170.702 Y166.262 E1145.79393
G1 X170.705 Y166.718 E1145.80978
G1 X170.595 Y167.135 E1145.82477
G1 X170.397 Y167.498 E1145.83914
G1 X170.117 Y167.806 E1145.85361
G1 X169.814 Y168.014 E1145.86638
G1 X169.383 Y168.175 E1145.88237
G1 F2400 E1145.38237
G1 F600 Z2.1
G0 F15000 X160.586 Y170.114 Z2.1
G1 F600 Z1.7
G1 F2400 E1145.88237
G1 F9000 X160.218 Y170.205 E1145.89555
G1 X159.762 Y170.202 E1145.9114
G1 X159.36 Y170.095 E1145.92586
G1 X159.044 Y169.927 E1145.93829
G1 X158.694 Y169.617 E1145.95454
G1 X158.466 Y169.276 E1145.9688
G1 X158.323 Y168.894 E1145.98298
G1 X158.281 Y168.475 E1145.99761
G1 X158.329 Y168.074 E1146.01165
G1 X158.49 Y167.675 E1146.02661
G1 X158.694 Y167.379 E1146.0391
G1 X159.014 Y167.088 E1146.05413
G1 X159.392 Y166.887 E1146.06901
G1 X159.798 Y166.788 E1146.08354
G1 X160.205 Y166.789 E1146.09769
G1 X160.586 Y166.882 E1146.11132
G1 X160.967 Y167.076 E1146.12618
G1 X161.28 Y167.348 E1146.14059
G1 X161.525 Y167.7 E1146.1555
G1 X161.667 Y168.076 E1146.16946
G1 X161.72 Y168.487 E1146.18387
G1 X161.675 Y168.883 E1146.19772
G1 X161.522 Y169.302 E1146.21322
G1 X161.306 Y169.617 E1146.2265
G1 X160.955 Y169.927 E1146.24278
G1 X160.586 Y170.114 E1146.25715
G1 F2400 E1145.75715
G1 F600 Z2.1
G0 F15000 X151.22 Y172.546 Z2.1
G1 F600 Z1.7
G1 F2400 E1146.25715
G1 F9000 X151.176 Y172.633 E1146.26054
G1 X151.038 Y172.717 E1146.26616
G1 X140.915 Y172.72 E1146.618
G1 X140.78 Y172.546 E1146.62566
G1 X140.782 Y166.966 E1146.8196
G1 X140.834 Y166.854 E1146.82389
G1 X140.959 Y166.783 E1146.82889
G1 X151.037 Y166.782 E1147.17917
G1 X151.145 Y166.833 E1147.18332
G1 X151.218 Y166.964 E1147.18853
G1 X151.22 Y172.546 E1147.38254
G1 F2400 E1146.88254
G1 F600 Z2.1
G0 F15000 X132.586 Y170.114 Z2.1
G1 F600 Z1.7
G1 F2400 E1147.38254
G1 F9000 X132.218 Y170.205 E1147.39572
G1 X131.762 Y170.202 E1147.41157
G1 X131.403 Y170.112 E1147.42443
G1 X131.044 Y169.927 E1147.43847
G1 X130.694 Y169.617 E1147.45472
G1 X130.466 Y169.276 E1147.46898
G1 X130.323 Y168.894 E1147.48315
G1 X130.281 Y168.525 E1147.49606
G1 X130.334 Y168.06 E1147.51233
G1 X130.49 Y167.675 E1147.52677
G1 X130.73 Y167.339 E1147.54112
G1 X131.044 Y167.069 E1147.55551
G1 X131.41 Y166.882 E1147.5698
G1 X131.762 Y166.794 E1147.58241
G1 X132.209 Y166.789 E1147.59795
G1 X132.611 Y166.89 E1147.61235
G1 X132.974 Y167.08 E1147.62659
G1 X133.287 Y167.356 E1147.6411
G1 X133.523 Y167.696 E1147.65548
G1 X133.667 Y168.074 E1147.66954
G1 X133.719 Y168.473 E1147.68353
G1 X133.673 Y168.894 E1147.69825
G1 X133.51 Y169.321 E1147.71413
G1 X133.306 Y169.617 E1147.72663
G1 X132.955 Y169.927 E1147.7429
G1 X132.586 Y170.114 E1147.75728
G1 F2400 E1147.25728
G1 F600 Z2.1
G0 F15000 X176.28 Y175.78 Z2.1
G1 F600 Z1.7
G1 F2400 E1147.75728
G1 F9000 X176.28 Y128.22 E1149.41032
G1 X127.72 Y128.22 E1151.09811
G1 X127.72 Y175.78 E1152.75114
G1 X176.28 Y175.78 E1154.43894
G0 F15000 X175.84 Y175.34
;TYPE:WALL-INNER
G1 F10500 X175.84 Y128.66 E1156.06139
G1 X128.16 Y128.66 E1157.71859
G1 X128.16 Y175.34 E1159.34104
G1 X175.84 Y175.34 E1160.99825
G0 F15000 X175.4 Y174.9
G1 F10500 X175.4 Y158.25 E1161.57695
G1 F8619.4 X175.305 Y157.761 E1161.59804
G1 F7321.7 X175.305 Y157.077 E1161.63213
G1 F7333.3 X175.306 Y156.393 E1161.66617
G1 F7345 X175.306 Y155.709 E1161.70016
G1 F7356.7 X175.306 Y155.025 E1161.73409
G1 X175.307 Y154.341 E1161.76802
G1 F7368.4 X175.307 Y153.657 E1161.8019
G1 F7380.2 X175.307 Y152.973 E1161.83572
G1 X175.308 Y152.289 E1161.86955
G1 F7392 X175.308 Y151.605 E1161.90332
G1 F7403.8 X175.308 Y150.921 E1161.93703
G1 F7415.7 X175.309 Y150.237 E1161.97069
G1 X175.309 Y149.553 E1162.00435
G1 F7427.7 X175.309 Y148.869 E1162.03796
G1 F7439.6 X175.31 Y148.185 E1162.07151
G1 F7451.6 X175.31 Y147.501 E1162.10501
G1 F8717 X175.4 Y146.75 E1162.13668
G1 F10500 X175.4 Y129.1 E1162.75014
G1 X151.75 Y129.1 E1163.57214
G1 F8717 X151 Y129.19 E1163.60376
G1 F7451.6 X150.359 Y129.19 E1163.63516
G1 F7439.6 X149.718 Y129.191 E1163.6666
G1 F7427.7 X149.077 Y129.191 E1163.69809
G1 F7415.7 X148.436 Y129.191 E1163.72964
G1 X147.795 Y129.192 E1163.76118
G1 F7403.8 X147.154 Y129.192 E1163.79278
G1 F7392 X146.513 Y129.193 E1163.82443
G1 F7380.2 X145.872 Y129.193 E1163.85612
G1 X145.231 Y129.193 E1163.88782
G1 F7368.4 X144.59 Y129.194 E1163.91957
G1 F7356.7 X143.949 Y129.194 E1163.95137
G1 F7345 X143.308 Y129.194 E1163.98322
G1 X142.667 Y129.195 E1164.01507
G1 F7333.3 X142.026 Y129.195 E1164.04697
G1 F7321.7 X141.385 Y129.196 E1164.07892
G1 F7310.1 X140.744 Y129.196 E1164.11092
G1 F8619.4 X140.25 Y129.1 E1164.13222
G1 F10500 X128.6 Y129.1 E1164.53714
G1 X128.601 Y134.206 E1164.71461
G1 F10312.5 X128.608 Y134.571 E1164.72753
G1 F8400 X128.703 Y134.972 E1164.74543
G1 F7287.1 X128.693 Y135.334 E1164.76357
G1 F7403.8 X128.693 Y135.668 E1164.78003
G1 F7241.4 X128.706 Y136.12 E1164.80282
G1 F7993.1 X128.631 Y136.425 E1164.81716
G1 F9788.1 X128.601 Y136.79 E1164.83082
G1 F10500 X128.601 Y167.206 E1165.88798
G1 F10312.5 X128.608 Y167.571 E1165.9009
G1 F8400 X128.703 Y167.972 E1165.9188
G1 F7287.1 X128.693 Y168.334 E1165.93694
G1 F7403.8 X128.693 Y168.668 E1165.9534
G1 F7241.4 X128.706 Y169.12 E1165.97619
G1 F7993.1 X128.631 Y169.425 E1165.99053
G1 F9788.1 X128.601 Y169.79 E1166.00419
G1 F10500 X128.6 Y174.9 E1166.1818
G1 X175.4 Y174.9 E1167.80842
G1 F2400 E1167.30842
G1 F600 Z2.1
G0 F15000 X170.487 Y168.061 Z2.1
G1 F600 Z1.7
G1 F2400 E1167.80842
G1 F10500 X170.05 Y168.386 E1167.82735
G1 X169.47 Y168.607 E1167.84892
G1 X169 Y168.66 E1167.86536
G1 X168.559 Y168.612 E1167.88078
G1 X168.067 Y168.446 E1167.89882
G1 X167.591 Y168.14 E1167.91849
G1 X167.242 Y167.757 E1167.9365
G1 X166.992 Y167.3 E1167.95461
G1 X166.852 Y166.755 E1167.97416
G1 X166.849 Y166.271 E1167.99099
G1 X166.968 Y165.759 E1168.00926
G1 X167.206 Y165.295 E1168.02738
G1 X167.559 Y164.888 E1168.04611
G1 X167.987 Y164.59 E1168.06423
G1 X168.462 Y164.404 E1168.08196
G1 X169 Y164.34 E1168.10079
G1 X169.595 Y164.424 E1168.12168
G1 X170.071 Y164.628 E1168.13968
G1 X170.487 Y164.939 E1168.15773
G1 X170.815 Y165.338 E1168.17568
G1 X171.041 Y165.803 E1168.19365
G1 X171.148 Y166.316 E1168.21187
G1 X171.139 Y166.794 E1168.22848
G1 X171.041 Y167.193 E1168.24276
G1 X170.817 Y167.659 E1168.26074
G1 X170.487 Y168.061 E1168.27881
G0 F15000 X170.817 Y168.352
G1 F10500 X170.617 Y168.53 E1168.28812
G1 X170.084 Y168.858 E1168.30987
G1 X169.546 Y169.04 E1168.32961
G1 X169 Y169.1 E1168.3487
G1 X168.506 Y169.049 E1168.36596
G1 X167.912 Y168.858 E1168.38765
G1 X167.316 Y168.483 E1168.41212
G1 X166.842 Y167.97 E1168.4364
G1 X166.562 Y167.411 E1168.45813
G1 X166.425 Y166.876 E1168.47733
G1 X166.41 Y166.241 E1168.4994
G1 X166.566 Y165.553 E1168.52392
G1 X166.873 Y165.001 E1168.54587
G1 X167.263 Y164.562 E1168.56628
G1 X167.779 Y164.203 E1168.58813
G1 X168.391 Y163.961 E1168.61101
G1 X169 Y163.9 E1168.63228
G1 X169.479 Y163.946 E1168.649
G1 X169.755 Y164.014 E1168.65888
G1 X170.321 Y164.266 E1168.68042
G1 X170.817 Y164.648 E1168.70218
G1 X171.204 Y165.131 E1168.72369
G1 X171.468 Y165.697 E1168.7454
G1 X171.588 Y166.316 E1168.76731
G1 X171.573 Y166.87 E1168.78657
G1 X171.468 Y167.299 E1168.80192
G1 X171.207 Y167.864 E1168.82356
G1 X170.817 Y168.352 E1168.84527
G1 F2400 E1168.34527
G1 F600 Z2.1
G0 F15000 X162.16 Y168.463 Z2.1
G1 F600 Z1.7
G1 F2400 E1168.84527
G1 F10500 X162.095 Y169.023 E1168.86486
G1 X161.928 Y169.474 E1168.88158
G1 X161.561 Y169.987 E1168.9035
G1 X161.159 Y170.317 E1168.92158
G1 X160.693 Y170.541 E1168.93955
G1 X160.294 Y170.639 E1168.95383
G1 X159.816 Y170.648 E1168.97045
G1 X159.303 Y170.541 E1168.98866
G1 X158.838 Y170.315 E1169.00663
G1 X158.375 Y169.934 E1169.02747
G1 X158.056 Y169.435 E1169.04806
G1 X157.889 Y168.97 E1169.06523
G1 X157.84 Y168.5 E1169.08165
G1 X157.909 Y167.944 E1169.10113
G1 X158.09 Y167.487 E1169.11821
G1 X158.387 Y167.06 E1169.13629
G1 X158.748 Y166.738 E1169.1531
G1 X159.249 Y166.471 E1169.17283
G1 X159.717 Y166.355 E1169.18959
G1 X160.216 Y166.348 E1169.20694
G1 X160.751 Y166.473 E1169.22603
G1 X161.238 Y166.727 E1169.24512
G1 X161.592 Y167.038 E1169.2615
G1 X161.895 Y167.461 E1169.27959
G1 X162.088 Y167.948 E1169.29779
G1 X162.16 Y168.463 E1169.31587
G0 F15000 X162.609 Y168.516
G1 F10500 X162.521 Y169.134 E1169.33756
G1 X162.327 Y169.658 E1169.35698
G1 X162.03 Y170.117 E1169.37599
G1 X161.58 Y170.557 E1169.39786
G1 X161.364 Y170.706 E1169.40698
G1 X160.799 Y170.968 E1169.42863
G1 X160.37 Y171.072 E1169.44397
G1 X159.816 Y171.088 E1169.46323
G1 X159.549 Y171.056 E1169.47258
G1 X158.947 Y170.872 E1169.49446
G1 X158.42 Y170.557 E1169.5158
G1 X157.97 Y170.117 E1169.53767
G1 X157.646 Y169.595 E1169.55903
G1 X157.456 Y169.046 E1169.57922
G1 X157.4 Y168.5 E1169.5983
G1 X157.489 Y167.814 E1169.62234
G1 X157.702 Y167.279 E1169.64235
G1 X158.061 Y166.764 E1169.66417
G1 X158.482 Y166.387 E1169.68381
G1 X159.081 Y166.054 E1169.70763
G1 X159.727 Y165.911 E1169.73063
G1 X160.314 Y165.909 E1169.75103
G1 X160.896 Y166.057 E1169.77191
G1 X161.426 Y166.325 E1169.79255
G1 X161.904 Y166.728 E1169.81428
G1 X162.318 Y167.297 E1169.83874
G1 X162.528 Y167.89 E1169.8606
G1 X162.609 Y168.516 E1169.88254
G1 F2400 E1169.38254
G1 F600 Z2.1
G0 F15000 X151.659 Y166.953 Z2.1
G1 F600 Z1.7
G1 F2400 E1169.88254
G1 F10500 X151.66 Y172.633 E1170.07996
G1 X151.528 Y172.897 E1170.09022
G1 X151.311 Y173.083 E1170.10015
G1 X151.088 Y173.16 E1170.10835
G1 X141 Y173.16 E1170.45898
G1 X140.689 Y173.083 E1170.47011
G1 X140.472 Y172.897 E1170.48005
G1 X140.34 Y172.633 E1170.49031
G1 X140.341 Y166.96 E1170.68748
G1 X140.413 Y166.697 E1170.69696
G1 X140.601 Y166.473 E1170.70712
G1 X140.92 Y166.344 E1170.71908
G1 X151.036 Y166.34 E1171.07068
G1 X151.229 Y166.38 E1171.07753
G1 X151.497 Y166.564 E1171.08883
G1 X151.587 Y166.697 E1171.09442
G1 X151.659 Y166.953 E1171.10366
G0 F15000 X152.098 Y166.922
G1 F10500 X152.1 Y172.5 E1171.29753
G1 X152.057 Y172.809 E1171.30838
G1 X151.88 Y173.161 E1171.32207
G1 X151.518 Y173.471 E1171.33863
G1 X151.144 Y173.6 E1171.35238
G1 X141 Y173.6 E1171.70496
G1 X140.482 Y173.471 E1171.72351
G1 X140.12 Y173.161 E1171.74008
G1 X139.943 Y172.809 E1171.75377
G1 X139.9 Y172.5 E1171.76461
G1 X139.901 Y166.934 E1171.95807
G1 X140.021 Y166.496 E1171.97386
G1 X140.22 Y166.223 E1171.9856
G1 X140.481 Y166.029 E1171.9969
G1 X140.935 Y165.901 E1172.0133
G1 X151.06 Y165.901 E1172.36521
G1 X151.381 Y165.967 E1172.3766
G1 X151.539 Y166.04 E1172.38265
G1 X151.827 Y166.274 E1172.39555
G1 X151.979 Y166.496 E1172.4049
G1 X152.098 Y166.922 E1172.42027
G1 F2400 E1171.92027
G1 F600 Z2.1
G0 F15000 X167.418 Y157.813 Z2.1
G1 F600 Z1.7
G1 F2400 E1172.42027
G1 F10500 X167.341 Y157.546 E1172.42993
G1 X167.34 Y147.464 E1172.78035
G1 X167.432 Y147.162 E1172.79132
G1 X167.669 Y146.928 E1172.8029
G1 X167.936 Y146.843 E1172.81263
G1 X173.634 Y146.84 E1173.01068
G1 X173.896 Y146.972 E1173.02088
G1 X174.083 Y147.189 E1173.03083
G1 X174.16 Y147.5 E1173.04197
G1 X174.16 Y157.589 E1173.39263
G1 X174.083 Y157.811 E1173.4008
G1 X173.896 Y158.028 E1173.41075
G1 X173.634 Y158.16 E1173.42095
G1 X167.932 Y158.157 E1173.61913
G1 X167.669 Y158.072 E1173.62874
G1 X167.418 Y157.813 E1173.64128
G0 F15000 X167.004 Y157.968
G1 F10500 X166.902 Y157.576 E1173.65535
G1 X166.901 Y147.358 E1174.0105
G1 X166.989 Y147.065 E1174.02113
G1 X167.259 Y146.686 E1174.03731
G1 X167.56 Y146.491 E1174.04977
G1 X167.893 Y146.405 E1174.06173
G1 X173.5 Y146.4 E1174.25661
G1 X173.809 Y146.443 E1174.26745
G1 X174.16 Y146.62 E1174.28111
G1 X174.472 Y146.982 E1174.29772
G1 F8717 X174.69 Y147.5 E1174.32125
G1 F7451.6 X174.69 Y148.956 E1174.39256
G1 F7439.6 X174.69 Y150.412 E1174.46398
G1 F7427.7 X174.69 Y151.868 E1174.53552
G1 X174.69 Y153.324 E1174.60706
G1 F7415.7 X174.69 Y154.78 E1174.67872
G1 F7403.8 X174.69 Y156.236 E1174.75048
G1 F7392 X174.69 Y157.692 E1174.82237
G1 F8684.2 X174.472 Y158.018 E1174.83885
G1 F10500 X174.16 Y158.38 E1174.85546
G1 X173.809 Y158.557 E1174.86912
G1 X173.5 Y158.6 E1174.87996
G1 X167.887 Y158.595 E1175.07505
G1 X167.556 Y158.507 E1175.08696
G1 X167.175 Y158.229 E1175.10335
G1 X167.004 Y157.968 E1175.1142
G1 F2400 E1174.6142
G1 F600 Z2.1
G0 F15000 X169 Y140.66 Z2.1
G1 F600 Z1.7
G1 F2400 E1175.1142
G1 F10500 X168.528 Y140.607 E1175.13071
G1 X167.989 Y140.411 E1175.15064
G1 X167.559 Y140.112 E1175.16884
G1 X167.242 Y139.757 E1175.18538
G1 X166.996 Y139.308 E1175.20318
G1 X166.859 Y138.804 E1175.22133
G1 X166.849 Y138.278 E1175.23962
G1 X166.986 Y137.709 E1175.25996
G1 X167.231 Y137.257 E1175.27783
G1 X167.582 Y136.867 E1175.29607
G1 X167.972 Y136.599 E1175.31251
G1 X168.526 Y136.389 E1175.33311
G1 X169 Y136.34 E1175.34967
G1 X169.595 Y136.424 E1175.37055
G1 X169.971 Y136.571 E1175.38458
G1 X170.487 Y136.939 E1175.40661
G1 X170.815 Y137.338 E1175.42457
G1 X171.041 Y137.803 E1175.44254
G1 X171.148 Y138.316 E1175.46075
G1 X171.139 Y138.794 E1175.47737
G1 X171.041 Y139.193 E1175.49165
G1 X170.817 Y139.659 E1175.50962
G1 X170.487 Y140.061 E1175.52769
G1 X170.071 Y140.372 E1175.54575
G1 X169.47 Y140.607 E1175.56818
G1 X169 Y140.66 E1175.58461
G0 F15000 X169 Y141.1
G1 F10500 X168.393 Y141.034 E1175.60584
G1 X167.783 Y140.8 E1175.62854
G1 X167.263 Y140.438 E1175.65057
G1 X166.894 Y140.026 E1175.66979
G1 X166.596 Y139.491 E1175.69107
G1 X166.427 Y138.886 E1175.71291
G1 X166.407 Y138.171 E1175.73777
G1 X166.58 Y137.539 E1175.76054
G1 X166.846 Y137.033 E1175.78041
G1 X167.26 Y136.557 E1175.80234
G1 X167.753 Y136.217 E1175.82315
G1 X168.358 Y135.965 E1175.84593
G1 X169 Y135.9 E1175.86836
G1 X169.479 Y135.946 E1175.88509
G1 X170.154 Y136.171 E1175.90982
G1 X170.617 Y136.47 E1175.92897
G1 X170.817 Y136.648 E1175.93828
G1 X171.204 Y137.131 E1175.95979
G1 X171.468 Y137.697 E1175.9815
G1 X171.588 Y138.316 E1176.00341
G1 X171.573 Y138.87 E1176.02267
G1 X171.468 Y139.299 E1176.03802
G1 X171.207 Y139.864 E1176.05966
G1 X170.817 Y140.352 E1176.08137
G1 X170.321 Y140.734 E1176.10313
G1 X170.084 Y140.858 E1176.11242
G1 X169.546 Y141.04 E1176.13216
G1 X169 Y141.1 E1176.15126
G1 F2400 E1175.65126
G1 F600 Z2.1
G0 F15000 X161.932 Y136.464 Z2.1
G1 F600 Z1.7
G1 F2400 E1176.15126
G1 F10500 X161.604 Y136.946 E1176.17152
G1 X161.262 Y137.25 E1176.18742
G1 X160.75 Y137.524 E1176.20761
G1 X160.297 Y137.638 E1176.22384
G1 X159.767 Y137.647 E1176.24227
G1 X159.226 Y137.521 E1176.26157
G1 X158.75 Y137.259 E1176.28046
G1 X158.388 Y136.937 E1176.2973
G1 X158.09 Y136.509 E1176.31542
G1 X157.904 Y136.034 E1176.33315
G1 X157.84 Y135.5 E1176.35185
G1 X157.924 Y134.901 E1176.37287
G1 X158.128 Y134.425 E1176.39087
G1 X158.439 Y134.009 E1176.40892
G1 X158.838 Y133.681 E1176.42688
G1 X159.304 Y133.455 E1176.44488
G1 X159.702 Y133.357 E1176.45912
G1 X160.341 Y133.367 E1176.48134
G1 X160.839 Y133.511 E1176.49935
G1 X161.159 Y133.679 E1176.51191
G1 X161.561 Y134.009 E1176.52999
G1 X161.938 Y134.545 E1176.55277
G1 X162.085 Y134.939 E1176.56738
G1 X162.159 Y135.458 E1176.58561
G1 X162.094 Y136.03 E1176.60561
G1 X161.932 Y136.464 E1176.62172
G0 F15000 X162.313 Y136.698
G1 F10500 X161.959 Y137.217 E1176.64355
G1 X161.489 Y137.636 E1176.66544
G1 X160.91 Y137.944 E1176.68823
G1 X160.241 Y138.087 E1176.71201
G1 X159.669 Y138.086 E1176.73189
G1 X159.033 Y137.913 E1176.7548
G1 X158.524 Y137.646 E1176.77477
G1 X158.062 Y137.233 E1176.79631
G1 X157.703 Y136.718 E1176.81813
G1 X157.461 Y136.104 E1176.84107
G1 X157.4 Y135.5 E1176.86217
G1 X157.446 Y135.018 E1176.879
G1 X157.514 Y134.741 E1176.88891
G1 X157.766 Y134.175 E1176.91045
G1 X158.148 Y133.679 E1176.93221
G1 X158.631 Y133.292 E1176.95372
G1 X159.197 Y133.028 E1176.97543
G1 X159.626 Y132.924 E1176.99077
G1 X160.18 Y132.908 E1177.01003
G1 X160.799 Y133.028 E1177.03195
G1 X161.364 Y133.29 E1177.05359
G1 X161.852 Y133.679 E1177.07528
G1 X162.03 Y133.879 E1177.08459
G1 X162.344 Y134.376 E1177.10502
G1 X162.53 Y134.899 E1177.12432
G1 X162.605 Y135.486 E1177.14488
G1 X162.538 Y136.091 E1177.16604
G1 X162.313 Y136.698 E1177.18854
G1 F2400 E1176.68854
G1 F600 Z2.1
G0 F15000 X151.657 Y136.568 Z2.1
G1 F600 Z1.7
G1 F2400 E1177.18854
G1 F10500 X151.605 Y136.766 E1177.19566
G1 X151.438 Y136.995 E1177.20551
G1 X151.136 Y137.16 E1177.21747
G1 X140.961 Y137.159 E1177.57112
G1 X140.786 Y137.125 E1177.57731
G1 X140.511 Y136.944 E1177.58876
G1 X140.394 Y136.763 E1177.59625
G1 X140.34 Y136.59 E1177.60255
G1 X140.34 Y130.867 E1177.80146
G1 X140.472 Y130.604 E1177.81169
G1 X140.689 Y130.417 E1177.82164
G1 X140.915 Y130.34 E1177.82994
G1 X151 Y130.34 E1178.18047
G1 X151.311 Y130.417 E1178.1916
G1 X151.528 Y130.604 E1178.20156
G1 X151.66 Y130.867 E1178.21179
G1 X151.657 Y136.568 E1178.40993
G0 F15000 X152.095 Y136.612
G1 F10500 X152.008 Y136.943 E1178.42183
G1 X151.73 Y137.324 E1178.43822
G1 X151.461 Y137.5 E1178.4494
G1 X151.06 Y137.599 E1178.46375
G1 X140.935 Y137.599 E1178.81566
G1 X140.544 Y137.502 E1178.82967
G1 X140.27 Y137.324 E1178.84102
G1 X140.092 Y137.123 E1178.85035
G1 X139.942 Y136.805 E1178.86258
G1 X139.905 Y136.607 E1178.86958
G1 X139.9 Y131 E1179.06446
G1 X139.944 Y130.691 E1179.07531
G1 X140.12 Y130.34 E1179.08895
G1 X140.482 Y130.029 E1179.10554
G1 F8667.9 X140.811 Y129.81 E1179.12218
G1 F7380.2 X142.085 Y129.81 E1179.18518
G1 F7392 X143.359 Y129.81 E1179.24808
G1 F7403.8 X144.633 Y129.81 E1179.31088
G1 F7415.7 X145.907 Y129.81 E1179.37357
G1 X147.181 Y129.81 E1179.43627
G1 F7427.7 X148.455 Y129.81 E1179.49887
G1 F7439.6 X149.729 Y129.81 E1179.56136
G1 F7451.6 X151.003 Y129.81 E1179.62376
G1 F8717 X151.518 Y130.029 E1179.64719
G1 F10500 X151.88 Y130.34 E1179.66377
G1 X152.056 Y130.691 E1179.67742
G1 X152.1 Y131 E1179.68827
G1 X152.095 Y136.612 E1179.88332
G1 F2400 E1179.38332
G1 F600 Z2.1
G0 F15000 X134.16 Y135.5 Z2.1
G1 F600 Z1.7
G1 F2400 E1179.88332
G1 F10500 X134.107 Y135.97 E1179.89976
G1 X133.911 Y136.506 E1179.9196
G1 X133.612 Y136.937 E1179.93783
G1 X133.249 Y137.26 E1179.95472
G1 X132.774 Y137.515 E1179.97346
G1 X132.267 Y137.643 E1179.99163
G1 X131.816 Y137.648 E1180.00731
G1 X131.303 Y137.541 E1180.02552
G1 X130.838 Y137.315 E1180.04349
G1 X130.375 Y136.934 E1180.06433
G1 X130.056 Y136.435 E1180.08492
G1 X129.889 Y135.97 E1180.10209
G1 X129.843 Y135.574 E1180.11595
G1 X129.89 Y134.981 E1180.13662
G1 X130.128 Y134.425 E1180.15764
G1 X130.439 Y134.009 E1180.1757
G1 X130.838 Y133.681 E1180.19365
G1 X131.282 Y133.461 E1180.21087
G1 X131.702 Y133.357 E1180.22591
G1 X132.341 Y133.367 E1180.24812
G1 X132.839 Y133.511 E1180.26614
G1 X133.159 Y133.679 E1180.2787
G1 X133.561 Y134.009 E1180.29678
G1 X133.92 Y134.489 E1180.31761
G1 X134.112 Y135.059 E1180.33852
G1 X134.16 Y135.5 E1180.35393
G0 F15000 X134.6 Y135.5
G1 F10500 X134.533 Y136.108 E1180.3752
G1 X134.3 Y136.713 E1180.39773
G1 X133.937 Y137.233 E1180.41977
G1 X133.473 Y137.649 E1180.44143
G1 X132.935 Y137.924 E1180.46243
G1 X132.324 Y138.079 E1180.48434
G1 X131.663 Y138.091 E1180.50732
G1 X130.947 Y137.872 E1180.53334
G1 X130.42 Y137.557 E1180.55468
G1 X129.97 Y137.117 E1180.57656
G1 X129.646 Y136.595 E1180.59791
G1 F9788.1 X129.485 Y136.265 E1180.6116
G1 F7993.1 X129.352 Y136.064 E1180.6226
G1 F7241.4 X129.315 Y135.634 E1180.64435
G1 F7403.8 X129.315 Y135.368 E1180.65747
G1 F7287.1 X129.345 Y135.007 E1180.67561
G1 F8400 X129.506 Y134.739 E1180.68919
G1 F10312.5 X129.646 Y134.401 E1180.70214
G1 F10500 X129.97 Y133.879 E1180.72349
G1 X130.148 Y133.679 E1180.7328
G1 X130.631 Y133.292 E1180.75431
G1 X131.161 Y133.038 E1180.77474
G1 X131.626 Y132.924 E1180.79138
G1 X132.18 Y132.908 E1180.81064
G1 X132.799 Y133.028 E1180.83256
G1 X133.364 Y133.29 E1180.8542
G1 X133.852 Y133.679 E1180.87589
G1 X134.234 Y134.175 E1180.89765
G1 X134.486 Y134.752 E1180.91954
G1 X134.6 Y135.5 E1180.94583
G1 F2400 E1180.44583
G1 F600 Z2.1
G0 F15000 X132.267 Y166.353 Z2.1
G1 F600 Z1.7
G1 F2400 E1180.94583
G1 F10500 X132.769 Y166.479 E1180.96382
G1 X133.25 Y166.737 E1180.98279
G1 X133.613 Y167.06 E1180.99968
G1 X133.911 Y167.49 E1181.01787
G1 X134.087 Y167.944 E1181.03479
G1 X134.16 Y168.5 E1181.05428
G1 X134.107 Y168.97 E1181.07072
G1 X133.946 Y169.429 E1181.08763
G1 X133.625 Y169.934 E1181.10842
G1 X133.159 Y170.317 E1181.12939
G1 X132.693 Y170.541 E1181.14736
G1 X132.294 Y170.639 E1181.16164
G1 X131.816 Y170.648 E1181.17826
G1 X131.282 Y170.535 E1181.19723
G1 X130.838 Y170.315 E1181.21445
G1 X130.375 Y169.934 E1181.23529
G1 X130.056 Y169.435 E1181.25588
G1 X129.889 Y168.97 E1181.27305
G1 X129.843 Y168.574 E1181.28691
G1 X129.89 Y167.981 E1181.30758
G1 X130.128 Y167.425 E1181.3286
G1 X130.439 Y167.009 E1181.34665
G1 X130.838 Y166.681 E1181.36461
G1 X131.303 Y166.455 E1181.38258
G1 X131.816 Y166.348 E1181.40079
G1 X132.267 Y166.353 E1181.41647
G0 F15000 X132.324 Y165.917
G1 F10500 X132.926 Y166.068 E1181.43804
G1 X133.472 Y166.347 E1181.45935
G1 X133.939 Y166.764 E1181.48111
G1 X134.3 Y167.284 E1181.50311
G1 X134.507 Y167.814 E1181.52289
G1 X134.6 Y168.5 E1181.54695
G1 X134.54 Y169.046 E1181.56604
G1 X134.358 Y169.584 E1181.58578
G1 X134.03 Y170.117 E1181.60753
G1 X133.58 Y170.557 E1181.62941
G1 X133.364 Y170.706 E1181.63853
G1 X132.799 Y170.968 E1181.66018
G1 X132.37 Y171.072 E1181.67552
G1 X131.816 Y171.088 E1181.69478
G1 X131.161 Y170.958 E1181.71799
G1 X130.631 Y170.704 E1181.73842
G1 X130.148 Y170.317 E1181.75993
G1 X129.97 Y170.117 E1181.76924
G1 X129.646 Y169.595 E1181.79059
G1 F9788.1 X129.485 Y169.265 E1181.80428
G1 F7993.1 X129.352 Y169.064 E1181.81528
G1 F7241.4 X129.315 Y168.634 E1181.83703
G1 F7403.8 X129.315 Y168.368 E1181.85015
G1 F7287.1 X129.345 Y168.007 E1181.86829
G1 F8400 X129.506 Y167.739 E1181.88187
G1 F10312.5 X129.646 Y167.401 E1181.89482
G1 F10500 X129.97 Y166.879 E1181.91617
G1 X130.148 Y166.679 E1181.92548
G1 X130.631 Y166.292 E1181.94699
G1 X131.197 Y166.028 E1181.9687
G1 X131.816 Y165.908 E1181.99061
G1 X132.324 Y165.917 E1182.00827
G1 F2400 E1181.50827
G1 F600 Z2.1
G0 F15000 X142.513 Y173.93 Z2.1
;TYPE:FILL
G1 F600 Z1.7
G1 F2400 E1182.00827
G1 F15000 X141.873 Y174.57 E1182.03973
G1 X141.387 Y174.57 E1182.05662
G1 X140.668 Y173.851 E1182.09196
G1 X140.988 Y173.93 E1182.10342
G1 X144.895 Y173.931 E1182.23921
G1 X145.535 Y174.57 E1182.27065
G1 X146.021 Y174.57 E1182.28754
G1 X146.661 Y173.93 E1182.319
G1 X149.043 Y173.931 E1182.40179
G1 X149.682 Y174.57 E1182.4332
G1 X150.169 Y174.57 E1182.45012
G1 X150.809 Y173.93 E1182.48158
G1 X151.191 Y173.93 E1182.49486
G1 X151.676 Y173.762 E1182.5127
G1 X152.145 Y173.361 E1182.53415
G1 X152.304 Y173.043 E1182.5465
G1 X153.83 Y174.57 E1182.62154
G1 X154.317 Y174.57 E1182.63846
G1 X158.142 Y170.745 E1182.82648
G1 X158.609 Y171.053 E1182.84592
G1 X162.126 Y174.57 E1183.01879
G1 X162.613 Y174.57 E1183.03572
G1 X167.963 Y169.219 E1183.29871
G1 X167.787 Y169.165 E1183.30511
G1 X167.11 Y168.742 E1183.33286
G1 X166.63 Y168.225 E1183.35738
G1 X166.249 Y167.543 E1183.38453
G1 X166.106 Y166.929 E1183.40644
G1 X158.465 Y174.57 E1183.78203
G1 X157.978 Y174.57 E1183.79895
G1 X152.427 Y169.019 E1184.0718
G1 X152.43 Y172.309 E1184.18615
G1 X157.273 Y167.466 E1184.42421
G1 X157.136 Y167.808 E1184.43701
G1 X157.07 Y168.505 E1184.46134
G1 X157.131 Y169.105 E1184.48231
G1 X157.341 Y169.72 E1184.50489
G1 X157.444 Y169.887 E1184.51171
G1 X128.931 Y141.375 E1185.9132
G1 X128.931 Y137.737 E1186.03965
G1 X129.554 Y137.114 E1186.07027
G1 X129.163 Y136.424 E1186.09784
G1 X129.06 Y136.313 E1186.1031
G1 X128.989 Y136.459 E1186.10874
G1 X128.931 Y136.8 E1186.12077
G1 X128.931 Y137.227 E1186.13561
G1 X158.043 Y166.338 E1187.56654
G1 X158.283 Y166.123 E1187.57774
G1 X158.921 Y165.763 E1187.6032
G1 X158.994 Y165.745 E1187.60582
G1 X166.685 Y158.054 E1187.98386
G1 X166.573 Y157.605 E1187.99994
G1 X166.572 Y154.129 E1188.12076
G1 X150.373 Y137.929 E1188.91702
G1 X149.48 Y137.928 E1188.94806
G1 X128.931 Y158.477 E1189.95811
G1 X128.931 Y162.114 E1190.08452
G1 X132.418 Y165.602 E1190.25595
G1 X132.997 Y165.736 E1190.2766
G1 X133.739 Y166.113 E1190.30553
G1 X170.422 Y129.43 E1192.10863
G1 X170.909 Y129.43 E1192.12556
G1 X175.07 Y133.591 E1192.33009
G1 X175.07 Y137.225 E1192.45639
G1 X146.723 Y165.572 E1193.84975
G1 X144.832 Y165.571 E1193.91548
G1 X128.931 Y149.67 E1194.69707
G1 X128.931 Y146.033 E1194.82348
G1 X139.579 Y135.564 E1195.34248
G1 X139.575 Y135.427 E1195.34725
G1 X133.578 Y129.43 E1195.64202
G1 X133.09 Y129.43 E1195.65898
G1 X128.931 Y133.589 E1195.86341
G1 X128.931 Y134.515 E1195.8956
G1 X129.051 Y134.77 E1195.90539
G1 X129.203 Y134.592 E1195.91353
G1 X129.49 Y133.993 E1195.93662
G1 X129.646 Y133.794 E1195.9454
G1 X128.93 Y133.078 E1195.9806
G1 X128.93 Y129.442 E1196.10697
G1 X129.43 Y129.43 E1196.12436
G1 X132.662 Y132.662 E1196.28322
G1 X133.193 Y132.827 E1196.30255
G1 X133.599 Y133.07 E1196.31899
G1 X137.238 Y129.43 E1196.49789
G1 X137.726 Y129.43 E1196.51485
G1 X139.565 Y131.105 E1196.60131
G1 X139.57 Y131.246 E1196.60621
G1 X134.885 Y135.931 E1196.83649
G1 X134.931 Y135.5 E1196.85156
G1 X134.867 Y134.867 E1196.87367
G1 X166.097 Y166.097 E1198.40874
G1 X166.258 Y165.427 E1198.43269
G1 X166.606 Y164.807 E1198.4574
G1 X167.077 Y164.275 E1198.4821
G1 X167.627 Y163.909 E1198.50506
G1 X167.934 Y163.786 E1198.51655
G1 X142.076 Y137.928 E1199.78757
G1 X141.184 Y137.928 E1199.81857
G1 X128.931 Y150.181 E1200.42085
G1 X128.931 Y153.818 E1200.54726
G1 X140.716 Y165.603 E1201.12654
G1 X140.915 Y165.572 E1201.13354
G1 X142.575 Y165.572 E1201.19123
G1 X167.284 Y140.863 E1202.40577
G1 X167.629 Y141.093 E1202.42018
G1 X168.321 Y141.359 E1202.44595
G1 X169 Y141.431 E1202.46968
G1 X169.607 Y141.365 E1202.4909
G1 X170.202 Y141.167 E1202.5127
G1 X175.07 Y146.035 E1202.75198
G1 X175.07 Y146.737 E1202.77638
G1 X174.96 Y147.194 E1202.79271
G1 X174.756 Y146.815 E1202.80767
G1 X174.361 Y146.355 E1202.82875
G1 X174.277 Y146.314 E1202.832
G1 X175.07 Y145.521 E1202.87097
G1 X175.07 Y141.887 E1202.99728
G1 X171.905 Y138.722 E1203.15285
G1 X171.919 Y138.306 E1203.16732
G1 X171.787 Y137.611 E1203.19191
G1 X171.492 Y136.968 E1203.2165
G1 X171.354 Y136.793 E1203.22424
G1 X175.07 Y133.077 E1203.4069
G1 X175.07 Y129.443 E1203.5332
G1 X174.57 Y129.43 E1203.55059
G1 X168.746 Y135.253 E1203.83683
G1 X168.746 Y135.594 E1203.84869
G1 X168.436 Y135.625 E1203.85951
G1 X168.436 Y135.253 E1203.87244
G1 X162.613 Y129.43 E1204.15866
G1 X162.126 Y129.43 E1204.17559
G1 X158.622 Y132.934 E1204.34783
G1 X158.468 Y133.004 E1204.3537
G1 X158.147 Y133.259 E1204.36795
G1 X154.318 Y129.43 E1204.55616
G1 X153.83 Y129.43 E1204.57312
G1 X152.411 Y130.849 E1204.64287
G1 X152.43 Y130.992 E1204.64789
G1 X152.43 Y131.691 E1204.67218
G1 X157.279 Y136.539 E1204.9105
G1 X157.138 Y136.183 E1204.92381
G1 X157.07 Y135.505 E1204.9475
G1 X157.119 Y134.973 E1204.96606
G1 X157.205 Y134.624 E1204.97856
G1 X157.428 Y134.128 E1204.99746
G1 X128.931 Y162.625 E1206.39819
G1 X128.931 Y166.262 E1206.5246
G1 X129.565 Y166.896 E1206.55576
G1 X129.49 Y166.993 E1206.56002
G1 X129.203 Y167.592 E1206.58311
G1 X129.051 Y167.77 E1206.59125
G1 X128.931 Y167.515 E1206.60104
G1 X128.931 Y166.773 E1206.62683
G1 X158.045 Y137.659 E1208.05789
G1 X158.286 Y137.875 E1208.06914
G1 X158.925 Y138.236 E1208.09465
G1 X158.994 Y138.254 E1208.09712
G1 X167.119 Y146.38 E1208.49652
G1 X166.842 Y146.658 E1208.51016
G1 X166.654 Y147.013 E1208.52412
G1 X166.571 Y147.419 E1208.53853
G1 X166.571 Y149.872 E1208.62379
G1 X150.871 Y165.572 E1209.3955
G1 X148.98 Y165.571 E1209.46122
G1 X128.931 Y145.523 E1210.44668
G1 X128.931 Y141.885 E1210.57312
G1 X132.423 Y138.393 E1210.74477
G1 X133 Y138.259 E1210.76536
G1 X133.736 Y137.884 E1210.79407
G1 X170.422 Y174.57 E1212.59732
G1 X170.908 Y174.57 E1212.61421
G1 X175.07 Y170.408 E1212.81878
G1 X175.07 Y166.775 E1212.94506
G1 X146.225 Y137.929 E1214.36292
G1 X145.332 Y137.928 E1214.39395
G1 X128.931 Y154.329 E1215.20012
G1 X128.931 Y157.966 E1215.32653
G1 X139.566 Y168.436 E1215.84524
G1 X139.571 Y168.576 E1215.85011
G1 X133.577 Y174.57 E1216.14474
G1 X133.091 Y174.57 E1216.16163
G1 X128.93 Y170.409 E1216.36616
G1 X128.931 Y169.8 E1216.38732
G1 X128.989 Y169.459 E1216.39935
G1 X129.06 Y169.312 E1216.40502
G1 X129.163 Y169.423 E1216.41028
G1 X129.493 Y170.005 E1216.43354
G1 X129.647 Y170.204 E1216.44228
G1 X128.931 Y170.92 E1216.47748
G1 X128.93 Y174.557 E1216.60389
G1 X129.43 Y174.57 E1216.62127
G1 X132.659 Y171.34 E1216.78001
G1 X132.889 Y171.285 E1216.78823
G1 X133.62 Y170.951 E1216.81617
G1 X137.239 Y174.57 E1216.99405
G1 X137.725 Y174.57 E1217.01095
G1 X139.626 Y172.894 E1217.09903
G1 X139.611 Y172.794 E1217.10255
G1 X134.887 Y168.07 E1217.33475
G1 X134.931 Y168.499 E1217.34974
G1 X134.862 Y169.137 E1217.37204
G1 X166.156 Y137.843 E1218.91025
G1 X166.249 Y137.46 E1218.92395
G1 X166.334 Y137.299 E1218.93028
G1 X158.465 Y129.43 E1219.31707
G1 X157.978 Y129.43 E1219.334
G1 X152.431 Y134.977 E1219.60665
G1 X152.43 Y135.839 E1219.63661
G1 X166.572 Y149.98 E1220.33172
G1 X166.572 Y154.019 E1220.4721
G1 X152.427 Y168.163 E1221.16735
G1 X152.427 Y166.896 E1221.21139
G1 X152.375 Y166.6 E1221.22183
G1 X152.272 Y166.344 E1221.23143
G1 X152.075 Y166.054 E1221.24361
G1 X151.66 Y165.729 E1221.26193
G1 X151.404 Y165.627 E1221.27151
G1 X151.083 Y165.571 E1221.28284
G1 X150.975 Y165.553
G1 F2400 E1220.78284
G1 F600 Z2.1
G0 F15000 X160.342 Y165.576 Z2.1
G1 F600 Z1.7
G1 F2400 E1221.28284
G1 F15000 X161.012 Y165.748 E1221.30688
G1 X161.6 Y166.043 E1221.32974
G1 X162.14 Y166.496 E1221.35424
G1 X162.556 Y167.067 E1221.37879
G1 X162.827 Y167.727 E1221.40359
G1 X162.943 Y168.517 E1221.43135
G1 X162.841 Y169.216 E1221.4559
G1 X162.626 Y169.801 E1221.47756
G1 X162.297 Y170.312 E1221.49868
G1 X162.157 Y170.452 E1221.50557
G1 X166.274 Y174.57 E1221.70796
G1 X166.761 Y174.57 E1221.72488
G1 X175.07 Y166.26 E1222.13332
G1 X175.07 Y162.627 E1222.2596
G1 X171.374 Y158.93 E1222.44129
G1 X169.957 Y158.93 E1222.49054
G1 X162.246 Y166.64 E1222.86954
G1 X162.169 Y166.717
G1 F2400 E1222.36954
G1 F600 Z2.1
G0 F15000 X168.995 Y163.57 Z2.1
G1 F600 Z1.7
G1 F2400 E1222.86954
G1 F15000 X169.424 Y163.61 E1222.88452
G1 X174.983 Y158.051 E1223.15776
G1 X174.952 Y157.969 E1223.16081
G1 X174.769 Y158.177 E1223.17044
G1 X175.07 Y158.479 E1223.18526
G1 X175.07 Y162.112 E1223.31153
G1 X171.719 Y165.463 E1223.47624
G1 X171.787 Y165.611 E1223.4819
G1 X171.919 Y166.306 E1223.50649
G1 X171.898 Y166.923 E1223.52795
G1 X171.785 Y167.389 E1223.54461
G1 X171.496 Y168.025 E1223.56889
G1 X171.061 Y168.577 E1223.59332
G1 X170.46 Y169.037 E1223.61963
G1 X170.205 Y169.166 E1223.62956
G1 X169.607 Y169.365 E1223.65146
G1 X169.389 Y169.389 E1223.65909
G1 X174.57 Y174.57 E1223.91375
G1 X175.07 Y174.556 E1223.93114
G1 X175.07 Y170.923 E1224.05741
G1 X171.707 Y167.559 E1224.22274
G1 X171.63 Y167.482
G1 F2400 E1223.72274
G1 F600 Z2.1
G0 F15000 X162.157 Y133.546 Z2.1
G1 F600 Z1.7
G1 F2400 E1224.22274
G1 F15000 X166.274 Y129.43 E1224.42508
G1 X166.761 Y129.43 E1224.442
G1 X175.07 Y137.739 E1224.85042
G1 X175.07 Y141.373 E1224.97673
G1 X170.82 Y145.623 E1225.18563
G1 X170.82 Y146.072 E1225.20124
G1 X170.51 Y146.073 E1225.21201
G1 X170.51 Y145.623 E1225.22765
G1 X162.254 Y137.367 E1225.63346
G1 X162.61 Y136.846 E1225.6554
G1 X162.858 Y136.178 E1225.68016
G1 X162.93 Y135.541 E1225.70244
G1 X162.861 Y134.818 E1225.72769
G1 X162.646 Y134.241 E1225.74909
G1 X162.298 Y133.685 E1225.77189
G1 X161.794 Y133.186 E1225.79654
G1 X161.193 Y132.827 E1225.82087
G1 X160.522 Y132.619 E1225.84529
G1 X160.187 Y132.578 E1225.85702
G1 X160.078 Y132.565
G1 F2400 E1225.35702
G1 F600 Z2.1
;MESH:NONMESH
G0 F15000 X132.613 Y137.105 Z2.1
;TIME_ELAPSED:535.968004
;LAYER:8
;MESH:case_VL53L8+RP2040-up.stl
G0 X132.613 Y137.105 Z2.3
;TYPE:WALL-OUTER
G1 F600 Z1.9
G1 F2400 E1225.85702
G1 F9000 X132.209 Y137.207 E1225.8715
G1 X131.762 Y137.202 E1225.88704
G1 X131.36 Y137.095 E1225.90149
G1 X131.044 Y136.927 E1225.91393
G1 X130.694 Y136.617 E1225.93018
G1 X130.466 Y136.276 E1225.94444
G1 X130.323 Y135.894 E1225.95862
G1 X130.281 Y135.525 E1225.97153
G1 X130.334 Y135.06 E1225.98779
G1 X130.49 Y134.675 E1226.00223
G1 X130.73 Y134.339 E1226.01658
G1 X131.044 Y134.069 E1226.03098
G1 X131.41 Y133.882 E1226.04526
G1 X131.778 Y133.791 E1226.05844
G1 X132.234 Y133.794 E1226.07429
G1 X132.635 Y133.901 E1226.08871
G1 X132.998 Y134.099 E1226.10308
G1 X133.306 Y134.379 E1226.11755
G1 X133.51 Y134.675 E1226.13005
G1 X133.675 Y135.113 E1226.14631
G1 X133.719 Y135.528 E1226.16082
G1 X133.669 Y135.915 E1226.17438
G1 X133.523 Y136.3 E1226.18869
G1 X133.287 Y136.641 E1226.20311
G1 X132.985 Y136.908 E1226.21712
G1 X132.613 Y137.105 E1226.23175
G1 F2400 E1225.73175
G1 F600 Z2.3
G0 F15000 X151.219 Y136.523 Z2.3
G1 F600 Z1.9
G1 F2400 E1226.23175
G1 F9000 X151.191 Y136.611 E1226.23496
G1 X151.036 Y136.718 E1226.2415
G1 X140.973 Y136.719 E1226.59126
G1 X140.877 Y136.684 E1226.59481
G1 X140.783 Y136.542 E1226.60073
G1 X140.78 Y130.954 E1226.79495
G1 X140.824 Y130.868 E1226.79831
G1 X140.962 Y130.783 E1226.80394
G1 X151.085 Y130.78 E1227.15579
G1 X151.22 Y130.954 E1227.16344
G1 X151.219 Y136.523 E1227.357
G1 F2400 E1226.857
G1 F600 Z2.3
G0 F15000 X160.625 Y137.1 Z2.3
G1 F600 Z1.9
G1 F2400 E1227.357
G1 F9000 X160.219 Y137.205 E1227.37158
G1 X159.799 Y137.208 E1227.38618
G1 X159.384 Y137.106 E1227.40103
G1 X159.026 Y136.916 E1227.41512
G1 X158.713 Y136.641 E1227.4296
G1 X158.478 Y136.301 E1227.44396
G1 X158.323 Y135.894 E1227.4591
G1 X158.28 Y135.5 E1227.47288
G1 X158.334 Y135.06 E1227.48828
G1 X158.49 Y134.675 E1227.50272
G1 X158.73 Y134.339 E1227.51707
G1 X159.044 Y134.069 E1227.53147
G1 X159.41 Y133.882 E1227.54575
G1 X159.778 Y133.791 E1227.55893
G1 X160.234 Y133.794 E1227.57478
G1 X160.635 Y133.901 E1227.5892
G1 X160.998 Y134.099 E1227.60357
G1 X161.306 Y134.379 E1227.61804
G1 X161.532 Y134.715 E1227.63212
G1 X161.666 Y135.073 E1227.6454
G1 X161.72 Y135.486 E1227.65988
G1 X161.669 Y135.914 E1227.67486
G1 X161.53 Y136.286 E1227.68866
G1 X161.284 Y136.644 E1227.70376
G1 X160.971 Y136.918 E1227.71822
G1 X160.625 Y137.1 E1227.73181
G1 F2400 E1227.23181
G1 F600 Z2.3
G0 F15000 X169.383 Y140.175 Z2.3
G1 F600 Z1.9
G1 F2400 E1227.73181
G1 F9000 X168.973 Y140.219 E1227.74614
G1 X168.582 Y140.169 E1227.75984
G1 X168.196 Y140.023 E1227.77418
G1 X167.855 Y139.787 E1227.7886
G1 X167.59 Y139.487 E1227.80251
G1 X167.388 Y139.107 E1227.81747
G1 X167.291 Y138.722 E1227.83127
G1 X167.294 Y138.262 E1227.84725
G1 X167.394 Y137.874 E1227.86118
G1 X167.586 Y137.517 E1227.87527
G1 X167.863 Y137.206 E1227.88975
G1 X168.19 Y136.981 E1227.90354
G1 X168.602 Y136.823 E1227.91888
G1 X169 Y136.78 E1227.93279
G1 X169.436 Y136.834 E1227.94806
G1 X169.788 Y136.971 E1227.96119
G1 X170.157 Y137.23 E1227.97686
G1 X170.427 Y137.544 E1227.99125
G1 X170.614 Y137.91 E1228.00554
G1 X170.702 Y138.262 E1228.01815
G1 X170.705 Y138.718 E1228.034
G1 X170.595 Y139.135 E1228.04899
G1 X170.397 Y139.498 E1228.06336
G1 X170.117 Y139.806 E1228.07783
G1 X169.821 Y140.01 E1228.09032
G1 X169.383 Y140.175 E1228.10659
G1 F2400 E1227.60659
G1 F600 Z2.3
G0 F15000 X173.717 Y157.539 Z2.3
G1 F600 Z1.9
G1 F2400 E1228.10659
G1 F9000 X173.632 Y157.676 E1228.11219
G1 X173.546 Y157.72 E1228.11555
G1 X167.977 Y157.719 E1228.30911
G1 X167.889 Y157.691 E1228.31232
G1 X167.78 Y157.572 E1228.31793
G1 X167.783 Y147.461 E1228.66936
G1 X167.826 Y147.364 E1228.67304
G1 X167.978 Y147.281 E1228.67906
G1 X173.546 Y147.28 E1228.87259
G1 X173.72 Y147.415 E1228.88024
G1 X173.717 Y157.539 E1229.23212
G1 F2400 E1228.73212
G1 F600 Z2.3
G0 F15000 X169.383 Y168.175 Z2.3
G1 F600 Z1.9
G1 F2400 E1229.23212
G1 F9000 X168.973 Y168.219 E1229.24645
G1 X168.562 Y168.162 E1229.26088
G1 X168.175 Y168.01 E1229.27533
G1 X167.866 Y167.796 E1229.28839
G1 X167.59 Y167.487 E1229.30279
G1 X167.394 Y167.122 E1229.31719
G1 X167.289 Y166.705 E1229.33214
G1 X167.289 Y166.286 E1229.3467
G1 X167.386 Y165.895 E1229.3607
G1 X167.585 Y165.518 E1229.37552
G1 X167.855 Y165.213 E1229.38968
G1 X168.195 Y164.978 E1229.40404
G1 X168.602 Y164.823 E1229.41918
G1 X169 Y164.78 E1229.43309
G1 X169.436 Y164.834 E1229.44836
G1 X169.821 Y164.99 E1229.4628
G1 X170.157 Y165.23 E1229.47715
G1 X170.427 Y165.544 E1229.49155
G1 X170.614 Y165.91 E1229.50583
G1 X170.702 Y166.262 E1229.51844
G1 X170.705 Y166.718 E1229.53429
G1 X170.595 Y167.135 E1229.54928
G1 X170.397 Y167.498 E1229.56365
G1 X170.117 Y167.806 E1229.57812
G1 X169.814 Y168.014 E1229.59089
G1 X169.383 Y168.175 E1229.60689
G1 F2400 E1229.10689
G1 F600 Z2.3
G0 F15000 X160.586 Y170.114 Z2.3
G1 F600 Z1.9
G1 F2400 E1229.60689
G1 F9000 X160.218 Y170.205 E1229.62006
G1 X159.762 Y170.202 E1229.63591
G1 X159.36 Y170.095 E1229.65037
G1 X159.044 Y169.927 E1229.66281
G1 X158.694 Y169.617 E1229.67906
G1 X158.466 Y169.276 E1229.69332
G1 X158.323 Y168.894 E1229.70749
G1 X158.281 Y168.475 E1229.72213
G1 X158.329 Y168.074 E1229.73617
G1 X158.49 Y167.675 E1229.75112
G1 X158.694 Y167.379 E1229.76362
G1 X159.014 Y167.088 E1229.77865
G1 X159.392 Y166.887 E1229.79353
G1 X159.798 Y166.788 E1229.80805
G1 X160.205 Y166.789 E1229.8222
G1 X160.586 Y166.882 E1229.83583
G1 X160.967 Y167.076 E1229.85069
G1 X161.28 Y167.348 E1229.8651
G1 X161.525 Y167.7 E1229.88001
G1 X161.667 Y168.076 E1229.89398
G1 X161.72 Y168.487 E1229.90838
G1 X161.675 Y168.883 E1229.92223
G1 X161.522 Y169.302 E1229.93774
G1 X161.306 Y169.617 E1229.95101
G1 X160.955 Y169.927 E1229.96729
G1 X160.586 Y170.114 E1229.98167
G1 F2400 E1229.48167
G1 F600 Z2.3
G0 F15000 X151.22 Y172.546 Z2.3
G1 F600 Z1.9
G1 F2400 E1229.98167
G1 F9000 X151.176 Y172.633 E1229.98506
G1 X151.038 Y172.717 E1229.99067
G1 X140.915 Y172.72 E1230.34252
G1 X140.78 Y172.546 E1230.35017
G1 X140.782 Y166.966 E1230.54411
G1 X140.834 Y166.854 E1230.5484
G1 X140.959 Y166.783 E1230.5534
G1 X151.037 Y166.782 E1230.90368
G1 X151.145 Y166.833 E1230.90783
G1 X151.218 Y166.964 E1230.91304
G1 X151.22 Y172.546 E1231.10706
G1 F2400 E1230.60706
G1 F600 Z2.3
G0 F15000 X132.586 Y170.114 Z2.3
G1 F600 Z1.9
G1 F2400 E1231.10706
G1 F9000 X132.218 Y170.205 E1231.12023
G1 X131.762 Y170.202 E1231.13608
G1 X131.403 Y170.112 E1231.14895
G1 X131.044 Y169.927 E1231.16298
G1 X130.694 Y169.617 E1231.17923
G1 X130.466 Y169.276 E1231.19349
G1 X130.323 Y168.894 E1231.20767
G1 X130.281 Y168.525 E1231.22058
G1 X130.334 Y168.06 E1231.23684
G1 X130.49 Y167.675 E1231.25128
G1 X130.73 Y167.339 E1231.26563
G1 X131.044 Y167.069 E1231.28003
G1 X131.41 Y166.882 E1231.29431
G1 X131.762 Y166.794 E1231.30692
G1 X132.209 Y166.789 E1231.32246
G1 X132.611 Y166.89 E1231.33687
G1 X132.974 Y167.08 E1231.35111
G1 X133.287 Y167.356 E1231.36561
G1 X133.523 Y167.696 E1231.38
G1 X133.667 Y168.074 E1231.39405
G1 X133.719 Y168.473 E1231.40804
G1 X133.673 Y168.894 E1231.42276
G1 X133.51 Y169.321 E1231.43865
G1 X133.306 Y169.617 E1231.45114
G1 X132.955 Y169.927 E1231.46742
G1 X132.586 Y170.114 E1231.48179
G1 F2400 E1230.98179
G1 F600 Z2.3
G0 F15000 X176.28 Y175.78 Z2.3
G1 F600 Z1.9
G1 F2400 E1231.48179
G1 F9000 X176.28 Y128.22 E1233.13483
G1 X127.72 Y128.22 E1234.82262
G1 X127.72 Y175.78 E1236.47566
G1 X176.28 Y175.78 E1238.16345
G0 F15000 X175.84 Y175.34
;TYPE:WALL-INNER
G1 F10500 X175.84 Y128.66 E1239.7859
G1 X128.16 Y128.66 E1241.44311
G1 X128.16 Y175.34 E1243.06555
G1 X175.84 Y175.34 E1244.72276
G0 F15000 X175.4 Y174.9
G1 F10500 X175.4 Y158.25 E1245.30146
G1 F8619.4 X175.305 Y157.761 E1245.32255
G1 F7321.7 X175.305 Y157.077 E1245.35665
G1 F7333.3 X175.306 Y156.393 E1245.39069
G1 F7345 X175.306 Y155.709 E1245.42467
G1 F7356.7 X175.306 Y155.025 E1245.4586
G1 X175.307 Y154.341 E1245.49254
G1 F7368.4 X175.307 Y153.657 E1245.52641
G1 F7380.2 X175.307 Y152.973 E1245.56024
G1 X175.308 Y152.289 E1245.59406
G1 F7392 X175.308 Y151.605 E1245.62783
G1 F7403.8 X175.308 Y150.921 E1245.66155
G1 F7415.7 X175.309 Y150.237 E1245.69521
G1 X175.309 Y149.553 E1245.72887
G1 F7427.7 X175.309 Y148.869 E1245.76248
G1 F7439.6 X175.31 Y148.185 E1245.79603
G1 F7451.6 X175.31 Y147.501 E1245.82953
G1 F8717 X175.4 Y146.75 E1245.86119
G1 F10500 X175.4 Y129.1 E1246.47465
G1 X151.75 Y129.1 E1247.29665
G1 F8717 X151 Y129.19 E1247.32828
G1 F7451.6 X150.359 Y129.19 E1247.35967
G1 F7439.6 X149.718 Y129.191 E1247.39111
G1 F7427.7 X149.077 Y129.191 E1247.42261
G1 F7415.7 X148.436 Y129.191 E1247.45415
G1 X147.795 Y129.192 E1247.4857
G1 F7403.8 X147.154 Y129.192 E1247.51729
G1 F7392 X146.513 Y129.193 E1247.54894
G1 F7380.2 X145.872 Y129.193 E1247.58064
G1 X145.231 Y129.193 E1247.61234
G1 F7368.4 X144.59 Y129.194 E1247.64408
G1 F7356.7 X143.949 Y129.194 E1247.67588
G1 F7345 X143.308 Y129.194 E1247.70773
G1 X142.667 Y129.195 E1247.73958
G1 F7333.3 X142.026 Y129.195 E1247.77148
G1 F7321.7 X141.385 Y129.196 E1247.80343
G1 F7310.1 X140.744 Y129.196 E1247.83543
G1 F8619.4 X140.25 Y129.1 E1247.85674
G1 F10500 X128.6 Y129.1 E1248.26166
G1 X128.601 Y134.206 E1248.43912
G1 F10312.5 X128.608 Y134.571 E1248.45204
G1 F8400 X128.703 Y134.972 E1248.46995
G1 F7287.1 X128.693 Y135.334 E1248.48808
G1 F7403.8 X128.693 Y135.668 E1248.50455
G1 F7241.4 X128.706 Y136.12 E1248.52734
G1 F7993.1 X128.631 Y136.425 E1248.54168
G1 F9788.1 X128.601 Y136.79 E1248.55533
G1 F10500 X128.601 Y167.206 E1249.6125
G1 F10312.5 X128.608 Y167.571 E1249.62541
G1 F8400 X128.703 Y167.972 E1249.64332
G1 F7287.1 X128.693 Y168.334 E1249.66146
G1 F7403.8 X128.693 Y168.668 E1249.67792
G1 F7241.4 X128.706 Y169.12 E1249.70071
G1 F7993.1 X128.631 Y169.425 E1249.71505
G1 F9788.1 X128.601 Y169.79 E1249.7287
G1 F10500 X128.6 Y174.9 E1249.90631
G1 X175.4 Y174.9 E1251.53293
G1 F2400 E1251.03293
G1 F600 Z2.3
G0 F15000 X170.487 Y168.061 Z2.3
G1 F600 Z1.9
G1 F2400 E1251.53293
G1 F10500 X170.05 Y168.386 E1251.55186
G1 X169.47 Y168.607 E1251.57343
G1 X169 Y168.66 E1251.58987
G1 X168.559 Y168.612 E1251.60529
G1 X168.067 Y168.446 E1251.62334
G1 X167.591 Y168.14 E1251.64301
G1 X167.242 Y167.757 E1251.66101
G1 X166.992 Y167.3 E1251.67912
G1 X166.852 Y166.755 E1251.69868
G1 X166.849 Y166.271 E1251.7155
G1 X166.968 Y165.759 E1251.73377
G1 X167.206 Y165.295 E1251.75189
G1 X167.559 Y164.888 E1251.77062
G1 X167.987 Y164.59 E1251.78875
G1 X168.462 Y164.404 E1251.80648
G1 X169 Y164.34 E1251.82531
G1 X169.595 Y164.424 E1251.84619
G1 X170.071 Y164.628 E1251.86419
G1 X170.487 Y164.939 E1251.88225
G1 X170.815 Y165.338 E1251.9002
G1 X171.041 Y165.803 E1251.91817
G1 X171.148 Y166.316 E1251.93638
G1 X171.139 Y166.794 E1251.953
G1 X171.041 Y167.193 E1251.96728
G1 X170.817 Y167.659 E1251.98525
G1 X170.487 Y168.061 E1252.00333
G0 F15000 X170.817 Y168.352
G1 F10500 X170.617 Y168.53 E1252.01263
G1 X170.084 Y168.858 E1252.03438
G1 X169.546 Y169.04 E1252.05412
G1 X169 Y169.1 E1252.07322
G1 X168.506 Y169.049 E1252.09048
G1 X167.912 Y168.858 E1252.11216
G1 X167.316 Y168.483 E1252.13664
G1 X166.842 Y167.97 E1252.16091
G1 X166.562 Y167.411 E1252.18264
G1 X166.425 Y166.876 E1252.20184
G1 X166.41 Y166.241 E1252.22392
G1 X166.566 Y165.553 E1252.24844
G1 X166.873 Y165.001 E1252.27039
G1 X167.263 Y164.562 E1252.2908
G1 X167.779 Y164.203 E1252.31265
G1 X168.391 Y163.961 E1252.33552
G1 X169 Y163.9 E1252.35679
G1 X169.479 Y163.946 E1252.37352
G1 X169.755 Y164.014 E1252.3834
G1 X170.321 Y164.266 E1252.40493
G1 X170.817 Y164.648 E1252.42669
G1 X171.204 Y165.131 E1252.4482
G1 X171.468 Y165.697 E1252.46991
G1 X171.588 Y166.316 E1252.49183
G1 X171.573 Y166.87 E1252.51109
G1 X171.468 Y167.299 E1252.52644
G1 X171.207 Y167.864 E1252.54807
G1 X170.817 Y168.352 E1252.56978
G1 F2400 E1252.06978
G1 F600 Z2.3
G0 F15000 X162.16 Y168.463 Z2.3
G1 F600 Z1.9
G1 F2400 E1252.56978
G1 F10500 X162.095 Y169.023 E1252.58938
G1 X161.928 Y169.474 E1252.60609
G1 X161.561 Y169.987 E1252.62802
G1 X161.159 Y170.317 E1252.64609
G1 X160.693 Y170.541 E1252.66406
G1 X160.294 Y170.639 E1252.67834
G1 X159.816 Y170.648 E1252.69496
G1 X159.303 Y170.541 E1252.71317
G1 X158.838 Y170.315 E1252.73114
G1 X158.375 Y169.934 E1252.75199
G1 X158.056 Y169.435 E1252.77257
G1 X157.889 Y168.97 E1252.78974
G1 X157.84 Y168.5 E1252.80617
G1 X157.909 Y167.944 E1252.82564
G1 X158.09 Y167.487 E1252.84272
G1 X158.387 Y167.06 E1252.8608
G1 X158.748 Y166.738 E1252.87762
G1 X159.249 Y166.471 E1252.89735
G1 X159.717 Y166.355 E1252.91411
G1 X160.216 Y166.348 E1252.93145
G1 X160.751 Y166.473 E1252.95055
G1 X161.238 Y166.727 E1252.96964
G1 X161.592 Y167.038 E1252.98602
G1 X161.895 Y167.461 E1253.0041
G1 X162.088 Y167.948 E1253.02231
G1 X162.16 Y168.463 E1253.04038
G0 F15000 X162.609 Y168.516
G1 F10500 X162.521 Y169.134 E1253.06208
G1 X162.327 Y169.658 E1253.0815
G1 X162.03 Y170.117 E1253.1005
G1 X161.58 Y170.557 E1253.12237
G1 X161.364 Y170.706 E1253.1315
G1 X160.799 Y170.968 E1253.15314
G1 X160.37 Y171.072 E1253.16848
G1 X159.816 Y171.088 E1253.18775
G1 X159.549 Y171.056 E1253.19709
G1 X158.947 Y170.872 E1253.21897
G1 X158.42 Y170.557 E1253.24031
G1 X157.97 Y170.117 E1253.26219
G1 X157.646 Y169.595 E1253.28354
G1 X157.456 Y169.046 E1253.30373
G1 X157.4 Y168.5 E1253.32281
G1 X157.489 Y167.814 E1253.34685
G1 X157.702 Y167.279 E1253.36687
G1 X158.061 Y166.764 E1253.38869
G1 X158.482 Y166.387 E1253.40833
G1 X159.081 Y166.054 E1253.43215
G1 X159.727 Y165.911 E1253.45515
G1 X160.314 Y165.909 E1253.47555
G1 X160.896 Y166.057 E1253.49642
G1 X161.426 Y166.325 E1253.51706
G1 X161.904 Y166.728 E1253.53879
G1 X162.318 Y167.297 E1253.56325
G1 X162.528 Y167.89 E1253.58512
G1 X162.609 Y168.516 E1253.60705
G1 F2400 E1253.10705
G1 F600 Z2.3
G0 F15000 X151.659 Y166.953 Z2.3
G1 F600 Z1.9
G1 F2400 E1253.60705
G1 F10500 X151.66 Y172.633 E1253.80447
G1 X151.528 Y172.897 E1253.81473
G1 X151.311 Y173.083 E1253.82467
G1 X151.088 Y173.16 E1253.83287
G1 X141 Y173.16 E1254.18349
G1 X140.689 Y173.083 E1254.19463
G1 X140.472 Y172.897 E1254.20456
G1 X140.34 Y172.633 E1254.21482
G1 X140.341 Y166.96 E1254.412
G1 X140.413 Y166.697 E1254.42147
G1 X140.601 Y166.473 E1254.43164
G1 X140.92 Y166.344 E1254.4436
G1 X151.036 Y166.34 E1254.7952
G1 X151.229 Y166.38 E1254.80205
G1 X151.497 Y166.564 E1254.81335
G1 X151.587 Y166.697 E1254.81893
G1 X151.659 Y166.953 E1254.82817
G0 F15000 X152.098 Y166.922
G1 F10500 X152.1 Y172.5 E1255.02205
G1 X152.057 Y172.809 E1255.03289
G1 X151.88 Y173.161 E1255.04658
G1 X151.518 Y173.471 E1255.06315
G1 X151.144 Y173.6 E1255.0769
G1 X141 Y173.6 E1255.42947
G1 X140.482 Y173.471 E1255.44803
G1 X140.12 Y173.161 E1255.46459
G1 X139.943 Y172.809 E1255.47829
G1 X139.9 Y172.5 E1255.48913
G1 X139.901 Y166.934 E1255.68259
G1 X140.021 Y166.496 E1255.69837
G1 X140.22 Y166.223 E1255.71011
G1 X140.481 Y166.029 E1255.72141
G1 X140.935 Y165.901 E1255.73781
G1 X151.06 Y165.901 E1256.08972
G1 X151.381 Y165.967 E1256.10111
G1 X151.539 Y166.04 E1256.10716
G1 X151.827 Y166.274 E1256.12006
G1 X151.979 Y166.496 E1256.12941
G1 X152.098 Y166.922 E1256.14478
G1 F2400 E1255.64478
G1 F600 Z2.3
G0 F15000 X167.418 Y157.813 Z2.3
G1 F600 Z1.9
G1 F2400 E1256.14478
G1 F10500 X167.341 Y157.546 E1256.15444
G1 X167.34 Y147.464 E1256.50486
G1 X167.432 Y147.162 E1256.51583
G1 X167.669 Y146.928 E1256.52741
G1 X167.936 Y146.843 E1256.53715
G1 X173.634 Y146.84 E1256.73519
G1 X173.896 Y146.972 E1256.74539
G1 X174.083 Y147.189 E1256.75535
G1 X174.16 Y147.5 E1256.76648
G1 X174.16 Y157.589 E1257.11714
G1 X174.083 Y157.811 E1257.12531
G1 X173.896 Y158.028 E1257.13527
G1 X173.634 Y158.16 E1257.14546
G1 X167.932 Y158.157 E1257.34365
G1 X167.669 Y158.072 E1257.35325
G1 X167.418 Y157.813 E1257.36579
G0 F15000 X167.004 Y157.968
G1 F10500 X166.902 Y157.576 E1257.37987
G1 X166.901 Y147.358 E1257.73501
G1 X166.989 Y147.065 E1257.74565
G1 X167.259 Y146.686 E1257.76182
G1 X167.56 Y146.491 E1257.77429
G1 X167.893 Y146.405 E1257.78624
G1 X173.5 Y146.4 E1257.98112
G1 X173.809 Y146.443 E1257.99196
G1 X174.16 Y146.62 E1258.00563
G1 X174.472 Y146.982 E1258.02224
G1 F8717 X174.69 Y147.5 E1258.04577
G1 F7451.6 X174.69 Y148.956 E1258.11708
G1 F7439.6 X174.69 Y150.412 E1258.1885
G1 F7427.7 X174.69 Y151.868 E1258.26004
G1 X174.69 Y153.324 E1258.33158
G1 F7415.7 X174.69 Y154.78 E1258.40323
G1 F7403.8 X174.69 Y156.236 E1258.475
G1 F7392 X174.69 Y157.692 E1258.54688
G1 F8684.2 X174.472 Y158.018 E1258.56336
G1 F10500 X174.16 Y158.38 E1258.57997
G1 X173.809 Y158.557 E1258.59364
G1 X173.5 Y158.6 E1258.60448
G1 X167.887 Y158.595 E1258.79957
G1 X167.556 Y158.507 E1258.81147
G1 X167.175 Y158.229 E1258.82787
G1 X167.004 Y157.968 E1258.83871
G1 F2400 E1258.33871
G1 F600 Z2.3
G0 F15000 X169 Y140.66 Z2.3
G1 F600 Z1.9
G1 F2400 E1258.83871
G1 F10500 X168.528 Y140.607 E1258.85522
G1 X167.989 Y140.411 E1258.87515
G1 X167.559 Y140.112 E1258.89336
G1 X167.242 Y139.757 E1258.9099
G1 X166.996 Y139.308 E1258.92769
G1 X166.859 Y138.804 E1258.94585
G1 X166.849 Y138.278 E1258.96413
G1 X166.986 Y137.709 E1258.98447
G1 X167.231 Y137.257 E1259.00234
G1 X167.582 Y136.867 E1259.02058
G1 X167.972 Y136.599 E1259.03703
G1 X168.526 Y136.389 E1259.05762
G1 X169 Y136.34 E1259.07418
G1 X169.595 Y136.424 E1259.09507
G1 X169.971 Y136.571 E1259.1091
G1 X170.487 Y136.939 E1259.13113
G1 X170.815 Y137.338 E1259.14908
G1 X171.041 Y137.803 E1259.16705
G1 X171.148 Y138.316 E1259.18526
G1 X171.139 Y138.794 E1259.20188
G1 X171.041 Y139.193 E1259.21616
G1 X170.817 Y139.659 E1259.23413
G1 X170.487 Y140.061 E1259.25221
G1 X170.071 Y140.372 E1259.27026
G1 X169.47 Y140.607 E1259.29269
G1 X169 Y140.66 E1259.30913
G0 F15000 X169 Y141.1
G1 F10500 X168.393 Y141.034 E1259.33035
G1 X167.783 Y140.8 E1259.35306
G1 X167.263 Y140.438 E1259.37508
G1 X166.894 Y140.026 E1259.3943
G1 X166.596 Y139.491 E1259.41559
G1 X166.427 Y138.886 E1259.43742
G1 X166.407 Y138.171 E1259.46228
G1 X166.58 Y137.539 E1259.48506
G1 X166.846 Y137.033 E1259.50493
G1 X167.26 Y136.557 E1259.52685
G1 X167.753 Y136.217 E1259.54767
G1 X168.358 Y135.965 E1259.57045
G1 X169 Y135.9 E1259.59287
G1 X169.479 Y135.946 E1259.6096
G1 X170.154 Y136.171 E1259.63433
G1 X170.617 Y136.47 E1259.65349
G1 X170.817 Y136.648 E1259.66279
G1 X171.204 Y137.131 E1259.6843
G1 X171.468 Y137.697 E1259.70601
G1 X171.588 Y138.316 E1259.72793
G1 X171.573 Y138.87 E1259.74719
G1 X171.468 Y139.299 E1259.76254
G1 X171.207 Y139.864 E1259.78417
G1 X170.817 Y140.352 E1259.80588
G1 X170.321 Y140.734 E1259.82764
G1 X170.084 Y140.858 E1259.83694
G1 X169.546 Y141.04 E1259.85668
G1 X169 Y141.1 E1259.87577
G1 F2400 E1259.37577
G1 F600 Z2.3
G0 F15000 X161.932 Y136.464 Z2.3
G1 F600 Z1.9
G1 F2400 E1259.87577
G1 F10500 X161.604 Y136.946 E1259.89603
G1 X161.262 Y137.25 E1259.91194
G1 X160.75 Y137.524 E1259.93212
G1 X160.297 Y137.638 E1259.94836
G1 X159.767 Y137.647 E1259.96678
G1 X159.226 Y137.521 E1259.98609
G1 X158.75 Y137.259 E1260.00497
G1 X158.388 Y136.937 E1260.02181
G1 X158.09 Y136.509 E1260.03994
G1 X157.904 Y136.034 E1260.05767
G1 X157.84 Y135.5 E1260.07636
G1 X157.924 Y134.901 E1260.09738
G1 X158.128 Y134.425 E1260.11538
G1 X158.439 Y134.009 E1260.13344
G1 X158.838 Y133.681 E1260.15139
G1 X159.304 Y133.455 E1260.16939
G1 X159.702 Y133.357 E1260.18364
G1 X160.341 Y133.367 E1260.20585
G1 X160.839 Y133.511 E1260.22387
G1 X161.159 Y133.679 E1260.23643
G1 X161.561 Y134.009 E1260.25451
G1 X161.938 Y134.545 E1260.27728
G1 X162.085 Y134.939 E1260.2919
G1 X162.159 Y135.458 E1260.31012
G1 X162.094 Y136.03 E1260.33013
G1 X161.932 Y136.464 E1260.34623
G0 F15000 X162.313 Y136.698
G1 F10500 X161.959 Y137.217 E1260.36807
G1 X161.489 Y137.636 E1260.38995
G1 X160.91 Y137.944 E1260.41274
G1 X160.241 Y138.087 E1260.43652
G1 X159.669 Y138.086 E1260.4564
G1 X159.033 Y137.913 E1260.47931
G1 X158.524 Y137.646 E1260.49929
G1 X158.062 Y137.233 E1260.52083
G1 X157.703 Y136.718 E1260.54265
G1 X157.461 Y136.104 E1260.56559
G1 X157.4 Y135.5 E1260.58669
G1 X157.446 Y135.018 E1260.60351
G1 X157.514 Y134.741 E1260.61343
G1 X157.766 Y134.175 E1260.63496
G1 X158.148 Y133.679 E1260.65672
G1 X158.631 Y133.292 E1260.67823
G1 X159.197 Y133.028 E1260.69994
G1 X159.626 Y132.924 E1260.71528
G1 X160.18 Y132.908 E1260.73455
G1 X160.799 Y133.028 E1260.75646
G1 X161.364 Y133.29 E1260.77811
G1 X161.852 Y133.679 E1260.7998
G1 X162.03 Y133.879 E1260.8091
G1 X162.344 Y134.376 E1260.82954
G1 X162.53 Y134.899 E1260.84883
G1 X162.605 Y135.486 E1260.8694
G1 X162.538 Y136.091 E1260.89055
G1 X162.313 Y136.698 E1260.91305
G1 F2400 E1260.41305
G1 F600 Z2.3
G0 F15000 X151.657 Y136.568 Z2.3
G1 F600 Z1.9
G1 F2400 E1260.91305
G1 F10500 X151.605 Y136.766 E1260.92017
G1 X151.438 Y136.995 E1260.93002
G1 X151.136 Y137.16 E1260.94198
G1 X140.961 Y137.159 E1261.29563
G1 X140.786 Y137.125 E1261.30183
G1 X140.511 Y136.944 E1261.31327
G1 X140.394 Y136.763 E1261.32076
G1 X140.34 Y136.59 E1261.32706
G1 X140.34 Y130.867 E1261.52597
G1 X140.472 Y130.604 E1261.5362
G1 X140.689 Y130.417 E1261.54616
G1 X140.915 Y130.34 E1261.55446
G1 X151 Y130.34 E1261.90498
G1 X151.311 Y130.417 E1261.91612
G1 X151.528 Y130.604 E1261.92607
G1 X151.66 Y130.867 E1261.9363
G1 X151.657 Y136.568 E1262.13445
G0 F15000 X152.095 Y136.612
G1 F10500 X152.008 Y136.943 E1262.14634
G1 X151.73 Y137.324 E1262.16274
G1 X151.461 Y137.5 E1262.17391
G1 X151.06 Y137.599 E1262.18827
G1 X140.935 Y137.599 E1262.54018
G1 X140.544 Y137.502 E1262.55418
G1 X140.27 Y137.324 E1262.56554
G1 X140.092 Y137.123 E1262.57487
G1 X139.942 Y136.805 E1262.58709
G1 X139.905 Y136.607 E1262.59409
G1 X139.9 Y131 E1262.78897
G1 X139.944 Y130.691 E1262.79982
G1 X140.12 Y130.34 E1262.81347
G1 X140.482 Y130.029 E1262.83006
G1 F8667.9 X140.811 Y129.81 E1262.8467
G1 F7380.2 X142.085 Y129.81 E1262.90969
G1 F7392 X143.359 Y129.81 E1262.97259
G1 F7403.8 X144.633 Y129.81 E1263.03539
G1 F7415.7 X145.907 Y129.81 E1263.09809
G1 X147.181 Y129.81 E1263.16078
G1 F7427.7 X148.455 Y129.81 E1263.22338
G1 F7439.6 X149.729 Y129.81 E1263.28587
G1 F7451.6 X151.003 Y129.81 E1263.34827
G1 F8717 X151.518 Y130.029 E1263.3717
G1 F10500 X151.88 Y130.34 E1263.38829
G1 X152.056 Y130.691 E1263.40193
G1 X152.1 Y131 E1263.41278
G1 X152.095 Y136.612 E1263.60784
G1 F2400 E1263.10784
G1 F600 Z2.3
G0 F15000 X134.16 Y135.5 Z2.3
G1 F600 Z1.9
G1 F2400 E1263.60784
G1 F10500 X134.107 Y135.97 E1263.62428
G1 X133.911 Y136.506 E1263.64411
G1 X133.612 Y136.937 E1263.66235
G1 X133.249 Y137.26 E1263.67923
G1 X132.774 Y137.515 E1263.69797
G1 X132.267 Y137.643 E1263.71615
G1 X131.816 Y137.648 E1263.73182
G1 X131.303 Y137.541 E1263.75004
G1 X130.838 Y137.315 E1263.76801
G1 X130.375 Y136.934 E1263.78885
G1 X130.056 Y136.435 E1263.80943
G1 X129.889 Y135.97 E1263.8266
G1 X129.843 Y135.574 E1263.84046
G1 X129.89 Y134.981 E1263.86114
G1 X130.128 Y134.425 E1263.88216
G1 X130.439 Y134.009 E1263.90021
G1 X130.838 Y133.681 E1263.91816
G1 X131.282 Y133.461 E1263.93538
G1 X131.702 Y133.357 E1263.95042
G1 X132.341 Y133.367 E1263.97264
G1 X132.839 Y133.511 E1263.99065
G1 X133.159 Y133.679 E1264.00322
G1 X133.561 Y134.009 E1264.02129
G1 X133.92 Y134.489 E1264.04213
G1 X134.112 Y135.059 E1264.06303
G1 X134.16 Y135.5 E1264.07845
G0 F15000 X134.6 Y135.5
G1 F10500 X134.533 Y136.108 E1264.09971
G1 X134.3 Y136.713 E1264.12224
G1 X133.937 Y137.233 E1264.14428
G1 X133.473 Y137.649 E1264.16594
G1 X132.935 Y137.924 E1264.18694
G1 X132.324 Y138.079 E1264.20885
G1 X131.663 Y138.091 E1264.23183
G1 X130.947 Y137.872 E1264.25786
G1 X130.42 Y137.557 E1264.2792
G1 X129.97 Y137.117 E1264.30107
G1 X129.646 Y136.595 E1264.32242
G1 F9788.1 X129.485 Y136.265 E1264.33611
G1 F7993.1 X129.352 Y136.064 E1264.34712
G1 F7241.4 X129.315 Y135.634 E1264.36887
G1 F7403.8 X129.315 Y135.368 E1264.38198
G1 F7287.1 X129.345 Y135.007 E1264.40012
G1 F8400 X129.506 Y134.739 E1264.41371
G1 F10312.5 X129.646 Y134.401 E1264.42665
G1 F10500 X129.97 Y133.879 E1264.44801
G1 X130.148 Y133.679 E1264.45731
G1 X130.631 Y133.292 E1264.47882
G1 X131.161 Y133.038 E1264.49925
G1 X131.626 Y132.924 E1264.51589
G1 X132.18 Y132.908 E1264.53515
G1 X132.799 Y133.028 E1264.55707
G1 X133.364 Y133.29 E1264.57872
G1 X133.852 Y133.679 E1264.60041
G1 X134.234 Y134.175 E1264.62217
G1 X134.486 Y134.752 E1264.64405
G1 X134.6 Y135.5 E1264.67035
G1 F2400 E1264.17035
G1 F600 Z2.3
G0 F15000 X132.267 Y166.353 Z2.3
G1 F600 Z1.9
G1 F2400 E1264.67035
G1 F10500 X132.769 Y166.479 E1264.68834
G1 X133.25 Y166.737 E1264.70731
G1 X133.613 Y167.06 E1264.7242
G1 X133.911 Y167.49 E1264.74238
G1 X134.087 Y167.944 E1264.7593
G1 X134.16 Y168.5 E1264.7788
G1 X134.107 Y168.97 E1264.79523
G1 X133.946 Y169.429 E1264.81214
G1 X133.625 Y169.934 E1264.83294
G1 X133.159 Y170.317 E1264.8539
G1 X132.693 Y170.541 E1264.87187
G1 X132.294 Y170.639 E1264.88616
G1 X131.816 Y170.648 E1264.90277
G1 X131.282 Y170.535 E1264.92174
G1 X130.838 Y170.315 E1264.93897
G1 X130.375 Y169.934 E1264.95981
G1 X130.056 Y169.435 E1264.98039
G1 X129.889 Y168.97 E1264.99756
G1 X129.843 Y168.574 E1265.01142
G1 X129.89 Y167.981 E1265.0321
G1 X130.128 Y167.425 E1265.05312
G1 X130.439 Y167.009 E1265.07117
G1 X130.838 Y166.681 E1265.08912
G1 X131.303 Y166.455 E1265.10709
G1 X131.816 Y166.348 E1265.1253
G1 X132.267 Y166.353 E1265.14098
G0 F15000 X132.324 Y165.917
G1 F10500 X132.926 Y166.068 E1265.16255
G1 X133.472 Y166.347 E1265.18386
G1 X133.939 Y166.764 E1265.20562
G1 X134.3 Y167.284 E1265.22763
G1 X134.507 Y167.814 E1265.2474
G1 X134.6 Y168.5 E1265.27146
G1 X134.54 Y169.046 E1265.29056
G1 X134.358 Y169.584 E1265.3103
G1 X134.03 Y170.117 E1265.33205
G1 X133.58 Y170.557 E1265.35392
G1 X133.364 Y170.706 E1265.36304
G1 X132.799 Y170.968 E1265.38469
G1 X132.37 Y171.072 E1265.40003
G1 X131.816 Y171.088 E1265.4193
G1 X131.161 Y170.958 E1265.44251
G1 X130.631 Y170.704 E1265.46293
G1 X130.148 Y170.317 E1265.48444
G1 X129.97 Y170.117 E1265.49375
G1 X129.646 Y169.595 E1265.5151
G1 F9788.1 X129.485 Y169.265 E1265.52879
G1 F7993.1 X129.352 Y169.064 E1265.5398
G1 F7241.4 X129.315 Y168.634 E1265.56155
G1 F7403.8 X129.315 Y168.368 E1265.57466
G1 F7287.1 X129.345 Y168.007 E1265.5928
G1 F8400 X129.506 Y167.739 E1265.60639
G1 F10312.5 X129.646 Y167.401 E1265.61933
G1 F10500 X129.97 Y166.879 E1265.64069
G1 X130.148 Y166.679 E1265.64999
G1 X130.631 Y166.292 E1265.6715
G1 X131.197 Y166.028 E1265.69321
G1 X131.816 Y165.908 E1265.71513
G1 X132.324 Y165.917 E1265.73278
G1 F2400 E1265.23278
G1 F600 Z2.3
G0 F15000 X142.513 Y173.93 Z2.3
;TYPE:FILL
G1 F600 Z1.9
G1 F2400 E1265.73278
G1 F15000 X141.873 Y174.57 E1265.76424
G1 X141.387 Y174.57 E1265.78113
G1 X140.668 Y173.851 E1265.81648
G1 X140.988 Y173.93 E1265.82793
G1 X144.895 Y173.931 E1265.96373
G1 X145.535 Y174.57 E1265.99516
G1 X146.021 Y174.57 E1266.01205
G1 X146.661 Y173.93 E1266.04351
G1 X149.043 Y173.931 E1266.1263
G1 X149.682 Y174.57 E1266.15771
G1 X150.169 Y174.57 E1266.17464
G1 X150.809 Y173.93 E1266.2061
G1 X151.191 Y173.93 E1266.21937
G1 X151.676 Y173.762 E1266.23721
G1 X152.145 Y173.361 E1266.25866
G1 X152.304 Y173.043 E1266.27102
G1 X153.83 Y174.57 E1266.34605
G1 X154.317 Y174.57 E1266.36298
G1 X158.142 Y170.745 E1266.55099
G1 X158.609 Y171.053 E1266.57043
G1 X162.126 Y174.57 E1266.74331
G1 X162.613 Y174.57 E1266.76023
G1 X167.963 Y169.219 E1267.02323
G1 X167.787 Y169.165 E1267.02963
G1 X167.11 Y168.742 E1267.05737
G1 X166.63 Y168.225 E1267.08189
G1 X166.249 Y167.543 E1267.10905
G1 X166.106 Y166.929 E1267.13096
G1 X158.465 Y174.57 E1267.50654
G1 X157.978 Y174.57 E1267.52347
G1 X152.427 Y169.019 E1267.79632
G1 X152.43 Y172.309 E1267.91067
G1 X157.273 Y167.466 E1268.14872
G1 X157.136 Y167.808 E1268.16152
G1 X157.07 Y168.505 E1268.18586
G1 X157.131 Y169.105 E1268.20682
G1 X157.341 Y169.72 E1268.22941
G1 X157.444 Y169.887 E1268.23623
G1 X128.931 Y141.375 E1269.63772
G1 X128.931 Y137.737 E1269.76416
G1 X129.554 Y137.114 E1269.79479
G1 X129.163 Y136.424 E1269.82235
G1 X129.06 Y136.313 E1269.82762
G1 X128.989 Y136.459 E1269.83326
G1 X128.931 Y136.8 E1269.84528
G1 X128.931 Y137.227 E1269.86012
G1 X158.043 Y166.338 E1271.29106
G1 X158.283 Y166.123 E1271.30226
G1 X158.921 Y165.763 E1271.32772
G1 X158.994 Y165.745 E1271.33033
G1 X166.685 Y158.054 E1271.70837
G1 X166.573 Y157.605 E1271.72445
G1 X166.572 Y154.129 E1271.84527
G1 X150.373 Y137.929 E1272.64153
G1 X149.48 Y137.928 E1272.67257
G1 X128.931 Y158.477 E1273.68263
G1 X128.931 Y162.114 E1273.80904
G1 X132.418 Y165.602 E1273.98046
G1 X132.997 Y165.736 E1274.00112
G1 X133.739 Y166.113 E1274.03005
G1 X170.422 Y129.43 E1275.83315
G1 X170.909 Y129.43 E1275.85007
G1 X175.07 Y133.591 E1276.0546
G1 X175.07 Y137.225 E1276.18091
G1 X146.723 Y165.572 E1277.57426
G1 X144.832 Y165.571 E1277.63999
G1 X128.931 Y149.67 E1278.42158
G1 X128.931 Y146.033 E1278.54799
G1 X139.579 Y135.564 E1279.067
G1 X139.575 Y135.427 E1279.07176
G1 X133.578 Y129.43 E1279.36654
G1 X133.09 Y129.43 E1279.3835
G1 X128.931 Y133.589 E1279.58793
G1 X128.931 Y134.515 E1279.62011
G1 X129.051 Y134.77 E1279.62991
G1 X129.203 Y134.592 E1279.63804
G1 X129.49 Y133.993 E1279.66113
G1 X129.646 Y133.794 E1279.66992
G1 X128.93 Y133.078 E1279.70511
G1 X128.93 Y129.442 E1279.83149
G1 X129.43 Y129.43 E1279.84887
G1 X132.662 Y132.662 E1280.00774
G1 X133.193 Y132.827 E1280.02706
G1 X133.599 Y133.07 E1280.04351
G1 X137.238 Y129.43 E1280.2224
G1 X137.726 Y129.43 E1280.23936
G1 X139.565 Y131.105 E1280.32582
G1 X139.57 Y131.246 E1280.33072
G1 X134.885 Y135.931 E1280.56101
G1 X134.931 Y135.5 E1280.57607
G1 X134.867 Y134.867 E1280.59819
G1 X166.097 Y166.097 E1282.13325
G1 X166.258 Y165.427 E1282.1572
G1 X166.606 Y164.807 E1282.18192
G1 X167.077 Y164.275 E1282.20661
G1 X167.627 Y163.909 E1282.22957
G1 X167.934 Y163.786 E1282.24107
G1 X142.076 Y137.928 E1283.51208
G1 X141.184 Y137.928 E1283.54309
G1 X128.931 Y150.181 E1284.14536
G1 X128.931 Y153.818 E1284.27178
G1 X140.716 Y165.603 E1284.85105
G1 X140.915 Y165.572 E1284.85805
G1 X142.575 Y165.572 E1284.91575
G1 X167.284 Y140.863 E1286.13028
G1 X167.629 Y141.093 E1286.14469
G1 X168.321 Y141.359 E1286.17046
G1 X169 Y141.431 E1286.19419
G1 X169.607 Y141.365 E1286.21542
G1 X170.202 Y141.167 E1286.23721
G1 X175.07 Y146.035 E1286.47649
G1 X175.07 Y146.737 E1286.50089
G1 X174.96 Y147.194 E1286.51723
G1 X174.756 Y146.815 E1286.53219
G1 X174.361 Y146.355 E1286.55326
G1 X174.277 Y146.314 E1286.55651
G1 X175.07 Y145.521 E1286.59549
G1 X175.07 Y141.887 E1286.7218
G1 X171.905 Y138.722 E1286.87737
G1 X171.919 Y138.306 E1286.89183
G1 X171.787 Y137.611 E1286.91642
G1 X171.492 Y136.968 E1286.94101
G1 X171.354 Y136.793 E1286.94876
G1 X175.07 Y133.077 E1287.13141
G1 X175.07 Y129.443 E1287.25772
G1 X174.57 Y129.43 E1287.2751
G1 X168.746 Y135.253 E1287.56135
G1 X168.746 Y135.594 E1287.5732
G1 X168.436 Y135.625 E1287.58403
G1 X168.436 Y135.253 E1287.59696
G1 X162.613 Y129.43 E1287.88318
G1 X162.126 Y129.43 E1287.90011
G1 X158.622 Y132.934 E1288.07234
G1 X158.468 Y133.004 E1288.07822
G1 X158.147 Y133.259 E1288.09247
G1 X154.318 Y129.43 E1288.28068
G1 X153.83 Y129.43 E1288.29764
G1 X152.411 Y130.849 E1288.36739
G1 X152.43 Y130.992 E1288.3724
G1 X152.43 Y131.691 E1288.3967
G1 X157.279 Y136.539 E1288.63502
G1 X157.138 Y136.183 E1288.64833
G1 X157.07 Y135.505 E1288.67201
G1 X157.119 Y134.973 E1288.69058
G1 X157.205 Y134.624 E1288.70307
G1 X157.428 Y134.128 E1288.72197
G1 X128.931 Y162.625 E1290.1227
G1 X128.931 Y166.262 E1290.24911
G1 X129.565 Y166.896 E1290.28028
G1 X129.49 Y166.993 E1290.28454
G1 X129.203 Y167.592 E1290.30762
G1 X129.051 Y167.77 E1290.31576
G1 X128.931 Y167.515 E1290.32556
G1 X128.931 Y166.773 E1290.35134
G1 X158.045 Y137.659 E1291.7824
G1 X158.286 Y137.875 E1291.79365
G1 X158.925 Y138.236 E1291.81916
G1 X158.994 Y138.254 E1291.82164
G1 X167.119 Y146.38 E1292.22104
G1 X166.842 Y146.658 E1292.23468
G1 X166.654 Y147.013 E1292.24864
G1 X166.571 Y147.419 E1292.26304
G1 X166.571 Y149.872 E1292.3483
G1 X150.871 Y165.572 E1293.12001
G1 X148.98 Y165.571 E1293.18574
G1 X128.931 Y145.523 E1294.17119
G1 X128.931 Y141.885 E1294.29764
G1 X132.423 Y138.393 E1294.46928
G1 X133 Y138.259 E1294.48987
G1 X133.736 Y137.884 E1294.51858
G1 X170.422 Y174.57 E1296.32183
G1 X170.908 Y174.57 E1296.33872
G1 X175.07 Y170.408 E1296.5433
G1 X175.07 Y166.775 E1296.66957
G1 X146.225 Y137.929 E1298.08743
G1 X145.332 Y137.928 E1298.11847
G1 X128.931 Y154.329 E1298.92464
G1 X128.931 Y157.966 E1299.05105
G1 X139.566 Y168.436 E1299.56976
G1 X139.571 Y168.576 E1299.57462
G1 X133.577 Y174.57 E1299.86925
G1 X133.091 Y174.57 E1299.88614
G1 X128.93 Y170.409 E1300.09067
G1 X128.931 Y169.8 E1300.11184
G1 X128.989 Y169.459 E1300.12386
G1 X129.06 Y169.312 E1300.12953
G1 X129.163 Y169.423 E1300.1348
G1 X129.493 Y170.005 E1300.15805
G1 X129.647 Y170.204 E1300.1668
G1 X128.931 Y170.92 E1300.20199
G1 X128.93 Y174.557 E1300.3284
G1 X129.43 Y174.57 E1300.34579
G1 X132.659 Y171.34 E1300.50453
G1 X132.889 Y171.285 E1300.51275
G1 X133.62 Y170.951 E1300.54068
G1 X137.239 Y174.57 E1300.71857
G1 X137.725 Y174.57 E1300.73546
G1 X139.626 Y172.894 E1300.82354
G1 X139.611 Y172.794 E1300.82706
G1 X134.887 Y168.07 E1301.05926
G1 X134.931 Y168.499 E1301.07425
G1 X134.862 Y169.137 E1301.09655
G1 X166.156 Y137.843 E1302.63477
G1 X166.249 Y137.46 E1302.64847
G1 X166.334 Y137.299 E1302.65479
G1 X158.465 Y129.43 E1303.04158
G1 X157.978 Y129.43 E1303.05851
G1 X152.431 Y134.977 E1303.33116
G1 X152.43 Y135.839 E1303.36112
G1 X166.572 Y149.98 E1304.05623
G1 X166.572 Y154.019 E1304.19661
G1 X152.427 Y168.163 E1304.89187
G1 X152.427 Y166.896 E1304.9359
G1 X152.375 Y166.6 E1304.94635
G1 X152.272 Y166.344 E1304.95594
G1 X152.075 Y166.054 E1304.96813
G1 X151.66 Y165.729 E1304.98645
G1 X151.404 Y165.627 E1304.99602
G1 X151.083 Y165.571 E1305.00735
G1 X150.975 Y165.553
G1 F2400 E1304.50735
G1 F600 Z2.3
G0 F15000 X160.342 Y165.576 Z2.3
G1 F600 Z1.9
G1 F2400 E1305.00735
G1 F15000 X161.012 Y165.748 E1305.03139
G1 X161.6 Y166.043 E1305.05426
G1 X162.14 Y166.496 E1305.07875
G1 X162.556 Y167.067 E1305.10331
G1 X162.827 Y167.727 E1305.12811
G1 X162.943 Y168.517 E1305.15586
G1 X162.841 Y169.216 E1305.18041
G1 X162.626 Y169.801 E1305.20207
G1 X162.297 Y170.312 E1305.2232
G1 X162.157 Y170.452 E1305.23008
G1 X166.274 Y174.57 E1305.43247
G1 X166.761 Y174.57 E1305.4494
G1 X175.07 Y166.26 E1305.85784
G1 X175.07 Y162.627 E1305.98411
G1 X171.374 Y158.93 E1306.16581
G1 X169.957 Y158.93 E1306.21506
G1 X162.246 Y166.64 E1306.59405
G1 X162.169 Y166.717
G1 F2400 E1306.09405
G1 F600 Z2.3
G0 F15000 X168.995 Y163.57 Z2.3
G1 F600 Z1.9
G1 F2400 E1306.59405
G1 F15000 X169.424 Y163.61 E1306.60903
G1 X174.983 Y158.051 E1306.88228
G1 X174.952 Y157.969 E1306.88532
G1 X174.769 Y158.177 E1306.89495
G1 X175.07 Y158.479 E1306.90977
G1 X175.07 Y162.112 E1307.03604
G1 X171.719 Y165.463 E1307.20076
G1 X171.787 Y165.611 E1307.20642
G1 X171.919 Y166.306 E1307.23101
G1 X171.898 Y166.923 E1307.25246
G1 X171.785 Y167.389 E1307.26913
G1 X171.496 Y168.025 E1307.29341
G1 X171.061 Y168.577 E1307.31784
G1 X170.46 Y169.037 E1307.34414
G1 X170.205 Y169.166 E1307.35407
G1 X169.607 Y169.365 E1307.37598
G1 X169.389 Y169.389 E1307.3836
G1 X174.57 Y174.57 E1307.63827
G1 X175.07 Y174.556 E1307.65565
G1 X175.07 Y170.923 E1307.78192
G1 X171.707 Y167.559 E1307.94725
G1 X171.63 Y167.482
G1 F2400 E1307.44725
G1 F600 Z2.3
G0 F15000 X162.157 Y133.546 Z2.3
G1 F600 Z1.9
G1 F2400 E1307.94725
G1 F15000 X166.274 Y129.43 E1308.14959
G1 X166.761 Y129.43 E1308.16652
G1 X175.07 Y137.739 E1308.57494
G1 X175.07 Y141.373 E1308.70124
G1 X170.82 Y145.623 E1308.91015
G1 X170.82 Y146.072 E1308.92575
G1 X170.51 Y146.073 E1308.93653
G1 X170.51 Y145.623 E1308.95217
G1 X162.254 Y137.367 E1309.35798
G1 X162.61 Y136.846 E1309.37991
G1 X162.858 Y136.178 E1309.40468
G1 X162.93 Y135.541 E1309.42696
G1 X162.861 Y134.818 E1309.4522
G1 X162.646 Y134.241 E1309.4736
G1 X162.298 Y133.685 E1309.4964
G1 X161.794 Y133.186 E1309.52105
G1 X161.193 Y132.827 E1309.54538
G1 X160.522 Y132.619 E1309.5698
G1 X160.187 Y132.578 E1309.58153
G1 X160.078 Y132.565
G1 F2400 E1309.08153
G1 F600 Z2.3
;MESH:NONMESH
G0 F15000 X132.613 Y137.105 Z2.3
;TIME_ELAPSED:570.164139
;LAYER:9
;MESH:case_VL53L8+RP2040-up.stl
G0 X132.613 Y137.105 Z2.5
;TYPE:WALL-OUTER
G1 F600 Z2.1
G1 F2400 E1309.58153
G1 F9000 X132.209 Y137.207 E1309.59601
G1 X131.762 Y137.202 E1309.61155
G1 X131.36 Y137.095 E1309.62601
G1 X131.044 Y136.927 E1309.63845
G1 X130.694 Y136.617 E1309.6547
G1 X130.466 Y136.276 E1309.66896
G1 X130.323 Y135.894 E1309.68313
G1 X130.281 Y135.525 E1309.69604
G1 X130.334 Y135.06 E1309.71231
G1 X130.49 Y134.675 E1309.72675
G1 X130.73 Y134.339 E1309.7411
G1 X131.044 Y134.069 E1309.75549
G1 X131.41 Y133.882 E1309.76978
G1 X131.778 Y133.791 E1309.78295
G1 X132.234 Y133.794 E1309.7988
G1 X132.635 Y133.901 E1309.81323
G1 X132.998 Y134.099 E1309.8276
G1 X133.306 Y134.379 E1309.84206
G1 X133.51 Y134.675 E1309.85456
G1 X133.675 Y135.113 E1309.87083
G1 X133.719 Y135.528 E1309.88533
G1 X133.669 Y135.915 E1309.8989
G1 X133.523 Y136.3 E1309.91321
G1 X133.287 Y136.641 E1309.92762
G1 X132.985 Y136.908 E1309.94163
G1 X132.613 Y137.105 E1309.95626
G1 F2400 E1309.45626
G1 F600 Z2.5
G0 F15000 X151.219 Y136.523 Z2.5
G1 F600 Z2.1
G1 F2400 E1309.95626
G1 F9000 X151.191 Y136.611 E1309.95947
G1 X151.036 Y136.718 E1309.96602
G1 X140.973 Y136.719 E1310.31578
G1 X140.877 Y136.684 E1310.31933
G1 X140.783 Y136.542 E1310.32525
G1 X140.78 Y130.954 E1310.51947
G1 X140.824 Y130.868 E1310.52282
G1 X140.962 Y130.783 E1310.52846
G1 X151.085 Y130.78 E1310.8803
G1 X151.22 Y130.954 E1310.88796
G1 X151.219 Y136.523 E1311.08152
G1 F2400 E1310.58152
G1 F600 Z2.5
G0 F15000 X160.625 Y137.1 Z2.5
G1 F600 Z2.1
G1 F2400 E1311.08152
G1 F9000 X160.219 Y137.205 E1311.09609
G1 X159.799 Y137.208 E1311.11069
G1 X159.384 Y137.106 E1311.12554
G1 X159.026 Y136.916 E1311.13963
G1 X158.713 Y136.641 E1311.15411
G1 X158.478 Y136.301 E1311.16848
G1 X158.323 Y135.894 E1311.18361
G1 X158.281 Y135.525 E1311.19652
G1 X158.334 Y135.06 E1311.21279
G1 X158.49 Y134.675 E1311.22723
G1 X158.73 Y134.339 E1311.24158
G1 X159.044 Y134.069 E1311.25597
G1 X159.41 Y133.882 E1311.27026
G1 X159.778 Y133.791 E1311.28343
G1 X160.234 Y133.794 E1311.29928
G1 X160.635 Y133.901 E1311.31371
G1 X160.998 Y134.099 E1311.32808
G1 X161.306 Y134.379 E1311.34255
G1 X161.532 Y134.715 E1311.35662
G1 X161.666 Y135.073 E1311.36991
G1 X161.72 Y135.486 E1311.38438
G1 X161.669 Y135.914 E1311.39937
G1 X161.53 Y136.286 E1311.41317
G1 X161.284 Y136.644 E1311.42827
G1 X160.971 Y136.918 E1311.44272
G1 X160.625 Y137.1 E1311.45631
G1 F2400 E1310.95631
G1 F600 Z2.5
G0 F15000 X169.383 Y140.175 Z2.5
G1 F600 Z2.1
G1 F2400 E1311.45631
G1 F9000 X168.973 Y140.219 E1311.47064
G1 X168.582 Y140.169 E1311.48434
G1 X168.196 Y140.023 E1311.49869
G1 X167.855 Y139.787 E1311.5131
G1 X167.59 Y139.487 E1311.52701
G1 X167.388 Y139.107 E1311.54197
G1 X167.291 Y138.722 E1311.55577
G1 X167.294 Y138.262 E1311.57176
G1 X167.394 Y137.874 E1311.58569
G1 X167.586 Y137.517 E1311.59978
G1 X167.863 Y137.206 E1311.61425
G1 X168.19 Y136.981 E1311.62805
G1 X168.602 Y136.823 E1311.64338
G1 X169 Y136.78 E1311.6573
G1 X169.436 Y136.834 E1311.67257
G1 X169.788 Y136.971 E1311.6857
G1 X170.157 Y137.23 E1311.70136
G1 X170.427 Y137.544 E1311.71576
G1 X170.614 Y137.91 E1311.73004
G1 X170.702 Y138.262 E1311.74265
G1 X170.705 Y138.718 E1311.7585
G1 X170.595 Y139.135 E1311.77349
G1 X170.397 Y139.498 E1311.78786
G1 X170.117 Y139.806 E1311.80233
G1 X169.821 Y140.01 E1311.81483
G1 X169.383 Y140.175 E1311.83109
G1 F2400 E1311.33109
G1 F600 Z2.5
G0 F15000 X173.717 Y157.539 Z2.5
G1 F600 Z2.1
G1 F2400 E1311.83109
G1 F9000 X173.632 Y157.676 E1311.8367
G1 X173.546 Y157.72 E1311.84006
G1 X167.977 Y157.719 E1312.03362
G1 X167.889 Y157.691 E1312.03683
G1 X167.78 Y157.572 E1312.04244
G1 X167.783 Y147.461 E1312.39386
G1 X167.826 Y147.364 E1312.39755
G1 X167.978 Y147.281 E1312.40357
G1 X173.546 Y147.28 E1312.5971
G1 X173.72 Y147.415 E1312.60475
G1 X173.717 Y157.539 E1312.95663
G1 F2400 E1312.45663
G1 F600 Z2.5
G0 F15000 X169.383 Y168.175 Z2.5
G1 F600 Z2.1
G1 F2400 E1312.95663
G1 F9000 X168.973 Y168.219 E1312.97096
G1 X168.562 Y168.162 E1312.98538
G1 X168.175 Y168.01 E1312.99983
G1 X167.866 Y167.796 E1313.0129
G1 X167.59 Y167.487 E1313.0273
G1 X167.394 Y167.122 E1313.0417
G1 X167.289 Y166.705 E1313.05664
G1 X167.289 Y166.286 E1313.07121
G1 X167.386 Y165.895 E1313.08521
G1 X167.585 Y165.518 E1313.10002
G1 X167.855 Y165.213 E1313.11418
G1 X168.195 Y164.978 E1313.12855
G1 X168.602 Y164.823 E1313.14369
G1 X169 Y164.78 E1313.1576
G1 X169.436 Y164.834 E1313.17287
G1 X169.821 Y164.99 E1313.18731
G1 X170.157 Y165.23 E1313.20166
G1 X170.427 Y165.544 E1313.21605
G1 X170.614 Y165.91 E1313.23034
G1 X170.702 Y166.262 E1313.24295
G1 X170.705 Y166.718 E1313.2588
G1 X170.595 Y167.135 E1313.27379
G1 X170.397 Y167.498 E1313.28816
G1 X170.117 Y167.806 E1313.30263
G1 X169.814 Y168.014 E1313.3154
G1 X169.383 Y168.175 E1313.33139
G1 F2400 E1312.83139
G1 F600 Z2.5
G0 F15000 X160.586 Y170.114 Z2.5
G1 F600 Z2.1
G1 F2400 E1313.33139
G1 F9000 X160.218 Y170.205 E1313.34457
G1 X159.762 Y170.202 E1313.36042
G1 X159.36 Y170.095 E1313.37488
G1 X159.044 Y169.927 E1313.38731
G1 X158.694 Y169.617 E1313.40356
G1 X158.466 Y169.276 E1313.41782
G1 X158.323 Y168.894 E1313.432
G1 X158.281 Y168.475 E1313.44663
G1 X158.329 Y168.074 E1313.46067
G1 X158.49 Y167.675 E1313.47563
G1 X158.694 Y167.379 E1313.48812
G1 X159.014 Y167.088 E1313.50315
G1 X159.392 Y166.887 E1313.51803
G1 X159.798 Y166.788 E1313.53256
G1 X160.205 Y166.789 E1313.5467
G1 X160.586 Y166.882 E1313.56034
G1 X160.967 Y167.076 E1313.5752
G1 X161.28 Y167.348 E1313.58961
G1 X161.525 Y167.7 E1313.60452
G1 X161.667 Y168.076 E1313.61848
G1 X161.72 Y168.487 E1313.63289
G1 X161.675 Y168.883 E1313.64674
G1 X161.522 Y169.302 E1313.66224
G1 X161.306 Y169.617 E1313.67552
G1 X160.955 Y169.927 E1313.6918
G1 X160.586 Y170.114 E1313.70617
G1 F2400 E1313.20617
G1 F600 Z2.5
G0 F15000 X151.22 Y172.546 Z2.5
G1 F600 Z2.1
G1 F2400 E1313.70617
G1 F9000 X151.176 Y172.633 E1313.70956
G1 X151.038 Y172.717 E1313.71518
G1 X140.915 Y172.72 E1314.06702
G1 X140.78 Y172.546 E1314.07468
G1 X140.782 Y166.966 E1314.26862
G1 X140.834 Y166.854 E1314.27291
G1 X140.959 Y166.783 E1314.27791
G1 X151.037 Y166.782 E1314.62819
G1 X151.145 Y166.833 E1314.63234
G1 X151.218 Y166.964 E1314.63755
G1 X151.22 Y172.546 E1314.83156
G1 F2400 E1314.33156
G1 F600 Z2.5
G0 F15000 X132.586 Y170.114 Z2.5
G1 F600 Z2.1
G1 F2400 E1314.83156
G1 F9000 X132.218 Y170.205 E1314.84474
G1 X131.762 Y170.202 E1314.86059
G1 X131.403 Y170.112 E1314.87345
G1 X131.044 Y169.927 E1314.88749
G1 X130.694 Y169.617 E1314.90374
G1 X130.466 Y169.276 E1314.918
G1 X130.323 Y168.894 E1314.93217
G1 X130.281 Y168.525 E1314.94508
G1 X130.334 Y168.06 E1314.96135
G1 X130.49 Y167.675 E1314.97579
G1 X130.73 Y167.339 E1314.99014
G1 X131.044 Y167.069 E1315.00453
G1 X131.41 Y166.882 E1315.01882
G1 X131.762 Y166.794 E1315.03143
G1 X132.209 Y166.789 E1315.04696
G1 X132.611 Y166.89 E1315.06137
G1 X132.974 Y167.08 E1315.07561
G1 X133.287 Y167.356 E1315.09012
G1 X133.523 Y167.696 E1315.1045
G1 X133.667 Y168.074 E1315.11856
G1 X133.719 Y168.473 E1315.13255
G1 X133.673 Y168.894 E1315.14727
G1 X133.51 Y169.321 E1315.16315
G1 X133.306 Y169.617 E1315.17565
G1 X132.955 Y169.927 E1315.19192
G1 X132.586 Y170.114 E1315.2063
G1 F2400 E1314.7063
G1 F600 Z2.5
G0 F15000 X176.28 Y175.78 Z2.5
G1 F600 Z2.1
G1 F2400 E1315.2063
G1 F9000 X176.28 Y128.22 E1316.85934
G1 X127.72 Y128.22 E1318.54713
G1 X127.72 Y175.78 E1320.20016
G1 X176.28 Y175.78 E1321.88796
G0 F15000 X175.84 Y175.34
;TYPE:WALL-INNER
G1 F10500 X175.84 Y128.66 E1323.5104
G1 X128.16 Y128.66 E1325.16761
G1 X128.16 Y175.34 E1326.79006
G1 X175.84 Y175.34 E1328.44727
G0 F15000 X175.4 Y174.9
G1 F10500 X175.4 Y158.25 E1329.02597
G1 F8619.4 X175.305 Y157.761 E1329.04706
G1 F7321.7 X175.305 Y157.077 E1329.08115
G1 F7333.3 X175.306 Y156.393 E1329.11519
G1 F7345 X175.306 Y155.709 E1329.14918
G1 F7356.7 X175.306 Y155.025 E1329.18311
G1 X175.307 Y154.341 E1329.21704
G1 F7368.4 X175.307 Y153.657 E1329.25092
G1 F7380.2 X175.307 Y152.973 E1329.28474
G1 X175.308 Y152.289 E1329.31857
G1 F7392 X175.308 Y151.605 E1329.35234
G1 F7403.8 X175.308 Y150.921 E1329.38605
G1 F7415.7 X175.309 Y150.237 E1329.41971
G1 X175.309 Y149.553 E1329.45337
G1 F7427.7 X175.309 Y148.869 E1329.48698
G1 F7439.6 X175.31 Y148.185 E1329.52053
G1 F7451.6 X175.31 Y147.501 E1329.55403
G1 F8717 X175.4 Y146.75 E1329.5857
G1 F10500 X175.4 Y129.1 E1330.19916
G1 X151.75 Y129.1 E1331.02116
G1 F8717 X151 Y129.19 E1331.05278
G1 F7451.6 X150.359 Y129.19 E1331.08418
G1 F7439.6 X149.718 Y129.191 E1331.11562
G1 F7427.7 X149.077 Y129.191 E1331.14711
G1 F7415.7 X148.436 Y129.191 E1331.17866
G1 X147.795 Y129.192 E1331.2102
G1 F7403.8 X147.154 Y129.192 E1331.2418
G1 F7392 X146.513 Y129.193 E1331.27345
G1 F7380.2 X145.872 Y129.193 E1331.30514
G1 X145.231 Y129.193 E1331.33684
G1 F7368.4 X144.59 Y129.194 E1331.36859
G1 F7356.7 X143.949 Y129.194 E1331.40039
G1 F7345 X143.308 Y129.194 E1331.43224
G1 X142.667 Y129.195 E1331.46409
G1 F7333.3 X142.026 Y129.195 E1331.49599
G1 F7321.7 X141.385 Y129.196 E1331.52794
G1 F7310.1 X140.744 Y129.196 E1331.55994
G1 F8619.4 X140.25 Y129.1 E1331.58124
G1 F10500 X128.6 Y129.1 E1331.98616
G1 X128.601 Y134.206 E1332.16363
G1 F10312.5 X128.608 Y134.571 E1332.17655
G1 F8400 X128.703 Y134.972 E1332.19445
G1 F7287.1 X128.693 Y135.334 E1332.21259
G1 F7403.8 X128.693 Y135.668 E1332.22905
G1 F7241.4 X128.706 Y136.12 E1332.25184
G1 F7993.1 X128.631 Y136.425 E1332.26618
G1 F9788.1 X128.601 Y136.79 E1332.27984
G1 F10500 X128.601 Y167.206 E1333.337
G1 F10312.5 X128.608 Y167.571 E1333.34992
G1 F8400 X128.703 Y167.972 E1333.36782
G1 F7287.1 X128.693 Y168.334 E1333.38596
G1 F7403.8 X128.693 Y168.668 E1333.40242
G1 F7241.4 X128.706 Y169.12 E1333.42521
G1 F7993.1 X128.631 Y169.425 E1333.43955
G1 F9788.1 X128.601 Y169.79 E1333.45321
G1 F10500 X128.6 Y174.9 E1333.63082
G1 X175.4 Y174.9 E1335.25744
G1 F2400 E1334.75744
G1 F600 Z2.5
G0 F15000 X170.487 Y168.061 Z2.5
G1 F600 Z2.1
G1 F2400 E1335.25744
G1 F10500 X170.05 Y168.386 E1335.27636
G1 X169.47 Y168.607 E1335.29794
G1 X169 Y168.66 E1335.31438
G1 X168.559 Y168.612 E1335.3298
G1 X168.067 Y168.446 E1335.34784
G1 X167.591 Y168.14 E1335.36751
G1 X167.242 Y167.757 E1335.38552
G1 X166.992 Y167.3 E1335.40363
G1 X166.852 Y166.755 E1335.42318
G1 X166.849 Y166.271 E1335.44001
G1 X166.968 Y165.759 E1335.45828
G1 X167.206 Y165.295 E1335.4764
G1 X167.559 Y164.888 E1335.49513
G1 X167.987 Y164.59 E1335.51325
G1 X168.462 Y164.404 E1335.53098
G1 X169 Y164.34 E1335.54981
G1 X169.595 Y164.424 E1335.5707
G1 X170.071 Y164.628 E1335.5887
G1 X170.487 Y164.939 E1335.60675
G1 X170.815 Y165.338 E1335.6247
G1 X171.041 Y165.803 E1335.64267
G1 X171.148 Y166.316 E1335.66089
G1 X171.139 Y166.794 E1335.6775
G1 X171.041 Y167.193 E1335.69178
G1 X170.817 Y167.659 E1335.70975
G1 X170.487 Y168.061 E1335.72783
G0 F15000 X170.817 Y168.352
G1 F10500 X170.617 Y168.53 E1335.73714
G1 X170.084 Y168.858 E1335.75889
G1 X169.546 Y169.04 E1335.77863
G1 X169 Y169.1 E1335.79772
G1 X168.506 Y169.049 E1335.81498
G1 X167.912 Y168.858 E1335.83667
G1 X167.316 Y168.483 E1335.86114
G1 X166.842 Y167.97 E1335.88542
G1 X166.562 Y167.411 E1335.90715
G1 X166.425 Y166.876 E1335.92634
G1 X166.41 Y166.241 E1335.94842
G1 X166.566 Y165.553 E1335.97294
G1 X166.873 Y165.001 E1335.99489
G1 X167.263 Y164.562 E1336.0153
G1 X167.779 Y164.203 E1336.03715
G1 X168.391 Y163.961 E1336.06003
G1 X169 Y163.9 E1336.0813
G1 X169.479 Y163.946 E1336.09802
G1 X169.755 Y164.014 E1336.1079
G1 X170.321 Y164.266 E1336.12944
G1 X170.817 Y164.648 E1336.1512
G1 X171.204 Y165.131 E1336.17271
G1 X171.468 Y165.697 E1336.19442
G1 X171.588 Y166.316 E1336.21633
G1 X171.573 Y166.87 E1336.23559
G1 X171.468 Y167.299 E1336.25094
G1 X171.207 Y167.864 E1336.27258
G1 X170.817 Y168.352 E1336.29429
G1 F2400 E1335.79429
G1 F600 Z2.5
G0 F15000 X162.16 Y168.463 Z2.5
G1 F600 Z2.1
G1 F2400 E1336.29429
G1 F10500 X162.095 Y169.023 E1336.31388
G1 X161.928 Y169.474 E1336.3306
G1 X161.561 Y169.987 E1336.35252
G1 X161.159 Y170.317 E1336.3706
G1 X160.693 Y170.541 E1336.38857
G1 X160.294 Y170.639 E1336.40285
G1 X159.816 Y170.648 E1336.41947
G1 X159.303 Y170.541 E1336.43768
G1 X158.838 Y170.315 E1336.45565
G1 X158.375 Y169.934 E1336.47649
G1 X158.056 Y169.435 E1336.49708
G1 X157.889 Y168.97 E1336.51425
G1 X157.84 Y168.5 E1336.53067
G1 X157.909 Y167.944 E1336.55015
G1 X158.09 Y167.487 E1336.56723
G1 X158.387 Y167.06 E1336.58531
G1 X158.748 Y166.738 E1336.60212
G1 X159.249 Y166.471 E1336.62185
G1 X159.717 Y166.355 E1336.63861
G1 X160.216 Y166.348 E1336.65596
G1 X160.751 Y166.473 E1336.67505
G1 X161.238 Y166.727 E1336.69414
G1 X161.592 Y167.038 E1336.71052
G1 X161.895 Y167.461 E1336.72861
G1 X162.088 Y167.948 E1336.74681
G1 X162.16 Y168.463 E1336.76489
G0 F15000 X162.609 Y168.516
G1 F10500 X162.521 Y169.134 E1336.78658
G1 X162.327 Y169.658 E1336.806
G1 X162.03 Y170.117 E1336.82501
G1 X161.58 Y170.557 E1336.84688
G1 X161.364 Y170.706 E1336.856
G1 X160.799 Y170.968 E1336.87765
G1 X160.37 Y171.072 E1336.89299
G1 X159.816 Y171.088 E1336.91225
G1 X159.549 Y171.056 E1336.9216
G1 X158.947 Y170.872 E1336.94348
G1 X158.42 Y170.557 E1336.96482
G1 X157.97 Y170.117 E1336.98669
G1 X157.646 Y169.595 E1337.00805
G1 X157.456 Y169.046 E1337.02824
G1 X157.4 Y168.5 E1337.04732
G1 X157.489 Y167.814 E1337.07136
G1 X157.702 Y167.279 E1337.09137
G1 X158.061 Y166.764 E1337.11319
G1 X158.482 Y166.387 E1337.13283
G1 X159.081 Y166.054 E1337.15665
G1 X159.727 Y165.911 E1337.17965
G1 X160.314 Y165.909 E1337.20005
G1 X160.896 Y166.057 E1337.22093
G1 X161.426 Y166.325 E1337.24157
G1 X161.904 Y166.728 E1337.2633
G1 X162.318 Y167.297 E1337.28776
G1 X162.528 Y167.89 E1337.30962
G1 X162.609 Y168.516 E1337.33156
G1 F2400 E1336.83156
G1 F600 Z2.5
G0 F15000 X151.659 Y166.953 Z2.5
G1 F600 Z2.1
G1 F2400 E1337.33156
G1 F10500 X151.66 Y172.633 E1337.52898
G1 X151.528 Y172.897 E1337.53924
G1 X151.311 Y173.083 E1337.54917
G1 X151.088 Y173.16 E1337.55737
G1 X141 Y173.16 E1337.908
G1 X140.689 Y173.083 E1337.91913
G1 X140.472 Y172.897 E1337.92907
G1 X140.34 Y172.633 E1337.93933
G1 X140.341 Y166.96 E1338.1365
G1 X140.413 Y166.697 E1338.14598
G1 X140.601 Y166.473 E1338.15614
G1 X140.92 Y166.344 E1338.1681
G1 X151.036 Y166.34 E1338.5197
G1 X151.229 Y166.38 E1338.52655
G1 X151.497 Y166.564 E1338.53785
G1 X151.587 Y166.697 E1338.54344
G1 X151.659 Y166.953 E1338.55268
G0 F15000 X152.098 Y166.922
G1 F10500 X152.1 Y172.5 E1338.74655
G1 X152.057 Y172.809 E1338.7574
G1 X151.88 Y173.161 E1338.77109
G1 X151.518 Y173.471 E1338.78765
G1 X151.144 Y173.6 E1338.8014
G1 X141 Y173.6 E1339.15398
G1 X140.482 Y173.471 E1339.17253
G1 X140.12 Y173.161 E1339.1891
G1 X139.943 Y172.809 E1339.20279
G1 X139.9 Y172.5 E1339.21363
G1 X139.901 Y166.934 E1339.40709
G1 X140.021 Y166.496 E1339.42288
G1 X140.22 Y166.223 E1339.43462
G1 X140.481 Y166.029 E1339.44592
G1 X140.935 Y165.901 E1339.46232
G1 X151.06 Y165.901 E1339.81423
G1 X151.381 Y165.967 E1339.82562
G1 X151.539 Y166.04 E1339.83167
G1 X151.827 Y166.274 E1339.84457
G1 X151.979 Y166.496 E1339.85392
G1 X152.098 Y166.922 E1339.86929
G1 F2400 E1339.36929
G1 F600 Z2.5
G0 F15000 X167.418 Y157.813 Z2.5
G1 F600 Z2.1
G1 F2400 E1339.86929
G1 F10500 X167.341 Y157.546 E1339.87895
G1 X167.34 Y147.464 E1340.22937
G1 X167.432 Y147.162 E1340.24034
G1 X167.669 Y146.928 E1340.25192
G1 X167.936 Y146.843 E1340.26165
G1 X173.634 Y146.84 E1340.4597
G1 X173.896 Y146.972 E1340.4699
G1 X174.083 Y147.189 E1340.47985
G1 X174.16 Y147.5 E1340.49099
G1 X174.16 Y157.589 E1340.84165
G1 X174.083 Y157.811 E1340.84982
G1 X173.896 Y158.028 E1340.85977
G1 X173.634 Y158.16 E1340.86997
G1 X167.932 Y158.157 E1341.06815
G1 X167.669 Y158.072 E1341.07776
G1 X167.418 Y157.813 E1341.0903
G0 F15000 X167.004 Y157.968
G1 F10500 X166.902 Y157.576 E1341.10437
G1 X166.901 Y147.358 E1341.45952
G1 X166.989 Y147.065 E1341.47015
G1 X167.259 Y146.686 E1341.48633
G1 X167.56 Y146.491 E1341.49879
G1 X167.893 Y146.405 E1341.51075
G1 X173.5 Y146.4 E1341.70563
G1 X173.809 Y146.443 E1341.71647
G1 X174.16 Y146.62 E1341.73013
G1 X174.472 Y146.982 E1341.74674
G1 F8717 X174.69 Y147.5 E1341.77027
G1 F7451.6 X174.69 Y148.956 E1341.84158
G1 F7439.6 X174.69 Y150.412 E1341.913
G1 F7427.7 X174.69 Y151.868 E1341.98454
G1 X174.69 Y153.324 E1342.05608
G1 F7415.7 X174.69 Y154.78 E1342.12773
G1 F7403.8 X174.69 Y156.236 E1342.1995
G1 F7392 X174.69 Y157.692 E1342.27139
G1 F8684.2 X174.472 Y158.018 E1342.28787
G1 F10500 X174.16 Y158.38 E1342.30448
G1 X173.809 Y158.557 E1342.31814
G1 X173.5 Y158.6 E1342.32898
G1 X167.887 Y158.595 E1342.52407
G1 X167.556 Y158.507 E1342.53598
G1 X167.175 Y158.229 E1342.55237
G1 X167.004 Y157.968 E1342.56322
G1 F2400 E1342.06322
G1 F600 Z2.5
G0 F15000 X169 Y140.66 Z2.5
G1 F600 Z2.1
G1 F2400 E1342.56322
G1 F10500 X168.528 Y140.607 E1342.57972
G1 X167.989 Y140.411 E1342.59966
G1 X167.559 Y140.112 E1342.61786
G1 X167.242 Y139.757 E1342.6344
G1 X166.996 Y139.308 E1342.6522
G1 X166.859 Y138.804 E1342.67035
G1 X166.849 Y138.278 E1342.68864
G1 X166.986 Y137.709 E1342.70898
G1 X167.231 Y137.257 E1342.72685
G1 X167.582 Y136.867 E1342.74509
G1 X167.972 Y136.599 E1342.76153
G1 X168.526 Y136.389 E1342.78212
G1 X169 Y136.34 E1342.79869
G1 X169.595 Y136.424 E1342.81957
G1 X169.971 Y136.571 E1342.8336
G1 X170.487 Y136.939 E1342.85563
G1 X170.815 Y137.338 E1342.87359
G1 X171.041 Y137.803 E1342.89155
G1 X171.148 Y138.316 E1342.90977
G1 X171.139 Y138.794 E1342.92639
G1 X171.041 Y139.193 E1342.94067
G1 X170.817 Y139.659 E1342.95864
G1 X170.487 Y140.061 E1342.97671
G1 X170.071 Y140.372 E1342.99477
G1 X169.47 Y140.607 E1343.0172
G1 X169 Y140.66 E1343.03363
G0 F15000 X169 Y141.1
G1 F10500 X168.393 Y141.034 E1343.05486
G1 X167.783 Y140.8 E1343.07756
G1 X167.263 Y140.438 E1343.09959
G1 X166.894 Y140.026 E1343.11881
G1 X166.596 Y139.491 E1343.14009
G1 X166.427 Y138.886 E1343.16193
G1 X166.407 Y138.171 E1343.18679
G1 X166.58 Y137.539 E1343.20956
G1 X166.846 Y137.033 E1343.22943
G1 X167.26 Y136.557 E1343.25136
G1 X167.753 Y136.217 E1343.27217
G1 X168.358 Y135.965 E1343.29495
G1 X169 Y135.9 E1343.31738
G1 X169.479 Y135.946 E1343.33411
G1 X170.154 Y136.171 E1343.35884
G1 X170.617 Y136.47 E1343.37799
G1 X170.817 Y136.648 E1343.3873
G1 X171.204 Y137.131 E1343.40881
G1 X171.468 Y137.697 E1343.43052
G1 X171.588 Y138.316 E1343.45243
G1 X171.573 Y138.87 E1343.47169
G1 X171.468 Y139.299 E1343.48704
G1 X171.207 Y139.864 E1343.50868
G1 X170.817 Y140.352 E1343.53039
G1 X170.321 Y140.734 E1343.55215
G1 X170.084 Y140.858 E1343.56144
G1 X169.546 Y141.04 E1343.58118
G1 X169 Y141.1 E1343.60028
G1 F2400 E1343.10028
G1 F600 Z2.5
G0 F15000 X161.932 Y136.464 Z2.5
G1 F600 Z2.1
G1 F2400 E1343.60028
G1 F10500 X161.604 Y136.946 E1343.62054
G1 X161.262 Y137.25 E1343.63644
G1 X160.75 Y137.524 E1343.65663
G1 X160.297 Y137.638 E1343.67286
G1 X159.767 Y137.647 E1343.69129
G1 X159.226 Y137.521 E1343.71059
G1 X158.75 Y137.259 E1343.72948
G1 X158.388 Y136.937 E1343.74632
G1 X158.09 Y136.509 E1343.76444
G1 X157.904 Y136.034 E1343.78217
G1 X157.84 Y135.5 E1343.80087
G1 X157.924 Y134.901 E1343.82189
G1 X158.128 Y134.425 E1343.83989
G1 X158.439 Y134.009 E1343.85794
G1 X158.838 Y133.681 E1343.8759
G1 X159.304 Y133.455 E1343.8939
G1 X159.702 Y133.357 E1343.90814
G1 X160.341 Y133.367 E1343.93035
G1 X160.839 Y133.511 E1343.94837
G1 X161.159 Y133.679 E1343.96093
G1 X161.561 Y134.009 E1343.97901
G1 X161.938 Y134.545 E1344.00179
G1 X162.085 Y134.939 E1344.0164
G1 X162.159 Y135.458 E1344.03463
G1 X162.094 Y136.03 E1344.05463
G1 X161.932 Y136.464 E1344.07074
G0 F15000 X162.313 Y136.698
G1 F10500 X161.959 Y137.217 E1344.09257
G1 X161.489 Y137.636 E1344.11446
G1 X160.91 Y137.944 E1344.13725
G1 X160.241 Y138.087 E1344.16103
G1 X159.669 Y138.086 E1344.18091
G1 X159.033 Y137.913 E1344.20382
G1 X158.524 Y137.646 E1344.22379
G1 X158.062 Y137.233 E1344.24533
G1 X157.703 Y136.718 E1344.26715
G1 X157.461 Y136.104 E1344.29009
G1 X157.4 Y135.5 E1344.31119
G1 X157.446 Y135.018 E1344.32802
G1 X157.514 Y134.741 E1344.33793
G1 X157.766 Y134.175 E1344.35947
G1 X158.148 Y133.679 E1344.38123
G1 X158.631 Y133.292 E1344.40274
G1 X159.197 Y133.028 E1344.42445
G1 X159.626 Y132.924 E1344.43979
G1 X160.18 Y132.908 E1344.45905
G1 X160.799 Y133.028 E1344.48097
G1 X161.364 Y133.29 E1344.50261
G1 X161.852 Y133.679 E1344.5243
G1 X162.03 Y133.879 E1344.53361
G1 X162.344 Y134.376 E1344.55404
G1 X162.53 Y134.899 E1344.57334
G1 X162.605 Y135.486 E1344.5939
G1 X162.538 Y136.091 E1344.61506
G1 X162.313 Y136.698 E1344.63756
G1 F2400 E1344.13756
G1 F600 Z2.5
G0 F15000 X151.657 Y136.568 Z2.5
G1 F600 Z2.1
G1 F2400 E1344.63756
G1 F10500 X151.605 Y136.766 E1344.64468
G1 X151.438 Y136.995 E1344.65453
G1 X151.136 Y137.16 E1344.66649
G1 X140.961 Y137.159 E1345.02014
G1 X140.786 Y137.125 E1345.02633
G1 X140.511 Y136.944 E1345.03778
G1 X140.394 Y136.763 E1345.04527
G1 X140.34 Y136.59 E1345.05157
G1 X140.34 Y130.867 E1345.25048
G1 X140.472 Y130.604 E1345.26071
G1 X140.689 Y130.417 E1345.27066
G1 X140.915 Y130.34 E1345.27896
G1 X151 Y130.34 E1345.62949
G1 X151.311 Y130.417 E1345.64062
G1 X151.528 Y130.604 E1345.65058
G1 X151.66 Y130.867 E1345.66081
G1 X151.657 Y136.568 E1345.85895
G0 F15000 X152.095 Y136.612
G1 F10500 X152.008 Y136.943 E1345.87085
G1 X151.73 Y137.324 E1345.88724
G1 X151.461 Y137.5 E1345.89842
G1 X151.06 Y137.599 E1345.91277
G1 X140.935 Y137.599 E1346.26468
G1 X140.544 Y137.502 E1346.27869
G1 X140.27 Y137.324 E1346.29004
G1 X140.092 Y137.123 E1346.29937
G1 X139.942 Y136.805 E1346.3116
G1 X139.905 Y136.607 E1346.3186
G1 X139.9 Y131 E1346.51348
G1 X139.944 Y130.691 E1346.52433
G1 X140.12 Y130.34 E1346.53797
G1 X140.482 Y130.029 E1346.55456
G1 F8667.9 X140.811 Y129.81 E1346.5712
G1 F7380.2 X142.085 Y129.81 E1346.6342
G1 F7392 X143.359 Y129.81 E1346.6971
G1 F7403.8 X144.633 Y129.81 E1346.7599
G1 F7415.7 X145.907 Y129.81 E1346.82259
G1 X147.181 Y129.81 E1346.88529
G1 F7427.7 X148.455 Y129.81 E1346.94789
G1 F7439.6 X149.729 Y129.81 E1347.01038
G1 F7451.6 X151.003 Y129.81 E1347.07278
G1 F8717 X151.518 Y130.029 E1347.0962
G1 F10500 X151.88 Y130.34 E1347.11279
G1 X152.056 Y130.691 E1347.12644
G1 X152.1 Y131 E1347.13729
G1 X152.095 Y136.612 E1347.33234
G1 F2400 E1346.83234
G1 F600 Z2.5
G0 F15000 X134.16 Y135.5 Z2.5
G1 F600 Z2.1
G1 F2400 E1347.33234
G1 F10500 X134.107 Y135.97 E1347.34878
G1 X133.911 Y136.506 E1347.36862
G1 X133.612 Y136.937 E1347.38685
G1 X133.249 Y137.26 E1347.40374
G1 X132.774 Y137.515 E1347.42248
G1 X132.267 Y137.643 E1347.44065
G1 X131.816 Y137.648 E1347.45633
G1 X131.303 Y137.541 E1347.47454
G1 X130.838 Y137.315 E1347.49251
G1 X130.375 Y136.934 E1347.51335
G1 X130.056 Y136.435 E1347.53394
G1 X129.889 Y135.97 E1347.55111
G1 X129.843 Y135.574 E1347.56497
G1 X129.89 Y134.981 E1347.58564
G1 X130.128 Y134.425 E1347.60666
G1 X130.439 Y134.009 E1347.62472
G1 X130.838 Y133.681 E1347.64267
G1 X131.282 Y133.461 E1347.65989
G1 X131.702 Y133.357 E1347.67493
G1 X132.341 Y133.367 E1347.69714
G1 X132.839 Y133.511 E1347.71516
G1 X133.159 Y133.679 E1347.72772
G1 X133.561 Y134.009 E1347.7458
G1 X133.92 Y134.489 E1347.76663
G1 X134.112 Y135.059 E1347.78754
G1 X134.16 Y135.5 E1347.80295
G0 F15000 X134.6 Y135.5
G1 F10500 X134.533 Y136.108 E1347.82421
G1 X134.3 Y136.713 E1347.84675
G1 X133.937 Y137.233 E1347.86879
G1 X133.473 Y137.649 E1347.89045
G1 X132.935 Y137.924 E1347.91145
G1 X132.324 Y138.079 E1347.93336
G1 X131.663 Y138.091 E1347.95634
G1 X130.947 Y137.872 E1347.98236
G1 X130.42 Y137.557 E1348.0037
G1 X129.97 Y137.117 E1348.02558
G1 X129.646 Y136.595 E1348.04693
G1 F9788.1 X129.485 Y136.265 E1348.06062
G1 F7993.1 X129.352 Y136.064 E1348.07162
G1 F7241.4 X129.315 Y135.634 E1348.09337
G1 F7403.8 X129.315 Y135.368 E1348.10649
G1 F7287.1 X129.345 Y135.007 E1348.12463
G1 F8400 X129.506 Y134.739 E1348.13821
G1 F10312.5 X129.646 Y134.401 E1348.15116
G1 F10500 X129.97 Y133.879 E1348.17251
G1 X130.148 Y133.679 E1348.18182
G1 X130.631 Y133.292 E1348.20333
G1 X131.161 Y133.038 E1348.22376
G1 X131.626 Y132.924 E1348.2404
G1 X132.18 Y132.908 E1348.25966
G1 X132.799 Y133.028 E1348.28158
G1 X133.364 Y133.29 E1348.30322
G1 X133.852 Y133.679 E1348.32491
G1 X134.234 Y134.175 E1348.34667
G1 X134.486 Y134.752 E1348.36856
G1 X134.6 Y135.5 E1348.39485
G1 F2400 E1347.89485
G1 F600 Z2.5
G0 F15000 X132.267 Y166.353 Z2.5
G1 F600 Z2.1
G1 F2400 E1348.39485
G1 F10500 X132.769 Y166.479 E1348.41284
G1 X133.25 Y166.737 E1348.43181
G1 X133.613 Y167.06 E1348.4487
G1 X133.911 Y167.49 E1348.46689
G1 X134.087 Y167.944 E1348.48381
G1 X134.16 Y168.5 E1348.5033
G1 X134.107 Y168.97 E1348.51974
G1 X133.946 Y169.429 E1348.53665
G1 X133.625 Y169.934 E1348.55744
G1 X133.159 Y170.317 E1348.57841
G1 X132.693 Y170.541 E1348.59638
G1 X132.294 Y170.639 E1348.61066
G1 X131.816 Y170.648 E1348.62728
G1 X131.282 Y170.535 E1348.64625
G1 X130.838 Y170.315 E1348.66347
G1 X130.375 Y169.934 E1348.68431
G1 X130.056 Y169.435 E1348.7049
G1 X129.889 Y168.97 E1348.72207
G1 X129.843 Y168.574 E1348.73593
G1 X129.89 Y167.981 E1348.7566
G1 X130.128 Y167.425 E1348.77762
G1 X130.439 Y167.009 E1348.79567
G1 X130.838 Y166.681 E1348.81363
G1 X131.303 Y166.455 E1348.8316
G1 X131.816 Y166.348 E1348.84981
G1 X132.267 Y166.353 E1348.86549
G0 F15000 X132.324 Y165.917
G1 F10500 X132.926 Y166.068 E1348.88706
G1 X133.472 Y166.347 E1348.90837
G1 X133.939 Y166.764 E1348.93013
G1 X134.3 Y167.284 E1348.95213
G1 X134.507 Y167.814 E1348.97191
G1 X134.6 Y168.5 E1348.99597
G1 X134.54 Y169.046 E1349.01506
G1 X134.358 Y169.584 E1349.0348
G1 X134.03 Y170.117 E1349.05655
G1 X133.58 Y170.557 E1349.07843
G1 X133.364 Y170.706 E1349.08755
G1 X132.799 Y170.968 E1349.10919
G1 X132.37 Y171.072 E1349.12454
G1 X131.816 Y171.088 E1349.1438
G1 X131.161 Y170.958 E1349.16701
G1 X130.631 Y170.704 E1349.18744
G1 X130.148 Y170.317 E1349.20895
G1 X129.97 Y170.117 E1349.21826
G1 X129.646 Y169.595 E1349.23961
G1 F9788.1 X129.485 Y169.265 E1349.2533
G1 F7993.1 X129.352 Y169.064 E1349.2643
G1 F7241.4 X129.315 Y168.634 E1349.28605
G1 F7403.8 X129.315 Y168.368 E1349.29917
G1 F7287.1 X129.345 Y168.007 E1349.31731
G1 F8400 X129.506 Y167.739 E1349.33089
G1 F10312.5 X129.646 Y167.401 E1349.34384
G1 F10500 X129.97 Y166.879 E1349.36519
G1 X130.148 Y166.679 E1349.3745
G1 X130.631 Y166.292 E1349.39601
G1 X131.197 Y166.028 E1349.41772
G1 X131.816 Y165.908 E1349.43963
G1 X132.324 Y165.917 E1349.45729
G1 F2400 E1348.95729
G1 F600 Z2.5
G0 F15000 X142.513 Y173.93 Z2.5
;TYPE:FILL
G1 F600 Z2.1
G1 F2400 E1349.45729
G1 F15000 X141.873 Y174.57 E1349.48875
G1 X141.387 Y174.57 E1349.50564
G1 X140.668 Y173.851 E1349.54098
G1 X140.988 Y173.93 E1349.55244
G1 X144.895 Y173.931 E1349.68823
G1 X145.535 Y174.57 E1349.71967
G1 X146.021 Y174.57 E1349.73656
G1 X146.661 Y173.93 E1349.76802
G1 X149.043 Y173.931 E1349.85081
G1 X149.682 Y174.57 E1349.88222
G1 X150.169 Y174.57 E1349.89914
G1 X150.809 Y173.93 E1349.9306
G1 X151.191 Y173.93 E1349.94388
G1 X151.676 Y173.762 E1349.96172
G1 X152.145 Y173.361 E1349.98317
G1 X152.304 Y173.043 E1349.99552
G1 X153.83 Y174.57 E1350.07056
G1 X154.317 Y174.57 E1350.08748
G1 X158.142 Y170.745 E1350.27549
G1 X158.609 Y171.053 E1350.29494
G1 X162.126 Y174.57 E1350.46781
G1 X162.613 Y174.57 E1350.48474
G1 X167.963 Y169.219 E1350.74773
G1 X167.787 Y169.165 E1350.75413
G1 X167.11 Y168.742 E1350.78188
G1 X166.63 Y168.225 E1350.8064
G1 X166.249 Y167.543 E1350.83355
G1 X166.106 Y166.929 E1350.85546
G1 X158.465 Y174.57 E1351.23105
G1 X157.978 Y174.57 E1351.24797
G1 X152.427 Y169.019 E1351.52082
G1 X152.43 Y172.309 E1351.63517
G1 X157.273 Y167.466 E1351.87323
G1 X157.136 Y167.808 E1351.88603
G1 X157.07 Y168.505 E1351.91036
G1 X157.131 Y169.105 E1351.93133
G1 X157.341 Y169.72 E1351.95391
G1 X157.444 Y169.887 E1351.96073
G1 X128.931 Y141.375 E1353.36222
G1 X128.931 Y137.737 E1353.48867
G1 X129.554 Y137.114 E1353.51929
G1 X129.163 Y136.424 E1353.54686
G1 X129.06 Y136.313 E1353.55212
G1 X128.989 Y136.459 E1353.55776
G1 X128.931 Y136.8 E1353.56979
G1 X128.931 Y137.227 E1353.58463
G1 X158.043 Y166.338 E1355.01556
G1 X158.283 Y166.123 E1355.02676
G1 X158.921 Y165.763 E1355.05222
G1 X158.994 Y165.745 E1355.05484
G1 X166.685 Y158.054 E1355.43288
G1 X166.573 Y157.605 E1355.44896
G1 X166.572 Y154.129 E1355.56977
G1 X150.373 Y137.929 E1356.36604
G1 X149.48 Y137.928 E1356.39708
G1 X128.931 Y158.477 E1357.40713
G1 X128.931 Y162.114 E1357.53354
G1 X132.418 Y165.602 E1357.70497
G1 X132.997 Y165.736 E1357.72562
G1 X133.739 Y166.113 E1357.75455
G1 X170.422 Y129.43 E1359.55765
G1 X170.909 Y129.43 E1359.57458
G1 X175.07 Y133.591 E1359.77911
G1 X175.07 Y137.225 E1359.90541
G1 X146.723 Y165.572 E1361.29877
G1 X144.832 Y165.571 E1361.3645
G1 X128.931 Y149.67 E1362.14609
G1 X128.931 Y146.033 E1362.2725
G1 X139.579 Y135.564 E1362.7915
G1 X139.575 Y135.427 E1362.79627
G1 X133.578 Y129.43 E1363.09104
G1 X133.09 Y129.43 E1363.108
G1 X128.931 Y133.589 E1363.31243
G1 X128.931 Y134.515 E1363.34462
G1 X129.051 Y134.77 E1363.35441
G1 X129.203 Y134.592 E1363.36255
G1 X129.49 Y133.993 E1363.38563
G1 X129.646 Y133.794 E1363.39442
G1 X128.93 Y133.078 E1363.42962
G1 X128.93 Y129.442 E1363.55599
G1 X129.43 Y129.43 E1363.57338
G1 X132.662 Y132.662 E1363.73224
G1 X133.193 Y132.827 E1363.75157
G1 X133.599 Y133.07 E1363.76801
G1 X137.238 Y129.43 E1363.94691
G1 X137.726 Y129.43 E1363.96387
G1 X139.565 Y131.105 E1364.05033
G1 X139.57 Y131.246 E1364.05523
G1 X134.885 Y135.931 E1364.28551
G1 X134.931 Y135.5 E1364.30058
G1 X134.867 Y134.867 E1364.32269
G1 X166.097 Y166.097 E1365.85776
G1 X166.258 Y165.427 E1365.88171
G1 X166.606 Y164.807 E1365.90642
G1 X167.077 Y164.275 E1365.93112
G1 X167.627 Y163.909 E1365.95408
G1 X167.934 Y163.786 E1365.96557
G1 X142.076 Y137.928 E1367.23659
G1 X141.184 Y137.928 E1367.26759
G1 X128.931 Y150.181 E1367.86987
G1 X128.931 Y153.818 E1367.99628
G1 X140.716 Y165.603 E1368.57556
G1 X140.915 Y165.572 E1368.58256
G1 X142.575 Y165.572 E1368.64025
G1 X167.284 Y140.863 E1369.85479
G1 X167.629 Y141.093 E1369.8692
G1 X168.321 Y141.359 E1369.89497
G1 X169 Y141.431 E1369.9187
G1 X169.607 Y141.365 E1369.93992
G1 X170.202 Y141.167 E1369.96172
G1 X175.07 Y146.035 E1370.201
G1 X175.07 Y146.737 E1370.2254
G1 X174.96 Y147.194 E1370.24173
G1 X174.756 Y146.815 E1370.25669
G1 X174.361 Y146.355 E1370.27777
G1 X174.277 Y146.314 E1370.28102
G1 X175.07 Y145.521 E1370.31999
G1 X175.07 Y141.887 E1370.4463
G1 X171.905 Y138.722 E1370.60187
G1 X171.919 Y138.306 E1370.61634
G1 X171.787 Y137.611 E1370.64093
G1 X171.492 Y136.968 E1370.66552
G1 X171.354 Y136.793 E1370.67326
G1 X175.07 Y133.077 E1370.85592
G1 X175.07 Y129.443 E1370.98222
G1 X174.57 Y129.43 E1370.99961
G1 X168.746 Y135.253 E1371.28585
G1 X168.746 Y135.594 E1371.2977
G1 X168.436 Y135.625 E1371.30853
G1 X168.436 Y135.253 E1371.32146
G1 X162.613 Y129.43 E1371.60768
G1 X162.126 Y129.43 E1371.62461
G1 X158.622 Y132.934 E1371.79685
G1 X158.468 Y133.004 E1371.80272
G1 X158.147 Y133.259 E1371.81697
G1 X154.318 Y129.43 E1372.00518
G1 X153.83 Y129.43 E1372.02214
G1 X152.411 Y130.849 E1372.09189
G1 X152.43 Y130.992 E1372.09691
G1 X152.43 Y131.691 E1372.1212
G1 X157.279 Y136.539 E1372.35952
G1 X157.138 Y136.183 E1372.37283
G1 X157.07 Y135.505 E1372.39651
G1 X157.119 Y134.973 E1372.41508
G1 X157.205 Y134.624 E1372.42758
G1 X157.428 Y134.128 E1372.44648
G1 X128.931 Y162.625 E1373.84721
G1 X128.931 Y166.262 E1373.97362
G1 X129.565 Y166.896 E1374.00478
G1 X129.49 Y166.993 E1374.00904
G1 X129.203 Y167.592 E1374.03213
G1 X129.051 Y167.77 E1374.04027
G1 X128.931 Y167.515 E1374.05006
G1 X128.931 Y166.773 E1374.07585
G1 X158.045 Y137.659 E1375.50691
G1 X158.286 Y137.875 E1375.51816
G1 X158.925 Y138.236 E1375.54367
G1 X158.994 Y138.254 E1375.54614
G1 X167.119 Y146.38 E1375.94554
G1 X166.842 Y146.658 E1375.95918
G1 X166.654 Y147.013 E1375.97314
G1 X166.571 Y147.419 E1375.98755
G1 X166.571 Y149.872 E1376.07281
G1 X150.871 Y165.572 E1376.84452
G1 X148.98 Y165.571 E1376.91024
G1 X128.931 Y145.523 E1377.8957
G1 X128.931 Y141.885 E1378.02214
G1 X132.423 Y138.393 E1378.19379
G1 X133 Y138.259 E1378.21438
G1 X133.736 Y137.884 E1378.24309
G1 X170.422 Y174.57 E1380.04633
G1 X170.908 Y174.57 E1380.06323
G1 X175.07 Y170.408 E1380.2678
G1 X175.07 Y166.775 E1380.39408
G1 X146.225 Y137.929 E1381.81194
G1 X145.332 Y137.928 E1381.84297
G1 X128.931 Y154.329 E1382.64914
G1 X128.931 Y157.966 E1382.77555
G1 X139.566 Y168.436 E1383.29426
G1 X139.571 Y168.576 E1383.29913
G1 X133.577 Y174.57 E1383.59376
G1 X133.091 Y174.57 E1383.61065
G1 X128.93 Y170.409 E1383.81518
G1 X128.931 Y169.8 E1383.83634
G1 X128.989 Y169.459 E1383.84837
G1 X129.06 Y169.312 E1383.85404
G1 X129.163 Y169.423 E1383.8593
G1 X129.493 Y170.005 E1383.88256
G1 X129.647 Y170.204 E1383.8913
G1 X128.931 Y170.92 E1383.9265
G1 X128.93 Y174.557 E1384.05291
G1 X129.43 Y174.57 E1384.07029
G1 X132.659 Y171.34 E1384.22903
G1 X132.889 Y171.285 E1384.23725
G1 X133.62 Y170.951 E1384.26519
G1 X137.239 Y174.57 E1384.44307
G1 X137.725 Y174.57 E1384.45997
G1 X139.626 Y172.894 E1384.54805
G1 X139.611 Y172.794 E1384.55157
G1 X134.887 Y168.07 E1384.78377
G1 X134.931 Y168.499 E1384.79876
G1 X134.862 Y169.137 E1384.82106
G1 X166.156 Y137.843 E1386.35927
G1 X166.249 Y137.46 E1386.37297
G1 X166.334 Y137.299 E1386.3793
G1 X158.465 Y129.43 E1386.76609
G1 X157.978 Y129.43 E1386.78302
G1 X152.431 Y134.977 E1387.05567
G1 X152.43 Y135.839 E1387.08563
G1 X166.572 Y149.98 E1387.78074
G1 X166.572 Y154.019 E1387.92112
G1 X152.427 Y168.163 E1388.61637
G1 X152.427 Y166.896 E1388.66041
G1 X152.375 Y166.6 E1388.67085
G1 X152.272 Y166.344 E1388.68045
G1 X152.075 Y166.054 E1388.69263
G1 X151.66 Y165.729 E1388.71095
G1 X151.404 Y165.627 E1388.72053
G1 X151.083 Y165.571 E1388.73185
G1 X150.975 Y165.553
G1 F2400 E1388.23185
G1 F600 Z2.5
G0 F15000 X160.342 Y165.576 Z2.5
G1 F600 Z2.1
G1 F2400 E1388.73185
G1 F15000 X161.012 Y165.748 E1388.7559
G1 X161.6 Y166.043 E1388.77876
G1 X162.14 Y166.496 E1388.80326
G1 X162.556 Y167.067 E1388.82781
G1 X162.827 Y167.727 E1388.85261
G1 X162.943 Y168.517 E1388.88037
G1 X162.841 Y169.216 E1388.90492
G1 X162.626 Y169.801 E1388.92658
G1 X162.297 Y170.312 E1388.9477
G1 X162.157 Y170.452 E1388.95458
G1 X166.274 Y174.57 E1389.15697
G1 X166.761 Y174.57 E1389.1739
G1 X175.07 Y166.26 E1389.58234
G1 X175.07 Y162.627 E1389.70861
G1 X171.374 Y158.93 E1389.89031
G1 X169.957 Y158.93 E1389.93956
G1 X162.246 Y166.64 E1390.31856
G1 X162.169 Y166.717
G1 F2400 E1389.81856
G1 F600 Z2.5
G0 F15000 X168.995 Y163.57 Z2.5
G1 F600 Z2.1
G1 F2400 E1390.31856
G1 F15000 X169.424 Y163.61 E1390.33354
G1 X174.983 Y158.051 E1390.60678
G1 X174.952 Y157.969 E1390.60983
G1 X174.769 Y158.177 E1390.61946
G1 X175.07 Y158.479 E1390.63428
G1 X175.07 Y162.112 E1390.76055
G1 X171.719 Y165.463 E1390.92526
G1 X171.787 Y165.611 E1390.93092
G1 X171.919 Y166.306 E1390.95551
G1 X171.898 Y166.923 E1390.97697
G1 X171.785 Y167.389 E1390.99363
G1 X171.496 Y168.025 E1391.01791
G1 X171.061 Y168.577 E1391.04234
G1 X170.46 Y169.037 E1391.06865
G1 X170.205 Y169.166 E1391.07858
G1 X169.607 Y169.365 E1391.10048
G1 X169.389 Y169.389 E1391.10811
G1 X174.57 Y174.57 E1391.36277
G1 X175.07 Y174.556 E1391.38016
G1 X175.07 Y170.923 E1391.50643
G1 X171.707 Y167.559 E1391.67176
G1 X171.63 Y167.482
G1 F2400 E1391.17176
G1 F600 Z2.5
G0 F15000 X162.157 Y133.546 Z2.5
G1 F600 Z2.1
G1 F2400 E1391.67176
G1 F15000 X166.274 Y129.43 E1391.8741
G1 X166.761 Y129.43 E1391.89102
G1 X175.07 Y137.739 E1392.29944
G1 X175.07 Y141.373 E1392.42575
G1 X170.82 Y145.623 E1392.63465
G1 X170.82 Y146.072 E1392.65026
G1 X170.51 Y146.073 E1392.66103
G1 X170.51 Y145.623 E1392.67667
G1 X162.254 Y137.367 E1393.08248
G1 X162.61 Y136.846 E1393.10442
G1 X162.858 Y136.178 E1393.12918
G1 X162.93 Y135.541 E1393.15146
G1 X162.861 Y134.818 E1393.17671
G1 X162.646 Y134.241 E1393.19811
G1 X162.298 Y133.685 E1393.22091
G1 X161.794 Y133.186 E1393.24556
G1 X161.193 Y132.827 E1393.26989
G1 X160.522 Y132.619 E1393.29431
G1 X160.187 Y132.578 E1393.30604
G1 X160.078 Y132.565
G1 F2400 E1392.80604
G1 F600 Z2.5
;MESH:NONMESH
G0 F15000 X132.613 Y137.105 Z2.5
;TIME_ELAPSED:604.360293
;LAYER:10
;MESH:case_VL53L8+RP2040-up.stl
G0 X132.613 Y137.105 Z2.7
;TYPE:WALL-OUTER
G1 F600 Z2.3
G1 F2400 E1393.30604
G1 F9000 X132.209 Y137.207 E1393.32052
G1 X131.762 Y137.202 E1393.33606
G1 X131.36 Y137.095 E1393.35051
G1 X131.044 Y136.927 E1393.36295
G1 X130.694 Y136.617 E1393.3792
G1 X130.466 Y136.276 E1393.39346
G1 X130.323 Y135.894 E1393.40764
G1 X130.281 Y135.525 E1393.42055
G1 X130.334 Y135.06 E1393.43681
G1 X130.49 Y134.675 E1393.45125
G1 X130.73 Y134.339 E1393.4656
G1 X131.044 Y134.069 E1393.48
G1 X131.41 Y133.882 E1393.49428
G1 X131.778 Y133.791 E1393.50746
G1 X132.234 Y133.794 E1393.52331
G1 X132.635 Y133.901 E1393.53773
G1 X132.998 Y134.099 E1393.5521
G1 X133.306 Y134.379 E1393.56657
G1 X133.51 Y134.675 E1393.57907
G1 X133.675 Y135.113 E1393.59533
G1 X133.719 Y135.528 E1393.60984
G1 X133.669 Y135.915 E1393.6234
G1 X133.523 Y136.3 E1393.63771
G1 X133.287 Y136.641 E1393.65213
G1 X132.985 Y136.908 E1393.66614
G1 X132.613 Y137.105 E1393.68077
G1 F2400 E1393.18077
G1 F600 Z2.7
G0 F15000 X151.219 Y136.523 Z2.7
G1 F600 Z2.3
G1 F2400 E1393.68077
G1 F9000 X151.191 Y136.611 E1393.68398
G1 X151.036 Y136.718 E1393.69052
G1 X140.973 Y136.719 E1394.04028
G1 X140.877 Y136.684 E1394.04383
G1 X140.783 Y136.542 E1394.04975
G1 X140.78 Y130.954 E1394.24397
G1 X140.824 Y130.868 E1394.24733
G1 X140.962 Y130.783 E1394.25296
G1 X151.085 Y130.78 E1394.60481
G1 X151.22 Y130.954 E1394.61246
G1 X151.219 Y136.523 E1394.80602
G1 F2400 E1394.30602
G1 F600 Z2.7
G0 F15000 X160.625 Y137.1 Z2.7
G1 F600 Z2.3
G1 F2400 E1394.80602
G1 F9000 X160.219 Y137.205 E1394.8206
G1 X159.799 Y137.208 E1394.8352
G1 X159.384 Y137.106 E1394.85005
G1 X159.026 Y136.916 E1394.86414
G1 X158.713 Y136.641 E1394.87862
G1 X158.478 Y136.301 E1394.89298
G1 X158.323 Y135.894 E1394.90812
G1 X158.281 Y135.525 E1394.92103
G1 X158.334 Y135.06 E1394.93729
G1 X158.49 Y134.675 E1394.95173
G1 X158.73 Y134.339 E1394.96608
G1 X159.044 Y134.069 E1394.98048
G1 X159.41 Y133.882 E1394.99476
G1 X159.778 Y133.791 E1395.00794
G1 X160.234 Y133.794 E1395.02379
G1 X160.635 Y133.901 E1395.03821
G1 X160.998 Y134.099 E1395.05259
G1 X161.306 Y134.379 E1395.06705
G1 X161.532 Y134.715 E1395.08113
G1 X161.666 Y135.073 E1395.09441
G1 X161.72 Y135.486 E1395.10889
G1 X161.669 Y135.914 E1395.12387
G1 X161.53 Y136.286 E1395.13767
G1 X161.284 Y136.644 E1395.15277
G1 X160.971 Y136.918 E1395.16723
G1 X160.625 Y137.1 E1395.18082
G1 F2400 E1394.68082
G1 F600 Z2.7
G0 F15000 X169.383 Y140.175 Z2.7
G1 F600 Z2.3
G1 F2400 E1395.18082
G1 F9000 X168.973 Y140.219 E1395.19515
G1 X168.582 Y140.169 E1395.20885
G1 X168.196 Y140.023 E1395.22319
G1 X167.855 Y139.787 E1395.23761
G1 X167.59 Y139.487 E1395.25152
G1 X167.388 Y139.107 E1395.26648
G1 X167.291 Y138.722 E1395.28028
G1 X167.294 Y138.262 E1395.29627
G1 X167.394 Y137.874 E1395.31019
G1 X167.586 Y137.517 E1395.32428
G1 X167.863 Y137.206 E1395.33876
G1 X168.19 Y136.981 E1395.35255
G1 X168.602 Y136.823 E1395.36789
G1 X169 Y136.78 E1395.3818
G1 X169.436 Y136.834 E1395.39707
G1 X169.788 Y136.971 E1395.4102
G1 X170.157 Y137.23 E1395.42587
G1 X170.427 Y137.544 E1395.44026
G1 X170.614 Y137.91 E1395.45455
G1 X170.702 Y138.262 E1395.46716
G1 X170.705 Y138.718 E1395.48301
G1 X170.595 Y139.135 E1395.498
G1 X170.397 Y139.498 E1395.51237
G1 X170.117 Y139.806 E1395.52684
G1 X169.821 Y140.01 E1395.53933
G1 X169.383 Y140.175 E1395.5556
G1 F2400 E1395.0556
G1 F600 Z2.7
G0 F15000 X173.717 Y157.539 Z2.7
G1 F600 Z2.3
G1 F2400 E1395.5556
G1 F9000 X173.632 Y157.676 E1395.5612
G1 X173.546 Y157.72 E1395.56456
G1 X167.977 Y157.719 E1395.75812
G1 X167.889 Y157.691 E1395.76133
G1 X167.78 Y157.572 E1395.76694
G1 X167.783 Y147.461 E1396.11837
G1 X167.826 Y147.364 E1396.12206
G1 X167.978 Y147.281 E1396.12807
G1 X173.546 Y147.28 E1396.3216
G1 X173.72 Y147.415 E1396.32926
G1 X173.717 Y157.539 E1396.68113
G1 F2400 E1396.18113
G1 F600 Z2.7
G0 F15000 X169.383 Y168.175 Z2.7
G1 F600 Z2.3
G1 F2400 E1396.68113
G1 F9000 X168.973 Y168.219 E1396.69547
G1 X168.562 Y168.162 E1396.70989
G1 X168.175 Y168.01 E1396.72434
G1 X167.866 Y167.796 E1396.7374
G1 X167.59 Y167.487 E1396.7518
G1 X167.394 Y167.122 E1396.7662
G1 X167.289 Y166.705 E1396.78115
G1 X167.289 Y166.286 E1396.79571
G1 X167.386 Y165.895 E1396.80971
G1 X167.585 Y165.518 E1396.82453
G1 X167.855 Y165.213 E1396.83869
G1 X168.195 Y164.978 E1396.85305
G1 X168.602 Y164.823 E1396.86819
G1 X169 Y164.78 E1396.8821
G1 X169.436 Y164.834 E1396.89737
G1 X169.821 Y164.99 E1396.91181
G1 X170.157 Y165.23 E1396.92616
G1 X170.427 Y165.544 E1396.94056
G1 X170.614 Y165.91 E1396.95484
G1 X170.702 Y166.262 E1396.96745
G1 X170.705 Y166.718 E1396.9833
G1 X170.595 Y167.135 E1396.99829
G1 X170.397 Y167.498 E1397.01266
G1 X170.117 Y167.806 E1397.02713
G1 X169.814 Y168.014 E1397.03991
G1 X169.383 Y168.175 E1397.0559
G1 F2400 E1396.5559
G1 F600 Z2.7
G0 F15000 X160.586 Y170.114 Z2.7
G1 F600 Z2.3
G1 F2400 E1397.0559
G1 F9000 X160.218 Y170.205 E1397.06907
G1 X159.762 Y170.202 E1397.08492
G1 X159.36 Y170.095 E1397.09938
G1 X159.044 Y169.927 E1397.11182
G1 X158.694 Y169.617 E1397.12807
G1 X158.466 Y169.276 E1397.14233
G1 X158.323 Y168.894 E1397.1565
G1 X158.281 Y168.475 E1397.17114
G1 X158.329 Y168.074 E1397.18518
G1 X158.49 Y167.675 E1397.20013
G1 X158.694 Y167.379 E1397.21263
G1 X159.014 Y167.088 E1397.22766
G1 X159.392 Y166.887 E1397.24254
G1 X159.798 Y166.788 E1397.25706
G1 X160.205 Y166.789 E1397.27121
G1 X160.586 Y166.882 E1397.28484
G1 X160.967 Y167.076 E1397.2997
G1 X161.28 Y167.348 E1397.31411
G1 X161.525 Y167.7 E1397.32902
G1 X161.667 Y168.076 E1397.34299
G1 X161.72 Y168.487 E1397.35739
G1 X161.675 Y168.883 E1397.37125
G1 X161.522 Y169.302 E1397.38675
G1 X161.306 Y169.617 E1397.40002
G1 X160.955 Y169.927 E1397.4163
G1 X160.586 Y170.114 E1397.43068
G1 F2400 E1396.93068
G1 F600 Z2.7
G0 F15000 X151.22 Y172.546 Z2.7
G1 F600 Z2.3
G1 F2400 E1397.43068
G1 F9000 X151.176 Y172.633 E1397.43407
G1 X151.038 Y172.717 E1397.43968
G1 X140.915 Y172.72 E1397.79153
G1 X140.78 Y172.546 E1397.79918
G1 X140.782 Y166.966 E1397.99312
G1 X140.834 Y166.854 E1397.99742
G1 X140.959 Y166.783 E1398.00241
G1 X151.037 Y166.782 E1398.35269
G1 X151.145 Y166.833 E1398.35684
G1 X151.218 Y166.964 E1398.36206
G1 X151.22 Y172.546 E1398.55607
G1 F2400 E1398.05607
G1 F600 Z2.7
G0 F15000 X132.586 Y170.114 Z2.7
G1 F600 Z2.3
G1 F2400 E1398.55607
G1 F9000 X132.218 Y170.205 E1398.56924
G1 X131.762 Y170.202 E1398.58509
G1 X131.403 Y170.112 E1398.59796
G1 X131.044 Y169.927 E1398.61199
G1 X130.694 Y169.617 E1398.62824
G1 X130.466 Y169.276 E1398.6425
G1 X130.323 Y168.894 E1398.65668
G1 X130.281 Y168.525 E1398.66959
G1 X130.334 Y168.06 E1398.68585
G1 X130.49 Y167.675 E1398.70029
G1 X130.73 Y167.339 E1398.71464
G1 X131.044 Y167.069 E1398.72904
G1 X131.41 Y166.882 E1398.74332
G1 X131.762 Y166.794 E1398.75593
G1 X132.209 Y166.789 E1398.77147
G1 X132.611 Y166.89 E1398.78588
G1 X132.974 Y167.08 E1398.80012
G1 X133.287 Y167.356 E1398.81462
G1 X133.523 Y167.696 E1398.82901
G1 X133.667 Y168.074 E1398.84307
G1 X133.719 Y168.473 E1398.85705
G1 X133.673 Y168.894 E1398.87177
G1 X133.51 Y169.321 E1398.88766
G1 X133.306 Y169.617 E1398.90015
G1 X132.955 Y169.927 E1398.91643
G1 X132.586 Y170.114 E1398.93081
G1 F2400 E1398.43081
G1 F600 Z2.7
G0 F15000 X176.28 Y175.78 Z2.7
G1 F600 Z2.3
G1 F2400 E1398.93081
G1 F9000 X176.28 Y128.22 E1400.58384
G1 X127.72 Y128.22 E1402.27163
G1 X127.72 Y175.78 E1403.92467
G1 X176.28 Y175.78 E1405.61246
G0 F15000 X175.84 Y175.34
;TYPE:WALL-INNER
G1 F10500 X175.84 Y128.66 E1407.23491
G1 X128.16 Y128.66 E1408.89212
G1 X128.16 Y175.34 E1410.51457
G1 X175.84 Y175.34 E1412.17177
G0 F15000 X175.4 Y174.9
G1 F10500 X175.4 Y158.25 E1412.75047
G1 F8619.4 X175.305 Y157.761 E1412.77157
G1 F7321.7 X175.305 Y157.077 E1412.80566
G1 F7333.3 X175.306 Y156.393 E1412.8397
G1 F7345 X175.306 Y155.709 E1412.87368
G1 F7356.7 X175.306 Y155.025 E1412.90762
G1 X175.307 Y154.341 E1412.94155
G1 F7368.4 X175.307 Y153.657 E1412.97542
G1 F7380.2 X175.307 Y152.973 E1413.00925
G1 X175.308 Y152.289 E1413.04307
G1 F7392 X175.308 Y151.605 E1413.07684
G1 F7403.8 X175.308 Y150.921 E1413.11056
G1 F7415.7 X175.309 Y150.237 E1413.14422
G1 X175.309 Y149.553 E1413.17788
G1 F7427.7 X175.309 Y148.869 E1413.21149
G1 F7439.6 X175.31 Y148.185 E1413.24504
G1 F7451.6 X175.31 Y147.501 E1413.27854
G1 F8717 X175.4 Y146.75 E1413.31021
G1 F10500 X175.4 Y129.1 E1413.92366
G1 X151.75 Y129.1 E1414.74566
G1 F8717 X151 Y129.19 E1414.77729
G1 F7451.6 X150.359 Y129.19 E1414.80868
G1 F7439.6 X149.718 Y129.191 E1414.84013
G1 F7427.7 X149.077 Y129.191 E1414.87162
G1 F7415.7 X148.436 Y129.191 E1414.90317
G1 X147.795 Y129.192 E1414.93471
G1 F7403.8 X147.154 Y129.192 E1414.96631
G1 F7392 X146.513 Y129.193 E1414.99795
G1 F7380.2 X145.872 Y129.193 E1415.02965
G1 X145.231 Y129.193 E1415.06135
G1 F7368.4 X144.59 Y129.194 E1415.09309
G1 F7356.7 X143.949 Y129.194 E1415.12489
G1 F7345 X143.308 Y129.194 E1415.15674
G1 X142.667 Y129.195 E1415.18859
G1 F7333.3 X142.026 Y129.195 E1415.22049
G1 F7321.7 X141.385 Y129.196 E1415.25244
G1 F7310.1 X140.744 Y129.196 E1415.28444
G1 F8619.4 X140.25 Y129.1 E1415.30575
G1 F10500 X128.6 Y129.1 E1415.71067
G1 X128.601 Y134.206 E1415.88814
G1 F10312.5 X128.608 Y134.571 E1415.90105
G1 F8400 X128.703 Y134.972 E1415.91896
G1 F7287.1 X128.693 Y135.334 E1415.93709
G1 F7403.8 X128.693 Y135.668 E1415.95356
G1 F7241.4 X128.706 Y136.12 E1415.97635
G1 F7993.1 X128.631 Y136.425 E1415.99069
G1 F9788.1 X128.601 Y136.79 E1416.00434
G1 F10500 X128.601 Y167.206 E1417.06151
G1 F10312.5 X128.608 Y167.571 E1417.07443
G1 F8400 X128.703 Y167.972 E1417.09233
G1 F7287.1 X128.693 Y168.334 E1417.11047
G1 F7403.8 X128.693 Y168.668 E1417.12693
G1 F7241.4 X128.706 Y169.12 E1417.14972
G1 F7993.1 X128.631 Y169.425 E1417.16406
G1 F9788.1 X128.601 Y169.79 E1417.17771
G1 F10500 X128.6 Y174.9 E1417.35532
G1 X175.4 Y174.9 E1418.98194
G1 F2400 E1418.48194
G1 F600 Z2.7
G0 F15000 X170.487 Y168.061 Z2.7
G1 F600 Z2.3
G1 F2400 E1418.98194
G1 F10500 X170.05 Y168.386 E1419.00087
G1 X169.47 Y168.607 E1419.02244
G1 X169 Y168.66 E1419.03888
G1 X168.559 Y168.612 E1419.0543
G1 X168.067 Y168.446 E1419.07235
G1 X167.591 Y168.14 E1419.09202
G1 X167.242 Y167.757 E1419.11003
G1 X166.992 Y167.3 E1419.12813
G1 X166.852 Y166.755 E1419.14769
G1 X166.849 Y166.271 E1419.16451
G1 X166.968 Y165.759 E1419.18278
G1 X167.206 Y165.295 E1419.20091
G1 X167.559 Y164.888 E1419.21963
G1 X167.987 Y164.59 E1419.23776
G1 X168.462 Y164.404 E1419.25549
G1 X169 Y164.34 E1419.27432
G1 X169.595 Y164.424 E1419.2952
G1 X170.071 Y164.628 E1419.3132
G1 X170.487 Y164.939 E1419.33126
G1 X170.815 Y165.338 E1419.34921
G1 X171.041 Y165.803 E1419.36718
G1 X171.148 Y166.316 E1419.38539
G1 X171.139 Y166.794 E1419.40201
G1 X171.041 Y167.193 E1419.41629
G1 X170.817 Y167.659 E1419.43426
G1 X170.487 Y168.061 E1419.45234
G0 F15000 X170.817 Y168.352
G1 F10500 X170.617 Y168.53 E1419.46164
G1 X170.084 Y168.858 E1419.4834
G1 X169.546 Y169.04 E1419.50314
G1 X169 Y169.1 E1419.52223
G1 X168.506 Y169.049 E1419.53949
G1 X167.912 Y168.858 E1419.56117
G1 X167.316 Y168.483 E1419.58565
G1 X166.842 Y167.97 E1419.60993
G1 X166.562 Y167.411 E1419.63166
G1 X166.425 Y166.876 E1419.65085
G1 X166.41 Y166.241 E1419.67293
G1 X166.566 Y165.553 E1419.69745
G1 X166.873 Y165.001 E1419.7194
G1 X167.263 Y164.562 E1419.73981
G1 X167.779 Y164.203 E1419.76166
G1 X168.391 Y163.961 E1419.78453
G1 X169 Y163.9 E1419.8058
G1 X169.479 Y163.946 E1419.82253
G1 X169.755 Y164.014 E1419.83241
G1 X170.321 Y164.266 E1419.85394
G1 X170.817 Y164.648 E1419.8757
G1 X171.204 Y165.131 E1419.89722
G1 X171.468 Y165.697 E1419.91892
G1 X171.588 Y166.316 E1419.94084
G1 X171.573 Y166.87 E1419.9601
G1 X171.468 Y167.299 E1419.97545
G1 X171.207 Y167.864 E1419.99708
G1 X170.817 Y168.352 E1420.01879
G1 F2400 E1419.51879
G1 F600 Z2.7
G0 F15000 X162.16 Y168.463 Z2.7
G1 F600 Z2.3
G1 F2400 E1420.01879
G1 F10500 X162.095 Y169.023 E1420.03839
G1 X161.928 Y169.474 E1420.0551
G1 X161.561 Y169.987 E1420.07703
G1 X161.159 Y170.317 E1420.0951
G1 X160.693 Y170.541 E1420.11308
G1 X160.294 Y170.639 E1420.12736
G1 X159.816 Y170.648 E1420.14397
G1 X159.303 Y170.541 E1420.16219
G1 X158.838 Y170.315 E1420.18016
G1 X158.375 Y169.934 E1420.201
G1 X158.056 Y169.435 E1420.22158
G1 X157.889 Y168.97 E1420.23875
G1 X157.84 Y168.5 E1420.25518
G1 X157.909 Y167.944 E1420.27465
G1 X158.09 Y167.487 E1420.29174
G1 X158.387 Y167.06 E1420.30981
G1 X158.748 Y166.738 E1420.32663
G1 X159.249 Y166.471 E1420.34636
G1 X159.717 Y166.355 E1420.36312
G1 X160.216 Y166.348 E1420.38046
G1 X160.751 Y166.473 E1420.39956
G1 X161.238 Y166.727 E1420.41865
G1 X161.592 Y167.038 E1420.43503
G1 X161.895 Y167.461 E1420.45311
G1 X162.088 Y167.948 E1420.47132
G1 X162.16 Y168.463 E1420.48939
G0 F15000 X162.609 Y168.516
G1 F10500 X162.521 Y169.134 E1420.51109
G1 X162.327 Y169.658 E1420.53051
G1 X162.03 Y170.117 E1420.54951
G1 X161.58 Y170.557 E1420.57139
G1 X161.364 Y170.706 E1420.58051
G1 X160.799 Y170.968 E1420.60215
G1 X160.37 Y171.072 E1420.6175
G1 X159.816 Y171.088 E1420.63676
G1 X159.549 Y171.056 E1420.64611
G1 X158.947 Y170.872 E1420.66798
G1 X158.42 Y170.557 E1420.68932
G1 X157.97 Y170.117 E1420.7112
G1 X157.646 Y169.595 E1420.73255
G1 X157.456 Y169.046 E1420.75274
G1 X157.4 Y168.5 E1420.77182
G1 X157.489 Y167.814 E1420.79586
G1 X157.702 Y167.279 E1420.81588
G1 X158.061 Y166.764 E1420.8377
G1 X158.482 Y166.387 E1420.85734
G1 X159.081 Y166.054 E1420.88116
G1 X159.727 Y165.911 E1420.90416
G1 X160.314 Y165.909 E1420.92456
G1 X160.896 Y166.057 E1420.94543
G1 X161.426 Y166.325 E1420.96607
G1 X161.904 Y166.728 E1420.9878
G1 X162.318 Y167.297 E1421.01226
G1 X162.528 Y167.89 E1421.03413
G1 X162.609 Y168.516 E1421.05607
G1 F2400 E1420.55607
G1 F600 Z2.7
G0 F15000 X151.659 Y166.953 Z2.7
G1 F600 Z2.3
G1 F2400 E1421.05607
G1 F10500 X151.66 Y172.633 E1421.25348
G1 X151.528 Y172.897 E1421.26374
G1 X151.311 Y173.083 E1421.27368
G1 X151.088 Y173.16 E1421.28188
G1 X141 Y173.16 E1421.6325
G1 X140.689 Y173.083 E1421.64364
G1 X140.472 Y172.897 E1421.65357
G1 X140.34 Y172.633 E1421.66383
G1 X140.341 Y166.96 E1421.86101
G1 X140.413 Y166.697 E1421.87049
G1 X140.601 Y166.473 E1421.88065
G1 X140.92 Y166.344 E1421.89261
G1 X151.036 Y166.34 E1422.24421
G1 X151.229 Y166.38 E1422.25106
G1 X151.497 Y166.564 E1422.26236
G1 X151.587 Y166.697 E1422.26794
G1 X151.659 Y166.953 E1422.27718
G0 F15000 X152.098 Y166.922
G1 F10500 X152.1 Y172.5 E1422.47106
G1 X152.057 Y172.809 E1422.4819
G1 X151.88 Y173.161 E1422.49559
G1 X151.518 Y173.471 E1422.51216
G1 X151.144 Y173.6 E1422.52591
G1 X141 Y173.6 E1422.87848
G1 X140.482 Y173.471 E1422.89704
G1 X140.12 Y173.161 E1422.9136
G1 X139.943 Y172.809 E1422.9273
G1 X139.9 Y172.5 E1422.93814
G1 X139.901 Y166.934 E1423.1316
G1 X140.021 Y166.496 E1423.14738
G1 X140.22 Y166.223 E1423.15912
G1 X140.481 Y166.029 E1423.17043
G1 X140.935 Y165.901 E1423.18682
G1 X151.06 Y165.901 E1423.53873
G1 X151.381 Y165.967 E1423.55012
G1 X151.539 Y166.04 E1423.55617
G1 X151.827 Y166.274 E1423.56907
G1 X151.979 Y166.496 E1423.57842
G1 X152.098 Y166.922 E1423.5938
G1 F2400 E1423.0938
G1 F600 Z2.7
G0 F15000 X167.418 Y157.813 Z2.7
G1 F600 Z2.3
G1 F2400 E1423.5938
G1 F10500 X167.341 Y157.546 E1423.60345
G1 X167.34 Y147.464 E1423.95387
G1 X167.432 Y147.162 E1423.96485
G1 X167.669 Y146.928 E1423.97642
G1 X167.936 Y146.843 E1423.98616
G1 X173.634 Y146.84 E1424.1842
G1 X173.896 Y146.972 E1424.1944
G1 X174.083 Y147.189 E1424.20436
G1 X174.16 Y147.5 E1424.21549
G1 X174.16 Y157.589 E1424.56616
G1 X174.083 Y157.811 E1424.57432
G1 X173.896 Y158.028 E1424.58428
G1 X173.634 Y158.16 E1424.59448
G1 X167.932 Y158.157 E1424.79266
G1 X167.669 Y158.072 E1424.80227
G1 X167.418 Y157.813 E1424.8148
G0 F15000 X167.004 Y157.968
G1 F10500 X166.902 Y157.576 E1424.82888
G1 X166.901 Y147.358 E1425.18403
G1 X166.989 Y147.065 E1425.19466
G1 X167.259 Y146.686 E1425.21083
G1 X167.56 Y146.491 E1425.2233
G1 X167.893 Y146.405 E1425.23525
G1 X173.5 Y146.4 E1425.43013
G1 X173.809 Y146.443 E1425.44098
G1 X174.16 Y146.62 E1425.45464
G1 X174.472 Y146.982 E1425.47125
G1 F8717 X174.69 Y147.5 E1425.49478
G1 F7451.6 X174.69 Y148.956 E1425.56609
G1 F7439.6 X174.69 Y150.412 E1425.63751
G1 F7427.7 X174.69 Y151.868 E1425.70905
G1 X174.69 Y153.324 E1425.78059
G1 F7415.7 X174.69 Y154.78 E1425.85224
G1 F7403.8 X174.69 Y156.236 E1425.92401
G1 F7392 X174.69 Y157.692 E1425.99589
G1 F8684.2 X174.472 Y158.018 E1426.01237
G1 F10500 X174.16 Y158.38 E1426.02898
G1 X173.809 Y158.557 E1426.04265
G1 X173.5 Y158.6 E1426.05349
G1 X167.887 Y158.595 E1426.24858
G1 X167.556 Y158.507 E1426.26048
G1 X167.175 Y158.229 E1426.27688
G1 X167.004 Y157.968 E1426.28772
G1 F2400 E1425.78772
G1 F600 Z2.7
G0 F15000 X169 Y140.66 Z2.7
G1 F600 Z2.3
G1 F2400 E1426.28772
G1 F10500 X168.528 Y140.607 E1426.30423
G1 X167.989 Y140.411 E1426.32416
G1 X167.559 Y140.112 E1426.34237
G1 X167.242 Y139.757 E1426.35891
G1 X166.996 Y139.308 E1426.3767
G1 X166.859 Y138.804 E1426.39486
G1 X166.849 Y138.278 E1426.41314
G1 X166.986 Y137.709 E1426.43348
G1 X167.231 Y137.257 E1426.45135
G1 X167.582 Y136.867 E1426.46959
G1 X167.972 Y136.599 E1426.48604
G1 X168.526 Y136.389 E1426.50663
G1 X169 Y136.34 E1426.52319
G1 X169.595 Y136.424 E1426.54408
G1 X169.971 Y136.571 E1426.55811
G1 X170.487 Y136.939 E1426.58014
G1 X170.815 Y137.338 E1426.59809
G1 X171.041 Y137.803 E1426.61606
G1 X171.148 Y138.316 E1426.63427
G1 X171.139 Y138.794 E1426.65089
G1 X171.041 Y139.193 E1426.66517
G1 X170.817 Y139.659 E1426.68314
G1 X170.487 Y140.061 E1426.70122
G1 X170.071 Y140.372 E1426.71927
G1 X169.47 Y140.607 E1426.7417
G1 X169 Y140.66 E1426.75814
G0 F15000 X169 Y141.1
G1 F10500 X168.393 Y141.034 E1426.77936
G1 X167.783 Y140.8 E1426.80207
G1 X167.263 Y140.438 E1426.82409
G1 X166.894 Y140.026 E1426.84332
G1 X166.596 Y139.491 E1426.8646
G1 X166.427 Y138.886 E1426.88643
G1 X166.407 Y138.171 E1426.91129
G1 X166.58 Y137.539 E1426.93407
G1 X166.846 Y137.033 E1426.95394
G1 X167.26 Y136.557 E1426.97586
G1 X167.753 Y136.217 E1426.99668
G1 X168.358 Y135.965 E1427.01946
G1 X169 Y135.9 E1427.04189
G1 X169.479 Y135.946 E1427.05861
G1 X170.154 Y136.171 E1427.08334
G1 X170.617 Y136.47 E1427.1025
G1 X170.817 Y136.648 E1427.1118
G1 X171.204 Y137.131 E1427.13331
G1 X171.468 Y137.697 E1427.15502
G1 X171.588 Y138.316 E1427.17694
G1 X171.573 Y138.87 E1427.1962
G1 X171.468 Y139.299 E1427.21155
G1 X171.207 Y139.864 E1427.23318
G1 X170.817 Y140.352 E1427.25489
G1 X170.321 Y140.734 E1427.27665
G1 X170.084 Y140.858 E1427.28595
G1 X169.546 Y141.04 E1427.30569
G1 X169 Y141.1 E1427.32478
G1 F2400 E1426.82478
G1 F600 Z2.7
G0 F15000 X161.932 Y136.464 Z2.7
G1 F600 Z2.3
G1 F2400 E1427.32478
G1 F10500 X161.604 Y136.946 E1427.34505
G1 X161.262 Y137.25 E1427.36095
G1 X160.75 Y137.524 E1427.38113
G1 X160.297 Y137.638 E1427.39737
G1 X159.767 Y137.647 E1427.41579
G1 X159.226 Y137.521 E1427.4351
G1 X158.75 Y137.259 E1427.45398
G1 X158.388 Y136.937 E1427.47082
G1 X158.09 Y136.509 E1427.48895
G1 X157.904 Y136.034 E1427.50668
G1 X157.84 Y135.5 E1427.52537
G1 X157.924 Y134.901 E1427.5464
G1 X158.128 Y134.425 E1427.5644
G1 X158.439 Y134.009 E1427.58245
G1 X158.838 Y133.681 E1427.6004
G1 X159.304 Y133.455 E1427.6184
G1 X159.702 Y133.357 E1427.63265
G1 X160.341 Y133.367 E1427.65486
G1 X160.839 Y133.511 E1427.67288
G1 X161.159 Y133.679 E1427.68544
G1 X161.561 Y134.009 E1427.70352
G1 X161.938 Y134.545 E1427.72629
G1 X162.085 Y134.939 E1427.74091
G1 X162.159 Y135.458 E1427.75913
G1 X162.094 Y136.03 E1427.77914
G1 X161.932 Y136.464 E1427.79524
G0 F15000 X162.313 Y136.698
G1 F10500 X161.959 Y137.217 E1427.81708
G1 X161.489 Y137.636 E1427.83896
G1 X160.91 Y137.944 E1427.86176
G1 X160.241 Y138.087 E1427.88553
G1 X159.669 Y138.086 E1427.90541
G1 X159.033 Y137.913 E1427.92832
G1 X158.524 Y137.646 E1427.9483
G1 X158.062 Y137.233 E1427.96984
G1 X157.703 Y136.718 E1427.99166
G1 X157.461 Y136.104 E1428.0146
G1 X157.4 Y135.5 E1428.0357
G1 X157.446 Y135.018 E1428.05253
G1 X157.514 Y134.741 E1428.06244
G1 X157.766 Y134.175 E1428.08397
G1 X158.148 Y133.679 E1428.10573
G1 X158.631 Y133.292 E1428.12724
G1 X159.197 Y133.028 E1428.14895
G1 X159.626 Y132.924 E1428.16429
G1 X160.18 Y132.908 E1428.18356
G1 X160.799 Y133.028 E1428.20547
G1 X161.364 Y133.29 E1428.22712
G1 X161.852 Y133.679 E1428.24881
G1 X162.03 Y133.879 E1428.25812
G1 X162.344 Y134.376 E1428.27855
G1 X162.53 Y134.899 E1428.29784
G1 X162.605 Y135.486 E1428.31841
G1 X162.538 Y136.091 E1428.33957
G1 X162.313 Y136.698 E1428.36207
G1 F2400 E1427.86207
G1 F600 Z2.7
G0 F15000 X151.657 Y136.568 Z2.7
G1 F600 Z2.3
G1 F2400 E1428.36207
G1 F10500 X151.605 Y136.766 E1428.36918
G1 X151.438 Y136.995 E1428.37903
G1 X151.136 Y137.16 E1428.39099
G1 X140.961 Y137.159 E1428.74464
G1 X140.786 Y137.125 E1428.75084
G1 X140.511 Y136.944 E1428.76228
G1 X140.394 Y136.763 E1428.76977
G1 X140.34 Y136.59 E1428.77607
G1 X140.34 Y130.867 E1428.97499
G1 X140.472 Y130.604 E1428.98521
G1 X140.689 Y130.417 E1428.99517
G1 X140.915 Y130.34 E1429.00347
G1 X151 Y130.34 E1429.35399
G1 X151.311 Y130.417 E1429.36513
G1 X151.528 Y130.604 E1429.37508
G1 X151.66 Y130.867 E1429.38531
G1 X151.657 Y136.568 E1429.58346
G0 F15000 X152.095 Y136.612
G1 F10500 X152.008 Y136.943 E1429.59536
G1 X151.73 Y137.324 E1429.61175
G1 X151.461 Y137.5 E1429.62292
G1 X151.06 Y137.599 E1429.63728
G1 X140.935 Y137.599 E1429.98919
G1 X140.544 Y137.502 E1430.00319
G1 X140.27 Y137.324 E1430.01455
G1 X140.092 Y137.123 E1430.02388
G1 X139.942 Y136.805 E1430.0361
G1 X139.905 Y136.607 E1430.0431
G1 X139.9 Y131 E1430.23798
G1 X139.944 Y130.691 E1430.24883
G1 X140.12 Y130.34 E1430.26248
G1 X140.482 Y130.029 E1430.27907
G1 F8667.9 X140.811 Y129.81 E1430.29571
G1 F7380.2 X142.085 Y129.81 E1430.35871
G1 F7392 X143.359 Y129.81 E1430.4216
G1 F7403.8 X144.633 Y129.81 E1430.4844
G1 F7415.7 X145.907 Y129.81 E1430.5471
G1 X147.181 Y129.81 E1430.60979
G1 F7427.7 X148.455 Y129.81 E1430.67239
G1 F7439.6 X149.729 Y129.81 E1430.73489
G1 F7451.6 X151.003 Y129.81 E1430.79728
G1 F8717 X151.518 Y130.029 E1430.82071
G1 F10500 X151.88 Y130.34 E1430.8373
G1 X152.056 Y130.691 E1430.85095
G1 X152.1 Y131 E1430.86179
G1 X152.095 Y136.612 E1431.05685
G1 F2400 E1430.55685
G1 F600 Z2.7
G0 F15000 X134.16 Y135.5 Z2.7
G1 F600 Z2.3
G1 F2400 E1431.05685
G1 F10500 X134.107 Y135.97 E1431.07329
G1 X133.911 Y136.506 E1431.09312
G1 X133.612 Y136.937 E1431.11136
G1 X133.249 Y137.26 E1431.12824
G1 X132.774 Y137.515 E1431.14698
G1 X132.267 Y137.643 E1431.16516
G1 X131.816 Y137.648 E1431.18083
G1 X131.303 Y137.541 E1431.19905
G1 X130.838 Y137.315 E1431.21702
G1 X130.375 Y136.934 E1431.23786
G1 X130.056 Y136.435 E1431.25844
G1 X129.889 Y135.97 E1431.27562
G1 X129.843 Y135.574 E1431.28947
G1 X129.89 Y134.981 E1431.31015
G1 X130.128 Y134.425 E1431.33117
G1 X130.439 Y134.009 E1431.34922
G1 X130.838 Y133.681 E1431.36717
G1 X131.282 Y133.461 E1431.3844
G1 X131.702 Y133.357 E1431.39943
G1 X132.341 Y133.367 E1431.42165
G1 X132.839 Y133.511 E1431.43966
G1 X133.159 Y133.679 E1431.45223
G1 X133.561 Y134.009 E1431.4703
G1 X133.92 Y134.489 E1431.49114
G1 X134.112 Y135.059 E1431.51204
G1 X134.16 Y135.5 E1431.52746
G0 F15000 X134.6 Y135.5
G1 F10500 X134.533 Y136.108 E1431.54872
G1 X134.3 Y136.713 E1431.57125
G1 X133.937 Y137.233 E1431.5933
G1 X133.473 Y137.649 E1431.61496
G1 X132.935 Y137.924 E1431.63596
G1 X132.324 Y138.079 E1431.65786
G1 X131.663 Y138.091 E1431.68084
G1 X130.947 Y137.872 E1431.70687
G1 X130.42 Y137.557 E1431.72821
G1 X129.97 Y137.117 E1431.75008
G1 X129.646 Y136.595 E1431.77143
G1 F9788.1 X129.485 Y136.265 E1431.78513
G1 F7993.1 X129.352 Y136.064 E1431.79613
G1 F7241.4 X129.315 Y135.634 E1431.81788
G1 F7403.8 X129.315 Y135.368 E1431.83099
G1 F7287.1 X129.345 Y135.007 E1431.84913
G1 F8400 X129.506 Y134.739 E1431.86272
G1 F10312.5 X129.646 Y134.401 E1431.87566
G1 F10500 X129.97 Y133.879 E1431.89702
G1 X130.148 Y133.679 E1431.90632
G1 X130.631 Y133.292 E1431.92783
G1 X131.161 Y133.038 E1431.94826
G1 X131.626 Y132.924 E1431.9649
G1 X132.18 Y132.908 E1431.98417
G1 X132.799 Y133.028 E1432.00608
G1 X133.364 Y133.29 E1432.02773
G1 X133.852 Y133.679 E1432.04942
G1 X134.234 Y134.175 E1432.07118
G1 X134.486 Y134.752 E1432.09306
G1 X134.6 Y135.5 E1432.11936
G1 F2400 E1431.61936
G1 F600 Z2.7
G0 F15000 X132.267 Y166.353 Z2.7
G1 F600 Z2.3
G1 F2400 E1432.11936
G1 F10500 X132.769 Y166.479 E1432.13735
G1 X133.25 Y166.737 E1432.15632
G1 X133.613 Y167.06 E1432.17321
G1 X133.911 Y167.49 E1432.19139
G1 X134.087 Y167.944 E1432.20832
G1 X134.16 Y168.5 E1432.22781
G1 X134.107 Y168.97 E1432.24425
G1 X133.946 Y169.429 E1432.26115
G1 X133.625 Y169.934 E1432.28195
G1 X133.159 Y170.317 E1432.30292
G1 X132.693 Y170.541 E1432.32089
G1 X132.294 Y170.639 E1432.33517
G1 X131.816 Y170.648 E1432.35178
G1 X131.282 Y170.535 E1432.37075
G1 X130.838 Y170.315 E1432.38798
G1 X130.375 Y169.934 E1432.40882
G1 X130.056 Y169.435 E1432.4294
G1 X129.889 Y168.97 E1432.44657
G1 X129.843 Y168.574 E1432.46043
G1 X129.89 Y167.981 E1432.48111
G1 X130.128 Y167.425 E1432.50213
G1 X130.439 Y167.009 E1432.52018
G1 X130.838 Y166.681 E1432.53813
G1 X131.303 Y166.455 E1432.5561
G1 X131.816 Y166.348 E1432.57432
G1 X132.267 Y166.353 E1432.58999
G0 F15000 X132.324 Y165.917
G1 F10500 X132.926 Y166.068 E1432.61156
G1 X133.472 Y166.347 E1432.63288
G1 X133.939 Y166.764 E1432.65464
G1 X134.3 Y167.284 E1432.67664
G1 X134.507 Y167.814 E1432.69641
G1 X134.6 Y168.5 E1432.72048
G1 X134.54 Y169.046 E1432.73957
G1 X134.358 Y169.584 E1432.75931
G1 X134.03 Y170.117 E1432.78106
G1 X133.58 Y170.557 E1432.80293
G1 X133.364 Y170.706 E1432.81205
G1 X132.799 Y170.968 E1432.8337
G1 X132.37 Y171.072 E1432.84904
G1 X131.816 Y171.088 E1432.86831
G1 X131.161 Y170.958 E1432.89152
G1 X130.631 Y170.704 E1432.91194
G1 X130.148 Y170.317 E1432.93346
G1 X129.97 Y170.117 E1432.94276
G1 X129.646 Y169.595 E1432.96411
G1 F9788.1 X129.485 Y169.265 E1432.9778
G1 F7993.1 X129.352 Y169.064 E1432.98881
G1 F7241.4 X129.315 Y168.634 E1433.01056
G1 F7403.8 X129.315 Y168.368 E1433.02367
G1 F7287.1 X129.345 Y168.007 E1433.04181
G1 F8400 X129.506 Y167.739 E1433.0554
G1 F10312.5 X129.646 Y167.401 E1433.06834
G1 F10500 X129.97 Y166.879 E1433.0897
G1 X130.148 Y166.679 E1433.099
G1 X130.631 Y166.292 E1433.12051
G1 X131.197 Y166.028 E1433.14222
G1 X131.816 Y165.908 E1433.16414
G1 X132.324 Y165.917 E1433.1818
G1 F2400 E1432.6818
G1 F600 Z2.7
G0 F15000 X142.513 Y173.93 Z2.7
;TYPE:FILL
G1 F600 Z2.3
G1 F2400 E1433.1818
G1 F15000 X141.873 Y174.57 E1433.21325
G1 X141.387 Y174.57 E1433.23015
G1 X140.668 Y173.851 E1433.26549
G1 X140.988 Y173.93 E1433.27694
G1 X144.895 Y173.931 E1433.41274
G1 X145.535 Y174.57 E1433.44417
G1 X146.021 Y174.57 E1433.46106
G1 X146.661 Y173.93 E1433.49252
G1 X149.043 Y173.931 E1433.57531
G1 X149.682 Y174.57 E1433.60672
G1 X150.169 Y174.57 E1433.62365
G1 X150.809 Y173.93 E1433.65511
G1 X151.191 Y173.93 E1433.66838
G1 X151.676 Y173.762 E1433.68622
G1 X152.145 Y173.361 E1433.70767
G1 X152.304 Y173.043 E1433.72003
G1 X153.83 Y174.57 E1433.79506
G1 X154.317 Y174.57 E1433.81199
G1 X158.142 Y170.745 E1434
G1 X158.609 Y171.053 E1434.01944
G1 X162.126 Y174.57 E1434.19232
G1 X162.613 Y174.57 E1434.20924
G1 X167.963 Y169.219 E1434.47224
G1 X167.787 Y169.165 E1434.47864
G1 X167.11 Y168.742 E1434.50638
G1 X166.63 Y168.225 E1434.5309
G1 X166.249 Y167.543 E1434.55806
G1 X166.106 Y166.929 E1434.57997
G1 X158.465 Y174.57 E1434.95555
G1 X157.978 Y174.57 E1434.97248
G1 X152.427 Y169.019 E1435.24533
G1 X152.43 Y172.309 E1435.35968
G1 X157.273 Y167.466 E1435.59773
G1 X157.136 Y167.808 E1435.61054
G1 X157.07 Y168.505 E1435.63487
G1 X157.131 Y169.105 E1435.65583
G1 X157.341 Y169.72 E1435.67842
G1 X157.444 Y169.887 E1435.68524
G1 X128.931 Y141.375 E1437.08673
G1 X128.931 Y137.737 E1437.21318
G1 X129.554 Y137.114 E1437.2438
G1 X129.163 Y136.424 E1437.27136
G1 X129.06 Y136.313 E1437.27663
G1 X128.989 Y136.459 E1437.28227
G1 X128.931 Y136.8 E1437.29429
G1 X128.931 Y137.227 E1437.30913
G1 X158.043 Y166.338 E1438.74007
G1 X158.283 Y166.123 E1438.75127
G1 X158.921 Y165.763 E1438.77673
G1 X158.994 Y165.745 E1438.77934
G1 X166.685 Y158.054 E1439.15738
G1 X166.573 Y157.605 E1439.17347
G1 X166.572 Y154.129 E1439.29428
G1 X150.373 Y137.929 E1440.09054
G1 X149.48 Y137.928 E1440.12158
G1 X128.931 Y158.477 E1441.13164
G1 X128.931 Y162.114 E1441.25805
G1 X132.418 Y165.602 E1441.42947
G1 X132.997 Y165.736 E1441.45013
G1 X133.739 Y166.113 E1441.47906
G1 X170.422 Y129.43 E1443.28216
G1 X170.909 Y129.43 E1443.29908
G1 X175.07 Y133.591 E1443.50361
G1 X175.07 Y137.225 E1443.62992
G1 X146.723 Y165.572 E1445.02328
G1 X144.832 Y165.571 E1445.089
G1 X128.931 Y149.67 E1445.87059
G1 X128.931 Y146.033 E1445.997
G1 X139.579 Y135.564 E1446.51601
G1 X139.575 Y135.427 E1446.52077
G1 X133.578 Y129.43 E1446.81555
G1 X133.09 Y129.43 E1446.83251
G1 X128.931 Y133.589 E1447.03694
G1 X128.931 Y134.515 E1447.06912
G1 X129.051 Y134.77 E1447.07892
G1 X129.203 Y134.592 E1447.08705
G1 X129.49 Y133.993 E1447.11014
G1 X129.646 Y133.794 E1447.11893
G1 X128.93 Y133.078 E1447.15412
G1 X128.93 Y129.442 E1447.2805
G1 X129.43 Y129.43 E1447.29788
G1 X132.662 Y132.662 E1447.45675
G1 X133.193 Y132.827 E1447.47607
G1 X133.599 Y133.07 E1447.49252
G1 X137.238 Y129.43 E1447.67141
G1 X137.726 Y129.43 E1447.68837
G1 X139.565 Y131.105 E1447.77483
G1 X139.57 Y131.246 E1447.77974
G1 X134.885 Y135.931 E1448.01002
G1 X134.931 Y135.5 E1448.02509
G1 X134.867 Y134.867 E1448.0472
G1 X166.097 Y166.097 E1449.58227
G1 X166.258 Y165.427 E1449.60622
G1 X166.606 Y164.807 E1449.63093
G1 X167.077 Y164.275 E1449.65562
G1 X167.627 Y163.909 E1449.67859
G1 X167.934 Y163.786 E1449.69008
G1 X142.076 Y137.928 E1450.96109
G1 X141.184 Y137.928 E1450.9921
G1 X128.931 Y150.181 E1451.59438
G1 X128.931 Y153.818 E1451.72079
G1 X140.716 Y165.603 E1452.30006
G1 X140.915 Y165.572 E1452.30706
G1 X142.575 Y165.572 E1452.36476
G1 X167.284 Y140.863 E1453.57929
G1 X167.629 Y141.093 E1453.59371
G1 X168.321 Y141.359 E1453.61947
G1 X169 Y141.431 E1453.64321
G1 X169.607 Y141.365 E1453.66443
G1 X170.202 Y141.167 E1453.68622
G1 X175.07 Y146.035 E1453.9255
G1 X175.07 Y146.737 E1453.9499
G1 X174.96 Y147.194 E1453.96624
G1 X174.756 Y146.815 E1453.9812
G1 X174.361 Y146.355 E1454.00227
G1 X174.277 Y146.314 E1454.00552
G1 X175.07 Y145.521 E1454.0445
G1 X175.07 Y141.887 E1454.17081
G1 X171.905 Y138.722 E1454.32638
G1 X171.919 Y138.306 E1454.34084
G1 X171.787 Y137.611 E1454.36543
G1 X171.492 Y136.968 E1454.39002
G1 X171.354 Y136.793 E1454.39777
G1 X175.07 Y133.077 E1454.58042
G1 X175.07 Y129.443 E1454.70673
G1 X174.57 Y129.43 E1454.72411
G1 X168.746 Y135.253 E1455.01036
G1 X168.746 Y135.594 E1455.02221
G1 X168.436 Y135.625 E1455.03304
G1 X168.436 Y135.253 E1455.04597
G1 X162.613 Y129.43 E1455.33219
G1 X162.126 Y129.43 E1455.34912
G1 X158.622 Y132.934 E1455.52135
G1 X158.468 Y133.004 E1455.52723
G1 X158.147 Y133.259 E1455.54148
G1 X154.318 Y129.43 E1455.72969
G1 X153.83 Y129.43 E1455.74665
G1 X152.411 Y130.849 E1455.8164
G1 X152.43 Y130.992 E1455.82141
G1 X152.43 Y131.691 E1455.84571
G1 X157.279 Y136.539 E1456.08403
G1 X157.138 Y136.183 E1456.09734
G1 X157.07 Y135.505 E1456.12102
G1 X157.119 Y134.973 E1456.13959
G1 X157.205 Y134.624 E1456.15208
G1 X157.428 Y134.128 E1456.17098
G1 X128.931 Y162.625 E1457.57171
G1 X128.931 Y166.262 E1457.69812
G1 X129.565 Y166.896 E1457.72929
G1 X129.49 Y166.993 E1457.73355
G1 X129.203 Y167.592 E1457.75664
G1 X129.051 Y167.77 E1457.76477
G1 X128.931 Y167.515 E1457.77457
G1 X128.931 Y166.773 E1457.80036
G1 X158.045 Y137.659 E1459.23141
G1 X158.286 Y137.875 E1459.24266
G1 X158.925 Y138.236 E1459.26817
G1 X158.994 Y138.254 E1459.27065
G1 X167.119 Y146.38 E1459.67005
G1 X166.842 Y146.658 E1459.68369
G1 X166.654 Y147.013 E1459.69765
G1 X166.571 Y147.419 E1459.71205
G1 X166.571 Y149.872 E1459.79731
G1 X150.871 Y165.572 E1460.56902
G1 X148.98 Y165.571 E1460.63475
G1 X128.931 Y145.523 E1461.6202
G1 X128.931 Y141.885 E1461.74665
G1 X132.423 Y138.393 E1461.91829
G1 X133 Y138.259 E1461.93888
G1 X133.736 Y137.884 E1461.96759
G1 X170.422 Y174.57 E1463.77084
G1 X170.908 Y174.57 E1463.78773
G1 X175.07 Y170.408 E1463.99231
G1 X175.07 Y166.775 E1464.11858
G1 X146.225 Y137.929 E1465.53644
G1 X145.332 Y137.928 E1465.56748
G1 X128.931 Y154.329 E1466.37365
G1 X128.931 Y157.966 E1466.50006
G1 X139.566 Y168.436 E1467.01877
G1 X139.571 Y168.576 E1467.02364
G1 X133.577 Y174.57 E1467.31826
G1 X133.091 Y174.57 E1467.33515
G1 X128.93 Y170.409 E1467.53968
G1 X128.931 Y169.8 E1467.56085
G1 X128.989 Y169.459 E1467.57287
G1 X129.06 Y169.312 E1467.57855
G1 X129.163 Y169.423 E1467.58381
G1 X129.493 Y170.005 E1467.60706
G1 X129.647 Y170.204 E1467.61581
G1 X128.931 Y170.92 E1467.651
G1 X128.93 Y174.557 E1467.77741
G1 X129.43 Y174.57 E1467.7948
G1 X132.659 Y171.34 E1467.95354
G1 X132.889 Y171.285 E1467.96176
G1 X133.62 Y170.951 E1467.98969
G1 X137.239 Y174.57 E1468.16758
G1 X137.725 Y174.57 E1468.18447
G1 X139.626 Y172.894 E1468.27256
G1 X139.611 Y172.794 E1468.27607
G1 X134.887 Y168.07 E1468.50827
G1 X134.931 Y168.499 E1468.52326
G1 X134.862 Y169.137 E1468.54557
G1 X166.156 Y137.843 E1470.08378
G1 X166.249 Y137.46 E1470.09748
G1 X166.334 Y137.299 E1470.1038
G1 X158.465 Y129.43 E1470.49059
G1 X157.978 Y129.43 E1470.50752
G1 X152.431 Y134.977 E1470.78018
G1 X152.43 Y135.839 E1470.81014
G1 X166.572 Y149.98 E1471.50524
G1 X166.572 Y154.019 E1471.64562
G1 X152.427 Y168.163 E1472.34088
G1 X152.427 Y166.896 E1472.38491
G1 X152.375 Y166.6 E1472.39536
G1 X152.272 Y166.344 E1472.40495
G1 X152.075 Y166.054 E1472.41714
G1 X151.66 Y165.729 E1472.43546
G1 X151.404 Y165.627 E1472.44504
G1 X151.083 Y165.571 E1472.45636
G1 X150.975 Y165.553
G1 F2400 E1471.95636
G1 F600 Z2.7
G0 F15000 X160.342 Y165.576 Z2.7
G1 F600 Z2.3
G1 F2400 E1472.45636
G1 F15000 X161.012 Y165.748 E1472.4804
G1 X161.6 Y166.043 E1472.50327
G1 X162.14 Y166.496 E1472.52777
G1 X162.556 Y167.067 E1472.55232
G1 X162.827 Y167.727 E1472.57712
G1 X162.943 Y168.517 E1472.60487
G1 X162.841 Y169.216 E1472.62942
G1 X162.626 Y169.801 E1472.65109
G1 X162.297 Y170.312 E1472.67221
G1 X162.157 Y170.452 E1472.67909
G1 X166.274 Y174.57 E1472.88148
G1 X166.761 Y174.57 E1472.89841
G1 X175.07 Y166.26 E1473.30685
G1 X175.07 Y162.627 E1473.43312
G1 X171.374 Y158.93 E1473.61482
G1 X169.957 Y158.93 E1473.66407
G1 X162.246 Y166.64 E1474.04307
G1 X162.169 Y166.717
G1 F2400 E1473.54307
G1 F600 Z2.7
G0 F15000 X168.995 Y163.57 Z2.7
G1 F600 Z2.3
G1 F2400 E1474.04307
G1 F15000 X169.424 Y163.61 E1474.05804
G1 X174.983 Y158.051 E1474.33129
G1 X174.952 Y157.969 E1474.33433
G1 X174.769 Y158.177 E1474.34396
G1 X175.07 Y158.479 E1474.35878
G1 X175.07 Y162.112 E1474.48505
G1 X171.719 Y165.463 E1474.64977
G1 X171.787 Y165.611 E1474.65543
G1 X171.919 Y166.306 E1474.68002
G1 X171.898 Y166.923 E1474.70147
G1 X171.785 Y167.389 E1474.71814
G1 X171.496 Y168.025 E1474.74242
G1 X171.061 Y168.577 E1474.76685
G1 X170.46 Y169.037 E1474.79315
G1 X170.205 Y169.166 E1474.80309
G1 X169.607 Y169.365 E1474.82499
G1 X169.389 Y169.389 E1474.83261
G1 X174.57 Y174.57 E1475.08728
G1 X175.07 Y174.556 E1475.10466
G1 X175.07 Y170.923 E1475.23093
G1 X171.707 Y167.559 E1475.39626
G1 X171.63 Y167.482
G1 F2400 E1474.89626
G1 F600 Z2.7
G0 F15000 X162.157 Y133.546 Z2.7
G1 F600 Z2.3
G1 F2400 E1475.39626
G1 F15000 X166.274 Y129.43 E1475.5986
G1 X166.761 Y129.43 E1475.61553
G1 X175.07 Y137.739 E1476.02395
G1 X175.07 Y141.373 E1476.15025
G1 X170.82 Y145.623 E1476.35916
G1 X170.82 Y146.072 E1476.37476
G1 X170.51 Y146.073 E1476.38554
G1 X170.51 Y145.623 E1476.40118
G1 X162.254 Y137.367 E1476.80699
G1 X162.61 Y136.846 E1476.82892
G1 X162.858 Y136.178 E1476.85369
G1 X162.93 Y135.541 E1476.87597
G1 X162.861 Y134.818 E1476.90121
G1 X162.646 Y134.241 E1476.92261
G1 X162.298 Y133.685 E1476.94541
G1 X161.794 Y133.186 E1476.97006
G1 X161.193 Y132.827 E1476.99439
G1 X160.522 Y132.619 E1477.01881
G1 X160.187 Y132.578 E1477.03054
G1 X160.078 Y132.565
G1 F2400 E1476.53054
G1 F600 Z2.7
;MESH:NONMESH
G0 F15000 X132.613 Y137.105 Z2.7
;TIME_ELAPSED:638.556447
;LAYER:11
;MESH:case_VL53L8+RP2040-up.stl
G0 X132.613 Y137.105 Z2.9
;TYPE:WALL-OUTER
G1 F600 Z2.5
G1 F2400 E1477.03054
G1 F9000 X132.209 Y137.207 E1477.04502
G1 X131.762 Y137.202 E1477.06056
G1 X131.36 Y137.095 E1477.07502
G1 X131.044 Y136.927 E1477.08746
G1 X130.694 Y136.617 E1477.10371
G1 X130.466 Y136.276 E1477.11797
G1 X130.323 Y135.894 E1477.13214
G1 X130.281 Y135.525 E1477.14505
G1 X130.334 Y135.06 E1477.16132
G1 X130.49 Y134.675 E1477.17576
G1 X130.73 Y134.339 E1477.19011
G1 X131.044 Y134.069 E1477.2045
G1 X131.41 Y133.882 E1477.21879
G1 X131.778 Y133.791 E1477.23196
G1 X132.234 Y133.794 E1477.24781
G1 X132.635 Y133.901 E1477.26224
G1 X132.998 Y134.099 E1477.27661
G1 X133.306 Y134.379 E1477.29108
G1 X133.51 Y134.675 E1477.30357
G1 X133.675 Y135.113 E1477.31984
G1 X133.719 Y135.528 E1477.33434
G1 X133.669 Y135.915 E1477.34791
G1 X133.523 Y136.3 E1477.36222
G1 X133.287 Y136.641 E1477.37663
G1 X132.985 Y136.908 E1477.39064
G1 X132.613 Y137.105 E1477.40527
G1 F2400 E1476.90527
G1 F600 Z2.9
G0 F15000 X151.219 Y136.523 Z2.9
G1 F600 Z2.5
G1 F2400 E1477.40527
G1 F9000 X151.191 Y136.611 E1477.40848
G1 X151.036 Y136.718 E1477.41503
G1 X140.973 Y136.719 E1477.76479
G1 X140.877 Y136.684 E1477.76834
G1 X140.783 Y136.542 E1477.77426
G1 X140.78 Y130.954 E1477.96848
G1 X140.824 Y130.868 E1477.97184
G1 X140.962 Y130.783 E1477.97747
G1 X151.085 Y130.78 E1478.32931
G1 X151.22 Y130.954 E1478.33697
G1 X151.219 Y136.523 E1478.53053
G1 F2400 E1478.03053
G1 F600 Z2.9
G0 F15000 X160.625 Y137.1 Z2.9
G1 F600 Z2.5
G1 F2400 E1478.53053
G1 F9000 X160.219 Y137.205 E1478.5451
G1 X159.799 Y137.208 E1478.5597
G1 X159.384 Y137.106 E1478.57456
G1 X159.026 Y136.916 E1478.58864
G1 X158.713 Y136.641 E1478.60312
G1 X158.478 Y136.301 E1478.61749
G1 X158.323 Y135.894 E1478.63263
G1 X158.281 Y135.525 E1478.64553
G1 X158.334 Y135.06 E1478.6618
G1 X158.49 Y134.675 E1478.67624
G1 X158.73 Y134.339 E1478.69059
G1 X159.044 Y134.069 E1478.70498
G1 X159.41 Y133.882 E1478.71927
G1 X159.778 Y133.791 E1478.73244
G1 X160.234 Y133.794 E1478.74829
G1 X160.635 Y133.901 E1478.76272
G1 X160.998 Y134.099 E1478.77709
G1 X161.306 Y134.379 E1478.79156
G1 X161.532 Y134.715 E1478.80563
G1 X161.666 Y135.073 E1478.81892
G1 X161.72 Y135.486 E1478.8334
G1 X161.669 Y135.914 E1478.84838
G1 X161.53 Y136.286 E1478.86218
G1 X161.284 Y136.644 E1478.87728
G1 X160.971 Y136.918 E1478.89173
G1 X160.625 Y137.1 E1478.90532
G1 F2400 E1478.40532
G1 F600 Z2.9
G0 F15000 X169.383 Y140.175 Z2.9
G1 F600 Z2.5
G1 F2400 E1478.90532
G1 F9000 X168.973 Y140.219 E1478.91966
G1 X168.582 Y140.169 E1478.93336
G1 X168.196 Y140.023 E1478.9477
G1 X167.855 Y139.787 E1478.96211
G1 X167.59 Y139.487 E1478.97603
G1 X167.388 Y139.107 E1478.99098
G1 X167.291 Y138.722 E1479.00478
G1 X167.294 Y138.262 E1479.02077
G1 X167.394 Y137.874 E1479.0347
G1 X167.586 Y137.517 E1479.04879
G1 X167.863 Y137.206 E1479.06326
G1 X168.19 Y136.981 E1479.07706
G1 X168.602 Y136.823 E1479.09239
G1 X169 Y136.78 E1479.10631
G1 X169.436 Y136.834 E1479.12158
G1 X169.788 Y136.971 E1479.13471
G1 X170.157 Y137.23 E1479.15038
G1 X170.427 Y137.544 E1479.16477
G1 X170.614 Y137.91 E1479.17905
G1 X170.702 Y138.262 E1479.19167
G1 X170.705 Y138.718 E1479.20752
G1 X170.595 Y139.135 E1479.2225
G1 X170.397 Y139.498 E1479.23688
G1 X170.117 Y139.806 E1479.25134
G1 X169.821 Y140.01 E1479.26384
G1 X169.383 Y140.175 E1479.28011
G1 F2400 E1478.78011
G1 F600 Z2.9
G0 F15000 X173.717 Y157.539 Z2.9
G1 F600 Z2.5
G1 F2400 E1479.28011
G1 F9000 X173.632 Y157.676 E1479.28571
G1 X173.546 Y157.72 E1479.28907
G1 X167.977 Y157.719 E1479.48263
G1 X167.889 Y157.691 E1479.48584
G1 X167.78 Y157.572 E1479.49145
G1 X167.783 Y147.461 E1479.84287
G1 X167.826 Y147.364 E1479.84656
G1 X167.978 Y147.281 E1479.85258
G1 X173.546 Y147.28 E1480.04611
G1 X173.72 Y147.415 E1480.05376
G1 X173.717 Y157.539 E1480.40564
G1 F2400 E1479.90564
G1 F600 Z2.9
G0 F15000 X169.383 Y168.175 Z2.9
G1 F600 Z2.5
G1 F2400 E1480.40564
G1 F9000 X168.973 Y168.219 E1480.41997
G1 X168.562 Y168.162 E1480.43439
G1 X168.175 Y168.01 E1480.44884
G1 X167.866 Y167.796 E1480.46191
G1 X167.59 Y167.487 E1480.47631
G1 X167.394 Y167.122 E1480.49071
G1 X167.289 Y166.705 E1480.50565
G1 X167.289 Y166.286 E1480.52022
G1 X167.386 Y165.895 E1480.53422
G1 X167.585 Y165.518 E1480.54904
G1 X167.855 Y165.213 E1480.56319
G1 X168.195 Y164.978 E1480.57756
G1 X168.602 Y164.823 E1480.5927
G1 X169 Y164.78 E1480.60661
G1 X169.436 Y164.834 E1480.62188
G1 X169.821 Y164.99 E1480.63632
G1 X170.157 Y165.23 E1480.65067
G1 X170.427 Y165.544 E1480.66506
G1 X170.614 Y165.91 E1480.67935
G1 X170.702 Y166.262 E1480.69196
G1 X170.705 Y166.718 E1480.70781
G1 X170.595 Y167.135 E1480.7228
G1 X170.397 Y167.498 E1480.73717
G1 X170.117 Y167.806 E1480.75164
G1 X169.814 Y168.014 E1480.76441
G1 X169.383 Y168.175 E1480.7804
G1 F2400 E1480.2804
G1 F600 Z2.9
G0 F15000 X160.586 Y170.114 Z2.9
G1 F600 Z2.5
G1 F2400 E1480.7804
G1 F9000 X160.218 Y170.205 E1480.79358
G1 X159.762 Y170.202 E1480.80943
G1 X159.36 Y170.095 E1480.82389
G1 X159.044 Y169.927 E1480.83633
G1 X158.694 Y169.617 E1480.85258
G1 X158.466 Y169.276 E1480.86683
G1 X158.323 Y168.894 E1480.88101
G1 X158.281 Y168.475 E1480.89565
G1 X158.329 Y168.074 E1480.90968
G1 X158.49 Y167.675 E1480.92464
G1 X158.694 Y167.379 E1480.93713
G1 X159.014 Y167.088 E1480.95217
G1 X159.392 Y166.887 E1480.96705
G1 X159.798 Y166.788 E1480.98157
G1 X160.205 Y166.789 E1480.99572
G1 X160.586 Y166.882 E1481.00935
G1 X160.967 Y167.076 E1481.02421
G1 X161.28 Y167.348 E1481.03862
G1 X161.525 Y167.7 E1481.05353
G1 X161.667 Y168.076 E1481.0675
G1 X161.72 Y168.487 E1481.0819
G1 X161.675 Y168.883 E1481.09575
G1 X161.522 Y169.302 E1481.11126
G1 X161.306 Y169.617 E1481.12453
G1 X160.955 Y169.927 E1481.14081
G1 X160.586 Y170.114 E1481.15518
G1 F2400 E1480.65518
G1 F600 Z2.9
G0 F15000 X151.22 Y172.546 Z2.9
G1 F600 Z2.5
G1 F2400 E1481.15518
G1 F9000 X151.176 Y172.633 E1481.15857
G1 X151.038 Y172.717 E1481.16419
G1 X140.915 Y172.72 E1481.51603
G1 X140.78 Y172.546 E1481.52369
G1 X140.782 Y166.966 E1481.71763
G1 X140.834 Y166.854 E1481.72192
G1 X140.959 Y166.783 E1481.72692
G1 X151.037 Y166.782 E1482.0772
G1 X151.145 Y166.833 E1482.08135
G1 X151.218 Y166.964 E1482.08656
G1 X151.22 Y172.546 E1482.28057
G1 F2400 E1481.78057
G1 F600 Z2.9
G0 F15000 X132.586 Y170.114 Z2.9
G1 F600 Z2.5
G1 F2400 E1482.28057
G1 F9000 X132.218 Y170.205 E1482.29375
G1 X131.762 Y170.202 E1482.3096
G1 X131.403 Y170.112 E1482.32246
G1 X131.044 Y169.927 E1482.3365
G1 X130.694 Y169.617 E1482.35275
G1 X130.466 Y169.276 E1482.36701
G1 X130.323 Y168.894 E1482.38118
G1 X130.281 Y168.525 E1482.39409
G1 X130.334 Y168.06 E1482.41036
G1 X130.49 Y167.675 E1482.4248
G1 X130.73 Y167.339 E1482.43915
G1 X131.044 Y167.069 E1482.45354
G1 X131.41 Y166.882 E1482.46783
G1 X131.762 Y166.794 E1482.48044
G1 X132.209 Y166.789 E1482.49598
G1 X132.611 Y166.89 E1482.51038
G1 X132.974 Y167.08 E1482.52462
G1 X133.287 Y167.356 E1482.53913
G1 X133.523 Y167.696 E1482.55351
G1 X133.667 Y168.074 E1482.56757
G1 X133.719 Y168.473 E1482.58156
G1 X133.673 Y168.894 E1482.59628
G1 X133.51 Y169.321 E1482.61216
G1 X133.306 Y169.617 E1482.62466
G1 X132.955 Y169.927 E1482.64093
G1 X132.586 Y170.114 E1482.65531
G1 F2400 E1482.15531
G1 F600 Z2.9
G0 F15000 X176.28 Y175.78 Z2.9
G1 F600 Z2.5
G1 F2400 E1482.65531
G1 F9000 X176.28 Y128.22 E1484.30835
G1 X127.72 Y128.22 E1485.99614
G1 X127.72 Y175.78 E1487.64917
G1 X176.28 Y175.78 E1489.33697
G0 F15000 X175.84 Y175.34
;TYPE:WALL-INNER
G1 F10500 X175.84 Y128.66 E1490.95942
G1 X128.16 Y128.66 E1492.61662
G1 X128.16 Y175.34 E1494.23907
G1 X175.84 Y175.34 E1495.89628
G0 F15000 X175.4 Y174.9
G1 F10500 X175.4 Y158.25 E1496.47498
G1 F8619.4 X175.305 Y157.761 E1496.49607
G1 F7321.7 X175.305 Y157.077 E1496.53016
G1 F7333.3 X175.306 Y156.393 E1496.5642
G1 F7345 X175.306 Y155.709 E1496.59819
G1 F7356.7 X175.306 Y155.025 E1496.63212
G1 X175.307 Y154.341 E1496.66605
G1 F7368.4 X175.307 Y153.657 E1496.69993
G1 F7380.2 X175.307 Y152.973 E1496.73375
G1 X175.308 Y152.289 E1496.76758
G1 F7392 X175.308 Y151.605 E1496.80135
G1 F7403.8 X175.308 Y150.921 E1496.83506
G1 F7415.7 X175.309 Y150.237 E1496.86872
G1 X175.309 Y149.553 E1496.90238
G1 F7427.7 X175.309 Y148.869 E1496.93599
G1 F7439.6 X175.31 Y148.185 E1496.96955
G1 F7451.6 X175.31 Y147.501 E1497.00304
G1 F8717 X175.4 Y146.75 E1497.03471
G1 F10500 X175.4 Y129.1 E1497.64817
G1 X151.75 Y129.1 E1498.47017
G1 F8717 X151 Y129.19 E1498.50179
G1 F7451.6 X150.359 Y129.19 E1498.53319
G1 F7439.6 X149.718 Y129.191 E1498.56463
G1 F7427.7 X149.077 Y129.191 E1498.59613
G1 F7415.7 X148.436 Y129.191 E1498.62767
G1 X147.795 Y129.192 E1498.65922
G1 F7403.8 X147.154 Y129.192 E1498.69081
G1 F7392 X146.513 Y129.193 E1498.72246
G1 F7380.2 X145.872 Y129.193 E1498.75416
G1 X145.231 Y129.193 E1498.78585
G1 F7368.4 X144.59 Y129.194 E1498.8176
G1 F7356.7 X143.949 Y129.194 E1498.8494
G1 F7345 X143.308 Y129.194 E1498.88125
G1 X142.667 Y129.195 E1498.9131
G1 F7333.3 X142.026 Y129.195 E1498.945
G1 F7321.7 X141.385 Y129.196 E1498.97695
G1 F7310.1 X140.744 Y129.196 E1499.00895
G1 F8619.4 X140.25 Y129.1 E1499.03026
G1 F10500 X128.6 Y129.1 E1499.43517
G1 X128.601 Y134.206 E1499.61264
G1 F10312.5 X128.608 Y134.571 E1499.62556
G1 F8400 X128.703 Y134.972 E1499.64346
G1 F7287.1 X128.693 Y135.334 E1499.6616
G1 F7403.8 X128.693 Y135.668 E1499.67806
G1 F7241.4 X128.706 Y136.12 E1499.70085
G1 F7993.1 X128.631 Y136.425 E1499.71519
G1 F9788.1 X128.601 Y136.79 E1499.72885
G1 F10500 X128.601 Y167.206 E1500.78601
G1 F10312.5 X128.608 Y167.571 E1500.79893
G1 F8400 X128.703 Y167.972 E1500.81684
G1 F7287.1 X128.693 Y168.334 E1500.83497
G1 F7403.8 X128.693 Y168.668 E1500.85144
G1 F7241.4 X128.706 Y169.12 E1500.87422
G1 F7993.1 X128.631 Y169.425 E1500.88857
G1 F9788.1 X128.601 Y169.79 E1500.90222
G1 F10500 X128.6 Y174.9 E1501.07983
G1 X175.4 Y174.9 E1502.70645
G1 F2400 E1502.20645
G1 F600 Z2.9
G0 F15000 X170.487 Y168.061 Z2.9
G1 F600 Z2.5
G1 F2400 E1502.70645
G1 F10500 X170.05 Y168.386 E1502.72538
G1 X169.47 Y168.607 E1502.74695
G1 X169 Y168.66 E1502.76339
G1 X168.559 Y168.612 E1502.77881
G1 X168.067 Y168.446 E1502.79685
G1 X167.591 Y168.14 E1502.81652
G1 X167.242 Y167.757 E1502.83453
G1 X166.992 Y167.3 E1502.85264
G1 X166.852 Y166.755 E1502.87219
G1 X166.849 Y166.271 E1502.88902
G1 X166.968 Y165.759 E1502.90729
G1 X167.206 Y165.295 E1502.92541
G1 X167.559 Y164.888 E1502.94414
G1 X167.987 Y164.59 E1502.96226
G1 X168.462 Y164.404 E1502.97999
G1 X169 Y164.34 E1502.99882
G1 X169.595 Y164.424 E1503.01971
G1 X170.071 Y164.628 E1503.03771
G1 X170.487 Y164.939 E1503.05576
G1 X170.815 Y165.338 E1503.07371
G1 X171.041 Y165.803 E1503.09168
G1 X171.148 Y166.316 E1503.1099
G1 X171.139 Y166.794 E1503.12652
G1 X171.041 Y167.193 E1503.1408
G1 X170.817 Y167.659 E1503.15877
G1 X170.487 Y168.061 E1503.17684
G0 F15000 X170.817 Y168.352
G1 F10500 X170.617 Y168.53 E1503.18615
G1 X170.084 Y168.858 E1503.2079
G1 X169.546 Y169.04 E1503.22764
G1 X169 Y169.1 E1503.24673
G1 X168.506 Y169.049 E1503.26399
G1 X167.912 Y168.858 E1503.28568
G1 X167.316 Y168.483 E1503.31015
G1 X166.842 Y167.97 E1503.33443
G1 X166.562 Y167.411 E1503.35616
G1 X166.425 Y166.876 E1503.37536
G1 X166.41 Y166.241 E1503.39743
G1 X166.566 Y165.553 E1503.42195
G1 X166.873 Y165.001 E1503.44391
G1 X167.263 Y164.562 E1503.46432
G1 X167.779 Y164.203 E1503.48616
G1 X168.391 Y163.961 E1503.50904
G1 X169 Y163.9 E1503.53031
G1 X169.479 Y163.946 E1503.54704
G1 X169.755 Y164.014 E1503.55692
G1 X170.321 Y164.266 E1503.57845
G1 X170.817 Y164.648 E1503.60021
G1 X171.204 Y165.131 E1503.62172
G1 X171.468 Y165.697 E1503.64343
G1 X171.588 Y166.316 E1503.66534
G1 X171.573 Y166.87 E1503.68461
G1 X171.468 Y167.299 E1503.69996
G1 X171.207 Y167.864 E1503.72159
G1 X170.817 Y168.352 E1503.7433
G1 F2400 E1503.2433
G1 F600 Z2.9
G0 F15000 X162.16 Y168.463 Z2.9
G1 F600 Z2.5
G1 F2400 E1503.7433
G1 F10500 X162.095 Y169.023 E1503.76289
G1 X161.928 Y169.474 E1503.77961
G1 X161.561 Y169.987 E1503.80153
G1 X161.159 Y170.317 E1503.81961
G1 X160.693 Y170.541 E1503.83758
G1 X160.294 Y170.639 E1503.85186
G1 X159.816 Y170.648 E1503.86848
G1 X159.303 Y170.541 E1503.88669
G1 X158.838 Y170.315 E1503.90466
G1 X158.375 Y169.934 E1503.9255
G1 X158.056 Y169.435 E1503.94609
G1 X157.889 Y168.97 E1503.96326
G1 X157.84 Y168.5 E1503.97968
G1 X157.909 Y167.944 E1503.99916
G1 X158.09 Y167.487 E1504.01624
G1 X158.387 Y167.06 E1504.03432
G1 X158.748 Y166.738 E1504.05113
G1 X159.249 Y166.471 E1504.07086
G1 X159.717 Y166.355 E1504.08762
G1 X160.216 Y166.348 E1504.10497
G1 X160.751 Y166.473 E1504.12406
G1 X161.238 Y166.727 E1504.14315
G1 X161.592 Y167.038 E1504.15953
G1 X161.895 Y167.461 E1504.17762
G1 X162.088 Y167.948 E1504.19582
G1 X162.16 Y168.463 E1504.2139
G0 F15000 X162.609 Y168.516
G1 F10500 X162.521 Y169.134 E1504.23559
G1 X162.327 Y169.658 E1504.25502
G1 X162.03 Y170.117 E1504.27402
G1 X161.58 Y170.557 E1504.29589
G1 X161.364 Y170.706 E1504.30501
G1 X160.799 Y170.968 E1504.32666
G1 X160.37 Y171.072 E1504.342
G1 X159.816 Y171.088 E1504.36126
G1 X159.549 Y171.056 E1504.37061
G1 X158.947 Y170.872 E1504.39249
G1 X158.42 Y170.557 E1504.41383
G1 X157.97 Y170.117 E1504.4357
G1 X157.646 Y169.595 E1504.45706
G1 X157.456 Y169.046 E1504.47725
G1 X157.4 Y168.5 E1504.49633
G1 X157.489 Y167.814 E1504.52037
G1 X157.702 Y167.279 E1504.54038
G1 X158.061 Y166.764 E1504.5622
G1 X158.482 Y166.387 E1504.58185
G1 X159.081 Y166.054 E1504.60567
G1 X159.727 Y165.911 E1504.62866
G1 X160.314 Y165.909 E1504.64906
G1 X160.896 Y166.057 E1504.66994
G1 X161.426 Y166.325 E1504.69058
G1 X161.904 Y166.728 E1504.71231
G1 X162.318 Y167.297 E1504.73677
G1 X162.528 Y167.89 E1504.75863
G1 X162.609 Y168.516 E1504.78057
G1 F2400 E1504.28057
G1 F600 Z2.9
G0 F15000 X151.659 Y166.953 Z2.9
G1 F600 Z2.5
G1 F2400 E1504.78057
G1 F10500 X151.66 Y172.633 E1504.97799
G1 X151.528 Y172.897 E1504.98825
G1 X151.311 Y173.083 E1504.99818
G1 X151.088 Y173.16 E1505.00638
G1 X141 Y173.16 E1505.35701
G1 X140.689 Y173.083 E1505.36815
G1 X140.472 Y172.897 E1505.37808
G1 X140.34 Y172.633 E1505.38834
G1 X140.341 Y166.96 E1505.58551
G1 X140.413 Y166.697 E1505.59499
G1 X140.601 Y166.473 E1505.60516
G1 X140.92 Y166.344 E1505.61711
G1 X151.036 Y166.34 E1505.96872
G1 X151.229 Y166.38 E1505.97557
G1 X151.497 Y166.564 E1505.98686
G1 X151.587 Y166.697 E1505.99245
G1 X151.659 Y166.953 E1506.00169
G0 F15000 X152.098 Y166.922
G1 F10500 X152.1 Y172.5 E1506.19556
G1 X152.057 Y172.809 E1506.20641
G1 X151.88 Y173.161 E1506.2201
G1 X151.518 Y173.471 E1506.23667
G1 X151.144 Y173.6 E1506.25042
G1 X141 Y173.6 E1506.60299
G1 X140.482 Y173.471 E1506.62154
G1 X140.12 Y173.161 E1506.63811
G1 X139.943 Y172.809 E1506.6518
G1 X139.9 Y172.5 E1506.66265
G1 X139.901 Y166.934 E1506.8561
G1 X140.021 Y166.496 E1506.87189
G1 X140.22 Y166.223 E1506.88363
G1 X140.481 Y166.029 E1506.89493
G1 X140.935 Y165.901 E1506.91133
G1 X151.06 Y165.901 E1507.26324
G1 X151.381 Y165.967 E1507.27463
G1 X151.539 Y166.04 E1507.28068
G1 X151.827 Y166.274 E1507.29358
G1 X151.979 Y166.496 E1507.30293
G1 X152.098 Y166.922 E1507.3183
G1 F2400 E1506.8183
G1 F600 Z2.9
G0 F15000 X167.418 Y157.813 Z2.9
G1 F600 Z2.5
G1 F2400 E1507.3183
G1 F10500 X167.341 Y157.546 E1507.32796
G1 X167.34 Y147.464 E1507.67838
G1 X167.432 Y147.162 E1507.68935
G1 X167.669 Y146.928 E1507.70093
G1 X167.936 Y146.843 E1507.71067
G1 X173.634 Y146.84 E1507.90871
G1 X173.896 Y146.972 E1507.91891
G1 X174.083 Y147.189 E1507.92886
G1 X174.16 Y147.5 E1507.94
G1 X174.16 Y157.589 E1508.29066
G1 X174.083 Y157.811 E1508.29883
G1 X173.896 Y158.028 E1508.30878
G1 X173.634 Y158.16 E1508.31898
G1 X167.932 Y158.157 E1508.51716
G1 X167.669 Y158.072 E1508.52677
G1 X167.418 Y157.813 E1508.53931
G0 F15000 X167.004 Y157.968
G1 F10500 X166.902 Y157.576 E1508.55339
G1 X166.901 Y147.358 E1508.90853
G1 X166.989 Y147.065 E1508.91916
G1 X167.259 Y146.686 E1508.93534
G1 X167.56 Y146.491 E1508.9478
G1 X167.893 Y146.405 E1508.95976
G1 X173.5 Y146.4 E1509.15464
G1 X173.809 Y146.443 E1509.16548
G1 X174.16 Y146.62 E1509.17914
G1 X174.472 Y146.982 E1509.19576
G1 F8717 X174.69 Y147.5 E1509.21928
G1 F7451.6 X174.69 Y148.956 E1509.29059
G1 F7439.6 X174.69 Y150.412 E1509.36202
G1 F7427.7 X174.69 Y151.868 E1509.43355
G1 X174.69 Y153.324 E1509.50509
G1 F7415.7 X174.69 Y154.78 E1509.57675
G1 F7403.8 X174.69 Y156.236 E1509.64851
G1 F7392 X174.69 Y157.692 E1509.7204
G1 F8684.2 X174.472 Y158.018 E1509.73688
G1 F10500 X174.16 Y158.38 E1509.75349
G1 X173.809 Y158.557 E1509.76715
G1 X173.5 Y158.6 E1509.778
G1 X167.887 Y158.595 E1509.97309
G1 X167.556 Y158.507 E1509.98499
G1 X167.175 Y158.229 E1510.00138
G1 X167.004 Y157.968 E1510.01223
G1 F2400 E1509.51223
G1 F600 Z2.9
G0 F15000 X169 Y140.66 Z2.9
G1 F600 Z2.5
G1 F2400 E1510.01223
G1 F10500 X168.528 Y140.607 E1510.02874
G1 X167.989 Y140.411 E1510.04867
G1 X167.559 Y140.112 E1510.06687
G1 X167.242 Y139.757 E1510.08342
G1 X166.996 Y139.308 E1510.10121
G1 X166.859 Y138.804 E1510.11936
G1 X166.849 Y138.278 E1510.13765
G1 X166.986 Y137.709 E1510.15799
G1 X167.231 Y137.257 E1510.17586
G1 X167.582 Y136.867 E1510.1941
G1 X167.972 Y136.599 E1510.21054
G1 X168.526 Y136.389 E1510.23114
G1 X169 Y136.34 E1510.2477
G1 X169.595 Y136.424 E1510.26858
G1 X169.971 Y136.571 E1510.28262
G1 X170.487 Y136.939 E1510.30464
G1 X170.815 Y137.338 E1510.3226
G1 X171.041 Y137.803 E1510.34057
G1 X171.148 Y138.316 E1510.35878
G1 X171.139 Y138.794 E1510.3754
G1 X171.041 Y139.193 E1510.38968
G1 X170.817 Y139.659 E1510.40765
G1 X170.487 Y140.061 E1510.42572
G1 X170.071 Y140.372 E1510.44378
G1 X169.47 Y140.607 E1510.46621
G1 X169 Y140.66 E1510.48265
G0 F15000 X169 Y141.1
G1 F10500 X168.393 Y141.034 E1510.50387
G1 X167.783 Y140.8 E1510.52658
G1 X167.263 Y140.438 E1510.5486
G1 X166.894 Y140.026 E1510.56782
G1 X166.596 Y139.491 E1510.58911
G1 X166.427 Y138.886 E1510.61094
G1 X166.407 Y138.171 E1510.6358
G1 X166.58 Y137.539 E1510.65857
G1 X166.846 Y137.033 E1510.67844
G1 X167.26 Y136.557 E1510.70037
G1 X167.753 Y136.217 E1510.72118
G1 X168.358 Y135.965 E1510.74396
G1 X169 Y135.9 E1510.76639
G1 X169.479 Y135.946 E1510.78312
G1 X170.154 Y136.171 E1510.80785
G1 X170.617 Y136.47 E1510.827
G1 X170.817 Y136.648 E1510.83631
G1 X171.204 Y137.131 E1510.85782
G1 X171.468 Y137.697 E1510.87953
G1 X171.588 Y138.316 E1510.90144
G1 X171.573 Y138.87 E1510.9207
G1 X171.468 Y139.299 E1510.93606
G1 X171.207 Y139.864 E1510.95769
G1 X170.817 Y140.352 E1510.9794
G1 X170.321 Y140.734 E1511.00116
G1 X170.084 Y140.858 E1511.01046
G1 X169.546 Y141.04 E1511.0302
G1 X169 Y141.1 E1511.04929
G1 F2400 E1510.54929
G1 F600 Z2.9
G0 F15000 X161.932 Y136.464 Z2.9
G1 F600 Z2.5
G1 F2400 E1511.04929
G1 F10500 X161.604 Y136.946 E1511.06955
G1 X161.262 Y137.25 E1511.08546
G1 X160.75 Y137.524 E1511.10564
G1 X160.297 Y137.638 E1511.12187
G1 X159.767 Y137.647 E1511.1403
G1 X159.226 Y137.521 E1511.1596
G1 X158.75 Y137.259 E1511.17849
G1 X158.388 Y136.937 E1511.19533
G1 X158.09 Y136.509 E1511.21346
G1 X157.904 Y136.034 E1511.23119
G1 X157.84 Y135.5 E1511.24988
G1 X157.924 Y134.901 E1511.2709
G1 X158.128 Y134.425 E1511.2889
G1 X158.439 Y134.009 E1511.30695
G1 X158.838 Y133.681 E1511.32491
G1 X159.304 Y133.455 E1511.34291
G1 X159.702 Y133.357 E1511.35715
G1 X160.341 Y133.367 E1511.37937
G1 X160.839 Y133.511 E1511.39738
G1 X161.159 Y133.679 E1511.40995
G1 X161.561 Y134.009 E1511.42802
G1 X161.938 Y134.545 E1511.4508
G1 X162.085 Y134.939 E1511.46542
G1 X162.159 Y135.458 E1511.48364
G1 X162.094 Y136.03 E1511.50365
G1 X161.932 Y136.464 E1511.51975
G0 F15000 X162.313 Y136.698
G1 F10500 X161.959 Y137.217 E1511.54158
G1 X161.489 Y137.636 E1511.56347
G1 X160.91 Y137.944 E1511.58626
G1 X160.241 Y138.087 E1511.61004
G1 X159.669 Y138.086 E1511.62992
G1 X159.033 Y137.913 E1511.65283
G1 X158.524 Y137.646 E1511.67281
G1 X158.062 Y137.233 E1511.69434
G1 X157.703 Y136.718 E1511.71616
G1 X157.461 Y136.104 E1511.7391
G1 X157.4 Y135.5 E1511.7602
G1 X157.446 Y135.018 E1511.77703
G1 X157.514 Y134.741 E1511.78694
G1 X157.766 Y134.175 E1511.80848
G1 X158.148 Y133.679 E1511.83024
G1 X158.631 Y133.292 E1511.85175
G1 X159.197 Y133.028 E1511.87346
G1 X159.626 Y132.924 E1511.8888
G1 X160.18 Y132.908 E1511.90806
G1 X160.799 Y133.028 E1511.92998
G1 X161.364 Y133.29 E1511.95162
G1 X161.852 Y133.679 E1511.97331
G1 X162.03 Y133.879 E1511.98262
G1 X162.344 Y134.376 E1512.00305
G1 X162.53 Y134.899 E1512.02235
G1 X162.605 Y135.486 E1512.04291
G1 X162.538 Y136.091 E1512.06407
G1 X162.313 Y136.698 E1512.08657
G1 F2400 E1511.58657
G1 F600 Z2.9
G0 F15000 X151.657 Y136.568 Z2.9
G1 F600 Z2.5
G1 F2400 E1512.08657
G1 F10500 X151.605 Y136.766 E1512.09369
G1 X151.438 Y136.995 E1512.10354
G1 X151.136 Y137.16 E1512.1155
G1 X140.961 Y137.159 E1512.46915
G1 X140.786 Y137.125 E1512.47535
G1 X140.511 Y136.944 E1512.48679
G1 X140.394 Y136.763 E1512.49428
G1 X140.34 Y136.59 E1512.50058
G1 X140.34 Y130.867 E1512.69949
G1 X140.472 Y130.604 E1512.70972
G1 X140.689 Y130.417 E1512.71968
G1 X140.915 Y130.34 E1512.72797
G1 X151 Y130.34 E1513.0785
G1 X151.311 Y130.417 E1513.08963
G1 X151.528 Y130.604 E1513.09959
G1 X151.66 Y130.867 E1513.10982
G1 X151.657 Y136.568 E1513.30797
G0 F15000 X152.095 Y136.612
G1 F10500 X152.008 Y136.943 E1513.31986
G1 X151.73 Y137.324 E1513.33625
G1 X151.461 Y137.5 E1513.34743
G1 X151.06 Y137.599 E1513.36178
G1 X140.935 Y137.599 E1513.7137
G1 X140.544 Y137.502 E1513.7277
G1 X140.27 Y137.324 E1513.73905
G1 X140.092 Y137.123 E1513.74839
G1 X139.942 Y136.805 E1513.76061
G1 X139.905 Y136.607 E1513.76761
G1 X139.9 Y131 E1513.96249
G1 X139.944 Y130.691 E1513.97334
G1 X140.12 Y130.34 E1513.98698
G1 X140.482 Y130.029 E1514.00357
G1 F8667.9 X140.811 Y129.81 E1514.02021
G1 F7380.2 X142.085 Y129.81 E1514.08321
G1 F7392 X143.359 Y129.81 E1514.14611
G1 F7403.8 X144.633 Y129.81 E1514.20891
G1 F7415.7 X145.907 Y129.81 E1514.2716
G1 X147.181 Y129.81 E1514.3343
G1 F7427.7 X148.455 Y129.81 E1514.3969
G1 F7439.6 X149.729 Y129.81 E1514.45939
G1 F7451.6 X151.003 Y129.81 E1514.52179
G1 F8717 X151.518 Y130.029 E1514.54522
G1 F10500 X151.88 Y130.34 E1514.5618
G1 X152.056 Y130.691 E1514.57545
G1 X152.1 Y131 E1514.5863
G1 X152.095 Y136.612 E1514.78135
G1 F2400 E1514.28135
G1 F600 Z2.9
G0 F15000 X134.16 Y135.5 Z2.9
G1 F600 Z2.5
G1 F2400 E1514.78135
G1 F10500 X134.107 Y135.97 E1514.79779
G1 X133.911 Y136.506 E1514.81763
G1 X133.612 Y136.937 E1514.83586
G1 X133.249 Y137.26 E1514.85275
G1 X132.774 Y137.515 E1514.87149
G1 X132.267 Y137.643 E1514.88966
G1 X131.816 Y137.648 E1514.90534
G1 X131.303 Y137.541 E1514.92355
G1 X130.838 Y137.315 E1514.94152
G1 X130.375 Y136.934 E1514.96236
G1 X130.056 Y136.435 E1514.98295
G1 X129.889 Y135.97 E1515.00012
G1 X129.843 Y135.574 E1515.01398
G1 X129.89 Y134.981 E1515.03465
G1 X130.128 Y134.425 E1515.05567
G1 X130.439 Y134.009 E1515.07373
G1 X130.838 Y133.681 E1515.09168
G1 X131.282 Y133.461 E1515.1089
G1 X131.702 Y133.357 E1515.12394
G1 X132.341 Y133.367 E1515.14615
G1 X132.839 Y133.511 E1515.16417
G1 X133.159 Y133.679 E1515.17673
G1 X133.561 Y134.009 E1515.19481
G1 X133.92 Y134.489 E1515.21564
G1 X134.112 Y135.059 E1515.23655
G1 X134.16 Y135.5 E1515.25197
G0 F15000 X134.6 Y135.5
G1 F10500 X134.533 Y136.108 E1515.27323
G1 X134.3 Y136.713 E1515.29576
G1 X133.937 Y137.233 E1515.3178
G1 X133.473 Y137.649 E1515.33946
G1 X132.935 Y137.924 E1515.36046
G1 X132.324 Y138.079 E1515.38237
G1 X131.663 Y138.091 E1515.40535
G1 X130.947 Y137.872 E1515.43137
G1 X130.42 Y137.557 E1515.45271
G1 X129.97 Y137.117 E1515.47459
G1 X129.646 Y136.595 E1515.49594
G1 F9788.1 X129.485 Y136.265 E1515.50963
G1 F7993.1 X129.352 Y136.064 E1515.52064
G1 F7241.4 X129.315 Y135.634 E1515.54239
G1 F7403.8 X129.315 Y135.368 E1515.5555
G1 F7287.1 X129.345 Y135.007 E1515.57364
G1 F8400 X129.506 Y134.739 E1515.58722
G1 F10312.5 X129.646 Y134.401 E1515.60017
G1 F10500 X129.97 Y133.879 E1515.62152
G1 X130.148 Y133.679 E1515.63083
G1 X130.631 Y133.292 E1515.65234
G1 X131.161 Y133.038 E1515.67277
G1 X131.626 Y132.924 E1515.68941
G1 X132.18 Y132.908 E1515.70867
G1 X132.799 Y133.028 E1515.73059
G1 X133.364 Y133.29 E1515.75223
G1 X133.852 Y133.679 E1515.77392
G1 X134.234 Y134.175 E1515.79568
G1 X134.486 Y134.752 E1515.81757
G1 X134.6 Y135.5 E1515.84387
G1 F2400 E1515.34387
G1 F600 Z2.9
G0 F15000 X132.267 Y166.353 Z2.9
G1 F600 Z2.5
G1 F2400 E1515.84387
G1 F10500 X132.769 Y166.479 E1515.86185
G1 X133.25 Y166.737 E1515.88083
G1 X133.613 Y167.06 E1515.89771
G1 X133.911 Y167.49 E1515.9159
G1 X134.087 Y167.944 E1515.93282
G1 X134.16 Y168.5 E1515.95231
G1 X134.107 Y168.97 E1515.96875
G1 X133.946 Y169.429 E1515.98566
G1 X133.625 Y169.934 E1516.00646
G1 X133.159 Y170.317 E1516.02742
G1 X132.693 Y170.541 E1516.04539
G1 X132.294 Y170.639 E1516.05967
G1 X131.816 Y170.648 E1516.07629
G1 X131.282 Y170.535 E1516.09526
G1 X130.838 Y170.315 E1516.11248
G1 X130.375 Y169.934 E1516.13332
G1 X130.056 Y169.435 E1516.15391
G1 X129.889 Y168.97 E1516.17108
G1 X129.843 Y168.574 E1516.18494
G1 X129.89 Y167.981 E1516.20561
G1 X130.128 Y167.425 E1516.22663
G1 X130.439 Y167.009 E1516.24469
G1 X130.838 Y166.681 E1516.26264
G1 X131.303 Y166.455 E1516.28061
G1 X131.816 Y166.348 E1516.29882
G1 X132.267 Y166.353 E1516.3145
G0 F15000 X132.324 Y165.917
G1 F10500 X132.926 Y166.068 E1516.33607
G1 X133.472 Y166.347 E1516.35738
G1 X133.939 Y166.764 E1516.37914
G1 X134.3 Y167.284 E1516.40114
G1 X134.507 Y167.814 E1516.42092
G1 X134.6 Y168.5 E1516.44498
G1 X134.54 Y169.046 E1516.46407
G1 X134.358 Y169.584 E1516.48381
G1 X134.03 Y170.117 E1516.50556
G1 X133.58 Y170.557 E1516.52744
G1 X133.364 Y170.706 E1516.53656
G1 X132.799 Y170.968 E1516.55821
G1 X132.37 Y171.072 E1516.57355
G1 X131.816 Y171.088 E1516.59281
G1 X131.161 Y170.958 E1516.61602
G1 X130.631 Y170.704 E1516.63645
G1 X130.148 Y170.317 E1516.65796
G1 X129.97 Y170.117 E1516.66727
G1 X129.646 Y169.595 E1516.68862
G1 F9788.1 X129.485 Y169.265 E1516.70231
G1 F7993.1 X129.352 Y169.064 E1516.71331
G1 F7241.4 X129.315 Y168.634 E1516.73507
G1 F7403.8 X129.315 Y168.368 E1516.74818
G1 F7287.1 X129.345 Y168.007 E1516.76632
G1 F8400 X129.506 Y167.739 E1516.7799
G1 F10312.5 X129.646 Y167.401 E1516.79285
G1 F10500 X129.97 Y166.879 E1516.8142
G1 X130.148 Y166.679 E1516.82351
G1 X130.631 Y166.292 E1516.84502
G1 X131.197 Y166.028 E1516.86673
G1 X131.816 Y165.908 E1516.88864
G1 X132.324 Y165.917 E1516.9063
G1 F2400 E1516.4063
G1 F600 Z2.9
G0 F15000 X142.513 Y173.93 Z2.9
;TYPE:FILL
G1 F600 Z2.5
G1 F2400 E1516.9063
G1 F15000 X141.873 Y174.57 E1516.93776
G1 X141.387 Y174.57 E1516.95465
G1 X140.668 Y173.851 E1516.98999
G1 X140.988 Y173.93 E1517.00145
G1 X144.895 Y173.931 E1517.13724
G1 X145.535 Y174.57 E1517.16868
G1 X146.021 Y174.57 E1517.18557
G1 X146.661 Y173.93 E1517.21703
G1 X149.043 Y173.931 E1517.29982
G1 X149.682 Y174.57 E1517.33123
G1 X150.169 Y174.57 E1517.34815
G1 X150.809 Y173.93 E1517.37961
G1 X151.191 Y173.93 E1517.39289
G1 X151.676 Y173.762 E1517.41073
G1 X152.145 Y173.361 E1517.43218
G1 X152.304 Y173.043 E1517.44453
G1 X153.83 Y174.57 E1517.51957
G1 X154.317 Y174.57 E1517.53649
G1 X158.142 Y170.745 E1517.72451
G1 X158.609 Y171.053 E1517.74395
G1 X162.126 Y174.57 E1517.91682
G1 X162.613 Y174.57 E1517.93375
G1 X167.963 Y169.219 E1518.19675
G1 X167.787 Y169.165 E1518.20314
G1 X167.11 Y168.742 E1518.23089
G1 X166.63 Y168.225 E1518.25541
G1 X166.249 Y167.543 E1518.28256
G1 X166.106 Y166.929 E1518.30447
G1 X158.465 Y174.57 E1518.68006
G1 X157.978 Y174.57 E1518.69698
G1 X152.427 Y169.019 E1518.96984
G1 X152.43 Y172.309 E1519.08419
G1 X157.273 Y167.466 E1519.32224
G1 X157.136 Y167.808 E1519.33504
G1 X157.07 Y168.505 E1519.35938
G1 X157.131 Y169.105 E1519.38034
G1 X157.341 Y169.72 E1519.40292
G1 X157.444 Y169.887 E1519.40974
G1 X128.931 Y141.375 E1520.81124
G1 X128.931 Y137.737 E1520.93768
G1 X129.554 Y137.114 E1520.9683
G1 X129.163 Y136.424 E1520.99587
G1 X129.06 Y136.313 E1521.00113
G1 X128.989 Y136.459 E1521.00677
G1 X128.931 Y136.8 E1521.0188
G1 X128.931 Y137.227 E1521.03364
G1 X158.043 Y166.338 E1522.46457
G1 X158.283 Y166.123 E1522.47577
G1 X158.921 Y165.763 E1522.50123
G1 X158.994 Y165.745 E1522.50385
G1 X166.685 Y158.054 E1522.88189
G1 X166.573 Y157.605 E1522.89797
G1 X166.572 Y154.129 E1523.01879
G1 X150.373 Y137.929 E1523.81505
G1 X149.48 Y137.928 E1523.84609
G1 X128.931 Y158.477 E1524.85614
G1 X128.931 Y162.114 E1524.98256
G1 X132.418 Y165.602 E1525.15398
G1 X132.997 Y165.736 E1525.17463
G1 X133.739 Y166.113 E1525.20356
G1 X170.422 Y129.43 E1527.00666
G1 X170.909 Y129.43 E1527.02359
G1 X175.07 Y133.591 E1527.22812
G1 X175.07 Y137.225 E1527.35442
G1 X146.723 Y165.572 E1528.74778
G1 X144.832 Y165.571 E1528.81351
G1 X128.931 Y149.67 E1529.5951
G1 X128.931 Y146.033 E1529.72151
G1 X139.579 Y135.564 E1530.24052
G1 X139.575 Y135.427 E1530.24528
G1 X133.578 Y129.43 E1530.54005
G1 X133.09 Y129.43 E1530.55701
G1 X128.931 Y133.589 E1530.76144
G1 X128.931 Y134.515 E1530.79363
G1 X129.051 Y134.77 E1530.80342
G1 X129.203 Y134.592 E1530.81156
G1 X129.49 Y133.993 E1530.83465
G1 X129.646 Y133.794 E1530.84343
G1 X128.93 Y133.078 E1530.87863
G1 X128.93 Y129.442 E1531.005
G1 X129.43 Y129.43 E1531.02239
G1 X132.662 Y132.662 E1531.18125
G1 X133.193 Y132.827 E1531.20058
G1 X133.599 Y133.07 E1531.21702
G1 X137.238 Y129.43 E1531.39592
G1 X137.726 Y129.43 E1531.41288
G1 X139.565 Y131.105 E1531.49934
G1 X139.57 Y131.246 E1531.50424
G1 X134.885 Y135.931 E1531.73453
G1 X134.931 Y135.5 E1531.74959
G1 X134.867 Y134.867 E1531.7717
G1 X166.097 Y166.097 E1533.30677
G1 X166.258 Y165.427 E1533.33072
G1 X166.606 Y164.807 E1533.35543
G1 X167.077 Y164.275 E1533.38013
G1 X167.627 Y163.909 E1533.40309
G1 X167.934 Y163.786 E1533.41459
G1 X142.076 Y137.928 E1534.6856
G1 X141.184 Y137.928 E1534.7166
G1 X128.931 Y150.181 E1535.31888
G1 X128.931 Y153.818 E1535.44529
G1 X140.716 Y165.603 E1536.02457
G1 X140.915 Y165.572 E1536.03157
G1 X142.575 Y165.572 E1536.08926
G1 X167.284 Y140.863 E1537.3038
G1 X167.629 Y141.093 E1537.31821
G1 X168.321 Y141.359 E1537.34398
G1 X169 Y141.431 E1537.36771
G1 X169.607 Y141.365 E1537.38893
G1 X170.202 Y141.167 E1537.41073
G1 X175.07 Y146.035 E1537.65001
G1 X175.07 Y146.737 E1537.67441
G1 X174.96 Y147.194 E1537.69074
G1 X174.756 Y146.815 E1537.7057
G1 X174.361 Y146.355 E1537.72678
G1 X174.277 Y146.314 E1537.73003
G1 X175.07 Y145.521 E1537.76901
G1 X175.07 Y141.887 E1537.89531
G1 X171.905 Y138.722 E1538.05088
G1 X171.919 Y138.306 E1538.06535
G1 X171.787 Y137.611 E1538.08994
G1 X171.492 Y136.968 E1538.11453
G1 X171.354 Y136.793 E1538.12227
G1 X175.07 Y133.077 E1538.30493
G1 X175.07 Y129.443 E1538.43123
G1 X174.57 Y129.43 E1538.44862
G1 X168.746 Y135.253 E1538.73486
G1 X168.746 Y135.594 E1538.74672
G1 X168.436 Y135.625 E1538.75754
G1 X168.436 Y135.253 E1538.77047
G1 X162.613 Y129.43 E1539.0567
G1 X162.126 Y129.43 E1539.07362
G1 X158.622 Y132.934 E1539.24586
G1 X158.468 Y133.004 E1539.25174
G1 X158.147 Y133.259 E1539.26598
G1 X154.318 Y129.43 E1539.45419
G1 X153.83 Y129.43 E1539.47116
G1 X152.411 Y130.849 E1539.5409
G1 X152.43 Y130.992 E1539.54592
G1 X152.43 Y131.691 E1539.57021
G1 X157.279 Y136.539 E1539.80853
G1 X157.138 Y136.183 E1539.82184
G1 X157.07 Y135.505 E1539.84553
G1 X157.119 Y134.973 E1539.8641
G1 X157.205 Y134.624 E1539.87659
G1 X157.428 Y134.128 E1539.89549
G1 X128.931 Y162.625 E1541.29622
G1 X128.931 Y166.262 E1541.42263
G1 X129.565 Y166.896 E1541.45379
G1 X129.49 Y166.993 E1541.45806
G1 X129.203 Y167.592 E1541.48114
G1 X129.051 Y167.77 E1541.48928
G1 X128.931 Y167.515 E1541.49907
G1 X128.931 Y166.773 E1541.52486
G1 X158.045 Y137.659 E1542.95592
G1 X158.286 Y137.875 E1542.96717
G1 X158.925 Y138.236 E1542.99268
G1 X158.994 Y138.254 E1542.99515
G1 X167.119 Y146.38 E1543.39455
G1 X166.842 Y146.658 E1543.40819
G1 X166.654 Y147.013 E1543.42215
G1 X166.571 Y147.419 E1543.43656
G1 X166.571 Y149.872 E1543.52182
G1 X150.871 Y165.572 E1544.29353
G1 X148.98 Y165.571 E1544.35925
G1 X128.931 Y145.523 E1545.34471
G1 X128.931 Y141.885 E1545.47115
G1 X132.423 Y138.393 E1545.6428
G1 X133 Y138.259 E1545.66339
G1 X133.736 Y137.884 E1545.6921
G1 X170.422 Y174.57 E1547.49535
G1 X170.908 Y174.57 E1547.51224
G1 X175.07 Y170.408 E1547.71682
G1 X175.07 Y166.775 E1547.84309
G1 X146.225 Y137.929 E1549.26095
G1 X145.332 Y137.928 E1549.29198
G1 X128.931 Y154.329 E1550.09815
G1 X128.931 Y157.966 E1550.22456
G1 X139.566 Y168.436 E1550.74327
G1 X139.571 Y168.576 E1550.74814
G1 X133.577 Y174.57 E1551.04277
G1 X133.091 Y174.57 E1551.05966
G1 X128.93 Y170.409 E1551.26419
G1 X128.931 Y169.8 E1551.28536
G1 X128.989 Y169.459 E1551.29738
G1 X129.06 Y169.312 E1551.30305
G1 X129.163 Y169.423 E1551.30831
G1 X129.493 Y170.005 E1551.33157
G1 X129.647 Y170.204 E1551.34031
G1 X128.931 Y170.92 E1551.37551
G1 X128.93 Y174.557 E1551.50192
G1 X129.43 Y174.57 E1551.5193
G1 X132.659 Y171.34 E1551.67804
G1 X132.889 Y171.285 E1551.68626
G1 X133.62 Y170.951 E1551.7142
G1 X137.239 Y174.57 E1551.89208
G1 X137.725 Y174.57 E1551.90898
G1 X139.626 Y172.894 E1551.99706
G1 X139.611 Y172.794 E1552.00058
G1 X134.887 Y168.07 E1552.23278
G1 X134.931 Y168.499 E1552.24777
G1 X134.862 Y169.137 E1552.27007
G1 X166.156 Y137.843 E1553.80828
G1 X166.249 Y137.46 E1553.82198
G1 X166.334 Y137.299 E1553.82831
G1 X158.465 Y129.43 E1554.2151
G1 X157.978 Y129.43 E1554.23203
G1 X152.431 Y134.977 E1554.50468
G1 X152.43 Y135.839 E1554.53464
G1 X166.572 Y149.98 E1555.22975
G1 X166.572 Y154.019 E1555.37013
G1 X152.427 Y168.163 E1556.06538
G1 X152.427 Y166.896 E1556.10942
G1 X152.375 Y166.6 E1556.11987
G1 X152.272 Y166.344 E1556.12946
G1 X152.075 Y166.054 E1556.14164
G1 X151.66 Y165.729 E1556.15996
G1 X151.404 Y165.627 E1556.16954
G1 X151.083 Y165.571 E1556.18087
G1 X150.975 Y165.553
G1 F2400 E1555.68087
G1 F600 Z2.9
G0 F15000 X160.342 Y165.576 Z2.9
G1 F600 Z2.5
G1 F2400 E1556.18087
G1 F15000 X161.012 Y165.748 E1556.20491
G1 X161.6 Y166.043 E1556.22777
G1 X162.14 Y166.496 E1556.25227
G1 X162.556 Y167.067 E1556.27683
G1 X162.827 Y167.727 E1556.30162
G1 X162.943 Y168.517 E1556.32938
G1 X162.841 Y169.216 E1556.35393
G1 X162.626 Y169.801 E1556.37559
G1 X162.297 Y170.312 E1556.39671
G1 X162.157 Y170.452 E1556.4036
G1 X166.274 Y174.57 E1556.60599
G1 X166.761 Y174.57 E1556.62291
G1 X175.07 Y166.26 E1557.03135
G1 X175.07 Y162.627 E1557.15763
G1 X171.374 Y158.93 E1557.33932
G1 X169.957 Y158.93 E1557.38857
G1 X162.246 Y166.64 E1557.76757
G1 X162.169 Y166.717
G1 F2400 E1557.26757
G1 F600 Z2.9
G0 F15000 X168.995 Y163.57 Z2.9
G1 F600 Z2.5
G1 F2400 E1557.76757
G1 F15000 X169.424 Y163.61 E1557.78255
G1 X174.983 Y158.051 E1558.05579
G1 X174.952 Y157.969 E1558.05884
G1 X174.769 Y158.177 E1558.06847
G1 X175.07 Y158.479 E1558.08329
G1 X175.07 Y162.112 E1558.20956
G1 X171.719 Y165.463 E1558.37427
G1 X171.787 Y165.611 E1558.37993
G1 X171.919 Y166.306 E1558.40452
G1 X171.898 Y166.923 E1558.42598
G1 X171.785 Y167.389 E1558.44265
G1 X171.496 Y168.025 E1558.46693
G1 X171.061 Y168.577 E1558.49135
G1 X170.46 Y169.037 E1558.51766
G1 X170.205 Y169.166 E1558.52759
G1 X169.607 Y169.365 E1558.5495
G1 X169.389 Y169.389 E1558.55712
G1 X174.57 Y174.57 E1558.81178
G1 X175.07 Y174.556 E1558.82917
G1 X175.07 Y170.923 E1558.95544
G1 X171.707 Y167.559 E1559.12077
G1 X171.63 Y167.482
G1 F2400 E1558.62077
G1 F600 Z2.9
G0 F15000 X162.157 Y133.546 Z2.9
G1 F600 Z2.5
G1 F2400 E1559.12077
G1 F15000 X166.274 Y129.43 E1559.32311
G1 X166.761 Y129.43 E1559.34004
G1 X175.07 Y137.739 E1559.74845
G1 X175.07 Y141.373 E1559.87476
G1 X170.82 Y145.623 E1560.08366
G1 X170.82 Y146.072 E1560.09927
G1 X170.51 Y146.073 E1560.11004
G1 X170.51 Y145.623 E1560.12568
G1 X162.254 Y137.367 E1560.5315
G1 X162.61 Y136.846 E1560.55343
G1 X162.858 Y136.178 E1560.57819
G1 X162.93 Y135.541 E1560.60047
G1 X162.861 Y134.818 E1560.62572
G1 X162.646 Y134.241 E1560.64712
G1 X162.298 Y133.685 E1560.66992
G1 X161.794 Y133.186 E1560.69457
G1 X161.193 Y132.827 E1560.7189
G1 X160.522 Y132.619 E1560.74332
G1 X160.187 Y132.578 E1560.75505
G1 X160.078 Y132.565
G1 F2400 E1560.25505
G1 F600 Z2.9
;MESH:NONMESH
G0 F15000 X132.613 Y137.105 Z2.9
;TIME_ELAPSED:672.752601
;LAYER:12
;MESH:case_VL53L8+RP2040-up.stl
G0 X132.613 Y137.105 Z3.1
;TYPE:WALL-OUTER
G1 F600 Z2.7
G1 F2400 E1560.75505
G1 F9000 X132.209 Y137.207 E1560.76953
G1 X131.762 Y137.202 E1560.78507
G1 X131.36 Y137.095 E1560.79953
G1 X131.044 Y136.927 E1560.81196
G1 X130.694 Y136.617 E1560.82821
G1 X130.466 Y136.276 E1560.84247
G1 X130.323 Y135.894 E1560.85665
G1 X130.281 Y135.525 E1560.86956
G1 X130.334 Y135.06 E1560.88582
G1 X130.49 Y134.675 E1560.90026
G1 X130.73 Y134.339 E1560.91461
G1 X131.044 Y134.069 E1560.92901
G1 X131.41 Y133.882 E1560.94329
G1 X131.778 Y133.791 E1560.95647
G1 X132.234 Y133.794 E1560.97232
G1 X132.635 Y133.901 E1560.98674
G1 X132.998 Y134.099 E1561.00111
G1 X133.306 Y134.379 E1561.01558
G1 X133.51 Y134.675 E1561.02808
G1 X133.675 Y135.113 E1561.04434
G1 X133.719 Y135.528 E1561.05885
G1 X133.669 Y135.915 E1561.07241
G1 X133.523 Y136.3 E1561.08672
G1 X133.287 Y136.641 E1561.10114
G1 X132.985 Y136.908 E1561.11515
G1 X132.613 Y137.105 E1561.12978
G1 F2400 E1560.62978
G1 F600 Z3.1
G0 F15000 X151.219 Y136.523 Z3.1
G1 F600 Z2.7
G1 F2400 E1561.12978
G1 F9000 X151.191 Y136.611 E1561.13299
G1 X151.036 Y136.718 E1561.13953
G1 X140.973 Y136.719 E1561.48929
G1 X140.877 Y136.684 E1561.49284
G1 X140.783 Y136.542 E1561.49876
G1 X140.78 Y130.954 E1561.69298
G1 X140.824 Y130.868 E1561.69634
G1 X140.962 Y130.783 E1561.70197
G1 X151.085 Y130.78 E1562.05382
G1 X151.22 Y130.954 E1562.06147
G1 X151.219 Y136.523 E1562.25503
G1 F2400 E1561.75503
G1 F600 Z3.1
G0 F15000 X160.625 Y137.1 Z3.1
G1 F600 Z2.7
G1 F2400 E1562.25503
G1 F9000 X160.219 Y137.205 E1562.26961
G1 X159.799 Y137.208 E1562.28421
G1 X159.384 Y137.106 E1562.29906
G1 X159.026 Y136.916 E1562.31315
G1 X158.713 Y136.641 E1562.32763
G1 X158.478 Y136.301 E1562.34199
G1 X158.323 Y135.894 E1562.35713
G1 X158.281 Y135.525 E1562.37004
G1 X158.334 Y135.06 E1562.38631
G1 X158.49 Y134.675 E1562.40074
G1 X158.73 Y134.339 E1562.4151
G1 X159.044 Y134.069 E1562.42949
G1 X159.41 Y133.882 E1562.44377
G1 X159.778 Y133.791 E1562.45695
G1 X160.234 Y133.794 E1562.4728
G1 X160.635 Y133.901 E1562.48722
G1 X160.998 Y134.099 E1562.5016
G1 X161.306 Y134.379 E1562.51606
G1 X161.532 Y134.715 E1562.53014
G1 X161.666 Y135.073 E1562.54342
G1 X161.72 Y135.486 E1562.5579
G1 X161.669 Y135.914 E1562.57288
G1 X161.53 Y136.286 E1562.58668
G1 X161.284 Y136.644 E1562.60178
G1 X160.971 Y136.918 E1562.61624
G1 X160.625 Y137.1 E1562.62983
G1 F2400 E1562.12983
G1 F600 Z3.1
G0 F15000 X169.383 Y140.175 Z3.1
G1 F600 Z2.7
G1 F2400 E1562.62983
G1 F9000 X168.973 Y140.219 E1562.64416
G1 X168.582 Y140.169 E1562.65786
G1 X168.196 Y140.023 E1562.67221
G1 X167.855 Y139.787 E1562.68662
G1 X167.59 Y139.487 E1562.70053
G1 X167.388 Y139.107 E1562.71549
G1 X167.291 Y138.722 E1562.72929
G1 X167.294 Y138.262 E1562.74528
G1 X167.394 Y137.874 E1562.7592
G1 X167.586 Y137.517 E1562.77329
G1 X167.863 Y137.206 E1562.78777
G1 X168.19 Y136.981 E1562.80156
G1 X168.602 Y136.823 E1562.8169
G1 X169 Y136.78 E1562.83081
G1 X169.436 Y136.834 E1562.84608
G1 X169.788 Y136.971 E1562.85921
G1 X170.157 Y137.23 E1562.87488
G1 X170.427 Y137.544 E1562.88927
G1 X170.614 Y137.91 E1562.90356
G1 X170.702 Y138.262 E1562.91617
G1 X170.705 Y138.718 E1562.93202
G1 X170.595 Y139.135 E1562.94701
G1 X170.397 Y139.498 E1562.96138
G1 X170.117 Y139.806 E1562.97585
G1 X169.821 Y140.01 E1562.98834
G1 X169.383 Y140.175 E1563.00461
G1 F2400 E1562.50461
G1 F600 Z3.1
G0 F15000 X173.717 Y157.539 Z3.1
G1 F600 Z2.7
G1 F2400 E1563.00461
G1 F9000 X173.632 Y157.676 E1563.01022
G1 X173.546 Y157.72 E1563.01357
G1 X167.977 Y157.719 E1563.20713
G1 X167.889 Y157.691 E1563.21034
G1 X167.78 Y157.572 E1563.21595
G1 X167.783 Y147.461 E1563.56738
G1 X167.826 Y147.364 E1563.57107
G1 X167.978 Y147.281 E1563.57709
G1 X173.546 Y147.28 E1563.77061
G1 X173.72 Y147.415 E1563.77827
G1 X173.717 Y157.539 E1564.13014
G1 F2400 E1563.63014
G1 F600 Z3.1
G0 F15000 X169.383 Y168.175 Z3.1
G1 F600 Z2.7
G1 F2400 E1564.13014
G1 F9000 X168.973 Y168.219 E1564.14448
G1 X168.562 Y168.162 E1564.1589
G1 X168.175 Y168.01 E1564.17335
G1 X167.866 Y167.796 E1564.18641
G1 X167.59 Y167.487 E1564.20081
G1 X167.394 Y167.122 E1564.21521
G1 X167.289 Y166.705 E1564.23016
G1 X167.289 Y166.286 E1564.24472
G1 X167.386 Y165.895 E1564.25872
G1 X167.585 Y165.518 E1564.27354
G1 X167.855 Y165.213 E1564.2877
G1 X168.195 Y164.978 E1564.30206
G1 X168.602 Y164.823 E1564.3172
G1 X169 Y164.78 E1564.33112
G1 X169.436 Y164.834 E1564.34639
G1 X169.821 Y164.99 E1564.36082
G1 X170.157 Y165.23 E1564.37518
G1 X170.427 Y165.544 E1564.38957
G1 X170.614 Y165.91 E1564.40385
G1 X170.702 Y166.262 E1564.41646
G1 X170.705 Y166.718 E1564.43231
G1 X170.595 Y167.135 E1564.4473
G1 X170.397 Y167.498 E1564.46168
G1 X170.117 Y167.806 E1564.47614
G1 X169.814 Y168.014 E1564.48892
G1 X169.383 Y168.175 E1564.50491
G1 F2400 E1564.00491
G1 F600 Z3.1
G0 F15000 X160.586 Y170.114 Z3.1
G1 F600 Z2.7
G1 F2400 E1564.50491
G1 F9000 X160.218 Y170.205 E1564.51808
G1 X159.762 Y170.202 E1564.53393
G1 X159.36 Y170.095 E1564.54839
G1 X159.044 Y169.927 E1564.56083
G1 X158.694 Y169.617 E1564.57708
G1 X158.466 Y169.276 E1564.59134
G1 X158.323 Y168.894 E1564.60552
G1 X158.281 Y168.475 E1564.62015
G1 X158.329 Y168.074 E1564.63419
G1 X158.49 Y167.675 E1564.64914
G1 X158.694 Y167.379 E1564.66164
G1 X159.014 Y167.088 E1564.67667
G1 X159.392 Y166.887 E1564.69155
G1 X159.798 Y166.788 E1564.70608
G1 X160.205 Y166.789 E1564.72022
G1 X160.586 Y166.882 E1564.73385
G1 X160.967 Y167.076 E1564.74871
G1 X161.28 Y167.348 E1564.76313
G1 X161.525 Y167.7 E1564.77803
G1 X161.667 Y168.076 E1564.792
G1 X161.72 Y168.487 E1564.8064
G1 X161.675 Y168.883 E1564.82026
G1 X161.522 Y169.302 E1564.83576
G1 X161.306 Y169.617 E1564.84904
G1 X160.955 Y169.927 E1564.86531
G1 X160.586 Y170.114 E1564.87969
G1 F2400 E1564.37969
G1 F600 Z3.1
G0 F15000 X151.22 Y172.546 Z3.1
G1 F600 Z2.7
G1 F2400 E1564.87969
G1 F9000 X151.176 Y172.633 E1564.88308
G1 X151.038 Y172.717 E1564.88869
G1 X140.915 Y172.72 E1565.24054
G1 X140.78 Y172.546 E1565.24819
G1 X140.782 Y166.966 E1565.44214
G1 X140.834 Y166.854 E1565.44643
G1 X140.959 Y166.783 E1565.45142
G1 X151.037 Y166.782 E1565.8017
G1 X151.145 Y166.833 E1565.80585
G1 X151.218 Y166.964 E1565.81107
G1 X151.22 Y172.546 E1566.00508
G1 F2400 E1565.50508
G1 F600 Z3.1
G0 F15000 X132.586 Y170.114 Z3.1
G1 F600 Z2.7
G1 F2400 E1566.00508
G1 F9000 X132.218 Y170.205 E1566.01826
G1 X131.762 Y170.202 E1566.0341
G1 X131.403 Y170.112 E1566.04697
G1 X131.044 Y169.927 E1566.06101
G1 X130.694 Y169.617 E1566.07726
G1 X130.466 Y169.276 E1566.09151
G1 X130.323 Y168.894 E1566.10569
G1 X130.281 Y168.525 E1566.1186
G1 X130.334 Y168.06 E1566.13487
G1 X130.49 Y167.675 E1566.1493
G1 X130.73 Y167.339 E1566.16365
G1 X131.044 Y167.069 E1566.17805
G1 X131.41 Y166.882 E1566.19233
G1 X131.762 Y166.794 E1566.20494
G1 X132.209 Y166.789 E1566.22048
G1 X132.611 Y166.89 E1566.23489
G1 X132.974 Y167.08 E1566.24913
G1 X133.287 Y167.356 E1566.26363
G1 X133.523 Y167.696 E1566.27802
G1 X133.667 Y168.074 E1566.29208
G1 X133.719 Y168.473 E1566.30606
G1 X133.673 Y168.894 E1566.32078
G1 X133.51 Y169.321 E1566.33667
G1 X133.306 Y169.617 E1566.34916
G1 X132.955 Y169.927 E1566.36544
G1 X132.586 Y170.114 E1566.37982
G1 F2400 E1565.87982
G1 F600 Z3.1
G0 F15000 X176.28 Y175.78 Z3.1
G1 F600 Z2.7
G1 F2400 E1566.37982
G1 F9000 X176.28 Y128.22 E1568.03285
G1 X127.72 Y128.22 E1569.72064
G1 X127.72 Y175.78 E1571.37368
G1 X176.28 Y175.78 E1573.06147
G0 F15000 X175.84 Y175.34
;TYPE:WALL-INNER
G1 F10500 X175.84 Y128.66 E1574.68392
G1 X128.16 Y128.66 E1576.34113
G1 X128.16 Y175.34 E1577.96358
G1 X175.84 Y175.34 E1579.62078
G0 F15000 X175.4 Y174.9
G1 F10500 X175.4 Y158.25 E1580.19948
G1 F8619.4 X175.305 Y157.761 E1580.22058
G1 F7321.7 X175.305 Y157.077 E1580.25467
G1 F7333.3 X175.306 Y156.393 E1580.28871
G1 F7345 X175.306 Y155.709 E1580.3227
G1 F7356.7 X175.306 Y155.025 E1580.35663
G1 X175.307 Y154.341 E1580.39056
G1 F7368.4 X175.307 Y153.657 E1580.42444
G1 F7380.2 X175.307 Y152.973 E1580.45826
G1 X175.308 Y152.289 E1580.49208
G1 F7392 X175.308 Y151.605 E1580.52585
G1 F7403.8 X175.308 Y150.921 E1580.55957
G1 F7415.7 X175.309 Y150.237 E1580.59323
G1 X175.309 Y149.553 E1580.62689
G1 F7427.7 X175.309 Y148.869 E1580.6605
G1 F7439.6 X175.31 Y148.185 E1580.69405
G1 F7451.6 X175.31 Y147.501 E1580.72755
G1 F8717 X175.4 Y146.75 E1580.75922
G1 F10500 X175.4 Y129.1 E1581.37267
G1 X151.75 Y129.1 E1582.19467
G1 F8717 X151 Y129.19 E1582.2263
G1 F7451.6 X150.359 Y129.19 E1582.25769
G1 F7439.6 X149.718 Y129.191 E1582.28914
G1 F7427.7 X149.077 Y129.191 E1582.32063
G1 F7415.7 X148.436 Y129.191 E1582.35218
G1 X147.795 Y129.192 E1582.38372
G1 F7403.8 X147.154 Y129.192 E1582.41532
G1 F7392 X146.513 Y129.193 E1582.44696
G1 F7380.2 X145.872 Y129.193 E1582.47866
G1 X145.231 Y129.193 E1582.51036
G1 F7368.4 X144.59 Y129.194 E1582.54211
G1 F7356.7 X143.949 Y129.194 E1582.5739
G1 F7345 X143.308 Y129.194 E1582.60575
G1 X142.667 Y129.195 E1582.6376
G1 F7333.3 X142.026 Y129.195 E1582.6695
G1 F7321.7 X141.385 Y129.196 E1582.70145
G1 F7310.1 X140.744 Y129.196 E1582.73345
G1 F8619.4 X140.25 Y129.1 E1582.75476
G1 F10500 X128.6 Y129.1 E1583.15968
G1 X128.601 Y134.206 E1583.33715
G1 F10312.5 X128.608 Y134.571 E1583.35007
G1 F8400 X128.703 Y134.972 E1583.36797
G1 F7287.1 X128.693 Y135.334 E1583.38611
G1 F7403.8 X128.693 Y135.668 E1583.40257
G1 F7241.4 X128.706 Y136.12 E1583.42536
G1 F7993.1 X128.631 Y136.425 E1583.4397
G1 F9788.1 X128.601 Y136.79 E1583.45335
G1 F10500 X128.601 Y167.206 E1584.51052
G1 F10312.5 X128.608 Y167.571 E1584.52344
G1 F8400 X128.703 Y167.972 E1584.54134
G1 F7287.1 X128.693 Y168.334 E1584.55948
G1 F7403.8 X128.693 Y168.668 E1584.57594
G1 F7241.4 X128.706 Y169.12 E1584.59873
G1 F7993.1 X128.631 Y169.425 E1584.61307
G1 F9788.1 X128.601 Y169.79 E1584.62673
G1 F10500 X128.6 Y174.9 E1584.80433
G1 X175.4 Y174.9 E1586.43095
G1 F2400 E1585.93095
G1 F600 Z3.1
G0 F15000 X170.487 Y168.061 Z3.1
G1 F600 Z2.7
G1 F2400 E1586.43095
G1 F10500 X170.05 Y168.386 E1586.44988
G1 X169.47 Y168.607 E1586.47145
G1 X169 Y168.66 E1586.48789
G1 X168.559 Y168.612 E1586.50331
G1 X168.067 Y168.446 E1586.52136
G1 X167.591 Y168.14 E1586.54103
G1 X167.242 Y167.757 E1586.55904
G1 X166.992 Y167.3 E1586.57714
G1 X166.852 Y166.755 E1586.5967
G1 X166.849 Y166.271 E1586.61352
G1 X166.968 Y165.759 E1586.63179
G1 X167.206 Y165.295 E1586.64992
G1 X167.559 Y164.888 E1586.66864
G1 X167.987 Y164.59 E1586.68677
G1 X168.462 Y164.404 E1586.7045
G1 X169 Y164.34 E1586.72333
G1 X169.595 Y164.424 E1586.74422
G1 X170.071 Y164.628 E1586.76222
G1 X170.487 Y164.939 E1586.78027
G1 X170.815 Y165.338 E1586.79822
G1 X171.041 Y165.803 E1586.81619
G1 X171.148 Y166.316 E1586.8344
G1 X171.139 Y166.794 E1586.85102
G1 X171.041 Y167.193 E1586.8653
G1 X170.817 Y167.659 E1586.88327
G1 X170.487 Y168.061 E1586.90135
G0 F15000 X170.817 Y168.352
G1 F10500 X170.617 Y168.53 E1586.91065
G1 X170.084 Y168.858 E1586.93241
G1 X169.546 Y169.04 E1586.95215
G1 X169 Y169.1 E1586.97124
G1 X168.506 Y169.049 E1586.9885
G1 X167.912 Y168.858 E1587.01019
G1 X167.316 Y168.483 E1587.03466
G1 X166.842 Y167.97 E1587.05894
G1 X166.562 Y167.411 E1587.08067
G1 X166.425 Y166.876 E1587.09986
G1 X166.41 Y166.241 E1587.12194
G1 X166.566 Y165.553 E1587.14646
G1 X166.873 Y165.001 E1587.16841
G1 X167.263 Y164.562 E1587.18882
G1 X167.779 Y164.203 E1587.21067
G1 X168.391 Y163.961 E1587.23354
G1 X169 Y163.9 E1587.25482
G1 X169.479 Y163.946 E1587.27154
G1 X169.755 Y164.014 E1587.28142
G1 X170.321 Y164.266 E1587.30296
G1 X170.817 Y164.648 E1587.32471
G1 X171.204 Y165.131 E1587.34623
G1 X171.468 Y165.697 E1587.36793
G1 X171.588 Y166.316 E1587.38985
G1 X171.573 Y166.87 E1587.40911
G1 X171.468 Y167.299 E1587.42446
G1 X171.207 Y167.864 E1587.44609
G1 X170.817 Y168.352 E1587.46781
G1 F2400 E1586.96781
G1 F600 Z3.1
G0 F15000 X162.16 Y168.463 Z3.1
G1 F600 Z2.7
G1 F2400 E1587.46781
G1 F10500 X162.095 Y169.023 E1587.4874
G1 X161.928 Y169.474 E1587.50412
G1 X161.561 Y169.987 E1587.52604
G1 X161.159 Y170.317 E1587.54412
G1 X160.693 Y170.541 E1587.56209
G1 X160.294 Y170.639 E1587.57637
G1 X159.816 Y170.648 E1587.59298
G1 X159.303 Y170.541 E1587.6112
G1 X158.838 Y170.315 E1587.62917
G1 X158.375 Y169.934 E1587.65001
G1 X158.056 Y169.435 E1587.67059
G1 X157.889 Y168.97 E1587.68776
G1 X157.84 Y168.5 E1587.70419
G1 X157.909 Y167.944 E1587.72366
G1 X158.09 Y167.487 E1587.74075
G1 X158.387 Y167.06 E1587.75882
G1 X158.748 Y166.738 E1587.77564
G1 X159.249 Y166.471 E1587.79537
G1 X159.717 Y166.355 E1587.81213
G1 X160.216 Y166.348 E1587.82947
G1 X160.751 Y166.473 E1587.84857
G1 X161.238 Y166.727 E1587.86766
G1 X161.592 Y167.038 E1587.88404
G1 X161.895 Y167.461 E1587.90212
G1 X162.088 Y167.948 E1587.92033
G1 X162.16 Y168.463 E1587.9384
G0 F15000 X162.609 Y168.516
G1 F10500 X162.521 Y169.134 E1587.9601
G1 X162.327 Y169.658 E1587.97952
G1 X162.03 Y170.117 E1587.99852
G1 X161.58 Y170.557 E1588.0204
G1 X161.364 Y170.706 E1588.02952
G1 X160.799 Y170.968 E1588.05116
G1 X160.37 Y171.072 E1588.06651
G1 X159.816 Y171.088 E1588.08577
G1 X159.549 Y171.056 E1588.09512
G1 X158.947 Y170.872 E1588.117
G1 X158.42 Y170.557 E1588.13833
G1 X157.97 Y170.117 E1588.16021
G1 X157.646 Y169.595 E1588.18156
G1 X157.456 Y169.046 E1588.20176
G1 X157.4 Y168.5 E1588.22083
G1 X157.489 Y167.814 E1588.24488
G1 X157.702 Y167.279 E1588.26489
G1 X158.061 Y166.764 E1588.28671
G1 X158.482 Y166.387 E1588.30635
G1 X159.081 Y166.054 E1588.33017
G1 X159.727 Y165.911 E1588.35317
G1 X160.314 Y165.909 E1588.37357
G1 X160.896 Y166.057 E1588.39444
G1 X161.426 Y166.325 E1588.41508
G1 X161.904 Y166.728 E1588.43682
G1 X162.318 Y167.297 E1588.46127
G1 X162.528 Y167.89 E1588.48314
G1 X162.609 Y168.516 E1588.50508
G1 F2400 E1588.00508
G1 F600 Z3.1
G0 F15000 X151.659 Y166.953 Z3.1
G1 F600 Z2.7
G1 F2400 E1588.50508
G1 F10500 X151.66 Y172.633 E1588.7025
G1 X151.528 Y172.897 E1588.71275
G1 X151.311 Y173.083 E1588.72269
G1 X151.088 Y173.16 E1588.73089
G1 X141 Y173.16 E1589.08152
G1 X140.689 Y173.083 E1589.09265
G1 X140.472 Y172.897 E1589.10258
G1 X140.34 Y172.633 E1589.11284
G1 X140.341 Y166.96 E1589.31002
G1 X140.413 Y166.697 E1589.3195
G1 X140.601 Y166.473 E1589.32966
G1 X140.92 Y166.344 E1589.34162
G1 X151.036 Y166.34 E1589.69322
G1 X151.229 Y166.38 E1589.70007
G1 X151.497 Y166.564 E1589.71137
G1 X151.587 Y166.697 E1589.71695
G1 X151.659 Y166.953 E1589.72619
G0 F15000 X152.098 Y166.922
G1 F10500 X152.1 Y172.5 E1589.92007
G1 X152.057 Y172.809 E1589.93091
G1 X151.88 Y173.161 E1589.94461
G1 X151.518 Y173.471 E1589.96117
G1 X151.144 Y173.6 E1589.97492
G1 X141 Y173.6 E1590.32749
G1 X140.482 Y173.471 E1590.34605
G1 X140.12 Y173.161 E1590.36261
G1 X139.943 Y172.809 E1590.37631
G1 X139.9 Y172.5 E1590.38715
G1 X139.901 Y166.934 E1590.58061
G1 X140.021 Y166.496 E1590.59639
G1 X140.22 Y166.223 E1590.60813
G1 X140.481 Y166.029 E1590.61944
G1 X140.935 Y165.901 E1590.63583
G1 X151.06 Y165.901 E1590.98775
G1 X151.381 Y165.967 E1590.99914
G1 X151.539 Y166.04 E1591.00518
G1 X151.827 Y166.274 E1591.01808
G1 X151.979 Y166.496 E1591.02743
G1 X152.098 Y166.922 E1591.04281
G1 F2400 E1590.54281
G1 F600 Z3.1
G0 F15000 X167.418 Y157.813 Z3.1
G1 F600 Z2.7
G1 F2400 E1591.04281
G1 F10500 X167.341 Y157.546 E1591.05247
G1 X167.34 Y147.464 E1591.40288
G1 X167.432 Y147.162 E1591.41386
G1 X167.669 Y146.928 E1591.42543
G1 X167.936 Y146.843 E1591.43517
G1 X173.634 Y146.84 E1591.63322
G1 X173.896 Y146.972 E1591.64341
G1 X174.083 Y147.189 E1591.65337
G1 X174.16 Y147.5 E1591.6645
G1 X174.16 Y157.589 E1592.01517
G1 X174.083 Y157.811 E1592.02333
G1 X173.896 Y158.028 E1592.03329
G1 X173.634 Y158.16 E1592.04349
G1 X167.932 Y158.157 E1592.24167
G1 X167.669 Y158.072 E1592.25128
G1 X167.418 Y157.813 E1592.26381
G0 F15000 X167.004 Y157.968
G1 F10500 X166.902 Y157.576 E1592.27789
G1 X166.901 Y147.358 E1592.63304
G1 X166.989 Y147.065 E1592.64367
G1 X167.259 Y146.686 E1592.65984
G1 X167.56 Y146.491 E1592.67231
G1 X167.893 Y146.405 E1592.68426
G1 X173.5 Y146.4 E1592.87914
G1 X173.809 Y146.443 E1592.88999
G1 X174.16 Y146.62 E1592.90365
G1 X174.472 Y146.982 E1592.92026
G1 F8717 X174.69 Y147.5 E1592.94379
G1 F7451.6 X174.69 Y148.956 E1593.0151
G1 F7439.6 X174.69 Y150.412 E1593.08652
G1 F7427.7 X174.69 Y151.868 E1593.15806
G1 X174.69 Y153.324 E1593.2296
G1 F7415.7 X174.69 Y154.78 E1593.30125
G1 F7403.8 X174.69 Y156.236 E1593.37302
G1 F7392 X174.69 Y157.692 E1593.4449
G1 F8684.2 X174.472 Y158.018 E1593.46138
G1 F10500 X174.16 Y158.38 E1593.47799
G1 X173.809 Y158.557 E1593.49166
G1 X173.5 Y158.6 E1593.5025
G1 X167.887 Y158.595 E1593.69759
G1 X167.556 Y158.507 E1593.7095
G1 X167.175 Y158.229 E1593.72589
G1 X167.004 Y157.968 E1593.73673
G1 F2400 E1593.23673
G1 F600 Z3.1
G0 F15000 X169 Y140.66 Z3.1
G1 F600 Z2.7
G1 F2400 E1593.73673
G1 F10500 X168.528 Y140.607 E1593.75324
G1 X167.989 Y140.411 E1593.77318
G1 X167.559 Y140.112 E1593.79138
G1 X167.242 Y139.757 E1593.80792
G1 X166.996 Y139.308 E1593.82572
G1 X166.859 Y138.804 E1593.84387
G1 X166.849 Y138.278 E1593.86215
G1 X166.986 Y137.709 E1593.8825
G1 X167.231 Y137.257 E1593.90037
G1 X167.582 Y136.867 E1593.9186
G1 X167.972 Y136.599 E1593.93505
G1 X168.526 Y136.389 E1593.95564
G1 X169 Y136.34 E1593.9722
G1 X169.595 Y136.424 E1593.99309
G1 X169.971 Y136.571 E1594.00712
G1 X170.487 Y136.939 E1594.02915
G1 X170.815 Y137.338 E1594.0471
G1 X171.041 Y137.803 E1594.06507
G1 X171.148 Y138.316 E1594.08329
G1 X171.139 Y138.794 E1594.0999
G1 X171.041 Y139.193 E1594.11418
G1 X170.817 Y139.659 E1594.13215
G1 X170.487 Y140.061 E1594.15023
G1 X170.071 Y140.372 E1594.16828
G1 X169.47 Y140.607 E1594.19071
G1 X169 Y140.66 E1594.20715
G0 F15000 X169 Y141.1
G1 F10500 X168.393 Y141.034 E1594.22837
G1 X167.783 Y140.8 E1594.25108
G1 X167.263 Y140.438 E1594.2731
G1 X166.894 Y140.026 E1594.29233
G1 X166.596 Y139.491 E1594.31361
G1 X166.427 Y138.886 E1594.33544
G1 X166.407 Y138.171 E1594.36031
G1 X166.58 Y137.539 E1594.38308
G1 X166.846 Y137.033 E1594.40295
G1 X167.26 Y136.557 E1594.42487
G1 X167.753 Y136.217 E1594.44569
G1 X168.358 Y135.965 E1594.46847
G1 X169 Y135.9 E1594.4909
G1 X169.479 Y135.946 E1594.50762
G1 X170.154 Y136.171 E1594.53235
G1 X170.617 Y136.47 E1594.55151
G1 X170.817 Y136.648 E1594.56081
G1 X171.204 Y137.131 E1594.58233
G1 X171.468 Y137.697 E1594.60403
G1 X171.588 Y138.316 E1594.62595
G1 X171.573 Y138.87 E1594.64521
G1 X171.468 Y139.299 E1594.66056
G1 X171.207 Y139.864 E1594.68219
G1 X170.817 Y140.352 E1594.70391
G1 X170.321 Y140.734 E1594.72566
G1 X170.084 Y140.858 E1594.73496
G1 X169.546 Y141.04 E1594.7547
G1 X169 Y141.1 E1594.77379
G1 F2400 E1594.27379
G1 F600 Z3.1
G0 F15000 X161.932 Y136.464 Z3.1
G1 F600 Z2.7
G1 F2400 E1594.77379
G1 F10500 X161.604 Y136.946 E1594.79406
G1 X161.262 Y137.25 E1594.80996
G1 X160.75 Y137.524 E1594.83014
G1 X160.297 Y137.638 E1594.84638
G1 X159.767 Y137.647 E1594.8648
G1 X159.226 Y137.521 E1594.88411
G1 X158.75 Y137.259 E1594.903
G1 X158.388 Y136.937 E1594.91983
G1 X158.09 Y136.509 E1594.93796
G1 X157.904 Y136.034 E1594.95569
G1 X157.84 Y135.5 E1594.97438
G1 X157.924 Y134.901 E1594.99541
G1 X158.128 Y134.425 E1595.01341
G1 X158.439 Y134.009 E1595.03146
G1 X158.838 Y133.681 E1595.04941
G1 X159.304 Y133.455 E1595.06741
G1 X159.702 Y133.357 E1595.08166
G1 X160.341 Y133.367 E1595.10387
G1 X160.839 Y133.511 E1595.12189
G1 X161.159 Y133.679 E1595.13445
G1 X161.561 Y134.009 E1595.15253
G1 X161.938 Y134.545 E1595.1753
G1 X162.085 Y134.939 E1595.18992
G1 X162.159 Y135.458 E1595.20814
G1 X162.094 Y136.03 E1595.22815
G1 X161.932 Y136.464 E1595.24425
G0 F15000 X162.313 Y136.698
G1 F10500 X161.959 Y137.217 E1595.26609
G1 X161.489 Y137.636 E1595.28797
G1 X160.91 Y137.944 E1595.31077
G1 X160.241 Y138.087 E1595.33454
G1 X159.669 Y138.086 E1595.35443
G1 X159.033 Y137.913 E1595.37733
G1 X158.524 Y137.646 E1595.39731
G1 X158.062 Y137.233 E1595.41885
G1 X157.703 Y136.718 E1595.44067
G1 X157.461 Y136.104 E1595.46361
G1 X157.4 Y135.5 E1595.48471
G1 X157.446 Y135.018 E1595.50154
G1 X157.514 Y134.741 E1595.51145
G1 X157.766 Y134.175 E1595.53298
G1 X158.148 Y133.679 E1595.55474
G1 X158.631 Y133.292 E1595.57626
G1 X159.197 Y133.028 E1595.59796
G1 X159.626 Y132.924 E1595.61331
G1 X160.18 Y132.908 E1595.63257
G1 X160.799 Y133.028 E1595.65448
G1 X161.364 Y133.29 E1595.67613
G1 X161.852 Y133.679 E1595.69782
G1 X162.03 Y133.879 E1595.70713
G1 X162.344 Y134.376 E1595.72756
G1 X162.53 Y134.899 E1595.74685
G1 X162.605 Y135.486 E1595.76742
G1 X162.538 Y136.091 E1595.78858
G1 X162.313 Y136.698 E1595.81108
G1 F2400 E1595.31108
G1 F600 Z3.1
G0 F15000 X151.657 Y136.568 Z3.1
G1 F600 Z2.7
G1 F2400 E1595.81108
G1 F10500 X151.605 Y136.766 E1595.81819
G1 X151.438 Y136.995 E1595.82804
G1 X151.136 Y137.16 E1595.84
G1 X140.961 Y137.159 E1596.19366
G1 X140.786 Y137.125 E1596.19985
G1 X140.511 Y136.944 E1596.21129
G1 X140.394 Y136.763 E1596.21878
G1 X140.34 Y136.59 E1596.22508
G1 X140.34 Y130.867 E1596.424
G1 X140.472 Y130.604 E1596.43423
G1 X140.689 Y130.417 E1596.44418
G1 X140.915 Y130.34 E1596.45248
G1 X151 Y130.34 E1596.803
G1 X151.311 Y130.417 E1596.81414
G1 X151.528 Y130.604 E1596.82409
G1 X151.66 Y130.867 E1596.83432
G1 X151.657 Y136.568 E1597.03247
G0 F15000 X152.095 Y136.612
G1 F10500 X152.008 Y136.943 E1597.04437
G1 X151.73 Y137.324 E1597.06076
G1 X151.461 Y137.5 E1597.07193
G1 X151.06 Y137.599 E1597.08629
G1 X140.935 Y137.599 E1597.4382
G1 X140.544 Y137.502 E1597.4522
G1 X140.27 Y137.324 E1597.46356
G1 X140.092 Y137.123 E1597.47289
G1 X139.942 Y136.805 E1597.48511
G1 X139.905 Y136.607 E1597.49211
G1 X139.9 Y131 E1597.68699
G1 X139.944 Y130.691 E1597.69784
G1 X140.12 Y130.34 E1597.71149
G1 X140.482 Y130.029 E1597.72808
G1 F8667.9 X140.811 Y129.81 E1597.74472
G1 F7380.2 X142.085 Y129.81 E1597.80772
G1 F7392 X143.359 Y129.81 E1597.87061
G1 F7403.8 X144.633 Y129.81 E1597.93341
G1 F7415.7 X145.907 Y129.81 E1597.99611
G1 X147.181 Y129.81 E1598.05881
G1 F7427.7 X148.455 Y129.81 E1598.1214
G1 F7439.6 X149.729 Y129.81 E1598.1839
G1 F7451.6 X151.003 Y129.81 E1598.24629
G1 F8717 X151.518 Y130.029 E1598.26972
G1 F10500 X151.88 Y130.34 E1598.28631
G1 X152.056 Y130.691 E1598.29996
G1 X152.1 Y131 E1598.3108
G1 X152.095 Y136.612 E1598.50586
G1 F2400 E1598.00586
G1 F600 Z3.1
G0 F15000 X134.16 Y135.5 Z3.1
G1 F600 Z2.7
G1 F2400 E1598.50586
G1 F10500 X134.107 Y135.97 E1598.5223
G1 X133.911 Y136.506 E1598.54214
G1 X133.612 Y136.937 E1598.56037
G1 X133.249 Y137.26 E1598.57726
G1 X132.774 Y137.515 E1598.59599
G1 X132.267 Y137.643 E1598.61417
G1 X131.816 Y137.648 E1598.62985
G1 X131.303 Y137.541 E1598.64806
G1 X130.838 Y137.315 E1598.66603
G1 X130.375 Y136.934 E1598.68687
G1 X130.056 Y136.435 E1598.70745
G1 X129.889 Y135.97 E1598.72463
G1 X129.843 Y135.574 E1598.73848
G1 X129.89 Y134.981 E1598.75916
G1 X130.128 Y134.425 E1598.78018
G1 X130.439 Y134.009 E1598.79823
G1 X130.838 Y133.681 E1598.81618
G1 X131.282 Y133.461 E1598.83341
G1 X131.702 Y133.357 E1598.84845
G1 X132.341 Y133.367 E1598.87066
G1 X132.839 Y133.511 E1598.88868
G1 X133.159 Y133.679 E1598.90124
G1 X133.561 Y134.009 E1598.91931
G1 X133.92 Y134.489 E1598.94015
G1 X134.112 Y135.059 E1598.96105
G1 X134.16 Y135.5 E1598.97647
G0 F15000 X134.6 Y135.5
G1 F10500 X134.533 Y136.108 E1598.99773
G1 X134.3 Y136.713 E1599.02027
G1 X133.937 Y137.233 E1599.04231
G1 X133.473 Y137.649 E1599.06397
G1 X132.935 Y137.924 E1599.08497
G1 X132.324 Y138.079 E1599.10688
G1 X131.663 Y138.091 E1599.12985
G1 X130.947 Y137.872 E1599.15588
G1 X130.42 Y137.557 E1599.17722
G1 X129.97 Y137.117 E1599.19909
G1 X129.646 Y136.595 E1599.22045
G1 F9788.1 X129.485 Y136.265 E1599.23414
G1 F7993.1 X129.352 Y136.064 E1599.24514
G1 F7241.4 X129.315 Y135.634 E1599.26689
G1 F7403.8 X129.315 Y135.368 E1599.28
G1 F7287.1 X129.345 Y135.007 E1599.29814
G1 F8400 X129.506 Y134.739 E1599.31173
G1 F10312.5 X129.646 Y134.401 E1599.32467
G1 F10500 X129.97 Y133.879 E1599.34603
G1 X130.148 Y133.679 E1599.35533
G1 X130.631 Y133.292 E1599.37685
G1 X131.161 Y133.038 E1599.39727
G1 X131.626 Y132.924 E1599.41391
G1 X132.18 Y132.908 E1599.43318
G1 X132.799 Y133.028 E1599.45509
G1 X133.364 Y133.29 E1599.47674
G1 X133.852 Y133.679 E1599.49843
G1 X134.234 Y134.175 E1599.52019
G1 X134.486 Y134.752 E1599.54207
G1 X134.6 Y135.5 E1599.56837
G1 F2400 E1599.06837
G1 F600 Z3.1
G0 F15000 X132.267 Y166.353 Z3.1
G1 F600 Z2.7
G1 F2400 E1599.56837
G1 F10500 X132.769 Y166.479 E1599.58636
G1 X133.25 Y166.737 E1599.60533
G1 X133.613 Y167.06 E1599.62222
G1 X133.911 Y167.49 E1599.6404
G1 X134.087 Y167.944 E1599.65733
G1 X134.16 Y168.5 E1599.67682
G1 X134.107 Y168.97 E1599.69326
G1 X133.946 Y169.429 E1599.71016
G1 X133.625 Y169.934 E1599.73096
G1 X133.159 Y170.317 E1599.75193
G1 X132.693 Y170.541 E1599.7699
G1 X132.294 Y170.639 E1599.78418
G1 X131.816 Y170.648 E1599.80079
G1 X131.282 Y170.535 E1599.81977
G1 X130.838 Y170.315 E1599.83699
G1 X130.375 Y169.934 E1599.85783
G1 X130.056 Y169.435 E1599.87841
G1 X129.889 Y168.97 E1599.89559
G1 X129.843 Y168.574 E1599.90944
G1 X129.89 Y167.981 E1599.93012
G1 X130.128 Y167.425 E1599.95114
G1 X130.439 Y167.009 E1599.96919
G1 X130.838 Y166.681 E1599.98714
G1 X131.303 Y166.455 E1600.00511
G1 X131.816 Y166.348 E1600.02333
G1 X132.267 Y166.353 E1600.039
G0 F15000 X132.324 Y165.917
G1 F10500 X132.926 Y166.068 E1600.06058
G1 X133.472 Y166.347 E1600.08189
G1 X133.939 Y166.764 E1600.10365
G1 X134.3 Y167.284 E1600.12565
G1 X134.507 Y167.814 E1600.14543
G1 X134.6 Y168.5 E1600.16949
G1 X134.54 Y169.046 E1600.18858
G1 X134.358 Y169.584 E1600.20832
G1 X134.03 Y170.117 E1600.23007
G1 X133.58 Y170.557 E1600.25195
G1 X133.364 Y170.706 E1600.26107
G1 X132.799 Y170.968 E1600.28271
G1 X132.37 Y171.072 E1600.29805
G1 X131.816 Y171.088 E1600.31732
G1 X131.161 Y170.958 E1600.34053
G1 X130.631 Y170.704 E1600.36095
G1 X130.148 Y170.317 E1600.38247
G1 X129.97 Y170.117 E1600.39177
G1 X129.646 Y169.595 E1600.41313
G1 F9788.1 X129.485 Y169.265 E1600.42682
G1 F7993.1 X129.352 Y169.064 E1600.43782
G1 F7241.4 X129.315 Y168.634 E1600.45957
G1 F7403.8 X129.315 Y168.368 E1600.47268
G1 F7287.1 X129.345 Y168.007 E1600.49082
G1 F8400 X129.506 Y167.739 E1600.50441
G1 F10312.5 X129.646 Y167.401 E1600.51735
G1 F10500 X129.97 Y166.879 E1600.53871
G1 X130.148 Y166.679 E1600.54801
G1 X130.631 Y166.292 E1600.56953
G1 X131.197 Y166.028 E1600.59123
G1 X131.816 Y165.908 E1600.61315
G1 X132.324 Y165.917 E1600.63081
G1 F2400 E1600.13081
G1 F600 Z3.1
G0 F15000 X142.513 Y173.93 Z3.1
;TYPE:FILL
G1 F600 Z2.7
G1 F2400 E1600.63081
G1 F15000 X141.873 Y174.57 E1600.66227
G1 X141.387 Y174.57 E1600.67916
G1 X140.668 Y173.851 E1600.7145
G1 X140.988 Y173.93 E1600.72595
G1 X144.895 Y173.931 E1600.86175
G1 X145.535 Y174.57 E1600.89318
G1 X146.021 Y174.57 E1600.91008
G1 X146.661 Y173.93 E1600.94153
G1 X149.043 Y173.931 E1601.02432
G1 X149.682 Y174.57 E1601.05573
G1 X150.169 Y174.57 E1601.07266
G1 X150.809 Y173.93 E1601.10412
G1 X151.191 Y173.93 E1601.1174
G1 X151.676 Y173.762 E1601.13524
G1 X152.145 Y173.361 E1601.15668
G1 X152.304 Y173.043 E1601.16904
G1 X153.83 Y174.57 E1601.24407
G1 X154.317 Y174.57 E1601.261
G1 X158.142 Y170.745 E1601.44901
G1 X158.609 Y171.053 E1601.46846
G1 X162.126 Y174.57 E1601.64133
G1 X162.613 Y174.57 E1601.65826
G1 X167.963 Y169.219 E1601.92125
G1 X167.787 Y169.165 E1601.92765
G1 X167.11 Y168.742 E1601.9554
G1 X166.63 Y168.225 E1601.97992
G1 X166.249 Y167.543 E1602.00707
G1 X166.106 Y166.929 E1602.02898
G1 X158.465 Y174.57 E1602.40456
G1 X157.978 Y174.57 E1602.42149
G1 X152.427 Y169.019 E1602.69434
G1 X152.43 Y172.309 E1602.80869
G1 X157.273 Y167.466 E1603.04674
G1 X157.136 Y167.808 E1603.05955
G1 X157.07 Y168.505 E1603.08388
G1 X157.131 Y169.105 E1603.10484
G1 X157.341 Y169.72 E1603.12743
G1 X157.444 Y169.887 E1603.13425
G1 X128.931 Y141.375 E1604.53574
G1 X128.931 Y137.737 E1604.66219
G1 X129.554 Y137.114 E1604.69281
G1 X129.163 Y136.424 E1604.72037
G1 X129.06 Y136.313 E1604.72564
G1 X128.989 Y136.459 E1604.73128
G1 X128.931 Y136.8 E1604.7433
G1 X128.931 Y137.227 E1604.75814
G1 X158.043 Y166.338 E1606.18908
G1 X158.283 Y166.123 E1606.20028
G1 X158.921 Y165.763 E1606.22574
G1 X158.994 Y165.745 E1606.22835
G1 X166.685 Y158.054 E1606.60639
G1 X166.573 Y157.605 E1606.62248
G1 X166.572 Y154.129 E1606.74329
G1 X150.373 Y137.929 E1607.53956
G1 X149.48 Y137.928 E1607.57059
G1 X128.931 Y158.477 E1608.58065
G1 X128.931 Y162.114 E1608.70706
G1 X132.418 Y165.602 E1608.87848
G1 X132.997 Y165.736 E1608.89914
G1 X133.739 Y166.113 E1608.92807
G1 X170.422 Y129.43 E1610.73117
G1 X170.909 Y129.43 E1610.7481
G1 X175.07 Y133.591 E1610.95262
G1 X175.07 Y137.225 E1611.07893
G1 X146.723 Y165.572 E1612.47229
G1 X144.832 Y165.571 E1612.53801
G1 X128.931 Y149.67 E1613.3196
G1 X128.931 Y146.033 E1613.44601
G1 X139.579 Y135.564 E1613.96502
G1 X139.575 Y135.427 E1613.96979
G1 X133.578 Y129.43 E1614.26456
G1 X133.09 Y129.43 E1614.28152
G1 X128.931 Y133.589 E1614.48595
G1 X128.931 Y134.515 E1614.51814
G1 X129.051 Y134.77 E1614.52793
G1 X129.203 Y134.592 E1614.53607
G1 X129.49 Y133.993 E1614.55915
G1 X129.646 Y133.794 E1614.56794
G1 X128.93 Y133.078 E1614.60313
G1 X128.93 Y129.442 E1614.72951
G1 X129.43 Y129.43 E1614.74689
G1 X132.662 Y132.662 E1614.90576
G1 X133.193 Y132.827 E1614.92508
G1 X133.599 Y133.07 E1614.94153
G1 X137.238 Y129.43 E1615.12042
G1 X137.726 Y129.43 E1615.13739
G1 X139.565 Y131.105 E1615.22384
G1 X139.57 Y131.246 E1615.22875
G1 X134.885 Y135.931 E1615.45903
G1 X134.931 Y135.5 E1615.4741
G1 X134.867 Y134.867 E1615.49621
G1 X166.097 Y166.097 E1617.03128
G1 X166.258 Y165.427 E1617.05523
G1 X166.606 Y164.807 E1617.07994
G1 X167.077 Y164.275 E1617.10463
G1 X167.627 Y163.909 E1617.1276
G1 X167.934 Y163.786 E1617.13909
G1 X142.076 Y137.928 E1618.4101
G1 X141.184 Y137.928 E1618.44111
G1 X128.931 Y150.181 E1619.04339
G1 X128.931 Y153.818 E1619.1698
G1 X140.716 Y165.603 E1619.74907
G1 X140.915 Y165.572 E1619.75607
G1 X142.575 Y165.572 E1619.81377
G1 X167.284 Y140.863 E1621.02831
G1 X167.629 Y141.093 E1621.04272
G1 X168.321 Y141.359 E1621.06848
G1 X169 Y141.431 E1621.09222
G1 X169.607 Y141.365 E1621.11344
G1 X170.202 Y141.167 E1621.13523
G1 X175.07 Y146.035 E1621.37451
G1 X175.07 Y146.737 E1621.39891
G1 X174.96 Y147.194 E1621.41525
G1 X174.756 Y146.815 E1621.43021
G1 X174.361 Y146.355 E1621.45128
G1 X174.277 Y146.314 E1621.45453
G1 X175.07 Y145.521 E1621.49351
G1 X175.07 Y141.887 E1621.61982
G1 X171.905 Y138.722 E1621.77539
G1 X171.919 Y138.306 E1621.78986
G1 X171.787 Y137.611 E1621.81444
G1 X171.492 Y136.968 E1621.83903
G1 X171.354 Y136.793 E1621.84678
G1 X175.07 Y133.077 E1622.02943
G1 X175.07 Y129.443 E1622.15574
G1 X174.57 Y129.43 E1622.17312
G1 X168.746 Y135.253 E1622.45937
G1 X168.746 Y135.594 E1622.47122
G1 X168.436 Y135.625 E1622.48205
G1 X168.436 Y135.253 E1622.49498
G1 X162.613 Y129.43 E1622.7812
G1 X162.126 Y129.43 E1622.79813
G1 X158.622 Y132.934 E1622.97036
G1 X158.468 Y133.004 E1622.97624
G1 X158.147 Y133.259 E1622.99049
G1 X154.318 Y129.43 E1623.1787
G1 X153.83 Y129.43 E1623.19566
G1 X152.411 Y130.849 E1623.26541
G1 X152.43 Y130.992 E1623.27042
G1 X152.43 Y131.691 E1623.29472
G1 X157.279 Y136.539 E1623.53304
G1 X157.138 Y136.183 E1623.54635
G1 X157.07 Y135.505 E1623.57003
G1 X157.119 Y134.973 E1623.5886
G1 X157.205 Y134.624 E1623.60109
G1 X157.428 Y134.128 E1623.62
G1 X128.931 Y162.625 E1625.02073
G1 X128.931 Y166.262 E1625.14714
G1 X129.565 Y166.896 E1625.1783
G1 X129.49 Y166.993 E1625.18256
G1 X129.203 Y167.592 E1625.20565
G1 X129.051 Y167.77 E1625.21378
G1 X128.931 Y167.515 E1625.22358
G1 X128.931 Y166.773 E1625.24937
G1 X158.045 Y137.659 E1626.68042
G1 X158.286 Y137.875 E1626.69167
G1 X158.925 Y138.236 E1626.71718
G1 X158.994 Y138.254 E1626.71966
G1 X167.119 Y146.38 E1627.11906
G1 X166.842 Y146.658 E1627.1327
G1 X166.654 Y147.013 E1627.14666
G1 X166.571 Y147.419 E1627.16106
G1 X166.571 Y149.872 E1627.24632
G1 X150.871 Y165.572 E1628.01803
G1 X148.98 Y165.571 E1628.08376
G1 X128.931 Y145.523 E1629.06921
G1 X128.931 Y141.885 E1629.19566
G1 X132.423 Y138.393 E1629.3673
G1 X133 Y138.259 E1629.38789
G1 X133.736 Y137.884 E1629.4166
G1 X170.422 Y174.57 E1631.21985
G1 X170.908 Y174.57 E1631.23674
G1 X175.07 Y170.408 E1631.44132
G1 X175.07 Y166.775 E1631.56759
G1 X146.225 Y137.929 E1632.98545
G1 X145.332 Y137.928 E1633.01649
G1 X128.931 Y154.329 E1633.82266
G1 X128.931 Y157.966 E1633.94907
G1 X139.566 Y168.436 E1634.46778
G1 X139.571 Y168.576 E1634.47265
G1 X133.577 Y174.57 E1634.76727
G1 X133.091 Y174.57 E1634.78417
G1 X128.93 Y170.409 E1634.98869
G1 X128.931 Y169.8 E1635.00986
G1 X128.989 Y169.459 E1635.02188
G1 X129.06 Y169.312 E1635.02756
G1 X129.163 Y169.423 E1635.03282
G1 X129.493 Y170.005 E1635.05607
G1 X129.647 Y170.204 E1635.06482
G1 X128.931 Y170.92 E1635.10001
G1 X128.93 Y174.557 E1635.22642
G1 X129.43 Y174.57 E1635.24381
G1 X132.659 Y171.34 E1635.40255
G1 X132.889 Y171.285 E1635.41077
G1 X133.62 Y170.951 E1635.4387
G1 X137.239 Y174.57 E1635.61659
G1 X137.725 Y174.57 E1635.63348
G1 X139.626 Y172.894 E1635.72157
G1 X139.611 Y172.794 E1635.72508
G1 X134.887 Y168.07 E1635.95728
G1 X134.931 Y168.499 E1635.97227
G1 X134.862 Y169.137 E1635.99458
G1 X166.156 Y137.843 E1637.53279
G1 X166.249 Y137.46 E1637.54649
G1 X166.334 Y137.299 E1637.55282
G1 X158.465 Y129.43 E1637.93961
G1 X157.978 Y129.43 E1637.95653
G1 X152.431 Y134.977 E1638.22919
G1 X152.43 Y135.839 E1638.25915
G1 X166.572 Y149.98 E1638.95425
G1 X166.572 Y154.019 E1639.09464
G1 X152.427 Y168.163 E1639.78989
G1 X152.427 Y166.896 E1639.83393
G1 X152.375 Y166.6 E1639.84437
G1 X152.272 Y166.344 E1639.85396
G1 X152.075 Y166.054 E1639.86615
G1 X151.66 Y165.729 E1639.88447
G1 X151.404 Y165.627 E1639.89405
G1 X151.083 Y165.571 E1639.90537
G1 X150.975 Y165.553
G1 F2400 E1639.40537
G1 F600 Z3.1
G0 F15000 X160.342 Y165.576 Z3.1
G1 F600 Z2.7
G1 F2400 E1639.90537
G1 F15000 X161.012 Y165.748 E1639.92941
G1 X161.6 Y166.043 E1639.95228
G1 X162.14 Y166.496 E1639.97678
G1 X162.556 Y167.067 E1640.00133
G1 X162.827 Y167.727 E1640.02613
G1 X162.943 Y168.517 E1640.05388
G1 X162.841 Y169.216 E1640.07843
G1 X162.626 Y169.801 E1640.1001
G1 X162.297 Y170.312 E1640.12122
G1 X162.157 Y170.452 E1640.1281
G1 X166.274 Y174.57 E1640.33049
G1 X166.761 Y174.57 E1640.34742
G1 X175.07 Y166.26 E1640.75586
G1 X175.07 Y162.627 E1640.88213
G1 X171.374 Y158.93 E1641.06383
G1 X169.957 Y158.93 E1641.11308
G1 X162.246 Y166.64 E1641.49208
G1 X162.169 Y166.717
G1 F2400 E1640.99208
G1 F600 Z3.1
G0 F15000 X168.995 Y163.57 Z3.1
G1 F600 Z2.7
G1 F2400 E1641.49208
G1 F15000 X169.424 Y163.61 E1641.50705
G1 X174.983 Y158.051 E1641.7803
G1 X174.952 Y157.969 E1641.78334
G1 X174.769 Y158.177 E1641.79297
G1 X175.07 Y158.479 E1641.80779
G1 X175.07 Y162.112 E1641.93406
G1 X171.719 Y165.463 E1642.09878
G1 X171.787 Y165.611 E1642.10444
G1 X171.919 Y166.306 E1642.12903
G1 X171.898 Y166.923 E1642.15048
G1 X171.785 Y167.389 E1642.16715
G1 X171.496 Y168.025 E1642.19143
G1 X171.061 Y168.577 E1642.21586
G1 X170.46 Y169.037 E1642.24216
G1 X170.205 Y169.166 E1642.2521
G1 X169.607 Y169.365 E1642.274
G1 X169.389 Y169.389 E1642.28162
G1 X174.57 Y174.57 E1642.53629
G1 X175.07 Y174.556 E1642.55367
G1 X175.07 Y170.923 E1642.67995
G1 X171.707 Y167.559 E1642.84527
G1 X171.63 Y167.482
G1 F2400 E1642.34527
G1 F600 Z3.1
G0 F15000 X162.157 Y133.546 Z3.1
G1 F600 Z2.7
G1 F2400 E1642.84527
G1 F15000 X166.274 Y129.43 E1643.04761
G1 X166.761 Y129.43 E1643.06454
G1 X175.07 Y137.739 E1643.47296
G1 X175.07 Y141.373 E1643.59927
G1 X170.82 Y145.623 E1643.80817
G1 X170.82 Y146.072 E1643.82377
G1 X170.51 Y146.073 E1643.83455
G1 X170.51 Y145.623 E1643.85019
G1 X162.254 Y137.367 E1644.256
G1 X162.61 Y136.846 E1644.27793
G1 X162.858 Y136.178 E1644.3027
G1 X162.93 Y135.541 E1644.32498
G1 X162.861 Y134.818 E1644.35022
G1 X162.646 Y134.241 E1644.37163
G1 X162.298 Y133.685 E1644.39442
G1 X161.794 Y133.186 E1644.41907
G1 X161.193 Y132.827 E1644.44341
G1 X160.522 Y132.619 E1644.46782
G1 X160.187 Y132.578 E1644.47955
G1 X160.078 Y132.565
G1 F2400 E1643.97955
G1 F600 Z3.1
;MESH:NONMESH
G0 F15000 X132.613 Y137.105 Z3.1
;TIME_ELAPSED:706.948756
;LAYER:13
;MESH:case_VL53L8+RP2040-up.stl
G0 X132.613 Y137.105 Z3.3
;TYPE:WALL-OUTER
G1 F600 Z2.9
G1 F2400 E1644.47955
G1 F9000 X132.209 Y137.207 E1644.49404
G1 X131.762 Y137.202 E1644.50957
G1 X131.36 Y137.095 E1644.52403
G1 X131.044 Y136.927 E1644.53647
G1 X130.694 Y136.617 E1644.55272
G1 X130.466 Y136.276 E1644.56698
G1 X130.323 Y135.894 E1644.58115
G1 X130.281 Y135.525 E1644.59406
G1 X130.334 Y135.06 E1644.61033
G1 X130.49 Y134.675 E1644.62477
G1 X130.73 Y134.339 E1644.63912
G1 X131.044 Y134.069 E1644.65351
G1 X131.41 Y133.882 E1644.6678
G1 X131.778 Y133.791 E1644.68097
G1 X132.234 Y133.794 E1644.69682
G1 X132.635 Y133.901 E1644.71125
G1 X132.998 Y134.099 E1644.72562
G1 X133.306 Y134.379 E1644.74009
G1 X133.51 Y134.675 E1644.75258
G1 X133.675 Y135.113 E1644.76885
G1 X133.719 Y135.528 E1644.78335
G1 X133.669 Y135.915 E1644.79692
G1 X133.523 Y136.3 E1644.81123
G1 X133.287 Y136.641 E1644.82564
G1 X132.985 Y136.908 E1644.83965
G1 X132.613 Y137.105 E1644.85428
G1 F2400 E1644.35428
G1 F600 Z3.3
G0 F15000 X151.219 Y136.523 Z3.3
G1 F600 Z2.9
G1 F2400 E1644.85428
G1 F9000 X151.191 Y136.611 E1644.85749
G1 X151.036 Y136.718 E1644.86404
G1 X140.973 Y136.719 E1645.2138
G1 X140.877 Y136.684 E1645.21735
G1 X140.783 Y136.542 E1645.22327
G1 X140.78 Y130.954 E1645.41749
G1 X140.824 Y130.868 E1645.42085
G1 X140.962 Y130.783 E1645.42648
G1 X151.085 Y130.78 E1645.77832
G1 X151.22 Y130.954 E1645.78598
G1 X151.219 Y136.523 E1645.97954
G1 F2400 E1645.47954
G1 F600 Z3.3
G0 F15000 X160.625 Y137.1 Z3.3
G1 F600 Z2.9
G1 F2400 E1645.97954
G1 F9000 X160.219 Y137.205 E1645.99411
G1 X159.799 Y137.208 E1646.00871
G1 X159.384 Y137.106 E1646.02357
G1 X159.026 Y136.916 E1646.03765
G1 X158.713 Y136.641 E1646.05213
G1 X158.478 Y136.301 E1646.0665
G1 X158.323 Y135.894 E1646.08164
G1 X158.281 Y135.525 E1646.09454
G1 X158.334 Y135.06 E1646.11081
G1 X158.49 Y134.675 E1646.12525
G1 X158.73 Y134.339 E1646.1396
G1 X159.044 Y134.069 E1646.15399
G1 X159.41 Y133.882 E1646.16828
G1 X159.778 Y133.791 E1646.18146
G1 X160.234 Y133.794 E1646.19731
G1 X160.635 Y133.901 E1646.21173
G1 X160.998 Y134.099 E1646.2261
G1 X161.306 Y134.379 E1646.24057
G1 X161.532 Y134.715 E1646.25464
G1 X161.666 Y135.073 E1646.26793
G1 X161.72 Y135.486 E1646.28241
G1 X161.669 Y135.914 E1646.29739
G1 X161.53 Y136.286 E1646.31119
G1 X161.284 Y136.644 E1646.32629
G1 X160.971 Y136.918 E1646.34075
G1 X160.625 Y137.1 E1646.35433
G1 F2400 E1645.85433
G1 F600 Z3.3
G0 F15000 X169.383 Y140.175 Z3.3
G1 F600 Z2.9
G1 F2400 E1646.35433
G1 F9000 X168.973 Y140.219 E1646.36867
G1 X168.582 Y140.169 E1646.38237
G1 X168.196 Y140.023 E1646.39671
G1 X167.855 Y139.787 E1646.41112
G1 X167.59 Y139.487 E1646.42504
G1 X167.388 Y139.107 E1646.43999
G1 X167.291 Y138.722 E1646.45379
G1 X167.294 Y138.262 E1646.46978
G1 X167.394 Y137.874 E1646.48371
G1 X167.586 Y137.517 E1646.4978
G1 X167.863 Y137.206 E1646.51227
G1 X168.19 Y136.981 E1646.52607
G1 X168.602 Y136.823 E1646.54141
G1 X169 Y136.78 E1646.55532
G1 X169.436 Y136.834 E1646.57059
G1 X169.788 Y136.971 E1646.58372
G1 X170.157 Y137.23 E1646.59939
G1 X170.427 Y137.544 E1646.61378
G1 X170.614 Y137.91 E1646.62807
G1 X170.702 Y138.262 E1646.64068
G1 X170.705 Y138.718 E1646.65653
G1 X170.595 Y139.135 E1646.67152
G1 X170.397 Y139.498 E1646.68589
G1 X170.117 Y139.806 E1646.70035
G1 X169.821 Y140.01 E1646.71285
G1 X169.383 Y140.175 E1646.72912
G1 F2400 E1646.22912
G1 F600 Z3.3
G0 F15000 X173.717 Y157.539 Z3.3
G1 F600 Z2.9
G1 F2400 E1646.72912
G1 F9000 X173.632 Y157.676 E1646.73472
G1 X173.546 Y157.72 E1646.73808
G1 X167.977 Y157.719 E1646.93164
G1 X167.889 Y157.691 E1646.93485
G1 X167.78 Y157.572 E1646.94046
G1 X167.783 Y147.461 E1647.29188
G1 X167.826 Y147.364 E1647.29557
G1 X167.978 Y147.281 E1647.30159
G1 X173.546 Y147.28 E1647.49512
G1 X173.72 Y147.415 E1647.50277
G1 X173.717 Y157.539 E1647.85465
G1 F2400 E1647.35465
G1 F600 Z3.3
G0 F15000 X169.383 Y168.175 Z3.3
G1 F600 Z2.9
G1 F2400 E1647.85465
G1 F9000 X168.973 Y168.219 E1647.86898
G1 X168.562 Y168.162 E1647.8834
G1 X168.175 Y168.01 E1647.89786
G1 X167.866 Y167.796 E1647.91092
G1 X167.59 Y167.487 E1647.92532
G1 X167.394 Y167.122 E1647.93972
G1 X167.289 Y166.705 E1647.95467
G1 X167.289 Y166.286 E1647.96923
G1 X167.386 Y165.895 E1647.98323
G1 X167.585 Y165.518 E1647.99805
G1 X167.855 Y165.213 E1648.01221
G1 X168.195 Y164.978 E1648.02657
G1 X168.602 Y164.823 E1648.04171
G1 X169 Y164.78 E1648.05562
G1 X169.436 Y164.834 E1648.07089
G1 X169.821 Y164.99 E1648.08533
G1 X170.157 Y165.23 E1648.09968
G1 X170.427 Y165.544 E1648.11407
G1 X170.614 Y165.91 E1648.12836
G1 X170.702 Y166.262 E1648.14097
G1 X170.705 Y166.718 E1648.15682
G1 X170.595 Y167.135 E1648.17181
G1 X170.397 Y167.498 E1648.18618
G1 X170.117 Y167.806 E1648.20065
G1 X169.814 Y168.014 E1648.21342
G1 X169.383 Y168.175 E1648.22941
G1 F2400 E1647.72941
G1 F600 Z3.3
G0 F15000 X160.586 Y170.114 Z3.3
G1 F600 Z2.9
G1 F2400 E1648.22941
G1 F9000 X160.218 Y170.205 E1648.24259
G1 X159.762 Y170.202 E1648.25844
G1 X159.36 Y170.095 E1648.2729
G1 X159.044 Y169.927 E1648.28534
G1 X158.694 Y169.617 E1648.30159
G1 X158.466 Y169.276 E1648.31584
G1 X158.323 Y168.894 E1648.33002
G1 X158.281 Y168.475 E1648.34466
G1 X158.329 Y168.074 E1648.35869
G1 X158.49 Y167.675 E1648.37365
G1 X158.694 Y167.379 E1648.38614
G1 X159.014 Y167.088 E1648.40118
G1 X159.392 Y166.887 E1648.41606
G1 X159.798 Y166.788 E1648.43058
G1 X160.205 Y166.789 E1648.44473
G1 X160.586 Y166.882 E1648.45836
G1 X160.967 Y167.076 E1648.47322
G1 X161.28 Y167.348 E1648.48763
G1 X161.525 Y167.7 E1648.50254
G1 X161.667 Y168.076 E1648.51651
G1 X161.72 Y168.487 E1648.53091
G1 X161.675 Y168.883 E1648.54476
G1 X161.522 Y169.302 E1648.56027
G1 X161.306 Y169.617 E1648.57354
G1 X160.955 Y169.927 E1648.58982
G1 X160.586 Y170.114 E1648.6042
G1 F2400 E1648.1042
G1 F600 Z3.3
G0 F15000 X151.22 Y172.546 Z3.3
G1 F600 Z2.9
G1 F2400 E1648.6042
G1 F9000 X151.176 Y172.633 E1648.60758
G1 X151.038 Y172.717 E1648.6132
G1 X140.915 Y172.72 E1648.96504
G1 X140.78 Y172.546 E1648.9727
G1 X140.782 Y166.966 E1649.16664
G1 X140.834 Y166.854 E1649.17093
G1 X140.959 Y166.783 E1649.17593
G1 X151.037 Y166.782 E1649.52621
G1 X151.145 Y166.833 E1649.53036
G1 X151.218 Y166.964 E1649.53557
G1 X151.22 Y172.546 E1649.72959
G1 F2400 E1649.22959
G1 F600 Z3.3
G0 F15000 X132.586 Y170.114 Z3.3
G1 F600 Z2.9
G1 F2400 E1649.72959
G1 F9000 X132.218 Y170.205 E1649.74276
G1 X131.762 Y170.202 E1649.75861
G1 X131.403 Y170.112 E1649.77147
G1 X131.044 Y169.927 E1649.78551
G1 X130.694 Y169.617 E1649.80176
G1 X130.466 Y169.276 E1649.81602
G1 X130.323 Y168.894 E1649.8302
G1 X130.281 Y168.525 E1649.8431
G1 X130.334 Y168.06 E1649.85937
G1 X130.49 Y167.675 E1649.87381
G1 X130.73 Y167.339 E1649.88816
G1 X131.044 Y167.069 E1649.90255
G1 X131.41 Y166.882 E1649.91684
G1 X131.762 Y166.794 E1649.92945
G1 X132.209 Y166.789 E1649.94499
G1 X132.611 Y166.89 E1649.95939
G1 X132.974 Y167.08 E1649.97363
G1 X133.287 Y167.356 E1649.98814
G1 X133.523 Y167.696 E1650.00252
G1 X133.667 Y168.074 E1650.01658
G1 X133.719 Y168.473 E1650.03057
G1 X133.673 Y168.894 E1650.04529
G1 X133.51 Y169.321 E1650.06117
G1 X133.306 Y169.617 E1650.07367
G1 X132.955 Y169.927 E1650.08994
G1 X132.586 Y170.114 E1650.10432
G1 F2400 E1649.60432
G1 F600 Z3.3
G0 F15000 X176.28 Y175.78 Z3.3
G1 F600 Z2.9
G1 F2400 E1650.10432
G1 F9000 X176.28 Y128.22 E1651.75736
G1 X127.72 Y128.22 E1653.44515
G1 X127.72 Y175.78 E1655.09819
G1 X176.28 Y175.78 E1656.78598
G0 F15000 X175.84 Y175.34
;TYPE:WALL-INNER
G1 F10500 X175.84 Y128.66 E1658.40843
G1 X128.16 Y128.66 E1660.06563
G1 X128.16 Y175.34 E1661.68808
G1 X175.84 Y175.34 E1663.34529
G0 F15000 X175.4 Y174.9
G1 F10500 X175.4 Y158.25 E1663.92399
G1 F8619.4 X175.305 Y157.761 E1663.94508
G1 F7321.7 X175.305 Y157.077 E1663.97918
G1 F7333.3 X175.306 Y156.393 E1664.01322
G1 F7345 X175.306 Y155.709 E1664.0472
G1 F7356.7 X175.306 Y155.025 E1664.08113
G1 X175.307 Y154.341 E1664.11506
G1 F7368.4 X175.307 Y153.657 E1664.14894
G1 F7380.2 X175.307 Y152.973 E1664.18276
G1 X175.308 Y152.289 E1664.21659
G1 F7392 X175.308 Y151.605 E1664.25036
G1 F7403.8 X175.308 Y150.921 E1664.28407
G1 F7415.7 X175.309 Y150.237 E1664.31773
G1 X175.309 Y149.553 E1664.3514
G1 F7427.7 X175.309 Y148.869 E1664.385
G1 F7439.6 X175.31 Y148.185 E1664.41856
G1 F7451.6 X175.31 Y147.501 E1664.45206
G1 F8717 X175.4 Y146.75 E1664.48372
G1 F10500 X175.4 Y129.1 E1665.09718
G1 X151.75 Y129.1 E1665.91918
G1 F8717 X151 Y129.19 E1665.9508
G1 F7451.6 X150.359 Y129.19 E1665.9822
G1 F7439.6 X149.718 Y129.191 E1666.01364
G1 F7427.7 X149.077 Y129.191 E1666.04514
G1 F7415.7 X148.436 Y129.191 E1666.07668
G1 X147.795 Y129.192 E1666.10823
G1 F7403.8 X147.154 Y129.192 E1666.13982
G1 F7392 X146.513 Y129.193 E1666.17147
G1 F7380.2 X145.872 Y129.193 E1666.20317
G1 X145.231 Y129.193 E1666.23486
G1 F7368.4 X144.59 Y129.194 E1666.26661
G1 F7356.7 X143.949 Y129.194 E1666.29841
G1 F7345 X143.308 Y129.194 E1666.33026
G1 X142.667 Y129.195 E1666.36211
G1 F7333.3 X142.026 Y129.195 E1666.39401
G1 F7321.7 X141.385 Y129.196 E1666.42596
G1 F7310.1 X140.744 Y129.196 E1666.45796
G1 F8619.4 X140.25 Y129.1 E1666.47927
G1 F10500 X128.6 Y129.1 E1666.88418
G1 X128.601 Y134.206 E1667.06165
G1 F10312.5 X128.608 Y134.571 E1667.07457
G1 F8400 X128.703 Y134.972 E1667.09248
G1 F7287.1 X128.693 Y135.334 E1667.11061
G1 F7403.8 X128.693 Y135.668 E1667.12708
G1 F7241.4 X128.706 Y136.12 E1667.14986
G1 F7993.1 X128.631 Y136.425 E1667.1642
G1 F9788.1 X128.601 Y136.79 E1667.17786
G1 F10500 X128.601 Y167.206 E1668.23502
G1 F10312.5 X128.608 Y167.571 E1668.24794
G1 F8400 X128.703 Y167.972 E1668.26585
G1 F7287.1 X128.693 Y168.334 E1668.28398
G1 F7403.8 X128.693 Y168.668 E1668.30045
G1 F7241.4 X128.706 Y169.12 E1668.32324
G1 F7993.1 X128.631 Y169.425 E1668.33758
G1 F9788.1 X128.601 Y169.79 E1668.35123
G1 F10500 X128.6 Y174.9 E1668.52884
G1 X175.4 Y174.9 E1670.15546
G1 F2400 E1669.65546
G1 F600 Z3.3
G0 F15000 X170.487 Y168.061 Z3.3
G1 F600 Z2.9
G1 F2400 E1670.15546
G1 F10500 X170.05 Y168.386 E1670.17439
G1 X169.47 Y168.607 E1670.19596
G1 X169 Y168.66 E1670.2124
G1 X168.559 Y168.612 E1670.22782
G1 X168.067 Y168.446 E1670.24587
G1 X167.591 Y168.14 E1670.26553
G1 X167.242 Y167.757 E1670.28354
G1 X166.992 Y167.3 E1670.30165
G1 X166.852 Y166.755 E1670.32121
G1 X166.849 Y166.271 E1670.33803
G1 X166.968 Y165.759 E1670.3563
G1 X167.206 Y165.295 E1670.37442
G1 X167.559 Y164.888 E1670.39315
G1 X167.987 Y164.59 E1670.41127
G1 X168.462 Y164.404 E1670.42901
G1 X169 Y164.34 E1670.44784
G1 X169.595 Y164.424 E1670.46872
G1 X170.071 Y164.628 E1670.48672
G1 X170.487 Y164.939 E1670.50477
G1 X170.815 Y165.338 E1670.52273
G1 X171.041 Y165.803 E1670.5407
G1 X171.148 Y166.316 E1670.55891
G1 X171.139 Y166.794 E1670.57553
G1 X171.041 Y167.193 E1670.58981
G1 X170.817 Y167.659 E1670.60778
G1 X170.487 Y168.061 E1670.62585
G0 F15000 X170.817 Y168.352
G1 F10500 X170.617 Y168.53 E1670.63516
G1 X170.084 Y168.858 E1670.65691
G1 X169.546 Y169.04 E1670.67665
G1 X169 Y169.1 E1670.69574
G1 X168.506 Y169.049 E1670.71301
G1 X167.912 Y168.858 E1670.73469
G1 X167.316 Y168.483 E1670.75917
G1 X166.842 Y167.97 E1670.78344
G1 X166.562 Y167.411 E1670.80517
G1 X166.425 Y166.876 E1670.82437
G1 X166.41 Y166.241 E1670.84644
G1 X166.566 Y165.553 E1670.87096
G1 X166.873 Y165.001 E1670.89292
G1 X167.263 Y164.562 E1670.91333
G1 X167.779 Y164.203 E1670.93518
G1 X168.391 Y163.961 E1670.95805
G1 X169 Y163.9 E1670.97932
G1 X169.479 Y163.946 E1670.99605
G1 X169.755 Y164.014 E1671.00593
G1 X170.321 Y164.266 E1671.02746
G1 X170.817 Y164.648 E1671.04922
G1 X171.204 Y165.131 E1671.07073
G1 X171.468 Y165.697 E1671.09244
G1 X171.588 Y166.316 E1671.11435
G1 X171.573 Y166.87 E1671.13362
G1 X171.468 Y167.299 E1671.14897
G1 X171.207 Y167.864 E1671.1706
G1 X170.817 Y168.352 E1671.19231
G1 F2400 E1670.69231
G1 F600 Z3.3
G0 F15000 X162.16 Y168.463 Z3.3
G1 F600 Z2.9
G1 F2400 E1671.19231
G1 F10500 X162.095 Y169.023 E1671.21191
G1 X161.928 Y169.474 E1671.22862
G1 X161.561 Y169.987 E1671.25054
G1 X161.159 Y170.317 E1671.26862
G1 X160.693 Y170.541 E1671.28659
G1 X160.294 Y170.639 E1671.30087
G1 X159.816 Y170.648 E1671.31749
G1 X159.303 Y170.541 E1671.3357
G1 X158.838 Y170.315 E1671.35367
G1 X158.375 Y169.934 E1671.37451
G1 X158.056 Y169.435 E1671.3951
G1 X157.889 Y168.97 E1671.41227
G1 X157.84 Y168.5 E1671.42869
G1 X157.909 Y167.944 E1671.44817
G1 X158.09 Y167.487 E1671.46525
G1 X158.387 Y167.06 E1671.48333
G1 X158.748 Y166.738 E1671.50014
G1 X159.249 Y166.471 E1671.51988
G1 X159.717 Y166.355 E1671.53663
G1 X160.216 Y166.348 E1671.55398
G1 X160.751 Y166.473 E1671.57307
G1 X161.238 Y166.727 E1671.59217
G1 X161.592 Y167.038 E1671.60854
G1 X161.895 Y167.461 E1671.62663
G1 X162.088 Y167.948 E1671.64484
G1 X162.16 Y168.463 E1671.66291
G0 F15000 X162.609 Y168.516
G1 F10500 X162.521 Y169.134 E1671.68461
G1 X162.327 Y169.658 E1671.70403
G1 X162.03 Y170.117 E1671.72303
G1 X161.58 Y170.557 E1671.7449
G1 X161.364 Y170.706 E1671.75402
G1 X160.799 Y170.968 E1671.77567
G1 X160.37 Y171.072 E1671.79101
G1 X159.816 Y171.088 E1671.81028
G1 X159.549 Y171.056 E1671.81962
G1 X158.947 Y170.872 E1671.8415
G1 X158.42 Y170.557 E1671.86284
G1 X157.97 Y170.117 E1671.88472
G1 X157.646 Y169.595 E1671.90607
G1 X157.456 Y169.046 E1671.92626
G1 X157.4 Y168.5 E1671.94534
G1 X157.489 Y167.814 E1671.96938
G1 X157.702 Y167.279 E1671.9894
G1 X158.061 Y166.764 E1672.01121
G1 X158.482 Y166.387 E1672.03086
G1 X159.081 Y166.054 E1672.05468
G1 X159.727 Y165.911 E1672.07767
G1 X160.314 Y165.909 E1672.09808
G1 X160.896 Y166.057 E1672.11895
G1 X161.426 Y166.325 E1672.13959
G1 X161.904 Y166.728 E1672.16132
G1 X162.318 Y167.297 E1672.18578
G1 X162.528 Y167.89 E1672.20764
G1 X162.609 Y168.516 E1672.22958
G1 F2400 E1671.72958
G1 F600 Z3.3
G0 F15000 X151.659 Y166.953 Z3.3
G1 F600 Z2.9
G1 F2400 E1672.22958
G1 F10500 X151.66 Y172.633 E1672.427
G1 X151.528 Y172.897 E1672.43726
G1 X151.311 Y173.083 E1672.44719
G1 X151.088 Y173.16 E1672.45539
G1 X141 Y173.16 E1672.80602
G1 X140.689 Y173.083 E1672.81716
G1 X140.472 Y172.897 E1672.82709
G1 X140.34 Y172.633 E1672.83735
G1 X140.341 Y166.96 E1673.03452
G1 X140.413 Y166.697 E1673.044
G1 X140.601 Y166.473 E1673.05417
G1 X140.92 Y166.344 E1673.06613
G1 X151.036 Y166.34 E1673.41773
G1 X151.229 Y166.38 E1673.42458
G1 X151.497 Y166.564 E1673.43588
G1 X151.587 Y166.697 E1673.44146
G1 X151.659 Y166.953 E1673.4507
G0 F15000 X152.098 Y166.922
G1 F10500 X152.1 Y172.5 E1673.64457
G1 X152.057 Y172.809 E1673.65542
G1 X151.88 Y173.161 E1673.66911
G1 X151.518 Y173.471 E1673.68568
G1 X151.144 Y173.6 E1673.69943
G1 X141 Y173.6 E1674.052
G1 X140.482 Y173.471 E1674.07055
G1 X140.12 Y173.161 E1674.08712
G1 X139.943 Y172.809 E1674.10081
G1 X139.9 Y172.5 E1674.11166
G1 X139.901 Y166.934 E1674.30511
G1 X140.021 Y166.496 E1674.3209
G1 X140.22 Y166.223 E1674.33264
G1 X140.481 Y166.029 E1674.34394
G1 X140.935 Y165.901 E1674.36034
G1 X151.06 Y165.901 E1674.71225
G1 X151.381 Y165.967 E1674.72364
G1 X151.539 Y166.04 E1674.72969
G1 X151.827 Y166.274 E1674.74259
G1 X151.979 Y166.496 E1674.75194
G1 X152.098 Y166.922 E1674.76731
G1 F2400 E1674.26731
G1 F600 Z3.3
G0 F15000 X167.418 Y157.813 Z3.3
G1 F600 Z2.9
G1 F2400 E1674.76731
G1 F10500 X167.341 Y157.546 E1674.77697
G1 X167.34 Y147.464 E1675.12739
G1 X167.432 Y147.162 E1675.13836
G1 X167.669 Y146.928 E1675.14994
G1 X167.936 Y146.843 E1675.15968
G1 X173.634 Y146.84 E1675.35772
G1 X173.896 Y146.972 E1675.36792
G1 X174.083 Y147.189 E1675.37787
G1 X174.16 Y147.5 E1675.38901
G1 X174.16 Y157.589 E1675.73967
G1 X174.083 Y157.811 E1675.74784
G1 X173.896 Y158.028 E1675.7578
G1 X173.634 Y158.16 E1675.76799
G1 X167.932 Y158.157 E1675.96618
G1 X167.669 Y158.072 E1675.97578
G1 X167.418 Y157.813 E1675.98832
G0 F15000 X167.004 Y157.968
G1 F10500 X166.902 Y157.576 E1676.0024
G1 X166.901 Y147.358 E1676.35754
G1 X166.989 Y147.065 E1676.36818
G1 X167.259 Y146.686 E1676.38435
G1 X167.56 Y146.491 E1676.39681
G1 X167.893 Y146.405 E1676.40877
G1 X173.5 Y146.4 E1676.60365
G1 X173.809 Y146.443 E1676.61449
G1 X174.16 Y146.62 E1676.62816
G1 X174.472 Y146.982 E1676.64477
G1 F8717 X174.69 Y147.5 E1676.6683
G1 F7451.6 X174.69 Y148.956 E1676.7396
G1 F7439.6 X174.69 Y150.412 E1676.81103
G1 F7427.7 X174.69 Y151.868 E1676.88257
G1 X174.69 Y153.324 E1676.9541
G1 F7415.7 X174.69 Y154.78 E1677.02576
G1 F7403.8 X174.69 Y156.236 E1677.09753
G1 F7392 X174.69 Y157.692 E1677.16941
G1 F8684.2 X174.472 Y158.018 E1677.18589
G1 F10500 X174.16 Y158.38 E1677.2025
G1 X173.809 Y158.557 E1677.21616
G1 X173.5 Y158.6 E1677.22701
G1 X167.887 Y158.595 E1677.4221
G1 X167.556 Y158.507 E1677.434
G1 X167.175 Y158.229 E1677.45039
G1 X167.004 Y157.968 E1677.46124
G1 F2400 E1676.96124
G1 F600 Z3.3
G0 F15000 X169 Y140.66 Z3.3
G1 F600 Z2.9
G1 F2400 E1677.46124
G1 F10500 X168.528 Y140.607 E1677.47775
G1 X167.989 Y140.411 E1677.49768
G1 X167.559 Y140.112 E1677.51588
G1 X167.242 Y139.757 E1677.53243
G1 X166.996 Y139.308 E1677.55022
G1 X166.859 Y138.804 E1677.56837
G1 X166.849 Y138.278 E1677.58666
G1 X166.986 Y137.709 E1677.607
G1 X167.231 Y137.257 E1677.62487
G1 X167.582 Y136.867 E1677.64311
G1 X167.972 Y136.599 E1677.65955
G1 X168.526 Y136.389 E1677.68015
G1 X169 Y136.34 E1677.69671
G1 X169.595 Y136.424 E1677.7176
G1 X169.971 Y136.571 E1677.73163
G1 X170.487 Y136.939 E1677.75366
G1 X170.815 Y137.338 E1677.77161
G1 X171.041 Y137.803 E1677.78958
G1 X171.148 Y138.316 E1677.80779
G1 X171.139 Y138.794 E1677.82441
G1 X171.041 Y139.193 E1677.83869
G1 X170.817 Y139.659 E1677.85666
G1 X170.487 Y140.061 E1677.87474
G1 X170.071 Y140.372 E1677.89279
G1 X169.47 Y140.607 E1677.91522
G1 X169 Y140.66 E1677.93166
G0 F15000 X169 Y141.1
G1 F10500 X168.393 Y141.034 E1677.95288
G1 X167.783 Y140.8 E1677.97559
G1 X167.263 Y140.438 E1677.99761
G1 X166.894 Y140.026 E1678.01683
G1 X166.596 Y139.491 E1678.03812
G1 X166.427 Y138.886 E1678.05995
G1 X166.407 Y138.171 E1678.08481
G1 X166.58 Y137.539 E1678.10759
G1 X166.846 Y137.033 E1678.12745
G1 X167.26 Y136.557 E1678.14938
G1 X167.753 Y136.217 E1678.1702
G1 X168.358 Y135.965 E1678.19297
G1 X169 Y135.9 E1678.2154
G1 X169.479 Y135.946 E1678.23213
G1 X170.154 Y136.171 E1678.25686
G1 X170.617 Y136.47 E1678.27601
G1 X170.817 Y136.648 E1678.28532
G1 X171.204 Y137.131 E1678.30683
G1 X171.468 Y137.697 E1678.32854
G1 X171.588 Y138.316 E1678.35045
G1 X171.573 Y138.87 E1678.36972
G1 X171.468 Y139.299 E1678.38507
G1 X171.207 Y139.864 E1678.4067
G1 X170.817 Y140.352 E1678.42841
G1 X170.321 Y140.734 E1678.45017
G1 X170.084 Y140.858 E1678.45947
G1 X169.546 Y141.04 E1678.47921
G1 X169 Y141.1 E1678.4983
G1 F2400 E1677.9983
G1 F600 Z3.3
G0 F15000 X161.932 Y136.464 Z3.3
G1 F600 Z2.9
G1 F2400 E1678.4983
G1 F10500 X161.604 Y136.946 E1678.51856
G1 X161.262 Y137.25 E1678.53447
G1 X160.75 Y137.524 E1678.55465
G1 X160.297 Y137.638 E1678.57089
G1 X159.767 Y137.647 E1678.58931
G1 X159.226 Y137.521 E1678.60862
G1 X158.75 Y137.259 E1678.6275
G1 X158.388 Y136.937 E1678.64434
G1 X158.09 Y136.509 E1678.66247
G1 X157.904 Y136.034 E1678.6802
G1 X157.84 Y135.5 E1678.69889
G1 X157.924 Y134.901 E1678.71991
G1 X158.128 Y134.425 E1678.73791
G1 X158.439 Y134.009 E1678.75597
G1 X158.838 Y133.681 E1678.77392
G1 X159.304 Y133.455 E1678.79192
G1 X159.702 Y133.357 E1678.80616
G1 X160.341 Y133.367 E1678.82838
G1 X160.839 Y133.511 E1678.8464
G1 X161.159 Y133.679 E1678.85896
G1 X161.561 Y134.009 E1678.87703
G1 X161.938 Y134.545 E1678.89981
G1 X162.085 Y134.939 E1678.91443
G1 X162.159 Y135.458 E1678.93265
G1 X162.094 Y136.03 E1678.95266
G1 X161.932 Y136.464 E1678.96876
G0 F15000 X162.313 Y136.698
G1 F10500 X161.959 Y137.217 E1678.99059
G1 X161.489 Y137.636 E1679.01248
G1 X160.91 Y137.944 E1679.03527
G1 X160.241 Y138.087 E1679.05905
G1 X159.669 Y138.086 E1679.07893
G1 X159.033 Y137.913 E1679.10184
G1 X158.524 Y137.646 E1679.12182
G1 X158.062 Y137.233 E1679.14336
G1 X157.703 Y136.718 E1679.16517
G1 X157.461 Y136.104 E1679.18811
G1 X157.4 Y135.5 E1679.20921
G1 X157.446 Y135.018 E1679.22604
G1 X157.514 Y134.741 E1679.23596
G1 X157.766 Y134.175 E1679.25749
G1 X158.148 Y133.679 E1679.27925
G1 X158.631 Y133.292 E1679.30076
G1 X159.197 Y133.028 E1679.32247
G1 X159.626 Y132.924 E1679.33781
G1 X160.18 Y132.908 E1679.35707
G1 X160.799 Y133.028 E1679.37899
G1 X161.364 Y133.29 E1679.40064
G1 X161.852 Y133.679 E1679.42233
G1 X162.03 Y133.879 E1679.43163
G1 X162.344 Y134.376 E1679.45206
G1 X162.53 Y134.899 E1679.47136
G1 X162.605 Y135.486 E1679.49193
G1 X162.538 Y136.091 E1679.51308
G1 X162.313 Y136.698 E1679.53558
G1 F2400 E1679.03558
G1 F600 Z3.3
G0 F15000 X151.657 Y136.568 Z3.3
G1 F600 Z2.9
G1 F2400 E1679.53558
G1 F10500 X151.605 Y136.766 E1679.5427
G1 X151.438 Y136.995 E1679.55255
G1 X151.136 Y137.16 E1679.56451
G1 X140.961 Y137.159 E1679.91816
G1 X140.786 Y137.125 E1679.92436
G1 X140.511 Y136.944 E1679.9358
G1 X140.394 Y136.763 E1679.94329
G1 X140.34 Y136.59 E1679.94959
G1 X140.34 Y130.867 E1680.1485
G1 X140.472 Y130.604 E1680.15873
G1 X140.689 Y130.417 E1680.16869
G1 X140.915 Y130.34 E1680.17699
G1 X151 Y130.34 E1680.52751
G1 X151.311 Y130.417 E1680.53864
G1 X151.528 Y130.604 E1680.5486
G1 X151.66 Y130.867 E1680.55883
G1 X151.657 Y136.568 E1680.75698
G0 F15000 X152.095 Y136.612
G1 F10500 X152.008 Y136.943 E1680.76887
G1 X151.73 Y137.324 E1680.78526
G1 X151.461 Y137.5 E1680.79644
G1 X151.06 Y137.599 E1680.81079
G1 X140.935 Y137.599 E1681.16271
G1 X140.544 Y137.502 E1681.17671
G1 X140.27 Y137.324 E1681.18807
G1 X140.092 Y137.123 E1681.1974
G1 X139.942 Y136.805 E1681.20962
G1 X139.905 Y136.607 E1681.21662
G1 X139.9 Y131 E1681.4115
G1 X139.944 Y130.691 E1681.42235
G1 X140.12 Y130.34 E1681.436
G1 X140.482 Y130.029 E1681.45258
G1 F8667.9 X140.811 Y129.81 E1681.46922
G1 F7380.2 X142.085 Y129.81 E1681.53222
G1 F7392 X143.359 Y129.81 E1681.59512
G1 F7403.8 X144.633 Y129.81 E1681.65792
G1 F7415.7 X145.907 Y129.81 E1681.72061
G1 X147.181 Y129.81 E1681.78331
G1 F7427.7 X148.455 Y129.81 E1681.84591
G1 F7439.6 X149.729 Y129.81 E1681.9084
G1 F7451.6 X151.003 Y129.81 E1681.9708
G1 F8717 X151.518 Y130.029 E1681.99423
G1 F10500 X151.88 Y130.34 E1682.01081
G1 X152.056 Y130.691 E1682.02446
G1 X152.1 Y131 E1682.03531
G1 X152.095 Y136.612 E1682.23037
G1 F2400 E1681.73037
G1 F600 Z3.3
G0 F15000 X134.16 Y135.5 Z3.3
G1 F600 Z2.9
G1 F2400 E1682.23037
G1 F10500 X134.107 Y135.97 E1682.24681
G1 X133.911 Y136.506 E1682.26664
G1 X133.612 Y136.937 E1682.28487
G1 X133.249 Y137.26 E1682.30176
G1 X132.774 Y137.515 E1682.3205
G1 X132.267 Y137.643 E1682.33867
G1 X131.816 Y137.648 E1682.35435
G1 X131.303 Y137.541 E1682.37256
G1 X130.838 Y137.315 E1682.39053
G1 X130.375 Y136.934 E1682.41137
G1 X130.056 Y136.435 E1682.43196
G1 X129.889 Y135.97 E1682.44913
G1 X129.843 Y135.574 E1682.46299
G1 X129.89 Y134.981 E1682.48366
G1 X130.128 Y134.425 E1682.50468
G1 X130.439 Y134.009 E1682.52274
G1 X130.838 Y133.681 E1682.54069
G1 X131.282 Y133.461 E1682.55791
G1 X131.702 Y133.357 E1682.57295
G1 X132.341 Y133.367 E1682.59516
G1 X132.839 Y133.511 E1682.61318
G1 X133.159 Y133.679 E1682.62574
G1 X133.561 Y134.009 E1682.64382
G1 X133.92 Y134.489 E1682.66465
G1 X134.112 Y135.059 E1682.68556
G1 X134.16 Y135.5 E1682.70098
G0 F15000 X134.6 Y135.5
G1 F10500 X134.533 Y136.108 E1682.72224
G1 X134.3 Y136.713 E1682.74477
G1 X133.937 Y137.233 E1682.76681
G1 X133.473 Y137.649 E1682.78847
G1 X132.935 Y137.924 E1682.80947
G1 X132.324 Y138.079 E1682.83138
G1 X131.663 Y138.091 E1682.85436
G1 X130.947 Y137.872 E1682.88038
G1 X130.42 Y137.557 E1682.90172
G1 X129.97 Y137.117 E1682.9236
G1 X129.646 Y136.595 E1682.94495
G1 F9788.1 X129.485 Y136.265 E1682.95864
G1 F7993.1 X129.352 Y136.064 E1682.96965
G1 F7241.4 X129.315 Y135.634 E1682.9914
G1 F7403.8 X129.315 Y135.368 E1683.00451
G1 F7287.1 X129.345 Y135.007 E1683.02265
G1 F8400 X129.506 Y134.739 E1683.03623
G1 F10312.5 X129.646 Y134.401 E1683.04918
G1 F10500 X129.97 Y133.879 E1683.07053
G1 X130.148 Y133.679 E1683.07984
G1 X130.631 Y133.292 E1683.10135
G1 X131.161 Y133.038 E1683.12178
G1 X131.626 Y132.924 E1683.13842
G1 X132.18 Y132.908 E1683.15768
G1 X132.799 Y133.028 E1683.1796
G1 X133.364 Y133.29 E1683.20124
G1 X133.852 Y133.679 E1683.22293
G1 X134.234 Y134.175 E1683.24469
G1 X134.486 Y134.752 E1683.26658
G1 X134.6 Y135.5 E1683.29288
G1 F2400 E1682.79288
G1 F600 Z3.3
G0 F15000 X132.267 Y166.353 Z3.3
G1 F600 Z2.9
G1 F2400 E1683.29288
G1 F10500 X132.769 Y166.479 E1683.31087
G1 X133.25 Y166.737 E1683.32984
G1 X133.613 Y167.06 E1683.34673
G1 X133.911 Y167.49 E1683.36491
G1 X134.087 Y167.944 E1683.38183
G1 X134.16 Y168.5 E1683.40132
G1 X134.107 Y168.97 E1683.41776
G1 X133.946 Y169.429 E1683.43467
G1 X133.625 Y169.934 E1683.45547
G1 X133.159 Y170.317 E1683.47643
G1 X132.693 Y170.541 E1683.4944
G1 X132.294 Y170.639 E1683.50868
G1 X131.816 Y170.648 E1683.5253
G1 X131.282 Y170.535 E1683.54427
G1 X130.838 Y170.315 E1683.56149
G1 X130.375 Y169.934 E1683.58233
G1 X130.056 Y169.435 E1683.60292
G1 X129.889 Y168.97 E1683.62009
G1 X129.843 Y168.574 E1683.63395
G1 X129.89 Y167.981 E1683.65462
G1 X130.128 Y167.425 E1683.67564
G1 X130.439 Y167.009 E1683.6937
G1 X130.838 Y166.681 E1683.71165
G1 X131.303 Y166.455 E1683.72962
G1 X131.816 Y166.348 E1683.74783
G1 X132.267 Y166.353 E1683.76351
G0 F15000 X132.324 Y165.917
G1 F10500 X132.926 Y166.068 E1683.78508
G1 X133.472 Y166.347 E1683.80639
G1 X133.939 Y166.764 E1683.82815
G1 X134.3 Y167.284 E1683.85015
G1 X134.507 Y167.814 E1683.86993
G1 X134.6 Y168.5 E1683.89399
G1 X134.54 Y169.046 E1683.91308
G1 X134.358 Y169.584 E1683.93282
G1 X134.03 Y170.117 E1683.95458
G1 X133.58 Y170.557 E1683.97645
G1 X133.364 Y170.706 E1683.98557
G1 X132.799 Y170.968 E1684.00722
G1 X132.37 Y171.072 E1684.02256
G1 X131.816 Y171.088 E1684.04182
G1 X131.161 Y170.958 E1684.06503
G1 X130.631 Y170.704 E1684.08546
G1 X130.148 Y170.317 E1684.10697
G1 X129.97 Y170.117 E1684.11628
G1 X129.646 Y169.595 E1684.13763
G1 F9788.1 X129.485 Y169.265 E1684.15132
G1 F7993.1 X129.352 Y169.064 E1684.16233
G1 F7241.4 X129.315 Y168.634 E1684.18408
G1 F7403.8 X129.315 Y168.368 E1684.19719
G1 F7287.1 X129.345 Y168.007 E1684.21533
G1 F8400 X129.506 Y167.739 E1684.22891
G1 F10312.5 X129.646 Y167.401 E1684.24186
G1 F10500 X129.97 Y166.879 E1684.26321
G1 X130.148 Y166.679 E1684.27252
G1 X130.631 Y166.292 E1684.29403
G1 X131.197 Y166.028 E1684.31574
G1 X131.816 Y165.908 E1684.33765
G1 X132.324 Y165.917 E1684.35531
G0 F15000 X132.258 Y165.44
;TYPE:FILL
G1 X131.816 Y165 E1684.37699
G1 F2400 E1683.87699
G1 F600 Z3.3
G0 F15000 X130.706 Y165 Z3.3
G1 F600 Z2.9
G1 F2400 E1684.37699
G1 F15000 X129.36 Y166.343 E1684.44308
G1 X129.283 Y166.42
G1 F2400 E1683.94308
G1 F600 Z3.3
G0 F15000 X129.36 Y162.545 Z3.3
G1 F600 Z2.9
G1 F2400 E1684.44308
G1 F15000 X128.931 Y162.114 E1684.46421
G1 X128.931 Y158.477 E1684.59062
G1 X129.36 Y158.047 E1684.61173
G0 X129.36 Y158.39
G1 X128.931 Y157.966 E1684.6327
G1 X128.931 Y154.329 E1684.75911
G1 X129.553 Y153.707 E1684.78968
G0 X129.36 Y154.249
G1 X128.931 Y153.818 E1684.81082
G1 X128.931 Y150.181 E1684.93723
G1 X129.36 Y149.751 E1684.95834
G0 X129.558 Y150.299
G1 X144.263 Y165 E1685.68105
G0 X143.88 Y164.62
G1 X143.88 Y165.682 E1685.71796
G1 X143.88 Y165.792
G1 F2400 E1685.21796
G1 F600 Z3.3
G0 F15000 X143.145 Y165 Z3.3
G1 F600 Z2.9
G1 F2400 E1685.71796
G1 F15000 X142.575 Y165.572 E1685.74603
G1 X140.915 Y165.572 E1685.80372
G1 X140.716 Y165.603 E1685.81072
G1 X140.115 Y165 E1685.84031
G1 X143.145 Y165 E1685.94563
G1 X166.589 Y141.561 E1687.09786
G1 X170.465 Y141.828 E1687.2329
G1 X166.346 Y145.949 E1687.43541
G0 X166.653 Y145.913
G1 X166.776 Y146.04 E1687.44155
G1 F2400 E1686.94155
G1 F600 Z3.3
G0 F15000 X165.542 Y148.948 Z3.3
G1 F600 Z2.9
G1 F2400 E1687.44155
G1 F15000 X165.88 Y149.29 E1687.45827
G1 X165.88 Y150.562 E1687.50248
G1 X166.571 Y149.872 E1687.53642
G1 X166.571 Y147.419 E1687.62168
G1 X166.654 Y147.013 E1687.63608
G1 X166.842 Y146.658 E1687.65004
G1 X167.119 Y146.38 E1687.66368
G1 X166.776 Y146.04 E1687.68047
G1 X165.902 Y149.307 E1687.79801
G1 X165.88 Y149.29 E1687.79898
G1 X165.902 Y149.307
G1 X166.572 Y149.98 E1687.83198
G1 X166.572 Y154.019 E1687.97237
G1 X165.88 Y154.712 E1688.00641
G1 X165.803 Y154.789
G1 F2400 E1687.50641
G1 F600 Z3.3
G0 F15000 X165.88 Y153.436 Z3.3
G1 F600 Z2.9
G1 F2400 E1688.00641
G1 F15000 X151.461 Y139.016 E1688.71518
G1 X153.129 Y136.539 E1688.81897
G1 X165.542 Y148.948 E1689.42902
G1 X166.346 Y145.949 E1689.53693
G1 X147.293 Y165 E1690.47341
G1 X147.296 Y165
G1 X144.263 Y165 E1690.57882
G1 X144.832 Y165.571 E1690.60684
G1 X146.723 Y165.572 E1690.67257
G1 X147.296 Y165 E1690.70071
G1 X148.408 Y165 E1690.73936
G1 X148.98 Y165.571 E1690.76745
G1 X150.871 Y165.572 E1690.83317
G1 X151.406 Y165.037 E1690.85947
G1 X151.528 Y165.676 E1690.88208
G1 X151.66 Y165.729 E1690.88702
G1 X152.075 Y166.054 E1690.90535
G1 X152.272 Y166.344 E1690.91753
G1 X152.375 Y166.6 E1690.92712
G1 X152.427 Y166.896 E1690.93757
G1 X152.427 Y168.163 E1690.9816
G1 X152.821 Y167.768 E1691.001
G0 X153.12 Y167.472
G1 X165.88 Y154.712 E1691.6282
G1 X165.88 Y157.584 E1691.72802
G1 X167.576 Y159.28 E1691.81138
G1 X169.606 Y159.28 E1691.88194
G1 X171.722 Y159.28 E1691.95548
G1 X171.374 Y158.93 E1691.97264
G1 X169.957 Y158.93 E1692.02189
G1 X169.609 Y159.28 E1692.03904
G1 X169.606 Y159.28
G1 X162.246 Y166.64 E1692.40081
G1 X162.169 Y166.717
G1 F2400 E1691.90081
G1 F600 Z3.3
G0 F15000 X163.338 Y167.486 Z3.3
G1 F600 Z2.9
G1 F2400 E1692.40081
G1 F15000 X134.338 Y138.486 E1693.82627
G1 X131.704 Y139.115 E1693.92039
G1 X132.423 Y138.393 E1693.95581
G1 X133 Y138.259 E1693.9764
G1 X133.736 Y137.884 E1694.00511
G1 X134.315 Y138.46 E1694.03349
G1 X134.338 Y138.486
G1 X134.315 Y138.46 E1694.0347
G1 X135.623 Y135.626 E1694.14318
G1 X165.48 Y165.481 E1695.61071
G0 X165.675 Y165.672
G1 X165.48 Y165.481 E1695.6202
G1 X165.606 Y167.428 E1695.68801
G1 X165.397 Y167.64 E1695.69836
G0 X165.606 Y167.428
G1 X166.106 Y166.929 E1695.72291
G1 X166.249 Y167.543 E1695.74483
G1 X166.304 Y167.64 E1695.7487
G1 X165.397 Y167.64 E1695.78023
G1 X163.345 Y169.689 E1695.88101
G1 X163.338 Y167.486 E1695.95758
G1 X170.091 Y174.24 E1696.28954
G1 X170.094 Y174.24
G1 X167.092 Y174.24 E1696.39388
G1 X166.761 Y174.57 E1696.41013
G1 X166.274 Y174.57 E1696.42706
G1 X165.944 Y174.24 E1696.44328
G1 X165.946 Y174.24
G1 X162.864 Y171.16 E1696.59472
G1 X162.787 Y171.083
G1 F2400 E1696.09472
G1 F600 Z3.3
G0 F15000 X161.876 Y171.16 Z3.3
G1 F600 Z2.9
G1 F2400 E1696.59472
G1 F15000 X163.345 Y169.689 E1696.66697
G1 X163.422 Y169.612
G1 F2400 E1696.16697
G1 F600 Z3.3
G0 F15000 X160.993 Y172.04 Z3.3
G1 F600 Z2.9
G1 F2400 E1696.66697
G1 F15000 X158.796 Y174.24 E1696.77504
G1 X158.793 Y174.24
G1 X158.465 Y174.57 E1696.79121
G1 X157.978 Y174.57 E1696.80814
G1 X157.647 Y174.24 E1696.82438
G1 X157.65 Y174.24
G1 X154.649 Y174.24 E1696.92869
G1 X157.08 Y171.806 E1697.04825
G1 X157.157 Y171.729
G0 X157.729 Y171.16
G1 X157.08 Y171.806 E1697.08008
G1 X157.08 Y169.524 E1697.1594
G1 X157.444 Y169.887 E1697.17726
G1 X157.341 Y169.72 E1697.18408
G1 X157.131 Y169.105 E1697.20667
G1 X157.07 Y168.505 E1697.22763
G1 X157.136 Y167.808 E1697.25196
G1 X157.273 Y167.466 E1697.26477
G1 X156.305 Y168.432 E1697.3123
G1 X156.228 Y168.509
G1 F2400 E1696.8123
G1 F600 Z3.3
G0 F15000 X157.08 Y169.524 Z3.3
G1 F600 Z2.9
G1 F2400 E1697.3123
G1 F15000 X152.234 Y164.678 E1697.5505
G0 X151.441 Y165
G1 X151.406 Y165.037 E1697.55227
G0 X151.083 Y165.571
G1 X151.404 Y165.627 E1697.5636
G1 X151.528 Y165.676 E1697.56823
G1 F2400 E1697.06823
G1 F600 Z3.3
G0 F15000 X148.41 Y165 Z3.3
G1 F600 Z3.3
G0 F15000 X153.12 Y169.71
G1 F600 Z2.9
G1 F2400 E1697.56823
G1 F15000 X153.12 Y171.618 E1697.63455
G1 X156.305 Y168.432 E1697.79112
G1 X157.399 Y165.697 E1697.89351
G1 X157.415 Y165.71 E1697.89422
G1 X157.399 Y165.697
G1 X129.36 Y137.657 E1699.27247
G1 X129.36 Y141.455 E1699.40447
G1 X128.931 Y141.885 E1699.42558
G1 X128.931 Y145.523 E1699.55203
G1 X129.36 Y145.953 E1699.57314
G1 X129.36 Y149.751 E1699.70515
G1 X140.514 Y138.6 E1700.25333
G1 X142.749 Y138.6 E1700.33101
G1 X144.659 Y138.6 E1700.3974
G1 X146.894 Y138.6 E1700.47508
G1 X146.225 Y137.929 E1700.50801
G1 X145.332 Y137.928 E1700.53905
G1 X144.663 Y138.6 E1700.57201
G1 X144.659 Y138.6
G1 X129.553 Y153.707 E1701.31455
G1 X129.558 Y150.299 E1701.433
G1 X128.931 Y149.67 E1701.46387
G1 X128.931 Y146.033 E1701.59028
G1 X129.36 Y145.611 E1701.61119
G1 X129.36 Y141.805 E1701.74348
G1 X128.931 Y141.375 E1701.76459
G1 X128.931 Y137.737 E1701.89104
G1 X129.554 Y137.114 E1701.92166
G1 X129.163 Y136.424 E1701.94922
G1 X129.06 Y136.313 E1701.95449
G1 X128.989 Y136.459 E1701.96013
G1 X128.931 Y136.8 E1701.97215
G1 X128.931 Y137.227 E1701.98699
G1 X129.36 Y137.657 E1702.0081
G1 X129.437 Y137.734
G1 F2400 E1701.5081
G1 F600 Z3.3
G0 F15000 X131.12 Y138.152 Z3.3
G1 F600 Z2.9
G1 F2400 E1702.0081
G1 F15000 X131.12 Y139.413 E1702.05193
G0 X131.704 Y139.115
G1 X129.36 Y141.455 E1702.16705
G0 X129.36 Y141.805
G1 X152.234 Y164.678 E1703.29137
G1 X152.821 Y167.768 E1703.40068
G1 X153.12 Y167.472 E1703.41531
G1 X153.12 Y169.71 E1703.49309
G1 X154.227 Y170.822 E1703.54763
G1 X154.134 Y174.571 E1703.67797
G1 X153.83 Y174.57 E1703.68854
G1 X153.499 Y174.24 E1703.70479
G1 X150.501 Y174.24 E1703.80899
G1 X150.809 Y173.93 E1703.82417
G1 X151.191 Y173.93 E1703.83745
G1 X151.563 Y173.8 E1703.85115
G1 X153.059 Y173.8 E1703.90314
G1 X152.839 Y173.577 E1703.91403
G1 X152.881 Y171.858 E1703.9738
G1 X153.12 Y171.618 E1703.98557
G0 X152.881 Y171.858
G1 X152.43 Y172.309 E1704.00774
G1 X152.427 Y169.019 E1704.12209
G1 X153.12 Y169.714 E1704.1562
G1 X153.197 Y169.791
G1 F2400 E1703.6562
G1 F600 Z3.3
G0 F15000 X154.227 Y170.822 Z3.3
G1 F600 Z2.9
G1 F2400 E1704.1562
G1 F15000 X157.65 Y174.24 E1704.32433
G1 X158.793 Y174.24 E1704.36406
G1 X161.795 Y174.24 E1704.4684
G1 X159.597 Y172.04 E1704.57649
G1 X160.993 Y172.04 E1704.62501
G1 X161.876 Y171.16 E1704.66834
G1 X162.864 Y171.16 E1704.70268
G1 X162.157 Y170.452 E1704.73745
G1 X162.297 Y170.312 E1704.74433
G1 X162.626 Y169.801 E1704.76546
G1 X162.841 Y169.216 E1704.78712
G1 X162.943 Y168.517 E1704.81167
G1 X162.827 Y167.727 E1704.83942
G1 X162.556 Y167.067 E1704.86422
G1 X162.14 Y166.496 E1704.88878
G1 X161.6 Y166.043 E1704.91327
G1 X161.012 Y165.748 E1704.93614
G1 X160.342 Y165.576 E1704.96018
G1 X160.16 Y165.691
G1 X160.16 Y164.58 E1704.9988
G0 X159.806 Y164.93
G1 X158.994 Y165.745 E1705.03878
G1 X158.921 Y165.763 E1705.0414
G1 X158.283 Y166.123 E1705.06686
G1 X158.043 Y166.338 E1705.07806
G1 X157.415 Y165.71 E1705.10893
G1 X159.806 Y164.93 E1705.19634
G1 X166.685 Y158.054 E1705.53439
G1 X166.573 Y157.605 E1705.55048
G1 X166.572 Y154.129 E1705.67129
G1 X165.88 Y153.436 E1705.70533
G1 X165.88 Y150.564 E1705.80515
G1 X151.441 Y165 E1706.51481
G1 X148.41 Y165 E1706.62016
G1 X129.36 Y145.953 E1707.55646
G0 X129.36 Y145.611
G1 X139.04 Y136.094 E1708.02828
G1 X139.579 Y135.564 E1708.05455
G1 X139.575 Y135.427 E1708.05931
G1 X139.04 Y134.894 E1708.08556
G1 X139.04 Y136.094 E1708.12727
G1 X139.04 Y134.781
G1 F2400 E1707.62727
G1 F600 Z3.3
G0 F15000 X139.726 Y136.84 Z3.3
G1 F600 Z2.9
G1 F2400 E1708.12727
G1 F15000 X138.283 Y136.84 E1708.17742
G1 X138.173 Y136.84
G1 F2400 E1707.67742
G1 F600 Z3.3
G0 F15000 X140.514 Y138.6 Z3.3
G1 F600 Z2.9
G1 F2400 E1708.17742
G1 F15000 X141.184 Y137.928 E1708.21041
G1 X142.076 Y137.928 E1708.24141
G1 X142.746 Y138.6 E1708.27439
G1 X167.271 Y163.126 E1709.47991
G1 X165.675 Y165.672 E1709.58435
G1 X166.097 Y166.097 E1709.60516
G1 X166.258 Y165.427 E1709.62911
G1 X166.606 Y164.807 E1709.65383
G1 X167.077 Y164.275 E1709.67852
G1 X167.627 Y163.909 E1709.70148
G1 X167.934 Y163.786 E1709.71298
G1 X167.482 Y163.334 E1709.7352
G0 X167.271 Y163.126
G1 X167.482 Y163.334 E1709.74549
G1 X169.738 Y163.294 E1709.82392
G1 X169.424 Y163.61 E1709.8394
G1 X168.995 Y163.57 E1709.85438
G0 X169.738 Y163.294
G1 X173.752 Y159.28 E1710.05168
G0 X174.24 Y158.795
G1 X174.68 Y158.355 E1710.07331
G1 X174.68 Y162.235 E1710.20816
G1 X175.07 Y162.627 E1710.22738
G1 X175.07 Y166.26 E1710.35365
G1 X174.68 Y166.651 E1710.37285
G1 X174.68 Y170.531 E1710.5077
G1 X172.31 Y168.162 E1710.62417
G1 X172.268 Y168.12
G1 X171.956 Y167.809 E1710.63949
G1 X169.877 Y169.876 E1710.74138
G1 X170.188 Y170.187 E1710.75667
G0 X169.877 Y169.876
G1 X169.839 Y169.84 E1710.75849
G1 X167.343 Y169.84 E1710.84524
G1 X167.963 Y169.219 E1710.87574
G1 X167.787 Y169.165 E1710.88214
G1 X167.11 Y168.742 E1710.90989
G1 X166.63 Y168.225 E1710.93441
G1 X166.304 Y167.64 E1710.95768
G1 X166.251 Y167.544
G1 F2400 E1710.45768
G1 F600 Z3.3
G0 F15000 X167.343 Y169.84 Z3.3
G1 F600 Z2.9
G1 F2400 E1710.95768
G1 F15000 X162.944 Y174.24 E1711.17393
G1 X165.946 Y174.24 E1711.27827
G1 X167.089 Y174.24 E1711.318
G1 X174.68 Y166.651 E1711.69108
G0 X174.68 Y166.384
G1 X167.576 Y159.28 E1712.04026
G1 X167.499 Y159.203
G1 F2400 E1711.54026
G1 F600 Z3.3
G0 F15000 X165.88 Y157.584 Z3.3
G1 F600 Z2.9
G1 F2400 E1712.04026
G1 F15000 X146.897 Y138.6 E1712.97337
G1 X146.894 Y138.6
G1 X148.807 Y138.6 E1713.03986
G1 X151.042 Y138.6 E1713.11754
G1 X150.373 Y137.929 E1713.15047
G1 X149.48 Y137.928 E1713.18151
G1 X148.81 Y138.6 E1713.21449
G1 X148.807 Y138.6
G1 X129.36 Y158.047 E1714.17038
G1 X129.36 Y154.249 E1714.30239
G1 X139.761 Y164.649 E1714.81361
G0 X140.109 Y164.998
G1 X139.761 Y164.649 E1714.83074
G1 X138.76 Y167.64 E1714.94037
G1 X129.36 Y158.39 E1715.39874
G1 X129.36 Y162.195 E1715.53099
G1 X157.428 Y134.128 E1716.91061
G1 X157.205 Y134.624 E1716.92951
G1 X157.119 Y134.973 E1716.942
G1 X157.07 Y135.505 E1716.96057
G1 X157.072 Y135.52 E1716.9611
G1 X156.261 Y135.52 E1716.98929
G1 X157.279 Y136.539 E1717.03935
G1 X157.138 Y136.183 E1717.05266
G1 X157.072 Y135.52 E1717.07582
G0 X156.261 Y135.52
G1 X156.139 Y135.397 E1717.08184
G1 X157.651 Y132.766 E1717.18731
G1 X157.523 Y132.634 E1717.1937
G1 X157.651 Y132.766
G1 X158.147 Y133.259 E1717.218
G1 X158.468 Y133.004 E1717.23225
G1 X158.622 Y132.934 E1717.23813
G1 X159.796 Y131.758 E1717.29589
G1 X157.523 Y132.634 E1717.38055
G1 X154.925 Y130.039 E1717.50818
G1 X152.808 Y132.068 E1717.6101
G1 X152.498 Y131.756 E1717.62539
G1 X154.614 Y129.728 E1717.72726
G1 X154.318 Y129.43 E1717.74185
G1 X153.83 Y129.43 E1717.75882
G1 X152.411 Y130.849 E1717.82857
G1 X152.43 Y130.992 E1717.83358
G1 X152.43 Y131.691 E1717.85787
G1 X152.498 Y131.756 E1717.86114
G0 X152.808 Y132.068
G1 X152.908 Y132.169 E1717.86608
G1 X152.904 Y134.503 E1717.94721
G1 X153.12 Y134.29 E1717.95775
G1 X153.12 Y136.527 E1718.0355
G1 X152.812 Y136.222 E1718.05057
G1 X151.144 Y138.699 E1718.15436
G1 X151.461 Y139.016 E1718.16994
G0 X151.144 Y138.699
G1 X151.042 Y138.6 E1718.17488
G1 F2400 E1717.67488
G1 F600 Z3.3
G0 F15000 X153.129 Y136.539 Z3.3
G1 F600 Z2.9
G1 F2400 E1718.17488
G1 F15000 X153.12 Y136.527 E1718.1754
G0 X152.812 Y136.222
G1 X152.43 Y135.839 E1718.1942
G1 X152.431 Y134.977 E1718.22416
G1 X152.904 Y134.503 E1718.24744
G0 X153.12 Y134.29
G1 X156.89 Y130.52 E1718.43275
G1 X158.813 Y129.779 E1718.50438
G1 X158.465 Y129.43 E1718.52151
G1 X157.978 Y129.43 E1718.53843
G1 X157.607 Y129.8 E1718.55664
G1 X157.53 Y129.877
G1 F2400 E1718.05664
G1 F600 Z3.3
G0 F15000 X156.89 Y130.52 Z3.3
G1 F600 Z2.9
G1 F2400 E1718.55664
G1 F15000 X157.607 Y129.8 E1718.59196
G1 X154.689 Y129.8 E1718.69338
G1 X154.614 Y129.728 E1718.697
G1 X154.689 Y129.8
G1 X154.925 Y130.039 E1718.70867
G1 F2400 E1718.20867
G1 F600 Z3.3
G0 F15000 X153.612 Y129.482 Z3.3
G1 F600 Z2.9
G1 F2400 E1718.70867
G1 F15000 X152.363 Y130.819 E1718.77226
G1 X152.288 Y130.899
G1 F2400 E1718.27226
G1 F600 Z3.3
G0 F15000 X152.908 Y132.169 Z3.3
G1 F600 Z2.9
G1 F2400 E1718.77226
G1 F15000 X156.139 Y135.397 E1718.931
G1 X156.216 Y135.474
G1 F2400 E1718.431
G1 F600 Z3.3
G0 F15000 X157.52 Y136.838 Z3.3
G1 F600 Z2.9
G1 F2400 E1718.931
G1 F15000 X157.52 Y138.184 E1718.97779
G1 X157.52 Y138.294
G1 F2400 E1718.47779
G1 F600 Z3.3
G0 F15000 X159.781 Y139.04 Z3.3
G1 F600 Z2.9
G1 F2400 E1718.97779
G1 F15000 X158.994 Y138.254 E1719.01645
G1 X158.925 Y138.236 E1719.01892
G1 X158.286 Y137.875 E1719.04443
G1 X158.045 Y137.659 E1719.05568
G1 X130.706 Y165 E1720.39954
G1 X131.816 Y165 E1720.43812
G1 X129.36 Y162.545 E1720.55882
G1 X129.36 Y166.343 E1720.69082
G1 X128.931 Y166.773 E1720.71193
G1 X128.931 Y167.515 E1720.73772
G1 X129.051 Y167.77 E1720.74752
G1 X129.203 Y167.592 E1720.75566
G1 X129.49 Y166.993 E1720.77874
G1 X129.565 Y166.896 E1720.783
G1 X128.931 Y166.262 E1720.81417
G1 X128.931 Y162.625 E1720.94058
G1 X129.36 Y162.195 E1720.96169
G1 X129.437 Y162.118
G1 F2400 E1720.46169
G1 F600 Z3.3
G0 F15000 X134.41 Y165.44 Z3.3
G1 F600 Z2.9
G1 F2400 E1720.96169
G1 F15000 X133.739 Y166.113 E1720.99472
G1 X132.997 Y165.736 E1721.02365
G1 X132.418 Y165.602 E1721.0443
G1 X132.258 Y165.44 E1721.05222
G1 X134.41 Y165.44 E1721.12701
G1 X160.81 Y139.04 E1722.42467
G1 X159.781 Y139.04 E1722.46043
G1 X166.653 Y145.913 E1722.79824
G1 X170.458 Y145.573 E1722.93102
G1 X170.51 Y145.623 E1722.93353
G1 X170.51 Y146.073 E1722.94917
G1 X170.82 Y146.072 E1722.95994
G1 X170.82 Y145.64 E1722.97496
G0 X170.458 Y145.573
G1 X163.045 Y138.16 E1723.33933
G0 X162.8 Y137.911
G1 X162.254 Y137.367 E1723.36612
G1 X162.61 Y136.846 E1723.38805
G1 X162.858 Y136.178 E1723.41282
G1 X162.883 Y135.96 E1723.42044
G1 X163.891 Y135.96 E1723.45548
G1 X162.8 Y137.053 E1723.50916
G1 X162.8 Y137.911 E1723.53898
G1 X163.045 Y138.16 E1723.55112
G1 X161.693 Y138.16 E1723.59811
G1 X162.8 Y137.053 E1723.65252
G1 X162.877 Y136.976
G1 F2400 E1723.15252
G1 F600 Z3.3
G0 F15000 X162.883 Y135.96 Z3.3
G1 F600 Z2.9
G1 F2400 E1723.65252
G1 F15000 X162.93 Y135.541 E1723.66718
G1 X162.928 Y135.52 E1723.66791
G1 X164.331 Y135.52 E1723.71667
G1 X163.891 Y135.96 E1723.7383
G0 X164.331 Y135.52
G1 X170.05 Y129.8 E1724.01944
G1 X167.132 Y129.8 E1724.12086
G1 X174.68 Y137.348 E1724.49187
G0 X174.68 Y137.616
G1 X175.07 Y137.225 E1724.51106
G1 X175.07 Y133.591 E1724.63737
G1 X174.68 Y133.2 E1724.65656
G0 X174.68 Y133.468
G1 X172.21 Y135.936 E1724.77792
G0 X171.863 Y136.285
G1 X171.513 Y136.634 E1724.7951
G1 X172.327 Y139.142 E1724.88675
G1 X171.905 Y138.722 E1724.90744
G1 X171.919 Y138.306 E1724.92191
G1 X171.787 Y137.611 E1724.9465
G1 X171.492 Y136.968 E1724.97109
G1 X171.354 Y136.793 E1724.97883
G1 X171.513 Y136.634 E1724.98665
G1 X171.59 Y136.557
G1 F2400 E1724.48665
G1 F600 Z3.3
G0 F15000 X172.327 Y139.142 Z3.3
G1 F600 Z2.9
G1 F2400 E1724.98665
G1 F15000 X174.68 Y141.495 E1725.10231
G0 X174.68 Y141.764
G1 X170.82 Y145.623 E1725.29201
G1 X170.82 Y145.64 E1725.2926
G1 X174.743 Y145.71 E1725.42898
G1 X174.68 Y145.644 E1725.43215
G1 X174.68 Y141.764 E1725.56701
G1 X175.07 Y141.373 E1725.5862
G1 X175.07 Y137.739 E1725.71251
G1 X174.68 Y137.348 E1725.7317
G1 X174.68 Y133.468 E1725.86656
G1 X175.07 Y133.077 E1725.88575
G1 X175.07 Y129.443 E1726.01206
G1 X174.68 Y129.433 E1726.02562
G0 X174.198 Y129.8
G1 X174.57 Y129.43 E1726.04385
G1 X174.68 Y129.433 E1726.04768
G1 X174.68 Y133.2 E1726.17861
G1 X171.28 Y129.8 E1726.34573
G1 X174.198 Y129.8 E1726.44715
G1 X169.043 Y134.96 E1726.70066
G1 X168.966 Y135.037
G1 F2400 E1726.20066
G1 F600 Z3.3
G0 F15000 X167.977 Y134.794 Z3.3
G1 F600 Z2.9
G1 F2400 E1726.70066
G1 F15000 X168.436 Y135.253 E1726.72322
G1 X168.436 Y135.625 E1726.73615
G1 X168.746 Y135.594 E1726.74698
G1 X168.746 Y135.253 E1726.75883
G1 X169.043 Y134.96 E1726.77333
G1 X172.21 Y135.936 E1726.88852
G1 X171.863 Y136.285 E1726.90562
G1 X172.878 Y139.416 E1727.02002
G1 X174.68 Y137.616 E1727.10855
G1 X174.68 Y141.495 E1727.24337
G1 X175.07 Y141.887 E1727.26259
G1 X175.07 Y145.521 E1727.38889
G1 X174.277 Y146.314 E1727.42787
G1 X174.361 Y146.355 E1727.43112
G1 X174.756 Y146.815 E1727.45219
G1 X174.96 Y147.194 E1727.46715
G1 X175.07 Y146.737 E1727.48349
G1 X175.07 Y146.035 E1727.50789
G1 X174.743 Y145.71 E1727.52392
G1 X174.68 Y145.644
G1 X170.202 Y141.167 E1727.744
G1 X169.607 Y141.365 E1727.7658
G1 X169 Y141.431 E1727.78702
G1 X168.321 Y141.359 E1727.81075
G1 X167.629 Y141.093 E1727.83652
G1 X167.284 Y140.863 E1727.85093
G1 X166.589 Y141.561 E1727.88516
G1 X166.512 Y141.638
G1 F2400 E1727.38516
G1 F600 Z3.3
G0 F15000 X166.584 Y139.92 Z3.3
G1 F600 Z2.9
G1 F2400 E1727.88516
G1 F15000 X164.808 Y139.92 E1727.94689
G1 X164.698 Y139.92
G1 F2400 E1727.44689
G1 F600 Z3.3
G0 F15000 X164.96 Y139.04 Z3.3
G1 F600 Z2.9
G1 F2400 E1727.94689
G1 F15000 X166.243 Y139.04 E1727.99149
G1 X166.353 Y139.04
G1 F2400 E1727.49149
G1 F600 Z3.3
G0 F15000 X165.88 Y138.117 Z3.3
G1 F600 Z2.9
G1 F2400 E1727.99149
G1 F15000 X134.862 Y169.137 E1729.51618
G1 X134.931 Y168.499 E1729.53848
G1 X134.887 Y168.07 E1729.55347
G1 X135.477 Y168.663 E1729.58255
G1 X133.803 Y171.13 E1729.68617
G1 X134.119 Y171.448 E1729.70175
G1 X135.794 Y168.979 E1729.80545
G1 X135.477 Y168.663 E1729.82101
G0 X135.794 Y168.979
G1 X139.04 Y172.222 E1729.98049
G0 X139.447 Y172.63
G1 X139.611 Y172.794 E1729.98855
G1 X139.626 Y172.894 E1729.99206
G1 X138.421 Y173.958 E1730.04793
G1 X141.211 Y174.394 E1730.14608
G1 X141.387 Y174.57 E1730.15473
G1 X141.873 Y174.57 E1730.17163
G1 X142.513 Y173.93 E1730.20308
G1 X142.59 Y173.853
G1 F2400 E1729.70308
G1 F600 Z3.3
G0 F15000 X141.211 Y174.394 Z3.3
G1 F600 Z2.9
G1 F2400 E1730.20308
G1 F15000 X140.668 Y173.851 E1730.22977
G1 X140.988 Y173.93 E1730.24123
G1 X144.895 Y173.931 E1730.37703
G1 X145.535 Y174.57 E1730.40846
G1 X146.021 Y174.57 E1730.42535
G1 X146.661 Y173.93 E1730.45681
G1 X149.043 Y173.931 E1730.5396
G1 X149.682 Y174.57 E1730.57101
G1 X150.169 Y174.57 E1730.58794
G1 X150.501 Y174.24 E1730.60421
G1 X150.579 Y174.163
G1 F2400 E1730.10421
G1 F600 Z3.3
G0 F15000 X151.563 Y173.8 Z3.3
G1 F600 Z2.9
G1 F2400 E1730.60421
G1 F15000 X151.676 Y173.762 E1730.60835
G1 X152.145 Y173.361 E1730.6298
G1 X152.304 Y173.043 E1730.64215
G1 X152.839 Y173.577 E1730.66843
G0 X153.059 Y173.8
G1 X153.499 Y174.24 E1730.69005
G0 X154.134 Y174.571
G1 X154.317 Y174.57 E1730.69641
G1 X154.649 Y174.24 E1730.71268
G1 F2400 E1730.21268
G1 F600 Z3.3
G0 F15000 X158.715 Y171.16 Z3.3
G1 F600 Z2.9
G1 F2400 E1730.71268
G1 F15000 X158.609 Y171.053 E1730.71792
G1 X158.142 Y170.745 E1730.73736
G1 X157.729 Y171.16 E1730.75771
G1 X158.715 Y171.16 E1730.79198
G1 X159.597 Y172.04 E1730.83529
G1 X159.674 Y172.117
G1 F2400 E1730.33529
G1 F600 Z3.3
G0 F15000 X161.795 Y174.24 Z3.3
G1 F600 Z2.9
G1 F2400 E1730.83529
G1 F15000 X161.798 Y174.24
G1 X162.126 Y174.57 E1730.85146
G1 X162.613 Y174.57 E1730.86839
G1 X162.941 Y174.24 E1730.88456
G1 X161.798 Y174.24 E1730.92428
G1 X163.054 Y174.24
G1 F2400 E1730.42428
G1 F600 Z3.3
G0 F15000 X170.094 Y174.24 Z3.3
G1 F600 Z2.9
G1 F2400 E1730.92428
G1 F15000 X170.422 Y174.57 E1730.94046
G1 X170.908 Y174.57 E1730.95735
G1 X171.236 Y174.24 E1730.97352
G1 X170.094 Y174.24 E1731.01321
G1 X171.349 Y174.24
G1 F2400 E1730.51321
G1 F600 Z3.3
G0 F15000 X174.239 Y174.24 Z3.3
G1 F600 Z2.9
G1 F2400 E1731.01321
G1 F15000 X170.188 Y170.187 E1731.21238
G1 X172.268 Y168.12 E1731.3143
G1 X172.31 Y168.162 E1731.31637
G1 X172.102 Y165.081 E1731.4237
G1 X174.68 Y162.503 E1731.55041
G0 X174.68 Y162.235
G1 X174.24 Y161.795 E1731.57204
G1 X174.24 Y158.795 E1731.67631
G1 X173.752 Y159.28 E1731.70023
G1 X171.724 Y159.28 E1731.77071
G1 X174.24 Y161.795 E1731.89436
G1 X174.317 Y161.872
G1 F2400 E1731.39436
G1 F600 Z3.3
G0 F15000 X174.68 Y158.355 Z3.3
G1 F600 Z2.9
G1 F2400 E1731.89436
G1 F15000 X174.983 Y158.051 E1731.90928
G1 X174.952 Y157.969 E1731.91232
G1 X174.769 Y158.177 E1731.92195
G1 X175.07 Y158.479 E1731.93677
G1 X175.07 Y162.112 E1732.06304
G1 X174.68 Y162.503 E1732.08224
G1 X174.68 Y166.384 E1732.21713
G1 X175.07 Y166.775 E1732.23632
G1 X175.07 Y170.408 E1732.3626
G1 X174.68 Y170.799 E1732.38179
G1 X174.68 Y174.567 E1732.51275
G1 X174.57 Y174.57 E1732.51658
G1 X174.239 Y174.24 E1732.53282
G1 X171.239 Y174.24 E1732.6371
G1 X174.68 Y170.799 E1732.80623
G0 X174.68 Y170.531
G1 X175.07 Y170.923 E1732.82545
G1 X175.07 Y174.556 E1732.95172
G1 X174.68 Y174.567 E1732.96528
G1 X174.57 Y174.57
G1 F2400 E1732.46528
G1 F600 Z3.3
G0 F15000 X169.839 Y169.84 Z3.3
G1 F600 Z2.9
G1 F2400 E1732.96528
G1 F15000 X169.389 Y169.389 E1732.98743
G1 X169.607 Y169.365 E1732.99505
G1 X170.205 Y169.166 E1733.01696
G1 X170.46 Y169.037 E1733.02689
G1 X171.061 Y168.577 E1733.05319
G1 X171.496 Y168.025 E1733.07762
G1 X171.785 Y167.389 E1733.1019
G1 X171.898 Y166.923 E1733.11857
G1 X171.919 Y166.306 E1733.14002
G1 X171.787 Y165.611 E1733.16461
G1 X171.719 Y165.463 E1733.17027
G1 X172.102 Y165.081 E1733.18907
G1 X172.179 Y165.004
G1 F2400 E1732.68907
G1 F600 Z3.3
G0 F15000 X170.28 Y164.01 Z3.3
G1 F600 Z2.9
G1 F2400 E1733.18907
G1 F15000 X170.28 Y162.755 E1733.23269
G1 X170.28 Y162.645
G1 F2400 E1732.73269
G1 F600 Z3.3
G0 F15000 X171.707 Y167.559 Z3.3
G1 F600 Z2.9
G1 F2400 E1733.23269
G1 F15000 X171.956 Y167.809 E1733.24496
G1 F2400 E1732.74496
G1 F600 Z3.3
G0 F15000 X170.465 Y141.828 Z3.3
G1 F600 Z2.9
G1 F2400 E1733.24496
G1 F15000 X172.878 Y139.416 E1733.36354
G1 X172.955 Y139.339
G1 F2400 E1732.86354
G1 F600 Z3.3
G0 F15000 X165.88 Y136.847 Z3.3
G1 F600 Z2.9
G1 F2400 E1733.36354
G1 F15000 X166.334 Y137.299 E1733.38581
G1 X166.249 Y137.46 E1733.39214
G1 X166.156 Y137.843 E1733.40583
G1 X165.88 Y138.117 E1733.41935
G1 X165.88 Y136.847 E1733.46349
G1 X165.766 Y136.73 E1733.46917
G1 X167.977 Y134.794 E1733.57131
G1 X162.984 Y129.8 E1733.81676
G1 X162.981 Y129.8
G1 X165.902 Y129.8 E1733.91829
G1 X167.129 Y129.8 E1733.96093
G1 X166.761 Y129.43 E1733.97907
G1 X166.274 Y129.43 E1733.996
G1 X165.906 Y129.8 E1734.01414
G1 X165.902 Y129.8
G1 X162.157 Y133.546 E1734.19824
G1 X162.08 Y133.623
G1 F2400 E1733.69824
G1 F600 Z3.3
G0 F15000 X162.794 Y134.64 Z3.3
G1 F600 Z2.9
G1 F2400 E1734.19824
G1 F15000 X162.646 Y134.241 E1734.21303
G1 X162.298 Y133.685 E1734.23583
G1 X161.794 Y133.186 E1734.26048
G1 X161.193 Y132.827 E1734.28481
G1 X161.04 Y132.779 E1734.29039
G1 X161.04 Y132.007 E1734.31722
G1 X163.673 Y134.64 E1734.44664
G1 X163.75 Y134.717
G1 F2400 E1733.94664
G1 F600 Z3.3
G0 F15000 X162.928 Y135.52 Z3.3
G1 F600 Z2.9
G1 F2400 E1734.44664
G1 F15000 X162.861 Y134.818 E1734.47115
G1 X162.794 Y134.64 E1734.47776
G1 X163.673 Y134.64 E1734.50831
G1 X165.766 Y136.73 E1734.61112
G1 X165.843 Y136.807
G1 F2400 E1734.11112
G1 F600 Z3.3
G0 F15000 X161.693 Y138.16 Z3.3
G1 F600 Z2.9
G1 F2400 E1734.61112
G1 F15000 X160.81 Y139.04 E1734.65445
G1 X160.733 Y139.117
G1 F2400 E1734.15445
G1 F600 Z3.3
G0 F15000 X161.04 Y132.779 Z3.3
G1 F600 Z2.9
G1 F2400 E1734.65445
G1 F15000 X160.522 Y132.619 E1734.67329
G1 X160.187 Y132.578 E1734.68502
G1 X160.16 Y132.689
G1 X160.16 Y131.397 E1734.72993
G0 X159.796 Y131.758
G1 X161.754 Y129.8 E1734.82617
G1 X161.758 Y129.8
G1 X162.126 Y129.43 E1734.84431
G1 X162.613 Y129.43 E1734.86123
G1 X162.981 Y129.8 E1734.87937
G1 X161.758 Y129.8 E1734.92188
G1 X158.836 Y129.8 E1735.02344
G1 X158.813 Y129.779 E1735.02452
G1 X158.836 Y129.8
G1 X161.04 Y132.007 E1735.13293
G1 X161.117 Y132.084
G1 F2400 E1734.63293
G1 F600 Z3.3
G0 F15000 X170.05 Y129.8 Z3.3
G1 F600 Z2.9
G1 F2400 E1735.13293
G1 F15000 X170.054 Y129.8
G1 X170.422 Y129.43 E1735.15107
G1 X170.909 Y129.43 E1735.16799
G1 X171.277 Y129.8 E1735.18613
G1 X170.054 Y129.8 E1735.22864
G1 X171.39 Y129.8
G1 F2400 E1734.72864
G1 F600 Z3.3
G0 F15000 X140.089 Y130.081 Z3.3
G1 F600 Z2.9
G1 F2400 E1735.22864
G1 F15000 X138.212 Y129.874 E1735.29427
G1 X138.103 Y129.862
G1 F2400 E1734.79427
G1 F600 Z3.3
G0 F15000 X137.04 Y129.631 Z3.3
G1 F600 Z2.9
G1 F2400 E1735.29427
G1 F15000 X139.575 Y131.239 E1735.39861
G0 X139.04 Y131.777
G1 X139.57 Y131.246 E1735.42469
G1 X139.565 Y131.105 E1735.42959
G1 X137.726 Y129.43 E1735.51605
G1 X137.238 Y129.43 E1735.53301
G1 X136.867 Y129.8 E1735.55122
G1 X133.949 Y129.8 E1735.65264
G1 X139.04 Y134.891 E1735.90288
G1 X139.04 Y131.777 E1736.01112
G1 X134.885 Y135.931 E1736.21532
G1 X134.931 Y135.5 E1736.23039
G1 X134.867 Y134.867 E1736.2525
G1 X135.623 Y135.626 E1736.28974
G1 X135.7 Y135.703
G1 F2400 E1735.78974
G1 F600 Z3.3
G0 F15000 X136.174 Y134.64 Z3.3
G1 F600 Z2.9
G1 F2400 E1736.28974
G1 F15000 X134.66 Y134.64 E1736.34236
G1 X134.55 Y134.64
G1 F2400 E1735.84236
G1 F600 Z3.3
G0 F15000 X134.227 Y132.44 Z3.3
G1 F600 Z2.9
G1 F2400 E1736.34236
G1 F15000 X136.867 Y129.8 E1736.47212
G1 X136.944 Y129.723
G1 F2400 E1735.97212
G1 F600 Z3.3
G0 F15000 X133.949 Y129.8 Z3.3
G1 F600 Z2.9
G1 F2400 E1736.47212
G1 F15000 X132.719 Y129.8 E1736.51487
G1 X132.722 Y129.8
G1 X130.248 Y132.274 E1736.63648
G1 X131.955 Y131.954 E1736.69684
G1 X129.801 Y129.8 E1736.80272
G1 X132.719 Y129.8 E1736.90414
G1 X133.09 Y129.43 E1736.92235
G1 X133.578 Y129.43 E1736.93931
G1 X133.946 Y129.8 E1736.95745
G1 X134.023 Y129.877
G1 F2400 E1736.45745
G1 F600 Z3.3
G0 F15000 X131.955 Y131.954 Z3.3
G1 F600 Z2.9
G1 F2400 E1736.95745
G1 F15000 X132.442 Y132.44 E1736.98137
G1 X134.227 Y132.44 E1737.04341
G1 X133.599 Y133.07 E1737.07432
G1 X133.193 Y132.827 E1737.09077
G1 X132.662 Y132.662 E1737.1101
G1 X132.442 Y132.44 E1737.12096
G1 X132.365 Y132.362
G1 F2400 E1736.62096
G1 F600 Z3.3
G0 F15000 X130.248 Y132.274 Z3.3
G1 F600 Z2.9
G1 F2400 E1737.12096
G1 F15000 X129.36 Y133.159 E1737.16453
G1 X129.283 Y133.236
G1 F2400 E1736.66453
G1 F600 Z3.3
G0 F15000 X129.801 Y129.8 Z3.3
G1 F600 Z2.9
G1 F2400 E1737.16453
G1 F15000 X129.43 Y129.43 E1737.18274
G1 X129.36 Y129.43 E1737.18518
G1 X129.36 Y133.159 E1737.31479
G1 X128.931 Y133.589 E1737.3359
G1 X128.931 Y134.515 E1737.36808
G1 X129.051 Y134.77 E1737.37788
G1 X129.203 Y134.592 E1737.38601
G1 X129.49 Y133.993 E1737.4091
G1 X129.646 Y133.794 E1737.41789
G1 X128.93 Y133.078 E1737.45308
G1 X128.93 Y129.442 E1737.57946
G1 X129.36 Y129.43 E1737.59441
G1 X129.47 Y129.427
G1 F2400 E1737.09441
G1 F600 Z3.3
G0 F15000 X140.115 Y165 Z3.3
G1 F600 Z2.9
G1 F2400 E1737.59441
G1 F15000 X140.109 Y164.998 E1737.59463
G1 X139.109 Y167.984 E1737.70408
G1 X139.566 Y168.436 E1737.72642
G1 X139.571 Y168.576 E1737.73129
G1 X139.04 Y169.106 E1737.75736
G1 X139.04 Y169.108
G1 X139.04 Y167.92 E1737.79865
G1 X139.109 Y167.984 E1737.80193
G1 X139.04 Y167.92
G1 X138.76 Y167.64 E1737.81569
G1 F2400 E1737.31569
G1 F600 Z3.3
G0 F15000 X136.357 Y167.64 Z3.3
G1 F600 Z2.9
G1 F2400 E1737.81569
G1 F15000 X134.678 Y167.64 E1737.87405
G1 X134.568 Y167.64
G1 F2400 E1737.37405
G1 F600 Z3.3
G0 F15000 X133.803 Y171.13 Z3.3
G1 F600 Z2.9
G1 F2400 E1737.87405
G1 F15000 X133.62 Y170.951 E1737.88294
G1 X132.889 Y171.285 E1737.91088
G1 X132.659 Y171.34 E1737.9191
G1 X131.509 Y172.492 E1737.97567
G1 X131.56 Y172.437
G1 X131.56 Y171.259 E1738.01662
G1 X131.56 Y171.149
G1 F2400 E1737.51662
G1 F600 Z3.3
G0 F15000 X130.24 Y171.717 Z3.3
G1 F600 Z2.9
G1 F2400 E1738.01662
G1 F15000 X130.24 Y170.671 E1738.05297
G1 X130.24 Y170.561
G1 F2400 E1737.55297
G1 F600 Z3.3
G0 F15000 X129.36 Y170.84 Z3.3
G1 F600 Z2.9
G1 F2400 E1738.05297
G1 F15000 X132.76 Y174.24 E1738.22009
G1 X132.872 Y174.35
G1 X133.091 Y174.57 E1738.23088
G1 X133.577 Y174.57 E1738.24777
G1 X134.133 Y174.016 E1738.27505
G1 X136.688 Y174.02 E1738.36386
G1 X137.074 Y174.404 E1738.38278
G1 X139.447 Y172.63 E1738.48576
G1 X139.04 Y172.222 E1738.50579
G1 X139.04 Y169.108 E1738.61402
G1 X134.279 Y173.865 E1738.84795
G1 X134.133 Y174.016
G1 X134.279 Y173.865 E1738.85525
G1 X132.872 Y174.35 E1738.90697
G1 X132.76 Y174.24 E1738.91243
G1 X129.762 Y174.24 E1739.01663
G1 X129.43 Y174.57 E1739.0329
G1 X129.36 Y174.569 E1739.03533
G1 X129.36 Y170.84 E1739.16494
G1 X128.93 Y170.409 E1739.1861
G1 X128.931 Y169.8 E1739.20727
G1 X128.989 Y169.459 E1739.21929
G1 X129.06 Y169.312 E1739.22496
G1 X129.163 Y169.423 E1739.23023
G1 X129.493 Y170.005 E1739.25348
G1 X129.647 Y170.204 E1739.26223
G1 X128.931 Y170.92 E1739.29742
G1 X128.93 Y174.557 E1739.42383
G1 X129.36 Y174.569 E1739.43878
G0 X129.762 Y174.24
G1 X131.509 Y172.492 E1739.52468
G1 X134.226 Y171.557 E1739.62455
G1 X134.119 Y171.448 E1739.62986
G1 X134.226 Y171.557
G1 X136.688 Y174.02 E1739.7509
G0 X137.074 Y174.404
G1 X137.239 Y174.57 E1739.75903
G1 X137.725 Y174.57 E1739.77593
G1 X138.421 Y173.958 E1739.80814
G1 X138.503 Y173.886
G1 F2400 E1739.30814
G1 F600 Z3.3
;MESH:NONMESH
G0 F15000 X132.613 Y137.105 Z3.3
;TIME_ELAPSED:770.421241
;LAYER:14
;MESH:case_VL53L8+RP2040-up.stl
G0 X132.613 Y137.105 Z3.5
;TYPE:WALL-OUTER
G1 F600 Z3.1
G1 F2400 E1739.80814
G1 F9000 X132.209 Y137.207 E1739.82262
G1 X131.762 Y137.202 E1739.83816
G1 X131.36 Y137.095 E1739.85262
G1 X131.044 Y136.927 E1739.86506
G1 X130.694 Y136.617 E1739.88131
G1 X130.466 Y136.276 E1739.89556
G1 X130.323 Y135.894 E1739.90974
G1 X130.281 Y135.525 E1739.92265
G1 X130.334 Y135.06 E1739.93891
G1 X130.49 Y134.675 E1739.95335
G1 X130.73 Y134.339 E1739.9677
G1 X131.044 Y134.069 E1739.9821
G1 X131.41 Y133.882 E1739.99638
G1 X131.778 Y133.791 E1740.00956
G1 X132.234 Y133.794 E1740.02541
G1 X132.635 Y133.901 E1740.03983
G1 X132.998 Y134.099 E1740.0542
G1 X133.306 Y134.379 E1740.06867
G1 X133.51 Y134.675 E1740.08117
G1 X133.675 Y135.113 E1740.09744
G1 X133.719 Y135.528 E1740.11194
G1 X133.669 Y135.915 E1740.1255
G1 X133.523 Y136.3 E1740.13981
G1 X133.287 Y136.641 E1740.15423
G1 X132.985 Y136.908 E1740.16824
G1 X132.613 Y137.105 E1740.18287
G1 F2400 E1739.68287
G1 F600 Z3.5
G0 F15000 X151.219 Y136.523 Z3.5
G1 F600 Z3.1
G1 F2400 E1740.18287
G1 F9000 X151.191 Y136.611 E1740.18608
G1 X151.036 Y136.718 E1740.19262
G1 X140.973 Y136.719 E1740.54238
G1 X140.877 Y136.684 E1740.54593
G1 X140.783 Y136.542 E1740.55185
G1 X140.78 Y130.954 E1740.74607
G1 X140.824 Y130.868 E1740.74943
G1 X140.962 Y130.783 E1740.75507
G1 X151.085 Y130.78 E1741.10691
G1 X151.22 Y130.954 E1741.11456
G1 X151.219 Y136.523 E1741.30812
G1 F2400 E1740.80812
G1 F600 Z3.5
G0 F15000 X160.625 Y137.1 Z3.5
G1 F600 Z3.1
G1 F2400 E1741.30812
G1 F9000 X160.219 Y137.205 E1741.3227
G1 X159.799 Y137.208 E1741.3373
G1 X159.384 Y137.106 E1741.35215
G1 X159.026 Y136.916 E1741.36624
G1 X158.713 Y136.641 E1741.38072
G1 X158.478 Y136.301 E1741.39508
G1 X158.323 Y135.894 E1741.41022
G1 X158.281 Y135.525 E1741.42313
G1 X158.334 Y135.06 E1741.4394
G1 X158.49 Y134.675 E1741.45383
G1 X158.73 Y134.339 E1741.46819
G1 X159.044 Y134.069 E1741.48258
G1 X159.41 Y133.882 E1741.49687
G1 X159.778 Y133.791 E1741.51004
G1 X160.234 Y133.794 E1741.52589
G1 X160.635 Y133.901 E1741.54032
G1 X160.998 Y134.099 E1741.55469
G1 X161.306 Y134.379 E1741.56915
G1 X161.532 Y134.715 E1741.58323
G1 X161.666 Y135.073 E1741.59651
G1 X161.72 Y135.486 E1741.61099
G1 X161.669 Y135.914 E1741.62597
G1 X161.53 Y136.286 E1741.63978
G1 X161.284 Y136.644 E1741.65487
G1 X160.971 Y136.918 E1741.66933
G1 X160.625 Y137.1 E1741.68292
G1 F2400 E1741.18292
G1 F600 Z3.5
G0 F15000 X169.383 Y140.175 Z3.5
G1 F600 Z3.1
G1 F2400 E1741.68292
G1 F9000 X168.973 Y140.219 E1741.69725
G1 X168.582 Y140.169 E1741.71095
G1 X168.196 Y140.023 E1741.7253
G1 X167.855 Y139.787 E1741.73971
G1 X167.59 Y139.487 E1741.75362
G1 X167.388 Y139.107 E1741.76858
G1 X167.291 Y138.722 E1741.78238
G1 X167.294 Y138.262 E1741.79837
G1 X167.394 Y137.874 E1741.81229
G1 X167.586 Y137.517 E1741.82638
G1 X167.863 Y137.206 E1741.84086
G1 X168.19 Y136.981 E1741.85465
G1 X168.602 Y136.823 E1741.86999
G1 X169 Y136.78 E1741.8839
G1 X169.436 Y136.834 E1741.89917
G1 X169.788 Y136.971 E1741.9123
G1 X170.157 Y137.23 E1741.92797
G1 X170.427 Y137.544 E1741.94237
G1 X170.614 Y137.91 E1741.95665
G1 X170.702 Y138.262 E1741.96926
G1 X170.705 Y138.718 E1741.98511
G1 X170.595 Y139.135 E1742.0001
G1 X170.397 Y139.498 E1742.01447
G1 X170.117 Y139.806 E1742.02894
G1 X169.821 Y140.01 E1742.04143
G1 X169.383 Y140.175 E1742.0577
G1 F2400 E1741.5577
G1 F600 Z3.5
G0 F15000 X173.717 Y157.539 Z3.5
G1 F600 Z3.1
G1 F2400 E1742.0577
G1 F9000 X173.632 Y157.676 E1742.06331
G1 X173.546 Y157.72 E1742.06666
G1 X167.977 Y157.719 E1742.26022
G1 X167.889 Y157.691 E1742.26343
G1 X167.78 Y157.572 E1742.26904
G1 X167.783 Y147.461 E1742.62047
G1 X167.826 Y147.364 E1742.62416
G1 X167.978 Y147.281 E1742.63018
G1 X173.546 Y147.28 E1742.8237
G1 X173.72 Y147.415 E1742.83136
G1 X173.717 Y157.539 E1743.18324
G1 F2400 E1742.68324
G1 F600 Z3.5
G0 F15000 X169.383 Y168.175 Z3.5
G1 F600 Z3.1
G1 F2400 E1743.18324
G1 F9000 X168.973 Y168.219 E1743.19757
G1 X168.562 Y168.162 E1743.21199
G1 X168.175 Y168.01 E1743.22644
G1 X167.866 Y167.796 E1743.2395
G1 X167.59 Y167.487 E1743.25391
G1 X167.394 Y167.122 E1743.2683
G1 X167.289 Y166.705 E1743.28325
G1 X167.289 Y166.286 E1743.29781
G1 X167.386 Y165.895 E1743.31182
G1 X167.585 Y165.518 E1743.32663
G1 X167.855 Y165.213 E1743.34079
G1 X168.195 Y164.978 E1743.35516
G1 X168.602 Y164.823 E1743.37029
G1 X169 Y164.78 E1743.38421
G1 X169.436 Y164.834 E1743.39948
G1 X169.821 Y164.99 E1743.41391
G1 X170.157 Y165.23 E1743.42827
G1 X170.427 Y165.544 E1743.44266
G1 X170.614 Y165.91 E1743.45694
G1 X170.702 Y166.262 E1743.46956
G1 X170.705 Y166.718 E1743.48541
G1 X170.595 Y167.135 E1743.50039
G1 X170.397 Y167.498 E1743.51477
G1 X170.117 Y167.806 E1743.52923
G1 X169.814 Y168.014 E1743.54201
G1 X169.383 Y168.175 E1743.558
G1 F2400 E1743.058
G1 F600 Z3.5
G0 F15000 X160.586 Y170.114 Z3.5
G1 F600 Z3.1
G1 F2400 E1743.558
G1 F9000 X160.218 Y170.205 E1743.57117
G1 X159.762 Y170.202 E1743.58702
G1 X159.36 Y170.095 E1743.60148
G1 X159.044 Y169.927 E1743.61392
G1 X158.694 Y169.617 E1743.63017
G1 X158.466 Y169.276 E1743.64443
G1 X158.323 Y168.894 E1743.65861
G1 X158.281 Y168.475 E1743.67324
G1 X158.329 Y168.074 E1743.68728
G1 X158.49 Y167.675 E1743.70223
G1 X158.694 Y167.379 E1743.71473
G1 X159.014 Y167.088 E1743.72976
G1 X159.392 Y166.887 E1743.74464
G1 X159.798 Y166.788 E1743.75917
G1 X160.205 Y166.789 E1743.77331
G1 X160.586 Y166.882 E1743.78694
G1 X160.967 Y167.076 E1743.8018
G1 X161.28 Y167.348 E1743.81622
G1 X161.525 Y167.7 E1743.83112
G1 X161.667 Y168.076 E1743.84509
G1 X161.72 Y168.487 E1743.8595
G1 X161.675 Y168.883 E1743.87335
G1 X161.522 Y169.302 E1743.88885
G1 X161.306 Y169.617 E1743.90213
G1 X160.955 Y169.927 E1743.9184
G1 X160.586 Y170.114 E1743.93278
G1 F2400 E1743.43278
G1 F600 Z3.5
G0 F15000 X151.22 Y172.546 Z3.5
G1 F600 Z3.1
G1 F2400 E1743.93278
G1 F9000 X151.176 Y172.633 E1743.93617
G1 X151.038 Y172.717 E1743.94179
G1 X140.915 Y172.72 E1744.29363
G1 X140.78 Y172.546 E1744.30128
G1 X140.782 Y166.966 E1744.49523
G1 X140.834 Y166.854 E1744.49952
G1 X140.959 Y166.783 E1744.50451
G1 X151.037 Y166.782 E1744.85479
G1 X151.145 Y166.833 E1744.85895
G1 X151.218 Y166.964 E1744.86416
G1 X151.22 Y172.546 E1745.05817
G1 F2400 E1744.55817
G1 F600 Z3.5
G0 F15000 X132.586 Y170.114 Z3.5
G1 F600 Z3.1
G1 F2400 E1745.05817
G1 F9000 X132.218 Y170.205 E1745.07135
G1 X131.762 Y170.202 E1745.0872
G1 X131.403 Y170.112 E1745.10006
G1 X131.044 Y169.927 E1745.1141
G1 X130.694 Y169.617 E1745.13035
G1 X130.466 Y169.276 E1745.1446
G1 X130.323 Y168.894 E1745.15878
G1 X130.281 Y168.525 E1745.17169
G1 X130.334 Y168.06 E1745.18796
G1 X130.49 Y167.675 E1745.20239
G1 X130.73 Y167.339 E1745.21675
G1 X131.044 Y167.069 E1745.23114
G1 X131.41 Y166.882 E1745.24542
G1 X131.762 Y166.794 E1745.25804
G1 X132.209 Y166.789 E1745.27357
G1 X132.611 Y166.89 E1745.28798
G1 X132.974 Y167.08 E1745.30222
G1 X133.287 Y167.356 E1745.31672
G1 X133.523 Y167.696 E1745.33111
G1 X133.667 Y168.074 E1745.34517
G1 X133.719 Y168.473 E1745.35915
G1 X133.673 Y168.894 E1745.37387
G1 X133.51 Y169.321 E1745.38976
G1 X133.306 Y169.617 E1745.40225
G1 X132.955 Y169.927 E1745.41853
G1 X132.586 Y170.114 E1745.43291
G1 F2400 E1744.93291
G1 F600 Z3.5
G0 F15000 X176.28 Y175.78 Z3.5
G1 F600 Z3.1
G1 F2400 E1745.43291
G1 F9000 X176.28 Y128.22 E1747.08594
G1 X127.72 Y128.22 E1748.77374
G1 X127.72 Y175.78 E1750.42677
G1 X176.28 Y175.78 E1752.11456
G0 F15000 X175.84 Y175.34
;TYPE:WALL-INNER
G1 F10500 X175.84 Y128.66 E1753.73701
G1 X128.16 Y128.66 E1755.39422
G1 X128.16 Y175.34 E1757.01667
G1 X175.84 Y175.34 E1758.67387
G0 F15000 X175.4 Y174.9
G1 F10500 X175.4 Y158.25 E1759.25258
G1 F8619.4 X175.305 Y157.761 E1759.27367
G1 F7321.7 X175.305 Y157.077 E1759.30776
G1 F7333.3 X175.306 Y156.393 E1759.3418
G1 F7345 X175.306 Y155.709 E1759.37579
G1 F7356.7 X175.306 Y155.025 E1759.40972
G1 X175.307 Y154.341 E1759.44365
G1 F7368.4 X175.307 Y153.657 E1759.47753
G1 F7380.2 X175.307 Y152.973 E1759.51135
G1 X175.308 Y152.289 E1759.54517
G1 F7392 X175.308 Y151.605 E1759.57894
G1 F7403.8 X175.308 Y150.921 E1759.61266
G1 F7415.7 X175.309 Y150.237 E1759.64632
G1 X175.309 Y149.553 E1759.67998
G1 F7427.7 X175.309 Y148.869 E1759.71359
G1 F7439.6 X175.31 Y148.185 E1759.74714
G1 F7451.6 X175.31 Y147.501 E1759.78064
G1 F8717 X175.4 Y146.75 E1759.81231
G1 F10500 X175.4 Y129.1 E1760.42577
G1 X151.75 Y129.1 E1761.24776
G1 F8717 X151 Y129.19 E1761.27939
G1 F7451.6 X150.359 Y129.19 E1761.31078
G1 F7439.6 X149.718 Y129.191 E1761.34223
G1 F7427.7 X149.077 Y129.191 E1761.37372
G1 F7415.7 X148.436 Y129.191 E1761.40527
G1 X147.795 Y129.192 E1761.43681
G1 F7403.8 X147.154 Y129.192 E1761.46841
G1 F7392 X146.513 Y129.193 E1761.50005
G1 F7380.2 X145.872 Y129.193 E1761.53175
G1 X145.231 Y129.193 E1761.56345
G1 F7368.4 X144.59 Y129.194 E1761.5952
G1 F7356.7 X143.949 Y129.194 E1761.627
G1 F7345 X143.308 Y129.194 E1761.65884
G1 X142.667 Y129.195 E1761.69069
G1 F7333.3 X142.026 Y129.195 E1761.72259
G1 F7321.7 X141.385 Y129.196 E1761.75454
G1 F7310.1 X140.744 Y129.196 E1761.78654
G1 F8619.4 X140.25 Y129.1 E1761.80785
G1 F10500 X128.6 Y129.1 E1762.21277
G1 X128.601 Y134.206 E1762.39024
G1 F10312.5 X128.608 Y134.571 E1762.40316
G1 F8400 X128.703 Y134.972 E1762.42106
G1 F7287.1 X128.693 Y135.334 E1762.4392
G1 F7403.8 X128.693 Y135.668 E1762.45566
G1 F7241.4 X128.706 Y136.12 E1762.47845
G1 F7993.1 X128.631 Y136.425 E1762.49279
G1 F9788.1 X128.601 Y136.79 E1762.50644
G1 F10500 X128.601 Y167.206 E1763.56361
G1 F10312.5 X128.608 Y167.571 E1763.57653
G1 F8400 X128.703 Y167.972 E1763.59443
G1 F7287.1 X128.693 Y168.334 E1763.61257
G1 F7403.8 X128.693 Y168.668 E1763.62903
G1 F7241.4 X128.706 Y169.12 E1763.65182
G1 F7993.1 X128.631 Y169.425 E1763.66616
G1 F9788.1 X128.601 Y169.79 E1763.67982
G1 F10500 X128.6 Y174.9 E1763.85742
G1 X175.4 Y174.9 E1765.48404
G1 F2400 E1764.98404
G1 F600 Z3.5
G0 F15000 X170.487 Y168.061 Z3.5
G1 F600 Z3.1
G1 F2400 E1765.48404
G1 F10500 X170.05 Y168.386 E1765.50297
G1 X169.47 Y168.607 E1765.52455
G1 X169 Y168.66 E1765.54098
G1 X168.559 Y168.612 E1765.5564
G1 X168.067 Y168.446 E1765.57445
G1 X167.591 Y168.14 E1765.59412
G1 X167.242 Y167.757 E1765.61213
G1 X166.992 Y167.3 E1765.63023
G1 X166.852 Y166.755 E1765.64979
G1 X166.849 Y166.271 E1765.66661
G1 X166.968 Y165.759 E1765.68488
G1 X167.206 Y165.295 E1765.70301
G1 X167.559 Y164.888 E1765.72173
G1 X167.987 Y164.59 E1765.73986
G1 X168.462 Y164.404 E1765.75759
G1 X169 Y164.34 E1765.77642
G1 X169.595 Y164.424 E1765.79731
G1 X170.071 Y164.628 E1765.81531
G1 X170.487 Y164.939 E1765.83336
G1 X170.815 Y165.338 E1765.85131
G1 X171.041 Y165.803 E1765.86928
G1 X171.148 Y166.316 E1765.88749
G1 X171.139 Y166.794 E1765.90411
G1 X171.041 Y167.193 E1765.91839
G1 X170.817 Y167.659 E1765.93636
G1 X170.487 Y168.061 E1765.95444
G0 F15000 X170.817 Y168.352
G1 F10500 X170.617 Y168.53 E1765.96375
G1 X170.084 Y168.858 E1765.9855
G1 X169.546 Y169.04 E1766.00524
G1 X169 Y169.1 E1766.02433
G1 X168.506 Y169.049 E1766.04159
G1 X167.912 Y168.858 E1766.06328
G1 X167.316 Y168.483 E1766.08775
G1 X166.842 Y167.97 E1766.11203
G1 X166.562 Y167.411 E1766.13376
G1 X166.425 Y166.876 E1766.15295
G1 X166.41 Y166.241 E1766.17503
G1 X166.566 Y165.553 E1766.19955
G1 X166.873 Y165.001 E1766.2215
G1 X167.263 Y164.562 E1766.24191
G1 X167.779 Y164.203 E1766.26376
G1 X168.391 Y163.961 E1766.28663
G1 X169 Y163.9 E1766.30791
G1 X169.479 Y163.946 E1766.32463
G1 X169.755 Y164.014 E1766.33451
G1 X170.321 Y164.266 E1766.35605
G1 X170.817 Y164.648 E1766.37781
G1 X171.204 Y165.131 E1766.39932
G1 X171.468 Y165.697 E1766.42102
G1 X171.588 Y166.316 E1766.44294
G1 X171.573 Y166.87 E1766.4622
G1 X171.468 Y167.299 E1766.47755
G1 X171.207 Y167.864 E1766.49918
G1 X170.817 Y168.352 E1766.5209
G1 F2400 E1766.0209
G1 F600 Z3.5
G0 F15000 X162.16 Y168.463 Z3.5
G1 F600 Z3.1
G1 F2400 E1766.5209
G1 F10500 X162.095 Y169.023 E1766.54049
G1 X161.928 Y169.474 E1766.55721
G1 X161.561 Y169.987 E1766.57913
G1 X161.159 Y170.317 E1766.59721
G1 X160.693 Y170.541 E1766.61518
G1 X160.294 Y170.639 E1766.62946
G1 X159.816 Y170.648 E1766.64607
G1 X159.303 Y170.541 E1766.66429
G1 X158.838 Y170.315 E1766.68226
G1 X158.375 Y169.934 E1766.7031
G1 X158.056 Y169.435 E1766.72368
G1 X157.889 Y168.97 E1766.74086
G1 X157.84 Y168.5 E1766.75728
G1 X157.909 Y167.944 E1766.77675
G1 X158.09 Y167.487 E1766.79384
G1 X158.387 Y167.06 E1766.81192
G1 X158.748 Y166.738 E1766.82873
G1 X159.249 Y166.471 E1766.84846
G1 X159.717 Y166.355 E1766.86522
G1 X160.216 Y166.348 E1766.88256
G1 X160.751 Y166.473 E1766.90166
G1 X161.238 Y166.727 E1766.92075
G1 X161.592 Y167.038 E1766.93713
G1 X161.895 Y167.461 E1766.95521
G1 X162.088 Y167.948 E1766.97342
G1 X162.16 Y168.463 E1766.99149
G0 F15000 X162.609 Y168.516
G1 F10500 X162.521 Y169.134 E1767.01319
G1 X162.327 Y169.658 E1767.03261
G1 X162.03 Y170.117 E1767.05161
G1 X161.58 Y170.557 E1767.07349
G1 X161.364 Y170.706 E1767.08261
G1 X160.799 Y170.968 E1767.10425
G1 X160.37 Y171.072 E1767.1196
G1 X159.816 Y171.088 E1767.13886
G1 X159.549 Y171.056 E1767.14821
G1 X158.947 Y170.872 E1767.17009
G1 X158.42 Y170.557 E1767.19143
G1 X157.97 Y170.117 E1767.2133
G1 X157.646 Y169.595 E1767.23465
G1 X157.456 Y169.046 E1767.25485
G1 X157.4 Y168.5 E1767.27392
G1 X157.489 Y167.814 E1767.29797
G1 X157.702 Y167.279 E1767.31798
G1 X158.061 Y166.764 E1767.3398
G1 X158.482 Y166.387 E1767.35944
G1 X159.081 Y166.054 E1767.38326
G1 X159.727 Y165.911 E1767.40626
G1 X160.314 Y165.909 E1767.42666
G1 X160.896 Y166.057 E1767.44753
G1 X161.426 Y166.325 E1767.46818
G1 X161.904 Y166.728 E1767.48991
G1 X162.318 Y167.297 E1767.51436
G1 X162.528 Y167.89 E1767.53623
G1 X162.609 Y168.516 E1767.55817
G1 F2400 E1767.05817
G1 F600 Z3.5
G0 F15000 X151.659 Y166.953 Z3.5
G1 F600 Z3.1
G1 F2400 E1767.55817
G1 F10500 X151.66 Y172.633 E1767.75559
G1 X151.528 Y172.897 E1767.76585
G1 X151.311 Y173.083 E1767.77578
G1 X151.088 Y173.16 E1767.78398
G1 X141 Y173.16 E1768.13461
G1 X140.689 Y173.083 E1768.14574
G1 X140.472 Y172.897 E1768.15568
G1 X140.34 Y172.633 E1768.16593
G1 X140.341 Y166.96 E1768.36311
G1 X140.413 Y166.697 E1768.37259
G1 X140.601 Y166.473 E1768.38275
G1 X140.92 Y166.344 E1768.39471
G1 X151.036 Y166.34 E1768.74631
G1 X151.229 Y166.38 E1768.75316
G1 X151.497 Y166.564 E1768.76446
G1 X151.587 Y166.697 E1768.77004
G1 X151.659 Y166.953 E1768.77929
G0 F15000 X152.098 Y166.922
G1 F10500 X152.1 Y172.5 E1768.97316
G1 X152.057 Y172.809 E1768.984
G1 X151.88 Y173.161 E1768.9977
G1 X151.518 Y173.471 E1769.01426
G1 X151.144 Y173.6 E1769.02801
G1 X141 Y173.6 E1769.38059
G1 X140.482 Y173.471 E1769.39914
G1 X140.12 Y173.161 E1769.4157
G1 X139.943 Y172.809 E1769.4294
G1 X139.9 Y172.5 E1769.44024
G1 X139.901 Y166.934 E1769.6337
G1 X140.021 Y166.496 E1769.64948
G1 X140.22 Y166.223 E1769.66123
G1 X140.481 Y166.029 E1769.67253
G1 X140.935 Y165.901 E1769.68892
G1 X151.06 Y165.901 E1770.04084
G1 X151.381 Y165.967 E1770.05223
G1 X151.539 Y166.04 E1770.05828
G1 X151.827 Y166.274 E1770.07117
G1 X151.979 Y166.496 E1770.08052
G1 X152.098 Y166.922 E1770.0959
G1 F2400 E1769.5959
G1 F600 Z3.5
G0 F15000 X167.418 Y157.813 Z3.5
G1 F600 Z3.1
G1 F2400 E1770.0959
G1 F10500 X167.341 Y157.546 E1770.10556
G1 X167.34 Y147.464 E1770.45597
G1 X167.432 Y147.162 E1770.46695
G1 X167.669 Y146.928 E1770.47852
G1 X167.936 Y146.843 E1770.48826
G1 X173.634 Y146.84 E1770.68631
G1 X173.896 Y146.972 E1770.6965
G1 X174.083 Y147.189 E1770.70646
G1 X174.16 Y147.5 E1770.7176
G1 X174.16 Y157.589 E1771.06826
G1 X174.083 Y157.811 E1771.07642
G1 X173.896 Y158.028 E1771.08638
G1 X173.634 Y158.16 E1771.09658
G1 X167.932 Y158.157 E1771.29476
G1 X167.669 Y158.072 E1771.30437
G1 X167.418 Y157.813 E1771.3169
G0 F15000 X167.004 Y157.968
G1 F10500 X166.902 Y157.576 E1771.33098
G1 X166.901 Y147.358 E1771.68613
G1 X166.989 Y147.065 E1771.69676
G1 X167.259 Y146.686 E1771.71293
G1 X167.56 Y146.491 E1771.7254
G1 X167.893 Y146.405 E1771.73735
G1 X173.5 Y146.4 E1771.93223
G1 X173.809 Y146.443 E1771.94308
G1 X174.16 Y146.62 E1771.95674
G1 X174.472 Y146.982 E1771.97335
G1 F8717 X174.69 Y147.5 E1771.99688
G1 F7451.6 X174.69 Y148.956 E1772.06819
G1 F7439.6 X174.69 Y150.412 E1772.13961
G1 F7427.7 X174.69 Y151.868 E1772.21115
G1 X174.69 Y153.324 E1772.28269
G1 F7415.7 X174.69 Y154.78 E1772.35434
G1 F7403.8 X174.69 Y156.236 E1772.42611
G1 F7392 X174.69 Y157.692 E1772.49799
G1 F8684.2 X174.472 Y158.018 E1772.51448
G1 F10500 X174.16 Y158.38 E1772.53109
G1 X173.809 Y158.557 E1772.54475
G1 X173.5 Y158.6 E1772.55559
G1 X167.887 Y158.595 E1772.75068
G1 X167.556 Y158.507 E1772.76259
G1 X167.175 Y158.229 E1772.77898
G1 X167.004 Y157.968 E1772.78982
G1 F2400 E1772.28982
G1 F600 Z3.5
G0 F15000 X169 Y140.66 Z3.5
G1 F600 Z3.1
G1 F2400 E1772.78982
G1 F10500 X168.528 Y140.607 E1772.80633
G1 X167.989 Y140.411 E1772.82627
G1 X167.559 Y140.112 E1772.84447
G1 X167.242 Y139.757 E1772.86101
G1 X166.996 Y139.308 E1772.87881
G1 X166.859 Y138.804 E1772.89696
G1 X166.849 Y138.278 E1772.91525
G1 X166.986 Y137.709 E1772.93559
G1 X167.231 Y137.257 E1772.95346
G1 X167.582 Y136.867 E1772.97169
G1 X167.972 Y136.599 E1772.98814
G1 X168.526 Y136.389 E1773.00873
G1 X169 Y136.34 E1773.02529
G1 X169.595 Y136.424 E1773.04618
G1 X169.971 Y136.571 E1773.06021
G1 X170.487 Y136.939 E1773.08224
G1 X170.815 Y137.338 E1773.10019
G1 X171.041 Y137.803 E1773.11816
G1 X171.148 Y138.316 E1773.13638
G1 X171.139 Y138.794 E1773.15299
G1 X171.041 Y139.193 E1773.16727
G1 X170.817 Y139.659 E1773.18524
G1 X170.487 Y140.061 E1773.20332
G1 X170.071 Y140.372 E1773.22137
G1 X169.47 Y140.607 E1773.2438
G1 X169 Y140.66 E1773.26024
G0 F15000 X169 Y141.1
G1 F10500 X168.393 Y141.034 E1773.28146
G1 X167.783 Y140.8 E1773.30417
G1 X167.263 Y140.438 E1773.32619
G1 X166.894 Y140.026 E1773.34542
G1 X166.596 Y139.491 E1773.3667
G1 X166.427 Y138.886 E1773.38854
G1 X166.407 Y138.171 E1773.4134
G1 X166.58 Y137.539 E1773.43617
G1 X166.846 Y137.033 E1773.45604
G1 X167.26 Y136.557 E1773.47797
G1 X167.753 Y136.217 E1773.49878
G1 X168.358 Y135.965 E1773.52156
G1 X169 Y135.9 E1773.54399
G1 X169.479 Y135.946 E1773.56071
G1 X170.154 Y136.171 E1773.58544
G1 X170.617 Y136.47 E1773.6046
G1 X170.817 Y136.648 E1773.6139
G1 X171.204 Y137.131 E1773.63542
G1 X171.468 Y137.697 E1773.65712
G1 X171.588 Y138.316 E1773.67904
G1 X171.573 Y138.87 E1773.6983
G1 X171.468 Y139.299 E1773.71365
G1 X171.207 Y139.864 E1773.73528
G1 X170.817 Y140.352 E1773.757
G1 X170.321 Y140.734 E1773.77876
G1 X170.084 Y140.858 E1773.78805
G1 X169.546 Y141.04 E1773.80779
G1 X169 Y141.1 E1773.82688
G1 F2400 E1773.32688
G1 F600 Z3.5
G0 F15000 X161.932 Y136.464 Z3.5
G1 F600 Z3.1
G1 F2400 E1773.82688
G1 F10500 X161.604 Y136.946 E1773.84715
G1 X161.262 Y137.25 E1773.86305
G1 X160.75 Y137.524 E1773.88324
G1 X160.297 Y137.638 E1773.89947
G1 X159.767 Y137.647 E1773.91789
G1 X159.226 Y137.521 E1773.9372
G1 X158.75 Y137.259 E1773.95609
G1 X158.388 Y136.937 E1773.97293
G1 X158.09 Y136.509 E1773.99105
G1 X157.904 Y136.034 E1774.00878
G1 X157.84 Y135.5 E1774.02748
G1 X157.924 Y134.901 E1774.0485
G1 X158.128 Y134.425 E1774.0665
G1 X158.439 Y134.009 E1774.08455
G1 X158.838 Y133.681 E1774.1025
G1 X159.304 Y133.455 E1774.1205
G1 X159.702 Y133.357 E1774.13475
G1 X160.341 Y133.367 E1774.15696
G1 X160.839 Y133.511 E1774.17498
G1 X161.159 Y133.679 E1774.18754
G1 X161.561 Y134.009 E1774.20562
G1 X161.938 Y134.545 E1774.2284
G1 X162.085 Y134.939 E1774.24301
G1 X162.159 Y135.458 E1774.26123
G1 X162.094 Y136.03 E1774.28124
G1 X161.932 Y136.464 E1774.29734
G0 F15000 X162.313 Y136.698
G1 F10500 X161.959 Y137.217 E1774.31918
G1 X161.489 Y137.636 E1774.34106
G1 X160.91 Y137.944 E1774.36386
G1 X160.241 Y138.087 E1774.38764
G1 X159.669 Y138.086 E1774.40752
G1 X159.033 Y137.913 E1774.43042
G1 X158.524 Y137.646 E1774.4504
G1 X158.062 Y137.233 E1774.47194
G1 X157.703 Y136.718 E1774.49376
G1 X157.461 Y136.104 E1774.5167
G1 X157.4 Y135.5 E1774.5378
G1 X157.446 Y135.018 E1774.55463
G1 X157.514 Y134.741 E1774.56454
G1 X157.766 Y134.175 E1774.58608
G1 X158.148 Y133.679 E1774.60783
G1 X158.631 Y133.292 E1774.62935
G1 X159.197 Y133.028 E1774.65105
G1 X159.626 Y132.924 E1774.6664
G1 X160.18 Y132.908 E1774.68566
G1 X160.799 Y133.028 E1774.70757
G1 X161.364 Y133.29 E1774.72922
G1 X161.852 Y133.679 E1774.75091
G1 X162.03 Y133.879 E1774.76022
G1 X162.344 Y134.376 E1774.78065
G1 X162.53 Y134.899 E1774.79994
G1 X162.605 Y135.486 E1774.82051
G1 X162.538 Y136.091 E1774.84167
G1 X162.313 Y136.698 E1774.86417
G1 F2400 E1774.36417
G1 F600 Z3.5
G0 F15000 X151.657 Y136.568 Z3.5
G1 F600 Z3.1
G1 F2400 E1774.86417
G1 F10500 X151.605 Y136.766 E1774.87128
G1 X151.438 Y136.995 E1774.88113
G1 X151.136 Y137.16 E1774.8931
G1 X140.961 Y137.159 E1775.24675
G1 X140.786 Y137.125 E1775.25294
G1 X140.511 Y136.944 E1775.26438
G1 X140.394 Y136.763 E1775.27188
G1 X140.34 Y136.59 E1775.27817
G1 X140.34 Y130.867 E1775.47709
G1 X140.472 Y130.604 E1775.48732
G1 X140.689 Y130.417 E1775.49727
G1 X140.915 Y130.34 E1775.50557
G1 X151 Y130.34 E1775.85609
G1 X151.311 Y130.417 E1775.86723
G1 X151.528 Y130.604 E1775.87719
G1 X151.66 Y130.867 E1775.88741
G1 X151.657 Y136.568 E1776.08556
G0 F15000 X152.095 Y136.612
G1 F10500 X152.008 Y136.943 E1776.09746
G1 X151.73 Y137.324 E1776.11385
G1 X151.461 Y137.5 E1776.12502
G1 X151.06 Y137.599 E1776.13938
G1 X140.935 Y137.599 E1776.49129
G1 X140.544 Y137.502 E1776.50529
G1 X140.27 Y137.324 E1776.51665
G1 X140.092 Y137.123 E1776.52598
G1 X139.942 Y136.805 E1776.5382
G1 X139.905 Y136.607 E1776.5452
G1 X139.9 Y131 E1776.74009
G1 X139.944 Y130.691 E1776.75093
G1 X140.12 Y130.34 E1776.76458
G1 X140.482 Y130.029 E1776.78117
G1 F8667.9 X140.811 Y129.81 E1776.79781
G1 F7380.2 X142.085 Y129.81 E1776.86081
G1 F7392 X143.359 Y129.81 E1776.92371
G1 F7403.8 X144.633 Y129.81 E1776.9865
G1 F7415.7 X145.907 Y129.81 E1777.0492
G1 X147.181 Y129.81 E1777.1119
G1 F7427.7 X148.455 Y129.81 E1777.17449
G1 F7439.6 X149.729 Y129.81 E1777.23699
G1 F7451.6 X151.003 Y129.81 E1777.29938
G1 F8717 X151.518 Y130.029 E1777.32281
G1 F10500 X151.88 Y130.34 E1777.3394
G1 X152.056 Y130.691 E1777.35305
G1 X152.1 Y131 E1777.3639
G1 X152.095 Y136.612 E1777.55895
G1 F2400 E1777.05895
G1 F600 Z3.5
G0 F15000 X134.16 Y135.5 Z3.5
G1 F600 Z3.1
G1 F2400 E1777.55895
G1 F10500 X134.107 Y135.97 E1777.57539
G1 X133.911 Y136.506 E1777.59523
G1 X133.612 Y136.937 E1777.61346
G1 X133.249 Y137.26 E1777.63035
G1 X132.774 Y137.515 E1777.64909
G1 X132.267 Y137.643 E1777.66726
G1 X131.816 Y137.648 E1777.68294
G1 X131.303 Y137.541 E1777.70115
G1 X130.838 Y137.315 E1777.71912
G1 X130.375 Y136.934 E1777.73996
G1 X130.056 Y136.435 E1777.76054
G1 X129.889 Y135.97 E1777.77772
G1 X129.843 Y135.574 E1777.79157
G1 X129.89 Y134.981 E1777.81225
G1 X130.128 Y134.425 E1777.83327
G1 X130.439 Y134.009 E1777.85132
G1 X130.838 Y133.681 E1777.86928
G1 X131.282 Y133.461 E1777.8865
G1 X131.702 Y133.357 E1777.90154
G1 X132.341 Y133.367 E1777.92375
G1 X132.839 Y133.511 E1777.94177
G1 X133.159 Y133.679 E1777.95433
G1 X133.561 Y134.009 E1777.97241
G1 X133.92 Y134.489 E1777.99324
G1 X134.112 Y135.059 E1778.01414
G1 X134.16 Y135.5 E1778.02956
G0 F15000 X134.6 Y135.5
G1 F10500 X134.533 Y136.108 E1778.05082
G1 X134.3 Y136.713 E1778.07336
G1 X133.937 Y137.233 E1778.0954
G1 X133.473 Y137.649 E1778.11706
G1 X132.935 Y137.924 E1778.13806
G1 X132.324 Y138.079 E1778.15997
G1 X131.663 Y138.091 E1778.18294
G1 X130.947 Y137.872 E1778.20897
G1 X130.42 Y137.557 E1778.23031
G1 X129.97 Y137.117 E1778.25218
G1 X129.646 Y136.595 E1778.27354
G1 F9788.1 X129.485 Y136.265 E1778.28723
G1 F7993.1 X129.352 Y136.064 E1778.29823
G1 F7241.4 X129.315 Y135.634 E1778.31998
G1 F7403.8 X129.315 Y135.368 E1778.33309
G1 F7287.1 X129.345 Y135.007 E1778.35124
G1 F8400 X129.506 Y134.739 E1778.36482
G1 F10312.5 X129.646 Y134.401 E1778.37777
G1 F10500 X129.97 Y133.879 E1778.39912
G1 X130.148 Y133.679 E1778.40843
G1 X130.631 Y133.292 E1778.42994
G1 X131.161 Y133.038 E1778.45036
G1 X131.626 Y132.924 E1778.467
G1 X132.18 Y132.908 E1778.48627
G1 X132.799 Y133.028 E1778.50818
G1 X133.364 Y133.29 E1778.52983
G1 X133.852 Y133.679 E1778.55152
G1 X134.234 Y134.175 E1778.57328
G1 X134.486 Y134.752 E1778.59516
G1 X134.6 Y135.5 E1778.62146
G1 F2400 E1778.12146
G1 F600 Z3.5
G0 F15000 X132.267 Y166.353 Z3.5
G1 F600 Z3.1
G1 F2400 E1778.62146
G1 F10500 X132.769 Y166.479 E1778.63945
G1 X133.25 Y166.737 E1778.65842
G1 X133.613 Y167.06 E1778.67531
G1 X133.911 Y167.49 E1778.69349
G1 X134.087 Y167.944 E1778.71042
G1 X134.16 Y168.5 E1778.72991
G1 X134.107 Y168.97 E1778.74635
G1 X133.946 Y169.429 E1778.76325
G1 X133.625 Y169.934 E1778.78405
G1 X133.159 Y170.317 E1778.80502
G1 X132.693 Y170.541 E1778.82299
G1 X132.294 Y170.639 E1778.83727
G1 X131.816 Y170.648 E1778.85388
G1 X131.282 Y170.535 E1778.87286
G1 X130.838 Y170.315 E1778.89008
G1 X130.375 Y169.934 E1778.91092
G1 X130.056 Y169.435 E1778.9315
G1 X129.889 Y168.97 E1778.94868
G1 X129.843 Y168.574 E1778.96253
G1 X129.89 Y167.981 E1778.98321
G1 X130.128 Y167.425 E1779.00423
G1 X130.439 Y167.009 E1779.02228
G1 X130.838 Y166.681 E1779.04023
G1 X131.303 Y166.455 E1779.0582
G1 X131.816 Y166.348 E1779.07642
G1 X132.267 Y166.353 E1779.09209
G0 F15000 X132.324 Y165.917
G1 F10500 X132.926 Y166.068 E1779.11367
G1 X133.472 Y166.347 E1779.13498
G1 X133.939 Y166.764 E1779.15674
G1 X134.3 Y167.284 E1779.17874
G1 X134.507 Y167.814 E1779.19852
G1 X134.6 Y168.5 E1779.22258
G1 X134.54 Y169.046 E1779.24167
G1 X134.358 Y169.584 E1779.26141
G1 X134.03 Y170.117 E1779.28316
G1 X133.58 Y170.557 E1779.30504
G1 X133.364 Y170.706 E1779.31416
G1 X132.799 Y170.968 E1779.3358
G1 X132.37 Y171.072 E1779.35115
G1 X131.816 Y171.088 E1779.37041
G1 X131.161 Y170.958 E1779.39362
G1 X130.631 Y170.704 E1779.41405
G1 X130.148 Y170.317 E1779.43556
G1 X129.97 Y170.117 E1779.44486
G1 X129.646 Y169.595 E1779.46622
G1 F9788.1 X129.485 Y169.265 E1779.47991
G1 F7993.1 X129.352 Y169.064 E1779.49091
G1 F7241.4 X129.315 Y168.634 E1779.51266
G1 F7403.8 X129.315 Y168.368 E1779.52577
G1 F7287.1 X129.345 Y168.007 E1779.54392
G1 F8400 X129.506 Y167.739 E1779.5575
G1 F10312.5 X129.646 Y167.401 E1779.57045
G1 F10500 X129.97 Y166.879 E1779.5918
G1 X130.148 Y166.679 E1779.6011
G1 X130.631 Y166.292 E1779.62262
G1 X131.197 Y166.028 E1779.64432
G1 X131.816 Y165.908 E1779.66624
G1 X132.324 Y165.917 E1779.6839
G1 F2400 E1779.1839
G1 F600 Z3.5
G0 F15000 X132.438 Y171.461 Z3.5
;TYPE:SKIN
G1 F600 Z3.1
G1 F2400 E1779.6839
G1 F9000 X131.816 Y171.484 E1779.70553
G1 X131.055 Y171.34 E1779.73245
G1 X130.41 Y171.033 E1779.75728
G1 X129.894 Y170.62 E1779.78025
G1 X129.423 Y170.028 E1779.80654
G1 X129.08 Y169.417 E1779.8309
G1 X128.995 Y169.795 E1779.84436
G1 X128.997 Y174.503 E1780.008
G1 X140.261 Y174.504 E1780.3995
G1 F8608.7 X140.887 Y174.484 E1780.42226
G1 F8232.8 X143.476 Y174.484 E1780.52063
G1 F8250 X146.065 Y174.485 E1780.6188
G1 F8267.2 X148.654 Y174.485 E1780.71676
G1 F8284.5 X151.243 Y174.485 E1780.81451
G1 F8354.4 X151.319 Y174.489 E1780.81736
G1 F8684.2 X151.785 Y174.504 E1780.83416
G1 F9000 X175.004 Y174.504 E1781.64118
G1 X175.004 Y158.282 E1782.205
G1 X174.93 Y158.093 E1782.21206
G1 X174.425 Y158.666 E1782.2386
G1 X173.96 Y158.921 E1782.25704
G1 X173.523 Y158.994 E1782.27244
G1 X167.889 Y158.995 E1782.46826
G1 X167.556 Y158.927 E1782.48007
G1 X167.147 Y158.731 E1782.49583
G1 X166.826 Y158.425 E1782.51125
G1 X166.612 Y158.057 E1782.52604
G1 X166.505 Y157.61 E1782.54202
G1 X166.504 Y147.411 E1782.8965
G1 X166.594 Y146.975 E1782.91198
G1 X166.775 Y146.636 E1782.92533
G1 X166.988 Y146.392 E1782.93659
G1 X167.277 Y146.189 E1782.94886
G1 X167.57 Y146.064 E1782.95994
G1 X167.852 Y146.008 E1782.96993
G1 X173.523 Y146.006 E1783.16704
G1 X173.959 Y146.079 E1783.1824
G1 X174.428 Y146.332 E1783.20092
G1 X174.792 Y146.756 E1783.22034
G1 X174.933 Y147.009 E1783.23041
G1 X175.004 Y146.722 E1783.24069
G1 X175.004 Y129.496 E1783.83941
G1 X151.774 Y129.496 E1784.64681
G1 X151.49 Y129.564 E1784.65696
G1 X151.724 Y129.692 E1784.66623
G1 X152.198 Y130.098 E1784.68792
G1 X152.421 Y130.54 E1784.70513
G1 X152.494 Y130.972 E1784.72036
G1 X152.495 Y136.614 E1784.91646
G1 X152.367 Y137.107 E1784.93416
G1 X152.218 Y137.366 E1784.94454
G1 X152.003 Y137.61 E1784.95585
G1 X151.543 Y137.896 E1784.97467
G1 X151.1 Y137.99 E1784.99041
G1 X140.773 Y137.988 E1785.34935
G1 X140.171 Y137.753 E1785.37181
G1 X139.781 Y137.364 E1785.39095
G1 X139.564 Y136.923 E1785.40804
G1 X139.508 Y136.644 E1785.41793
G1 X139.506 Y130.972 E1785.61507
G1 X139.578 Y130.542 E1785.63022
G1 X139.83 Y130.071 E1785.64879
G1 X140.402 Y129.568 E1785.67526
G1 X140.215 Y129.496 E1785.68223
G1 X128.996 Y129.496 E1786.07216
G1 X128.996 Y134.499 E1786.24605
G1 X129.066 Y134.649 E1786.25181
G1 X129.142 Y134.559 E1786.2559
G1 X129.446 Y133.936 E1786.27999
G1 X129.894 Y133.372 E1786.30503
G1 X130.454 Y132.932 E1786.32978
G1 X131.018 Y132.668 E1786.35143
G1 X131.554 Y132.531 E1786.37065
G1 X132.202 Y132.513 E1786.39319
G1 X132.554 Y132.557 E1786.40552
G1 X133.241 Y132.778 E1786.4306
G1 X133.813 Y133.118 E1786.45373
G1 X134.331 Y133.623 E1786.47887
G1 X134.735 Y134.286 E1786.50586
G1 X134.931 Y134.918 E1786.52885
G1 X134.996 Y135.495 E1786.54904
G1 X134.921 Y136.186 E1786.57319
G1 X134.639 Y136.919 E1786.60049
G1 X134.284 Y137.447 E1786.6226
G1 X133.696 Y137.977 E1786.65012
G1 X133.026 Y138.318 E1786.67625
G1 X132.398 Y138.467 E1786.69868
G1 X131.788 Y138.483 E1786.71989
G1 X131.435 Y138.435 E1786.73227
G1 X130.772 Y138.231 E1786.75638
G1 X130.18 Y137.868 E1786.78052
G1 X129.563 Y137.268 E1786.81043
G1 X129.08 Y136.417 E1786.84444
G1 X128.996 Y136.795 E1786.8579
G1 X128.996 Y167.499 E1787.92507
G1 X129.066 Y167.649 E1787.93083
G1 X129.142 Y167.559 E1787.93492
G1 X129.446 Y166.936 E1787.95902
G1 X129.895 Y166.371 E1787.9841
G1 X130.455 Y165.936 E1788.00875
G1 X131.115 Y165.639 E1788.0339
G1 X131.775 Y165.515 E1788.05724
G1 X132.399 Y165.525 E1788.07893
G1 X133.044 Y165.683 E1788.10201
G1 X133.685 Y166.01 E1788.12702
G1 X134.221 Y166.485 E1788.15192
G1 X134.659 Y167.089 E1788.17785
G1 X134.924 Y167.805 E1788.20438
G1 X134.996 Y168.496 E1788.22853
G1 X134.929 Y169.111 E1788.25003
G1 X134.712 Y169.759 E1788.27378
G1 X134.331 Y170.373 E1788.2989
G1 X133.851 Y170.845 E1788.3223
G1 X133.535 Y171.065 E1788.33568
G1 X132.893 Y171.35 E1788.36009
G1 X132.438 Y171.461 E1788.37637
G1 F2400 E1787.87637
G1 F600 Z3.5
G0 F15000 X151.716 Y173.815 Z3.5
G1 F600 Z3.1
G1 F2400 E1788.37637
G1 F8627.5 X151.201 Y174.012 E1788.39636
G1 F8284.5 X148.637 Y174.012 E1788.49318
G1 F8267.2 X146.073 Y174.011 E1788.59019
G1 F8250 X143.509 Y174.01 E1788.68741
G1 F8232.8 X140.945 Y174.01 E1788.78483
G1 F8608.7 X140.289 Y173.823 E1788.80962
G1 F9000 X139.832 Y173.431 E1788.83055
G1 X139.578 Y172.953 E1788.84936
G1 X139.506 Y172.524 E1788.86448
G1 X139.507 Y166.881 E1789.06061
G1 X139.56 Y166.587 E1789.07099
G1 X139.676 Y166.301 E1789.08172
G1 X139.955 Y165.922 E1789.09808
G1 X140.278 Y165.685 E1789.112
G1 X140.64 Y165.546 E1789.12548
G1 X140.907 Y165.504 E1789.13487
G1 X151.097 Y165.505 E1789.48905
G1 X151.425 Y165.565 E1789.50064
G1 X151.682 Y165.664 E1789.51021
G1 X152.104 Y165.992 E1789.52879
G1 X152.327 Y166.308 E1789.54223
G1 X152.493 Y166.87 E1789.5626
G1 X152.494 Y172.524 E1789.75911
G1 X152.421 Y172.955 E1789.7743
G1 X152.164 Y173.431 E1789.79311
G1 X151.716 Y173.815 E1789.81361
G1 F2400 E1789.31361
G1 F600 Z3.5
G0 F15000 X160.893 Y171.35 Z3.5
G1 F600 Z3.1
G1 F2400 E1789.81361
G1 F9000 X160.438 Y171.461 E1789.82989
G1 X159.788 Y171.483 E1789.8525
G1 X159.435 Y171.435 E1789.86488
G1 X158.773 Y171.231 E1789.88896
G1 X158.141 Y170.837 E1789.91484
G1 X157.636 Y170.328 E1789.93976
G1 X157.271 Y169.727 E1789.9642
G1 X157.063 Y169.107 E1789.98693
G1 X157.004 Y168.482 E1790.00875
G1 X157.072 Y167.783 E1790.03316
G1 X157.364 Y167.074 E1790.05981
G1 X157.718 Y166.539 E1790.08211
G1 X158.244 Y166.071 E1790.10658
G1 X158.905 Y165.695 E1790.13301
G1 X159.605 Y165.524 E1790.15806
G1 X160.335 Y165.508 E1790.18343
G1 X161.038 Y165.687 E1790.20865
G1 X161.634 Y165.988 E1790.23185
G1 X162.176 Y166.44 E1790.25638
G1 X162.617 Y167.04 E1790.28227
G1 X162.891 Y167.718 E1790.30768
G1 X163.008 Y168.505 E1790.33534
G1 X162.902 Y169.23 E1790.3608
G1 X162.671 Y169.846 E1790.38367
G1 X162.331 Y170.373 E1790.40547
G1 X161.851 Y170.845 E1790.42887
G1 X161.535 Y171.065 E1790.44225
G1 X160.893 Y171.35 E1790.46666
G1 F2400 E1789.96666
G1 F600 Z3.5
G0 F15000 X169.597 Y169.431 Z3.5
G1 F600 Z3.1
G1 F2400 E1790.46666
G1 F9000 X168.996 Y169.496 E1790.48767
G1 X168.423 Y169.431 E1790.50772
G1 X167.76 Y169.227 E1790.53183
G1 X167.053 Y168.781 E1790.56088
G1 X166.559 Y168.24 E1790.58634
G1 X166.189 Y167.576 E1790.61276
G1 X166.021 Y166.853 E1790.63856
G1 X166.01 Y166.163 E1790.66255
G1 X166.194 Y165.412 E1790.68942
G1 X166.542 Y164.777 E1790.71459
G1 X167.044 Y164.218 E1790.7407
G1 X167.597 Y163.847 E1790.76385
G1 X168.309 Y163.571 E1790.79039
G1 X169.022 Y163.504 E1790.81528
G1 X169.522 Y163.552 E1790.83274
G1 X169.874 Y163.638 E1790.84533
G1 X170.556 Y163.946 E1790.87134
G1 X171.12 Y164.394 E1790.89638
G1 X171.55 Y164.932 E1790.92031
G1 X171.837 Y165.565 E1790.94447
G1 X171.984 Y166.324 E1790.97134
G1 X171.961 Y166.938 E1790.9927
G1 X171.837 Y167.431 E1791.01037
G1 X171.553 Y168.057 E1791.03426
G1 X171.083 Y168.639 E1791.06026
G1 X170.398 Y169.167 E1791.09032
G1 X169.597 Y169.431 E1791.11963
G1 F2400 E1790.61963
G1 F600 Z3.5
G0 F15000 X169.611 Y141.429 Z3.5
G1 F600 Z3.1
G1 F2400 E1791.11963
G1 F9000 X169.001 Y141.492 E1791.14095
G1 X168.31 Y141.421 E1791.16509
G1 X167.609 Y141.157 E1791.19113
G1 X167.048 Y140.785 E1791.21452
G1 X166.578 Y140.263 E1791.23894
G1 X166.227 Y139.651 E1791.26346
G1 X166.01 Y138.861 E1791.29193
G1 X166.024 Y138.103 E1791.31828
G1 X166.185 Y137.438 E1791.34206
G1 X166.514 Y136.809 E1791.36673
G1 X166.982 Y136.27 E1791.39154
G1 X167.55 Y135.872 E1791.41565
G1 X168.278 Y135.575 E1791.44298
G1 X168.996 Y135.504 E1791.46806
G1 X169.564 Y135.562 E1791.4879
G1 X170.32 Y135.807 E1791.51552
G1 X170.863 Y136.16 E1791.53803
G1 X171.12 Y136.394 E1791.55011
G1 X171.55 Y136.932 E1791.57405
G1 X171.837 Y137.565 E1791.59821
G1 X171.984 Y138.324 E1791.62508
G1 X171.961 Y138.938 E1791.64643
G1 X171.837 Y139.431 E1791.6641
G1 X171.553 Y140.057 E1791.68799
G1 X171.084 Y140.638 E1791.71395
G1 X170.555 Y141.051 E1791.73727
G1 X170.251 Y141.215 E1791.74928
G1 X169.611 Y141.429 E1791.77273
G1 F2400 E1791.27273
G1 F600 Z3.5
G0 F15000 X161.084 Y138.294 Z3.5
G1 F600 Z3.1
G1 F2400 E1791.77273
G1 F9000 X160.425 Y138.464 E1791.79639
G1 X159.641 Y138.48 E1791.82364
G1 X158.888 Y138.293 E1791.85061
G1 X158.248 Y137.929 E1791.8762
G1 X157.729 Y137.465 E1791.9004
G1 X157.349 Y136.904 E1791.92395
G1 X157.076 Y136.205 E1791.95003
G1 X157.004 Y135.483 E1791.97525
G1 X157.052 Y134.975 E1791.99298
G1 X157.151 Y134.582 E1792.00707
G1 X157.446 Y133.936 E1792.03175
G1 X157.895 Y133.371 E1792.05684
G1 X158.455 Y132.936 E1792.08148
G1 X159.103 Y132.642 E1792.10622
G1 X159.554 Y132.531 E1792.12236
G1 X160.202 Y132.513 E1792.14489
G1 X160.554 Y132.557 E1792.15722
G1 X161.241 Y132.778 E1792.1823
G1 X161.836 Y133.132 E1792.20637
G1 X162.359 Y133.662 E1792.23225
G1 X162.691 Y134.19 E1792.25392
G1 X162.92 Y134.79 E1792.27625
G1 X162.992 Y135.527 E1792.30198
G1 X162.919 Y136.195 E1792.32534
G1 X162.671 Y136.868 E1792.35027
G1 X162.265 Y137.469 E1792.37548
G1 X161.696 Y137.971 E1792.40185
G1 X161.084 Y138.294 E1792.4259
G1 F2400 E1791.9259
G1 F600 Z3.5
G0 F15000 X174.518 Y129.716 Z3.5
G1 F600 Z3.1
G1 F2400 E1792.4259
G1 F9000 X174.784 Y129.982 E1792.43898
G0 F15000 X174.784 Y130.604
G1 F9000 X173.896 Y129.716 E1792.48262
G0 F15000 X173.274 Y129.716
G1 F9000 X174.784 Y131.226 E1792.55685
G0 F15000 X174.784 Y131.849
G1 F9000 X172.651 Y129.716 E1792.66169
G0 F15000 X172.029 Y129.716
G1 F9000 X174.784 Y132.471 E1792.79711
G0 F15000 X174.784 Y133.093
G1 F9000 X171.407 Y129.716 E1792.9631
G0 F15000 X170.785 Y129.716
G1 F9000 X174.784 Y133.715 E1793.15967
G0 F15000 X174.784 Y134.338
G1 F9000 X170.162 Y129.716 E1793.38685
G0 F15000 X169.54 Y129.716
G1 F9000 X174.784 Y134.96 E1793.64462
G0 F15000 X174.784 Y135.582
G1 F9000 X168.918 Y129.716 E1793.93295
G0 F15000 X168.296 Y129.716
G1 F9000 X174.784 Y136.204 E1794.25186
G0 F15000 X174.784 Y136.827
G1 F9000 X167.673 Y129.716 E1794.60139
G0 F15000 X167.051 Y129.716
G1 F9000 X174.784 Y137.449 E1794.9815
G0 F15000 X174.784 Y138.071
G1 F9000 X166.429 Y129.716 E1795.39217
G0 F15000 X165.807 Y129.716
G1 F9000 X174.784 Y138.693 E1795.83343
G0 F15000 X174.784 Y139.316
G1 F9000 X165.184 Y129.716 E1796.3053
G0 F15000 X164.562 Y129.716
G1 F9000 X170.525 Y135.679 E1796.5984
G1 X170.602 Y135.756
G1 F2400 E1796.0984
G1 F600 Z3.5
G0 F15000 X169.559 Y135.335 Z3.5
G1 F600 Z3.1
G1 F2400 E1796.5984
G1 F9000 X163.94 Y129.716 E1796.8746
G0 F15000 X163.318 Y129.716
G1 F9000 X168.895 Y135.294 E1797.14875
G0 F15000 X168.329 Y135.349
G1 F9000 X162.695 Y129.716 E1797.42566
G0 F15000 X162.073 Y129.716
G1 F9000 X167.861 Y135.504 E1797.71016
G0 F15000 X167.426 Y135.691
G1 F9000 X161.451 Y129.716 E1798.00385
G0 F15000 X160.829 Y129.716
G1 F9000 X167.058 Y135.946 E1798.31005
G0 F15000 X166.724 Y136.234
G1 F9000 X160.206 Y129.716 E1798.63044
G0 F15000 X159.584 Y129.716
G1 F9000 X166.436 Y136.568 E1798.96724
G0 F15000 X166.195 Y136.949
G1 F9000 X158.962 Y129.716 E1799.32277
G0 F15000 X158.34 Y129.716
G1 F9000 X161.131 Y132.508 E1799.45998
G0 F15000 X160.306 Y132.305
G1 F9000 X157.717 Y129.716 E1799.58724
G0 F15000 X157.095 Y129.716
G1 F9000 X159.688 Y132.309 E1799.71469
G0 F15000 X159.158 Y132.401
G1 F9000 X156.473 Y129.716 E1799.84667
G0 F15000 X155.851 Y129.716
G1 F9000 X158.71 Y132.575 E1799.9872
G0 F15000 X158.29 Y132.778
G1 F9000 X155.228 Y129.716 E1800.13771
G0 F15000 X154.606 Y129.716
G1 F9000 X157.943 Y133.053 E1800.30173
G0 F15000 X157.623 Y133.355
G1 F9000 X153.984 Y129.716 E1800.4806
G0 F15000 X153.362 Y129.716
G1 F9000 X157.349 Y133.703 E1800.67658
G0 F15000 X157.126 Y134.103
G1 F9000 X152.739 Y129.716 E1800.89222
G0 F15000 X152.117 Y129.716
G1 F9000 X156.937 Y134.536 E1801.12914
G0 F15000 X156.824 Y135.045
G1 F9000 X152.71 Y130.931 E1801.33135
G0 F15000 X152.712 Y131.555
G1 F9000 X156.797 Y135.64 E1801.53215
G0 F15000 X156.907 Y136.373
G1 F9000 X152.712 Y132.177 E1801.73837
G0 F15000 X152.712 Y132.8
G1 F9000 X166.534 Y146.622 E1802.41777
G0 F15000 X166.805 Y146.271
G1 F9000 X159.115 Y138.581 E1802.79576
G0 F15000 X159.853 Y138.696
G1 F9000 X167.159 Y146.003 E1803.1549
G0 F15000 X167.612 Y145.833
G1 F9000 X160.459 Y138.68 E1803.5065
G0 F15000 X160.956 Y138.555
G1 F9000 X168.19 Y145.788 E1803.86205
G0 F15000 X168.812 Y145.788
G1 F9000 X161.401 Y138.377 E1804.22633
G0 F15000 X161.807 Y138.162
G1 F9000 X169.434 Y145.788 E1804.6012
G0 F15000 X170.056 Y145.788
G1 F9000 X162.145 Y137.877 E1804.99005
G0 F15000 X162.461 Y137.57
G1 F9000 X170.679 Y145.788 E1805.394
G0 F15000 X171.3 Y145.788
G1 F9000 X162.711 Y137.199 E1805.81618
G0 F15000 X162.931 Y136.796
G1 F9000 X166.229 Y140.095 E1805.97831
G1 X166.306 Y140.172
G1 F2400 E1805.47831
G1 F600 Z3.5
G0 F15000 X165.846 Y139.089 Z3.5
G1 F600 Z3.1
G1 F2400 E1805.97831
G1 F9000 X163.098 Y136.341 E1806.11338
G0 F15000 X163.181 Y135.802
G1 F9000 X165.8 Y138.42 E1806.24209
G0 F15000 X165.86 Y137.858
G1 F9000 X163.18 Y135.179 E1806.3738
G0 F15000 X162.999 Y134.376
G1 F9000 X165.981 Y137.358 E1806.52038
G1 X166.058 Y137.435
G1 F2400 E1806.02038
G1 F600 Z3.5
G0 F15000 X167.441 Y141.306 Z3.5
G1 F600 Z3.1
G1 F2400 E1806.52038
G1 F9000 X171.922 Y145.788 E1806.74066
G0 F15000 X172.545 Y145.788
G1 F9000 X168.408 Y141.651 E1806.94401
G0 F15000 X169.083 Y141.704
G1 F9000 X173.167 Y145.788 E1807.14475
G0 F15000 X173.843 Y145.841
G1 F9000 X169.648 Y141.647 E1807.35092
G0 F15000 X170.118 Y141.494
G1 F9000 X174.784 Y146.16 E1807.58027
G0 F15000 X174.784 Y145.538
G1 F9000 X170.547 Y141.301 E1807.78854
G0 F15000 X170.916 Y141.048
G1 F9000 X174.784 Y144.916 E1807.97866
G0 F15000 X174.784 Y144.294
G1 F9000 X171.264 Y140.774 E1808.15169
G0 F15000 X171.54 Y140.427
G1 F9000 X174.784 Y143.671 E1808.31114
G0 F15000 X174.784 Y143.049
G1 F9000 X171.793 Y140.058 E1808.45816
G0 F15000 X171.987 Y139.63
G1 F9000 X174.784 Y142.427 E1808.59564
G0 F15000 X174.784 Y141.805
G1 F9000 X172.132 Y139.152 E1808.72602
G0 F15000 X172.193 Y138.591
G1 F9000 X174.784 Y141.182 E1808.85338
G0 F15000 X174.784 Y140.56
G1 F9000 X172.133 Y137.909 E1808.98368
G1 X172.056 Y137.832
G1 F2400 E1808.48368
G1 F600 Z3.5
G0 F15000 X171.801 Y136.955 Z3.5
G1 F600 Z3.1
G1 F2400 E1808.98368
G1 F9000 X174.784 Y139.938 E1809.13031
G1 X174.861 Y140.015
G1 F2400 E1808.63031
G1 F600 Z3.5
G0 F15000 X166.354 Y147.064 Z3.5
G1 F600 Z3.1
G1 F2400 E1809.13031
G1 F9000 X152.712 Y133.423 E1809.80084
G0 F15000 X152.712 Y134.045
G1 F9000 X166.285 Y147.618 E1810.468
G0 F15000 X166.285 Y148.24
G1 F9000 X152.712 Y134.667 E1811.13516
G0 F15000 X152.713 Y135.29
G1 F9000 X166.285 Y148.862 E1811.80227
G0 F15000 X166.285 Y149.484
G1 F9000 X152.713 Y135.912 E1812.46939
G0 F15000 X152.713 Y136.535
G1 F9000 X166.285 Y150.107 E1813.1365
G0 F15000 X166.285 Y150.729
G1 F9000 X152.608 Y137.052 E1813.80877
G0 F15000 X152.41 Y137.476
G1 F9000 X166.285 Y151.351 E1814.49078
G0 F15000 X166.285 Y151.974
G1 F9000 X152.114 Y137.802 E1815.18736
G0 F15000 X151.726 Y138.036
G1 F9000 X166.286 Y152.596 E1815.90304
G0 F15000 X166.286 Y153.219
G1 F9000 X151.246 Y138.179 E1816.64231
G0 F15000 X150.658 Y138.213
G1 F9000 X166.286 Y153.841 E1817.41048
G0 F15000 X166.286 Y154.463
G1 F9000 X150.035 Y138.213 E1818.20925
G0 F15000 X149.413 Y138.213
G1 F9000 X166.286 Y155.085 E1819.03859
G0 F15000 X166.286 Y155.708
G1 F9000 X148.791 Y138.213 E1819.89853
G0 F15000 X148.169 Y138.213
G1 F9000 X166.286 Y156.33 E1820.78905
G0 F15000 X166.286 Y156.952
G1 F9000 X147.546 Y138.213 E1821.71016
G0 F15000 X146.924 Y138.213
G1 F9000 X166.286 Y157.575 E1822.66188
G1 X166.363 Y157.652
G1 F2400 E1822.16188
G1 F600 Z3.5
G0 F15000 X167.926 Y159.214 Z3.5
G1 F600 Z3.1
G1 F2400 E1822.66188
G1 F9000 X174.784 Y166.073 E1822.999
G0 F15000 X174.784 Y166.695
G1 F9000 X146.302 Y138.213 E1824.39899
G0 F15000 X145.68 Y138.213
G1 F9000 X174.784 Y167.317 E1825.82956
G0 F15000 X174.784 Y167.939
G1 F9000 X171.803 Y164.958 E1825.97608
G1 X171.726 Y164.881
G1 F2400 E1825.47608
G1 F600 Z3.5
G0 F15000 X172.133 Y165.911 Z3.5
G1 F600 Z3.1
G1 F2400 E1825.97608
G1 F9000 X174.784 Y168.562 E1826.10639
G0 F15000 X174.784 Y169.184
G1 F9000 X172.193 Y166.592 E1826.23377
G0 F15000 X172.132 Y167.154
G1 F9000 X174.784 Y169.806 E1826.36413
G0 F15000 X174.784 Y170.428
G1 F9000 X171.987 Y167.631 E1826.50161
G0 F15000 X171.792 Y168.059
G1 F9000 X174.784 Y171.051 E1826.64868
G0 F15000 X174.784 Y171.673
G1 F9000 X171.538 Y168.427 E1826.80823
G0 F15000 X171.263 Y168.774
G1 F9000 X174.784 Y172.295 E1826.9813
G0 F15000 X174.784 Y172.917
G1 F9000 X170.914 Y169.047 E1827.17152
G0 F15000 X170.563 Y169.318
G1 F9000 X174.784 Y173.54 E1827.37902
G0 F15000 X174.784 Y174.162
G1 F9000 X170.114 Y169.492 E1827.60857
G0 F15000 X169.647 Y169.647
G1 F9000 X174.283 Y174.283 E1827.83645
G0 F15000 X173.661 Y174.283
G1 F9000 X169.087 Y169.709 E1828.06128
G0 F15000 X168.411 Y169.655
G1 F9000 X173.039 Y174.283 E1828.28876
G0 F15000 X172.417 Y174.283
G1 F9000 X167.386 Y169.252 E1828.53605
G1 X167.309 Y169.175
G1 F2400 E1828.03605
G1 F600 Z3.5
G0 F15000 X166.233 Y168.1 Z3.5
G1 F600 Z3.1
G1 F2400 E1828.53605
G1 F9000 X134.928 Y136.795 E1830.0748
G0 F15000 X134.713 Y137.202
G1 F9000 X171.794 Y174.283 E1831.89747
G0 F15000 X171.172 Y174.283
G1 F9000 X134.462 Y137.573 E1833.7019
G0 F15000 X134.139 Y137.872
G1 F9000 X170.55 Y174.283 E1835.49163
G0 F15000 X169.928 Y174.283
G1 F9000 X162.966 Y167.322 E1835.83381
G0 F15000 X163.178 Y168.156
G1 F9000 X169.305 Y174.283 E1836.13498
G0 F15000 X168.683 Y174.283
G1 F9000 X163.192 Y168.793 E1836.40485
G0 F15000 X163.103 Y169.325
G1 F9000 X168.061 Y174.283 E1836.64856
G0 F15000 X167.439 Y174.283
G1 F9000 X162.934 Y169.778 E1836.86999
G0 F15000 X162.716 Y170.183
G1 F9000 X166.816 Y174.283 E1837.07152
G0 F15000 X166.194 Y174.283
G1 F9000 X162.463 Y170.553 E1837.25489
G0 F15000 X162.149 Y170.861
G1 F9000 X165.572 Y174.283 E1837.42312
G0 F15000 X164.95 Y174.283
G1 F9000 X161.807 Y171.14 E1837.57761
G0 F15000 X161.408 Y171.364
G1 F9000 X164.327 Y174.283 E1837.72109
G0 F15000 X163.705 Y174.283
G1 F9000 X160.977 Y171.555 E1837.85518
G0 F15000 X160.477 Y171.678
G1 F9000 X163.083 Y174.283 E1837.98325
G0 F15000 X162.461 Y174.283
G1 F9000 X159.879 Y171.702 E1838.11014
G0 F15000 X159.119 Y171.564
G1 F9000 X161.838 Y174.283 E1838.24379
G0 F15000 X161.216 Y174.283
G1 F9000 X129.217 Y142.285 E1839.81663
G0 F15000 X129.217 Y142.907
G1 F9000 X151.773 Y165.463 E1840.92534
G0 F15000 X150.973 Y165.285
G1 F9000 X129.217 Y143.529 E1841.99472
G0 F15000 X129.217 Y144.151
G1 F9000 X150.351 Y165.285 E1843.03353
G0 F15000 X149.728 Y165.285
G1 F9000 X129.217 Y144.774 E1844.04172
G0 F15000 X129.217 Y145.396
G1 F9000 X149.106 Y165.285 E1845.01934
G0 F15000 X148.484 Y165.285
G1 F9000 X129.217 Y146.018 E1845.96638
G0 F15000 X129.217 Y146.641
G1 F9000 X147.862 Y165.285 E1846.88283
G0 F15000 X147.239 Y165.285
G1 F9000 X129.218 Y147.263 E1847.76865
G0 F15000 X129.218 Y147.886
G1 F9000 X146.617 Y165.285 E1848.62387
G0 F15000 X145.995 Y165.285
G1 F9000 X129.218 Y148.508 E1849.44852
G0 F15000 X129.218 Y149.13
G1 F9000 X145.373 Y165.285 E1850.2426
G0 F15000 X144.75 Y165.285
G1 F9000 X129.218 Y149.752 E1851.00608
G0 F15000 X129.218 Y150.375
G1 F9000 X144.128 Y165.285 E1851.73896
G0 F15000 X143.506 Y165.285
G1 F9000 X129.218 Y150.997 E1852.44126
G0 F15000 X129.218 Y151.619
G1 F9000 X142.884 Y165.285 E1853.113
G0 F15000 X142.261 Y165.285
G1 F9000 X129.218 Y152.242 E1853.75411
G0 F15000 X129.218 Y152.864
G1 F9000 X141.639 Y165.285 E1854.36464
G0 F15000 X141.017 Y165.285
G1 F9000 X129.218 Y153.486 E1854.94461
G0 F15000 X129.218 Y154.108
G1 F9000 X140.48 Y165.37 E1855.49817
G0 F15000 X140.059 Y165.572
G1 F9000 X129.218 Y154.731 E1856.03105
G0 F15000 X129.218 Y155.353
G1 F9000 X139.73 Y165.865 E1856.54775
G0 F15000 X139.472 Y166.229
G1 F9000 X129.218 Y155.975 E1857.05177
G0 F15000 X129.218 Y156.597
G1 F9000 X139.318 Y166.698 E1857.54825
G0 F15000 X139.284 Y167.286
G1 F9000 X129.219 Y157.22 E1858.043
G0 F15000 X129.219 Y157.842
G1 F9000 X139.285 Y167.909 E1858.53781
G0 F15000 X139.285 Y168.531
G1 F9000 X129.219 Y158.465 E1859.03259
G0 F15000 X129.219 Y159.087
G1 F9000 X139.286 Y169.154 E1859.52742
G0 F15000 X139.287 Y169.777
G1 F9000 X129.219 Y159.709 E1860.0223
G0 F15000 X129.219 Y160.332
G1 F9000 X139.287 Y170.399 E1860.51715
G0 F15000 X139.287 Y171.022
G1 F9000 X129.219 Y160.954 E1861.01203
G0 F15000 X129.219 Y161.576
G1 F9000 X133.118 Y165.475 E1861.20368
G0 F15000 X132.32 Y165.3
G1 F9000 X129.219 Y162.198 E1861.35613
G0 F15000 X129.219 Y162.821
G1 F9000 X131.702 Y165.304 E1861.47818
G0 F15000 X131.179 Y165.403
G1 F9000 X129.219 Y163.443 E1861.57452
G0 F15000 X129.219 Y164.065
G1 F9000 X130.724 Y165.57 E1861.64849
G0 F15000 X130.301 Y165.769
G1 F9000 X129.219 Y164.687 E1861.70168
G0 F15000 X129.219 Y165.31
G1 F9000 X129.953 Y166.044 E1861.73776
G0 F15000 X129.631 Y166.344
G1 F9000 X129.219 Y165.932 E1861.75801
G0 F15000 X129.219 Y166.554
G1 F9000 X129.361 Y166.696 E1861.76499
G1 F2400 E1861.26499
G1 F600 Z3.5
G0 F15000 X129.217 Y170.286 Z3.5
G1 F600 Z3.1
G1 F2400 E1861.76499
G1 F9000 X133.214 Y174.283 E1861.96145
G0 F15000 X132.592 Y174.283
G1 F9000 X129.217 Y170.908 E1862.12735
G0 F15000 X129.217 Y171.531
G1 F9000 X131.969 Y174.283 E1862.26262
G0 F15000 X131.347 Y174.283
G1 F9000 X129.217 Y172.153 E1862.36732
G0 F15000 X129.217 Y172.775
G1 F9000 X130.725 Y174.283 E1862.44144
G0 F15000 X130.103 Y174.283
G1 F9000 X129.217 Y173.397 E1862.48499
G0 F15000 X129.217 Y174.02
G1 F9000 X129.48 Y174.283 E1862.49792
G1 F2400 E1861.99792
G1 F600 Z3.5
G0 F15000 X131.132 Y171.578 Z3.5
G1 F600 Z3.1
G1 F2400 E1862.49792
G1 F9000 X133.836 Y174.283 E1862.63085
G0 F15000 X134.458 Y174.283
G1 F9000 X131.877 Y171.701 E1862.75774
G0 F15000 X132.476 Y171.678
G1 F9000 X135.081 Y174.283 E1862.88579
G0 F15000 X135.703 Y174.283
G1 F9000 X132.976 Y171.556 E1863.01983
G0 F15000 X133.407 Y171.364
G1 F9000 X136.325 Y174.283 E1863.16328
G0 F15000 X136.947 Y174.283
G1 F9000 X133.806 Y171.141 E1863.3177
G0 F15000 X134.149 Y170.862
G1 F9000 X137.57 Y174.283 E1863.48585
G0 F15000 X138.192 Y174.283
G1 F9000 X134.463 Y170.553 E1863.66917
G0 F15000 X134.712 Y170.181
G1 F9000 X138.814 Y174.283 E1863.8708
G0 F15000 X139.437 Y174.283
G1 F9000 X134.941 Y169.787 E1864.0918
G0 F15000 X135.092 Y169.316
G1 F9000 X140.059 Y174.283 E1864.33594
G0 F15000 X140.526 Y174.128
G1 F9000 X140.656 Y174.258 E1864.34233
G1 F2400 E1863.84233
G1 F600 Z3.5
G0 F15000 X139.365 Y172.967 Z3.5
G1 F600 Z3.1
G1 F2400 E1864.34233
G1 F9000 X135.185 Y168.786 E1864.54782
G0 F15000 X135.181 Y168.161
G1 F9000 X139.288 Y172.267 E1864.74967
G0 F15000 X139.288 Y171.645
G1 F9000 X134.988 Y167.345 E1864.96103
G1 X134.911 Y167.268
G1 F2400 E1864.46103
G1 F600 Z3.5
G0 F15000 X152.531 Y166.22 Z3.5
G1 F600 Z3.1
G1 F2400 E1864.96103
G1 F9000 X160.594 Y174.283 E1865.35735
G0 F15000 X159.972 Y174.283
G1 F9000 X152.712 Y167.024 E1865.71418
G0 F15000 X152.712 Y167.647
G1 F9000 X159.349 Y174.283 E1866.04039
G0 F15000 X158.727 Y174.283
G1 F9000 X152.712 Y168.269 E1866.33603
G0 F15000 X152.712 Y168.891
G1 F9000 X158.105 Y174.283 E1866.60109
G0 F15000 X157.483 Y174.283
G1 F9000 X152.712 Y169.513 E1866.83557
G0 F15000 X152.712 Y170.135
G1 F9000 X156.86 Y174.283 E1867.03946
G0 F15000 X156.238 Y174.283
G1 F9000 X152.712 Y170.757 E1867.21278
G0 F15000 X152.712 Y171.379
G1 F9000 X155.616 Y174.283 E1867.35552
G0 F15000 X154.994 Y174.283
G1 F9000 X152.712 Y172.002 E1867.46766
G0 F15000 X152.701 Y172.613
G1 F9000 X154.371 Y174.283 E1867.54975
G0 F15000 X153.749 Y174.283
G1 F9000 X152.582 Y173.116 E1867.60711
G0 F15000 X152.355 Y173.512
G1 F9000 X153.127 Y174.283 E1867.64504
G0 F15000 X152.505 Y174.283
G1 F9000 X152.045 Y173.824 E1867.66762
G0 F15000 X151.669 Y174.071
G1 F9000 X151.882 Y174.283 E1867.67807
G1 F2400 E1867.17807
G1 F600 Z3.5
G0 F15000 X156.918 Y169.363 Z3.5
G1 F600 Z3.1
G1 F2400 E1867.67807
G1 F9000 X129.217 Y141.662 E1869.03967
G0 F15000 X129.217 Y141.04
G1 F9000 X156.793 Y168.616 E1870.39513
G0 F15000 X156.829 Y168.029
G1 F9000 X129.217 Y140.418 E1871.75233
G0 F15000 X129.217 Y139.796
G1 F9000 X156.942 Y167.521 E1873.11512
G0 F15000 X157.122 Y167.078
G1 F9000 X129.217 Y139.173 E1874.48675
G0 F15000 X129.217 Y138.551
G1 F9000 X157.355 Y166.689 E1875.86983
G0 F15000 X157.618 Y166.33
G1 F9000 X129.217 Y137.929 E1877.26584
G0 F15000 X129.217 Y137.307
G1 F9000 X157.949 Y166.039 E1878.67813
G0 F15000 X158.312 Y165.779
G1 F9000 X131.093 Y138.56 E1880.01604
G0 F15000 X131.855 Y138.7
G1 F9000 X158.706 Y165.551 E1881.33586
G0 F15000 X159.18 Y165.402
G1 F9000 X132.457 Y138.679 E1882.64939
G0 F15000 X132.959 Y138.559
G1 F9000 X159.702 Y165.302 E1883.96391
G0 F15000 X160.31 Y165.288
G1 F9000 X133.399 Y138.377 E1885.28668
G0 F15000 X133.813 Y138.169
G1 F9000 X161.144 Y165.5 E1886.6301
G1 X161.221 Y165.577
G1 F2400 E1886.1301
G1 F600 Z3.5
G0 F15000 X165.859 Y165.859 Z3.5
G1 F600 Z3.1
G1 F2400 E1886.6301
G1 F9000 X135.183 Y135.183 E1888.13793
G0 F15000 X135.18 Y135.803
G1 F9000 X165.797 Y166.419 E1889.64284
G0 F15000 X165.854 Y167.099
G1 F9000 X135.098 Y136.343 E1891.15461
G1 X135.021 Y136.266
G1 F2400 E1890.65461
G1 F600 Z3.5
G0 F15000 X134.991 Y134.369 Z3.5
G1 F600 Z3.1
G1 F2400 E1891.15461
G1 F9000 X165.981 Y165.358 E1892.67786
G0 F15000 X166.196 Y164.951
G1 F9000 X130.962 Y129.717 E1894.40973
G0 F15000 X130.34 Y129.717
G1 F9000 X133.129 Y132.507 E1894.54685
G0 F15000 X132.304 Y132.304
G1 F9000 X129.717 Y129.717 E1894.67401
G0 F15000 X129.216 Y129.838
G1 F9000 X131.687 Y132.309 E1894.79547
G0 F15000 X131.158 Y132.403
G1 F9000 X129.216 Y130.46 E1894.89095
G0 F15000 X129.217 Y131.083
G1 F9000 X130.707 Y132.574 E1894.96421
G0 F15000 X130.287 Y132.776
G1 F9000 X129.217 Y131.706 E1895.01681
G0 F15000 X129.218 Y132.329
G1 F9000 X129.941 Y133.052 E1895.05234
G0 F15000 X129.622 Y133.355
G1 F9000 X129.218 Y132.952 E1895.07218
G0 F15000 X129.22 Y133.575
G1 F9000 X129.352 Y133.708 E1895.07869
G1 F2400 E1894.57869
G1 F600 Z3.5
G0 F15000 X131.584 Y129.717 Z3.5
G1 F600 Z3.1
G1 F2400 E1895.07869
G1 F9000 X166.434 Y164.567 E1896.79169
G0 F15000 X166.727 Y164.238
G1 F9000 X140.68 Y138.191 E1898.072
G0 F15000 X141.324 Y138.213
G1 F9000 X167.056 Y163.945 E1899.33682
G0 F15000 X167.429 Y163.695
G1 F9000 X141.946 Y138.213 E1900.58937
G0 F15000 X142.568 Y138.213
G1 F9000 X167.861 Y163.506 E1901.83262
G0 F15000 X168.326 Y163.348
G1 F9000 X143.191 Y138.213 E1903.06809
G0 F15000 X143.813 Y138.213
G1 F9000 X168.892 Y163.291 E1904.30079
G0 F15000 X169.56 Y163.337
G1 F9000 X144.435 Y138.213 E1905.53575
G0 F15000 X145.057 Y138.213
G1 F9000 X170.532 Y163.687 E1906.78791
G1 X170.609 Y163.764
G1 F2400 E1906.28791
G1 F600 Z3.5
G0 F15000 X174.784 Y163.583 Z3.5
G1 F600 Z3.1
G1 F2400 E1906.78791
G1 F9000 X170.414 Y159.214 E1907.00269
G0 F15000 X169.792 Y159.214
G1 F9000 X174.784 Y164.206 E1907.24806
G0 F15000 X174.784 Y164.828
G1 F9000 X169.17 Y159.214 E1907.52401
G0 F15000 X168.548 Y159.214
G1 F9000 X174.784 Y165.45 E1907.83053
G1 X174.861 Y165.527
G1 F2400 E1907.33053
G1 F600 Z3.5
G0 F15000 X174.784 Y162.961 Z3.5
G1 F600 Z3.1
G1 F2400 E1907.83053
G1 F9000 X171.036 Y159.214 E1908.01474
G0 F15000 X171.659 Y159.214
G1 F9000 X174.784 Y162.339 E1908.16834
G0 F15000 X174.784 Y161.717
G1 F9000 X172.28 Y159.213 E1908.29142
G0 F15000 X172.902 Y159.213
G1 F9000 X174.784 Y161.094 E1908.3839
G0 F15000 X174.784 Y160.472
G1 F9000 X173.525 Y159.213 E1908.44579
G0 F15000 X174.053 Y159.119
G1 F9000 X174.784 Y159.85 E1908.48172
G0 F15000 X174.784 Y159.228
G1 F9000 X174.465 Y158.909 E1908.4974
G1 F2400 E1907.9974
G1 F600 Z3.5
G0 F15000 X139.324 Y136.835 Z3.5
G1 F600 Z3.1
G1 F2400 E1908.4974
G1 F9000 X132.206 Y129.717 E1908.84728
G0 F15000 X132.829 Y129.717
G1 F9000 X139.289 Y136.178 E1909.16483
G0 F15000 X139.289 Y135.556
G1 F9000 X133.451 Y129.717 E1909.45182
G0 F15000 X134.073 Y129.717
G1 F9000 X139.289 Y134.934 E1909.70823
G0 F15000 X139.289 Y134.311
G1 F9000 X134.695 Y129.717 E1909.93404
G0 F15000 X135.318 Y129.717
G1 F9000 X139.289 Y133.688 E1910.12923
G0 F15000 X139.289 Y133.066
G1 F9000 X135.94 Y129.717 E1910.29384
G0 F15000 X136.562 Y129.717
G1 F9000 X139.289 Y132.444 E1910.42788
G0 F15000 X139.289 Y131.822
G1 F9000 X137.184 Y129.717 E1910.53135
G0 F15000 X137.807 Y129.717
G1 F9000 X139.289 Y131.199 E1910.6042
G0 F15000 X139.346 Y130.634
G1 F9000 X138.429 Y129.717 E1910.64927
G0 F15000 X139.051 Y129.717
G1 F9000 X139.513 Y130.179 E1910.67198
G0 F15000 X139.788 Y129.832
G1 F9000 X139.673 Y129.717 E1910.67763
G1 F2400 E1910.17763
G1 F600 Z3.5
;MESH:NONMESH
G0 F15000 X132.613 Y137.105 Z3.5
;TIME_ELAPSED:840.352522
;LAYER:15
;MESH:case_VL53L8+RP2040-up.stl
G0 X132.613 Y137.105 Z3.7
;TYPE:WALL-OUTER
G1 F600 Z3.3
G1 F2400 E1910.67763
G1 F9000 X132.209 Y137.207 E1910.69212
G1 X131.762 Y137.202 E1910.70765
G1 X131.36 Y137.095 E1910.72211
G1 X131.044 Y136.927 E1910.73455
G1 X130.694 Y136.617 E1910.7508
G1 X130.466 Y136.276 E1910.76506
G1 X130.323 Y135.894 E1910.77923
G1 X130.281 Y135.525 E1910.79214
G1 X130.334 Y135.06 E1910.80841
G1 X130.49 Y134.675 E1910.82285
G1 X130.73 Y134.339 E1910.8372
G1 X131.044 Y134.069 E1910.85159
G1 X131.41 Y133.882 E1910.86588
G1 X131.778 Y133.791 E1910.87905
G1 X132.234 Y133.794 E1910.8949
G1 X132.635 Y133.901 E1910.90933
G1 X132.998 Y134.099 E1910.9237
G1 X133.306 Y134.379 E1910.93817
G1 X133.51 Y134.675 E1910.95066
G1 X133.675 Y135.113 E1910.96693
G1 X133.719 Y135.528 E1910.98143
G1 X133.669 Y135.915 E1910.995
G1 X133.523 Y136.3 E1911.00931
G1 X133.287 Y136.641 E1911.02372
G1 X132.985 Y136.908 E1911.03773
G1 X132.613 Y137.105 E1911.05236
G1 F2400 E1910.55236
G1 F600 Z3.7
G0 F15000 X151.219 Y136.523 Z3.7
G1 F600 Z3.3
G1 F2400 E1911.05236
G1 F9000 X151.191 Y136.611 E1911.05557
G1 X151.036 Y136.718 E1911.06212
G1 X140.973 Y136.719 E1911.41188
G1 X140.877 Y136.684 E1911.41543
G1 X140.783 Y136.542 E1911.42135
G1 X140.78 Y130.954 E1911.61557
G1 X140.824 Y130.868 E1911.61893
G1 X140.962 Y130.783 E1911.62456
G1 X151.085 Y130.78 E1911.9764
G1 X151.22 Y130.954 E1911.98406
G1 X151.219 Y136.523 E1912.17762
G1 F2400 E1911.67762
G1 F600 Z3.7
G0 F15000 X160.625 Y137.1 Z3.7
G1 F600 Z3.3
G1 F2400 E1912.17762
G1 F9000 X160.219 Y137.205 E1912.19219
G1 X159.799 Y137.208 E1912.20679
G1 X159.384 Y137.106 E1912.22165
G1 X159.026 Y136.916 E1912.23573
G1 X158.713 Y136.641 E1912.25021
G1 X158.478 Y136.301 E1912.26458
G1 X158.323 Y135.894 E1912.27972
G1 X158.281 Y135.525 E1912.29262
G1 X158.334 Y135.06 E1912.30889
G1 X158.49 Y134.675 E1912.32333
G1 X158.73 Y134.339 E1912.33768
G1 X159.044 Y134.069 E1912.35207
G1 X159.41 Y133.882 E1912.36636
G1 X159.778 Y133.791 E1912.37954
G1 X160.234 Y133.794 E1912.39539
G1 X160.635 Y133.901 E1912.40981
G1 X160.998 Y134.099 E1912.42418
G1 X161.306 Y134.379 E1912.43865
G1 X161.532 Y134.715 E1912.45272
G1 X161.666 Y135.073 E1912.46601
G1 X161.72 Y135.486 E1912.48049
G1 X161.669 Y135.914 E1912.49547
G1 X161.53 Y136.286 E1912.50927
G1 X161.284 Y136.644 E1912.52437
G1 X160.971 Y136.918 E1912.53883
G1 X160.625 Y137.1 E1912.55241
G1 F2400 E1912.05241
G1 F600 Z3.7
G0 F15000 X169.383 Y140.175 Z3.7
G1 F600 Z3.3
G1 F2400 E1912.55241
G1 F9000 X168.973 Y140.219 E1912.56675
G1 X168.582 Y140.169 E1912.58045
G1 X168.196 Y140.023 E1912.59479
G1 X167.855 Y139.787 E1912.6092
G1 X167.59 Y139.487 E1912.62312
G1 X167.388 Y139.107 E1912.63807
G1 X167.291 Y138.722 E1912.65187
G1 X167.294 Y138.262 E1912.66786
G1 X167.394 Y137.874 E1912.68179
G1 X167.586 Y137.517 E1912.69588
G1 X167.863 Y137.206 E1912.71035
G1 X168.19 Y136.981 E1912.72415
G1 X168.602 Y136.823 E1912.73949
G1 X169 Y136.78 E1912.7534
G1 X169.436 Y136.834 E1912.76867
G1 X169.788 Y136.971 E1912.7818
G1 X170.157 Y137.23 E1912.79747
G1 X170.427 Y137.544 E1912.81186
G1 X170.614 Y137.91 E1912.82615
G1 X170.702 Y138.262 E1912.83876
G1 X170.705 Y138.718 E1912.85461
G1 X170.595 Y139.135 E1912.8696
G1 X170.397 Y139.498 E1912.88397
G1 X170.117 Y139.806 E1912.89843
G1 X169.821 Y140.01 E1912.91093
G1 X169.383 Y140.175 E1912.9272
G1 F2400 E1912.4272
G1 F600 Z3.7
G0 F15000 X173.717 Y157.539 Z3.7
G1 F600 Z3.3
G1 F2400 E1912.9272
G1 F9000 X173.632 Y157.676 E1912.9328
G1 X173.546 Y157.72 E1912.93616
G1 X167.977 Y157.719 E1913.12972
G1 X167.889 Y157.691 E1913.13293
G1 X167.78 Y157.572 E1913.13854
G1 X167.783 Y147.461 E1913.48996
G1 X167.826 Y147.364 E1913.49365
G1 X167.978 Y147.281 E1913.49967
G1 X173.546 Y147.28 E1913.6932
G1 X173.72 Y147.415 E1913.70085
G1 X173.717 Y157.539 E1914.05273
G1 F2400 E1913.55273
G1 F600 Z3.7
G0 F15000 X169.383 Y168.175 Z3.7
G1 F600 Z3.3
G1 F2400 E1914.05273
G1 F9000 X168.973 Y168.219 E1914.06706
G1 X168.562 Y168.162 E1914.08148
G1 X168.175 Y168.01 E1914.09594
G1 X167.866 Y167.796 E1914.109
G1 X167.59 Y167.487 E1914.1234
G1 X167.394 Y167.122 E1914.1378
G1 X167.289 Y166.705 E1914.15275
G1 X167.289 Y166.286 E1914.16731
G1 X167.386 Y165.895 E1914.18131
G1 X167.585 Y165.518 E1914.19613
G1 X167.855 Y165.213 E1914.21028
G1 X168.195 Y164.978 E1914.22465
G1 X168.602 Y164.823 E1914.23979
G1 X169 Y164.78 E1914.2537
G1 X169.436 Y164.834 E1914.26897
G1 X169.821 Y164.99 E1914.28341
G1 X170.157 Y165.23 E1914.29776
G1 X170.427 Y165.544 E1914.31215
G1 X170.614 Y165.91 E1914.32644
G1 X170.702 Y166.262 E1914.33905
G1 X170.705 Y166.718 E1914.3549
G1 X170.595 Y167.135 E1914.36989
G1 X170.397 Y167.498 E1914.38426
G1 X170.117 Y167.806 E1914.39873
G1 X169.814 Y168.014 E1914.4115
G1 X169.383 Y168.175 E1914.42749
G1 F2400 E1913.92749
G1 F600 Z3.7
G0 F15000 X160.586 Y170.114 Z3.7
G1 F600 Z3.3
G1 F2400 E1914.42749
G1 F9000 X160.218 Y170.205 E1914.44067
G1 X159.762 Y170.202 E1914.45652
G1 X159.36 Y170.095 E1914.47098
G1 X159.044 Y169.927 E1914.48342
G1 X158.694 Y169.617 E1914.49967
G1 X158.466 Y169.276 E1914.51392
G1 X158.323 Y168.894 E1914.5281
G1 X158.28 Y168.5 E1914.54188
G1 X158.329 Y168.074 E1914.55678
G1 X158.49 Y167.675 E1914.57173
G1 X158.694 Y167.379 E1914.58423
G1 X159.014 Y167.088 E1914.59926
G1 X159.392 Y166.887 E1914.61414
G1 X159.798 Y166.788 E1914.62867
G1 X160.205 Y166.789 E1914.64281
G1 X160.586 Y166.882 E1914.65644
G1 X160.967 Y167.076 E1914.67131
G1 X161.28 Y167.348 E1914.68572
G1 X161.525 Y167.7 E1914.70062
G1 X161.667 Y168.076 E1914.71459
G1 X161.72 Y168.487 E1914.729
G1 X161.675 Y168.883 E1914.74285
G1 X161.522 Y169.302 E1914.75835
G1 X161.306 Y169.617 E1914.77163
G1 X160.955 Y169.927 E1914.7879
G1 X160.586 Y170.114 E1914.80228
G1 F2400 E1914.30228
G1 F600 Z3.7
G0 F15000 X151.22 Y172.546 Z3.7
G1 F600 Z3.3
G1 F2400 E1914.80228
G1 F9000 X151.176 Y172.633 E1914.80567
G1 X151.038 Y172.717 E1914.81129
G1 X140.915 Y172.72 E1915.16313
G1 X140.78 Y172.546 E1915.17078
G1 X140.782 Y166.966 E1915.36473
G1 X140.834 Y166.854 E1915.36902
G1 X140.959 Y166.783 E1915.37402
G1 X151.037 Y166.782 E1915.7243
G1 X151.145 Y166.833 E1915.72845
G1 X151.218 Y166.964 E1915.73366
G1 X151.22 Y172.546 E1915.92767
G1 F2400 E1915.42767
G1 F600 Z3.7
G0 F15000 X132.586 Y170.114 Z3.7
G1 F600 Z3.3
G1 F2400 E1915.92767
G1 F9000 X132.218 Y170.205 E1915.94085
G1 X131.762 Y170.202 E1915.9567
G1 X131.403 Y170.112 E1915.96956
G1 X131.044 Y169.927 E1915.9836
G1 X130.694 Y169.617 E1915.99985
G1 X130.466 Y169.276 E1916.01411
G1 X130.323 Y168.894 E1916.02828
G1 X130.281 Y168.525 E1916.04119
G1 X130.334 Y168.06 E1916.05746
G1 X130.49 Y167.675 E1916.0719
G1 X130.73 Y167.339 E1916.08625
G1 X131.044 Y167.069 E1916.10064
G1 X131.41 Y166.882 E1916.11493
G1 X131.762 Y166.794 E1916.12754
G1 X132.209 Y166.789 E1916.14307
G1 X132.611 Y166.89 E1916.15748
G1 X132.974 Y167.08 E1916.17172
G1 X133.287 Y167.356 E1916.18622
G1 X133.523 Y167.696 E1916.20061
G1 X133.667 Y168.074 E1916.21467
G1 X133.719 Y168.473 E1916.22865
G1 X133.673 Y168.894 E1916.24337
G1 X133.51 Y169.321 E1916.25926
G1 X133.306 Y169.617 E1916.27175
G1 X132.955 Y169.927 E1916.28803
G1 X132.586 Y170.114 E1916.30241
G1 F2400 E1915.80241
G1 F600 Z3.7
G0 F15000 X176.28 Y175.78 Z3.7
G1 F600 Z3.3
G1 F2400 E1916.30241
G1 F9000 X176.28 Y128.22 E1917.95544
G1 X127.72 Y128.22 E1919.64324
G1 X127.72 Y175.78 E1921.29627
G1 X176.28 Y175.78 E1922.98406
G0 F15000 X175.84 Y175.34
;TYPE:WALL-INNER
G1 F10500 X175.84 Y128.66 E1924.60651
G1 X128.16 Y128.66 E1926.26372
G1 X128.16 Y175.34 E1927.88617
G1 X175.84 Y175.34 E1929.54338
G0 F15000 X175.4 Y174.9
G1 F10500 X175.4 Y158.25 E1930.12208
G1 F8619.4 X175.305 Y157.761 E1930.14317
G1 F7321.7 X175.305 Y157.077 E1930.17726
G1 F7333.3 X175.306 Y156.393 E1930.2113
G1 F7345 X175.306 Y155.709 E1930.24529
G1 F7356.7 X175.306 Y155.025 E1930.27922
G1 X175.307 Y154.341 E1930.31315
G1 F7368.4 X175.307 Y153.657 E1930.34703
G1 F7380.2 X175.307 Y152.973 E1930.38085
G1 X175.308 Y152.289 E1930.41467
G1 F7392 X175.308 Y151.605 E1930.44844
G1 F7403.8 X175.308 Y150.921 E1930.48216
G1 F7415.7 X175.309 Y150.237 E1930.51582
G1 X175.309 Y149.553 E1930.54948
G1 F7427.7 X175.309 Y148.869 E1930.58309
G1 F7439.6 X175.31 Y148.185 E1930.61664
G1 F7451.6 X175.31 Y147.501 E1930.65014
G1 F8717 X175.4 Y146.75 E1930.68181
G1 F10500 X175.4 Y129.1 E1931.29527
G1 X151.75 Y129.1 E1932.11727
G1 F8717 X151 Y129.19 E1932.14889
G1 F7451.6 X150.359 Y129.19 E1932.18028
G1 F7439.6 X149.718 Y129.191 E1932.21173
G1 F7427.7 X149.077 Y129.191 E1932.24322
G1 F7415.7 X148.436 Y129.191 E1932.27477
G1 X147.795 Y129.192 E1932.30631
G1 F7403.8 X147.154 Y129.192 E1932.33791
G1 F7392 X146.513 Y129.193 E1932.36956
G1 F7380.2 X145.872 Y129.193 E1932.40125
G1 X145.231 Y129.193 E1932.43295
G1 F7368.4 X144.59 Y129.194 E1932.4647
G1 F7356.7 X143.949 Y129.194 E1932.4965
G1 F7345 X143.308 Y129.194 E1932.52835
G1 X142.667 Y129.195 E1932.56019
G1 F7333.3 X142.026 Y129.195 E1932.59209
G1 F7321.7 X141.385 Y129.196 E1932.62404
G1 F7310.1 X140.744 Y129.196 E1932.65605
G1 F8619.4 X140.25 Y129.1 E1932.67735
G1 F10500 X128.6 Y129.1 E1933.08227
G1 X128.601 Y134.206 E1933.25974
G1 F10312.5 X128.608 Y134.571 E1933.27266
G1 F8400 X128.703 Y134.972 E1933.29056
G1 F7287.1 X128.693 Y135.334 E1933.3087
G1 F7403.8 X128.693 Y135.668 E1933.32516
G1 F7241.4 X128.706 Y136.12 E1933.34795
G1 F7993.1 X128.631 Y136.425 E1933.36229
G1 F9788.1 X128.601 Y136.79 E1933.37595
G1 F10500 X128.601 Y167.206 E1934.43311
G1 F10312.5 X128.608 Y167.571 E1934.44603
G1 F8400 X128.703 Y167.972 E1934.46393
G1 F7287.1 X128.693 Y168.334 E1934.48207
G1 F7403.8 X128.693 Y168.668 E1934.49853
G1 F7241.4 X128.706 Y169.12 E1934.52132
G1 F7993.1 X128.631 Y169.425 E1934.53566
G1 F9788.1 X128.601 Y169.79 E1934.54932
G1 F10500 X128.6 Y174.9 E1934.72692
G1 X175.4 Y174.9 E1936.35354
G1 F2400 E1935.85354
G1 F600 Z3.7
G0 F15000 X170.487 Y168.061 Z3.7
G1 F600 Z3.3
G1 F2400 E1936.35354
G1 F10500 X170.05 Y168.386 E1936.37247
G1 X169.47 Y168.607 E1936.39405
G1 X169 Y168.66 E1936.41049
G1 X168.559 Y168.612 E1936.4259
G1 X168.067 Y168.446 E1936.44395
G1 X167.591 Y168.14 E1936.46362
G1 X167.242 Y167.757 E1936.48163
G1 X166.992 Y167.3 E1936.49973
G1 X166.852 Y166.755 E1936.51929
G1 X166.849 Y166.271 E1936.53611
G1 X166.968 Y165.759 E1936.55438
G1 X167.206 Y165.295 E1936.57251
G1 X167.559 Y164.888 E1936.59123
G1 X167.987 Y164.59 E1936.60936
G1 X168.462 Y164.404 E1936.62709
G1 X169 Y164.34 E1936.64592
G1 X169.595 Y164.424 E1936.66681
G1 X170.071 Y164.628 E1936.68481
G1 X170.487 Y164.939 E1936.70286
G1 X170.815 Y165.338 E1936.72081
G1 X171.041 Y165.803 E1936.73878
G1 X171.148 Y166.316 E1936.757
G1 X171.139 Y166.794 E1936.77361
G1 X171.041 Y167.193 E1936.78789
G1 X170.817 Y167.659 E1936.80586
G1 X170.487 Y168.061 E1936.82394
G0 F15000 X170.817 Y168.352
G1 F10500 X170.617 Y168.53 E1936.83325
G1 X170.084 Y168.858 E1936.855
G1 X169.546 Y169.04 E1936.87474
G1 X169 Y169.1 E1936.89383
G1 X168.506 Y169.049 E1936.91109
G1 X167.912 Y168.858 E1936.93278
G1 X167.316 Y168.483 E1936.95725
G1 X166.842 Y167.97 E1936.98153
G1 X166.562 Y167.411 E1937.00326
G1 X166.425 Y166.876 E1937.02245
G1 X166.41 Y166.241 E1937.04453
G1 X166.566 Y165.553 E1937.06905
G1 X166.873 Y165.001 E1937.091
G1 X167.263 Y164.562 E1937.11141
G1 X167.779 Y164.203 E1937.13326
G1 X168.391 Y163.961 E1937.15614
G1 X169 Y163.9 E1937.17741
G1 X169.479 Y163.946 E1937.19413
G1 X169.755 Y164.014 E1937.20401
G1 X170.321 Y164.266 E1937.22555
G1 X170.817 Y164.648 E1937.24731
G1 X171.204 Y165.131 E1937.26882
G1 X171.468 Y165.697 E1937.29053
G1 X171.588 Y166.316 E1937.31244
G1 X171.573 Y166.87 E1937.3317
G1 X171.468 Y167.299 E1937.34705
G1 X171.207 Y167.864 E1937.36869
G1 X170.817 Y168.352 E1937.3904
G1 F2400 E1936.8904
G1 F600 Z3.7
G0 F15000 X162.16 Y168.463 Z3.7
G1 F600 Z3.3
G1 F2400 E1937.3904
G1 F10500 X162.095 Y169.023 E1937.40999
G1 X161.928 Y169.474 E1937.42671
G1 X161.561 Y169.987 E1937.44863
G1 X161.159 Y170.317 E1937.46671
G1 X160.693 Y170.541 E1937.48468
G1 X160.294 Y170.639 E1937.49896
G1 X159.816 Y170.648 E1937.51558
G1 X159.303 Y170.541 E1937.53379
G1 X158.838 Y170.315 E1937.55176
G1 X158.375 Y169.934 E1937.5726
G1 X158.056 Y169.435 E1937.59318
G1 X157.889 Y168.97 E1937.61036
G1 X157.84 Y168.5 E1937.62678
G1 X157.909 Y167.944 E1937.64625
G1 X158.09 Y167.487 E1937.66334
G1 X158.387 Y167.06 E1937.68142
G1 X158.748 Y166.738 E1937.69823
G1 X159.249 Y166.471 E1937.71796
G1 X159.717 Y166.355 E1937.73472
G1 X160.216 Y166.348 E1937.75207
G1 X160.751 Y166.473 E1937.77116
G1 X161.238 Y166.727 E1937.79025
G1 X161.592 Y167.038 E1937.80663
G1 X161.895 Y167.461 E1937.82471
G1 X162.088 Y167.948 E1937.84292
G1 X162.16 Y168.463 E1937.861
G0 F15000 X162.609 Y168.516
G1 F10500 X162.521 Y169.134 E1937.88269
G1 X162.327 Y169.658 E1937.90211
G1 X162.03 Y170.117 E1937.92111
G1 X161.58 Y170.557 E1937.94299
G1 X161.364 Y170.706 E1937.95211
G1 X160.799 Y170.968 E1937.97376
G1 X160.37 Y171.072 E1937.9891
G1 X159.816 Y171.088 E1938.00836
G1 X159.549 Y171.056 E1938.01771
G1 X158.947 Y170.872 E1938.03959
G1 X158.42 Y170.557 E1938.06093
G1 X157.97 Y170.117 E1938.0828
G1 X157.646 Y169.595 E1938.10416
G1 X157.456 Y169.046 E1938.12435
G1 X157.4 Y168.5 E1938.14342
G1 X157.489 Y167.814 E1938.16747
G1 X157.702 Y167.279 E1938.18748
G1 X158.061 Y166.764 E1938.2093
G1 X158.482 Y166.387 E1938.22894
G1 X159.081 Y166.054 E1938.25276
G1 X159.727 Y165.911 E1938.27576
G1 X160.314 Y165.909 E1938.29616
G1 X160.896 Y166.057 E1938.31703
G1 X161.426 Y166.325 E1938.33768
G1 X161.904 Y166.728 E1938.35941
G1 X162.318 Y167.297 E1938.38386
G1 X162.528 Y167.89 E1938.40573
G1 X162.609 Y168.516 E1938.42767
G1 F2400 E1937.92767
G1 F600 Z3.7
G0 F15000 X151.659 Y166.953 Z3.7
G1 F600 Z3.3
G1 F2400 E1938.42767
G1 F10500 X151.66 Y172.633 E1938.62509
G1 X151.528 Y172.897 E1938.63535
G1 X151.311 Y173.083 E1938.64528
G1 X151.088 Y173.16 E1938.65348
G1 X141 Y173.16 E1939.00411
G1 X140.689 Y173.083 E1939.01524
G1 X140.472 Y172.897 E1939.02518
G1 X140.34 Y172.633 E1939.03544
G1 X140.341 Y166.96 E1939.23261
G1 X140.413 Y166.697 E1939.24209
G1 X140.601 Y166.473 E1939.25225
G1 X140.92 Y166.344 E1939.26421
G1 X151.036 Y166.34 E1939.61581
G1 X151.229 Y166.38 E1939.62266
G1 X151.497 Y166.564 E1939.63396
G1 X151.587 Y166.697 E1939.63954
G1 X151.659 Y166.953 E1939.64879
G0 F15000 X152.098 Y166.922
G1 F10500 X152.1 Y172.5 E1939.84266
G1 X152.057 Y172.809 E1939.8535
G1 X151.88 Y173.161 E1939.8672
G1 X151.518 Y173.471 E1939.88376
G1 X151.144 Y173.6 E1939.89751
G1 X141 Y173.6 E1940.25009
G1 X140.482 Y173.471 E1940.26864
G1 X140.12 Y173.161 E1940.28521
G1 X139.943 Y172.809 E1940.2989
G1 X139.9 Y172.5 E1940.30974
G1 X139.901 Y166.934 E1940.5032
G1 X140.021 Y166.496 E1940.51898
G1 X140.22 Y166.223 E1940.53073
G1 X140.481 Y166.029 E1940.54203
G1 X140.935 Y165.901 E1940.55842
G1 X151.06 Y165.901 E1940.91034
G1 X151.381 Y165.967 E1940.92173
G1 X151.539 Y166.04 E1940.92778
G1 X151.827 Y166.274 E1940.94067
G1 X151.979 Y166.496 E1940.95003
G1 X152.098 Y166.922 E1940.9654
G1 F2400 E1940.4654
G1 F600 Z3.7
G0 F15000 X167.418 Y157.813 Z3.7
G1 F600 Z3.3
G1 F2400 E1940.9654
G1 F10500 X167.341 Y157.546 E1940.97506
G1 X167.34 Y147.464 E1941.32548
G1 X167.432 Y147.162 E1941.33645
G1 X167.669 Y146.928 E1941.34802
G1 X167.936 Y146.843 E1941.35776
G1 X173.634 Y146.84 E1941.55581
G1 X173.896 Y146.972 E1941.566
G1 X174.083 Y147.189 E1941.57596
G1 X174.16 Y147.5 E1941.5871
G1 X174.16 Y157.589 E1941.93776
G1 X174.083 Y157.811 E1941.94593
G1 X173.896 Y158.028 E1941.95588
G1 X173.634 Y158.16 E1941.96608
G1 X167.932 Y158.157 E1942.16426
G1 X167.669 Y158.072 E1942.17387
G1 X167.418 Y157.813 E1942.1864
G0 F15000 X167.004 Y157.968
G1 F10500 X166.902 Y157.576 E1942.20048
G1 X166.901 Y147.358 E1942.55563
G1 X166.989 Y147.065 E1942.56626
G1 X167.259 Y146.686 E1942.58244
G1 X167.56 Y146.491 E1942.5949
G1 X167.893 Y146.405 E1942.60685
G1 X173.5 Y146.4 E1942.80174
G1 X173.809 Y146.443 E1942.81258
G1 X174.16 Y146.62 E1942.82624
G1 X174.472 Y146.982 E1942.84285
G1 F8717 X174.69 Y147.5 E1942.86638
G1 F7451.6 X174.69 Y148.956 E1942.93769
G1 F7439.6 X174.69 Y150.412 E1943.00911
G1 F7427.7 X174.69 Y151.868 E1943.08065
G1 X174.69 Y153.324 E1943.15219
G1 F7415.7 X174.69 Y154.78 E1943.22384
G1 F7403.8 X174.69 Y156.236 E1943.29561
G1 F7392 X174.69 Y157.692 E1943.3675
G1 F8684.2 X174.472 Y158.018 E1943.38398
G1 F10500 X174.16 Y158.38 E1943.40059
G1 X173.809 Y158.557 E1943.41425
G1 X173.5 Y158.6 E1943.42509
G1 X167.887 Y158.595 E1943.62018
G1 X167.556 Y158.507 E1943.63209
G1 X167.175 Y158.229 E1943.64848
G1 X167.004 Y157.968 E1943.65933
G1 F2400 E1943.15933
G1 F600 Z3.7
G0 F15000 X169 Y140.66 Z3.7
G1 F600 Z3.3
G1 F2400 E1943.65933
G1 F10500 X168.528 Y140.607 E1943.67583
G1 X167.989 Y140.411 E1943.69577
G1 X167.559 Y140.112 E1943.71397
G1 X167.242 Y139.757 E1943.73051
G1 X166.996 Y139.308 E1943.74831
G1 X166.859 Y138.804 E1943.76646
G1 X166.849 Y138.278 E1943.78475
G1 X166.986 Y137.709 E1943.80509
G1 X167.231 Y137.257 E1943.82296
G1 X167.582 Y136.867 E1943.84119
G1 X167.972 Y136.599 E1943.85764
G1 X168.526 Y136.389 E1943.87823
G1 X169 Y136.34 E1943.8948
G1 X169.595 Y136.424 E1943.91568
G1 X169.971 Y136.571 E1943.92971
G1 X170.487 Y136.939 E1943.95174
G1 X170.815 Y137.338 E1943.96969
G1 X171.041 Y137.803 E1943.98766
G1 X171.148 Y138.316 E1944.00588
G1 X171.139 Y138.794 E1944.02249
G1 X171.041 Y139.193 E1944.03677
G1 X170.817 Y139.659 E1944.05475
G1 X170.487 Y140.061 E1944.07282
G1 X170.071 Y140.372 E1944.09087
G1 X169.47 Y140.607 E1944.1133
G1 X169 Y140.66 E1944.12974
G0 F15000 X169 Y141.1
G1 F10500 X168.393 Y141.034 E1944.15096
G1 X167.783 Y140.8 E1944.17367
G1 X167.263 Y140.438 E1944.19569
G1 X166.894 Y140.026 E1944.21492
G1 X166.596 Y139.491 E1944.2362
G1 X166.427 Y138.886 E1944.25804
G1 X166.407 Y138.171 E1944.2829
G1 X166.58 Y137.539 E1944.30567
G1 X166.846 Y137.033 E1944.32554
G1 X167.26 Y136.557 E1944.34747
G1 X167.753 Y136.217 E1944.36828
G1 X168.358 Y135.965 E1944.39106
G1 X169 Y135.9 E1944.41349
G1 X169.479 Y135.946 E1944.43021
G1 X170.154 Y136.171 E1944.45494
G1 X170.617 Y136.47 E1944.4741
G1 X170.817 Y136.648 E1944.48341
G1 X171.204 Y137.131 E1944.50492
G1 X171.468 Y137.697 E1944.52662
G1 X171.588 Y138.316 E1944.54854
G1 X171.573 Y138.87 E1944.5678
G1 X171.468 Y139.299 E1944.58315
G1 X171.207 Y139.864 E1944.60478
G1 X170.817 Y140.352 E1944.6265
G1 X170.321 Y140.734 E1944.64826
G1 X170.084 Y140.858 E1944.65755
G1 X169.546 Y141.04 E1944.67729
G1 X169 Y141.1 E1944.69638
G1 F2400 E1944.19638
G1 F600 Z3.7
G0 F15000 X161.932 Y136.464 Z3.7
G1 F600 Z3.3
G1 F2400 E1944.69638
G1 F10500 X161.604 Y136.946 E1944.71665
G1 X161.262 Y137.25 E1944.73255
G1 X160.75 Y137.524 E1944.75274
G1 X160.297 Y137.638 E1944.76897
G1 X159.767 Y137.647 E1944.7874
G1 X159.226 Y137.521 E1944.8067
G1 X158.75 Y137.259 E1944.82559
G1 X158.388 Y136.937 E1944.84243
G1 X158.09 Y136.509 E1944.86055
G1 X157.904 Y136.034 E1944.87828
G1 X157.84 Y135.5 E1944.89698
G1 X157.924 Y134.901 E1944.918
G1 X158.128 Y134.425 E1944.936
G1 X158.439 Y134.009 E1944.95405
G1 X158.838 Y133.681 E1944.972
G1 X159.304 Y133.455 E1944.99
G1 X159.702 Y133.357 E1945.00425
G1 X160.341 Y133.367 E1945.02646
G1 X160.839 Y133.511 E1945.04448
G1 X161.159 Y133.679 E1945.05704
G1 X161.561 Y134.009 E1945.07512
G1 X161.938 Y134.545 E1945.0979
G1 X162.085 Y134.939 E1945.11251
G1 X162.159 Y135.458 E1945.13073
G1 X162.094 Y136.03 E1945.15074
G1 X161.932 Y136.464 E1945.16684
G0 F15000 X162.313 Y136.698
G1 F10500 X161.959 Y137.217 E1945.18868
G1 X161.489 Y137.636 E1945.21056
G1 X160.91 Y137.944 E1945.23336
G1 X160.241 Y138.087 E1945.25714
G1 X159.669 Y138.086 E1945.27702
G1 X159.033 Y137.913 E1945.29993
G1 X158.524 Y137.646 E1945.3199
G1 X158.062 Y137.233 E1945.34144
G1 X157.703 Y136.718 E1945.36326
G1 X157.461 Y136.104 E1945.3862
G1 X157.4 Y135.5 E1945.4073
G1 X157.446 Y135.018 E1945.42413
G1 X157.514 Y134.741 E1945.43404
G1 X157.766 Y134.175 E1945.45558
G1 X158.148 Y133.679 E1945.47734
G1 X158.631 Y133.292 E1945.49885
G1 X159.197 Y133.028 E1945.52055
G1 X159.626 Y132.924 E1945.5359
G1 X160.18 Y132.908 E1945.55516
G1 X160.799 Y133.028 E1945.57708
G1 X161.364 Y133.29 E1945.59872
G1 X161.852 Y133.679 E1945.62041
G1 X162.03 Y133.879 E1945.62972
G1 X162.344 Y134.376 E1945.65015
G1 X162.53 Y134.899 E1945.66944
G1 X162.605 Y135.486 E1945.69001
G1 X162.538 Y136.091 E1945.71117
G1 X162.313 Y136.698 E1945.73367
G1 F2400 E1945.23367
G1 F600 Z3.7
G0 F15000 X151.657 Y136.568 Z3.7
G1 F600 Z3.3
G1 F2400 E1945.73367
G1 F10500 X151.605 Y136.766 E1945.74078
G1 X151.438 Y136.995 E1945.75064
G1 X151.136 Y137.16 E1945.7626
G1 X140.961 Y137.159 E1946.11625
G1 X140.786 Y137.125 E1946.12244
G1 X140.511 Y136.944 E1946.13389
G1 X140.394 Y136.763 E1946.14138
G1 X140.34 Y136.59 E1946.14768
G1 X140.34 Y130.867 E1946.34659
G1 X140.472 Y130.604 E1946.35682
G1 X140.689 Y130.417 E1946.36677
G1 X140.915 Y130.34 E1946.37507
G1 X151 Y130.34 E1946.72559
G1 X151.311 Y130.417 E1946.73673
G1 X151.528 Y130.604 E1946.74669
G1 X151.66 Y130.867 E1946.75691
G1 X151.657 Y136.568 E1946.95506
G0 F15000 X152.095 Y136.612
G1 F10500 X152.008 Y136.943 E1946.96696
G1 X151.73 Y137.324 E1946.98335
G1 X151.461 Y137.5 E1946.99452
G1 X151.06 Y137.599 E1947.00888
G1 X140.935 Y137.599 E1947.36079
G1 X140.544 Y137.502 E1947.3748
G1 X140.27 Y137.324 E1947.38615
G1 X140.092 Y137.123 E1947.39548
G1 X139.942 Y136.805 E1947.4077
G1 X139.905 Y136.607 E1947.4147
G1 X139.9 Y131 E1947.60959
G1 X139.944 Y130.691 E1947.62043
G1 X140.12 Y130.34 E1947.63408
G1 X140.482 Y130.029 E1947.65067
G1 F8667.9 X140.811 Y129.81 E1947.66731
G1 F7380.2 X142.085 Y129.81 E1947.73031
G1 F7392 X143.359 Y129.81 E1947.79321
G1 F7403.8 X144.633 Y129.81 E1947.856
G1 F7415.7 X145.907 Y129.81 E1947.9187
G1 X147.181 Y129.81 E1947.9814
G1 F7427.7 X148.455 Y129.81 E1948.04399
G1 F7439.6 X149.729 Y129.81 E1948.10649
G1 F7451.6 X151.003 Y129.81 E1948.16888
G1 F8717 X151.518 Y130.029 E1948.19231
G1 F10500 X151.88 Y130.34 E1948.2089
G1 X152.056 Y130.691 E1948.22255
G1 X152.1 Y131 E1948.2334
G1 X152.095 Y136.612 E1948.42845
G1 F2400 E1947.92845
G1 F600 Z3.7
G0 F15000 X134.16 Y135.5 Z3.7
G1 F600 Z3.3
G1 F2400 E1948.42845
G1 F10500 X134.107 Y135.97 E1948.44489
G1 X133.911 Y136.506 E1948.46473
G1 X133.612 Y136.937 E1948.48296
G1 X133.249 Y137.26 E1948.49985
G1 X132.774 Y137.515 E1948.51859
G1 X132.267 Y137.643 E1948.53676
G1 X131.816 Y137.648 E1948.55244
G1 X131.303 Y137.541 E1948.57065
G1 X130.838 Y137.315 E1948.58862
G1 X130.375 Y136.934 E1948.60946
G1 X130.056 Y136.435 E1948.63005
G1 X129.889 Y135.97 E1948.64722
G1 X129.843 Y135.574 E1948.66107
G1 X129.89 Y134.981 E1948.68175
G1 X130.128 Y134.425 E1948.70277
G1 X130.439 Y134.009 E1948.72082
G1 X130.838 Y133.681 E1948.73878
G1 X131.282 Y133.461 E1948.756
G1 X131.702 Y133.357 E1948.77104
G1 X132.341 Y133.367 E1948.79325
G1 X132.839 Y133.511 E1948.81127
G1 X133.159 Y133.679 E1948.82383
G1 X133.561 Y134.009 E1948.84191
G1 X133.92 Y134.489 E1948.86274
G1 X134.112 Y135.059 E1948.88365
G1 X134.16 Y135.5 E1948.89906
G0 F15000 X134.6 Y135.5
G1 F10500 X134.533 Y136.108 E1948.92032
G1 X134.3 Y136.713 E1948.94286
G1 X133.937 Y137.233 E1948.9649
G1 X133.473 Y137.649 E1948.98656
G1 X132.935 Y137.924 E1949.00756
G1 X132.324 Y138.079 E1949.02947
G1 X131.663 Y138.091 E1949.05245
G1 X130.947 Y137.872 E1949.07847
G1 X130.42 Y137.557 E1949.09981
G1 X129.97 Y137.117 E1949.12168
G1 X129.646 Y136.595 E1949.14304
G1 F9788.1 X129.485 Y136.265 E1949.15673
G1 F7993.1 X129.352 Y136.064 E1949.16773
G1 F7241.4 X129.315 Y135.634 E1949.18948
G1 F7403.8 X129.315 Y135.368 E1949.2026
G1 F7287.1 X129.345 Y135.007 E1949.22074
G1 F8400 X129.506 Y134.739 E1949.23432
G1 F10312.5 X129.646 Y134.401 E1949.24727
G1 F10500 X129.97 Y133.879 E1949.26862
G1 X130.148 Y133.679 E1949.27793
G1 X130.631 Y133.292 E1949.29944
G1 X131.161 Y133.038 E1949.31987
G1 X131.626 Y132.924 E1949.33651
G1 X132.18 Y132.908 E1949.35577
G1 X132.799 Y133.028 E1949.37768
G1 X133.364 Y133.29 E1949.39933
G1 X133.852 Y133.679 E1949.42102
G1 X134.234 Y134.175 E1949.44278
G1 X134.486 Y134.752 E1949.46466
G1 X134.6 Y135.5 E1949.49096
G1 F2400 E1948.99096
G1 F600 Z3.7
G0 F15000 X132.267 Y166.353 Z3.7
G1 F600 Z3.3
G1 F2400 E1949.49096
G1 F10500 X132.769 Y166.479 E1949.50895
G1 X133.25 Y166.737 E1949.52792
G1 X133.613 Y167.06 E1949.54481
G1 X133.911 Y167.49 E1949.563
G1 X134.087 Y167.944 E1949.57992
G1 X134.16 Y168.5 E1949.59941
G1 X134.107 Y168.97 E1949.61585
G1 X133.946 Y169.429 E1949.63276
G1 X133.625 Y169.934 E1949.65355
G1 X133.159 Y170.317 E1949.67452
G1 X132.693 Y170.541 E1949.69249
G1 X132.294 Y170.639 E1949.70677
G1 X131.816 Y170.648 E1949.72339
G1 X131.282 Y170.535 E1949.74236
G1 X130.838 Y170.315 E1949.75958
G1 X130.375 Y169.934 E1949.78042
G1 X130.056 Y169.435 E1949.80101
G1 X129.889 Y168.97 E1949.81818
G1 X129.843 Y168.574 E1949.83203
G1 X129.89 Y167.981 E1949.85271
G1 X130.128 Y167.425 E1949.87373
G1 X130.439 Y167.009 E1949.89178
G1 X130.838 Y166.681 E1949.90974
G1 X131.303 Y166.455 E1949.9277
G1 X131.816 Y166.348 E1949.94592
G1 X132.267 Y166.353 E1949.9616
G0 F15000 X132.324 Y165.917
G1 F10500 X132.926 Y166.068 E1949.98317
G1 X133.472 Y166.347 E1950.00448
G1 X133.939 Y166.764 E1950.02624
G1 X134.3 Y167.284 E1950.04824
G1 X134.507 Y167.814 E1950.06802
G1 X134.6 Y168.5 E1950.09208
G1 X134.54 Y169.046 E1950.11117
G1 X134.358 Y169.584 E1950.13091
G1 X134.03 Y170.117 E1950.15266
G1 X133.58 Y170.557 E1950.17454
G1 X133.364 Y170.706 E1950.18366
G1 X132.799 Y170.968 E1950.2053
G1 X132.37 Y171.072 E1950.22065
G1 X131.816 Y171.088 E1950.23991
G1 X131.161 Y170.958 E1950.26312
G1 X130.631 Y170.704 E1950.28355
G1 X130.148 Y170.317 E1950.30506
G1 X129.97 Y170.117 E1950.31436
G1 X129.646 Y169.595 E1950.33572
G1 F9788.1 X129.485 Y169.265 E1950.34941
G1 F7993.1 X129.352 Y169.064 E1950.36041
G1 F7241.4 X129.315 Y168.634 E1950.38216
G1 F7403.8 X129.315 Y168.368 E1950.39527
G1 F7287.1 X129.345 Y168.007 E1950.41342
G1 F8400 X129.506 Y167.739 E1950.427
G1 F10312.5 X129.646 Y167.401 E1950.43995
G1 F10500 X129.97 Y166.879 E1950.4613
G1 X130.148 Y166.679 E1950.47061
G1 X130.631 Y166.292 E1950.49212
G1 X131.197 Y166.028 E1950.51382
G1 X131.816 Y165.908 E1950.53574
G1 X132.324 Y165.917 E1950.5534
G1 F2400 E1950.0534
G1 F600 Z3.7
G0 F15000 X132.438 Y171.461 Z3.7
;TYPE:SKIN
G1 F600 Z3.3
G1 F2400 E1950.5534
G1 F9000 X131.816 Y171.484 E1950.57503
G1 X131.055 Y171.34 E1950.60195
G1 X130.41 Y171.033 E1950.62678
G1 X129.894 Y170.62 E1950.64975
G1 X129.423 Y170.028 E1950.67605
G1 X129.08 Y169.417 E1950.7004
G1 X128.995 Y169.795 E1950.71387
G1 X128.997 Y174.503 E1950.8775
G1 X140.261 Y174.504 E1951.269
G1 F8608.7 X140.887 Y174.484 E1951.29176
G1 F8232.8 X143.476 Y174.484 E1951.39013
G1 F8250 X146.065 Y174.485 E1951.4883
G1 F8267.2 X148.654 Y174.485 E1951.58626
G1 F8284.5 X151.243 Y174.485 E1951.68402
G1 F8354.4 X151.319 Y174.489 E1951.68686
G1 F8684.2 X151.785 Y174.504 E1951.70366
G1 F9000 X175.004 Y174.504 E1952.51068
G1 X175.004 Y158.282 E1953.0745
G1 X174.93 Y158.093 E1953.08156
G1 X174.425 Y158.666 E1953.1081
G1 X173.96 Y158.921 E1953.12654
G1 X173.523 Y158.994 E1953.14194
G1 X167.889 Y158.995 E1953.33776
G1 X167.556 Y158.927 E1953.34957
G1 X167.147 Y158.731 E1953.36533
G1 X166.826 Y158.425 E1953.38075
G1 X166.612 Y158.057 E1953.39554
G1 X166.505 Y157.61 E1953.41152
G1 X166.504 Y147.411 E1953.766
G1 X166.594 Y146.975 E1953.78148
G1 X166.775 Y146.636 E1953.79483
G1 X166.988 Y146.392 E1953.80609
G1 X167.277 Y146.189 E1953.81837
G1 X167.57 Y146.064 E1953.82944
G1 X167.852 Y146.008 E1953.83943
G1 X173.523 Y146.006 E1954.03654
G1 X173.959 Y146.079 E1954.0519
G1 X174.428 Y146.332 E1954.07042
G1 X174.792 Y146.756 E1954.08985
G1 X174.933 Y147.009 E1954.09991
G1 X175.004 Y146.722 E1954.11019
G1 X175.004 Y129.496 E1954.70891
G1 X151.774 Y129.496 E1955.51631
G1 X151.49 Y129.564 E1955.52646
G1 X151.724 Y129.692 E1955.53573
G1 X152.198 Y130.098 E1955.55742
G1 X152.421 Y130.54 E1955.57463
G1 X152.494 Y130.972 E1955.58986
G1 X152.495 Y136.614 E1955.78596
G1 X152.367 Y137.107 E1955.80366
G1 X152.218 Y137.366 E1955.81405
G1 X152.003 Y137.61 E1955.82535
G1 X151.543 Y137.896 E1955.84417
G1 X151.1 Y137.99 E1955.85991
G1 X140.773 Y137.988 E1956.21885
G1 X140.171 Y137.753 E1956.24131
G1 X139.781 Y137.364 E1956.26046
G1 X139.564 Y136.923 E1956.27754
G1 X139.508 Y136.644 E1956.28743
G1 X139.506 Y130.972 E1956.48457
G1 X139.578 Y130.542 E1956.49972
G1 X139.83 Y130.071 E1956.51829
G1 X140.402 Y129.568 E1956.54476
G1 X140.215 Y129.496 E1956.55173
G1 X128.996 Y129.496 E1956.94167
G1 X128.996 Y134.499 E1957.11555
G1 X129.066 Y134.649 E1957.12131
G1 X129.142 Y134.559 E1957.1254
G1 X129.446 Y133.936 E1957.1495
G1 X129.894 Y133.372 E1957.17453
G1 X130.454 Y132.932 E1957.19928
G1 X131.018 Y132.668 E1957.22093
G1 X131.554 Y132.531 E1957.24016
G1 X132.202 Y132.513 E1957.26269
G1 X132.554 Y132.557 E1957.27502
G1 X133.241 Y132.778 E1957.3001
G1 X133.813 Y133.118 E1957.32323
G1 X134.331 Y133.623 E1957.34837
G1 X134.735 Y134.286 E1957.37536
G1 X134.931 Y134.918 E1957.39836
G1 X134.996 Y135.495 E1957.41854
G1 X134.921 Y136.186 E1957.44269
G1 X134.639 Y136.919 E1957.46999
G1 X134.284 Y137.447 E1957.49211
G1 X133.696 Y137.977 E1957.51962
G1 X133.026 Y138.318 E1957.54575
G1 X132.398 Y138.467 E1957.56818
G1 X131.788 Y138.483 E1957.58939
G1 X131.435 Y138.435 E1957.60177
G1 X130.772 Y138.231 E1957.62588
G1 X130.18 Y137.868 E1957.65002
G1 X129.563 Y137.268 E1957.67993
G1 X129.08 Y136.417 E1957.71394
G1 X128.996 Y136.795 E1957.7274
G1 X128.996 Y167.499 E1958.79458
G1 X129.066 Y167.649 E1958.80033
G1 X129.142 Y167.559 E1958.80442
G1 X129.446 Y166.936 E1958.82852
G1 X129.895 Y166.371 E1958.8536
G1 X130.455 Y165.936 E1958.87825
G1 X131.115 Y165.639 E1958.9034
G1 X131.775 Y165.515 E1958.92674
G1 X132.399 Y165.525 E1958.94843
G1 X133.044 Y165.683 E1958.97151
G1 X133.685 Y166.01 E1958.99652
G1 X134.221 Y166.485 E1959.02142
G1 X134.659 Y167.089 E1959.04735
G1 X134.924 Y167.805 E1959.07388
G1 X134.996 Y168.496 E1959.09803
G1 X134.929 Y169.111 E1959.11953
G1 X134.712 Y169.759 E1959.14329
G1 X134.331 Y170.373 E1959.1684
G1 X133.851 Y170.845 E1959.1918
G1 X133.535 Y171.065 E1959.20518
G1 X132.893 Y171.35 E1959.2296
G1 X132.438 Y171.461 E1959.24587
G1 F2400 E1958.74587
G1 F600 Z3.7
G0 F15000 X151.716 Y173.815 Z3.7
G1 F600 Z3.3
G1 F2400 E1959.24587
G1 F8627.5 X151.201 Y174.012 E1959.26587
G1 F8284.5 X148.637 Y174.012 E1959.36268
G1 F8267.2 X146.073 Y174.011 E1959.45969
G1 F8250 X143.509 Y174.01 E1959.55691
G1 F8232.8 X140.945 Y174.01 E1959.65433
G1 F8608.7 X140.289 Y173.823 E1959.67912
G1 F9000 X139.832 Y173.431 E1959.70005
G1 X139.578 Y172.953 E1959.71886
G1 X139.506 Y172.524 E1959.73398
G1 X139.507 Y166.881 E1959.93011
G1 X139.56 Y166.587 E1959.9405
G1 X139.676 Y166.301 E1959.95122
G1 X139.955 Y165.922 E1959.96758
G1 X140.278 Y165.685 E1959.9815
G1 X140.64 Y165.546 E1959.99498
G1 X140.907 Y165.504 E1960.00438
G1 X151.097 Y165.505 E1960.35855
G1 X151.425 Y165.565 E1960.37014
G1 X151.682 Y165.664 E1960.37971
G1 X152.104 Y165.992 E1960.39829
G1 X152.327 Y166.308 E1960.41173
G1 X152.493 Y166.87 E1960.4321
G1 X152.494 Y172.524 E1960.62861
G1 X152.421 Y172.955 E1960.64381
G1 X152.164 Y173.431 E1960.66261
G1 X151.716 Y173.815 E1960.68312
G1 F2400 E1960.18312
G1 F600 Z3.7
G0 F15000 X160.893 Y171.35 Z3.7
G1 F600 Z3.3
G1 F2400 E1960.68312
G1 F9000 X160.438 Y171.461 E1960.69939
G1 X159.788 Y171.483 E1960.722
G1 X159.435 Y171.435 E1960.73438
G1 X158.773 Y171.231 E1960.75846
G1 X158.141 Y170.837 E1960.78434
G1 X157.636 Y170.328 E1960.80926
G1 X157.271 Y169.727 E1960.8337
G1 X157.063 Y169.107 E1960.85643
G1 X157.004 Y168.482 E1960.87825
G1 X157.072 Y167.783 E1960.90266
G1 X157.364 Y167.074 E1960.92931
G1 X157.718 Y166.539 E1960.95161
G1 X158.244 Y166.071 E1960.97608
G1 X158.905 Y165.695 E1961.00251
G1 X159.605 Y165.524 E1961.02756
G1 X160.335 Y165.508 E1961.05294
G1 X161.038 Y165.687 E1961.07815
G1 X161.634 Y165.988 E1961.10136
G1 X162.176 Y166.44 E1961.12589
G1 X162.617 Y167.04 E1961.15177
G1 X162.891 Y167.718 E1961.17718
G1 X163.008 Y168.505 E1961.20484
G1 X162.902 Y169.23 E1961.2303
G1 X162.671 Y169.846 E1961.25317
G1 X162.331 Y170.373 E1961.27497
G1 X161.851 Y170.845 E1961.29837
G1 X161.535 Y171.065 E1961.31175
G1 X160.893 Y171.35 E1961.33616
G1 F2400 E1960.83616
G1 F600 Z3.7
G0 F15000 X169.597 Y169.431 Z3.7
G1 F600 Z3.3
G1 F2400 E1961.33616
G1 F9000 X168.996 Y169.496 E1961.35717
G1 X168.423 Y169.431 E1961.37722
G1 X167.76 Y169.227 E1961.40133
G1 X167.053 Y168.781 E1961.43038
G1 X166.559 Y168.24 E1961.45584
G1 X166.189 Y167.576 E1961.48226
G1 X166.021 Y166.853 E1961.50806
G1 X166.01 Y166.163 E1961.53205
G1 X166.194 Y165.412 E1961.55892
G1 X166.542 Y164.777 E1961.58409
G1 X167.044 Y164.218 E1961.6102
G1 X167.597 Y163.847 E1961.63335
G1 X168.309 Y163.571 E1961.65989
G1 X169.022 Y163.504 E1961.68478
G1 X169.522 Y163.552 E1961.70224
G1 X169.874 Y163.638 E1961.71483
G1 X170.556 Y163.946 E1961.74084
G1 X171.12 Y164.394 E1961.76588
G1 X171.55 Y164.932 E1961.78982
G1 X171.837 Y165.565 E1961.81397
G1 X171.984 Y166.324 E1961.84084
G1 X171.961 Y166.938 E1961.8622
G1 X171.837 Y167.431 E1961.87987
G1 X171.553 Y168.057 E1961.90376
G1 X171.083 Y168.639 E1961.92976
G1 X170.398 Y169.167 E1961.95982
G1 X169.597 Y169.431 E1961.98913
G1 F2400 E1961.48913
G1 F600 Z3.7
G0 F15000 X169.611 Y141.429 Z3.7
G1 F600 Z3.3
G1 F2400 E1961.98913
G1 F9000 X169.001 Y141.492 E1962.01045
G1 X168.31 Y141.421 E1962.03459
G1 X167.609 Y141.157 E1962.06063
G1 X167.048 Y140.785 E1962.08402
G1 X166.578 Y140.263 E1962.10844
G1 X166.226 Y139.65 E1962.13301
G1 X166.008 Y138.843 E1962.16206
G1 X166.024 Y138.103 E1962.18779
G1 X166.185 Y137.438 E1962.21157
G1 X166.514 Y136.809 E1962.23624
G1 X166.982 Y136.27 E1962.26105
G1 X167.55 Y135.872 E1962.28515
G1 X168.278 Y135.575 E1962.31248
G1 X168.996 Y135.504 E1962.33756
G1 X169.564 Y135.562 E1962.3574
G1 X170.32 Y135.807 E1962.38503
G1 X170.863 Y136.16 E1962.40754
G1 X171.12 Y136.394 E1962.41962
G1 X171.55 Y136.932 E1962.44355
G1 X171.837 Y137.565 E1962.46771
G1 X171.984 Y138.324 E1962.49458
G1 X171.961 Y138.938 E1962.51594
G1 X171.837 Y139.431 E1962.53361
G1 X171.553 Y140.057 E1962.5575
G1 X171.084 Y140.638 E1962.58345
G1 X170.555 Y141.051 E1962.60678
G1 X170.251 Y141.215 E1962.61878
G1 X169.611 Y141.429 E1962.64224
G1 F2400 E1962.14224
G1 F600 Z3.7
G0 F15000 X161.084 Y138.294 Z3.7
G1 F600 Z3.3
G1 F2400 E1962.64224
G1 F9000 X160.425 Y138.464 E1962.66589
G1 X159.641 Y138.48 E1962.69315
G1 X158.888 Y138.293 E1962.72011
G1 X158.248 Y137.929 E1962.7457
G1 X157.729 Y137.465 E1962.7699
G1 X157.349 Y136.904 E1962.79345
G1 X157.076 Y136.205 E1962.81953
G1 X157.004 Y135.483 E1962.84475
G1 X157.052 Y134.975 E1962.86249
G1 X157.151 Y134.582 E1962.87657
G1 X157.446 Y133.936 E1962.90126
G1 X157.895 Y133.371 E1962.92634
G1 X158.455 Y132.936 E1962.95099
G1 X159.103 Y132.642 E1962.97572
G1 X159.554 Y132.531 E1962.99186
G1 X160.202 Y132.513 E1963.01439
G1 X160.554 Y132.557 E1963.02672
G1 X161.241 Y132.778 E1963.05181
G1 X161.836 Y133.132 E1963.07587
G1 X162.359 Y133.662 E1963.10175
G1 X162.691 Y134.19 E1963.12343
G1 X162.92 Y134.79 E1963.14575
G1 X162.992 Y135.527 E1963.17149
G1 X162.919 Y136.195 E1963.19484
G1 X162.671 Y136.868 E1963.21977
G1 X162.265 Y137.469 E1963.24498
G1 X161.696 Y137.971 E1963.27135
G1 X161.084 Y138.294 E1963.29541
G1 F2400 E1962.79541
G1 F600 Z3.7
G0 F15000 X129.217 Y130.263 Z3.7
G1 F600 Z3.3
G1 F2400 E1963.29541
G1 F9000 X129.763 Y129.717 E1963.32224
G0 F15000 X130.386 Y129.717
G1 F9000 X129.217 Y130.885 E1963.37968
G0 F15000 X129.218 Y131.506
G1 F9000 X131.008 Y129.717 E1963.46764
G0 F15000 X131.63 Y129.717
G1 F9000 X129.218 Y132.129 E1963.5862
G0 F15000 X129.219 Y132.75
G1 F9000 X132.252 Y129.717 E1963.73528
G0 F15000 X132.875 Y129.717
G1 F9000 X129.22 Y133.372 E1963.91494
G1 X129.143 Y133.449
G1 F2400 E1963.41494
G1 F600 Z3.7
G0 F15000 X130.581 Y132.633 Z3.7
G1 F600 Z3.3
G1 F2400 E1963.91494
G1 F9000 X133.497 Y129.717 E1964.05827
G0 F15000 X134.119 Y129.717
G1 F9000 X131.522 Y132.314 E1964.18592
G0 F15000 X132.162 Y132.296
G1 F9000 X134.741 Y129.717 E1964.31269
G0 F15000 X135.364 Y129.717
G1 F9000 X132.706 Y132.375 E1964.44334
G0 F15000 X133.179 Y132.523
G1 F9000 X135.986 Y129.717 E1964.58129
G0 F15000 X136.608 Y129.717
G1 F9000 X133.593 Y132.732 E1964.72949
G0 F15000 X133.981 Y132.966
G1 F9000 X137.23 Y129.717 E1964.88919
G0 F15000 X137.853 Y129.717
G1 F9000 X134.293 Y133.276 E1965.06415
G0 F15000 X134.586 Y133.606
G1 F9000 X138.475 Y129.717 E1965.25531
G0 F15000 X139.097 Y129.717
G1 F9000 X134.821 Y133.992 E1965.46546
G0 F15000 X135.009 Y134.427
G1 F9000 X139.719 Y129.717 E1965.69698
G1 X139.796 Y129.64
G1 F2400 E1965.19698
G1 F600 Z3.7
G0 F15000 X139.327 Y130.731 Z3.7
G1 F600 Z3.3
G1 F2400 E1965.69698
G1 F9000 X135.156 Y134.903 E1965.90202
G0 F15000 X135.213 Y135.468
G1 F9000 X139.288 Y131.392 E1966.10235
G0 F15000 X139.288 Y132.015
G1 F9000 X135.14 Y136.163 E1966.30624
G1 X135.063 Y136.24
G1 F2400 E1965.80624
G1 F600 Z3.7
G0 F15000 X134.696 Y137.229 Z3.7
G1 F600 Z3.3
G1 F2400 E1966.30624
G1 F9000 X139.288 Y132.637 E1966.53195
G0 F15000 X139.288 Y133.259
G1 F9000 X129.218 Y143.329 E1967.02693
G0 F15000 X129.218 Y143.951
G1 F9000 X139.289 Y133.881 E1967.52193
G0 F15000 X139.289 Y134.503
G1 F9000 X129.218 Y144.574 E1968.01695
G0 F15000 X129.218 Y145.196
G1 F9000 X139.289 Y135.125 E1968.51198
G0 F15000 X139.289 Y135.748
G1 F9000 X129.218 Y145.818 E1969.00698
G0 F15000 X129.218 Y146.44
G1 F9000 X139.289 Y136.37 E1969.50198
G0 F15000 X139.344 Y136.937
G1 F9000 X129.219 Y147.062 E1969.99966
G0 F15000 X129.219 Y147.684
G1 F9000 X139.537 Y137.366 E1970.50683
G0 F15000 X139.816 Y137.71
G1 F9000 X129.219 Y148.306 E1971.02768
G0 F15000 X129.219 Y148.929
G1 F9000 X140.162 Y137.986 E1971.56557
G0 F15000 X140.607 Y138.162
G1 F9000 X129.219 Y149.551 E1972.12536
G0 F15000 X129.219 Y150.173
G1 F9000 X141.18 Y138.212 E1972.71328
G0 F15000 X141.802 Y138.212
G1 F9000 X129.219 Y150.795 E1973.33178
G0 F15000 X129.219 Y151.418
G1 F9000 X142.425 Y138.212 E1973.98091
G0 F15000 X143.047 Y138.212
G1 F9000 X129.219 Y152.04 E1974.6606
G0 F15000 X129.219 Y152.662
G1 F9000 X143.669 Y138.212 E1975.37087
G0 F15000 X144.292 Y138.212
G1 F9000 X129.219 Y153.284 E1976.11174
G0 F15000 X129.219 Y153.907
G1 F9000 X144.914 Y138.212 E1976.8832
G0 F15000 X145.536 Y138.212
G1 F9000 X129.219 Y154.529 E1977.68524
G0 F15000 X129.219 Y155.151
G1 F9000 X146.158 Y138.212 E1978.51786
G0 F15000 X146.781 Y138.212
G1 F9000 X129.219 Y155.774 E1979.38109
G0 F15000 X129.219 Y156.396
G1 F9000 X147.403 Y138.212 E1980.2749
G0 F15000 X148.025 Y138.212
G1 F9000 X129.22 Y157.017 E1981.19923
G0 F15000 X129.22 Y157.64
G1 F9000 X148.647 Y138.212 E1982.15417
G0 F15000 X149.27 Y138.212
G1 F9000 X129.22 Y158.262 E1983.1397
G0 F15000 X129.22 Y158.884
G1 F9000 X149.892 Y138.212 E1984.1558
G0 F15000 X150.514 Y138.212
G1 F9000 X129.22 Y159.506 E1985.20248
G0 F15000 X129.22 Y160.129
G1 F9000 X151.149 Y138.199 E1986.28039
G1 X151.226 Y138.122
G1 F2400 E1985.78039
G1 F600 Z3.7
G0 F15000 X152.714 Y136.634 Z3.7
G1 F600 Z3.3
G1 F2400 E1986.28039
G1 F9000 X159.632 Y129.716 E1986.62043
G0 F15000 X160.254 Y129.716
G1 F9000 X129.22 Y160.751 E1988.14589
G0 F15000 X129.22 Y161.373
G1 F9000 X160.877 Y129.716 E1989.70195
G0 F15000 X161.499 Y129.716
G1 F9000 X158.577 Y132.638 E1989.84557
G1 X158.5 Y132.715
G1 F2400 E1989.34557
G1 F600 Z3.7
G0 F15000 X159.523 Y132.314 Z3.7
G1 F600 Z3.3
G1 F2400 E1989.84557
G1 F9000 X162.121 Y129.716 E1989.97327
G0 F15000 X162.743 Y129.716
G1 F9000 X160.163 Y132.296 E1990.10009
G0 F15000 X160.707 Y132.375
G1 F9000 X163.366 Y129.716 E1990.23079
G0 F15000 X163.988 Y129.716
G1 F9000 X161.18 Y132.524 E1990.36881
G0 F15000 X161.594 Y132.732
G1 F9000 X164.61 Y129.716 E1990.51706
G0 F15000 X165.232 Y129.716
G1 F9000 X161.982 Y132.966 E1990.67681
G0 F15000 X162.293 Y133.278
G1 F9000 X165.855 Y129.716 E1990.85189
G0 F15000 X166.477 Y129.716
G1 F9000 X162.584 Y133.609 E1991.04325
G0 F15000 X162.822 Y133.993
G1 F9000 X167.099 Y129.716 E1991.25348
G0 F15000 X167.721 Y129.716
G1 F9000 X163.017 Y134.42 E1991.4847
G0 F15000 X163.156 Y134.904
G1 F9000 X168.344 Y129.716 E1991.73971
G0 F15000 X168.966 Y129.716
G1 F9000 X163.209 Y135.473 E1992.02268
G0 F15000 X163.142 Y136.162
G1 F9000 X169.588 Y129.716 E1992.33953
G0 F15000 X170.211 Y129.716
G1 F9000 X162.678 Y137.249 E1992.7098
G1 X162.601 Y137.326
G1 F2400 E1992.2098
G1 F600 Z3.7
G0 F15000 X161.719 Y138.208 Z3.7
G1 F600 Z3.3
G1 F2400 E1992.7098
G1 F9000 X133.961 Y165.965 E1994.07418
G0 F15000 X134.29 Y166.258
G1 F9000 X170.833 Y129.716 E1995.87038
G0 F15000 X171.455 Y129.716
G1 F9000 X134.574 Y166.596 E1997.68319
G0 F15000 X134.835 Y166.959
G1 F9000 X172.077 Y129.716 E1999.51379
G0 F15000 X172.7 Y129.716
G1 F9000 X135.011 Y167.405 E2001.36634
G0 F15000 X135.154 Y167.884
G1 F9000 X166.309 Y136.729 E2002.89772
G1 X166.386 Y136.652
G1 F2400 E2002.39772
G1 F600 Z3.7
G0 F15000 X165.877 Y137.783 Z3.7
G1 F600 Z3.3
G1 F2400 E2002.89772
G1 F9000 X135.212 Y168.448 E2004.40502
G0 F15000 X135.149 Y169.134
G1 F9000 X165.795 Y138.487 E2005.9114
G0 F15000 X165.837 Y139.067
G1 F9000 X134.697 Y170.208 E2007.44207
G1 X134.62 Y170.285
G1 F2400 E2006.94207
G1 F600 Z3.7
G0 F15000 X133.671 Y171.234 Z3.7
G1 F600 Z3.3
G1 F2400 E2007.44207
G1 F9000 X130.621 Y174.283 E2007.59196
G0 F15000 X131.243 Y174.283
G1 F9000 X165.973 Y139.554 E2009.29904
G0 F15000 X166.166 Y139.983
G1 F9000 X140.859 Y165.29 E2010.54297
G0 F15000 X141.486 Y165.286
G1 F9000 X166.391 Y140.38 E2011.76717
G0 F15000 X166.683 Y140.711
G1 F9000 X142.108 Y165.286 E2012.97512
G0 F15000 X142.73 Y165.286
G1 F9000 X167 Y141.015 E2014.1681
G0 F15000 X167.376 Y141.262
G1 F9000 X143.352 Y165.286 E2015.34897
G0 F15000 X143.975 Y165.286
G1 F9000 X167.797 Y141.463 E2016.51993
G0 F15000 X168.248 Y141.634
G1 F9000 X144.597 Y165.286 E2017.68248
G0 F15000 X145.219 Y165.286
G1 F9000 X168.813 Y141.692 E2018.84221
G0 F15000 X169.462 Y141.665
G1 F9000 X145.841 Y165.286 E2020.00327
G0 F15000 X146.464 Y165.286
G1 F9000 X170.337 Y141.412 E2021.17674
G1 X170.414 Y141.335
G1 F2400 E2020.67674
G1 F600 Z3.7
G0 F15000 X171.879 Y139.87 Z3.7
G1 F600 Z3.3
G1 F2400 E2021.17674
G1 F9000 X174.784 Y136.965 E2021.31953
G0 F15000 X174.784 Y137.587
G1 F9000 X147.086 Y165.286 E2022.68101
G0 F15000 X147.708 Y165.286
G1 F9000 X174.784 Y138.21 E2024.01189
G0 F15000 X174.784 Y138.832
G1 F9000 X167.825 Y145.791 E2024.35395
G0 F15000 X168.449 Y145.789
G1 F9000 X174.784 Y139.454 E2024.66534
G0 F15000 X174.784 Y140.076
G1 F9000 X169.071 Y145.789 E2024.94616
G0 F15000 X169.694 Y145.789
G1 F9000 X174.784 Y140.699 E2025.19635
G0 F15000 X174.784 Y141.321
G1 F9000 X170.316 Y145.789 E2025.41597
G0 F15000 X170.939 Y145.788
G1 F9000 X174.784 Y141.943 E2025.60496
G0 F15000 X174.784 Y142.565
G1 F9000 X171.561 Y145.788 E2025.76338
G0 F15000 X172.183 Y145.788
G1 F9000 X174.784 Y143.188 E2025.89121
G0 F15000 X174.784 Y143.81
G1 F9000 X172.806 Y145.788 E2025.98843
G0 F15000 X173.428 Y145.788
G1 F9000 X174.784 Y144.432 E2026.05509
G0 F15000 X174.784 Y145.054
G1 F9000 X173.972 Y145.866 E2026.095
G0 F15000 X174.404 Y146.057
G1 F9000 X174.784 Y145.677 E2026.11368
G1 F2400 E2025.61368
G1 F600 Z3.7
G0 F15000 X172.179 Y138.948 Z3.7
G1 F600 Z3.3
G1 F2400 E2026.11368
G1 F9000 X174.784 Y136.343 E2026.24172
G0 F15000 X174.784 Y135.721
G1 F9000 X172.204 Y138.301 E2026.36854
G0 F15000 X172.108 Y137.775
G1 F9000 X174.784 Y135.098 E2026.5001
G0 F15000 X174.784 Y134.476
G1 F9000 X171.959 Y137.301 E2026.63896
G0 F15000 X171.765 Y136.873
G1 F9000 X174.784 Y133.854 E2026.78735
G0 F15000 X174.784 Y133.232
G1 F9000 X171.5 Y136.516 E2026.94877
G0 F15000 X171.21 Y136.184
G1 F9000 X174.784 Y132.609 E2027.12447
G0 F15000 X174.784 Y131.987
G1 F9000 X170.871 Y135.9 E2027.31681
G0 F15000 X170.491 Y135.658
G1 F9000 X174.784 Y131.365 E2027.52783
G0 F15000 X174.784 Y130.743
G1 F9000 X170.04 Y135.487 E2027.76101
G0 F15000 X169.568 Y135.337
G1 F9000 X174.784 Y130.12 E2028.01742
G0 F15000 X174.566 Y129.716
G1 F9000 X168.998 Y135.284 E2028.29111
G0 F15000 X168.308 Y135.352
G1 F9000 X173.944 Y129.716 E2028.56814
G0 F15000 X173.322 Y129.716
G1 F9000 X167.166 Y135.871 E2028.8707
G1 X167.089 Y135.948
G1 F2400 E2028.3707
G1 F600 Z3.7
G0 F15000 X160.681 Y138.623 Z3.7
G1 F600 Z3.3
G1 F2400 E2028.8707
G1 F9000 X133.588 Y165.716 E2030.20242
G0 F15000 X133.176 Y165.505
G1 F9000 X159.989 Y138.693 E2031.52035
G0 F15000 X159.407 Y138.652
G1 F9000 X132.691 Y165.368 E2032.83354
G0 F15000 X132.14 Y165.298
G1 F9000 X158.909 Y138.529 E2034.14933
G0 F15000 X158.494 Y138.321
G1 F9000 X131.466 Y165.349 E2035.47785
G1 X131.389 Y165.426
G1 F2400 E2034.97785
G1 F600 Z3.7
G0 F15000 X130.536 Y165.657 Z3.7
G1 F600 Z3.3
G1 F2400 E2035.47785
G1 F9000 X158.104 Y138.089 E2036.83292
G0 F15000 X157.774 Y137.797
G1 F9000 X129.22 Y166.351 E2038.23645
G0 F15000 X129.22 Y165.729
G1 F9000 X157.469 Y137.479 E2039.62502
G0 F15000 X157.22 Y137.106
G1 F9000 X129.22 Y165.107 E2041.00134
G0 F15000 X129.22 Y164.484
G1 F9000 X157.026 Y136.678 E2042.36811
G0 F15000 X156.86 Y136.222
G1 F9000 X129.22 Y163.862 E2043.72671
G0 F15000 X129.22 Y163.24
G1 F9000 X156.798 Y135.661 E2045.0823
G0 F15000 X156.827 Y135.01
G1 F9000 X129.22 Y162.618 E2046.4393
G0 F15000 X129.22 Y161.995
G1 F9000 X157.135 Y134.079 E2047.81145
G1 X157.212 Y134.002
G1 F2400 E2047.31145
G1 F600 Z3.7
G0 F15000 X157.143 Y129.716 Z3.7
G1 F600 Z3.3
G1 F2400 E2047.81145
G1 F9000 X152.713 Y134.146 E2048.0292
G0 F15000 X152.714 Y134.767
G1 F9000 X157.765 Y129.716 E2048.27748
G0 F15000 X158.388 Y129.716
G1 F9000 X152.714 Y135.39 E2048.55637
G0 F15000 X152.714 Y136.012
G1 F9000 X159.01 Y129.716 E2048.86584
G1 X159.087 Y129.639
G1 F2400 E2048.36584
G1 F600 Z3.7
G0 F15000 X156.521 Y129.716 Z3.7
G1 F600 Z3.3
G1 F2400 E2048.86584
G1 F9000 X152.713 Y133.524 E2049.05302
G0 F15000 X152.713 Y132.901
G1 F9000 X155.899 Y129.716 E2049.2096
G0 F15000 X155.276 Y129.716
G1 F9000 X152.712 Y132.28 E2049.33563
G0 F15000 X152.712 Y131.658
G1 F9000 X154.654 Y129.716 E2049.43109
G0 F15000 X154.032 Y129.716
G1 F9000 X152.712 Y131.035 E2049.49594
G0 F15000 X152.628 Y130.497
G1 F9000 X153.41 Y129.716 E2049.53436
G0 F15000 X152.787 Y129.716
G1 F9000 X152.431 Y130.072 E2049.55186
G1 F2400 E2049.05186
G1 F600 Z3.7
G0 F15000 X133.7 Y138.225 Z3.7
G1 F600 Z3.3
G1 F2400 E2049.55186
G1 F9000 X129.218 Y142.707 E2049.77216
G0 F15000 X129.218 Y142.085
G1 F9000 X132.677 Y138.625 E2049.94221
G0 F15000 X131.983 Y138.698
G1 F9000 X129.218 Y141.462 E2050.07809
G0 F15000 X129.218 Y140.84
G1 F9000 X131.409 Y138.649 E2050.18579
G0 F15000 X130.928 Y138.508
G1 F9000 X129.218 Y140.218 E2050.26984
G0 F15000 X129.218 Y139.596
G1 F9000 X130.495 Y138.319 E2050.33261
G0 F15000 X130.108 Y138.083
G1 F9000 X129.218 Y138.973 E2050.37636
G0 F15000 X129.218 Y138.351
G1 F9000 X129.78 Y137.79 E2050.40396
G0 F15000 X129.466 Y137.481
G1 F9000 X129.218 Y137.729 E2050.41615
G1 F2400 E2049.91615
G1 F600 Z3.7
G0 F15000 X139.294 Y166.855 Z3.7
G1 F600 Z3.3
G1 F2400 E2050.41615
G1 F9000 X131.866 Y174.283 E2050.78126
G0 F15000 X132.488 Y174.283
G1 F9000 X139.284 Y167.487 E2051.11531
G0 F15000 X139.284 Y168.109
G1 F9000 X133.11 Y174.283 E2051.41878
G0 F15000 X133.732 Y174.283
G1 F9000 X139.284 Y168.731 E2051.69168
G0 F15000 X139.285 Y169.353
G1 F9000 X134.355 Y174.283 E2051.93401
G0 F15000 X134.977 Y174.283
G1 F9000 X139.286 Y169.974 E2052.14581
G0 F15000 X139.286 Y170.597
G1 F9000 X135.599 Y174.283 E2052.32702
G0 F15000 X136.221 Y174.283
G1 F9000 X139.287 Y171.218 E2052.4777
G0 F15000 X139.287 Y171.84
G1 F9000 X136.844 Y174.283 E2052.59778
G0 F15000 X137.466 Y174.283
G1 F9000 X139.287 Y172.462 E2052.68729
G0 F15000 X139.371 Y173.001
G1 F9000 X138.088 Y174.283 E2052.75033
G0 F15000 X138.71 Y174.283
G1 F9000 X139.565 Y173.429 E2052.79233
G0 F15000 X139.832 Y173.784
G1 F9000 X139.333 Y174.283 E2052.81686
G0 F15000 X139.954 Y174.284
G1 F9000 X140.222 Y174.016 E2052.83003
G0 F15000 X140.598 Y174.262
G1 F9000 X140.683 Y174.177 E2052.83421
G1 F2400 E2052.33421
G1 F600 Z3.7
G0 F15000 X132.646 Y171.636 Z3.7
G1 F600 Z3.3
G1 F2400 E2052.83421
G1 F9000 X129.999 Y174.283 E2052.96432
G0 F15000 X129.376 Y174.283
G1 F9000 X131.962 Y171.698 E2053.09141
G0 F15000 X131.407 Y171.631
G1 F9000 X129.217 Y173.82 E2053.19903
G0 F15000 X129.217 Y173.198
G1 F9000 X130.906 Y171.509 E2053.28205
G0 F15000 X130.48 Y171.313
G1 F9000 X129.217 Y172.576 E2053.34413
G0 F15000 X129.217 Y171.954
G1 F9000 X130.103 Y171.068 E2053.38768
G0 F15000 X129.757 Y170.792
G1 F9000 X129.217 Y171.331 E2053.4142
G0 F15000 X129.217 Y170.709
G1 F9000 X129.478 Y170.449 E2053.427
G1 F2400 E2052.927
G1 F600 Z3.7
G0 F15000 X148.33 Y165.286 Z3.7
G1 F600 Z3.3
G1 F2400 E2053.427
G1 F9000 X166.3 Y147.316 E2054.31029
G0 F15000 X166.285 Y147.954
G1 F9000 X148.953 Y165.286 E2055.16222
G0 F15000 X149.575 Y165.286
G1 F9000 X166.285 Y148.576 E2055.98358
G0 F15000 X166.285 Y149.198
G1 F9000 X150.197 Y165.286 E2056.77436
G0 F15000 X150.82 Y165.286
G1 F9000 X166.285 Y149.82 E2057.53455
G0 F15000 X166.285 Y150.443
G1 F9000 X151.392 Y165.335 E2058.26657
G0 F15000 X151.843 Y165.507
G1 F9000 X166.285 Y151.065 E2058.97644
G0 F15000 X166.285 Y151.687
G1 F9000 X152.19 Y165.782 E2059.66926
G0 F15000 X152.466 Y166.128
G1 F9000 X166.285 Y152.309 E2060.34852
G0 F15000 X166.285 Y152.931
G1 F9000 X152.638 Y166.578 E2061.01932
G0 F15000 X152.713 Y167.125
G1 F9000 X166.285 Y153.553 E2061.68643
G0 F15000 X166.285 Y154.175
G1 F9000 X152.713 Y167.748 E2062.35357
G0 F15000 X152.713 Y168.37
G1 F9000 X166.285 Y154.798 E2063.02068
G0 F15000 X166.285 Y155.42
G1 F9000 X152.713 Y168.992 E2063.68779
G0 F15000 X152.713 Y169.614
G1 F9000 X166.285 Y156.042 E2064.3549
G0 F15000 X166.285 Y156.664
G1 F9000 X152.712 Y170.237 E2065.02207
G0 F15000 X152.712 Y170.86
G1 F9000 X166.285 Y157.287 E2065.68923
G0 F15000 X166.337 Y157.857
G1 F9000 X158.556 Y165.638 E2066.07169
G1 X158.479 Y165.715
G1 F2400 E2065.57169
G1 F600 Z3.7
G0 F15000 X159.487 Y165.329 Z3.7
G1 F600 Z3.3
G1 F2400 E2066.07169
G1 F9000 X166.509 Y158.308 E2066.41682
G0 F15000 X166.769 Y158.67
G1 F9000 X160.146 Y165.293 E2066.74237
G0 F15000 X160.691 Y165.37
G1 F9000 X167.112 Y158.949 E2067.05798
G0 F15000 X167.538 Y159.146
G1 F9000 X161.17 Y165.513 E2067.37097
G0 F15000 X161.587 Y165.719
G1 F9000 X168.092 Y159.214 E2067.69071
G0 F15000 X168.714 Y159.214
G1 F9000 X161.956 Y165.971 E2068.02287
G0 F15000 X162.294 Y166.256
G1 F9000 X169.337 Y159.214 E2068.36903
G0 F15000 X169.959 Y159.213
G1 F9000 X162.569 Y166.604 E2068.7323
G0 F15000 X162.825 Y166.969
G1 F9000 X170.582 Y159.213 E2069.11356
G0 F15000 X171.204 Y159.213
G1 F9000 X163.004 Y167.413 E2069.51662
G0 F15000 X163.14 Y167.899
G1 F9000 X166.331 Y164.709 E2069.67345
G1 X166.408 Y164.632
G1 F2400 E2069.17345
G1 F600 Z3.7
G0 F15000 X165.876 Y165.785 Z3.7
G1 F600 Z3.3
G1 F2400 E2069.67345
G1 F9000 X163.221 Y168.441 E2069.80397
G0 F15000 X163.139 Y169.144
G1 F9000 X165.797 Y166.487 E2069.9346
G0 F15000 X165.845 Y167.061
G1 F9000 X162.706 Y170.2 E2070.08889
G1 X162.629 Y170.277
G1 F2400 E2069.58889
G1 F600 Z3.7
G0 F15000 X161.676 Y171.23 Z3.7
G1 F600 Z3.3
G1 F2400 E2070.08889
G1 F9000 X158.622 Y174.284 E2070.23901
G0 F15000 X159.244 Y174.284
G1 F9000 X165.964 Y167.565 E2070.5693
G0 F15000 X166.167 Y167.984
G1 F9000 X159.866 Y174.284 E2070.87899
G0 F15000 X160.488 Y174.284
G1 F9000 X166.391 Y168.382 E2071.16912
G0 F15000 X166.686 Y168.709
G1 F9000 X161.111 Y174.284 E2071.44315
G0 F15000 X161.733 Y174.284
G1 F9000 X167.004 Y169.013 E2071.70224
G0 F15000 X167.387 Y169.252
G1 F9000 X162.355 Y174.284 E2071.94958
G0 F15000 X162.978 Y174.284
G1 F9000 X167.795 Y169.467 E2072.18635
G0 F15000 X168.27 Y169.614
G1 F9000 X163.6 Y174.284 E2072.4159
G0 F15000 X164.222 Y174.284
G1 F9000 X168.808 Y169.698 E2072.64132
G0 F15000 X169.462 Y169.667
G1 F9000 X164.844 Y174.284 E2072.86828
G0 F15000 X165.467 Y174.284
G1 F9000 X170.331 Y169.42 E2073.10737
G1 X170.408 Y169.343
G1 F2400 E2072.60737
G1 F600 Z3.7
G0 F15000 X171.877 Y167.874 Z3.7
G1 F600 Z3.3
G1 F2400 E2073.10737
G1 F9000 X174.784 Y164.967 E2073.25026
G0 F15000 X174.784 Y165.589
G1 F9000 X166.089 Y174.284 E2073.67765
G0 F15000 X166.711 Y174.284
G1 F9000 X174.784 Y166.211 E2074.07446
G0 F15000 X174.784 Y166.833
G1 F9000 X167.333 Y174.284 E2074.44071
G0 F15000 X167.956 Y174.284
G1 F9000 X174.784 Y167.456 E2074.77633
G0 F15000 X174.784 Y168.078
G1 F9000 X168.578 Y174.284 E2075.08137
G0 F15000 X169.2 Y174.284
G1 F9000 X174.784 Y168.7 E2075.35585
G0 F15000 X174.784 Y169.322
G1 F9000 X169.822 Y174.284 E2075.59975
G0 F15000 X170.445 Y174.284
G1 F9000 X174.784 Y169.945 E2075.81303
G0 F15000 X174.784 Y170.567
G1 F9000 X171.067 Y174.284 E2075.99573
G0 F15000 X171.689 Y174.284
G1 F9000 X174.784 Y171.189 E2076.14786
G0 F15000 X174.784 Y171.811
G1 F9000 X172.311 Y174.284 E2076.26942
G0 F15000 X172.934 Y174.284
G1 F9000 X174.784 Y172.434 E2076.36035
G0 F15000 X174.784 Y173.056
G1 F9000 X173.556 Y174.284 E2076.42071
G0 F15000 X174.178 Y174.284
G1 F9000 X174.784 Y173.678 E2076.4505
G1 F2400 E2075.9505
G1 F600 Z3.7
G0 F15000 X172.179 Y166.949 Z3.7
G1 F600 Z3.3
G1 F2400 E2076.4505
G1 F9000 X174.784 Y164.344 E2076.57854
G0 F15000 X174.784 Y163.722
G1 F9000 X172.205 Y166.302 E2076.70534
G0 F15000 X172.108 Y165.776
G1 F9000 X174.784 Y163.1 E2076.83687
G0 F15000 X174.784 Y162.478
G1 F9000 X171.96 Y165.302 E2076.97568
G0 F15000 X171.765 Y164.874
G1 F9000 X174.784 Y161.855 E2077.12407
G0 F15000 X174.784 Y161.233
G1 F9000 X171.5 Y164.517 E2077.28549
G0 F15000 X171.213 Y164.182
G1 F9000 X174.784 Y160.611 E2077.46102
G0 F15000 X174.784 Y159.989
G1 F9000 X170.864 Y163.909 E2077.6537
G0 F15000 X170.484 Y163.666
G1 F9000 X174.784 Y159.366 E2077.86506
G0 F15000 X174.784 Y158.744
G1 F9000 X170.054 Y163.474 E2078.09756
G0 F15000 X169.566 Y163.34
G1 F9000 X173.726 Y159.18 E2078.30204
G0 F15000 X173.071 Y159.212
G1 F9000 X169.002 Y163.282 E2078.50207
G0 F15000 X168.311 Y163.35
G1 F9000 X172.449 Y159.212 E2078.70547
G0 F15000 X171.827 Y159.212
G1 F9000 X167.169 Y163.871 E2078.93445
G1 X167.092 Y163.948
G1 F2400 E2078.43445
G1 F600 Z3.7
G0 F15000 X160.648 Y171.635 Z3.7
G1 F600 Z3.3
G1 F2400 E2078.93445
G1 F9000 X157.999 Y174.284 E2079.06466
G0 F15000 X157.377 Y174.284
G1 F9000 X159.964 Y171.698 E2079.19179
G0 F15000 X159.393 Y171.646
G1 F9000 X156.755 Y174.284 E2079.32146
G0 F15000 X156.133 Y174.284
G1 F9000 X158.914 Y171.502 E2079.45818
G0 F15000 X158.483 Y171.311
G1 F9000 X155.51 Y174.284 E2079.60432
G0 F15000 X154.888 Y174.284
G1 F9000 X158.098 Y171.075 E2079.76207
G0 F15000 X157.771 Y170.779
G1 F9000 X154.266 Y174.284 E2079.93436
G0 F15000 X153.644 Y174.284
G1 F9000 X157.461 Y170.466 E2080.122
G0 F15000 X157.224 Y170.082
G1 F9000 X153.021 Y174.284 E2080.32857
G0 F15000 X152.399 Y174.284
G1 F9000 X157.018 Y169.665 E2080.55561
G0 F15000 X156.862 Y169.199
G1 F9000 X151.777 Y174.284 E2080.80556
G1 X151.7 Y174.361
G1 F2400 E2080.30556
G1 F600 Z3.7
G0 F15000 X152.672 Y172.767 Z3.7
G1 F600 Z3.3
G1 F2400 E2080.80556
G1 F9000 X156.795 Y168.644 E2081.00822
G0 F15000 X156.832 Y167.985
G1 F9000 X152.712 Y172.104 E2081.2107
G0 F15000 X152.712 Y171.482
G1 F9000 X157.124 Y167.07 E2081.42757
G1 X157.201 Y166.993
G1 F2400 E2080.92757
G1 F600 Z3.7
;MESH:NONMESH
G0 F15000 X132.613 Y137.105 Z3.7
;TIME_ELAPSED:912.777223
;LAYER:16
;MESH:case_VL53L8+RP2040-up.stl
G0 X132.613 Y137.105 Z3.9
;TYPE:WALL-OUTER
G1 F600 Z3.5
G1 F2400 E2081.42757
G1 F9000 X132.209 Y137.207 E2081.44205
G1 X131.762 Y137.202 E2081.45759
G1 X131.36 Y137.095 E2081.47205
G1 X131.044 Y136.927 E2081.48449
G1 X130.694 Y136.617 E2081.50074
G1 X130.466 Y136.276 E2081.515
G1 X130.323 Y135.894 E2081.52917
G1 X130.281 Y135.525 E2081.54208
G1 X130.334 Y135.06 E2081.55835
G1 X130.49 Y134.675 E2081.57278
G1 X130.73 Y134.339 E2081.58714
G1 X131.044 Y134.069 E2081.60153
G1 X131.41 Y133.882 E2081.61582
G1 X131.778 Y133.791 E2081.62899
G1 X132.234 Y133.794 E2081.64484
G1 X132.635 Y133.901 E2081.65927
G1 X132.998 Y134.099 E2081.67364
G1 X133.306 Y134.379 E2081.6881
G1 X133.51 Y134.675 E2081.7006
G1 X133.675 Y135.113 E2081.71687
G1 X133.719 Y135.528 E2081.73137
G1 X133.669 Y135.915 E2081.74493
G1 X133.523 Y136.3 E2081.75925
G1 X133.287 Y136.641 E2081.77366
G1 X132.985 Y136.908 E2081.78767
G1 X132.613 Y137.105 E2081.8023
G1 F2400 E2081.3023
G1 F600 Z3.9
G0 F15000 X151.219 Y136.523 Z3.9
G1 F600 Z3.5
G1 F2400 E2081.8023
G1 F9000 X151.191 Y136.611 E2081.80551
G1 X151.036 Y136.718 E2081.81206
G1 X140.973 Y136.719 E2082.16182
G1 X140.877 Y136.684 E2082.16537
G1 X140.783 Y136.542 E2082.17129
G1 X140.78 Y130.954 E2082.36551
G1 X140.824 Y130.868 E2082.36886
G1 X140.962 Y130.783 E2082.3745
G1 X151.085 Y130.78 E2082.72634
G1 X151.22 Y130.954 E2082.734
G1 X151.219 Y136.523 E2082.92756
G1 F2400 E2082.42756
G1 F600 Z3.9
G0 F15000 X160.625 Y137.1 Z3.9
G1 F600 Z3.5
G1 F2400 E2082.92756
G1 F9000 X160.219 Y137.205 E2082.94213
G1 X159.799 Y137.208 E2082.95673
G1 X159.384 Y137.106 E2082.97158
G1 X159.026 Y136.916 E2082.98567
G1 X158.713 Y136.641 E2083.00015
G1 X158.478 Y136.301 E2083.01452
G1 X158.323 Y135.894 E2083.02965
G1 X158.281 Y135.525 E2083.04256
G1 X158.334 Y135.06 E2083.05883
G1 X158.49 Y134.675 E2083.07327
G1 X158.73 Y134.339 E2083.08762
G1 X159.044 Y134.069 E2083.10201
G1 X159.41 Y133.882 E2083.1163
G1 X159.778 Y133.791 E2083.12947
G1 X160.234 Y133.794 E2083.14532
G1 X160.635 Y133.901 E2083.15975
G1 X160.998 Y134.099 E2083.17412
G1 X161.306 Y134.379 E2083.18859
G1 X161.532 Y134.715 E2083.20266
G1 X161.666 Y135.073 E2083.21595
G1 X161.72 Y135.486 E2083.23042
G1 X161.669 Y135.914 E2083.24541
G1 X161.53 Y136.286 E2083.25921
G1 X161.284 Y136.644 E2083.27431
G1 X160.971 Y136.918 E2083.28876
G1 X160.625 Y137.1 E2083.30235
G1 F2400 E2082.80235
G1 F600 Z3.9
G0 F15000 X169.383 Y140.175 Z3.9
G1 F600 Z3.5
G1 F2400 E2083.30235
G1 F9000 X168.973 Y140.219 E2083.31668
G1 X168.582 Y140.169 E2083.33038
G1 X168.196 Y140.023 E2083.34473
G1 X167.855 Y139.787 E2083.35914
G1 X167.59 Y139.487 E2083.37305
G1 X167.388 Y139.107 E2083.38801
G1 X167.291 Y138.722 E2083.40181
G1 X167.294 Y138.262 E2083.4178
G1 X167.394 Y137.874 E2083.43173
G1 X167.586 Y137.517 E2083.44582
G1 X167.863 Y137.206 E2083.46029
G1 X168.19 Y136.981 E2083.47409
G1 X168.602 Y136.823 E2083.48942
G1 X169 Y136.78 E2083.50334
G1 X169.436 Y136.834 E2083.51861
G1 X169.788 Y136.971 E2083.53174
G1 X170.157 Y137.23 E2083.5474
G1 X170.427 Y137.544 E2083.5618
G1 X170.614 Y137.91 E2083.57608
G1 X170.702 Y138.262 E2083.58869
G1 X170.705 Y138.718 E2083.60454
G1 X170.595 Y139.135 E2083.61953
G1 X170.397 Y139.498 E2083.6339
G1 X170.117 Y139.806 E2083.64837
G1 X169.821 Y140.01 E2083.66087
G1 X169.383 Y140.175 E2083.67713
G1 F2400 E2083.17713
G1 F600 Z3.9
G0 F15000 X173.717 Y157.539 Z3.9
G1 F600 Z3.5
G1 F2400 E2083.67713
G1 F9000 X173.632 Y157.676 E2083.68274
G1 X173.546 Y157.72 E2083.6861
G1 X167.977 Y157.719 E2083.87966
G1 X167.889 Y157.691 E2083.88287
G1 X167.78 Y157.572 E2083.88848
G1 X167.783 Y147.461 E2084.2399
G1 X167.826 Y147.364 E2084.24359
G1 X167.978 Y147.281 E2084.24961
G1 X173.546 Y147.28 E2084.44314
G1 X173.72 Y147.415 E2084.45079
G1 X173.717 Y157.539 E2084.80267
G1 F2400 E2084.30267
G1 F600 Z3.9
G0 F15000 X169.383 Y168.175 Z3.9
G1 F600 Z3.5
G1 F2400 E2084.80267
G1 F9000 X168.973 Y168.219 E2084.817
G1 X168.562 Y168.162 E2084.83142
G1 X168.175 Y168.01 E2084.84587
G1 X167.866 Y167.796 E2084.85894
G1 X167.59 Y167.487 E2084.87334
G1 X167.394 Y167.122 E2084.88774
G1 X167.289 Y166.705 E2084.90268
G1 X167.289 Y166.286 E2084.91725
G1 X167.386 Y165.895 E2084.93125
G1 X167.585 Y165.518 E2084.94606
G1 X167.855 Y165.213 E2084.96022
G1 X168.195 Y164.978 E2084.97459
G1 X168.602 Y164.823 E2084.98972
G1 X169 Y164.78 E2085.00364
G1 X169.436 Y164.834 E2085.01891
G1 X169.821 Y164.99 E2085.03335
G1 X170.157 Y165.23 E2085.0477
G1 X170.427 Y165.544 E2085.06209
G1 X170.614 Y165.91 E2085.07638
G1 X170.702 Y166.262 E2085.08899
G1 X170.705 Y166.718 E2085.10484
G1 X170.595 Y167.135 E2085.11983
G1 X170.397 Y167.498 E2085.1342
G1 X170.117 Y167.806 E2085.14867
G1 X169.814 Y168.014 E2085.16144
G1 X169.383 Y168.175 E2085.17743
G1 F2400 E2084.67743
G1 F600 Z3.9
G0 F15000 X160.586 Y170.114 Z3.9
G1 F600 Z3.5
G1 F2400 E2085.17743
G1 F9000 X160.218 Y170.205 E2085.19061
G1 X159.762 Y170.202 E2085.20646
G1 X159.36 Y170.095 E2085.22091
G1 X159.044 Y169.927 E2085.23335
G1 X158.694 Y169.617 E2085.2496
G1 X158.466 Y169.276 E2085.26386
G1 X158.323 Y168.894 E2085.27804
G1 X158.281 Y168.475 E2085.29267
G1 X158.329 Y168.074 E2085.30671
G1 X158.49 Y167.675 E2085.32167
G1 X158.694 Y167.379 E2085.33416
G1 X159.014 Y167.088 E2085.34919
G1 X159.392 Y166.887 E2085.36407
G1 X159.798 Y166.788 E2085.3786
G1 X160.205 Y166.789 E2085.39274
G1 X160.586 Y166.882 E2085.40638
G1 X160.967 Y167.076 E2085.42124
G1 X161.28 Y167.348 E2085.43565
G1 X161.525 Y167.7 E2085.45055
G1 X161.667 Y168.076 E2085.46452
G1 X161.72 Y168.487 E2085.47893
G1 X161.675 Y168.883 E2085.49278
G1 X161.522 Y169.302 E2085.50828
G1 X161.306 Y169.617 E2085.52156
G1 X160.955 Y169.927 E2085.53784
G1 X160.586 Y170.114 E2085.55221
G1 F2400 E2085.05221
G1 F600 Z3.9
G0 F15000 X151.22 Y172.546 Z3.9
G1 F600 Z3.5
G1 F2400 E2085.55221
G1 F9000 X151.176 Y172.633 E2085.5556
G1 X151.038 Y172.717 E2085.56122
G1 X140.915 Y172.72 E2085.91306
G1 X140.78 Y172.546 E2085.92072
G1 X140.782 Y166.966 E2086.11466
G1 X140.834 Y166.854 E2086.11895
G1 X140.959 Y166.783 E2086.12395
G1 X151.037 Y166.782 E2086.47423
G1 X151.145 Y166.833 E2086.47838
G1 X151.218 Y166.964 E2086.48359
G1 X151.22 Y172.546 E2086.6776
G1 F2400 E2086.1776
G1 F600 Z3.9
G0 F15000 X132.586 Y170.114 Z3.9
G1 F600 Z3.5
G1 F2400 E2086.6776
G1 F9000 X132.218 Y170.205 E2086.69078
G1 X131.762 Y170.202 E2086.70663
G1 X131.403 Y170.112 E2086.71949
G1 X131.044 Y169.927 E2086.73353
G1 X130.694 Y169.617 E2086.74978
G1 X130.466 Y169.276 E2086.76404
G1 X130.323 Y168.894 E2086.77821
G1 X130.281 Y168.525 E2086.79112
G1 X130.334 Y168.06 E2086.80739
G1 X130.49 Y167.675 E2086.82183
G1 X130.73 Y167.339 E2086.83618
G1 X131.044 Y167.069 E2086.85057
G1 X131.41 Y166.882 E2086.86486
G1 X131.762 Y166.794 E2086.87747
G1 X132.209 Y166.789 E2086.893
G1 X132.611 Y166.89 E2086.90741
G1 X132.974 Y167.08 E2086.92165
G1 X133.287 Y167.356 E2086.93616
G1 X133.523 Y167.696 E2086.95054
G1 X133.667 Y168.074 E2086.9646
G1 X133.719 Y168.473 E2086.97859
G1 X133.673 Y168.894 E2086.99331
G1 X133.51 Y169.321 E2087.00919
G1 X133.306 Y169.617 E2087.02169
G1 X132.955 Y169.927 E2087.03796
G1 X132.586 Y170.114 E2087.05234
G1 F2400 E2086.55234
G1 F600 Z3.9
G0 F15000 X176.28 Y175.78 Z3.9
G1 F600 Z3.5
G1 F2400 E2087.05234
G1 F9000 X176.28 Y128.22 E2088.70538
G1 X127.72 Y128.22 E2090.39317
G1 X127.72 Y175.78 E2092.0462
G1 X176.28 Y175.78 E2093.734
G0 F15000 X175.84 Y175.34
;TYPE:WALL-INNER
G1 F10500 X175.84 Y128.66 E2095.35644
G1 X128.16 Y128.66 E2097.01365
G1 X128.16 Y175.34 E2098.6361
G1 X175.84 Y175.34 E2100.29331
G0 F15000 X175.4 Y174.9
G1 F10500 X175.4 Y158.25 E2100.87201
G1 F8619.4 X175.305 Y157.761 E2100.8931
G1 F7321.7 X175.305 Y157.077 E2100.92719
G1 F7333.3 X175.306 Y156.393 E2100.96123
G1 F7345 X175.306 Y155.709 E2100.99522
G1 F7356.7 X175.306 Y155.025 E2101.02915
G1 X175.307 Y154.341 E2101.06308
G1 F7368.4 X175.307 Y153.657 E2101.09696
G1 F7380.2 X175.307 Y152.973 E2101.13078
G1 X175.308 Y152.289 E2101.16461
G1 F7392 X175.308 Y151.605 E2101.19838
G1 F7403.8 X175.308 Y150.921 E2101.23209
G1 F7415.7 X175.309 Y150.237 E2101.26575
G1 X175.309 Y149.553 E2101.29941
G1 F7427.7 X175.309 Y148.869 E2101.33302
G1 F7439.6 X175.31 Y148.185 E2101.36657
G1 F7451.6 X175.31 Y147.501 E2101.40007
G1 F8717 X175.4 Y146.75 E2101.43174
G1 F10500 X175.4 Y129.1 E2102.0452
G1 X151.75 Y129.1 E2102.8672
G1 F8717 X151 Y129.19 E2102.89882
G1 F7451.6 X150.359 Y129.19 E2102.93022
G1 F7439.6 X149.718 Y129.191 E2102.96166
G1 F7427.7 X149.077 Y129.191 E2102.99315
G1 F7415.7 X148.436 Y129.191 E2103.0247
G1 X147.795 Y129.192 E2103.05624
G1 F7403.8 X147.154 Y129.192 E2103.08784
G1 F7392 X146.513 Y129.193 E2103.11949
G1 F7380.2 X145.872 Y129.193 E2103.15118
G1 X145.231 Y129.193 E2103.18288
G1 F7368.4 X144.59 Y129.194 E2103.21463
G1 F7356.7 X143.949 Y129.194 E2103.24643
G1 F7345 X143.308 Y129.194 E2103.27828
G1 X142.667 Y129.195 E2103.31013
G1 F7333.3 X142.026 Y129.195 E2103.34203
G1 F7321.7 X141.385 Y129.196 E2103.37398
G1 F7310.1 X140.744 Y129.196 E2103.40598
G1 F8619.4 X140.25 Y129.1 E2103.42728
G1 F10500 X128.6 Y129.1 E2103.8322
G1 X128.601 Y134.206 E2104.00967
G1 F10312.5 X128.608 Y134.571 E2104.02259
G1 F8400 X128.703 Y134.972 E2104.04049
G1 F7287.1 X128.693 Y135.334 E2104.05863
G1 F7403.8 X128.693 Y135.668 E2104.07509
G1 F7241.4 X128.706 Y136.12 E2104.09788
G1 F7993.1 X128.631 Y136.425 E2104.11222
G1 F9788.1 X128.601 Y136.79 E2104.12588
G1 F10500 X128.601 Y167.206 E2105.18304
G1 F10312.5 X128.608 Y167.571 E2105.19596
G1 F8400 X128.703 Y167.972 E2105.21386
G1 F7287.1 X128.693 Y168.334 E2105.232
G1 F7403.8 X128.693 Y168.668 E2105.24846
G1 F7241.4 X128.706 Y169.12 E2105.27125
G1 F7993.1 X128.631 Y169.425 E2105.28559
G1 F9788.1 X128.601 Y169.79 E2105.29925
G1 F10500 X128.6 Y174.9 E2105.47686
G1 X175.4 Y174.9 E2107.10348
G1 F2400 E2106.60348
G1 F600 Z3.9
G0 F15000 X170.487 Y168.061 Z3.9
G1 F600 Z3.5
G1 F2400 E2107.10348
G1 F10500 X170.05 Y168.386 E2107.1224
G1 X169.47 Y168.607 E2107.14398
G1 X169 Y168.66 E2107.16042
G1 X168.559 Y168.612 E2107.17584
G1 X168.067 Y168.446 E2107.19388
G1 X167.591 Y168.14 E2107.21355
G1 X167.242 Y167.757 E2107.23156
G1 X166.992 Y167.3 E2107.24967
G1 X166.852 Y166.755 E2107.26922
G1 X166.849 Y166.271 E2107.28605
G1 X166.968 Y165.759 E2107.30432
G1 X167.206 Y165.295 E2107.32244
G1 X167.559 Y164.888 E2107.34117
G1 X167.987 Y164.59 E2107.35929
G1 X168.462 Y164.404 E2107.37702
G1 X169 Y164.34 E2107.39585
G1 X169.595 Y164.424 E2107.41674
G1 X170.071 Y164.628 E2107.43474
G1 X170.487 Y164.939 E2107.45279
G1 X170.815 Y165.338 E2107.47074
G1 X171.041 Y165.803 E2107.48871
G1 X171.148 Y166.316 E2107.50693
G1 X171.139 Y166.794 E2107.52354
G1 X171.041 Y167.193 E2107.53782
G1 X170.817 Y167.659 E2107.55579
G1 X170.487 Y168.061 E2107.57387
G0 F15000 X170.817 Y168.352
G1 F10500 X170.617 Y168.53 E2107.58318
G1 X170.084 Y168.858 E2107.60493
G1 X169.546 Y169.04 E2107.62467
G1 X169 Y169.1 E2107.64376
G1 X168.506 Y169.049 E2107.66102
G1 X167.912 Y168.858 E2107.68271
G1 X167.316 Y168.483 E2107.70718
G1 X166.842 Y167.97 E2107.73146
G1 X166.562 Y167.411 E2107.75319
G1 X166.425 Y166.876 E2107.77238
G1 X166.41 Y166.241 E2107.79446
G1 X166.566 Y165.553 E2107.81898
G1 X166.873 Y165.001 E2107.84093
G1 X167.263 Y164.562 E2107.86134
G1 X167.779 Y164.203 E2107.88319
G1 X168.391 Y163.961 E2107.90607
G1 X169 Y163.9 E2107.92734
G1 X169.479 Y163.946 E2107.94406
G1 X169.755 Y164.014 E2107.95394
G1 X170.321 Y164.266 E2107.97548
G1 X170.817 Y164.648 E2107.99724
G1 X171.204 Y165.131 E2108.01875
G1 X171.468 Y165.697 E2108.04046
G1 X171.588 Y166.316 E2108.06237
G1 X171.573 Y166.87 E2108.08163
G1 X171.468 Y167.299 E2108.09698
G1 X171.207 Y167.864 E2108.11862
G1 X170.817 Y168.352 E2108.14033
G1 F2400 E2107.64033
G1 F600 Z3.9
G0 F15000 X162.16 Y168.463 Z3.9
G1 F600 Z3.5
G1 F2400 E2108.14033
G1 F10500 X162.095 Y169.023 E2108.15992
G1 X161.928 Y169.474 E2108.17664
G1 X161.561 Y169.987 E2108.19856
G1 X161.159 Y170.317 E2108.21664
G1 X160.693 Y170.541 E2108.23461
G1 X160.294 Y170.639 E2108.24889
G1 X159.816 Y170.648 E2108.26551
G1 X159.303 Y170.541 E2108.28372
G1 X158.838 Y170.315 E2108.30169
G1 X158.375 Y169.934 E2108.32253
G1 X158.056 Y169.435 E2108.34312
G1 X157.889 Y168.97 E2108.36029
G1 X157.84 Y168.5 E2108.37671
G1 X157.909 Y167.944 E2108.39619
G1 X158.09 Y167.487 E2108.41327
G1 X158.387 Y167.06 E2108.43135
G1 X158.748 Y166.738 E2108.44816
G1 X159.249 Y166.471 E2108.46789
G1 X159.717 Y166.355 E2108.48465
G1 X160.216 Y166.348 E2108.502
G1 X160.751 Y166.473 E2108.52109
G1 X161.238 Y166.727 E2108.54018
G1 X161.592 Y167.038 E2108.55656
G1 X161.895 Y167.461 E2108.57465
G1 X162.088 Y167.948 E2108.59285
G1 X162.16 Y168.463 E2108.61093
G0 F15000 X162.609 Y168.516
G1 F10500 X162.521 Y169.134 E2108.63262
G1 X162.327 Y169.658 E2108.65204
G1 X162.03 Y170.117 E2108.67105
G1 X161.58 Y170.557 E2108.69292
G1 X161.364 Y170.706 E2108.70204
G1 X160.799 Y170.968 E2108.72369
G1 X160.37 Y171.072 E2108.73903
G1 X159.816 Y171.088 E2108.75829
G1 X159.549 Y171.056 E2108.76764
G1 X158.947 Y170.872 E2108.78952
G1 X158.42 Y170.557 E2108.81086
G1 X157.97 Y170.117 E2108.83273
G1 X157.646 Y169.595 E2108.85409
G1 X157.456 Y169.046 E2108.87428
G1 X157.4 Y168.5 E2108.89336
G1 X157.489 Y167.814 E2108.9174
G1 X157.702 Y167.279 E2108.93741
G1 X158.061 Y166.764 E2108.95923
G1 X158.482 Y166.387 E2108.97887
G1 X159.081 Y166.054 E2109.00269
G1 X159.727 Y165.911 E2109.02569
G1 X160.314 Y165.909 E2109.04609
G1 X160.896 Y166.057 E2109.06697
G1 X161.426 Y166.325 E2109.08761
G1 X161.904 Y166.728 E2109.10934
G1 X162.318 Y167.297 E2109.1338
G1 X162.528 Y167.89 E2109.15566
G1 X162.609 Y168.516 E2109.1776
G1 F2400 E2108.6776
G1 F600 Z3.9
G0 F15000 X151.659 Y166.953 Z3.9
G1 F600 Z3.5
G1 F2400 E2109.1776
G1 F10500 X151.66 Y172.633 E2109.37502
G1 X151.528 Y172.897 E2109.38528
G1 X151.311 Y173.083 E2109.39521
G1 X151.088 Y173.16 E2109.40341
G1 X141 Y173.16 E2109.75404
G1 X140.689 Y173.083 E2109.76517
G1 X140.472 Y172.897 E2109.77511
G1 X140.34 Y172.633 E2109.78537
G1 X140.341 Y166.96 E2109.98254
G1 X140.413 Y166.697 E2109.99202
G1 X140.601 Y166.473 E2110.00218
G1 X140.92 Y166.344 E2110.01414
G1 X151.036 Y166.34 E2110.36574
G1 X151.229 Y166.38 E2110.37259
G1 X151.497 Y166.564 E2110.38389
G1 X151.587 Y166.697 E2110.38947
G1 X151.659 Y166.953 E2110.39872
G0 F15000 X152.098 Y166.922
G1 F10500 X152.1 Y172.5 E2110.59259
G1 X152.057 Y172.809 E2110.60343
G1 X151.88 Y173.161 E2110.61713
G1 X151.518 Y173.471 E2110.63369
G1 X151.144 Y173.6 E2110.64744
G1 X141 Y173.6 E2111.00002
G1 X140.482 Y173.471 E2111.01857
G1 X140.12 Y173.161 E2111.03514
G1 X139.943 Y172.809 E2111.04883
G1 X139.9 Y172.5 E2111.05967
G1 X139.901 Y166.934 E2111.25313
G1 X140.021 Y166.496 E2111.26892
G1 X140.22 Y166.223 E2111.28066
G1 X140.481 Y166.029 E2111.29196
G1 X140.935 Y165.901 E2111.30836
G1 X151.06 Y165.901 E2111.66027
G1 X151.381 Y165.967 E2111.67166
G1 X151.539 Y166.04 E2111.67771
G1 X151.827 Y166.274 E2111.69061
G1 X151.979 Y166.496 E2111.69996
G1 X152.098 Y166.922 E2111.71533
G1 F2400 E2111.21533
G1 F600 Z3.9
G0 F15000 X167.418 Y157.813 Z3.9
G1 F600 Z3.5
G1 F2400 E2111.71533
G1 F10500 X167.341 Y157.546 E2111.72499
G1 X167.34 Y147.464 E2112.07541
G1 X167.432 Y147.162 E2112.08638
G1 X167.669 Y146.928 E2112.09796
G1 X167.936 Y146.843 E2112.10769
G1 X173.634 Y146.84 E2112.30574
G1 X173.896 Y146.972 E2112.31594
G1 X174.083 Y147.189 E2112.32589
G1 X174.16 Y147.5 E2112.33703
G1 X174.16 Y157.589 E2112.68769
G1 X174.083 Y157.811 E2112.69586
G1 X173.896 Y158.028 E2112.70581
G1 X173.634 Y158.16 E2112.71601
G1 X167.932 Y158.157 E2112.91419
G1 X167.669 Y158.072 E2112.9238
G1 X167.418 Y157.813 E2112.93634
G0 F15000 X167.004 Y157.968
G1 F10500 X166.902 Y157.576 E2112.95041
G1 X166.901 Y147.358 E2113.30556
G1 X166.989 Y147.065 E2113.31619
G1 X167.259 Y146.686 E2113.33237
G1 X167.56 Y146.491 E2113.34483
G1 X167.893 Y146.405 E2113.35679
G1 X173.5 Y146.4 E2113.55167
G1 X173.809 Y146.443 E2113.56251
G1 X174.16 Y146.62 E2113.57617
G1 X174.472 Y146.982 E2113.59278
G1 F8717 X174.69 Y147.5 E2113.61631
G1 F7451.6 X174.69 Y148.956 E2113.68762
G1 F7439.6 X174.69 Y150.412 E2113.75904
G1 F7427.7 X174.69 Y151.868 E2113.83058
G1 X174.69 Y153.324 E2113.90212
G1 F7415.7 X174.69 Y154.78 E2113.97377
G1 F7403.8 X174.69 Y156.236 E2114.04554
G1 F7392 X174.69 Y157.692 E2114.11743
G1 F8684.2 X174.472 Y158.018 E2114.13391
G1 F10500 X174.16 Y158.38 E2114.15052
G1 X173.809 Y158.557 E2114.16418
G1 X173.5 Y158.6 E2114.17502
G1 X167.887 Y158.595 E2114.37011
G1 X167.556 Y158.507 E2114.38202
G1 X167.175 Y158.229 E2114.39841
G1 X167.004 Y157.968 E2114.40926
G1 F2400 E2113.90926
G1 F600 Z3.9
G0 F15000 X169 Y140.66 Z3.9
G1 F600 Z3.5
G1 F2400 E2114.40926
G1 F10500 X168.528 Y140.607 E2114.42576
G1 X167.989 Y140.411 E2114.4457
G1 X167.559 Y140.112 E2114.4639
G1 X167.242 Y139.757 E2114.48044
G1 X166.996 Y139.308 E2114.49824
G1 X166.859 Y138.804 E2114.51639
G1 X166.849 Y138.278 E2114.53468
G1 X166.986 Y137.709 E2114.55502
G1 X167.231 Y137.257 E2114.57289
G1 X167.582 Y136.867 E2114.59113
G1 X167.972 Y136.599 E2114.60757
G1 X168.526 Y136.389 E2114.62816
G1 X169 Y136.34 E2114.64473
G1 X169.595 Y136.424 E2114.66561
G1 X169.971 Y136.571 E2114.67964
G1 X170.487 Y136.939 E2114.70167
G1 X170.815 Y137.338 E2114.71962
G1 X171.041 Y137.803 E2114.73759
G1 X171.148 Y138.316 E2114.75581
G1 X171.139 Y138.794 E2114.77243
G1 X171.041 Y139.193 E2114.78671
G1 X170.817 Y139.659 E2114.80468
G1 X170.487 Y140.061 E2114.82275
G1 X170.071 Y140.372 E2114.84081
G1 X169.47 Y140.607 E2114.86323
G1 X169 Y140.66 E2114.87967
G0 F15000 X169 Y141.1
G1 F10500 X168.393 Y141.034 E2114.9009
G1 X167.783 Y140.8 E2114.9236
G1 X167.263 Y140.438 E2114.94563
G1 X166.894 Y140.026 E2114.96485
G1 X166.596 Y139.491 E2114.98613
G1 X166.427 Y138.886 E2115.00797
G1 X166.407 Y138.171 E2115.03283
G1 X166.58 Y137.539 E2115.0556
G1 X166.846 Y137.033 E2115.07547
G1 X167.26 Y136.557 E2115.0974
G1 X167.753 Y136.217 E2115.11821
G1 X168.358 Y135.965 E2115.14099
G1 X169 Y135.9 E2115.16342
G1 X169.479 Y135.946 E2115.18015
G1 X170.154 Y136.171 E2115.20487
G1 X170.617 Y136.47 E2115.22403
G1 X170.817 Y136.648 E2115.23334
G1 X171.204 Y137.131 E2115.25485
G1 X171.468 Y137.697 E2115.27656
G1 X171.588 Y138.316 E2115.29847
G1 X171.573 Y138.87 E2115.31773
G1 X171.468 Y139.299 E2115.33308
G1 X171.207 Y139.864 E2115.35472
G1 X170.817 Y140.352 E2115.37643
G1 X170.321 Y140.734 E2115.39819
G1 X170.084 Y140.858 E2115.40748
G1 X169.546 Y141.04 E2115.42722
G1 X169 Y141.1 E2115.44632
G1 F2400 E2114.94632
G1 F600 Z3.9
G0 F15000 X161.932 Y136.464 Z3.9
G1 F600 Z3.5
G1 F2400 E2115.44632
G1 F10500 X161.604 Y136.946 E2115.46658
G1 X161.262 Y137.25 E2115.48248
G1 X160.75 Y137.524 E2115.50267
G1 X160.297 Y137.638 E2115.5189
G1 X159.767 Y137.647 E2115.53733
G1 X159.226 Y137.521 E2115.55663
G1 X158.75 Y137.259 E2115.57552
G1 X158.388 Y136.937 E2115.59236
G1 X158.09 Y136.509 E2115.61048
G1 X157.904 Y136.034 E2115.62821
G1 X157.84 Y135.5 E2115.64691
G1 X157.924 Y134.901 E2115.66793
G1 X158.128 Y134.425 E2115.68593
G1 X158.439 Y134.009 E2115.70398
G1 X158.838 Y133.681 E2115.72194
G1 X159.304 Y133.455 E2115.73994
G1 X159.702 Y133.357 E2115.75418
G1 X160.341 Y133.367 E2115.77639
G1 X160.839 Y133.511 E2115.79441
G1 X161.159 Y133.679 E2115.80697
G1 X161.561 Y134.009 E2115.82505
G1 X161.938 Y134.545 E2115.84783
G1 X162.085 Y134.939 E2115.86244
G1 X162.159 Y135.458 E2115.88067
G1 X162.094 Y136.03 E2115.90067
G1 X161.932 Y136.464 E2115.91678
G0 F15000 X162.313 Y136.698
G1 F10500 X161.959 Y137.217 E2115.93861
G1 X161.489 Y137.636 E2115.9605
G1 X160.91 Y137.944 E2115.98329
G1 X160.241 Y138.087 E2116.00707
G1 X159.669 Y138.086 E2116.02695
G1 X159.033 Y137.913 E2116.04986
G1 X158.524 Y137.646 E2116.06983
G1 X158.062 Y137.233 E2116.09137
G1 X157.703 Y136.718 E2116.11319
G1 X157.461 Y136.104 E2116.13613
G1 X157.4 Y135.5 E2116.15723
G1 X157.446 Y135.018 E2116.17406
G1 X157.514 Y134.741 E2116.18397
G1 X157.766 Y134.175 E2116.20551
G1 X158.148 Y133.679 E2116.22727
G1 X158.631 Y133.292 E2116.24878
G1 X159.197 Y133.028 E2116.27049
G1 X159.626 Y132.924 E2116.28583
G1 X160.18 Y132.908 E2116.30509
G1 X160.799 Y133.028 E2116.32701
G1 X161.364 Y133.29 E2116.34865
G1 X161.852 Y133.679 E2116.37034
G1 X162.03 Y133.879 E2116.37965
G1 X162.344 Y134.376 E2116.40008
G1 X162.53 Y134.899 E2116.41938
G1 X162.605 Y135.486 E2116.43994
G1 X162.538 Y136.091 E2116.4611
G1 X162.313 Y136.698 E2116.4836
G1 F2400 E2115.9836
G1 F600 Z3.9
G0 F15000 X151.657 Y136.568 Z3.9
G1 F600 Z3.5
G1 F2400 E2116.4836
G1 F10500 X151.605 Y136.766 E2116.49072
G1 X151.438 Y136.995 E2116.50057
G1 X151.136 Y137.16 E2116.51253
G1 X140.961 Y137.159 E2116.86618
G1 X140.786 Y137.125 E2116.87237
G1 X140.511 Y136.944 E2116.88382
G1 X140.394 Y136.763 E2116.89131
G1 X140.34 Y136.59 E2116.89761
G1 X140.34 Y130.867 E2117.09652
G1 X140.472 Y130.604 E2117.10675
G1 X140.689 Y130.417 E2117.1167
G1 X140.915 Y130.34 E2117.125
G1 X151 Y130.34 E2117.47553
G1 X151.311 Y130.417 E2117.48666
G1 X151.528 Y130.604 E2117.49662
G1 X151.66 Y130.867 E2117.50685
G1 X151.657 Y136.568 E2117.70499
G0 F15000 X152.095 Y136.612
G1 F10500 X152.008 Y136.943 E2117.71689
G1 X151.73 Y137.324 E2117.73328
G1 X151.461 Y137.5 E2117.74446
G1 X151.06 Y137.599 E2117.75881
G1 X140.935 Y137.599 E2118.11072
G1 X140.544 Y137.502 E2118.12473
G1 X140.27 Y137.324 E2118.13608
G1 X140.092 Y137.123 E2118.14541
G1 X139.942 Y136.805 E2118.15763
G1 X139.905 Y136.607 E2118.16464
G1 X139.9 Y131 E2118.35952
G1 X139.944 Y130.691 E2118.37037
G1 X140.12 Y130.34 E2118.38401
G1 X140.482 Y130.029 E2118.4006
G1 F8667.9 X140.811 Y129.81 E2118.41724
G1 F7380.2 X142.085 Y129.81 E2118.48024
G1 F7392 X143.359 Y129.81 E2118.54314
G1 F7403.8 X144.633 Y129.81 E2118.60594
G1 F7415.7 X145.907 Y129.81 E2118.66863
G1 X147.181 Y129.81 E2118.73133
G1 F7427.7 X148.455 Y129.81 E2118.79392
G1 F7439.6 X149.729 Y129.81 E2118.85642
G1 F7451.6 X151.003 Y129.81 E2118.91882
G1 F8717 X151.518 Y130.029 E2118.94224
G1 F10500 X151.88 Y130.34 E2118.95883
G1 X152.056 Y130.691 E2118.97248
G1 X152.1 Y131 E2118.98333
G1 X152.095 Y136.612 E2119.17838
G1 F2400 E2118.67838
G1 F600 Z3.9
G0 F15000 X134.16 Y135.5 Z3.9
G1 F600 Z3.5
G1 F2400 E2119.17838
G1 F10500 X134.107 Y135.97 E2119.19482
G1 X133.911 Y136.506 E2119.21466
G1 X133.612 Y136.937 E2119.23289
G1 X133.249 Y137.26 E2119.24978
G1 X132.774 Y137.515 E2119.26852
G1 X132.267 Y137.643 E2119.28669
G1 X131.816 Y137.648 E2119.30237
G1 X131.303 Y137.541 E2119.32058
G1 X130.838 Y137.315 E2119.33855
G1 X130.375 Y136.934 E2119.35939
G1 X130.056 Y136.435 E2119.37998
G1 X129.889 Y135.97 E2119.39715
G1 X129.843 Y135.574 E2119.41101
G1 X129.89 Y134.981 E2119.43168
G1 X130.128 Y134.425 E2119.4527
G1 X130.439 Y134.009 E2119.47076
G1 X130.838 Y133.681 E2119.48871
G1 X131.282 Y133.461 E2119.50593
G1 X131.702 Y133.357 E2119.52097
G1 X132.341 Y133.367 E2119.54318
G1 X132.839 Y133.511 E2119.5612
G1 X133.159 Y133.679 E2119.57376
G1 X133.561 Y134.009 E2119.59184
G1 X133.92 Y134.489 E2119.61267
G1 X134.112 Y135.059 E2119.63358
G1 X134.16 Y135.5 E2119.64899
G0 F15000 X134.6 Y135.5
G1 F10500 X134.533 Y136.108 E2119.67025
G1 X134.3 Y136.713 E2119.69279
G1 X133.937 Y137.233 E2119.71483
G1 X133.473 Y137.649 E2119.73649
G1 X132.935 Y137.924 E2119.75749
G1 X132.324 Y138.079 E2119.7794
G1 X131.663 Y138.091 E2119.80238
G1 X130.947 Y137.872 E2119.8284
G1 X130.42 Y137.557 E2119.84974
G1 X129.97 Y137.117 E2119.87162
G1 X129.646 Y136.595 E2119.89297
G1 F9788.1 X129.485 Y136.265 E2119.90666
G1 F7993.1 X129.352 Y136.064 E2119.91766
G1 F7241.4 X129.315 Y135.634 E2119.93941
G1 F7403.8 X129.315 Y135.368 E2119.95253
G1 F7287.1 X129.345 Y135.007 E2119.97067
G1 F8400 X129.506 Y134.739 E2119.98425
G1 F10312.5 X129.646 Y134.401 E2119.9972
G1 F10500 X129.97 Y133.879 E2120.01855
G1 X130.148 Y133.679 E2120.02786
G1 X130.631 Y133.292 E2120.04937
G1 X131.161 Y133.038 E2120.0698
G1 X131.626 Y132.924 E2120.08644
G1 X132.18 Y132.908 E2120.1057
G1 X132.799 Y133.028 E2120.12762
G1 X133.364 Y133.29 E2120.14926
G1 X133.852 Y133.679 E2120.17095
G1 X134.234 Y134.175 E2120.19271
G1 X134.486 Y134.752 E2120.2146
G1 X134.6 Y135.5 E2120.24089
G1 F2400 E2119.74089
G1 F600 Z3.9
G0 F15000 X132.267 Y166.353 Z3.9
G1 F600 Z3.5
G1 F2400 E2120.24089
G1 F10500 X132.769 Y166.479 E2120.25888
G1 X133.25 Y166.737 E2120.27785
G1 X133.613 Y167.06 E2120.29474
G1 X133.911 Y167.49 E2120.31293
G1 X134.087 Y167.944 E2120.32985
G1 X134.16 Y168.5 E2120.34934
G1 X134.107 Y168.97 E2120.36578
G1 X133.946 Y169.429 E2120.38269
G1 X133.625 Y169.934 E2120.40348
G1 X133.159 Y170.317 E2120.42445
G1 X132.693 Y170.541 E2120.44242
G1 X132.294 Y170.639 E2120.4567
G1 X131.816 Y170.648 E2120.47332
G1 X131.282 Y170.535 E2120.49229
G1 X130.838 Y170.315 E2120.50951
G1 X130.375 Y169.934 E2120.53035
G1 X130.056 Y169.435 E2120.55094
G1 X129.889 Y168.97 E2120.56811
G1 X129.843 Y168.574 E2120.58196
G1 X129.89 Y167.981 E2120.60264
G1 X130.128 Y167.425 E2120.62366
G1 X130.439 Y167.009 E2120.64171
G1 X130.838 Y166.681 E2120.65967
G1 X131.303 Y166.455 E2120.67764
G1 X131.816 Y166.348 E2120.69585
G1 X132.267 Y166.353 E2120.71153
G0 F15000 X132.324 Y165.917
G1 F10500 X132.926 Y166.068 E2120.7331
G1 X133.472 Y166.347 E2120.75441
G1 X133.939 Y166.764 E2120.77617
G1 X134.3 Y167.284 E2120.79817
G1 X134.507 Y167.814 E2120.81795
G1 X134.6 Y168.5 E2120.84201
G1 X134.54 Y169.046 E2120.8611
G1 X134.358 Y169.584 E2120.88084
G1 X134.03 Y170.117 E2120.90259
G1 X133.58 Y170.557 E2120.92447
G1 X133.364 Y170.706 E2120.93359
G1 X132.799 Y170.968 E2120.95523
G1 X132.37 Y171.072 E2120.97058
G1 X131.816 Y171.088 E2120.98984
G1 X131.161 Y170.958 E2121.01305
G1 X130.631 Y170.704 E2121.03348
G1 X130.148 Y170.317 E2121.05499
G1 X129.97 Y170.117 E2121.0643
G1 X129.646 Y169.595 E2121.08565
G1 F9788.1 X129.485 Y169.265 E2121.09934
G1 F7993.1 X129.352 Y169.064 E2121.11034
G1 F7241.4 X129.315 Y168.634 E2121.13209
G1 F7403.8 X129.315 Y168.368 E2121.14521
G1 F7287.1 X129.345 Y168.007 E2121.16335
G1 F8400 X129.506 Y167.739 E2121.17693
G1 F10312.5 X129.646 Y167.401 E2121.18988
G1 F10500 X129.97 Y166.879 E2121.21123
G1 X130.148 Y166.679 E2121.22054
G1 X130.631 Y166.292 E2121.24205
G1 X131.197 Y166.028 E2121.26376
G1 X131.816 Y165.908 E2121.28567
G1 X132.324 Y165.917 E2121.30333
G1 F2400 E2120.80333
G1 F600 Z3.9
G0 F15000 X132.438 Y171.461 Z3.9
;TYPE:SKIN
G1 F600 Z3.5
G1 F2400 E2121.30333
G1 F9000 X131.816 Y171.484 E2121.32496
G1 X131.055 Y171.34 E2121.35188
G1 X130.41 Y171.033 E2121.37671
G1 X129.894 Y170.62 E2121.39968
G1 X129.423 Y170.028 E2121.42598
G1 X129.08 Y169.417 E2121.45033
G1 X128.995 Y169.795 E2121.4638
G1 X128.997 Y174.503 E2121.62743
G1 X140.261 Y174.504 E2122.01893
G1 F8608.7 X140.887 Y174.484 E2122.04169
G1 F8232.8 X143.476 Y174.484 E2122.14006
G1 F8250 X146.065 Y174.485 E2122.23823
G1 F8267.2 X148.654 Y174.485 E2122.33619
G1 F8284.5 X151.243 Y174.485 E2122.43395
G1 F8354.4 X151.319 Y174.489 E2122.4368
G1 F8684.2 X151.785 Y174.504 E2122.45359
G1 F9000 X175.004 Y174.504 E2123.26061
G1 X175.004 Y158.282 E2123.82443
G1 X174.93 Y158.093 E2123.83149
G1 X174.425 Y158.666 E2123.85804
G1 X173.96 Y158.921 E2123.87647
G1 X173.523 Y158.994 E2123.89187
G1 X167.889 Y158.995 E2124.08769
G1 X167.556 Y158.927 E2124.0995
G1 X167.147 Y158.731 E2124.11526
G1 X166.826 Y158.425 E2124.13068
G1 X166.612 Y158.057 E2124.14547
G1 X166.505 Y157.61 E2124.16145
G1 X166.504 Y147.411 E2124.51593
G1 X166.594 Y146.975 E2124.53141
G1 X166.775 Y146.636 E2124.54476
G1 X166.988 Y146.392 E2124.55602
G1 X167.277 Y146.189 E2124.5683
G1 X167.57 Y146.064 E2124.57937
G1 X167.852 Y146.008 E2124.58936
G1 X173.523 Y146.006 E2124.78647
G1 X173.959 Y146.079 E2124.80183
G1 X174.428 Y146.332 E2124.82035
G1 X174.792 Y146.756 E2124.83978
G1 X174.933 Y147.009 E2124.84984
G1 X175.004 Y146.722 E2124.86012
G1 X175.004 Y129.496 E2125.45884
G1 X151.774 Y129.496 E2126.26624
G1 X151.49 Y129.564 E2126.27639
G1 X151.724 Y129.692 E2126.28566
G1 X152.198 Y130.098 E2126.30735
G1 X152.421 Y130.54 E2126.32456
G1 X152.494 Y130.972 E2126.33979
G1 X152.495 Y136.614 E2126.53589
G1 X152.367 Y137.107 E2126.55359
G1 X152.218 Y137.366 E2126.56398
G1 X152.003 Y137.61 E2126.57528
G1 X151.543 Y137.896 E2126.59411
G1 X151.1 Y137.99 E2126.60985
G1 X140.773 Y137.988 E2126.96878
G1 X140.171 Y137.753 E2126.99124
G1 X139.781 Y137.364 E2127.01039
G1 X139.564 Y136.923 E2127.02747
G1 X139.508 Y136.644 E2127.03736
G1 X139.506 Y130.972 E2127.2345
G1 X139.578 Y130.542 E2127.24965
G1 X139.83 Y130.071 E2127.26822
G1 X140.402 Y129.568 E2127.2947
G1 X140.215 Y129.496 E2127.30166
G1 X128.996 Y129.496 E2127.6916
G1 X128.996 Y134.499 E2127.86549
G1 X129.066 Y134.649 E2127.87124
G1 X129.142 Y134.559 E2127.87533
G1 X129.446 Y133.936 E2127.89943
G1 X129.894 Y133.372 E2127.92446
G1 X130.454 Y132.932 E2127.94921
G1 X131.018 Y132.668 E2127.97086
G1 X131.554 Y132.531 E2127.99009
G1 X132.202 Y132.513 E2128.01262
G1 X132.554 Y132.557 E2128.02495
G1 X133.241 Y132.778 E2128.05003
G1 X133.813 Y133.118 E2128.07316
G1 X134.331 Y133.623 E2128.0983
G1 X134.735 Y134.286 E2128.12529
G1 X134.931 Y134.918 E2128.14829
G1 X134.996 Y135.495 E2128.16847
G1 X134.921 Y136.186 E2128.19263
G1 X134.639 Y136.919 E2128.21992
G1 X134.284 Y137.447 E2128.24204
G1 X133.696 Y137.977 E2128.26955
G1 X133.026 Y138.318 E2128.29568
G1 X132.398 Y138.467 E2128.31811
G1 X131.788 Y138.483 E2128.33932
G1 X131.435 Y138.435 E2128.3517
G1 X130.772 Y138.231 E2128.37581
G1 X130.18 Y137.868 E2128.39995
G1 X129.563 Y137.268 E2128.42986
G1 X129.08 Y136.417 E2128.46387
G1 X128.996 Y136.795 E2128.47733
G1 X128.996 Y167.499 E2129.54451
G1 X129.066 Y167.649 E2129.55026
G1 X129.142 Y167.559 E2129.55435
G1 X129.446 Y166.936 E2129.57845
G1 X129.895 Y166.371 E2129.60353
G1 X130.455 Y165.936 E2129.62818
G1 X131.115 Y165.639 E2129.65333
G1 X131.775 Y165.515 E2129.67667
G1 X132.399 Y165.525 E2129.69836
G1 X133.044 Y165.683 E2129.72145
G1 X133.685 Y166.01 E2129.74646
G1 X134.221 Y166.485 E2129.77135
G1 X134.659 Y167.089 E2129.79728
G1 X134.924 Y167.805 E2129.82382
G1 X134.996 Y168.496 E2129.84796
G1 X134.929 Y169.111 E2129.86946
G1 X134.712 Y169.759 E2129.89322
G1 X134.331 Y170.373 E2129.91833
G1 X133.851 Y170.845 E2129.94173
G1 X133.535 Y171.065 E2129.95511
G1 X132.893 Y171.35 E2129.97953
G1 X132.438 Y171.461 E2129.9958
G1 F2400 E2129.4958
G1 F600 Z3.9
G0 F15000 X151.716 Y173.815 Z3.9
G1 F600 Z3.5
G1 F2400 E2129.9958
G1 F8627.5 X151.201 Y174.012 E2130.0158
G1 F8284.5 X148.637 Y174.012 E2130.11261
G1 F8267.2 X146.073 Y174.011 E2130.20963
G1 F8250 X143.509 Y174.01 E2130.30684
G1 F8232.8 X140.945 Y174.01 E2130.40426
G1 F8608.7 X140.289 Y173.823 E2130.42905
G1 F9000 X139.832 Y173.431 E2130.44998
G1 X139.578 Y172.953 E2130.46879
G1 X139.506 Y172.524 E2130.48391
G1 X139.507 Y166.881 E2130.68004
G1 X139.56 Y166.587 E2130.69043
G1 X139.676 Y166.301 E2130.70115
G1 X139.955 Y165.922 E2130.71751
G1 X140.278 Y165.685 E2130.73143
G1 X140.64 Y165.546 E2130.74491
G1 X140.907 Y165.504 E2130.75431
G1 X151.097 Y165.505 E2131.10848
G1 X151.425 Y165.565 E2131.12007
G1 X151.682 Y165.664 E2131.12964
G1 X152.104 Y165.992 E2131.14822
G1 X152.327 Y166.308 E2131.16166
G1 X152.493 Y166.87 E2131.18203
G1 X152.494 Y172.524 E2131.37854
G1 X152.421 Y172.955 E2131.39374
G1 X152.164 Y173.431 E2131.41254
G1 X151.716 Y173.815 E2131.43305
G1 F2400 E2130.93305
G1 F600 Z3.9
G0 F15000 X160.893 Y171.35 Z3.9
G1 F600 Z3.5
G1 F2400 E2131.43305
G1 F9000 X160.438 Y171.461 E2131.44932
G1 X159.788 Y171.483 E2131.47193
G1 X159.435 Y171.435 E2131.48431
G1 X158.773 Y171.231 E2131.50839
G1 X158.141 Y170.837 E2131.53427
G1 X157.636 Y170.328 E2131.55919
G1 X157.271 Y169.727 E2131.58363
G1 X157.063 Y169.107 E2131.60636
G1 X157.004 Y168.482 E2131.62818
G1 X157.072 Y167.783 E2131.65259
G1 X157.364 Y167.074 E2131.67924
G1 X157.718 Y166.539 E2131.70154
G1 X158.244 Y166.071 E2131.72601
G1 X158.905 Y165.695 E2131.75244
G1 X159.605 Y165.524 E2131.77749
G1 X160.335 Y165.508 E2131.80287
G1 X161.038 Y165.687 E2131.82808
G1 X161.634 Y165.988 E2131.85129
G1 X162.176 Y166.44 E2131.87582
G1 X162.617 Y167.04 E2131.9017
G1 X162.891 Y167.718 E2131.92711
G1 X163.008 Y168.505 E2131.95477
G1 X162.902 Y169.23 E2131.98024
G1 X162.671 Y169.846 E2132.0031
G1 X162.331 Y170.373 E2132.0249
G1 X161.851 Y170.845 E2132.0483
G1 X161.535 Y171.065 E2132.06168
G1 X160.893 Y171.35 E2132.08609
G1 F2400 E2131.58609
G1 F600 Z3.9
G0 F15000 X169.597 Y169.431 Z3.9
G1 F600 Z3.5
G1 F2400 E2132.08609
G1 F9000 X168.996 Y169.496 E2132.1071
G1 X168.423 Y169.431 E2132.12715
G1 X167.76 Y169.227 E2132.15126
G1 X167.053 Y168.781 E2132.18031
G1 X166.559 Y168.24 E2132.20578
G1 X166.189 Y167.576 E2132.23219
G1 X166.021 Y166.853 E2132.25799
G1 X166.01 Y166.163 E2132.28198
G1 X166.194 Y165.412 E2132.30885
G1 X166.542 Y164.777 E2132.33402
G1 X167.044 Y164.218 E2132.36013
G1 X167.597 Y163.847 E2132.38328
G1 X168.309 Y163.571 E2132.40982
G1 X169.022 Y163.504 E2132.43471
G1 X169.522 Y163.552 E2132.45217
G1 X169.874 Y163.638 E2132.46476
G1 X170.556 Y163.946 E2132.49077
G1 X171.12 Y164.394 E2132.51581
G1 X171.55 Y164.932 E2132.53975
G1 X171.837 Y165.565 E2132.5639
G1 X171.984 Y166.324 E2132.59077
G1 X171.961 Y166.938 E2132.61213
G1 X171.837 Y167.431 E2132.6298
G1 X171.553 Y168.057 E2132.65369
G1 X171.083 Y168.639 E2132.67969
G1 X170.398 Y169.167 E2132.70975
G1 X169.597 Y169.431 E2132.73906
G1 F2400 E2132.23906
G1 F600 Z3.9
G0 F15000 X169.611 Y141.429 Z3.9
G1 F600 Z3.5
G1 F2400 E2132.73906
G1 F9000 X169.001 Y141.492 E2132.76038
G1 X168.31 Y141.421 E2132.78452
G1 X167.609 Y141.157 E2132.81056
G1 X167.048 Y140.785 E2132.83395
G1 X166.578 Y140.263 E2132.85837
G1 X166.226 Y139.65 E2132.88294
G1 X166.008 Y138.843 E2132.91199
G1 X166.024 Y138.103 E2132.93772
G1 X166.185 Y137.438 E2132.9615
G1 X166.514 Y136.809 E2132.98617
G1 X166.982 Y136.27 E2133.01098
G1 X167.55 Y135.872 E2133.03509
G1 X168.278 Y135.575 E2133.06241
G1 X168.996 Y135.504 E2133.08749
G1 X169.564 Y135.562 E2133.10734
G1 X170.32 Y135.807 E2133.13496
G1 X170.863 Y136.16 E2133.15747
G1 X171.12 Y136.394 E2133.16955
G1 X171.55 Y136.932 E2133.19349
G1 X171.837 Y137.565 E2133.21764
G1 X171.984 Y138.324 E2133.24451
G1 X171.961 Y138.938 E2133.26587
G1 X171.837 Y139.431 E2133.28354
G1 X171.553 Y140.057 E2133.30743
G1 X171.084 Y140.638 E2133.33338
G1 X170.555 Y141.051 E2133.35671
G1 X170.251 Y141.215 E2133.36871
G1 X169.611 Y141.429 E2133.39217
G1 F2400 E2132.89217
G1 F600 Z3.9
G0 F15000 X161.084 Y138.294 Z3.9
G1 F600 Z3.5
G1 F2400 E2133.39217
G1 F9000 X160.425 Y138.464 E2133.41582
G1 X159.641 Y138.48 E2133.44308
G1 X158.888 Y138.293 E2133.47004
G1 X158.248 Y137.929 E2133.49564
G1 X157.729 Y137.465 E2133.51983
G1 X157.349 Y136.904 E2133.54338
G1 X157.076 Y136.205 E2133.56947
G1 X157.004 Y135.483 E2133.59468
G1 X157.052 Y134.975 E2133.61242
G1 X157.151 Y134.582 E2133.62651
G1 X157.446 Y133.936 E2133.65119
G1 X157.895 Y133.371 E2133.67627
G1 X158.455 Y132.936 E2133.70092
G1 X159.103 Y132.642 E2133.72565
G1 X159.554 Y132.531 E2133.74179
G1 X160.202 Y132.513 E2133.76432
G1 X160.554 Y132.557 E2133.77665
G1 X161.241 Y132.778 E2133.80174
G1 X161.836 Y133.132 E2133.8258
G1 X162.359 Y133.662 E2133.85168
G1 X162.691 Y134.19 E2133.87336
G1 X162.92 Y134.79 E2133.89568
G1 X162.992 Y135.527 E2133.92142
G1 X162.919 Y136.195 E2133.94477
G1 X162.671 Y136.868 E2133.9697
G1 X162.265 Y137.469 E2133.99491
G1 X161.696 Y137.971 E2134.02128
G1 X161.084 Y138.294 E2134.04534
G1 F2400 E2133.54534
G1 F600 Z3.9
G0 F15000 X174.518 Y129.716 Z3.9
G1 F600 Z3.5
G1 F2400 E2134.04534
G1 F9000 X174.784 Y129.982 E2134.05841
G0 F15000 X174.784 Y130.604
G1 F9000 X173.896 Y129.716 E2134.10206
G0 F15000 X173.274 Y129.716
G1 F9000 X174.784 Y131.226 E2134.17628
G0 F15000 X174.784 Y131.849
G1 F9000 X172.651 Y129.716 E2134.28113
G0 F15000 X172.029 Y129.716
G1 F9000 X174.784 Y132.471 E2134.41654
G0 F15000 X174.784 Y133.093
G1 F9000 X171.407 Y129.716 E2134.58254
G0 F15000 X170.785 Y129.716
G1 F9000 X174.784 Y133.715 E2134.7791
G0 F15000 X174.784 Y134.338
G1 F9000 X170.162 Y129.716 E2135.00629
G0 F15000 X169.54 Y129.716
G1 F9000 X174.784 Y134.96 E2135.26405
G0 F15000 X174.784 Y135.582
G1 F9000 X168.918 Y129.716 E2135.55239
G0 F15000 X168.296 Y129.716
G1 F9000 X174.784 Y136.204 E2135.87129
G0 F15000 X174.784 Y136.827
G1 F9000 X167.673 Y129.716 E2136.22083
G0 F15000 X167.051 Y129.716
G1 F9000 X174.784 Y137.449 E2136.60093
G0 F15000 X174.784 Y138.071
G1 F9000 X166.429 Y129.716 E2137.01161
G0 F15000 X165.807 Y129.716
G1 F9000 X174.784 Y138.693 E2137.45286
G0 F15000 X174.784 Y139.316
G1 F9000 X165.184 Y129.716 E2137.92473
G0 F15000 X164.562 Y129.716
G1 F9000 X170.525 Y135.679 E2138.21784
G1 X170.602 Y135.756
G1 F2400 E2137.71784
G1 F600 Z3.9
G0 F15000 X169.559 Y135.335 Z3.9
G1 F600 Z3.5
G1 F2400 E2138.21784
G1 F9000 X163.94 Y129.716 E2138.49403
G0 F15000 X163.318 Y129.716
G1 F9000 X168.895 Y135.294 E2138.76819
G0 F15000 X168.329 Y135.349
G1 F9000 X162.695 Y129.716 E2139.04509
G0 F15000 X162.073 Y129.716
G1 F9000 X167.861 Y135.504 E2139.32959
G0 F15000 X167.426 Y135.691
G1 F9000 X161.451 Y129.716 E2139.62329
G0 F15000 X160.829 Y129.716
G1 F9000 X167.058 Y135.946 E2139.92949
G0 F15000 X166.724 Y136.234
G1 F9000 X160.206 Y129.716 E2140.24987
G0 F15000 X159.584 Y129.716
G1 F9000 X166.436 Y136.568 E2140.58667
G0 F15000 X166.195 Y136.949
G1 F9000 X158.962 Y129.716 E2140.9422
G0 F15000 X158.34 Y129.716
G1 F9000 X161.131 Y132.508 E2141.07941
G0 F15000 X160.306 Y132.305
G1 F9000 X157.717 Y129.716 E2141.20667
G0 F15000 X157.095 Y129.716
G1 F9000 X159.688 Y132.309 E2141.33413
G0 F15000 X159.158 Y132.401
G1 F9000 X156.473 Y129.716 E2141.4661
G0 F15000 X155.851 Y129.716
G1 F9000 X158.71 Y132.575 E2141.60663
G0 F15000 X158.29 Y132.778
G1 F9000 X155.228 Y129.716 E2141.75714
G0 F15000 X154.606 Y129.716
G1 F9000 X157.943 Y133.053 E2141.92117
G0 F15000 X157.623 Y133.355
G1 F9000 X153.984 Y129.716 E2142.10004
G0 F15000 X153.362 Y129.716
G1 F9000 X157.349 Y133.703 E2142.29601
G0 F15000 X157.126 Y134.103
G1 F9000 X152.739 Y129.716 E2142.51165
G0 F15000 X152.117 Y129.716
G1 F9000 X156.937 Y134.536 E2142.74857
G0 F15000 X156.824 Y135.045
G1 F9000 X152.71 Y130.931 E2142.95079
G0 F15000 X152.712 Y131.555
G1 F9000 X156.797 Y135.64 E2143.15158
G0 F15000 X156.907 Y136.373
G1 F9000 X152.712 Y132.177 E2143.3578
G0 F15000 X152.712 Y132.8
G1 F9000 X166.534 Y146.622 E2144.03721
G0 F15000 X166.805 Y146.271
G1 F9000 X159.115 Y138.581 E2144.4152
G0 F15000 X159.853 Y138.696
G1 F9000 X167.159 Y146.003 E2144.77434
G0 F15000 X167.612 Y145.833
G1 F9000 X160.459 Y138.68 E2145.12593
G0 F15000 X160.956 Y138.555
G1 F9000 X168.19 Y145.788 E2145.48149
G0 F15000 X168.812 Y145.788
G1 F9000 X161.401 Y138.377 E2145.84576
G0 F15000 X161.807 Y138.162
G1 F9000 X169.434 Y145.788 E2146.22063
G0 F15000 X170.056 Y145.788
G1 F9000 X162.145 Y137.877 E2146.60949
G0 F15000 X162.461 Y137.57
G1 F9000 X170.679 Y145.788 E2147.01343
G0 F15000 X171.3 Y145.788
G1 F9000 X162.711 Y137.199 E2147.43561
G0 F15000 X162.931 Y136.796
G1 F9000 X166.23 Y140.096 E2147.59779
G1 X166.307 Y140.173
G1 F2400 E2147.09779
G1 F600 Z3.9
G0 F15000 X165.843 Y139.086 Z3.9
G1 F600 Z3.5
G1 F2400 E2147.59779
G1 F9000 X163.098 Y136.341 E2147.73272
G0 F15000 X163.181 Y135.802
G1 F9000 X165.797 Y138.418 E2147.86131
G0 F15000 X165.86 Y137.858
G1 F9000 X163.18 Y135.179 E2147.99301
G0 F15000 X162.999 Y134.376
G1 F9000 X165.981 Y137.358 E2148.13959
G1 X166.058 Y137.435
G1 F2400 E2147.63959
G1 F600 Z3.9
G0 F15000 X167.441 Y141.306 Z3.9
G1 F600 Z3.5
G1 F2400 E2148.13959
G1 F9000 X171.922 Y145.788 E2148.35987
G0 F15000 X172.545 Y145.788
G1 F9000 X168.408 Y141.651 E2148.56322
G0 F15000 X169.083 Y141.704
G1 F9000 X173.167 Y145.788 E2148.76396
G0 F15000 X173.843 Y145.841
G1 F9000 X169.648 Y141.647 E2148.97014
G0 F15000 X170.118 Y141.494
G1 F9000 X174.784 Y146.16 E2149.19949
G0 F15000 X174.784 Y145.538
G1 F9000 X170.547 Y141.301 E2149.40775
G0 F15000 X170.916 Y141.048
G1 F9000 X174.784 Y144.916 E2149.59788
G0 F15000 X174.784 Y144.294
G1 F9000 X171.264 Y140.774 E2149.7709
G0 F15000 X171.54 Y140.427
G1 F9000 X174.784 Y143.671 E2149.93035
G0 F15000 X174.784 Y143.049
G1 F9000 X171.793 Y140.058 E2150.07737
G0 F15000 X171.987 Y139.63
G1 F9000 X174.784 Y142.427 E2150.21485
G0 F15000 X174.784 Y141.805
G1 F9000 X172.132 Y139.152 E2150.34523
G0 F15000 X172.193 Y138.591
G1 F9000 X174.784 Y141.182 E2150.47259
G0 F15000 X174.784 Y140.56
G1 F9000 X172.133 Y137.909 E2150.6029
G1 X172.056 Y137.832
G1 F2400 E2150.1029
G1 F600 Z3.9
G0 F15000 X171.801 Y136.955 Z3.9
G1 F600 Z3.5
G1 F2400 E2150.6029
G1 F9000 X174.784 Y139.938 E2150.74952
G1 X174.861 Y140.015
G1 F2400 E2150.24952
G1 F600 Z3.9
G0 F15000 X166.354 Y147.064 Z3.9
G1 F600 Z3.5
G1 F2400 E2150.74952
G1 F9000 X152.712 Y133.423 E2151.42005
G0 F15000 X152.712 Y134.045
G1 F9000 X166.285 Y147.618 E2152.08721
G0 F15000 X166.285 Y148.24
G1 F9000 X152.712 Y134.667 E2152.75437
G0 F15000 X152.713 Y135.29
G1 F9000 X166.285 Y148.862 E2153.42149
G0 F15000 X166.285 Y149.484
G1 F9000 X152.713 Y135.912 E2154.0886
G0 F15000 X152.713 Y136.535
G1 F9000 X166.285 Y150.107 E2154.75571
G0 F15000 X166.285 Y150.729
G1 F9000 X152.608 Y137.052 E2155.42799
G0 F15000 X152.41 Y137.476
G1 F9000 X166.285 Y151.351 E2156.10999
G0 F15000 X166.285 Y151.974
G1 F9000 X152.114 Y137.802 E2156.80657
G0 F15000 X151.726 Y138.036
G1 F9000 X166.286 Y152.596 E2157.52225
G0 F15000 X166.286 Y153.219
G1 F9000 X151.246 Y138.179 E2158.26152
G0 F15000 X150.658 Y138.213
G1 F9000 X166.286 Y153.841 E2159.02969
G0 F15000 X166.286 Y154.463
G1 F9000 X150.035 Y138.213 E2159.82846
G0 F15000 X149.413 Y138.213
G1 F9000 X166.286 Y155.085 E2160.65781
G0 F15000 X166.286 Y155.708
G1 F9000 X148.791 Y138.213 E2161.51775
G0 F15000 X148.169 Y138.213
G1 F9000 X166.286 Y156.33 E2162.40826
G0 F15000 X166.286 Y156.952
G1 F9000 X147.546 Y138.213 E2163.32938
G0 F15000 X146.924 Y138.213
G1 F9000 X166.286 Y157.575 E2164.28109
G1 X166.363 Y157.652
G1 F2400 E2163.78109
G1 F600 Z3.9
G0 F15000 X167.926 Y159.214 Z3.9
G1 F600 Z3.5
G1 F2400 E2164.28109
G1 F9000 X174.784 Y166.073 E2164.61821
G0 F15000 X174.784 Y166.695
G1 F9000 X146.302 Y138.213 E2166.0182
G0 F15000 X145.68 Y138.213
G1 F9000 X174.784 Y167.317 E2167.44877
G0 F15000 X174.784 Y167.939
G1 F9000 X171.803 Y164.958 E2167.5953
G1 X171.726 Y164.881
G1 F2400 E2167.0953
G1 F600 Z3.9
G0 F15000 X172.133 Y165.911 Z3.9
G1 F600 Z3.5
G1 F2400 E2167.5953
G1 F9000 X174.784 Y168.562 E2167.7256
G0 F15000 X174.784 Y169.184
G1 F9000 X172.193 Y166.592 E2167.85298
G0 F15000 X172.132 Y167.154
G1 F9000 X174.784 Y169.806 E2167.98334
G0 F15000 X174.784 Y170.428
G1 F9000 X171.987 Y167.631 E2168.12082
G0 F15000 X171.792 Y168.059
G1 F9000 X174.784 Y171.051 E2168.26789
G0 F15000 X174.784 Y171.673
G1 F9000 X171.538 Y168.427 E2168.42744
G0 F15000 X171.263 Y168.774
G1 F9000 X174.784 Y172.295 E2168.60051
G0 F15000 X174.784 Y172.917
G1 F9000 X170.914 Y169.047 E2168.79074
G0 F15000 X170.563 Y169.318
G1 F9000 X174.784 Y173.54 E2168.99824
G0 F15000 X174.784 Y174.162
G1 F9000 X170.114 Y169.492 E2169.22778
G0 F15000 X169.647 Y169.647
G1 F9000 X174.283 Y174.283 E2169.45566
G0 F15000 X173.661 Y174.283
G1 F9000 X169.087 Y169.709 E2169.68049
G0 F15000 X168.411 Y169.655
G1 F9000 X173.039 Y174.283 E2169.90797
G0 F15000 X172.417 Y174.283
G1 F9000 X167.386 Y169.252 E2170.15526
G1 X167.309 Y169.175
G1 F2400 E2169.65526
G1 F600 Z3.9
G0 F15000 X166.233 Y168.1 Z3.9
G1 F600 Z3.5
G1 F2400 E2170.15526
G1 F9000 X134.928 Y136.795 E2171.69402
G0 F15000 X134.713 Y137.202
G1 F9000 X171.794 Y174.283 E2173.51668
G0 F15000 X171.172 Y174.283
G1 F9000 X134.462 Y137.573 E2175.32111
G0 F15000 X134.139 Y137.872
G1 F9000 X170.55 Y174.283 E2177.11084
G0 F15000 X169.928 Y174.283
G1 F9000 X162.966 Y167.322 E2177.45302
G0 F15000 X163.178 Y168.156
G1 F9000 X169.305 Y174.283 E2177.75419
G0 F15000 X168.683 Y174.283
G1 F9000 X163.192 Y168.793 E2178.02407
G0 F15000 X163.103 Y169.325
G1 F9000 X168.061 Y174.283 E2178.26777
G0 F15000 X167.439 Y174.283
G1 F9000 X162.934 Y169.778 E2178.48921
G0 F15000 X162.716 Y170.183
G1 F9000 X166.816 Y174.283 E2178.69074
G0 F15000 X166.194 Y174.283
G1 F9000 X162.463 Y170.553 E2178.8741
G0 F15000 X162.149 Y170.861
G1 F9000 X165.572 Y174.283 E2179.04233
G0 F15000 X164.95 Y174.283
G1 F9000 X161.807 Y171.14 E2179.19682
G0 F15000 X161.408 Y171.364
G1 F9000 X164.327 Y174.283 E2179.3403
G0 F15000 X163.705 Y174.283
G1 F9000 X160.977 Y171.555 E2179.47439
G0 F15000 X160.477 Y171.678
G1 F9000 X163.083 Y174.283 E2179.60246
G0 F15000 X162.461 Y174.283
G1 F9000 X159.879 Y171.702 E2179.72935
G0 F15000 X159.12 Y171.565
G1 F9000 X161.838 Y174.283 E2179.86295
G0 F15000 X161.216 Y174.283
G1 F9000 X129.217 Y142.285 E2181.43579
G0 F15000 X129.217 Y142.907
G1 F9000 X151.773 Y165.463 E2182.5445
G0 F15000 X150.973 Y165.285
G1 F9000 X129.217 Y143.529 E2183.61389
G0 F15000 X129.217 Y144.151
G1 F9000 X150.351 Y165.285 E2184.6527
G0 F15000 X149.728 Y165.285
G1 F9000 X129.217 Y144.774 E2185.66089
G0 F15000 X129.217 Y145.396
G1 F9000 X149.106 Y165.285 E2186.6385
G0 F15000 X148.484 Y165.285
G1 F9000 X129.217 Y146.018 E2187.58555
G0 F15000 X129.217 Y146.641
G1 F9000 X147.862 Y165.285 E2188.50199
G0 F15000 X147.239 Y165.285
G1 F9000 X129.218 Y147.263 E2189.38781
G0 F15000 X129.218 Y147.886
G1 F9000 X146.617 Y165.285 E2190.24304
G0 F15000 X145.995 Y165.285
G1 F9000 X129.218 Y148.508 E2191.06769
G0 F15000 X129.218 Y149.13
G1 F9000 X145.373 Y165.285 E2191.86176
G0 F15000 X144.75 Y165.285
G1 F9000 X129.218 Y149.752 E2192.62524
G0 F15000 X129.218 Y150.375
G1 F9000 X144.128 Y165.285 E2193.35812
G0 F15000 X143.506 Y165.285
G1 F9000 X129.218 Y150.997 E2194.06043
G0 F15000 X129.218 Y151.619
G1 F9000 X142.884 Y165.285 E2194.73216
G0 F15000 X142.261 Y165.285
G1 F9000 X129.218 Y152.242 E2195.37327
G0 F15000 X129.218 Y152.864
G1 F9000 X141.639 Y165.285 E2195.98381
G0 F15000 X141.017 Y165.285
G1 F9000 X129.218 Y153.486 E2196.56377
G0 F15000 X129.218 Y154.108
G1 F9000 X140.48 Y165.37 E2197.11734
G0 F15000 X140.059 Y165.572
G1 F9000 X129.218 Y154.731 E2197.65021
G0 F15000 X129.218 Y155.353
G1 F9000 X139.73 Y165.865 E2198.16692
G0 F15000 X139.472 Y166.229
G1 F9000 X129.218 Y155.975 E2198.67094
G0 F15000 X129.218 Y156.597
G1 F9000 X139.318 Y166.698 E2199.16741
G0 F15000 X139.284 Y167.286
G1 F9000 X129.219 Y157.22 E2199.66217
G0 F15000 X129.219 Y157.842
G1 F9000 X139.285 Y167.909 E2200.15697
G0 F15000 X139.285 Y168.531
G1 F9000 X129.219 Y158.465 E2200.65175
G0 F15000 X129.219 Y159.087
G1 F9000 X139.286 Y169.154 E2201.14658
G0 F15000 X139.287 Y169.777
G1 F9000 X129.219 Y159.709 E2201.64146
G0 F15000 X129.219 Y160.332
G1 F9000 X139.287 Y170.399 E2202.13631
G0 F15000 X139.287 Y171.022
G1 F9000 X129.219 Y160.954 E2202.63119
G0 F15000 X129.219 Y161.576
G1 F9000 X133.118 Y165.475 E2202.82284
G0 F15000 X132.32 Y165.3
G1 F9000 X129.219 Y162.198 E2202.97529
G0 F15000 X129.219 Y162.821
G1 F9000 X131.702 Y165.304 E2203.09734
G0 F15000 X131.179 Y165.403
G1 F9000 X129.219 Y163.443 E2203.19368
G0 F15000 X129.219 Y164.065
G1 F9000 X130.724 Y165.57 E2203.26766
G0 F15000 X130.301 Y165.769
G1 F9000 X129.219 Y164.687 E2203.32084
G0 F15000 X129.219 Y165.31
G1 F9000 X129.953 Y166.044 E2203.35692
G0 F15000 X129.631 Y166.344
G1 F9000 X129.219 Y165.932 E2203.37717
G0 F15000 X129.219 Y166.554
G1 F9000 X129.361 Y166.696 E2203.38415
G1 F2400 E2202.88415
G1 F600 Z3.9
G0 F15000 X129.217 Y170.286 Z3.9
G1 F600 Z3.5
G1 F2400 E2203.38415
G1 F9000 X133.214 Y174.283 E2203.58062
G0 F15000 X132.592 Y174.283
G1 F9000 X129.217 Y170.908 E2203.74651
G0 F15000 X129.217 Y171.531
G1 F9000 X131.969 Y174.283 E2203.88178
G0 F15000 X131.347 Y174.283
G1 F9000 X129.217 Y172.153 E2203.98648
G0 F15000 X129.217 Y172.775
G1 F9000 X130.725 Y174.283 E2204.0606
G0 F15000 X130.103 Y174.283
G1 F9000 X129.217 Y173.397 E2204.10415
G0 F15000 X129.217 Y174.02
G1 F9000 X129.48 Y174.283 E2204.11708
G1 F2400 E2203.61708
G1 F600 Z3.9
G0 F15000 X131.132 Y171.578 Z3.9
G1 F600 Z3.5
G1 F2400 E2204.11708
G1 F9000 X133.836 Y174.283 E2204.25002
G0 F15000 X134.458 Y174.283
G1 F9000 X131.877 Y171.701 E2204.37691
G0 F15000 X132.476 Y171.678
G1 F9000 X135.081 Y174.283 E2204.50495
G0 F15000 X135.703 Y174.283
G1 F9000 X132.976 Y171.556 E2204.63899
G0 F15000 X133.407 Y171.364
G1 F9000 X136.325 Y174.283 E2204.78245
G0 F15000 X136.947 Y174.283
G1 F9000 X133.806 Y171.141 E2204.93686
G0 F15000 X134.149 Y170.862
G1 F9000 X137.57 Y174.283 E2205.10502
G0 F15000 X138.192 Y174.283
G1 F9000 X134.463 Y170.553 E2205.28834
G0 F15000 X134.712 Y170.181
G1 F9000 X138.814 Y174.283 E2205.48997
G0 F15000 X139.437 Y174.283
G1 F9000 X134.941 Y169.787 E2205.71096
G0 F15000 X135.092 Y169.316
G1 F9000 X140.059 Y174.283 E2205.95511
G0 F15000 X140.526 Y174.128
G1 F9000 X140.656 Y174.258 E2205.9615
G1 F2400 E2205.4615
G1 F600 Z3.9
G0 F15000 X139.365 Y172.967 Z3.9
G1 F600 Z3.5
G1 F2400 E2205.9615
G1 F9000 X135.185 Y168.786 E2206.16698
G0 F15000 X135.181 Y168.161
G1 F9000 X139.288 Y172.267 E2206.36883
G0 F15000 X139.288 Y171.645
G1 F9000 X134.988 Y167.345 E2206.58019
G1 X134.911 Y167.268
G1 F2400 E2206.08019
G1 F600 Z3.9
G0 F15000 X152.531 Y166.22 Z3.9
G1 F600 Z3.5
G1 F2400 E2206.58019
G1 F9000 X160.594 Y174.283 E2206.97652
G0 F15000 X159.972 Y174.283
G1 F9000 X152.712 Y167.024 E2207.33335
G0 F15000 X152.712 Y167.647
G1 F9000 X159.349 Y174.283 E2207.65956
G0 F15000 X158.727 Y174.283
G1 F9000 X152.712 Y168.269 E2207.95519
G0 F15000 X152.712 Y168.891
G1 F9000 X158.105 Y174.283 E2208.22025
G0 F15000 X157.483 Y174.283
G1 F9000 X152.712 Y169.513 E2208.45474
G0 F15000 X152.712 Y170.135
G1 F9000 X156.86 Y174.283 E2208.65863
G0 F15000 X156.238 Y174.283
G1 F9000 X152.712 Y170.757 E2208.83194
G0 F15000 X152.712 Y171.379
G1 F9000 X155.616 Y174.283 E2208.97469
G0 F15000 X154.994 Y174.283
G1 F9000 X152.712 Y172.002 E2209.08683
G0 F15000 X152.701 Y172.613
G1 F9000 X154.371 Y174.283 E2209.16892
G0 F15000 X153.749 Y174.283
G1 F9000 X152.582 Y173.116 E2209.22628
G0 F15000 X152.355 Y173.512
G1 F9000 X153.127 Y174.283 E2209.2642
G0 F15000 X152.505 Y174.283
G1 F9000 X152.045 Y173.824 E2209.28679
G0 F15000 X151.669 Y174.071
G1 F9000 X151.882 Y174.283 E2209.29723
G1 F2400 E2208.79723
G1 F600 Z3.9
G0 F15000 X156.918 Y169.363 Z3.9
G1 F600 Z3.5
G1 F2400 E2209.29723
G1 F9000 X129.217 Y141.662 E2210.65883
G0 F15000 X129.217 Y141.04
G1 F9000 X156.793 Y168.616 E2212.01429
G0 F15000 X156.829 Y168.029
G1 F9000 X129.217 Y140.418 E2213.3715
G0 F15000 X129.217 Y139.796
G1 F9000 X156.942 Y167.521 E2214.73428
G0 F15000 X157.122 Y167.078
G1 F9000 X129.217 Y139.173 E2216.10591
G0 F15000 X129.217 Y138.551
G1 F9000 X157.355 Y166.689 E2217.489
G0 F15000 X157.618 Y166.33
G1 F9000 X129.217 Y137.929 E2218.88501
G0 F15000 X129.217 Y137.307
G1 F9000 X157.949 Y166.039 E2220.29729
G0 F15000 X158.312 Y165.779
G1 F9000 X131.093 Y138.56 E2221.6352
G0 F15000 X131.855 Y138.7
G1 F9000 X158.706 Y165.551 E2222.95502
G0 F15000 X159.18 Y165.402
G1 F9000 X132.457 Y138.679 E2224.26856
G0 F15000 X132.959 Y138.559
G1 F9000 X159.702 Y165.302 E2225.58307
G0 F15000 X160.31 Y165.288
G1 F9000 X133.399 Y138.377 E2226.90584
G0 F15000 X133.813 Y138.169
G1 F9000 X161.144 Y165.5 E2228.24926
G1 X161.221 Y165.577
G1 F2400 E2227.74926
G1 F600 Z3.9
G0 F15000 X165.859 Y165.859 Z3.9
G1 F600 Z3.5
G1 F2400 E2228.24926
G1 F9000 X135.183 Y135.183 E2229.7571
G0 F15000 X135.18 Y135.803
G1 F9000 X165.797 Y166.419 E2231.26201
G0 F15000 X165.854 Y167.099
G1 F9000 X135.098 Y136.343 E2232.77378
G1 X135.021 Y136.266
G1 F2400 E2232.27378
G1 F600 Z3.9
G0 F15000 X134.991 Y134.369 Z3.9
G1 F600 Z3.5
G1 F2400 E2232.77378
G1 F9000 X165.981 Y165.358 E2234.29702
G0 F15000 X166.196 Y164.951
G1 F9000 X130.962 Y129.717 E2236.0289
G0 F15000 X130.34 Y129.717
G1 F9000 X133.129 Y132.507 E2236.16601
G0 F15000 X132.304 Y132.304
G1 F9000 X129.717 Y129.717 E2236.29317
G0 F15000 X129.216 Y129.838
G1 F9000 X131.687 Y132.309 E2236.41463
G0 F15000 X131.158 Y132.403
G1 F9000 X129.216 Y130.46 E2236.51011
G0 F15000 X129.217 Y131.083
G1 F9000 X130.707 Y132.574 E2236.58338
G0 F15000 X130.287 Y132.776
G1 F9000 X129.217 Y131.706 E2236.63597
G0 F15000 X129.218 Y132.329
G1 F9000 X129.941 Y133.052 E2236.67151
G0 F15000 X129.622 Y133.355
G1 F9000 X129.218 Y132.952 E2236.69134
G0 F15000 X129.22 Y133.575
G1 F9000 X129.352 Y133.708 E2236.69785
G1 F2400 E2236.19785
G1 F600 Z3.9
G0 F15000 X131.584 Y129.717 Z3.9
G1 F600 Z3.5
G1 F2400 E2236.69785
G1 F9000 X166.434 Y164.567 E2238.41086
G0 F15000 X166.727 Y164.238
G1 F9000 X140.68 Y138.191 E2239.69116
G0 F15000 X141.324 Y138.213
G1 F9000 X167.056 Y163.945 E2240.95598
G0 F15000 X167.429 Y163.695
G1 F9000 X141.946 Y138.213 E2242.20854
G0 F15000 X142.568 Y138.213
G1 F9000 X167.861 Y163.506 E2243.45178
G0 F15000 X168.326 Y163.348
G1 F9000 X143.191 Y138.213 E2244.68726
G0 F15000 X143.813 Y138.213
G1 F9000 X168.892 Y163.291 E2245.91995
G0 F15000 X169.56 Y163.337
G1 F9000 X144.435 Y138.213 E2247.15491
G0 F15000 X145.057 Y138.213
G1 F9000 X170.532 Y163.687 E2248.40708
G1 X170.609 Y163.764
G1 F2400 E2247.90708
G1 F600 Z3.9
G0 F15000 X174.784 Y163.583 Z3.9
G1 F600 Z3.5
G1 F2400 E2248.40708
G1 F9000 X170.414 Y159.214 E2248.62185
G0 F15000 X169.792 Y159.214
G1 F9000 X174.784 Y164.206 E2248.86723
G0 F15000 X174.784 Y164.828
G1 F9000 X169.17 Y159.214 E2249.14318
G0 F15000 X168.548 Y159.214
G1 F9000 X174.784 Y165.45 E2249.4497
G1 X174.861 Y165.527
G1 F2400 E2248.9497
G1 F600 Z3.9
G0 F15000 X174.784 Y162.961 Z3.9
G1 F600 Z3.5
G1 F2400 E2249.4497
G1 F9000 X171.036 Y159.214 E2249.6339
G0 F15000 X171.659 Y159.214
G1 F9000 X174.784 Y162.339 E2249.78751
G0 F15000 X174.784 Y161.717
G1 F9000 X172.28 Y159.213 E2249.91059
G0 F15000 X172.902 Y159.213
G1 F9000 X174.784 Y161.094 E2250.00307
G0 F15000 X174.784 Y160.472
G1 F9000 X173.525 Y159.213 E2250.06495
G0 F15000 X174.053 Y159.119
G1 F9000 X174.784 Y159.85 E2250.10088
G0 F15000 X174.784 Y159.228
G1 F9000 X174.465 Y158.909 E2250.11656
G1 F2400 E2249.61656
G1 F600 Z3.9
G0 F15000 X139.324 Y136.835 Z3.9
G1 F600 Z3.5
G1 F2400 E2250.11656
G1 F9000 X132.206 Y129.717 E2250.46644
G0 F15000 X132.829 Y129.717
G1 F9000 X139.289 Y136.178 E2250.784
G0 F15000 X139.289 Y135.556
G1 F9000 X133.451 Y129.717 E2251.07098
G0 F15000 X134.073 Y129.717
G1 F9000 X139.289 Y134.934 E2251.32739
G0 F15000 X139.289 Y134.311
G1 F9000 X134.695 Y129.717 E2251.5532
G0 F15000 X135.318 Y129.717
G1 F9000 X139.289 Y133.688 E2251.74839
G0 F15000 X139.289 Y133.066
G1 F9000 X135.94 Y129.717 E2251.91301
G0 F15000 X136.562 Y129.717
G1 F9000 X139.289 Y132.444 E2252.04705
G0 F15000 X139.289 Y131.822
G1 F9000 X137.184 Y129.717 E2252.15052
G0 F15000 X137.807 Y129.717
G1 F9000 X139.289 Y131.199 E2252.22336
G0 F15000 X139.346 Y130.634
G1 F9000 X138.429 Y129.717 E2252.26844
G0 F15000 X139.051 Y129.717
G1 F9000 X139.513 Y130.179 E2252.29114
G0 F15000 X139.788 Y129.832
G1 F9000 X139.673 Y129.717 E2252.2968
G1 F2400 E2251.7968
G1 F600 Z3.9
;MESH:NONMESH
G0 F15000 X132.613 Y137.105 Z3.9
;TIME_ELAPSED:982.708837
;LAYER:17
;MESH:case_VL53L8+RP2040-up.stl
G0 X132.613 Y137.105 Z4.1
;TYPE:WALL-OUTER
G1 F600 Z3.7
G1 F2400 E2252.2968
G1 F9000 X132.209 Y137.207 E2252.31128
G1 X131.762 Y137.202 E2252.32682
G1 X131.36 Y137.095 E2252.34128
G1 X131.044 Y136.927 E2252.35371
G1 X130.694 Y136.617 E2252.36996
G1 X130.466 Y136.276 E2252.38422
G1 X130.323 Y135.894 E2252.3984
G1 X130.281 Y135.525 E2252.41131
G1 X130.334 Y135.06 E2252.42757
G1 X130.49 Y134.675 E2252.44201
G1 X130.73 Y134.339 E2252.45636
G1 X131.044 Y134.069 E2252.47076
G1 X131.41 Y133.882 E2252.48504
G1 X131.778 Y133.791 E2252.49822
G1 X132.234 Y133.794 E2252.51407
G1 X132.635 Y133.901 E2252.52849
G1 X132.998 Y134.099 E2252.54286
G1 X133.306 Y134.379 E2252.55733
G1 X133.51 Y134.675 E2252.56983
G1 X133.675 Y135.113 E2252.58609
G1 X133.719 Y135.528 E2252.6006
G1 X133.669 Y135.915 E2252.61416
G1 X133.523 Y136.3 E2252.62847
G1 X133.287 Y136.641 E2252.64289
G1 X132.985 Y136.908 E2252.6569
G1 X132.613 Y137.105 E2252.67153
G1 F2400 E2252.17153
G1 F600 Z4.1
G0 F15000 X151.219 Y136.523 Z4.1
G1 F600 Z3.7
G1 F2400 E2252.67153
G1 F9000 X151.191 Y136.611 E2252.67474
G1 X151.036 Y136.718 E2252.68128
G1 X140.973 Y136.719 E2253.03104
G1 X140.877 Y136.684 E2253.03459
G1 X140.783 Y136.542 E2253.04051
G1 X140.78 Y130.954 E2253.23473
G1 X140.824 Y130.868 E2253.23809
G1 X140.962 Y130.783 E2253.24372
G1 X151.085 Y130.78 E2253.59557
G1 X151.22 Y130.954 E2253.60322
G1 X151.219 Y136.523 E2253.79678
G1 F2400 E2253.29678
G1 F600 Z4.1
G0 F15000 X160.625 Y137.1 Z4.1
G1 F600 Z3.7
G1 F2400 E2253.79678
G1 F9000 X160.219 Y137.205 E2253.81136
G1 X159.799 Y137.208 E2253.82596
G1 X159.384 Y137.106 E2253.84081
G1 X159.026 Y136.916 E2253.8549
G1 X158.713 Y136.641 E2253.86938
G1 X158.478 Y136.301 E2253.88374
G1 X158.323 Y135.894 E2253.89888
G1 X158.281 Y135.525 E2253.91179
G1 X158.334 Y135.06 E2253.92806
G1 X158.49 Y134.675 E2253.94249
G1 X158.73 Y134.339 E2253.95685
G1 X159.044 Y134.069 E2253.97124
G1 X159.41 Y133.882 E2253.98552
G1 X159.778 Y133.791 E2253.9987
G1 X160.234 Y133.794 E2254.01455
G1 X160.635 Y133.901 E2254.02897
G1 X160.998 Y134.099 E2254.04335
G1 X161.306 Y134.379 E2254.05781
G1 X161.532 Y134.715 E2254.07189
G1 X161.666 Y135.073 E2254.08517
G1 X161.72 Y135.486 E2254.09965
G1 X161.669 Y135.914 E2254.11463
G1 X161.53 Y136.286 E2254.12843
G1 X161.284 Y136.644 E2254.14353
G1 X160.971 Y136.918 E2254.15799
G1 X160.625 Y137.1 E2254.17158
G1 F2400 E2253.67158
G1 F600 Z4.1
G0 F15000 X169.383 Y140.175 Z4.1
G1 F600 Z3.7
G1 F2400 E2254.17158
G1 F9000 X168.973 Y140.219 E2254.18591
G1 X168.582 Y140.169 E2254.19961
G1 X168.196 Y140.023 E2254.21395
G1 X167.855 Y139.787 E2254.22837
G1 X167.59 Y139.487 E2254.24228
G1 X167.388 Y139.107 E2254.25724
G1 X167.291 Y138.722 E2254.27104
G1 X167.294 Y138.262 E2254.28703
G1 X167.394 Y137.874 E2254.30095
G1 X167.586 Y137.517 E2254.31504
G1 X167.863 Y137.206 E2254.32952
G1 X168.19 Y136.981 E2254.34331
G1 X168.602 Y136.823 E2254.35865
G1 X169 Y136.78 E2254.37256
G1 X169.436 Y136.834 E2254.38783
G1 X169.788 Y136.971 E2254.40096
G1 X170.157 Y137.23 E2254.41663
G1 X170.427 Y137.544 E2254.43102
G1 X170.614 Y137.91 E2254.44531
G1 X170.702 Y138.262 E2254.45792
G1 X170.705 Y138.718 E2254.47377
G1 X170.595 Y139.135 E2254.48876
G1 X170.397 Y139.498 E2254.50313
G1 X170.117 Y139.806 E2254.5176
G1 X169.821 Y140.01 E2254.53009
G1 X169.383 Y140.175 E2254.54636
G1 F2400 E2254.04636
G1 F600 Z4.1
G0 F15000 X173.717 Y157.539 Z4.1
G1 F600 Z3.7
G1 F2400 E2254.54636
G1 F9000 X173.632 Y157.676 E2254.55197
G1 X173.546 Y157.72 E2254.55532
G1 X167.977 Y157.719 E2254.74888
G1 X167.889 Y157.691 E2254.75209
G1 X167.78 Y157.572 E2254.7577
G1 X167.783 Y147.461 E2255.10913
G1 X167.826 Y147.364 E2255.11282
G1 X167.978 Y147.281 E2255.11884
G1 X173.546 Y147.28 E2255.31236
G1 X173.72 Y147.415 E2255.32002
G1 X173.717 Y157.539 E2255.67189
G1 F2400 E2255.17189
G1 F600 Z4.1
G0 F15000 X169.383 Y168.175 Z4.1
G1 F600 Z3.7
G1 F2400 E2255.67189
G1 F9000 X168.973 Y168.219 E2255.68623
G1 X168.562 Y168.162 E2255.70065
G1 X168.175 Y168.01 E2255.7151
G1 X167.866 Y167.796 E2255.72816
G1 X167.59 Y167.487 E2255.74256
G1 X167.394 Y167.122 E2255.75696
G1 X167.289 Y166.705 E2255.77191
G1 X167.289 Y166.286 E2255.78647
G1 X167.386 Y165.895 E2255.80047
G1 X167.585 Y165.518 E2255.81529
G1 X167.855 Y165.213 E2255.82945
G1 X168.195 Y164.978 E2255.84381
G1 X168.602 Y164.823 E2255.85895
G1 X169 Y164.78 E2255.87287
G1 X169.436 Y164.834 E2255.88814
G1 X169.821 Y164.99 E2255.90257
G1 X170.157 Y165.23 E2255.91693
G1 X170.427 Y165.544 E2255.93132
G1 X170.614 Y165.91 E2255.9456
G1 X170.702 Y166.262 E2255.95821
G1 X170.705 Y166.718 E2255.97406
G1 X170.595 Y167.135 E2255.98905
G1 X170.397 Y167.498 E2256.00343
G1 X170.117 Y167.806 E2256.01789
G1 X169.814 Y168.014 E2256.03067
G1 X169.383 Y168.175 E2256.04666
G1 F2400 E2255.54666
G1 F600 Z4.1
G0 F15000 X160.586 Y170.114 Z4.1
G1 F600 Z3.7
G1 F2400 E2256.04666
G1 F9000 X160.218 Y170.205 E2256.05983
G1 X159.762 Y170.202 E2256.07568
G1 X159.36 Y170.095 E2256.09014
G1 X159.044 Y169.927 E2256.10258
G1 X158.694 Y169.617 E2256.11883
G1 X158.466 Y169.276 E2256.13309
G1 X158.323 Y168.894 E2256.14727
G1 X158.281 Y168.475 E2256.1619
G1 X158.329 Y168.074 E2256.17594
G1 X158.49 Y167.675 E2256.19089
G1 X158.694 Y167.379 E2256.20339
G1 X159.014 Y167.088 E2256.21842
G1 X159.392 Y166.887 E2256.2333
G1 X159.798 Y166.788 E2256.24783
G1 X160.205 Y166.789 E2256.26197
G1 X160.586 Y166.882 E2256.2756
G1 X160.967 Y167.076 E2256.29046
G1 X161.28 Y167.348 E2256.30488
G1 X161.525 Y167.7 E2256.31978
G1 X161.667 Y168.076 E2256.33375
G1 X161.72 Y168.487 E2256.34815
G1 X161.675 Y168.883 E2256.36201
G1 X161.522 Y169.302 E2256.37751
G1 X161.306 Y169.617 E2256.39079
G1 X160.955 Y169.927 E2256.40706
G1 X160.586 Y170.114 E2256.42144
G1 F2400 E2255.92144
G1 F600 Z4.1
G0 F15000 X151.22 Y172.546 Z4.1
G1 F600 Z3.7
G1 F2400 E2256.42144
G1 F9000 X151.176 Y172.633 E2256.42483
G1 X151.038 Y172.717 E2256.43044
G1 X140.915 Y172.72 E2256.78229
G1 X140.78 Y172.546 E2256.78994
G1 X140.782 Y166.966 E2256.98389
G1 X140.834 Y166.854 E2256.98818
G1 X140.959 Y166.783 E2256.99317
G1 X151.037 Y166.782 E2257.34345
G1 X151.145 Y166.833 E2257.3476
G1 X151.218 Y166.964 E2257.35282
G1 X151.22 Y172.546 E2257.54683
G1 F2400 E2257.04683
G1 F600 Z4.1
G0 F15000 X132.586 Y170.114 Z4.1
G1 F600 Z3.7
G1 F2400 E2257.54683
G1 F9000 X132.218 Y170.205 E2257.56001
G1 X131.762 Y170.202 E2257.57585
G1 X131.403 Y170.112 E2257.58872
G1 X131.044 Y169.927 E2257.60276
G1 X130.694 Y169.617 E2257.61901
G1 X130.466 Y169.276 E2257.63326
G1 X130.323 Y168.894 E2257.64744
G1 X130.281 Y168.525 E2257.66035
G1 X130.334 Y168.06 E2257.67661
G1 X130.49 Y167.675 E2257.69105
G1 X130.73 Y167.339 E2257.7054
G1 X131.044 Y167.069 E2257.7198
G1 X131.41 Y166.882 E2257.73408
G1 X131.762 Y166.794 E2257.74669
G1 X132.209 Y166.789 E2257.76223
G1 X132.611 Y166.89 E2257.77664
G1 X132.974 Y167.08 E2257.79088
G1 X133.287 Y167.356 E2257.80538
G1 X133.523 Y167.696 E2257.81977
G1 X133.667 Y168.074 E2257.83383
G1 X133.719 Y168.473 E2257.84781
G1 X133.673 Y168.894 E2257.86253
G1 X133.51 Y169.321 E2257.87842
G1 X133.306 Y169.617 E2257.89091
G1 X132.955 Y169.927 E2257.90719
G1 X132.586 Y170.114 E2257.92157
G1 F2400 E2257.42157
G1 F600 Z4.1
G0 F15000 X176.28 Y175.78 Z4.1
G1 F600 Z3.7
G1 F2400 E2257.92157
G1 F9000 X176.28 Y128.22 E2259.5746
G1 X127.72 Y128.22 E2261.26239
G1 X127.72 Y175.78 E2262.91543
G1 X176.28 Y175.78 E2264.60322
G0 F15000 X175.84 Y175.34
;TYPE:WALL-INNER
G1 F10500 X175.84 Y128.66 E2266.22567
G1 X128.16 Y128.66 E2267.88288
G1 X128.16 Y175.34 E2269.50533
G1 X175.84 Y175.34 E2271.16253
G0 F15000 X175.4 Y174.9
G1 F10500 X175.4 Y158.25 E2271.74123
G1 F8619.4 X175.305 Y157.761 E2271.76233
G1 F7321.7 X175.305 Y157.077 E2271.79642
G1 F7333.3 X175.306 Y156.393 E2271.83046
G1 F7345 X175.306 Y155.709 E2271.86444
G1 F7356.7 X175.306 Y155.025 E2271.89838
G1 X175.307 Y154.341 E2271.93231
G1 F7368.4 X175.307 Y153.657 E2271.96619
G1 F7380.2 X175.307 Y152.973 E2272.00001
G1 X175.308 Y152.289 E2272.03383
G1 F7392 X175.308 Y151.605 E2272.0676
G1 F7403.8 X175.308 Y150.921 E2272.10132
G1 F7415.7 X175.309 Y150.237 E2272.13498
G1 X175.309 Y149.553 E2272.16864
G1 F7427.7 X175.309 Y148.869 E2272.20225
G1 F7439.6 X175.31 Y148.185 E2272.2358
G1 F7451.6 X175.31 Y147.501 E2272.2693
G1 F8717 X175.4 Y146.75 E2272.30097
G1 F10500 X175.4 Y129.1 E2272.91442
G1 X151.75 Y129.1 E2273.73642
G1 F8717 X151 Y129.19 E2273.76805
G1 F7451.6 X150.359 Y129.19 E2273.79944
G1 F7439.6 X149.718 Y129.191 E2273.83089
G1 F7427.7 X149.077 Y129.191 E2273.86238
G1 F7415.7 X148.436 Y129.191 E2273.89393
G1 X147.795 Y129.192 E2273.92547
G1 F7403.8 X147.154 Y129.192 E2273.95707
G1 F7392 X146.513 Y129.193 E2273.98871
G1 F7380.2 X145.872 Y129.193 E2274.02041
G1 X145.231 Y129.193 E2274.05211
G1 F7368.4 X144.59 Y129.194 E2274.08386
G1 F7356.7 X143.949 Y129.194 E2274.11565
G1 F7345 X143.308 Y129.194 E2274.1475
G1 X142.667 Y129.195 E2274.17935
G1 F7333.3 X142.026 Y129.195 E2274.21125
G1 F7321.7 X141.385 Y129.196 E2274.2432
G1 F7310.1 X140.744 Y129.196 E2274.2752
G1 F8619.4 X140.25 Y129.1 E2274.29651
G1 F10500 X128.6 Y129.1 E2274.70143
G1 X128.601 Y134.206 E2274.8789
G1 F10312.5 X128.608 Y134.571 E2274.89182
G1 F8400 X128.703 Y134.972 E2274.90972
G1 F7287.1 X128.693 Y135.334 E2274.92786
G1 F7403.8 X128.693 Y135.668 E2274.94432
G1 F7241.4 X128.706 Y136.12 E2274.96711
G1 F7993.1 X128.631 Y136.425 E2274.98145
G1 F9788.1 X128.601 Y136.79 E2274.9951
G1 F10500 X128.601 Y167.206 E2276.05227
G1 F10312.5 X128.608 Y167.571 E2276.06519
G1 F8400 X128.703 Y167.972 E2276.08309
G1 F7287.1 X128.693 Y168.334 E2276.10123
G1 F7403.8 X128.693 Y168.668 E2276.11769
G1 F7241.4 X128.706 Y169.12 E2276.14048
G1 F7993.1 X128.631 Y169.425 E2276.15482
G1 F9788.1 X128.601 Y169.79 E2276.16848
G1 F10500 X128.6 Y174.9 E2276.34608
G1 X175.4 Y174.9 E2277.9727
G1 F2400 E2277.4727
G1 F600 Z4.1
G0 F15000 X170.487 Y168.061 Z4.1
G1 F600 Z3.7
G1 F2400 E2277.9727
G1 F10500 X170.05 Y168.386 E2277.99163
G1 X169.47 Y168.607 E2278.0132
G1 X169 Y168.66 E2278.02964
G1 X168.559 Y168.612 E2278.04506
G1 X168.067 Y168.446 E2278.06311
G1 X167.591 Y168.14 E2278.08278
G1 X167.242 Y167.757 E2278.10079
G1 X166.992 Y167.3 E2278.11889
G1 X166.852 Y166.755 E2278.13845
G1 X166.849 Y166.271 E2278.15527
G1 X166.968 Y165.759 E2278.17354
G1 X167.206 Y165.295 E2278.19167
G1 X167.559 Y164.888 E2278.21039
G1 X167.987 Y164.59 E2278.22852
G1 X168.462 Y164.404 E2278.24625
G1 X169 Y164.34 E2278.26508
G1 X169.595 Y164.424 E2278.28597
G1 X170.071 Y164.628 E2278.30397
G1 X170.487 Y164.939 E2278.32202
G1 X170.815 Y165.338 E2278.33997
G1 X171.041 Y165.803 E2278.35794
G1 X171.148 Y166.316 E2278.37615
G1 X171.139 Y166.794 E2278.39277
G1 X171.041 Y167.193 E2278.40705
G1 X170.817 Y167.659 E2278.42502
G1 X170.487 Y168.061 E2278.4431
G0 F15000 X170.817 Y168.352
G1 F10500 X170.617 Y168.53 E2278.4524
G1 X170.084 Y168.858 E2278.47416
G1 X169.546 Y169.04 E2278.4939
G1 X169 Y169.1 E2278.51299
G1 X168.506 Y169.049 E2278.53025
G1 X167.912 Y168.858 E2278.55194
G1 X167.316 Y168.483 E2278.57641
G1 X166.842 Y167.97 E2278.60069
G1 X166.562 Y167.411 E2278.62242
G1 X166.425 Y166.876 E2278.64161
G1 X166.41 Y166.241 E2278.66369
G1 X166.566 Y165.553 E2278.68821
G1 X166.873 Y165.001 E2278.71016
G1 X167.263 Y164.562 E2278.73057
G1 X167.779 Y164.203 E2278.75242
G1 X168.391 Y163.961 E2278.77529
G1 X169 Y163.9 E2278.79657
G1 X169.479 Y163.946 E2278.81329
G1 X169.755 Y164.014 E2278.82317
G1 X170.321 Y164.266 E2278.8447
G1 X170.817 Y164.648 E2278.86646
G1 X171.204 Y165.131 E2278.88798
G1 X171.468 Y165.697 E2278.90968
G1 X171.588 Y166.316 E2278.9316
G1 X171.573 Y166.87 E2278.95086
G1 X171.468 Y167.299 E2278.96621
G1 X171.207 Y167.864 E2278.98784
G1 X170.817 Y168.352 E2279.00956
G1 F2400 E2278.50956
G1 F600 Z4.1
G0 F15000 X162.16 Y168.463 Z4.1
G1 F600 Z3.7
G1 F2400 E2279.00956
G1 F10500 X162.095 Y169.023 E2279.02915
G1 X161.928 Y169.474 E2279.04587
G1 X161.561 Y169.987 E2279.06779
G1 X161.159 Y170.317 E2279.08587
G1 X160.693 Y170.541 E2279.10384
G1 X160.294 Y170.639 E2279.11812
G1 X159.816 Y170.648 E2279.13473
G1 X159.303 Y170.541 E2279.15295
G1 X158.838 Y170.315 E2279.17092
G1 X158.375 Y169.934 E2279.19176
G1 X158.056 Y169.435 E2279.21234
G1 X157.889 Y168.97 E2279.22951
G1 X157.84 Y168.5 E2279.24594
G1 X157.909 Y167.944 E2279.26541
G1 X158.09 Y167.487 E2279.2825
G1 X158.387 Y167.06 E2279.30057
G1 X158.748 Y166.738 E2279.31739
G1 X159.249 Y166.471 E2279.33712
G1 X159.717 Y166.355 E2279.35388
G1 X160.216 Y166.348 E2279.37122
G1 X160.751 Y166.473 E2279.39032
G1 X161.238 Y166.727 E2279.40941
G1 X161.592 Y167.038 E2279.42579
G1 X161.895 Y167.461 E2279.44387
G1 X162.088 Y167.948 E2279.46208
G1 X162.16 Y168.463 E2279.48015
G0 F15000 X162.609 Y168.516
G1 F10500 X162.521 Y169.134 E2279.50185
G1 X162.327 Y169.658 E2279.52127
G1 X162.03 Y170.117 E2279.54027
G1 X161.58 Y170.557 E2279.56215
G1 X161.364 Y170.706 E2279.57127
G1 X160.799 Y170.968 E2279.59291
G1 X160.37 Y171.072 E2279.60826
G1 X159.816 Y171.088 E2279.62752
G1 X159.549 Y171.056 E2279.63687
G1 X158.947 Y170.872 E2279.65875
G1 X158.42 Y170.557 E2279.68008
G1 X157.97 Y170.117 E2279.70196
G1 X157.646 Y169.595 E2279.72331
G1 X157.456 Y169.046 E2279.74351
G1 X157.4 Y168.5 E2279.76258
G1 X157.489 Y167.814 E2279.78663
G1 X157.702 Y167.279 E2279.80664
G1 X158.061 Y166.764 E2279.82846
G1 X158.482 Y166.387 E2279.8481
G1 X159.081 Y166.054 E2279.87192
G1 X159.727 Y165.911 E2279.89492
G1 X160.314 Y165.909 E2279.91532
G1 X160.896 Y166.057 E2279.93619
G1 X161.426 Y166.325 E2279.95683
G1 X161.904 Y166.728 E2279.97857
G1 X162.318 Y167.297 E2280.00302
G1 X162.528 Y167.89 E2280.02489
G1 X162.609 Y168.516 E2280.04683
G1 F2400 E2279.54683
G1 F600 Z4.1
G0 F15000 X151.659 Y166.953 Z4.1
G1 F600 Z3.7
G1 F2400 E2280.04683
G1 F10500 X151.66 Y172.633 E2280.24425
G1 X151.528 Y172.897 E2280.2545
G1 X151.311 Y173.083 E2280.26444
G1 X151.088 Y173.16 E2280.27264
G1 X141 Y173.16 E2280.62327
G1 X140.689 Y173.083 E2280.6344
G1 X140.472 Y172.897 E2280.64433
G1 X140.34 Y172.633 E2280.65459
G1 X140.341 Y166.96 E2280.85177
G1 X140.413 Y166.697 E2280.86125
G1 X140.601 Y166.473 E2280.87141
G1 X140.92 Y166.344 E2280.88337
G1 X151.036 Y166.34 E2281.23497
G1 X151.229 Y166.38 E2281.24182
G1 X151.497 Y166.564 E2281.25312
G1 X151.587 Y166.697 E2281.2587
G1 X151.659 Y166.953 E2281.26794
G0 F15000 X152.098 Y166.922
G1 F10500 X152.1 Y172.5 E2281.46182
G1 X152.057 Y172.809 E2281.47266
G1 X151.88 Y173.161 E2281.48636
G1 X151.518 Y173.471 E2281.50292
G1 X151.144 Y173.6 E2281.51667
G1 X141 Y173.6 E2281.86924
G1 X140.482 Y173.471 E2281.8878
G1 X140.12 Y173.161 E2281.90436
G1 X139.943 Y172.809 E2281.91806
G1 X139.9 Y172.5 E2281.9289
G1 X139.901 Y166.934 E2282.12236
G1 X140.021 Y166.496 E2282.13814
G1 X140.22 Y166.223 E2282.14988
G1 X140.481 Y166.029 E2282.16119
G1 X140.935 Y165.901 E2282.17758
G1 X151.06 Y165.901 E2282.5295
G1 X151.381 Y165.967 E2282.54089
G1 X151.539 Y166.04 E2282.54693
G1 X151.827 Y166.274 E2282.55983
G1 X151.979 Y166.496 E2282.56918
G1 X152.098 Y166.922 E2282.58456
G1 F2400 E2282.08456
G1 F600 Z4.1
G0 F15000 X167.418 Y157.813 Z4.1
G1 F600 Z3.7
G1 F2400 E2282.58456
G1 F10500 X167.341 Y157.546 E2282.59422
G1 X167.34 Y147.464 E2282.94463
G1 X167.432 Y147.162 E2282.95561
G1 X167.669 Y146.928 E2282.96718
G1 X167.936 Y146.843 E2282.97692
G1 X173.634 Y146.84 E2283.17497
G1 X173.896 Y146.972 E2283.18516
G1 X174.083 Y147.189 E2283.19512
G1 X174.16 Y147.5 E2283.20625
G1 X174.16 Y157.589 E2283.55692
G1 X174.083 Y157.811 E2283.56508
G1 X173.896 Y158.028 E2283.57504
G1 X173.634 Y158.16 E2283.58524
G1 X167.932 Y158.157 E2283.78342
G1 X167.669 Y158.072 E2283.79303
G1 X167.418 Y157.813 E2283.80556
G0 F15000 X167.004 Y157.968
G1 F10500 X166.902 Y157.576 E2283.81964
G1 X166.901 Y147.358 E2284.17479
G1 X166.989 Y147.065 E2284.18542
G1 X167.259 Y146.686 E2284.20159
G1 X167.56 Y146.491 E2284.21406
G1 X167.893 Y146.405 E2284.22601
G1 X173.5 Y146.4 E2284.42089
G1 X173.809 Y146.443 E2284.43174
G1 X174.16 Y146.62 E2284.4454
G1 X174.472 Y146.982 E2284.46201
G1 F8717 X174.69 Y147.5 E2284.48554
G1 F7451.6 X174.69 Y148.956 E2284.55685
G1 F7439.6 X174.69 Y150.412 E2284.62827
G1 F7427.7 X174.69 Y151.868 E2284.69981
G1 X174.69 Y153.324 E2284.77135
G1 F7415.7 X174.69 Y154.78 E2284.843
G1 F7403.8 X174.69 Y156.236 E2284.91477
G1 F7392 X174.69 Y157.692 E2284.98665
G1 F8684.2 X174.472 Y158.018 E2285.00313
G1 F10500 X174.16 Y158.38 E2285.01974
G1 X173.809 Y158.557 E2285.03341
G1 X173.5 Y158.6 E2285.04425
G1 X167.887 Y158.595 E2285.23934
G1 X167.556 Y158.507 E2285.25125
G1 X167.175 Y158.229 E2285.26764
G1 X167.004 Y157.968 E2285.27848
G1 F2400 E2284.77848
G1 F600 Z4.1
G0 F15000 X169 Y140.66 Z4.1
G1 F600 Z3.7
G1 F2400 E2285.27848
G1 F10500 X168.528 Y140.607 E2285.29499
G1 X167.989 Y140.411 E2285.31493
G1 X167.559 Y140.112 E2285.33313
G1 X167.242 Y139.757 E2285.34967
G1 X166.996 Y139.308 E2285.36747
G1 X166.859 Y138.804 E2285.38562
G1 X166.849 Y138.278 E2285.4039
G1 X166.986 Y137.709 E2285.42425
G1 X167.231 Y137.257 E2285.44212
G1 X167.582 Y136.867 E2285.46035
G1 X167.972 Y136.599 E2285.4768
G1 X168.526 Y136.389 E2285.49739
G1 X169 Y136.34 E2285.51395
G1 X169.595 Y136.424 E2285.53484
G1 X169.971 Y136.571 E2285.54887
G1 X170.487 Y136.939 E2285.5709
G1 X170.815 Y137.338 E2285.58885
G1 X171.041 Y137.803 E2285.60682
G1 X171.148 Y138.316 E2285.62504
G1 X171.139 Y138.794 E2285.64165
G1 X171.041 Y139.193 E2285.65593
G1 X170.817 Y139.659 E2285.6739
G1 X170.487 Y140.061 E2285.69198
G1 X170.071 Y140.372 E2285.71003
G1 X169.47 Y140.607 E2285.73246
G1 X169 Y140.66 E2285.7489
G0 F15000 X169 Y141.1
G1 F10500 X168.393 Y141.034 E2285.77012
G1 X167.783 Y140.8 E2285.79283
G1 X167.263 Y140.438 E2285.81485
G1 X166.894 Y140.026 E2285.83408
G1 X166.596 Y139.491 E2285.85536
G1 X166.427 Y138.886 E2285.87719
G1 X166.407 Y138.171 E2285.90206
G1 X166.58 Y137.539 E2285.92483
G1 X166.846 Y137.033 E2285.9447
G1 X167.26 Y136.557 E2285.96662
G1 X167.753 Y136.217 E2285.98744
G1 X168.358 Y135.965 E2286.01022
G1 X169 Y135.9 E2286.03265
G1 X169.479 Y135.946 E2286.04937
G1 X170.154 Y136.171 E2286.0741
G1 X170.617 Y136.47 E2286.09326
G1 X170.817 Y136.648 E2286.10256
G1 X171.204 Y137.131 E2286.12408
G1 X171.468 Y137.697 E2286.14578
G1 X171.588 Y138.316 E2286.1677
G1 X171.573 Y138.87 E2286.18696
G1 X171.468 Y139.299 E2286.20231
G1 X171.207 Y139.864 E2286.22394
G1 X170.817 Y140.352 E2286.24565
G1 X170.321 Y140.734 E2286.26741
G1 X170.084 Y140.858 E2286.27671
G1 X169.546 Y141.04 E2286.29645
G1 X169 Y141.1 E2286.31554
G1 F2400 E2285.81554
G1 F600 Z4.1
G0 F15000 X161.932 Y136.464 Z4.1
G1 F600 Z3.7
G1 F2400 E2286.31554
G1 F10500 X161.604 Y136.946 E2286.33581
G1 X161.262 Y137.25 E2286.35171
G1 X160.75 Y137.524 E2286.37189
G1 X160.297 Y137.638 E2286.38813
G1 X159.767 Y137.647 E2286.40655
G1 X159.226 Y137.521 E2286.42586
G1 X158.75 Y137.259 E2286.44475
G1 X158.388 Y136.937 E2286.46158
G1 X158.09 Y136.509 E2286.47971
G1 X157.904 Y136.034 E2286.49744
G1 X157.84 Y135.5 E2286.51613
G1 X157.924 Y134.901 E2286.53716
G1 X158.128 Y134.425 E2286.55516
G1 X158.439 Y134.009 E2286.57321
G1 X158.838 Y133.681 E2286.59116
G1 X159.304 Y133.455 E2286.60916
G1 X159.702 Y133.357 E2286.62341
G1 X160.341 Y133.367 E2286.64562
G1 X160.839 Y133.511 E2286.66364
G1 X161.159 Y133.679 E2286.6762
G1 X161.561 Y134.009 E2286.69428
G1 X161.938 Y134.545 E2286.71705
G1 X162.085 Y134.939 E2286.73167
G1 X162.159 Y135.458 E2286.74989
G1 X162.094 Y136.03 E2286.7699
G1 X161.932 Y136.464 E2286.786
G0 F15000 X162.313 Y136.698
G1 F10500 X161.959 Y137.217 E2286.80784
G1 X161.489 Y137.636 E2286.82972
G1 X160.91 Y137.944 E2286.85252
G1 X160.241 Y138.087 E2286.87629
G1 X159.669 Y138.086 E2286.89618
G1 X159.033 Y137.913 E2286.91908
G1 X158.524 Y137.646 E2286.93906
G1 X158.062 Y137.233 E2286.9606
G1 X157.703 Y136.718 E2286.98242
G1 X157.461 Y136.104 E2287.00536
G1 X157.4 Y135.5 E2287.02646
G1 X157.446 Y135.018 E2287.04329
G1 X157.514 Y134.741 E2287.0532
G1 X157.766 Y134.175 E2287.07473
G1 X158.148 Y133.679 E2287.09649
G1 X158.631 Y133.292 E2287.11801
G1 X159.197 Y133.028 E2287.13971
G1 X159.626 Y132.924 E2287.15505
G1 X160.18 Y132.908 E2287.17432
G1 X160.799 Y133.028 E2287.19623
G1 X161.364 Y133.29 E2287.21788
G1 X161.852 Y133.679 E2287.23957
G1 X162.03 Y133.879 E2287.24888
G1 X162.344 Y134.376 E2287.26931
G1 X162.53 Y134.899 E2287.2886
G1 X162.605 Y135.486 E2287.30917
G1 X162.538 Y136.091 E2287.33033
G1 X162.313 Y136.698 E2287.35283
G1 F2400 E2286.85283
G1 F600 Z4.1
G0 F15000 X151.657 Y136.568 Z4.1
G1 F600 Z3.7
G1 F2400 E2287.35283
G1 F10500 X151.605 Y136.766 E2287.35994
G1 X151.438 Y136.995 E2287.36979
G1 X151.136 Y137.16 E2287.38175
G1 X140.961 Y137.159 E2287.73541
G1 X140.786 Y137.125 E2287.7416
G1 X140.511 Y136.944 E2287.75304
G1 X140.394 Y136.763 E2287.76053
G1 X140.34 Y136.59 E2287.76683
G1 X140.34 Y130.867 E2287.96575
G1 X140.472 Y130.604 E2287.97597
G1 X140.689 Y130.417 E2287.98593
G1 X140.915 Y130.34 E2287.99423
G1 X151 Y130.34 E2288.34475
G1 X151.311 Y130.417 E2288.35589
G1 X151.528 Y130.604 E2288.36584
G1 X151.66 Y130.867 E2288.37607
G1 X151.657 Y136.568 E2288.57422
G0 F15000 X152.095 Y136.612
G1 F10500 X152.008 Y136.943 E2288.58612
G1 X151.73 Y137.324 E2288.60251
G1 X151.461 Y137.5 E2288.61368
G1 X151.06 Y137.599 E2288.62804
G1 X140.935 Y137.599 E2288.97995
G1 X140.544 Y137.502 E2288.99395
G1 X140.27 Y137.324 E2289.00531
G1 X140.092 Y137.123 E2289.01464
G1 X139.942 Y136.805 E2289.02686
G1 X139.905 Y136.607 E2289.03386
G1 X139.9 Y131 E2289.22874
G1 X139.944 Y130.691 E2289.23959
G1 X140.12 Y130.34 E2289.25324
G1 X140.482 Y130.029 E2289.26983
G1 F8667.9 X140.811 Y129.81 E2289.28647
G1 F7380.2 X142.085 Y129.81 E2289.34947
G1 F7392 X143.359 Y129.81 E2289.41236
G1 F7403.8 X144.633 Y129.81 E2289.47516
G1 F7415.7 X145.907 Y129.81 E2289.53786
G1 X147.181 Y129.81 E2289.60056
G1 F7427.7 X148.455 Y129.81 E2289.66315
G1 F7439.6 X149.729 Y129.81 E2289.72565
G1 F7451.6 X151.003 Y129.81 E2289.78804
G1 F8717 X151.518 Y130.029 E2289.81147
G1 F10500 X151.88 Y130.34 E2289.82806
G1 X152.056 Y130.691 E2289.84171
G1 X152.1 Y131 E2289.85255
G1 X152.095 Y136.612 E2290.04761
G1 F2400 E2289.54761
G1 F600 Z4.1
G0 F15000 X134.16 Y135.5 Z4.1
G1 F600 Z3.7
G1 F2400 E2290.04761
G1 F10500 X134.107 Y135.97 E2290.06405
G1 X133.911 Y136.506 E2290.08389
G1 X133.612 Y136.937 E2290.10212
G1 X133.249 Y137.26 E2290.11901
G1 X132.774 Y137.515 E2290.13774
G1 X132.267 Y137.643 E2290.15592
G1 X131.816 Y137.648 E2290.1716
G1 X131.303 Y137.541 E2290.18981
G1 X130.838 Y137.315 E2290.20778
G1 X130.375 Y136.934 E2290.22862
G1 X130.056 Y136.435 E2290.2492
G1 X129.889 Y135.97 E2290.26638
G1 X129.843 Y135.574 E2290.28023
G1 X129.89 Y134.981 E2290.30091
G1 X130.128 Y134.425 E2290.32193
G1 X130.439 Y134.009 E2290.33998
G1 X130.838 Y133.681 E2290.35793
G1 X131.282 Y133.461 E2290.37516
G1 X131.702 Y133.357 E2290.3902
G1 X132.341 Y133.367 E2290.41241
G1 X132.839 Y133.511 E2290.43043
G1 X133.159 Y133.679 E2290.44299
G1 X133.561 Y134.009 E2290.46106
G1 X133.92 Y134.489 E2290.4819
G1 X134.112 Y135.059 E2290.5028
G1 X134.16 Y135.5 E2290.51822
G0 F15000 X134.6 Y135.5
G1 F10500 X134.533 Y136.108 E2290.53948
G1 X134.3 Y136.713 E2290.56201
G1 X133.937 Y137.233 E2290.58406
G1 X133.473 Y137.649 E2290.60572
G1 X132.935 Y137.924 E2290.62672
G1 X132.324 Y138.079 E2290.64863
G1 X131.663 Y138.091 E2290.6716
G1 X130.947 Y137.872 E2290.69763
G1 X130.42 Y137.557 E2290.71897
G1 X129.97 Y137.117 E2290.74084
G1 X129.646 Y136.595 E2290.7622
G1 F9788.1 X129.485 Y136.265 E2290.77589
G1 F7993.1 X129.352 Y136.064 E2290.78689
G1 F7241.4 X129.315 Y135.634 E2290.80864
G1 F7403.8 X129.315 Y135.368 E2290.82175
G1 F7287.1 X129.345 Y135.007 E2290.83989
G1 F8400 X129.506 Y134.739 E2290.85348
G1 F10312.5 X129.646 Y134.401 E2290.86642
G1 F10500 X129.97 Y133.879 E2290.88778
G1 X130.148 Y133.679 E2290.89708
G1 X130.631 Y133.292 E2290.9186
G1 X131.161 Y133.038 E2290.93902
G1 X131.626 Y132.924 E2290.95566
G1 X132.18 Y132.908 E2290.97493
G1 X132.799 Y133.028 E2290.99684
G1 X133.364 Y133.29 E2291.01849
G1 X133.852 Y133.679 E2291.04018
G1 X134.234 Y134.175 E2291.06194
G1 X134.486 Y134.752 E2291.08382
G1 X134.6 Y135.5 E2291.11012
G1 F2400 E2290.61012
G1 F600 Z4.1
G0 F15000 X132.267 Y166.353 Z4.1
G1 F600 Z3.7
G1 F2400 E2291.11012
G1 F10500 X132.769 Y166.479 E2291.12811
G1 X133.25 Y166.737 E2291.14708
G1 X133.613 Y167.06 E2291.16397
G1 X133.911 Y167.49 E2291.18215
G1 X134.087 Y167.944 E2291.19908
G1 X134.16 Y168.5 E2291.21857
G1 X134.107 Y168.97 E2291.23501
G1 X133.946 Y169.429 E2291.25191
G1 X133.625 Y169.934 E2291.27271
G1 X133.159 Y170.317 E2291.29368
G1 X132.693 Y170.541 E2291.31165
G1 X132.294 Y170.639 E2291.32593
G1 X131.816 Y170.648 E2291.34254
G1 X131.282 Y170.535 E2291.36152
G1 X130.838 Y170.315 E2291.37874
G1 X130.375 Y169.934 E2291.39958
G1 X130.056 Y169.435 E2291.42016
G1 X129.889 Y168.97 E2291.43734
G1 X129.843 Y168.574 E2291.45119
G1 X129.89 Y167.981 E2291.47187
G1 X130.128 Y167.425 E2291.49289
G1 X130.439 Y167.009 E2291.51094
G1 X130.838 Y166.681 E2291.52889
G1 X131.303 Y166.455 E2291.54686
G1 X131.816 Y166.348 E2291.56508
G1 X132.267 Y166.353 E2291.58075
G0 F15000 X132.324 Y165.917
G1 F10500 X132.926 Y166.068 E2291.60233
G1 X133.472 Y166.347 E2291.62364
G1 X133.939 Y166.764 E2291.6454
G1 X134.3 Y167.284 E2291.6674
G1 X134.507 Y167.814 E2291.68718
G1 X134.6 Y168.5 E2291.71124
G1 X134.54 Y169.046 E2291.73033
G1 X134.358 Y169.584 E2291.75007
G1 X134.03 Y170.117 E2291.77182
G1 X133.58 Y170.557 E2291.79369
G1 X133.364 Y170.706 E2291.80282
G1 X132.799 Y170.968 E2291.82446
G1 X132.37 Y171.072 E2291.8398
G1 X131.816 Y171.088 E2291.85907
G1 X131.161 Y170.958 E2291.88228
G1 X130.631 Y170.704 E2291.9027
G1 X130.148 Y170.317 E2291.92422
G1 X129.97 Y170.117 E2291.93352
G1 X129.646 Y169.595 E2291.95488
G1 F9788.1 X129.485 Y169.265 E2291.96857
G1 F7993.1 X129.352 Y169.064 E2291.97957
G1 F7241.4 X129.315 Y168.634 E2292.00132
G1 F7403.8 X129.315 Y168.368 E2292.01443
G1 F7287.1 X129.345 Y168.007 E2292.03257
G1 F8400 X129.506 Y167.739 E2292.04616
G1 F10312.5 X129.646 Y167.401 E2292.0591
G1 F10500 X129.97 Y166.879 E2292.08046
G1 X130.148 Y166.679 E2292.08976
G1 X130.631 Y166.292 E2292.11128
G1 X131.197 Y166.028 E2292.13298
G1 X131.816 Y165.908 E2292.1549
G1 X132.324 Y165.917 E2292.17256
G1 F2400 E2291.67256
G1 F600 Z4.1
G0 F15000 X132.438 Y171.461 Z4.1
;TYPE:SKIN
G1 F600 Z3.7
G1 F2400 E2292.17256
G1 F9000 X131.816 Y171.484 E2292.19419
G1 X131.055 Y171.34 E2292.22111
G1 X130.41 Y171.033 E2292.24594
G1 X129.894 Y170.62 E2292.26891
G1 X129.423 Y170.028 E2292.2952
G1 X129.08 Y169.417 E2292.31956
G1 X128.995 Y169.795 E2292.33302
G1 X128.997 Y174.503 E2292.49666
G1 X140.261 Y174.504 E2292.88816
G1 F8608.7 X140.887 Y174.484 E2292.91092
G1 F8232.8 X143.476 Y174.484 E2293.00929
G1 F8250 X146.065 Y174.485 E2293.10745
G1 F8267.2 X148.654 Y174.485 E2293.20542
G1 F8284.5 X151.243 Y174.485 E2293.30317
G1 F8354.4 X151.319 Y174.489 E2293.30602
G1 F8684.2 X151.785 Y174.504 E2293.32282
G1 F9000 X175.004 Y174.504 E2294.12984
G1 X175.004 Y158.282 E2294.69366
G1 X174.93 Y158.093 E2294.70072
G1 X174.425 Y158.666 E2294.72726
G1 X173.96 Y158.921 E2294.7457
G1 X173.523 Y158.994 E2294.76109
G1 X167.889 Y158.995 E2294.95691
G1 X167.556 Y158.927 E2294.96873
G1 X167.147 Y158.731 E2294.98449
G1 X166.826 Y158.425 E2294.9999
G1 X166.612 Y158.057 E2295.0147
G1 X166.505 Y157.61 E2295.03068
G1 X166.504 Y147.411 E2295.38516
G1 X166.594 Y146.975 E2295.40063
G1 X166.775 Y146.636 E2295.41399
G1 X166.988 Y146.392 E2295.42525
G1 X167.277 Y146.189 E2295.43752
G1 X167.57 Y146.064 E2295.4486
G1 X167.852 Y146.008 E2295.45859
G1 X173.523 Y146.006 E2295.65569
G1 X173.959 Y146.079 E2295.67106
G1 X174.428 Y146.332 E2295.68958
G1 X174.792 Y146.756 E2295.709
G1 X174.933 Y147.009 E2295.71907
G1 X175.004 Y146.722 E2295.72935
G1 X175.004 Y129.496 E2296.32807
G1 X151.774 Y129.496 E2297.13547
G1 X151.49 Y129.564 E2297.14562
G1 X151.724 Y129.692 E2297.15489
G1 X152.198 Y130.098 E2297.17658
G1 X152.421 Y130.54 E2297.19379
G1 X152.494 Y130.972 E2297.20902
G1 X152.495 Y136.614 E2297.40511
G1 X152.367 Y137.107 E2297.42282
G1 X152.218 Y137.366 E2297.4332
G1 X152.003 Y137.61 E2297.44451
G1 X151.543 Y137.896 E2297.46333
G1 X151.1 Y137.99 E2297.47907
G1 X140.773 Y137.988 E2297.83801
G1 X140.171 Y137.753 E2297.86047
G1 X139.781 Y137.364 E2297.87961
G1 X139.564 Y136.923 E2297.8967
G1 X139.508 Y136.644 E2297.90659
G1 X139.506 Y130.972 E2298.10373
G1 X139.578 Y130.542 E2298.11888
G1 X139.83 Y130.071 E2298.13745
G1 X140.402 Y129.568 E2298.16392
G1 X140.215 Y129.496 E2298.17089
G1 X128.996 Y129.496 E2298.56082
G1 X128.996 Y134.499 E2298.73471
G1 X129.066 Y134.649 E2298.74047
G1 X129.142 Y134.559 E2298.74456
G1 X129.446 Y133.936 E2298.76865
G1 X129.894 Y133.372 E2298.79369
G1 X130.454 Y132.932 E2298.81844
G1 X131.018 Y132.668 E2298.84009
G1 X131.554 Y132.531 E2298.85931
G1 X132.202 Y132.513 E2298.88185
G1 X132.554 Y132.557 E2298.89417
G1 X133.241 Y132.778 E2298.91926
G1 X133.813 Y133.118 E2298.94239
G1 X134.331 Y133.623 E2298.96753
G1 X134.735 Y134.286 E2298.99451
G1 X134.931 Y134.918 E2299.01751
G1 X134.996 Y135.495 E2299.03769
G1 X134.921 Y136.186 E2299.06185
G1 X134.639 Y136.919 E2299.08915
G1 X134.284 Y137.447 E2299.11126
G1 X133.696 Y137.977 E2299.13878
G1 X133.026 Y138.318 E2299.16491
G1 X132.398 Y138.467 E2299.18734
G1 X131.788 Y138.483 E2299.20855
G1 X131.435 Y138.435 E2299.22093
G1 X130.772 Y138.231 E2299.24504
G1 X130.18 Y137.868 E2299.26918
G1 X129.563 Y137.268 E2299.29909
G1 X129.08 Y136.417 E2299.3331
G1 X128.996 Y136.795 E2299.34656
G1 X128.996 Y167.499 E2300.41373
G1 X129.066 Y167.649 E2300.41949
G1 X129.142 Y167.559 E2300.42358
G1 X129.446 Y166.936 E2300.44767
G1 X129.895 Y166.371 E2300.47276
G1 X130.455 Y165.936 E2300.4974
G1 X131.115 Y165.639 E2300.52256
G1 X131.775 Y165.515 E2300.5459
G1 X132.399 Y165.525 E2300.56759
G1 X133.044 Y165.683 E2300.59067
G1 X133.685 Y166.01 E2300.61568
G1 X134.221 Y166.485 E2300.64058
G1 X134.659 Y167.089 E2300.66651
G1 X134.924 Y167.805 E2300.69304
G1 X134.996 Y168.496 E2300.71719
G1 X134.929 Y169.111 E2300.73869
G1 X134.712 Y169.759 E2300.76244
G1 X134.331 Y170.373 E2300.78756
G1 X133.851 Y170.845 E2300.81096
G1 X133.535 Y171.065 E2300.82434
G1 X132.893 Y171.35 E2300.84875
G1 X132.438 Y171.461 E2300.86503
G1 F2400 E2300.36503
G1 F600 Z4.1
G0 F15000 X151.716 Y173.815 Z4.1
G1 F600 Z3.7
G1 F2400 E2300.86503
G1 F8627.5 X151.201 Y174.012 E2300.88502
G1 F8284.5 X148.637 Y174.012 E2300.98184
G1 F8267.2 X146.073 Y174.011 E2301.07885
G1 F8250 X143.509 Y174.01 E2301.17607
G1 F8232.8 X140.945 Y174.01 E2301.27349
G1 F8608.7 X140.289 Y173.823 E2301.29828
G1 F9000 X139.832 Y173.431 E2301.3192
G1 X139.578 Y172.953 E2301.33802
G1 X139.506 Y172.524 E2301.35314
G1 X139.507 Y166.881 E2301.54927
G1 X139.56 Y166.587 E2301.55965
G1 X139.676 Y166.301 E2301.57038
G1 X139.955 Y165.922 E2301.58674
G1 X140.278 Y165.685 E2301.60066
G1 X140.64 Y165.546 E2301.61414
G1 X140.907 Y165.504 E2301.62353
G1 X151.097 Y165.505 E2301.97771
G1 X151.425 Y165.565 E2301.9893
G1 X151.682 Y165.664 E2301.99887
G1 X152.104 Y165.992 E2302.01744
G1 X152.327 Y166.308 E2302.03089
G1 X152.493 Y166.87 E2302.05125
G1 X152.494 Y172.524 E2302.24777
G1 X152.421 Y172.955 E2302.26296
G1 X152.164 Y173.431 E2302.28177
G1 X151.716 Y173.815 E2302.30227
G1 F2400 E2301.80227
G1 F600 Z4.1
G0 F15000 X160.893 Y171.35 Z4.1
G1 F600 Z3.7
G1 F2400 E2302.30227
G1 F9000 X160.438 Y171.461 E2302.31855
G1 X159.788 Y171.483 E2302.34116
G1 X159.435 Y171.435 E2302.35354
G1 X158.773 Y171.231 E2302.37762
G1 X158.141 Y170.837 E2302.4035
G1 X157.636 Y170.328 E2302.42842
G1 X157.271 Y169.727 E2302.45286
G1 X157.063 Y169.107 E2302.47559
G1 X157.004 Y168.482 E2302.49741
G1 X157.072 Y167.783 E2302.52182
G1 X157.364 Y167.074 E2302.54847
G1 X157.718 Y166.539 E2302.57077
G1 X158.244 Y166.071 E2302.59524
G1 X158.905 Y165.695 E2302.62167
G1 X159.605 Y165.524 E2302.64671
G1 X160.335 Y165.508 E2302.67209
G1 X161.038 Y165.687 E2302.69731
G1 X161.634 Y165.988 E2302.72051
G1 X162.176 Y166.44 E2302.74504
G1 X162.617 Y167.04 E2302.77092
G1 X162.891 Y167.718 E2302.79634
G1 X163.008 Y168.505 E2302.824
G1 X162.902 Y169.23 E2302.84946
G1 X162.671 Y169.846 E2302.87233
G1 X162.331 Y170.373 E2302.89413
G1 X161.851 Y170.845 E2302.91752
G1 X161.535 Y171.065 E2302.93091
G1 X160.893 Y171.35 E2302.95532
G1 F2400 E2302.45532
G1 F600 Z4.1
G0 F15000 X169.597 Y169.431 Z4.1
G1 F600 Z3.7
G1 F2400 E2302.95532
G1 F9000 X168.996 Y169.496 E2302.97633
G1 X168.423 Y169.431 E2302.99637
G1 X167.76 Y169.227 E2303.02048
G1 X167.053 Y168.781 E2303.04954
G1 X166.559 Y168.24 E2303.075
G1 X166.189 Y167.576 E2303.10142
G1 X166.021 Y166.853 E2303.12722
G1 X166.01 Y166.163 E2303.15121
G1 X166.194 Y165.412 E2303.17808
G1 X166.542 Y164.777 E2303.20325
G1 X167.044 Y164.218 E2303.22936
G1 X167.597 Y163.847 E2303.25251
G1 X168.309 Y163.571 E2303.27905
G1 X169.022 Y163.504 E2303.30394
G1 X169.522 Y163.552 E2303.3214
G1 X169.874 Y163.638 E2303.33399
G1 X170.556 Y163.946 E2303.36
G1 X171.12 Y164.394 E2303.38504
G1 X171.55 Y164.932 E2303.40897
G1 X171.837 Y165.565 E2303.43313
G1 X171.984 Y166.324 E2303.46
G1 X171.961 Y166.938 E2303.48136
G1 X171.837 Y167.431 E2303.49902
G1 X171.553 Y168.057 E2303.52292
G1 X171.083 Y168.639 E2303.54892
G1 X170.398 Y169.167 E2303.57898
G1 X169.597 Y169.431 E2303.60829
G1 F2400 E2303.10829
G1 F600 Z4.1
G0 F15000 X169.611 Y141.429 Z4.1
G1 F600 Z3.7
G1 F2400 E2303.60829
G1 F9000 X169.001 Y141.492 E2303.62961
G1 X168.31 Y141.421 E2303.65375
G1 X167.609 Y141.157 E2303.67978
G1 X167.048 Y140.785 E2303.70318
G1 X166.578 Y140.263 E2303.72759
G1 X166.226 Y139.65 E2303.75216
G1 X166.008 Y138.843 E2303.78122
G1 X166.024 Y138.103 E2303.80694
G1 X166.185 Y137.438 E2303.83072
G1 X166.514 Y136.809 E2303.8554
G1 X166.982 Y136.27 E2303.88021
G1 X167.55 Y135.872 E2303.90431
G1 X168.278 Y135.575 E2303.93164
G1 X168.996 Y135.504 E2303.95672
G1 X169.564 Y135.562 E2303.97656
G1 X170.32 Y135.807 E2304.00418
G1 X170.863 Y136.16 E2304.02669
G1 X171.12 Y136.394 E2304.03877
G1 X171.55 Y136.932 E2304.06271
G1 X171.837 Y137.565 E2304.08687
G1 X171.984 Y138.324 E2304.11374
G1 X171.961 Y138.938 E2304.1351
G1 X171.837 Y139.431 E2304.15276
G1 X171.553 Y140.057 E2304.17666
G1 X171.084 Y140.638 E2304.20261
G1 X170.555 Y141.051 E2304.22593
G1 X170.251 Y141.215 E2304.23794
G1 X169.611 Y141.429 E2304.2614
G1 F2400 E2303.7614
G1 F600 Z4.1
G0 F15000 X161.084 Y138.294 Z4.1
G1 F600 Z3.7
G1 F2400 E2304.2614
G1 F9000 X160.425 Y138.464 E2304.28505
G1 X159.641 Y138.48 E2304.3123
G1 X158.888 Y138.293 E2304.33927
G1 X158.248 Y137.929 E2304.36486
G1 X157.729 Y137.465 E2304.38906
G1 X157.349 Y136.904 E2304.41261
G1 X157.076 Y136.205 E2304.43869
G1 X157.004 Y135.483 E2304.46391
G1 X157.052 Y134.975 E2304.48165
G1 X157.151 Y134.582 E2304.49573
G1 X157.446 Y133.936 E2304.52042
G1 X157.895 Y133.371 E2304.5455
G1 X158.455 Y132.936 E2304.57015
G1 X159.103 Y132.642 E2304.59488
G1 X159.554 Y132.531 E2304.61102
G1 X160.202 Y132.513 E2304.63355
G1 X160.554 Y132.557 E2304.64588
G1 X161.241 Y132.778 E2304.67096
G1 X161.836 Y133.132 E2304.69503
G1 X162.359 Y133.662 E2304.72091
G1 X162.691 Y134.19 E2304.74259
G1 X162.92 Y134.79 E2304.76491
G1 X162.992 Y135.527 E2304.79064
G1 X162.919 Y136.195 E2304.814
G1 X162.671 Y136.868 E2304.83893
G1 X162.265 Y137.469 E2304.86414
G1 X161.696 Y137.971 E2304.89051
G1 X161.084 Y138.294 E2304.91456
G1 F2400 E2304.41456
G1 F600 Z4.1
G0 F15000 X129.217 Y130.263 Z4.1
G1 F600 Z3.7
G1 F2400 E2304.91456
G1 F9000 X129.763 Y129.717 E2304.9414
G0 F15000 X130.386 Y129.717
G1 F9000 X129.217 Y130.885 E2304.99884
G0 F15000 X129.218 Y131.506
G1 F9000 X131.008 Y129.717 E2305.0868
G0 F15000 X131.63 Y129.717
G1 F9000 X129.218 Y132.129 E2305.20536
G0 F15000 X129.219 Y132.75
G1 F9000 X132.252 Y129.717 E2305.35444
G0 F15000 X132.875 Y129.717
G1 F9000 X129.22 Y133.372 E2305.5341
G1 X129.143 Y133.449
G1 F2400 E2305.0341
G1 F600 Z4.1
G0 F15000 X130.581 Y132.633 Z4.1
G1 F600 Z3.7
G1 F2400 E2305.5341
G1 F9000 X133.497 Y129.717 E2305.67743
G0 F15000 X134.119 Y129.717
G1 F9000 X131.522 Y132.314 E2305.80508
G0 F15000 X132.162 Y132.296
G1 F9000 X134.741 Y129.717 E2305.93185
G0 F15000 X135.364 Y129.717
G1 F9000 X132.706 Y132.375 E2306.0625
G0 F15000 X133.179 Y132.523
G1 F9000 X135.986 Y129.717 E2306.20045
G0 F15000 X136.608 Y129.717
G1 F9000 X133.593 Y132.732 E2306.34864
G0 F15000 X133.981 Y132.966
G1 F9000 X137.23 Y129.717 E2306.50834
G0 F15000 X137.853 Y129.717
G1 F9000 X134.293 Y133.276 E2306.68331
G0 F15000 X134.586 Y133.606
G1 F9000 X138.475 Y129.717 E2306.87446
G0 F15000 X139.097 Y129.717
G1 F9000 X134.821 Y133.992 E2307.08462
G0 F15000 X135.009 Y134.427
G1 F9000 X139.719 Y129.717 E2307.31613
G1 X139.796 Y129.64
G1 F2400 E2306.81613
G1 F600 Z4.1
G0 F15000 X139.327 Y130.731 Z4.1
G1 F600 Z3.7
G1 F2400 E2307.31613
G1 F9000 X135.156 Y134.903 E2307.52118
G0 F15000 X135.213 Y135.468
G1 F9000 X139.288 Y131.392 E2307.7215
G0 F15000 X139.288 Y132.015
G1 F9000 X135.14 Y136.163 E2307.92539
G1 X135.063 Y136.24
G1 F2400 E2307.42539
G1 F600 Z4.1
G0 F15000 X134.696 Y137.229 Z4.1
G1 F600 Z3.7
G1 F2400 E2307.92539
G1 F9000 X139.288 Y132.637 E2308.15111
G0 F15000 X139.288 Y133.259
G1 F9000 X129.218 Y143.329 E2308.64608
G0 F15000 X129.218 Y143.951
G1 F9000 X139.289 Y133.881 E2309.14108
G0 F15000 X139.289 Y134.503
G1 F9000 X129.218 Y144.574 E2309.63611
G0 F15000 X129.218 Y145.196
G1 F9000 X139.289 Y135.125 E2310.13114
G0 F15000 X139.289 Y135.748
G1 F9000 X129.218 Y145.818 E2310.62614
G0 F15000 X129.218 Y146.44
G1 F9000 X139.289 Y136.37 E2311.12114
G0 F15000 X139.344 Y136.937
G1 F9000 X129.219 Y147.062 E2311.61882
G0 F15000 X129.219 Y147.684
G1 F9000 X139.537 Y137.366 E2312.12599
G0 F15000 X139.816 Y137.71
G1 F9000 X129.219 Y148.306 E2312.64684
G0 F15000 X129.219 Y148.929
G1 F9000 X140.162 Y137.986 E2313.18473
G0 F15000 X140.607 Y138.162
G1 F9000 X129.219 Y149.551 E2313.74452
G0 F15000 X129.219 Y150.173
G1 F9000 X141.18 Y138.212 E2314.33244
G0 F15000 X141.802 Y138.212
G1 F9000 X129.219 Y150.795 E2314.95094
G0 F15000 X129.219 Y151.418
G1 F9000 X142.425 Y138.212 E2315.60006
G0 F15000 X143.047 Y138.212
G1 F9000 X129.219 Y152.04 E2316.27976
G0 F15000 X129.219 Y152.662
G1 F9000 X143.669 Y138.212 E2316.99003
G0 F15000 X144.292 Y138.212
G1 F9000 X129.219 Y153.284 E2317.7309
G0 F15000 X129.219 Y153.907
G1 F9000 X144.914 Y138.212 E2318.50236
G0 F15000 X145.536 Y138.212
G1 F9000 X129.219 Y154.529 E2319.3044
G0 F15000 X129.219 Y155.151
G1 F9000 X146.158 Y138.212 E2320.13701
G0 F15000 X146.781 Y138.212
G1 F9000 X129.219 Y155.774 E2321.00025
G0 F15000 X129.219 Y156.396
G1 F9000 X147.403 Y138.212 E2321.89406
G0 F15000 X148.025 Y138.212
G1 F9000 X129.22 Y157.017 E2322.81839
G0 F15000 X129.22 Y157.64
G1 F9000 X148.647 Y138.212 E2323.77332
G0 F15000 X149.27 Y138.212
G1 F9000 X129.22 Y158.262 E2324.75885
G0 F15000 X129.22 Y158.884
G1 F9000 X149.892 Y138.212 E2325.77496
G0 F15000 X150.514 Y138.212
G1 F9000 X129.22 Y159.506 E2326.82163
G0 F15000 X129.22 Y160.129
G1 F9000 X151.149 Y138.199 E2327.89955
G1 X151.226 Y138.122
G1 F2400 E2327.39955
G1 F600 Z4.1
G0 F15000 X152.714 Y136.634 Z4.1
G1 F600 Z3.7
G1 F2400 E2327.89955
G1 F9000 X159.632 Y129.716 E2328.23959
G0 F15000 X160.254 Y129.716
G1 F9000 X129.22 Y160.751 E2329.76505
G0 F15000 X129.22 Y161.373
G1 F9000 X160.877 Y129.716 E2331.3211
G0 F15000 X161.499 Y129.716
G1 F9000 X158.577 Y132.638 E2331.46473
G1 X158.5 Y132.715
G1 F2400 E2330.96473
G1 F600 Z4.1
G0 F15000 X159.523 Y132.314 Z4.1
G1 F600 Z3.7
G1 F2400 E2331.46473
G1 F9000 X162.121 Y129.716 E2331.59243
G0 F15000 X162.743 Y129.716
G1 F9000 X160.163 Y132.296 E2331.71925
G0 F15000 X160.707 Y132.375
G1 F9000 X163.366 Y129.716 E2331.84995
G0 F15000 X163.988 Y129.716
G1 F9000 X161.18 Y132.524 E2331.98797
G0 F15000 X161.594 Y132.732
G1 F9000 X164.61 Y129.716 E2332.13622
G0 F15000 X165.232 Y129.716
G1 F9000 X161.982 Y132.966 E2332.29597
G0 F15000 X162.293 Y133.278
G1 F9000 X165.855 Y129.716 E2332.47105
G0 F15000 X166.477 Y129.716
G1 F9000 X162.584 Y133.609 E2332.66241
G0 F15000 X162.822 Y133.993
G1 F9000 X167.099 Y129.716 E2332.87264
G0 F15000 X167.721 Y129.716
G1 F9000 X163.017 Y134.42 E2333.10386
G0 F15000 X163.156 Y134.904
G1 F9000 X168.344 Y129.716 E2333.35886
G0 F15000 X168.966 Y129.716
G1 F9000 X163.209 Y135.473 E2333.64184
G0 F15000 X163.142 Y136.162
G1 F9000 X169.588 Y129.716 E2333.95869
G0 F15000 X170.211 Y129.716
G1 F9000 X162.678 Y137.249 E2334.32896
G1 X162.601 Y137.326
G1 F2400 E2333.82896
G1 F600 Z4.1
G0 F15000 X161.719 Y138.208 Z4.1
G1 F600 Z3.7
G1 F2400 E2334.32896
G1 F9000 X133.961 Y165.965 E2335.69334
G0 F15000 X134.29 Y166.258
G1 F9000 X170.833 Y129.716 E2337.48954
G0 F15000 X171.455 Y129.716
G1 F9000 X134.574 Y166.596 E2339.30235
G0 F15000 X134.835 Y166.959
G1 F9000 X172.077 Y129.716 E2341.13295
G0 F15000 X172.7 Y129.716
G1 F9000 X135.011 Y167.405 E2342.9855
G0 F15000 X135.154 Y167.884
G1 F9000 X166.309 Y136.729 E2344.51688
G1 X166.386 Y136.652
G1 F2400 E2344.01688
G1 F600 Z4.1
G0 F15000 X165.877 Y137.783 Z4.1
G1 F600 Z3.7
G1 F2400 E2344.51688
G1 F9000 X135.212 Y168.448 E2346.02417
G0 F15000 X135.149 Y169.134
G1 F9000 X165.795 Y138.487 E2347.53056
G0 F15000 X165.837 Y139.067
G1 F9000 X134.697 Y170.208 E2349.06123
G1 X134.62 Y170.285
G1 F2400 E2348.56123
G1 F600 Z4.1
G0 F15000 X133.671 Y171.234 Z4.1
G1 F600 Z3.7
G1 F2400 E2349.06123
G1 F9000 X130.621 Y174.283 E2349.21112
G0 F15000 X131.243 Y174.283
G1 F9000 X165.973 Y139.554 E2350.9182
G0 F15000 X166.166 Y139.983
G1 F9000 X140.859 Y165.29 E2352.16213
G0 F15000 X141.486 Y165.286
G1 F9000 X166.391 Y140.38 E2353.38633
G0 F15000 X166.683 Y140.711
G1 F9000 X142.108 Y165.286 E2354.59428
G0 F15000 X142.73 Y165.286
G1 F9000 X167 Y141.015 E2355.78726
G0 F15000 X167.376 Y141.262
G1 F9000 X143.352 Y165.286 E2356.96812
G0 F15000 X143.975 Y165.286
G1 F9000 X167.797 Y141.463 E2358.13908
G0 F15000 X168.248 Y141.634
G1 F9000 X144.597 Y165.286 E2359.30164
G0 F15000 X145.219 Y165.286
G1 F9000 X168.813 Y141.692 E2360.46137
G0 F15000 X169.462 Y141.665
G1 F9000 X145.841 Y165.286 E2361.62243
G0 F15000 X146.464 Y165.286
G1 F9000 X170.337 Y141.412 E2362.7959
G1 X170.414 Y141.335
G1 F2400 E2362.2959
G1 F600 Z4.1
G0 F15000 X171.879 Y139.87 Z4.1
G1 F600 Z3.7
G1 F2400 E2362.7959
G1 F9000 X174.784 Y136.965 E2362.93869
G0 F15000 X174.784 Y137.587
G1 F9000 X147.086 Y165.286 E2364.30017
G0 F15000 X147.708 Y165.286
G1 F9000 X174.784 Y138.21 E2365.63105
G0 F15000 X174.784 Y138.832
G1 F9000 X167.825 Y145.791 E2365.97311
G0 F15000 X168.449 Y145.789
G1 F9000 X174.784 Y139.454 E2366.2845
G0 F15000 X174.784 Y140.076
G1 F9000 X169.071 Y145.789 E2366.56531
G0 F15000 X169.694 Y145.789
G1 F9000 X174.784 Y140.699 E2366.81551
G0 F15000 X174.784 Y141.321
G1 F9000 X170.316 Y145.789 E2367.03512
G0 F15000 X170.939 Y145.788
G1 F9000 X174.784 Y141.943 E2367.22412
G0 F15000 X174.784 Y142.565
G1 F9000 X171.561 Y145.788 E2367.38254
G0 F15000 X172.183 Y145.788
G1 F9000 X174.784 Y143.188 E2367.51037
G0 F15000 X174.784 Y143.81
G1 F9000 X172.806 Y145.788 E2367.60759
G0 F15000 X173.428 Y145.788
G1 F9000 X174.784 Y144.432 E2367.67424
G0 F15000 X174.784 Y145.054
G1 F9000 X173.972 Y145.866 E2367.71416
G0 F15000 X174.404 Y146.057
G1 F9000 X174.784 Y145.677 E2367.73283
G1 F2400 E2367.23283
G1 F600 Z4.1
G0 F15000 X172.179 Y138.948 Z4.1
G1 F600 Z3.7
G1 F2400 E2367.73283
G1 F9000 X174.784 Y136.343 E2367.86088
G0 F15000 X174.784 Y135.721
G1 F9000 X172.204 Y138.301 E2367.9877
G0 F15000 X172.108 Y137.775
G1 F9000 X174.784 Y135.098 E2368.11926
G0 F15000 X174.784 Y134.476
G1 F9000 X171.959 Y137.301 E2368.25811
G0 F15000 X171.765 Y136.873
G1 F9000 X174.784 Y133.854 E2368.40651
G0 F15000 X174.784 Y133.232
G1 F9000 X171.5 Y136.516 E2368.56793
G0 F15000 X171.21 Y136.184
G1 F9000 X174.784 Y132.609 E2368.74363
G0 F15000 X174.784 Y131.987
G1 F9000 X170.871 Y135.9 E2368.93597
G0 F15000 X170.491 Y135.658
G1 F9000 X174.784 Y131.365 E2369.14698
G0 F15000 X174.784 Y130.743
G1 F9000 X170.04 Y135.487 E2369.38017
G0 F15000 X169.568 Y135.337
G1 F9000 X174.784 Y130.12 E2369.63658
G0 F15000 X174.566 Y129.716
G1 F9000 X168.998 Y135.284 E2369.91027
G0 F15000 X168.308 Y135.352
G1 F9000 X173.944 Y129.716 E2370.18729
G0 F15000 X173.322 Y129.716
G1 F9000 X167.166 Y135.871 E2370.48986
G1 X167.089 Y135.948
G1 F2400 E2369.98986
G1 F600 Z4.1
G0 F15000 X160.681 Y138.623 Z4.1
G1 F600 Z3.7
G1 F2400 E2370.48986
G1 F9000 X133.588 Y165.716 E2371.82158
G0 F15000 X133.176 Y165.505
G1 F9000 X159.989 Y138.693 E2373.13951
G0 F15000 X159.407 Y138.652
G1 F9000 X132.691 Y165.368 E2374.4527
G0 F15000 X132.14 Y165.298
G1 F9000 X158.909 Y138.529 E2375.76849
G0 F15000 X158.494 Y138.321
G1 F9000 X131.466 Y165.349 E2377.09701
G1 X131.389 Y165.426
G1 F2400 E2376.59701
G1 F600 Z4.1
G0 F15000 X130.536 Y165.657 Z4.1
G1 F600 Z3.7
G1 F2400 E2377.09701
G1 F9000 X158.104 Y138.089 E2378.45208
G0 F15000 X157.774 Y137.797
G1 F9000 X129.22 Y166.351 E2379.85561
G0 F15000 X129.22 Y165.729
G1 F9000 X157.469 Y137.479 E2381.24418
G0 F15000 X157.22 Y137.106
G1 F9000 X129.22 Y165.107 E2382.6205
G0 F15000 X129.22 Y164.484
G1 F9000 X157.026 Y136.678 E2383.98727
G0 F15000 X156.86 Y136.222
G1 F9000 X129.22 Y163.862 E2385.34587
G0 F15000 X129.22 Y163.24
G1 F9000 X156.798 Y135.661 E2386.70145
G0 F15000 X156.827 Y135.01
G1 F9000 X129.22 Y162.618 E2388.05846
G0 F15000 X129.22 Y161.995
G1 F9000 X157.135 Y134.079 E2389.43061
G1 X157.212 Y134.002
G1 F2400 E2388.93061
G1 F600 Z4.1
G0 F15000 X157.143 Y129.716 Z4.1
G1 F600 Z3.7
G1 F2400 E2389.43061
G1 F9000 X152.713 Y134.146 E2389.64836
G0 F15000 X152.714 Y134.767
G1 F9000 X157.765 Y129.716 E2389.89663
G0 F15000 X158.388 Y129.716
G1 F9000 X152.714 Y135.39 E2390.17553
G0 F15000 X152.714 Y136.012
G1 F9000 X159.01 Y129.716 E2390.485
G1 X159.087 Y129.639
G1 F2400 E2389.985
G1 F600 Z4.1
G0 F15000 X156.521 Y129.716 Z4.1
G1 F600 Z3.7
G1 F2400 E2390.485
G1 F9000 X152.713 Y133.524 E2390.67218
G0 F15000 X152.713 Y132.901
G1 F9000 X155.899 Y129.716 E2390.82876
G0 F15000 X155.276 Y129.716
G1 F9000 X152.712 Y132.28 E2390.95479
G0 F15000 X152.712 Y131.658
G1 F9000 X154.654 Y129.716 E2391.05024
G0 F15000 X154.032 Y129.716
G1 F9000 X152.712 Y131.035 E2391.1151
G0 F15000 X152.628 Y130.497
G1 F9000 X153.41 Y129.716 E2391.15352
G0 F15000 X152.787 Y129.716
G1 F9000 X152.431 Y130.072 E2391.17101
G1 F2400 E2390.67101
G1 F600 Z4.1
G0 F15000 X133.7 Y138.225 Z4.1
G1 F600 Z3.7
G1 F2400 E2391.17101
G1 F9000 X129.218 Y142.707 E2391.39132
G0 F15000 X129.218 Y142.085
G1 F9000 X132.677 Y138.625 E2391.56137
G0 F15000 X131.983 Y138.698
G1 F9000 X129.218 Y141.462 E2391.69725
G0 F15000 X129.218 Y140.84
G1 F9000 X131.409 Y138.649 E2391.80495
G0 F15000 X130.928 Y138.508
G1 F9000 X129.218 Y140.218 E2391.889
G0 F15000 X129.218 Y139.596
G1 F9000 X130.495 Y138.319 E2391.95177
G0 F15000 X130.108 Y138.083
G1 F9000 X129.218 Y138.973 E2391.99552
G0 F15000 X129.218 Y138.351
G1 F9000 X129.78 Y137.79 E2392.02312
G0 F15000 X129.466 Y137.481
G1 F9000 X129.218 Y137.729 E2392.03531
G1 F2400 E2391.53531
G1 F600 Z4.1
G0 F15000 X139.294 Y166.855 Z4.1
G1 F600 Z3.7
G1 F2400 E2392.03531
G1 F9000 X131.866 Y174.283 E2392.40042
G0 F15000 X132.488 Y174.283
G1 F9000 X139.284 Y167.487 E2392.73447
G0 F15000 X139.284 Y168.109
G1 F9000 X133.11 Y174.283 E2393.03794
G0 F15000 X133.732 Y174.283
G1 F9000 X139.284 Y168.731 E2393.31084
G0 F15000 X139.285 Y169.353
G1 F9000 X134.355 Y174.283 E2393.55317
G0 F15000 X134.977 Y174.283
G1 F9000 X139.286 Y169.974 E2393.76497
G0 F15000 X139.286 Y170.597
G1 F9000 X135.599 Y174.283 E2393.94618
G0 F15000 X136.221 Y174.283
G1 F9000 X139.287 Y171.218 E2394.09686
G0 F15000 X139.287 Y171.84
G1 F9000 X136.844 Y174.283 E2394.21694
G0 F15000 X137.466 Y174.283
G1 F9000 X139.287 Y172.462 E2394.30645
G0 F15000 X139.371 Y173.001
G1 F9000 X138.088 Y174.283 E2394.36949
G0 F15000 X138.71 Y174.283
G1 F9000 X139.565 Y173.429 E2394.41149
G0 F15000 X139.832 Y173.784
G1 F9000 X139.333 Y174.283 E2394.43602
G0 F15000 X139.954 Y174.284
G1 F9000 X140.222 Y174.016 E2394.44919
G0 F15000 X140.598 Y174.262
G1 F9000 X140.683 Y174.177 E2394.45337
G1 F2400 E2393.95337
G1 F600 Z4.1
G0 F15000 X132.646 Y171.636 Z4.1
G1 F600 Z3.7
G1 F2400 E2394.45337
G1 F9000 X129.999 Y174.283 E2394.58348
G0 F15000 X129.376 Y174.283
G1 F9000 X131.962 Y171.698 E2394.71056
G0 F15000 X131.407 Y171.631
G1 F9000 X129.217 Y173.82 E2394.81819
G0 F15000 X129.217 Y173.198
G1 F9000 X130.906 Y171.509 E2394.90121
G0 F15000 X130.48 Y171.313
G1 F9000 X129.217 Y172.576 E2394.96329
G0 F15000 X129.217 Y171.954
G1 F9000 X130.103 Y171.068 E2395.00684
G0 F15000 X129.757 Y170.792
G1 F9000 X129.217 Y171.331 E2395.03336
G0 F15000 X129.217 Y170.709
G1 F9000 X129.478 Y170.449 E2395.04616
G1 F2400 E2394.54616
G1 F600 Z4.1
G0 F15000 X148.33 Y165.286 Z4.1
G1 F600 Z3.7
G1 F2400 E2395.04616
G1 F9000 X166.3 Y147.316 E2395.92945
G0 F15000 X166.285 Y147.954
G1 F9000 X148.953 Y165.286 E2396.78138
G0 F15000 X149.575 Y165.286
G1 F9000 X166.285 Y148.576 E2397.60274
G0 F15000 X166.285 Y149.198
G1 F9000 X150.197 Y165.286 E2398.39352
G0 F15000 X150.82 Y165.286
G1 F9000 X166.285 Y149.82 E2399.15371
G0 F15000 X166.285 Y150.443
G1 F9000 X151.392 Y165.335 E2399.88573
G0 F15000 X151.843 Y165.507
G1 F9000 X166.285 Y151.065 E2400.5956
G0 F15000 X166.285 Y151.687
G1 F9000 X152.19 Y165.782 E2401.28842
G0 F15000 X152.466 Y166.128
G1 F9000 X166.285 Y152.309 E2401.96768
G0 F15000 X166.285 Y152.931
G1 F9000 X152.638 Y166.578 E2402.63847
G0 F15000 X152.713 Y167.125
G1 F9000 X166.285 Y153.553 E2403.30559
G0 F15000 X166.285 Y154.175
G1 F9000 X152.713 Y167.748 E2403.97272
G0 F15000 X152.713 Y168.37
G1 F9000 X166.285 Y154.798 E2404.63984
G0 F15000 X166.285 Y155.42
G1 F9000 X152.713 Y168.992 E2405.30695
G0 F15000 X152.713 Y169.614
G1 F9000 X166.285 Y156.042 E2405.97406
G0 F15000 X166.285 Y156.664
G1 F9000 X152.712 Y170.237 E2406.64122
G0 F15000 X152.712 Y170.86
G1 F9000 X166.285 Y157.287 E2407.30839
G0 F15000 X166.337 Y157.857
G1 F9000 X158.556 Y165.638 E2407.69085
G1 X158.479 Y165.715
G1 F2400 E2407.19085
G1 F600 Z4.1
G0 F15000 X159.487 Y165.329 Z4.1
G1 F600 Z3.7
G1 F2400 E2407.69085
G1 F9000 X166.509 Y158.308 E2408.03598
G0 F15000 X166.769 Y158.67
G1 F9000 X160.146 Y165.293 E2408.36153
G0 F15000 X160.691 Y165.37
G1 F9000 X167.112 Y158.949 E2408.67714
G0 F15000 X167.538 Y159.146
G1 F9000 X161.17 Y165.513 E2408.99013
G0 F15000 X161.587 Y165.719
G1 F9000 X168.092 Y159.214 E2409.30987
G0 F15000 X168.714 Y159.214
G1 F9000 X161.956 Y165.971 E2409.64203
G0 F15000 X162.294 Y166.256
G1 F9000 X169.337 Y159.214 E2409.98819
G0 F15000 X169.959 Y159.213
G1 F9000 X162.569 Y166.604 E2410.35146
G0 F15000 X162.825 Y166.969
G1 F9000 X170.582 Y159.213 E2410.73272
G0 F15000 X171.204 Y159.213
G1 F9000 X163.004 Y167.413 E2411.13578
G0 F15000 X163.14 Y167.899
G1 F9000 X166.331 Y164.709 E2411.2926
G1 X166.408 Y164.632
G1 F2400 E2410.7926
G1 F600 Z4.1
G0 F15000 X165.876 Y165.785 Z4.1
G1 F600 Z3.7
G1 F2400 E2411.2926
G1 F9000 X163.221 Y168.441 E2411.42313
G0 F15000 X163.139 Y169.144
G1 F9000 X165.797 Y166.487 E2411.55376
G0 F15000 X165.845 Y167.061
G1 F9000 X162.706 Y170.2 E2411.70805
G1 X162.629 Y170.277
G1 F2400 E2411.20805
G1 F600 Z4.1
G0 F15000 X161.676 Y171.23 Z4.1
G1 F600 Z3.7
G1 F2400 E2411.70805
G1 F9000 X158.622 Y174.284 E2411.85817
G0 F15000 X159.244 Y174.284
G1 F9000 X165.964 Y167.565 E2412.18845
G0 F15000 X166.167 Y167.984
G1 F9000 X159.866 Y174.284 E2412.49815
G0 F15000 X160.488 Y174.284
G1 F9000 X166.391 Y168.382 E2412.78827
G0 F15000 X166.686 Y168.709
G1 F9000 X161.111 Y174.284 E2413.06231
G0 F15000 X161.733 Y174.284
G1 F9000 X167.004 Y169.013 E2413.32139
G0 F15000 X167.387 Y169.252
G1 F9000 X162.355 Y174.284 E2413.56874
G0 F15000 X162.978 Y174.284
G1 F9000 X167.795 Y169.467 E2413.80551
G0 F15000 X168.27 Y169.614
G1 F9000 X163.6 Y174.284 E2414.03506
G0 F15000 X164.222 Y174.284
G1 F9000 X168.808 Y169.698 E2414.26047
G0 F15000 X169.462 Y169.667
G1 F9000 X164.844 Y174.284 E2414.48744
G0 F15000 X165.467 Y174.284
G1 F9000 X170.331 Y169.42 E2414.72652
G1 X170.408 Y169.343
G1 F2400 E2414.22652
G1 F600 Z4.1
G0 F15000 X171.877 Y167.874 Z4.1
G1 F600 Z3.7
G1 F2400 E2414.72652
G1 F9000 X174.784 Y164.967 E2414.86941
G0 F15000 X174.784 Y165.589
G1 F9000 X166.089 Y174.284 E2415.2968
G0 F15000 X166.711 Y174.284
G1 F9000 X174.784 Y166.211 E2415.69362
G0 F15000 X174.784 Y166.833
G1 F9000 X167.333 Y174.284 E2416.05986
G0 F15000 X167.956 Y174.284
G1 F9000 X174.784 Y167.456 E2416.39548
G0 F15000 X174.784 Y168.078
G1 F9000 X168.578 Y174.284 E2416.70053
G0 F15000 X169.2 Y174.284
G1 F9000 X174.784 Y168.7 E2416.97501
G0 F15000 X174.784 Y169.322
G1 F9000 X169.822 Y174.284 E2417.21891
G0 F15000 X170.445 Y174.284
G1 F9000 X174.784 Y169.945 E2417.43218
G0 F15000 X174.784 Y170.567
G1 F9000 X171.067 Y174.284 E2417.61489
G0 F15000 X171.689 Y174.284
G1 F9000 X174.784 Y171.189 E2417.76702
G0 F15000 X174.784 Y171.811
G1 F9000 X172.311 Y174.284 E2417.88857
G0 F15000 X172.934 Y174.284
G1 F9000 X174.784 Y172.434 E2417.97951
G0 F15000 X174.784 Y173.056
G1 F9000 X173.556 Y174.284 E2418.03987
G0 F15000 X174.178 Y174.284
G1 F9000 X174.784 Y173.678 E2418.06966
G1 F2400 E2417.56966
G1 F600 Z4.1
G0 F15000 X172.179 Y166.949 Z4.1
G1 F600 Z3.7
G1 F2400 E2418.06966
G1 F9000 X174.784 Y164.344 E2418.1977
G0 F15000 X174.784 Y163.722
G1 F9000 X172.205 Y166.302 E2418.32449
G0 F15000 X172.108 Y165.776
G1 F9000 X174.784 Y163.1 E2418.45603
G0 F15000 X174.784 Y162.478
G1 F9000 X171.96 Y165.302 E2418.59484
G0 F15000 X171.765 Y164.874
G1 F9000 X174.784 Y161.855 E2418.74323
G0 F15000 X174.784 Y161.233
G1 F9000 X171.5 Y164.517 E2418.90465
G0 F15000 X171.213 Y164.182
G1 F9000 X174.784 Y160.611 E2419.08018
G0 F15000 X174.784 Y159.989
G1 F9000 X170.864 Y163.909 E2419.27286
G0 F15000 X170.484 Y163.666
G1 F9000 X174.784 Y159.366 E2419.48422
G0 F15000 X174.784 Y158.744
G1 F9000 X170.054 Y163.474 E2419.71672
G0 F15000 X169.566 Y163.34
G1 F9000 X173.726 Y159.18 E2419.9212
G0 F15000 X173.071 Y159.212
G1 F9000 X169.002 Y163.282 E2420.12123
G0 F15000 X168.311 Y163.35
G1 F9000 X172.449 Y159.212 E2420.32463
G0 F15000 X171.827 Y159.212
G1 F9000 X167.169 Y163.871 E2420.55361
G1 X167.092 Y163.948
G1 F2400 E2420.05361
G1 F600 Z4.1
G0 F15000 X160.648 Y171.635 Z4.1
G1 F600 Z3.7
G1 F2400 E2420.55361
G1 F9000 X157.999 Y174.284 E2420.68382
G0 F15000 X157.377 Y174.284
G1 F9000 X159.964 Y171.698 E2420.81095
G0 F15000 X159.393 Y171.646
G1 F9000 X156.755 Y174.284 E2420.94062
G0 F15000 X156.133 Y174.284
G1 F9000 X158.914 Y171.502 E2421.07734
G0 F15000 X158.483 Y171.311
G1 F9000 X155.51 Y174.284 E2421.22347
G0 F15000 X154.888 Y174.284
G1 F9000 X158.098 Y171.075 E2421.38123
G0 F15000 X157.771 Y170.779
G1 F9000 X154.266 Y174.284 E2421.55352
G0 F15000 X153.644 Y174.284
G1 F9000 X157.461 Y170.466 E2421.74116
G0 F15000 X157.224 Y170.082
G1 F9000 X153.021 Y174.284 E2421.94773
G0 F15000 X152.399 Y174.284
G1 F9000 X157.018 Y169.665 E2422.17477
G0 F15000 X156.862 Y169.199
G1 F9000 X151.777 Y174.284 E2422.42471
G1 X151.7 Y174.361
G1 F2400 E2421.92471
G1 F600 Z4.1
G0 F15000 X152.672 Y172.767 Z4.1
G1 F600 Z3.7
G1 F2400 E2422.42471
G1 F9000 X156.795 Y168.644 E2422.62737
G0 F15000 X156.832 Y167.985
G1 F9000 X152.712 Y172.104 E2422.82986
G0 F15000 X152.712 Y171.482
G1 F9000 X157.124 Y167.07 E2423.04673
G1 X157.201 Y166.993
G1 F2400 E2422.54673
G1 F600 Z4.1
;MESH:NONMESH
G0 F15000 X132.613 Y137.105 Z4.1
;TIME_ELAPSED:1055.133555
;LAYER:18
;MESH:case_VL53L8+RP2040-up.stl
G0 X132.613 Y137.105 Z4.3
;TYPE:WALL-OUTER
G1 F600 Z3.9
G1 F2400 E2423.04673
G1 F9000 X132.209 Y137.207 E2423.06121
G1 X131.762 Y137.202 E2423.07675
G1 X131.36 Y137.095 E2423.09121
G1 X131.044 Y136.927 E2423.10365
G1 X130.694 Y136.617 E2423.1199
G1 X130.466 Y136.276 E2423.13415
G1 X130.323 Y135.894 E2423.14833
G1 X130.281 Y135.525 E2423.16124
G1 X130.334 Y135.06 E2423.1775
G1 X130.49 Y134.675 E2423.19194
G1 X130.73 Y134.339 E2423.20629
G1 X131.044 Y134.069 E2423.22069
G1 X131.41 Y133.882 E2423.23497
G1 X131.778 Y133.791 E2423.24815
G1 X132.234 Y133.794 E2423.264
G1 X132.635 Y133.901 E2423.27842
G1 X132.998 Y134.099 E2423.2928
G1 X133.306 Y134.379 E2423.30726
G1 X133.51 Y134.675 E2423.31976
G1 X133.675 Y135.113 E2423.33603
G1 X133.719 Y135.528 E2423.35053
G1 X133.669 Y135.915 E2423.36409
G1 X133.523 Y136.3 E2423.3784
G1 X133.287 Y136.641 E2423.39282
G1 X132.985 Y136.908 E2423.40683
G1 X132.613 Y137.105 E2423.42146
G1 F2400 E2422.92146
G1 F600 Z4.3
G0 F15000 X151.219 Y136.523 Z4.3
G1 F600 Z3.9
G1 F2400 E2423.42146
G1 F9000 X151.191 Y136.611 E2423.42467
G1 X151.036 Y136.718 E2423.43122
G1 X140.973 Y136.719 E2423.78097
G1 X140.877 Y136.684 E2423.78452
G1 X140.783 Y136.542 E2423.79044
G1 X140.78 Y130.954 E2423.98466
G1 X140.824 Y130.868 E2423.98802
G1 X140.962 Y130.783 E2423.99366
G1 X151.085 Y130.78 E2424.3455
G1 X151.22 Y130.954 E2424.35315
G1 X151.219 Y136.523 E2424.54671
G1 F2400 E2424.04671
G1 F600 Z4.3
G0 F15000 X160.625 Y137.1 Z4.3
G1 F600 Z3.9
G1 F2400 E2424.54671
G1 F9000 X160.219 Y137.205 E2424.56129
G1 X159.799 Y137.208 E2424.57589
G1 X159.384 Y137.106 E2424.59074
G1 X159.026 Y136.916 E2424.60483
G1 X158.713 Y136.641 E2424.61931
G1 X158.478 Y136.301 E2424.63368
G1 X158.323 Y135.894 E2424.64881
G1 X158.28 Y135.5 E2424.66259
G1 X158.334 Y135.06 E2424.678
G1 X158.49 Y134.675 E2424.69243
G1 X158.73 Y134.339 E2424.70679
G1 X159.044 Y134.069 E2424.72118
G1 X159.41 Y133.882 E2424.73546
G1 X159.778 Y133.791 E2424.74864
G1 X160.234 Y133.794 E2424.76449
G1 X160.635 Y133.901 E2424.77891
G1 X160.998 Y134.099 E2424.79329
G1 X161.306 Y134.379 E2424.80775
G1 X161.532 Y134.715 E2424.82183
G1 X161.666 Y135.073 E2424.83511
G1 X161.72 Y135.486 E2424.84959
G1 X161.669 Y135.914 E2424.86457
G1 X161.53 Y136.286 E2424.87837
G1 X161.284 Y136.644 E2424.89347
G1 X160.971 Y136.918 E2424.90793
G1 X160.625 Y137.1 E2424.92152
G1 F2400 E2424.42152
G1 F600 Z4.3
G0 F15000 X169.383 Y140.175 Z4.3
G1 F600 Z3.9
G1 F2400 E2424.92152
G1 F9000 X168.973 Y140.219 E2424.93585
G1 X168.582 Y140.169 E2424.94955
G1 X168.196 Y140.023 E2424.96389
G1 X167.855 Y139.787 E2424.97831
G1 X167.59 Y139.487 E2424.99222
G1 X167.388 Y139.107 E2425.00718
G1 X167.291 Y138.722 E2425.02098
G1 X167.294 Y138.262 E2425.03697
G1 X167.394 Y137.874 E2425.05089
G1 X167.586 Y137.517 E2425.06498
G1 X167.863 Y137.206 E2425.07946
G1 X168.19 Y136.981 E2425.09325
G1 X168.602 Y136.823 E2425.10859
G1 X169 Y136.78 E2425.1225
G1 X169.436 Y136.834 E2425.13777
G1 X169.788 Y136.971 E2425.1509
G1 X170.157 Y137.23 E2425.16657
G1 X170.427 Y137.544 E2425.18096
G1 X170.614 Y137.91 E2425.19525
G1 X170.702 Y138.262 E2425.20786
G1 X170.705 Y138.718 E2425.22371
G1 X170.595 Y139.135 E2425.2387
G1 X170.397 Y139.498 E2425.25307
G1 X170.117 Y139.806 E2425.26754
G1 X169.821 Y140.01 E2425.28003
G1 X169.383 Y140.175 E2425.2963
G1 F2400 E2424.7963
G1 F600 Z4.3
G0 F15000 X173.717 Y157.539 Z4.3
G1 F600 Z3.9
G1 F2400 E2425.2963
G1 F9000 X173.632 Y157.676 E2425.3019
G1 X173.546 Y157.72 E2425.30526
G1 X167.977 Y157.719 E2425.49882
G1 X167.889 Y157.691 E2425.50203
G1 X167.78 Y157.572 E2425.50764
G1 X167.783 Y147.461 E2425.85907
G1 X167.826 Y147.364 E2425.86276
G1 X167.978 Y147.281 E2425.86878
G1 X173.546 Y147.28 E2426.0623
G1 X173.72 Y147.415 E2426.06996
G1 X173.717 Y157.539 E2426.42183
G1 F2400 E2425.92183
G1 F600 Z4.3
G0 F15000 X169.383 Y168.175 Z4.3
G1 F600 Z3.9
G1 F2400 E2426.42183
G1 F9000 X168.973 Y168.219 E2426.43617
G1 X168.562 Y168.162 E2426.45059
G1 X168.175 Y168.01 E2426.46504
G1 X167.866 Y167.796 E2426.4781
G1 X167.59 Y167.487 E2426.4925
G1 X167.394 Y167.122 E2426.5069
G1 X167.289 Y166.705 E2426.52185
G1 X167.289 Y166.286 E2426.53641
G1 X167.386 Y165.895 E2426.55041
G1 X167.585 Y165.518 E2426.56523
G1 X167.855 Y165.213 E2426.57939
G1 X168.195 Y164.978 E2426.59375
G1 X168.602 Y164.823 E2426.60889
G1 X169 Y164.78 E2426.62281
G1 X169.436 Y164.834 E2426.63808
G1 X169.821 Y164.99 E2426.65251
G1 X170.157 Y165.23 E2426.66686
G1 X170.427 Y165.544 E2426.68126
G1 X170.614 Y165.91 E2426.69554
G1 X170.702 Y166.262 E2426.70815
G1 X170.705 Y166.718 E2426.724
G1 X170.595 Y167.135 E2426.73899
G1 X170.397 Y167.498 E2426.75336
G1 X170.117 Y167.806 E2426.76783
G1 X169.814 Y168.014 E2426.78061
G1 X169.383 Y168.175 E2426.7966
G1 F2400 E2426.2966
G1 F600 Z4.3
G0 F15000 X160.586 Y170.114 Z4.3
G1 F600 Z3.9
G1 F2400 E2426.7966
G1 F9000 X160.218 Y170.205 E2426.80977
G1 X159.762 Y170.202 E2426.82562
G1 X159.36 Y170.095 E2426.84008
G1 X159.044 Y169.927 E2426.85252
G1 X158.694 Y169.617 E2426.86877
G1 X158.466 Y169.276 E2426.88303
G1 X158.323 Y168.894 E2426.89721
G1 X158.281 Y168.475 E2426.91184
G1 X158.329 Y168.074 E2426.92588
G1 X158.49 Y167.675 E2426.94083
G1 X158.694 Y167.379 E2426.95333
G1 X159.014 Y167.088 E2426.96836
G1 X159.392 Y166.887 E2426.98324
G1 X159.798 Y166.788 E2426.99777
G1 X160.205 Y166.789 E2427.01191
G1 X160.586 Y166.882 E2427.02554
G1 X160.967 Y167.076 E2427.0404
G1 X161.28 Y167.348 E2427.05482
G1 X161.525 Y167.7 E2427.06972
G1 X161.667 Y168.076 E2427.08369
G1 X161.72 Y168.487 E2427.09809
G1 X161.675 Y168.883 E2427.11195
G1 X161.522 Y169.302 E2427.12745
G1 X161.306 Y169.617 E2427.14073
G1 X160.955 Y169.927 E2427.157
G1 X160.586 Y170.114 E2427.17138
G1 F2400 E2426.67138
G1 F600 Z4.3
G0 F15000 X151.22 Y172.546 Z4.3
G1 F600 Z3.9
G1 F2400 E2427.17138
G1 F9000 X151.176 Y172.633 E2427.17477
G1 X151.038 Y172.717 E2427.18038
G1 X140.915 Y172.72 E2427.53223
G1 X140.78 Y172.546 E2427.53988
G1 X140.782 Y166.966 E2427.73383
G1 X140.834 Y166.854 E2427.73812
G1 X140.959 Y166.783 E2427.74311
G1 X151.037 Y166.782 E2428.09339
G1 X151.145 Y166.833 E2428.09754
G1 X151.218 Y166.964 E2428.10276
G1 X151.22 Y172.546 E2428.29677
G1 F2400 E2427.79677
G1 F600 Z4.3
G0 F15000 X132.586 Y170.114 Z4.3
G1 F600 Z3.9
G1 F2400 E2428.29677
G1 F9000 X132.218 Y170.205 E2428.30994
G1 X131.762 Y170.202 E2428.32579
G1 X131.403 Y170.112 E2428.33866
G1 X131.044 Y169.927 E2428.3527
G1 X130.694 Y169.617 E2428.36895
G1 X130.466 Y169.276 E2428.3832
G1 X130.323 Y168.894 E2428.39738
G1 X130.281 Y168.525 E2428.41029
G1 X130.334 Y168.06 E2428.42655
G1 X130.49 Y167.675 E2428.44099
G1 X130.73 Y167.339 E2428.45534
G1 X131.044 Y167.069 E2428.46974
G1 X131.41 Y166.882 E2428.48402
G1 X131.762 Y166.794 E2428.49663
G1 X132.209 Y166.789 E2428.51217
G1 X132.611 Y166.89 E2428.52658
G1 X132.974 Y167.08 E2428.54082
G1 X133.287 Y167.356 E2428.55532
G1 X133.523 Y167.696 E2428.56971
G1 X133.667 Y168.074 E2428.58377
G1 X133.719 Y168.473 E2428.59775
G1 X133.673 Y168.894 E2428.61247
G1 X133.51 Y169.321 E2428.62836
G1 X133.306 Y169.617 E2428.64085
G1 X132.955 Y169.927 E2428.65713
G1 X132.586 Y170.114 E2428.67151
G1 F2400 E2428.17151
G1 F600 Z4.3
G0 F15000 X176.28 Y175.78 Z4.3
G1 F600 Z3.9
G1 F2400 E2428.67151
G1 F9000 X176.28 Y128.22 E2430.32454
G1 X127.72 Y128.22 E2432.01233
G1 X127.72 Y175.78 E2433.66537
G1 X176.28 Y175.78 E2435.35316
G0 F15000 X175.84 Y175.34
;TYPE:WALL-INNER
G1 F10500 X175.84 Y128.66 E2436.97561
G1 X128.16 Y128.66 E2438.63282
G1 X128.16 Y175.34 E2440.25527
G1 X175.84 Y175.34 E2441.91247
G0 F15000 X175.4 Y174.9
G1 F10500 X175.4 Y158.25 E2442.49117
G1 F8619.4 X175.305 Y157.761 E2442.51227
G1 F7321.7 X175.305 Y157.077 E2442.54636
G1 F7333.3 X175.306 Y156.393 E2442.5804
G1 F7345 X175.306 Y155.709 E2442.61438
G1 F7356.7 X175.306 Y155.025 E2442.64832
G1 X175.307 Y154.341 E2442.68225
G1 F7368.4 X175.307 Y153.657 E2442.71613
G1 F7380.2 X175.307 Y152.973 E2442.74995
G1 X175.308 Y152.289 E2442.78377
G1 F7392 X175.308 Y151.605 E2442.81754
G1 F7403.8 X175.308 Y150.921 E2442.85126
G1 F7415.7 X175.309 Y150.237 E2442.88492
G1 X175.309 Y149.553 E2442.91858
G1 F7427.7 X175.309 Y148.869 E2442.95219
G1 F7439.6 X175.31 Y148.185 E2442.98574
G1 F7451.6 X175.31 Y147.501 E2443.01924
G1 F8717 X175.4 Y146.75 E2443.05091
G1 F10500 X175.4 Y129.1 E2443.66436
G1 X151.75 Y129.1 E2444.48636
G1 F8717 X151 Y129.19 E2444.51799
G1 F7451.6 X150.359 Y129.19 E2444.54938
G1 F7439.6 X149.718 Y129.191 E2444.58083
G1 F7427.7 X149.077 Y129.191 E2444.61232
G1 F7415.7 X148.436 Y129.191 E2444.64387
G1 X147.795 Y129.192 E2444.67541
G1 F7403.8 X147.154 Y129.192 E2444.70701
G1 F7392 X146.513 Y129.193 E2444.73865
G1 F7380.2 X145.872 Y129.193 E2444.77035
G1 X145.231 Y129.193 E2444.80205
G1 F7368.4 X144.59 Y129.194 E2444.8338
G1 F7356.7 X143.949 Y129.194 E2444.86559
G1 F7345 X143.308 Y129.194 E2444.89744
G1 X142.667 Y129.195 E2444.92929
G1 F7333.3 X142.026 Y129.195 E2444.96119
G1 F7321.7 X141.385 Y129.196 E2444.99314
G1 F7310.1 X140.744 Y129.196 E2445.02514
G1 F8619.4 X140.25 Y129.1 E2445.04645
G1 F10500 X128.6 Y129.1 E2445.45137
G1 X128.601 Y134.206 E2445.62884
G1 F10312.5 X128.608 Y134.571 E2445.64176
G1 F8400 X128.703 Y134.972 E2445.65966
G1 F7287.1 X128.693 Y135.334 E2445.6778
G1 F7403.8 X128.693 Y135.668 E2445.69426
G1 F7241.4 X128.706 Y136.12 E2445.71705
G1 F7993.1 X128.631 Y136.425 E2445.73139
G1 F9788.1 X128.601 Y136.79 E2445.74504
G1 F10500 X128.601 Y167.206 E2446.80221
G1 F10312.5 X128.608 Y167.571 E2446.81513
G1 F8400 X128.703 Y167.972 E2446.83303
G1 F7287.1 X128.693 Y168.334 E2446.85117
G1 F7403.8 X128.693 Y168.668 E2446.86763
G1 F7241.4 X128.706 Y169.12 E2446.89042
G1 F7993.1 X128.631 Y169.425 E2446.90476
G1 F9788.1 X128.601 Y169.79 E2446.91841
G1 F10500 X128.6 Y174.9 E2447.09602
G1 X175.4 Y174.9 E2448.72264
G1 F2400 E2448.22264
G1 F600 Z4.3
G0 F15000 X170.487 Y168.061 Z4.3
G1 F600 Z3.9
G1 F2400 E2448.72264
G1 F10500 X170.05 Y168.386 E2448.74157
G1 X169.47 Y168.607 E2448.76314
G1 X169 Y168.66 E2448.77958
G1 X168.559 Y168.612 E2448.795
G1 X168.067 Y168.446 E2448.81305
G1 X167.591 Y168.14 E2448.83272
G1 X167.242 Y167.757 E2448.85073
G1 X166.992 Y167.3 E2448.86883
G1 X166.852 Y166.755 E2448.88839
G1 X166.849 Y166.271 E2448.90521
G1 X166.968 Y165.759 E2448.92348
G1 X167.206 Y165.295 E2448.94161
G1 X167.559 Y164.888 E2448.96033
G1 X167.987 Y164.59 E2448.97846
G1 X168.462 Y164.404 E2448.99619
G1 X169 Y164.34 E2449.01502
G1 X169.595 Y164.424 E2449.03591
G1 X170.071 Y164.628 E2449.05391
G1 X170.487 Y164.939 E2449.07196
G1 X170.815 Y165.338 E2449.08991
G1 X171.041 Y165.803 E2449.10788
G1 X171.148 Y166.316 E2449.12609
G1 X171.139 Y166.794 E2449.14271
G1 X171.041 Y167.193 E2449.15699
G1 X170.817 Y167.659 E2449.17496
G1 X170.487 Y168.061 E2449.19304
G0 F15000 X170.817 Y168.352
G1 F10500 X170.617 Y168.53 E2449.20234
G1 X170.084 Y168.858 E2449.2241
G1 X169.546 Y169.04 E2449.24384
G1 X169 Y169.1 E2449.26293
G1 X168.506 Y169.049 E2449.28019
G1 X167.912 Y168.858 E2449.30188
G1 X167.316 Y168.483 E2449.32635
G1 X166.842 Y167.97 E2449.35063
G1 X166.562 Y167.411 E2449.37236
G1 X166.425 Y166.876 E2449.39155
G1 X166.41 Y166.241 E2449.41363
G1 X166.566 Y165.553 E2449.43815
G1 X166.873 Y165.001 E2449.4601
G1 X167.263 Y164.562 E2449.48051
G1 X167.779 Y164.203 E2449.50236
G1 X168.391 Y163.961 E2449.52523
G1 X169 Y163.9 E2449.54651
G1 X169.479 Y163.946 E2449.56323
G1 X169.755 Y164.014 E2449.57311
G1 X170.321 Y164.266 E2449.59464
G1 X170.817 Y164.648 E2449.6164
G1 X171.204 Y165.131 E2449.63792
G1 X171.468 Y165.697 E2449.65962
G1 X171.588 Y166.316 E2449.68154
G1 X171.573 Y166.87 E2449.7008
G1 X171.468 Y167.299 E2449.71615
G1 X171.207 Y167.864 E2449.73778
G1 X170.817 Y168.352 E2449.7595
G1 F2400 E2449.2595
G1 F600 Z4.3
G0 F15000 X162.16 Y168.463 Z4.3
G1 F600 Z3.9
G1 F2400 E2449.7595
G1 F10500 X162.095 Y169.023 E2449.77909
G1 X161.928 Y169.474 E2449.79581
G1 X161.561 Y169.987 E2449.81773
G1 X161.159 Y170.317 E2449.83581
G1 X160.693 Y170.541 E2449.85378
G1 X160.294 Y170.639 E2449.86806
G1 X159.816 Y170.648 E2449.88467
G1 X159.303 Y170.541 E2449.90289
G1 X158.838 Y170.315 E2449.92086
G1 X158.375 Y169.934 E2449.9417
G1 X158.056 Y169.435 E2449.96228
G1 X157.889 Y168.97 E2449.97945
G1 X157.84 Y168.5 E2449.99588
G1 X157.909 Y167.944 E2450.01535
G1 X158.09 Y167.487 E2450.03244
G1 X158.387 Y167.06 E2450.05051
G1 X158.748 Y166.738 E2450.06733
G1 X159.249 Y166.471 E2450.08706
G1 X159.717 Y166.355 E2450.10382
G1 X160.216 Y166.348 E2450.12116
G1 X160.751 Y166.473 E2450.14026
G1 X161.238 Y166.727 E2450.15935
G1 X161.592 Y167.038 E2450.17573
G1 X161.895 Y167.461 E2450.19381
G1 X162.088 Y167.948 E2450.21202
G1 X162.16 Y168.463 E2450.23009
G0 F15000 X162.609 Y168.516
G1 F10500 X162.521 Y169.134 E2450.25179
G1 X162.327 Y169.658 E2450.27121
G1 X162.03 Y170.117 E2450.29021
G1 X161.58 Y170.557 E2450.31209
G1 X161.364 Y170.706 E2450.32121
G1 X160.799 Y170.968 E2450.34285
G1 X160.37 Y171.072 E2450.3582
G1 X159.816 Y171.088 E2450.37746
G1 X159.549 Y171.056 E2450.38681
G1 X158.947 Y170.872 E2450.40868
G1 X158.42 Y170.557 E2450.43002
G1 X157.97 Y170.117 E2450.4519
G1 X157.646 Y169.595 E2450.47325
G1 X157.456 Y169.046 E2450.49344
G1 X157.4 Y168.5 E2450.51252
G1 X157.489 Y167.814 E2450.53656
G1 X157.702 Y167.279 E2450.55658
G1 X158.061 Y166.764 E2450.5784
G1 X158.482 Y166.387 E2450.59804
G1 X159.081 Y166.054 E2450.62186
G1 X159.727 Y165.911 E2450.64486
G1 X160.314 Y165.909 E2450.66526
G1 X160.896 Y166.057 E2450.68613
G1 X161.426 Y166.325 E2450.70677
G1 X161.904 Y166.728 E2450.72851
G1 X162.318 Y167.297 E2450.75296
G1 X162.528 Y167.89 E2450.77483
G1 X162.609 Y168.516 E2450.79677
G1 F2400 E2450.29677
G1 F600 Z4.3
G0 F15000 X151.659 Y166.953 Z4.3
G1 F600 Z3.9
G1 F2400 E2450.79677
G1 F10500 X151.66 Y172.633 E2450.99419
G1 X151.528 Y172.897 E2451.00444
G1 X151.311 Y173.083 E2451.01438
G1 X151.088 Y173.16 E2451.02258
G1 X141 Y173.16 E2451.3732
G1 X140.689 Y173.083 E2451.38434
G1 X140.472 Y172.897 E2451.39427
G1 X140.34 Y172.633 E2451.40453
G1 X140.341 Y166.96 E2451.60171
G1 X140.413 Y166.697 E2451.61119
G1 X140.601 Y166.473 E2451.62135
G1 X140.92 Y166.344 E2451.63331
G1 X151.036 Y166.34 E2451.98491
G1 X151.229 Y166.38 E2451.99176
G1 X151.497 Y166.564 E2452.00306
G1 X151.587 Y166.697 E2452.00864
G1 X151.659 Y166.953 E2452.01788
G0 F15000 X152.098 Y166.922
G1 F10500 X152.1 Y172.5 E2452.21176
G1 X152.057 Y172.809 E2452.2226
G1 X151.88 Y173.161 E2452.2363
G1 X151.518 Y173.471 E2452.25286
G1 X151.144 Y173.6 E2452.26661
G1 X141 Y173.6 E2452.61918
G1 X140.482 Y173.471 E2452.63774
G1 X140.12 Y173.161 E2452.6543
G1 X139.943 Y172.809 E2452.668
G1 X139.9 Y172.5 E2452.67884
G1 X139.901 Y166.934 E2452.8723
G1 X140.021 Y166.496 E2452.88808
G1 X140.22 Y166.223 E2452.89982
G1 X140.481 Y166.029 E2452.91113
G1 X140.935 Y165.901 E2452.92752
G1 X151.06 Y165.901 E2453.27943
G1 X151.381 Y165.967 E2453.29083
G1 X151.539 Y166.04 E2453.29687
G1 X151.827 Y166.274 E2453.30977
G1 X151.979 Y166.496 E2453.31912
G1 X152.098 Y166.922 E2453.3345
G1 F2400 E2452.8345
G1 F600 Z4.3
G0 F15000 X167.418 Y157.813 Z4.3
G1 F600 Z3.9
G1 F2400 E2453.3345
G1 F10500 X167.341 Y157.546 E2453.34415
G1 X167.34 Y147.464 E2453.69457
G1 X167.432 Y147.162 E2453.70555
G1 X167.669 Y146.928 E2453.71712
G1 X167.936 Y146.843 E2453.72686
G1 X173.634 Y146.84 E2453.92491
G1 X173.896 Y146.972 E2453.9351
G1 X174.083 Y147.189 E2453.94506
G1 X174.16 Y147.5 E2453.95619
G1 X174.16 Y157.589 E2454.30686
G1 X174.083 Y157.811 E2454.31502
G1 X173.896 Y158.028 E2454.32498
G1 X173.634 Y158.16 E2454.33518
G1 X167.932 Y158.157 E2454.53336
G1 X167.669 Y158.072 E2454.54297
G1 X167.418 Y157.813 E2454.5555
G0 F15000 X167.004 Y157.968
G1 F10500 X166.902 Y157.576 E2454.56958
G1 X166.901 Y147.358 E2454.92473
G1 X166.989 Y147.065 E2454.93536
G1 X167.259 Y146.686 E2454.95153
G1 X167.56 Y146.491 E2454.964
G1 X167.893 Y146.405 E2454.97595
G1 X173.5 Y146.4 E2455.17083
G1 X173.809 Y146.443 E2455.18168
G1 X174.16 Y146.62 E2455.19534
G1 X174.472 Y146.982 E2455.21195
G1 F8717 X174.69 Y147.5 E2455.23548
G1 F7451.6 X174.69 Y148.956 E2455.30679
G1 F7439.6 X174.69 Y150.412 E2455.37821
G1 F7427.7 X174.69 Y151.868 E2455.44975
G1 X174.69 Y153.324 E2455.52129
G1 F7415.7 X174.69 Y154.78 E2455.59294
G1 F7403.8 X174.69 Y156.236 E2455.66471
G1 F7392 X174.69 Y157.692 E2455.73659
G1 F8684.2 X174.472 Y158.018 E2455.75307
G1 F10500 X174.16 Y158.38 E2455.76968
G1 X173.809 Y158.557 E2455.78335
G1 X173.5 Y158.6 E2455.79419
G1 X167.887 Y158.595 E2455.98928
G1 X167.556 Y158.507 E2456.00119
G1 X167.175 Y158.229 E2456.01758
G1 X167.004 Y157.968 E2456.02842
G1 F2400 E2455.52842
G1 F600 Z4.3
G0 F15000 X169 Y140.66 Z4.3
G1 F600 Z3.9
G1 F2400 E2456.02842
G1 F10500 X168.528 Y140.607 E2456.04493
G1 X167.989 Y140.411 E2456.06487
G1 X167.559 Y140.112 E2456.08307
G1 X167.242 Y139.757 E2456.09961
G1 X166.996 Y139.308 E2456.11741
G1 X166.859 Y138.804 E2456.13556
G1 X166.849 Y138.278 E2456.15384
G1 X166.986 Y137.709 E2456.17419
G1 X167.231 Y137.257 E2456.19206
G1 X167.582 Y136.867 E2456.21029
G1 X167.972 Y136.599 E2456.22674
G1 X168.526 Y136.389 E2456.24733
G1 X169 Y136.34 E2456.26389
G1 X169.595 Y136.424 E2456.28478
G1 X169.971 Y136.571 E2456.29881
G1 X170.487 Y136.939 E2456.32084
G1 X170.815 Y137.338 E2456.33879
G1 X171.041 Y137.803 E2456.35676
G1 X171.148 Y138.316 E2456.37498
G1 X171.139 Y138.794 E2456.39159
G1 X171.041 Y139.193 E2456.40587
G1 X170.817 Y139.659 E2456.42384
G1 X170.487 Y140.061 E2456.44192
G1 X170.071 Y140.372 E2456.45997
G1 X169.47 Y140.607 E2456.4824
G1 X169 Y140.66 E2456.49884
G0 F15000 X169 Y141.1
G1 F10500 X168.393 Y141.034 E2456.52006
G1 X167.783 Y140.8 E2456.54277
G1 X167.263 Y140.438 E2456.56479
G1 X166.894 Y140.026 E2456.58402
G1 X166.596 Y139.491 E2456.6053
G1 X166.427 Y138.886 E2456.62713
G1 X166.407 Y138.171 E2456.65199
G1 X166.58 Y137.539 E2456.67477
G1 X166.846 Y137.033 E2456.69464
G1 X167.26 Y136.557 E2456.71656
G1 X167.753 Y136.217 E2456.73738
G1 X168.358 Y135.965 E2456.76016
G1 X169 Y135.9 E2456.78259
G1 X169.479 Y135.946 E2456.79931
G1 X170.154 Y136.171 E2456.82404
G1 X170.617 Y136.47 E2456.8432
G1 X170.817 Y136.648 E2456.8525
G1 X171.204 Y137.131 E2456.87402
G1 X171.468 Y137.697 E2456.89572
G1 X171.588 Y138.316 E2456.91764
G1 X171.573 Y138.87 E2456.9369
G1 X171.468 Y139.299 E2456.95225
G1 X171.207 Y139.864 E2456.97388
G1 X170.817 Y140.352 E2456.99559
G1 X170.321 Y140.734 E2457.01735
G1 X170.084 Y140.858 E2457.02665
G1 X169.546 Y141.04 E2457.04639
G1 X169 Y141.1 E2457.06548
G1 F2400 E2456.56548
G1 F600 Z4.3
G0 F15000 X161.932 Y136.464 Z4.3
G1 F600 Z3.9
G1 F2400 E2457.06548
G1 F10500 X161.604 Y136.946 E2457.08575
G1 X161.262 Y137.25 E2457.10165
G1 X160.75 Y137.524 E2457.12183
G1 X160.297 Y137.638 E2457.13807
G1 X159.767 Y137.647 E2457.15649
G1 X159.226 Y137.521 E2457.1758
G1 X158.75 Y137.259 E2457.19468
G1 X158.388 Y136.937 E2457.21152
G1 X158.09 Y136.509 E2457.22965
G1 X157.904 Y136.034 E2457.24738
G1 X157.84 Y135.5 E2457.26607
G1 X157.924 Y134.901 E2457.2871
G1 X158.128 Y134.425 E2457.3051
G1 X158.439 Y134.009 E2457.32315
G1 X158.838 Y133.681 E2457.3411
G1 X159.304 Y133.455 E2457.3591
G1 X159.702 Y133.357 E2457.37335
G1 X160.341 Y133.367 E2457.39556
G1 X160.839 Y133.511 E2457.41358
G1 X161.159 Y133.679 E2457.42614
G1 X161.561 Y134.009 E2457.44422
G1 X161.938 Y134.545 E2457.46699
G1 X162.085 Y134.939 E2457.48161
G1 X162.159 Y135.458 E2457.49983
G1 X162.094 Y136.03 E2457.51984
G1 X161.932 Y136.464 E2457.53594
G0 F15000 X162.313 Y136.698
G1 F10500 X161.959 Y137.217 E2457.55778
G1 X161.489 Y137.636 E2457.57966
G1 X160.91 Y137.944 E2457.60246
G1 X160.241 Y138.087 E2457.62623
G1 X159.669 Y138.086 E2457.64611
G1 X159.033 Y137.913 E2457.66902
G1 X158.524 Y137.646 E2457.689
G1 X158.062 Y137.233 E2457.71054
G1 X157.703 Y136.718 E2457.73236
G1 X157.461 Y136.104 E2457.7553
G1 X157.4 Y135.5 E2457.7764
G1 X157.446 Y135.018 E2457.79323
G1 X157.514 Y134.741 E2457.80314
G1 X157.766 Y134.175 E2457.82467
G1 X158.148 Y133.679 E2457.84643
G1 X158.631 Y133.292 E2457.86795
G1 X159.197 Y133.028 E2457.88965
G1 X159.626 Y132.924 E2457.90499
G1 X160.18 Y132.908 E2457.92426
G1 X160.799 Y133.028 E2457.94617
G1 X161.364 Y133.29 E2457.96782
G1 X161.852 Y133.679 E2457.98951
G1 X162.03 Y133.879 E2457.99882
G1 X162.344 Y134.376 E2458.01925
G1 X162.53 Y134.899 E2458.03854
G1 X162.605 Y135.486 E2458.05911
G1 X162.538 Y136.091 E2458.08027
G1 X162.313 Y136.698 E2458.10277
G1 F2400 E2457.60277
G1 F600 Z4.3
G0 F15000 X151.657 Y136.568 Z4.3
G1 F600 Z3.9
G1 F2400 E2458.10277
G1 F10500 X151.605 Y136.766 E2458.10988
G1 X151.438 Y136.995 E2458.11973
G1 X151.136 Y137.16 E2458.13169
G1 X140.961 Y137.159 E2458.48534
G1 X140.786 Y137.125 E2458.49154
G1 X140.511 Y136.944 E2458.50298
G1 X140.394 Y136.763 E2458.51047
G1 X140.34 Y136.59 E2458.51677
G1 X140.34 Y130.867 E2458.71569
G1 X140.472 Y130.604 E2458.72591
G1 X140.689 Y130.417 E2458.73587
G1 X140.915 Y130.34 E2458.74417
G1 X151 Y130.34 E2459.09469
G1 X151.311 Y130.417 E2459.10583
G1 X151.528 Y130.604 E2459.11578
G1 X151.66 Y130.867 E2459.12601
G1 X151.657 Y136.568 E2459.32416
G0 F15000 X152.095 Y136.612
G1 F10500 X152.008 Y136.943 E2459.33606
G1 X151.73 Y137.324 E2459.35245
G1 X151.461 Y137.5 E2459.36362
G1 X151.06 Y137.599 E2459.37798
G1 X140.935 Y137.599 E2459.72989
G1 X140.544 Y137.502 E2459.74389
G1 X140.27 Y137.324 E2459.75525
G1 X140.092 Y137.123 E2459.76458
G1 X139.942 Y136.805 E2459.7768
G1 X139.905 Y136.607 E2459.7838
G1 X139.9 Y131 E2459.97868
G1 X139.944 Y130.691 E2459.98953
G1 X140.12 Y130.34 E2460.00318
G1 X140.482 Y130.029 E2460.01977
G1 F8667.9 X140.811 Y129.81 E2460.03641
G1 F7380.2 X142.085 Y129.81 E2460.09941
G1 F7392 X143.359 Y129.81 E2460.1623
G1 F7403.8 X144.633 Y129.81 E2460.2251
G1 F7415.7 X145.907 Y129.81 E2460.2878
G1 X147.181 Y129.81 E2460.3505
G1 F7427.7 X148.455 Y129.81 E2460.41309
G1 F7439.6 X149.729 Y129.81 E2460.47559
G1 F7451.6 X151.003 Y129.81 E2460.53798
G1 F8717 X151.518 Y130.029 E2460.56141
G1 F10500 X151.88 Y130.34 E2460.578
G1 X152.056 Y130.691 E2460.59165
G1 X152.1 Y131 E2460.60249
G1 X152.095 Y136.612 E2460.79755
G1 F2400 E2460.29755
G1 F600 Z4.3
G0 F15000 X134.16 Y135.5 Z4.3
G1 F600 Z3.9
G1 F2400 E2460.79755
G1 F10500 X134.107 Y135.97 E2460.81399
G1 X133.911 Y136.506 E2460.83383
G1 X133.612 Y136.937 E2460.85206
G1 X133.249 Y137.26 E2460.86895
G1 X132.774 Y137.515 E2460.88768
G1 X132.267 Y137.643 E2460.90586
G1 X131.816 Y137.648 E2460.92153
G1 X131.303 Y137.541 E2460.93975
G1 X130.838 Y137.315 E2460.95772
G1 X130.375 Y136.934 E2460.97856
G1 X130.056 Y136.435 E2460.99914
G1 X129.889 Y135.97 E2461.01632
G1 X129.843 Y135.574 E2461.03017
G1 X129.89 Y134.981 E2461.05085
G1 X130.128 Y134.425 E2461.07187
G1 X130.439 Y134.009 E2461.08992
G1 X130.838 Y133.681 E2461.10787
G1 X131.282 Y133.461 E2461.1251
G1 X131.702 Y133.357 E2461.14014
G1 X132.341 Y133.367 E2461.16235
G1 X132.839 Y133.511 E2461.18037
G1 X133.159 Y133.679 E2461.19293
G1 X133.561 Y134.009 E2461.211
G1 X133.92 Y134.489 E2461.23184
G1 X134.112 Y135.059 E2461.25274
G1 X134.16 Y135.5 E2461.26816
G0 F15000 X134.6 Y135.5
G1 F10500 X134.533 Y136.108 E2461.28942
G1 X134.3 Y136.713 E2461.31195
G1 X133.937 Y137.233 E2461.334
G1 X133.473 Y137.649 E2461.35566
G1 X132.935 Y137.924 E2461.37666
G1 X132.324 Y138.079 E2461.39857
G1 X131.663 Y138.091 E2461.42154
G1 X130.947 Y137.872 E2461.44757
G1 X130.42 Y137.557 E2461.46891
G1 X129.97 Y137.117 E2461.49078
G1 X129.646 Y136.595 E2461.51214
G1 F9788.1 X129.485 Y136.265 E2461.52583
G1 F7993.1 X129.352 Y136.064 E2461.53683
G1 F7241.4 X129.315 Y135.634 E2461.55858
G1 F7403.8 X129.315 Y135.368 E2461.57169
G1 F7287.1 X129.345 Y135.007 E2461.58983
G1 F8400 X129.506 Y134.739 E2461.60342
G1 F10312.5 X129.646 Y134.401 E2461.61636
G1 F10500 X129.97 Y133.879 E2461.63772
G1 X130.148 Y133.679 E2461.64702
G1 X130.631 Y133.292 E2461.66854
G1 X131.161 Y133.038 E2461.68896
G1 X131.626 Y132.924 E2461.7056
G1 X132.18 Y132.908 E2461.72487
G1 X132.799 Y133.028 E2461.74678
G1 X133.364 Y133.29 E2461.76843
G1 X133.852 Y133.679 E2461.79012
G1 X134.234 Y134.175 E2461.81188
G1 X134.486 Y134.752 E2461.83376
G1 X134.6 Y135.5 E2461.86006
G1 F2400 E2461.36006
G1 F600 Z4.3
G0 F15000 X132.267 Y166.353 Z4.3
G1 F600 Z3.9
G1 F2400 E2461.86006
G1 F10500 X132.769 Y166.479 E2461.87805
G1 X133.25 Y166.737 E2461.89702
G1 X133.613 Y167.06 E2461.91391
G1 X133.911 Y167.49 E2461.93209
G1 X134.087 Y167.944 E2461.94902
G1 X134.16 Y168.5 E2461.96851
G1 X134.107 Y168.97 E2461.98495
G1 X133.946 Y169.429 E2462.00185
G1 X133.625 Y169.934 E2462.02265
G1 X133.159 Y170.317 E2462.04362
G1 X132.693 Y170.541 E2462.06159
G1 X132.294 Y170.639 E2462.07587
G1 X131.816 Y170.648 E2462.09248
G1 X131.282 Y170.535 E2462.11145
G1 X130.838 Y170.315 E2462.12868
G1 X130.375 Y169.934 E2462.14952
G1 X130.056 Y169.435 E2462.1701
G1 X129.889 Y168.97 E2462.18728
G1 X129.843 Y168.574 E2462.20113
G1 X129.89 Y167.981 E2462.22181
G1 X130.128 Y167.425 E2462.24283
G1 X130.439 Y167.009 E2462.26088
G1 X130.838 Y166.681 E2462.27883
G1 X131.303 Y166.455 E2462.2968
G1 X131.816 Y166.348 E2462.31502
G1 X132.267 Y166.353 E2462.33069
G0 F15000 X132.324 Y165.917
G1 F10500 X132.926 Y166.068 E2462.35226
G1 X133.472 Y166.347 E2462.37358
G1 X133.939 Y166.764 E2462.39534
G1 X134.3 Y167.284 E2462.41734
G1 X134.507 Y167.814 E2462.43711
G1 X134.6 Y168.5 E2462.46118
G1 X134.54 Y169.046 E2462.48027
G1 X134.358 Y169.584 E2462.50001
G1 X134.03 Y170.117 E2462.52176
G1 X133.58 Y170.557 E2462.54363
G1 X133.364 Y170.706 E2462.55276
G1 X132.799 Y170.968 E2462.5744
G1 X132.37 Y171.072 E2462.58974
G1 X131.816 Y171.088 E2462.60901
G1 X131.161 Y170.958 E2462.63222
G1 X130.631 Y170.704 E2462.65264
G1 X130.148 Y170.317 E2462.67416
G1 X129.97 Y170.117 E2462.68346
G1 X129.646 Y169.595 E2462.70482
G1 F9788.1 X129.485 Y169.265 E2462.71851
G1 F7993.1 X129.352 Y169.064 E2462.72951
G1 F7241.4 X129.315 Y168.634 E2462.75126
G1 F7403.8 X129.315 Y168.368 E2462.76437
G1 F7287.1 X129.345 Y168.007 E2462.78251
G1 F8400 X129.506 Y167.739 E2462.7961
G1 F10312.5 X129.646 Y167.401 E2462.80904
G1 F10500 X129.97 Y166.879 E2462.8304
G1 X130.148 Y166.679 E2462.8397
G1 X130.631 Y166.292 E2462.86122
G1 X131.197 Y166.028 E2462.88292
G1 X131.816 Y165.908 E2462.90484
G1 X132.324 Y165.917 E2462.9225
G1 F2400 E2462.4225
G1 F600 Z4.3
G0 F15000 X132.438 Y171.461 Z4.3
;TYPE:SKIN
G1 F600 Z3.9
G1 F2400 E2462.9225
G1 F9000 X131.816 Y171.484 E2462.94413
G1 X131.055 Y171.34 E2462.97105
G1 X130.41 Y171.033 E2462.99588
G1 X129.894 Y170.62 E2463.01885
G1 X129.423 Y170.028 E2463.04514
G1 X129.08 Y169.417 E2463.0695
G1 X128.995 Y169.795 E2463.08296
G1 X128.997 Y174.503 E2463.2466
G1 X140.261 Y174.504 E2463.6381
G1 F8608.7 X140.887 Y174.484 E2463.66086
G1 F8232.8 X143.476 Y174.484 E2463.75923
G1 F8250 X146.065 Y174.485 E2463.85739
G1 F8267.2 X148.654 Y174.485 E2463.95536
G1 F8284.5 X151.243 Y174.485 E2464.05311
G1 F8354.4 X151.319 Y174.489 E2464.05596
G1 F8684.2 X151.785 Y174.504 E2464.07276
G1 F9000 X175.004 Y174.504 E2464.87978
G1 X175.004 Y158.282 E2465.4436
G1 X174.93 Y158.093 E2465.45066
G1 X174.425 Y158.666 E2465.4772
G1 X173.96 Y158.921 E2465.49563
G1 X173.523 Y158.994 E2465.51103
G1 X167.889 Y158.995 E2465.70685
G1 X167.556 Y158.927 E2465.71867
G1 X167.147 Y158.731 E2465.73443
G1 X166.826 Y158.425 E2465.74984
G1 X166.612 Y158.057 E2465.76464
G1 X166.505 Y157.61 E2465.78062
G1 X166.504 Y147.411 E2466.1351
G1 X166.594 Y146.975 E2466.15057
G1 X166.775 Y146.636 E2466.16393
G1 X166.988 Y146.392 E2466.17519
G1 X167.277 Y146.189 E2466.18746
G1 X167.57 Y146.064 E2466.19854
G1 X167.852 Y146.008 E2466.20853
G1 X173.523 Y146.006 E2466.40563
G1 X173.959 Y146.079 E2466.421
G1 X174.428 Y146.332 E2466.43952
G1 X174.792 Y146.756 E2466.45894
G1 X174.933 Y147.009 E2466.46901
G1 X175.004 Y146.722 E2466.47929
G1 X175.004 Y129.496 E2467.07801
G1 X151.774 Y129.496 E2467.88541
G1 X151.49 Y129.564 E2467.89556
G1 X151.724 Y129.692 E2467.90483
G1 X152.198 Y130.098 E2467.92652
G1 X152.421 Y130.54 E2467.94373
G1 X152.494 Y130.972 E2467.95896
G1 X152.495 Y136.614 E2468.15505
G1 X152.367 Y137.107 E2468.17276
G1 X152.218 Y137.366 E2468.18314
G1 X152.003 Y137.61 E2468.19445
G1 X151.543 Y137.896 E2468.21327
G1 X151.1 Y137.99 E2468.22901
G1 X140.773 Y137.988 E2468.58795
G1 X140.171 Y137.753 E2468.61041
G1 X139.781 Y137.364 E2468.62955
G1 X139.564 Y136.923 E2468.64664
G1 X139.508 Y136.644 E2468.65653
G1 X139.506 Y130.972 E2468.85367
G1 X139.578 Y130.542 E2468.86882
G1 X139.83 Y130.071 E2468.88739
G1 X140.402 Y129.568 E2468.91386
G1 X140.215 Y129.496 E2468.92083
G1 X128.996 Y129.496 E2469.31076
G1 X128.996 Y134.499 E2469.48465
G1 X129.066 Y134.649 E2469.49041
G1 X129.142 Y134.559 E2469.4945
G1 X129.446 Y133.936 E2469.51859
G1 X129.894 Y133.372 E2469.54363
G1 X130.454 Y132.932 E2469.56838
G1 X131.018 Y132.668 E2469.59003
G1 X131.554 Y132.531 E2469.60925
G1 X132.202 Y132.513 E2469.63178
G1 X132.554 Y132.557 E2469.64411
G1 X133.241 Y132.778 E2469.6692
G1 X133.813 Y133.118 E2469.69233
G1 X134.331 Y133.623 E2469.71747
G1 X134.735 Y134.286 E2469.74445
G1 X134.931 Y134.918 E2469.76745
G1 X134.996 Y135.495 E2469.78763
G1 X134.921 Y136.186 E2469.81179
G1 X134.639 Y136.919 E2469.83909
G1 X134.284 Y137.447 E2469.8612
G1 X133.696 Y137.977 E2469.88872
G1 X133.026 Y138.318 E2469.91485
G1 X132.398 Y138.467 E2469.93728
G1 X131.788 Y138.483 E2469.95849
G1 X131.435 Y138.435 E2469.97087
G1 X130.772 Y138.231 E2469.99498
G1 X130.18 Y137.868 E2470.01912
G1 X129.563 Y137.268 E2470.04903
G1 X129.08 Y136.417 E2470.08304
G1 X128.996 Y136.795 E2470.0965
G1 X128.996 Y167.499 E2471.16367
G1 X129.066 Y167.649 E2471.16943
G1 X129.142 Y167.559 E2471.17352
G1 X129.446 Y166.936 E2471.19761
G1 X129.895 Y166.371 E2471.2227
G1 X130.455 Y165.936 E2471.24734
G1 X131.115 Y165.639 E2471.2725
G1 X131.775 Y165.515 E2471.29584
G1 X132.399 Y165.525 E2471.31753
G1 X133.044 Y165.683 E2471.34061
G1 X133.685 Y166.01 E2471.36562
G1 X134.221 Y166.485 E2471.39051
G1 X134.659 Y167.089 E2471.41645
G1 X134.924 Y167.805 E2471.44298
G1 X134.996 Y168.496 E2471.46713
G1 X134.929 Y169.111 E2471.48863
G1 X134.712 Y169.759 E2471.51238
G1 X134.331 Y170.373 E2471.5375
G1 X133.851 Y170.845 E2471.5609
G1 X133.535 Y171.065 E2471.57428
G1 X132.893 Y171.35 E2471.59869
G1 X132.438 Y171.461 E2471.61497
G1 F2400 E2471.11497
G1 F600 Z4.3
G0 F15000 X151.716 Y173.815 Z4.3
G1 F600 Z3.9
G1 F2400 E2471.61497
G1 F8627.5 X151.201 Y174.012 E2471.63496
G1 F8284.5 X148.637 Y174.012 E2471.73178
G1 F8267.2 X146.073 Y174.011 E2471.82879
G1 F8250 X143.509 Y174.01 E2471.92601
G1 F8232.8 X140.945 Y174.01 E2472.02343
G1 F8608.7 X140.289 Y173.823 E2472.04822
G1 F9000 X139.832 Y173.431 E2472.06914
G1 X139.578 Y172.953 E2472.08796
G1 X139.506 Y172.524 E2472.10308
G1 X139.507 Y166.881 E2472.29921
G1 X139.56 Y166.587 E2472.30959
G1 X139.676 Y166.301 E2472.32032
G1 X139.955 Y165.922 E2472.33668
G1 X140.278 Y165.685 E2472.3506
G1 X140.64 Y165.546 E2472.36408
G1 X140.907 Y165.504 E2472.37347
G1 X151.097 Y165.505 E2472.72765
G1 X151.425 Y165.565 E2472.73923
G1 X151.682 Y165.664 E2472.74881
G1 X152.104 Y165.992 E2472.76738
G1 X152.327 Y166.308 E2472.78083
G1 X152.493 Y166.87 E2472.80119
G1 X152.494 Y172.524 E2472.99771
G1 X152.421 Y172.955 E2473.0129
G1 X152.164 Y173.431 E2473.0317
G1 X151.716 Y173.815 E2473.05221
G1 F2400 E2472.55221
G1 F600 Z4.3
G0 F15000 X160.893 Y171.35 Z4.3
G1 F600 Z3.9
G1 F2400 E2473.05221
G1 F9000 X160.438 Y171.461 E2473.06849
G1 X159.788 Y171.483 E2473.0911
G1 X159.435 Y171.435 E2473.10348
G1 X158.773 Y171.231 E2473.12755
G1 X158.141 Y170.837 E2473.15344
G1 X157.636 Y170.328 E2473.17836
G1 X157.271 Y169.727 E2473.2028
G1 X157.063 Y169.107 E2473.22553
G1 X157.004 Y168.482 E2473.24735
G1 X157.072 Y167.783 E2473.27176
G1 X157.364 Y167.074 E2473.29841
G1 X157.718 Y166.539 E2473.32071
G1 X158.244 Y166.071 E2473.34518
G1 X158.905 Y165.695 E2473.37161
G1 X159.605 Y165.524 E2473.39665
G1 X160.335 Y165.508 E2473.42203
G1 X161.038 Y165.687 E2473.44725
G1 X161.634 Y165.988 E2473.47045
G1 X162.176 Y166.44 E2473.49498
G1 X162.617 Y167.04 E2473.52086
G1 X162.891 Y167.718 E2473.54628
G1 X163.008 Y168.505 E2473.57394
G1 X162.902 Y169.23 E2473.5994
G1 X162.671 Y169.846 E2473.62227
G1 X162.331 Y170.373 E2473.64407
G1 X161.851 Y170.845 E2473.66746
G1 X161.535 Y171.065 E2473.68085
G1 X160.893 Y171.35 E2473.70526
G1 F2400 E2473.20526
G1 F600 Z4.3
G0 F15000 X169.597 Y169.431 Z4.3
G1 F600 Z3.9
G1 F2400 E2473.70526
G1 F9000 X168.996 Y169.496 E2473.72627
G1 X168.423 Y169.431 E2473.74631
G1 X167.76 Y169.227 E2473.77042
G1 X167.053 Y168.781 E2473.79948
G1 X166.559 Y168.24 E2473.82494
G1 X166.189 Y167.576 E2473.85136
G1 X166.021 Y166.853 E2473.87716
G1 X166.01 Y166.163 E2473.90115
G1 X166.194 Y165.412 E2473.92802
G1 X166.542 Y164.777 E2473.95319
G1 X167.044 Y164.218 E2473.9793
G1 X167.597 Y163.847 E2474.00245
G1 X168.309 Y163.571 E2474.02899
G1 X169.022 Y163.504 E2474.05388
G1 X169.522 Y163.552 E2474.07134
G1 X169.874 Y163.638 E2474.08393
G1 X170.556 Y163.946 E2474.10994
G1 X171.12 Y164.394 E2474.13497
G1 X171.55 Y164.932 E2474.15891
G1 X171.837 Y165.565 E2474.18307
G1 X171.984 Y166.324 E2474.20994
G1 X171.961 Y166.938 E2474.2313
G1 X171.837 Y167.431 E2474.24896
G1 X171.553 Y168.057 E2474.27286
G1 X171.083 Y168.639 E2474.29886
G1 X170.398 Y169.167 E2474.32892
G1 X169.597 Y169.431 E2474.35823
G1 F2400 E2473.85823
G1 F600 Z4.3
G0 F15000 X169.611 Y141.429 Z4.3
G1 F600 Z3.9
G1 F2400 E2474.35823
G1 F9000 X169.001 Y141.492 E2474.37955
G1 X168.31 Y141.421 E2474.40369
G1 X167.609 Y141.157 E2474.42972
G1 X167.048 Y140.785 E2474.45312
G1 X166.578 Y140.263 E2474.47753
G1 X166.226 Y139.65 E2474.5021
G1 X166.008 Y138.843 E2474.53116
G1 X166.024 Y138.103 E2474.55688
G1 X166.185 Y137.438 E2474.58066
G1 X166.514 Y136.809 E2474.60534
G1 X166.982 Y136.27 E2474.63015
G1 X167.55 Y135.872 E2474.65425
G1 X168.278 Y135.575 E2474.68158
G1 X168.996 Y135.504 E2474.70666
G1 X169.564 Y135.562 E2474.7265
G1 X170.32 Y135.807 E2474.75412
G1 X170.863 Y136.16 E2474.77663
G1 X171.12 Y136.394 E2474.78871
G1 X171.55 Y136.932 E2474.81265
G1 X171.837 Y137.565 E2474.83681
G1 X171.984 Y138.324 E2474.86368
G1 X171.961 Y138.938 E2474.88504
G1 X171.837 Y139.431 E2474.9027
G1 X171.553 Y140.057 E2474.9266
G1 X171.084 Y140.638 E2474.95255
G1 X170.555 Y141.051 E2474.97587
G1 X170.251 Y141.215 E2474.98788
G1 X169.611 Y141.429 E2475.01134
G1 F2400 E2474.51134
G1 F600 Z4.3
G0 F15000 X161.084 Y138.294 Z4.3
G1 F600 Z3.9
G1 F2400 E2475.01134
G1 F9000 X160.425 Y138.464 E2475.03499
G1 X159.641 Y138.48 E2475.06224
G1 X158.888 Y138.293 E2475.08921
G1 X158.248 Y137.929 E2475.1148
G1 X157.729 Y137.465 E2475.139
G1 X157.349 Y136.904 E2475.16255
G1 X157.076 Y136.205 E2475.18863
G1 X157.004 Y135.483 E2475.21385
G1 X157.052 Y134.975 E2475.23159
G1 X157.151 Y134.582 E2475.24567
G1 X157.446 Y133.936 E2475.27036
G1 X157.895 Y133.371 E2475.29544
G1 X158.455 Y132.936 E2475.32008
G1 X159.103 Y132.642 E2475.34482
G1 X159.554 Y132.531 E2475.36096
G1 X160.202 Y132.513 E2475.38349
G1 X160.554 Y132.557 E2475.39582
G1 X161.241 Y132.778 E2475.4209
G1 X161.836 Y133.132 E2475.44497
G1 X162.359 Y133.662 E2475.47085
G1 X162.691 Y134.19 E2475.49253
G1 X162.92 Y134.79 E2475.51485
G1 X162.992 Y135.527 E2475.54058
G1 X162.919 Y136.195 E2475.56394
G1 X162.671 Y136.868 E2475.58887
G1 X162.265 Y137.469 E2475.61408
G1 X161.696 Y137.971 E2475.64045
G1 X161.084 Y138.294 E2475.6645
G1 F2400 E2475.1645
G1 F600 Z4.3
G0 F15000 X174.518 Y129.716 Z4.3
G1 F600 Z3.9
G1 F2400 E2475.6645
G1 F9000 X174.784 Y129.982 E2475.67758
G0 F15000 X174.784 Y130.604
G1 F9000 X173.896 Y129.716 E2475.72123
G0 F15000 X173.274 Y129.716
G1 F9000 X174.784 Y131.226 E2475.79545
G0 F15000 X174.784 Y131.849
G1 F9000 X172.651 Y129.716 E2475.90029
G0 F15000 X172.029 Y129.716
G1 F9000 X174.784 Y132.471 E2476.03571
G0 F15000 X174.784 Y133.093
G1 F9000 X171.407 Y129.716 E2476.2017
G0 F15000 X170.785 Y129.716
G1 F9000 X174.784 Y133.715 E2476.39827
G0 F15000 X174.784 Y134.338
G1 F9000 X170.162 Y129.716 E2476.62546
G0 F15000 X169.54 Y129.716
G1 F9000 X174.784 Y134.96 E2476.88322
G0 F15000 X174.784 Y135.582
G1 F9000 X168.918 Y129.716 E2477.17155
G0 F15000 X168.296 Y129.716
G1 F9000 X174.784 Y136.204 E2477.49046
G0 F15000 X174.784 Y136.827
G1 F9000 X167.673 Y129.716 E2477.83999
G0 F15000 X167.051 Y129.716
G1 F9000 X174.784 Y137.449 E2478.2201
G0 F15000 X174.784 Y138.071
G1 F9000 X166.429 Y129.716 E2478.63078
G0 F15000 X165.807 Y129.716
G1 F9000 X174.784 Y138.693 E2479.07203
G0 F15000 X174.784 Y139.316
G1 F9000 X165.184 Y129.716 E2479.5439
G0 F15000 X164.562 Y129.716
G1 F9000 X170.525 Y135.679 E2479.837
G1 X170.602 Y135.756
G1 F2400 E2479.337
G1 F600 Z4.3
G0 F15000 X169.559 Y135.335 Z4.3
G1 F600 Z3.9
G1 F2400 E2479.837
G1 F9000 X163.94 Y129.716 E2480.1132
G0 F15000 X163.318 Y129.716
G1 F9000 X168.895 Y135.294 E2480.38735
G0 F15000 X168.329 Y135.349
G1 F9000 X162.695 Y129.716 E2480.66426
G0 F15000 X162.073 Y129.716
G1 F9000 X167.861 Y135.504 E2480.94876
G0 F15000 X167.426 Y135.691
G1 F9000 X161.451 Y129.716 E2481.24245
G0 F15000 X160.829 Y129.716
G1 F9000 X167.058 Y135.946 E2481.54866
G0 F15000 X166.724 Y136.234
G1 F9000 X160.206 Y129.716 E2481.86904
G0 F15000 X159.584 Y129.716
G1 F9000 X166.436 Y136.568 E2482.20584
G0 F15000 X166.195 Y136.949
G1 F9000 X158.962 Y129.716 E2482.56137
G0 F15000 X158.34 Y129.716
G1 F9000 X161.131 Y132.508 E2482.69858
G0 F15000 X160.306 Y132.305
G1 F9000 X157.717 Y129.716 E2482.82584
G0 F15000 X157.095 Y129.716
G1 F9000 X159.688 Y132.309 E2482.95329
G0 F15000 X159.158 Y132.401
G1 F9000 X156.473 Y129.716 E2483.08527
G0 F15000 X155.851 Y129.716
G1 F9000 X158.71 Y132.575 E2483.2258
G0 F15000 X158.29 Y132.778
G1 F9000 X155.228 Y129.716 E2483.37631
G0 F15000 X154.606 Y129.716
G1 F9000 X157.943 Y133.053 E2483.54033
G0 F15000 X157.623 Y133.355
G1 F9000 X153.984 Y129.716 E2483.7192
G0 F15000 X153.362 Y129.716
G1 F9000 X157.35 Y133.704 E2483.91523
G0 F15000 X157.126 Y134.103
G1 F9000 X152.739 Y129.716 E2484.13087
G0 F15000 X152.117 Y129.716
G1 F9000 X156.937 Y134.536 E2484.36779
G0 F15000 X156.825 Y135.046
G1 F9000 X152.71 Y130.931 E2484.57005
G0 F15000 X152.712 Y131.555
G1 F9000 X156.797 Y135.64 E2484.77085
G0 F15000 X156.907 Y136.373
G1 F9000 X152.712 Y132.177 E2484.97707
G0 F15000 X152.712 Y132.8
G1 F9000 X166.534 Y146.622 E2485.65647
G0 F15000 X166.805 Y146.271
G1 F9000 X159.115 Y138.581 E2486.03446
G0 F15000 X159.853 Y138.696
G1 F9000 X167.159 Y146.002 E2486.39358
G0 F15000 X167.612 Y145.833
G1 F9000 X160.459 Y138.68 E2486.74517
G0 F15000 X160.956 Y138.555
G1 F9000 X168.19 Y145.788 E2487.10073
G0 F15000 X168.812 Y145.788
G1 F9000 X161.401 Y138.377 E2487.465
G0 F15000 X161.807 Y138.162
G1 F9000 X169.434 Y145.788 E2487.83987
G0 F15000 X170.056 Y145.788
G1 F9000 X162.145 Y137.877 E2488.22873
G0 F15000 X162.461 Y137.57
G1 F9000 X170.679 Y145.788 E2488.63267
G0 F15000 X171.3 Y145.788
G1 F9000 X162.711 Y137.199 E2489.05485
G0 F15000 X162.93 Y136.795
G1 F9000 X166.23 Y140.096 E2489.21708
G1 X166.307 Y140.173
G1 F2400 E2488.71708
G1 F600 Z4.3
G0 F15000 X165.843 Y139.086 Z4.3
G1 F600 Z3.9
G1 F2400 E2489.21708
G1 F9000 X163.098 Y136.341 E2489.35201
G0 F15000 X163.181 Y135.802
G1 F9000 X165.797 Y138.418 E2489.4806
G0 F15000 X165.86 Y137.858
G1 F9000 X163.18 Y135.179 E2489.6123
G0 F15000 X162.999 Y134.376
G1 F9000 X165.981 Y137.358 E2489.75888
G1 X166.058 Y137.435
G1 F2400 E2489.25888
G1 F600 Z4.3
G0 F15000 X167.441 Y141.306 Z4.3
G1 F600 Z3.9
G1 F2400 E2489.75888
G1 F9000 X171.922 Y145.788 E2489.97916
G0 F15000 X172.545 Y145.788
G1 F9000 X168.408 Y141.651 E2490.18251
G0 F15000 X169.083 Y141.704
G1 F9000 X173.167 Y145.788 E2490.38325
G0 F15000 X173.843 Y145.841
G1 F9000 X169.648 Y141.647 E2490.58943
G0 F15000 X170.118 Y141.494
G1 F9000 X174.784 Y146.16 E2490.81878
G0 F15000 X174.784 Y145.538
G1 F9000 X170.547 Y141.301 E2491.02704
G0 F15000 X170.916 Y141.048
G1 F9000 X174.784 Y144.916 E2491.21717
G0 F15000 X174.784 Y144.294
G1 F9000 X171.264 Y140.774 E2491.39019
G0 F15000 X171.54 Y140.427
G1 F9000 X174.784 Y143.671 E2491.54964
G0 F15000 X174.784 Y143.049
G1 F9000 X171.793 Y140.058 E2491.69666
G0 F15000 X171.987 Y139.63
G1 F9000 X174.784 Y142.427 E2491.83414
G0 F15000 X174.784 Y141.805
G1 F9000 X172.132 Y139.152 E2491.96452
G0 F15000 X172.193 Y138.591
G1 F9000 X174.784 Y141.182 E2492.09188
G0 F15000 X174.784 Y140.56
G1 F9000 X172.133 Y137.909 E2492.22219
G1 X172.056 Y137.832
G1 F2400 E2491.72219
G1 F600 Z4.3
G0 F15000 X171.801 Y136.955 Z4.3
G1 F600 Z3.9
G1 F2400 E2492.22219
G1 F9000 X174.784 Y139.938 E2492.36881
G1 X174.861 Y140.015
G1 F2400 E2491.86881
G1 F600 Z4.3
G0 F15000 X166.355 Y147.065 Z4.3
G1 F600 Z3.9
G1 F2400 E2492.36881
G1 F9000 X152.712 Y133.423 E2493.03939
G0 F15000 X152.712 Y134.045
G1 F9000 X166.286 Y147.618 E2493.70658
G0 F15000 X166.286 Y148.241
G1 F9000 X152.712 Y134.667 E2494.37379
G0 F15000 X152.713 Y135.29
G1 F9000 X166.286 Y148.863 E2495.04095
G0 F15000 X166.286 Y149.485
G1 F9000 X152.713 Y135.912 E2495.70811
G0 F15000 X152.713 Y136.535
G1 F9000 X166.286 Y150.107 E2496.37525
G0 F15000 X166.286 Y150.73
G1 F9000 X152.608 Y137.052 E2497.04757
G0 F15000 X152.41 Y137.476
G1 F9000 X166.286 Y151.352 E2497.72963
G0 F15000 X166.286 Y151.974
G1 F9000 X152.114 Y137.802 E2498.42623
G0 F15000 X151.726 Y138.036
G1 F9000 X166.286 Y152.596 E2499.14191
G0 F15000 X166.286 Y153.219
G1 F9000 X151.246 Y138.179 E2499.88118
G0 F15000 X150.658 Y138.213
G1 F9000 X166.286 Y153.841 E2500.64935
G0 F15000 X166.286 Y154.463
G1 F9000 X150.035 Y138.213 E2501.44812
G0 F15000 X149.413 Y138.213
G1 F9000 X166.286 Y155.085 E2502.27746
G0 F15000 X166.286 Y155.708
G1 F9000 X148.791 Y138.213 E2503.13741
G0 F15000 X148.169 Y138.213
G1 F9000 X166.286 Y156.33 E2504.02792
G0 F15000 X166.286 Y156.952
G1 F9000 X147.546 Y138.213 E2504.94904
G0 F15000 X146.924 Y138.213
G1 F9000 X166.286 Y157.575 E2505.90075
G1 X166.363 Y157.652
G1 F2400 E2505.40075
G1 F600 Z4.3
G0 F15000 X167.925 Y159.214 Z4.3
G1 F600 Z3.9
G1 F2400 E2505.90075
G1 F9000 X174.784 Y166.073 E2506.23789
G0 F15000 X174.784 Y166.695
G1 F9000 X146.302 Y138.213 E2507.63789
G0 F15000 X145.68 Y138.213
G1 F9000 X174.784 Y167.317 E2509.06845
G0 F15000 X174.784 Y167.939
G1 F9000 X171.803 Y164.958 E2509.21498
G1 X171.726 Y164.881
G1 F2400 E2508.71498
G1 F600 Z4.3
G0 F15000 X172.134 Y165.911 Z4.3
G1 F600 Z3.9
G1 F2400 E2509.21498
G1 F9000 X174.784 Y168.562 E2509.34526
G0 F15000 X174.784 Y169.184
G1 F9000 X172.193 Y166.592 E2509.47264
G0 F15000 X172.132 Y167.154
G1 F9000 X174.784 Y169.806 E2509.603
G0 F15000 X174.784 Y170.428
G1 F9000 X171.987 Y167.631 E2509.74048
G0 F15000 X171.792 Y168.059
G1 F9000 X174.784 Y171.051 E2509.88755
G0 F15000 X174.784 Y171.673
G1 F9000 X171.538 Y168.427 E2510.0471
G0 F15000 X171.263 Y168.774
G1 F9000 X174.784 Y172.295 E2510.22017
G0 F15000 X174.784 Y172.917
G1 F9000 X170.914 Y169.047 E2510.41039
G0 F15000 X170.563 Y169.318
G1 F9000 X174.784 Y173.54 E2510.6179
G0 F15000 X174.784 Y174.162
G1 F9000 X170.114 Y169.492 E2510.84744
G0 F15000 X169.647 Y169.647
G1 F9000 X174.283 Y174.283 E2511.07532
G0 F15000 X173.661 Y174.283
G1 F9000 X169.087 Y169.709 E2511.30015
G0 F15000 X168.411 Y169.655
G1 F9000 X173.039 Y174.283 E2511.52763
G0 F15000 X172.417 Y174.283
G1 F9000 X167.386 Y169.252 E2511.77492
G1 X167.309 Y169.175
G1 F2400 E2511.27492
G1 F600 Z4.3
G0 F15000 X166.233 Y168.1 Z4.3
G1 F600 Z3.9
G1 F2400 E2511.77492
G1 F9000 X134.928 Y136.795 E2513.31368
G0 F15000 X134.713 Y137.202
G1 F9000 X171.794 Y174.283 E2515.13634
G0 F15000 X171.172 Y174.283
G1 F9000 X134.462 Y137.573 E2516.94077
G0 F15000 X134.139 Y137.872
G1 F9000 X170.55 Y174.283 E2518.7305
G0 F15000 X169.928 Y174.283
G1 F9000 X162.967 Y167.323 E2519.07263
G0 F15000 X163.178 Y168.156
G1 F9000 X169.305 Y174.283 E2519.3738
G0 F15000 X168.683 Y174.283
G1 F9000 X163.192 Y168.793 E2519.64368
G0 F15000 X163.103 Y169.325
G1 F9000 X168.061 Y174.283 E2519.88738
G0 F15000 X167.439 Y174.283
G1 F9000 X162.934 Y169.778 E2520.10882
G0 F15000 X162.716 Y170.183
G1 F9000 X166.816 Y174.283 E2520.31035
G0 F15000 X166.194 Y174.283
G1 F9000 X162.463 Y170.553 E2520.49371
G0 F15000 X162.149 Y170.861
G1 F9000 X165.572 Y174.283 E2520.66194
G0 F15000 X164.95 Y174.283
G1 F9000 X161.807 Y171.14 E2520.81643
G0 F15000 X161.408 Y171.364
G1 F9000 X164.327 Y174.283 E2520.95991
G0 F15000 X163.705 Y174.283
G1 F9000 X160.978 Y171.556 E2521.09395
G0 F15000 X160.477 Y171.678
G1 F9000 X163.083 Y174.283 E2521.22202
G0 F15000 X162.461 Y174.283
G1 F9000 X159.879 Y171.702 E2521.34891
G0 F15000 X159.12 Y171.565
G1 F9000 X161.838 Y174.283 E2521.48251
G0 F15000 X161.216 Y174.283
G1 F9000 X129.217 Y142.285 E2523.05535
G0 F15000 X129.217 Y142.907
G1 F9000 X151.773 Y165.463 E2524.16406
G0 F15000 X150.973 Y165.285
G1 F9000 X129.217 Y143.529 E2525.23345
G0 F15000 X129.217 Y144.151
G1 F9000 X150.351 Y165.285 E2526.27226
G0 F15000 X149.728 Y165.285
G1 F9000 X129.217 Y144.774 E2527.28045
G0 F15000 X129.217 Y145.396
G1 F9000 X149.106 Y165.285 E2528.25806
G0 F15000 X148.484 Y165.285
G1 F9000 X129.217 Y146.018 E2529.20511
G0 F15000 X129.217 Y146.641
G1 F9000 X147.862 Y165.285 E2530.12155
G0 F15000 X147.239 Y165.285
G1 F9000 X129.218 Y147.263 E2531.00737
G0 F15000 X129.218 Y147.886
G1 F9000 X146.617 Y165.285 E2531.8626
G0 F15000 X145.995 Y165.285
G1 F9000 X129.218 Y148.508 E2532.68725
G0 F15000 X129.218 Y149.13
G1 F9000 X145.373 Y165.285 E2533.48132
G0 F15000 X144.75 Y165.285
G1 F9000 X129.218 Y149.752 E2534.2448
G0 F15000 X129.218 Y150.375
G1 F9000 X144.128 Y165.285 E2534.97768
G0 F15000 X143.506 Y165.285
G1 F9000 X129.218 Y150.997 E2535.67999
G0 F15000 X129.218 Y151.619
G1 F9000 X142.884 Y165.285 E2536.35172
G0 F15000 X142.261 Y165.285
G1 F9000 X129.218 Y152.242 E2536.99283
G0 F15000 X129.218 Y152.864
G1 F9000 X141.639 Y165.285 E2537.60337
G0 F15000 X141.017 Y165.285
G1 F9000 X129.218 Y153.486 E2538.18333
G0 F15000 X129.218 Y154.108
G1 F9000 X140.48 Y165.37 E2538.7369
G0 F15000 X140.059 Y165.572
G1 F9000 X129.218 Y154.731 E2539.26977
G0 F15000 X129.218 Y155.353
G1 F9000 X139.73 Y165.865 E2539.78648
G0 F15000 X139.472 Y166.229
G1 F9000 X129.218 Y155.975 E2540.2905
G0 F15000 X129.218 Y156.597
G1 F9000 X139.318 Y166.698 E2540.78697
G0 F15000 X139.284 Y167.286
G1 F9000 X129.219 Y157.22 E2541.28173
G0 F15000 X129.219 Y157.842
G1 F9000 X139.285 Y167.909 E2541.77653
G0 F15000 X139.285 Y168.531
G1 F9000 X129.219 Y158.465 E2542.27131
G0 F15000 X129.219 Y159.087
G1 F9000 X139.286 Y169.154 E2542.76614
G0 F15000 X139.287 Y169.777
G1 F9000 X129.219 Y159.709 E2543.26102
G0 F15000 X129.219 Y160.332
G1 F9000 X139.287 Y170.399 E2543.75587
G0 F15000 X139.287 Y171.022
G1 F9000 X129.219 Y160.954 E2544.25075
G0 F15000 X129.219 Y161.576
G1 F9000 X133.116 Y165.473 E2544.4423
G0 F15000 X132.319 Y165.299
G1 F9000 X129.219 Y162.198 E2544.5947
G0 F15000 X129.219 Y162.821
G1 F9000 X131.702 Y165.304 E2544.71675
G0 F15000 X131.179 Y165.403
G1 F9000 X129.219 Y163.443 E2544.81309
G0 F15000 X129.219 Y164.065
G1 F9000 X130.724 Y165.57 E2544.88707
G0 F15000 X130.301 Y165.769
G1 F9000 X129.219 Y164.687 E2544.94025
G0 F15000 X129.219 Y165.31
G1 F9000 X129.953 Y166.044 E2544.97633
G0 F15000 X129.631 Y166.344
G1 F9000 X129.219 Y165.932 E2544.99658
G0 F15000 X129.219 Y166.554
G1 F9000 X129.361 Y166.696 E2545.00356
G1 F2400 E2544.50356
G1 F600 Z4.3
G0 F15000 X129.217 Y170.286 Z4.3
G1 F600 Z3.9
G1 F2400 E2545.00356
G1 F9000 X133.214 Y174.283 E2545.20003
G0 F15000 X132.592 Y174.283
G1 F9000 X129.217 Y170.908 E2545.36592
G0 F15000 X129.217 Y171.531
G1 F9000 X131.969 Y174.283 E2545.5012
G0 F15000 X131.347 Y174.283
G1 F9000 X129.217 Y172.153 E2545.60589
G0 F15000 X129.217 Y172.775
G1 F9000 X130.725 Y174.283 E2545.68002
G0 F15000 X130.103 Y174.283
G1 F9000 X129.217 Y173.397 E2545.72357
G0 F15000 X129.217 Y174.02
G1 F9000 X129.48 Y174.283 E2545.73649
G1 F2400 E2545.23649
G1 F600 Z4.3
G0 F15000 X131.132 Y171.578 Z4.3
G1 F600 Z3.9
G1 F2400 E2545.73649
G1 F9000 X133.836 Y174.283 E2545.86943
G0 F15000 X134.458 Y174.283
G1 F9000 X131.877 Y171.701 E2545.99632
G0 F15000 X132.476 Y171.678
G1 F9000 X135.081 Y174.283 E2546.12436
G0 F15000 X135.704 Y174.283
G1 F9000 X132.977 Y171.557 E2546.25838
G0 F15000 X133.407 Y171.364
G1 F9000 X136.326 Y174.283 E2546.40186
G0 F15000 X136.948 Y174.283
G1 F9000 X133.806 Y171.141 E2546.5563
G0 F15000 X134.149 Y170.862
G1 F9000 X137.57 Y174.283 E2546.72446
G0 F15000 X138.193 Y174.283
G1 F9000 X134.463 Y170.553 E2546.9078
G0 F15000 X134.712 Y170.181
G1 F9000 X138.815 Y174.283 E2547.10945
G0 F15000 X139.437 Y174.283
G1 F9000 X134.94 Y169.786 E2547.3305
G0 F15000 X135.092 Y169.316
G1 F9000 X140.059 Y174.283 E2547.57464
G0 F15000 X140.526 Y174.128
G1 F9000 X140.656 Y174.258 E2547.58103
G1 F2400 E2547.08103
G1 F600 Z4.3
G0 F15000 X139.365 Y172.967 Z4.3
G1 F600 Z3.9
G1 F2400 E2547.58103
G1 F9000 X135.185 Y168.786 E2547.78652
G0 F15000 X135.181 Y168.161
G1 F9000 X139.288 Y172.267 E2547.98837
G0 F15000 X139.288 Y171.645
G1 F9000 X134.987 Y167.345 E2548.19975
G1 X134.91 Y167.268
G1 F2400 E2547.69975
G1 F600 Z4.3
G0 F15000 X152.531 Y166.22 Z4.3
G1 F600 Z3.9
G1 F2400 E2548.19975
G1 F9000 X160.594 Y174.283 E2548.59608
G0 F15000 X159.972 Y174.283
G1 F9000 X152.712 Y167.024 E2548.95291
G0 F15000 X152.712 Y167.647
G1 F9000 X159.349 Y174.283 E2549.27912
G0 F15000 X158.727 Y174.283
G1 F9000 X152.712 Y168.269 E2549.57475
G0 F15000 X152.712 Y168.891
G1 F9000 X158.105 Y174.283 E2549.83981
G0 F15000 X157.483 Y174.283
G1 F9000 X152.712 Y169.513 E2550.0743
G0 F15000 X152.712 Y170.136
G1 F9000 X156.86 Y174.283 E2550.27816
G0 F15000 X156.238 Y174.283
G1 F9000 X152.712 Y170.758 E2550.45145
G0 F15000 X152.712 Y171.38
G1 F9000 X155.616 Y174.283 E2550.59417
G0 F15000 X154.994 Y174.283
G1 F9000 X152.712 Y172.002 E2550.70632
G0 F15000 X152.701 Y172.613
G1 F9000 X154.371 Y174.283 E2550.7884
G0 F15000 X153.749 Y174.283
G1 F9000 X152.582 Y173.116 E2550.84576
G0 F15000 X152.355 Y173.512
G1 F9000 X153.127 Y174.283 E2550.88369
G0 F15000 X152.505 Y174.283
G1 F9000 X152.045 Y173.824 E2550.90627
G0 F15000 X151.669 Y174.071
G1 F9000 X151.882 Y174.283 E2550.91672
G1 F2400 E2550.41672
G1 F600 Z4.3
G0 F15000 X156.918 Y169.363 Z4.3
G1 F600 Z3.9
G1 F2400 E2550.91672
G1 F9000 X129.217 Y141.662 E2552.27832
G0 F15000 X129.217 Y141.04
G1 F9000 X156.792 Y168.615 E2553.63373
G0 F15000 X156.828 Y168.028
G1 F9000 X129.217 Y140.418 E2554.99089
G0 F15000 X129.217 Y139.796
G1 F9000 X156.942 Y167.521 E2556.35367
G0 F15000 X157.122 Y167.078
G1 F9000 X129.217 Y139.173 E2557.7253
G0 F15000 X129.217 Y138.551
G1 F9000 X157.355 Y166.689 E2559.10839
G0 F15000 X157.618 Y166.33
G1 F9000 X129.217 Y137.929 E2560.5044
G0 F15000 X129.217 Y137.307
G1 F9000 X157.949 Y166.039 E2561.91668
G0 F15000 X158.312 Y165.779
G1 F9000 X131.092 Y138.559 E2563.25464
G0 F15000 X131.855 Y138.7
G1 F9000 X158.706 Y165.551 E2564.57446
G0 F15000 X159.18 Y165.402
G1 F9000 X132.457 Y138.679 E2565.88799
G0 F15000 X132.959 Y138.559
G1 F9000 X159.702 Y165.302 E2567.20251
G0 F15000 X160.31 Y165.288
G1 F9000 X133.399 Y138.377 E2568.52528
G0 F15000 X133.813 Y138.169
G1 F9000 X161.144 Y165.5 E2569.8687
G1 X161.221 Y165.577
G1 F2400 E2569.3687
G1 F600 Z4.3
G0 F15000 X165.859 Y165.859 Z4.3
G1 F600 Z3.9
G1 F2400 E2569.8687
G1 F9000 X135.184 Y135.184 E2571.37648
G0 F15000 X135.181 Y135.803
G1 F9000 X165.797 Y166.419 E2572.88137
G0 F15000 X165.855 Y167.099
G1 F9000 X135.098 Y136.343 E2574.39316
G1 X135.021 Y136.266
G1 F2400 E2573.89316
G1 F600 Z4.3
G0 F15000 X134.991 Y134.369 Z4.3
G1 F600 Z3.9
G1 F2400 E2574.39316
G1 F9000 X165.981 Y165.358 E2575.91641
G0 F15000 X166.196 Y164.951
G1 F9000 X130.962 Y129.717 E2577.64829
G0 F15000 X130.34 Y129.717
G1 F9000 X133.129 Y132.507 E2577.7854
G0 F15000 X132.304 Y132.304
G1 F9000 X129.717 Y129.717 E2577.91256
G0 F15000 X129.216 Y129.838
G1 F9000 X131.687 Y132.309 E2578.03402
G0 F15000 X131.158 Y132.403
G1 F9000 X129.217 Y130.461 E2578.12945
G0 F15000 X129.217 Y131.083
G1 F9000 X130.707 Y132.574 E2578.20271
G0 F15000 X130.287 Y132.776
G1 F9000 X129.217 Y131.706 E2578.25531
G0 F15000 X129.218 Y132.329
G1 F9000 X129.941 Y133.052 E2578.29085
G0 F15000 X129.622 Y133.355
G1 F9000 X129.219 Y132.952 E2578.31066
G0 F15000 X129.22 Y133.575
G1 F9000 X129.352 Y133.708 E2578.31717
G1 F2400 E2577.81717
G1 F600 Z4.3
G0 F15000 X131.584 Y129.717 Z4.3
G1 F600 Z3.9
G1 F2400 E2578.31717
G1 F9000 X166.434 Y164.567 E2580.03017
G0 F15000 X166.727 Y164.238
G1 F9000 X140.68 Y138.191 E2581.31047
G0 F15000 X141.324 Y138.213
G1 F9000 X167.056 Y163.945 E2582.5753
G0 F15000 X167.429 Y163.695
G1 F9000 X141.946 Y138.213 E2583.82785
G0 F15000 X142.568 Y138.213
G1 F9000 X167.861 Y163.506 E2585.07109
G0 F15000 X168.326 Y163.348
G1 F9000 X143.191 Y138.213 E2586.30657
G0 F15000 X143.813 Y138.213
G1 F9000 X168.892 Y163.291 E2587.53927
G0 F15000 X169.56 Y163.337
G1 F9000 X144.435 Y138.213 E2588.77423
G0 F15000 X145.057 Y138.213
G1 F9000 X170.532 Y163.687 E2590.02639
G1 X170.609 Y163.764
G1 F2400 E2589.52639
G1 F600 Z4.3
G0 F15000 X174.784 Y163.583 Z4.3
G1 F600 Z3.9
G1 F2400 E2590.02639
G1 F9000 X170.414 Y159.214 E2590.24117
G0 F15000 X169.792 Y159.214
G1 F9000 X174.784 Y164.206 E2590.48654
G0 F15000 X174.784 Y164.828
G1 F9000 X169.17 Y159.214 E2590.76249
G0 F15000 X168.547 Y159.214
G1 F9000 X174.784 Y165.45 E2591.06904
G1 X174.861 Y165.527
G1 F2400 E2590.56904
G1 F600 Z4.3
G0 F15000 X174.784 Y162.961 Z4.3
G1 F600 Z3.9
G1 F2400 E2591.06904
G1 F9000 X171.036 Y159.213 E2591.25326
G0 F15000 X171.658 Y159.213
G1 F9000 X174.784 Y162.339 E2591.40692
G0 F15000 X174.784 Y161.717
G1 F9000 X172.28 Y159.213 E2591.53
G0 F15000 X172.902 Y159.213
G1 F9000 X174.784 Y161.094 E2591.62248
G0 F15000 X174.784 Y160.472
G1 F9000 X173.525 Y159.213 E2591.68437
G0 F15000 X174.053 Y159.119
G1 F9000 X174.784 Y159.85 E2591.7203
G0 F15000 X174.784 Y159.228
G1 F9000 X174.465 Y158.909 E2591.73598
G1 F2400 E2591.23598
G1 F600 Z4.3
G0 F15000 X139.325 Y136.836 Z4.3
G1 F600 Z3.9
G1 F2400 E2591.73598
G1 F9000 X132.206 Y129.717 E2592.0859
G0 F15000 X132.829 Y129.717
G1 F9000 X139.289 Y136.178 E2592.40346
G0 F15000 X139.289 Y135.556
G1 F9000 X133.451 Y129.717 E2592.69044
G0 F15000 X134.073 Y129.717
G1 F9000 X139.289 Y134.934 E2592.94685
G0 F15000 X139.289 Y134.311
G1 F9000 X134.695 Y129.717 E2593.17266
G0 F15000 X135.318 Y129.717
G1 F9000 X139.289 Y133.688 E2593.36785
G0 F15000 X139.289 Y133.066
G1 F9000 X135.94 Y129.717 E2593.53247
G0 F15000 X136.562 Y129.717
G1 F9000 X139.289 Y132.444 E2593.66651
G0 F15000 X139.289 Y131.822
G1 F9000 X137.184 Y129.717 E2593.76998
G0 F15000 X137.807 Y129.717
G1 F9000 X139.289 Y131.199 E2593.84282
G0 F15000 X139.346 Y130.634
G1 F9000 X138.429 Y129.717 E2593.8879
G0 F15000 X139.051 Y129.717
G1 F9000 X139.513 Y130.179 E2593.91061
G0 F15000 X139.788 Y129.832
G1 F9000 X139.673 Y129.717 E2593.91626
;TIME_ELAPSED:1124.496876
G1 F2400 E2593.41626
M140 S0
M204 S4000
M107
G91 ;Relative positioning
G1 E-2 F2700 ;Retract a bit
G1 E-2 Z0.2 F2400 ;Retract and raise Z
G1 Z1 ;Raise Z more
G90 ;Absolute positioning

G1 X0 Y200 ;Present print
M106 S0 ;Turn-off fan
M104 S0 ;Turn-off hotend
M140 S0 ;Turn-off bed

M84 X Y E ;Disable all steppers but Z

M82 ;absolute extrusion mode
M104 S0
;End of Gcode
;SETTING_3 {"global_quality": "[general]\\nversion = 4\\nname = Fine #2\\ndefini
;SETTING_3 tion = SV07_Plus\\n\\n[metadata]\\ntype = quality_changes\\nquality_t
;SETTING_3 ype = normal\\nsetting_version = 25\\n\\n[values]\\nsupport_enable = 
;SETTING_3 True\\nsupport_structure = normal\\nsupport_type = buildplate\\n\\n",
;SETTING_3  "extruder_quality": ["[general]\\nversion = 4\\nname = Fine #2\\ndef
;SETTING_3 inition = SV07_Plus\\n\\n[metadata]\\ntype = quality_changes\\nqualit
;SETTING_3 y_type = normal\\nsetting_version = 25\\nposition = 0\\n\\n[values]\\
;SETTING_3 nbrim_line_count = 8\\ninfill_overlap = 25.0\\ninfill_sparse_density 
;SETTING_3 = 30.0\\nmaterial_print_temperature = 195.0\\nsupport_angle = 40.0\\n
;SETTING_3 support_infill_rate = 10.0\\nwall_line_count = 3\\n\\n"]}
