
/home/ilyamus/Документы/Insta3D/app/rp2040_zero_vl53l8cx_3x/build/tof_scan.elf:     file format elf32-littlearm

Sections:
Idx Name          Size      VMA       LMA       File off  Algn
  0 .boot2        00000100  10000000  10000000  00001000  2**0
                  CONTENTS, ALLOC, LOAD, READONLY, CODE
  1 .text         000062f0  10000100  10000100  00001100  2**3
                  CONTENTS, ALLOC, LOAD, READONLY, CODE
  2 .rodata       0000072c  100063f0  100063f0  000073f0  2**3
                  CONTENTS, ALLOC, LOAD, READONLY, DATA
  3 .binary_info  00000020  10006b1c  10006b1c  00007b1c  2**2
                  CONTENTS, ALLOC, LOAD, READONLY, DATA
  4 .xip_ram      00000000  15000000  15000000  00009040  2**0
                  CONTENTS
  5 .ram_vector_table 000000c0  20000000  20000000  0000a000  2**2
                  ALLOC
  6 .uninitialized_data 00000000  200000c0  200000c0  00009040  2**0
                  CONTENTS
  7 .data         00000f80  200000c0  10006b3c  000080c0  2**4
                  CONTENTS, ALLOC, LOAD, READONLY, CODE
  8 .tdata        00000000  20001040  20001040  00009040  2**0
                  CONTENTS, ALLOC, LOAD, DATA, THREAD_LOCAL
  9 .tbss         00000000  20001040  20001040  00000000  2**0
                  ALLOC, THREAD_LOCAL
 10 .tbss_space   00000000  20001040  20001040  00009040  2**0
                  CONTENTS
 11 .bss          00000c18  20001040  10007abc  00009040  2**3
                  ALLOC
 12 .tls0         00000000  20001c58  20001c58  00009040  2**0
                  CONTENTS
 13 .tls1         00000000  20001c58  20001c58  00009040  2**0
                  CONTENTS
 14 .persistent_data 00000000  20001c58  20001c58  00009040  2**0
                  CONTENTS
 15 .dummy_pre_heap 00000000  20001c58  20001c58  00009040  2**0
                  CONTENTS
 16 .heap         00000800  20001c58  20001c58  0000a000  2**2
                  ALLOC, READONLY
 17 .scratch_x    00000000  20040000  20040000  00009040  2**0
                  CONTENTS
 18 .scratch_y    00000000  20041000  20041000  00009040  2**0
                  CONTENTS
 19 .stack_dummy  00000800  20041000  20041000  0000a000  2**5
                  ALLOC, READONLY
 20 .debug_info   00031aff  00000000  00000000  00009040  2**0
                  CONTENTS, READONLY, DEBUGGING, OCTETS
 21 .debug_abbrev 00008e5f  00000000  00000000  0003ab3f  2**0
                  CONTENTS, READONLY, DEBUGGING, OCTETS
 22 .debug_loclists 0001b0cc  00000000  00000000  0004399e  2**0
                  CONTENTS, READONLY, DEBUGGING, OCTETS
 23 .debug_aranges 00001650  00000000  00000000  0005ea70  2**3
                  CONTENTS, READONLY, DEBUGGING, OCTETS
 24 .debug_rnglists 000044f9  00000000  00000000  000600c0  2**0
                  CONTENTS, READONLY, DEBUGGING, OCTETS
 25 .debug_line   00027361  00000000  00000000  000645b9  2**0
                  CONTENTS, READONLY, DEBUGGING, OCTETS
 26 .debug_str    00009daa  00000000  00000000  0008b91a  2**0
                  CONTENTS, READONLY, DEBUGGING, OCTETS
 27 .comment      00000046  00000000  00000000  000956c4  2**0
                  CONTENTS, READONLY
 28 .ARM.attributes 0000002a  00000000  00000000  0009570a  2**0
                  CONTENTS, READONLY
 29 .debug_frame  00002fb4  00000000  00000000  00095734  2**2
                  CONTENTS, READONLY, DEBUGGING, OCTETS
 30 .debug_line_str 000004df  00000000  00000000  000986e8  2**0
                  CONTENTS, READONLY, DEBUGGING, OCTETS

/home/ilyamus/Документы/Insta3D/app/rp2040_zero_vl53l8cx_3x/build/tof_scan.elf:     file format elf32-littlearm


Disassembly of section .boot2:

10000000 <__boot2_start__>:
10000000:	4b32b500 	.word	0x4b32b500
10000004:	60582021 	.word	0x60582021
10000008:	21026898 	.word	0x21026898
1000000c:	60984388 	.word	0x60984388
10000010:	611860d8 	.word	0x611860d8
10000014:	4b2e6158 	.word	0x4b2e6158
10000018:	60992100 	.word	0x60992100
1000001c:	61592104 	.word	0x61592104
10000020:	22f02101 	.word	0x22f02101
10000024:	492b5099 	.word	0x492b5099
10000028:	21016019 	.word	0x21016019
1000002c:	20356099 	.word	0x20356099
10000030:	f844f000 	.word	0xf844f000
10000034:	42902202 	.word	0x42902202
10000038:	2106d014 	.word	0x2106d014
1000003c:	f0006619 	.word	0xf0006619
10000040:	6e19f834 	.word	0x6e19f834
10000044:	66192101 	.word	0x66192101
10000048:	66182000 	.word	0x66182000
1000004c:	f000661a 	.word	0xf000661a
10000050:	6e19f82c 	.word	0x6e19f82c
10000054:	6e196e19 	.word	0x6e196e19
10000058:	f0002005 	.word	0xf0002005
1000005c:	2101f82f 	.word	0x2101f82f
10000060:	d1f94208 	.word	0xd1f94208
10000064:	60992100 	.word	0x60992100
10000068:	6019491b 	.word	0x6019491b
1000006c:	60592100 	.word	0x60592100
10000070:	481b491a 	.word	0x481b491a
10000074:	21016001 	.word	0x21016001
10000078:	21eb6099 	.word	0x21eb6099
1000007c:	21a06619 	.word	0x21a06619
10000080:	f0006619 	.word	0xf0006619
10000084:	2100f812 	.word	0x2100f812
10000088:	49166099 	.word	0x49166099
1000008c:	60014814 	.word	0x60014814
10000090:	60992101 	.word	0x60992101
10000094:	2800bc01 	.word	0x2800bc01
10000098:	4700d000 	.word	0x4700d000
1000009c:	49134812 	.word	0x49134812
100000a0:	c8036008 	.word	0xc8036008
100000a4:	8808f380 	.word	0x8808f380
100000a8:	b5034708 	.word	0xb5034708
100000ac:	20046a99 	.word	0x20046a99
100000b0:	d0fb4201 	.word	0xd0fb4201
100000b4:	42012001 	.word	0x42012001
100000b8:	bd03d1f8 	.word	0xbd03d1f8
100000bc:	6618b502 	.word	0x6618b502
100000c0:	f7ff6618 	.word	0xf7ff6618
100000c4:	6e18fff2 	.word	0x6e18fff2
100000c8:	bd026e18 	.word	0xbd026e18
100000cc:	40020000 	.word	0x40020000
100000d0:	18000000 	.word	0x18000000
100000d4:	00070000 	.word	0x00070000
100000d8:	005f0300 	.word	0x005f0300
100000dc:	00002221 	.word	0x00002221
100000e0:	180000f4 	.word	0x180000f4
100000e4:	a0002022 	.word	0xa0002022
100000e8:	10000100 	.word	0x10000100
100000ec:	e000ed08 	.word	0xe000ed08
	...
100000fc:	d58f0b07 	.word	0xd58f0b07

Disassembly of section .text:

10000100 <__VECTOR_TABLE>:
10000100:	20042000 	.word	0x20042000
10000104:	100001f7 	.word	0x100001f7
10000108:	100001cb 	.word	0x100001cb
1000010c:	100001cd 	.word	0x100001cd
10000110:	100001c9 	.word	0x100001c9
10000114:	100001c9 	.word	0x100001c9
10000118:	100001c9 	.word	0x100001c9
1000011c:	100001c9 	.word	0x100001c9
10000120:	100001c9 	.word	0x100001c9
10000124:	100001c9 	.word	0x100001c9
10000128:	100001c9 	.word	0x100001c9
1000012c:	100001cf 	.word	0x100001cf
10000130:	100001c9 	.word	0x100001c9
10000134:	100001c9 	.word	0x100001c9
10000138:	100001d1 	.word	0x100001d1
1000013c:	100001d3 	.word	0x100001d3
10000140:	100001c1 	.word	0x100001c1
10000144:	100001c1 	.word	0x100001c1
10000148:	100001c1 	.word	0x100001c1
1000014c:	100001c1 	.word	0x100001c1
10000150:	100001c1 	.word	0x100001c1
10000154:	100001c1 	.word	0x100001c1
10000158:	100001c1 	.word	0x100001c1
1000015c:	100001c1 	.word	0x100001c1
10000160:	100001c1 	.word	0x100001c1
10000164:	100001c1 	.word	0x100001c1
10000168:	100001c1 	.word	0x100001c1
1000016c:	100001c1 	.word	0x100001c1
10000170:	100001c1 	.word	0x100001c1
10000174:	100001c1 	.word	0x100001c1
10000178:	100001c1 	.word	0x100001c1
1000017c:	100001c1 	.word	0x100001c1
10000180:	100001c1 	.word	0x100001c1
10000184:	100001c1 	.word	0x100001c1
10000188:	100001c1 	.word	0x100001c1
1000018c:	100001c1 	.word	0x100001c1
10000190:	100001c1 	.word	0x100001c1
10000194:	100001c1 	.word	0x100001c1
10000198:	100001c1 	.word	0x100001c1
1000019c:	100001c1 	.word	0x100001c1
100001a0:	100001c1 	.word	0x100001c1
100001a4:	100001c1 	.word	0x100001c1
100001a8:	100001c1 	.word	0x100001c1
100001ac:	100001c1 	.word	0x100001c1
100001b0:	100001c1 	.word	0x100001c1
100001b4:	100001c1 	.word	0x100001c1
100001b8:	100001c1 	.word	0x100001c1
100001bc:	100001c1 	.word	0x100001c1

100001c0 <__unhandled_user_irq>:
100001c0:	f3ef 8005 	mrs	r0, IPSR
100001c4:	3810      	subs	r0, #16

100001c6 <unhandled_user_irq_num_in_r0>:
100001c6:	be00      	bkpt	0x0000

100001c8 <isr_invalid>:
100001c8:	be00      	bkpt	0x0000

100001ca <isr_nmi>:
100001ca:	be00      	bkpt	0x0000

100001cc <isr_hardfault>:
100001cc:	be00      	bkpt	0x0000

100001ce <isr_svcall>:
100001ce:	be00      	bkpt	0x0000

100001d0 <isr_pendsv>:
100001d0:	be00      	bkpt	0x0000

100001d2 <isr_systick>:
100001d2:	be00      	bkpt	0x0000

100001d4 <__default_isrs_end>:
100001d4:	7188ebf2 	.word	0x7188ebf2
100001d8:	10006b1c 	.word	0x10006b1c
100001dc:	10006b3c 	.word	0x10006b3c
100001e0:	10000238 	.word	0x10000238
100001e4:	e71aa390 	.word	0xe71aa390

100001e8 <_entry_point>:
100001e8:	2000      	movs	r0, #0

100001ea <_enter_vtable_in_r0>:
100001ea:	491e      	ldr	r1, [pc, #120]	@ (10000264 <data_cpy_table+0x2c>)
100001ec:	6008      	str	r0, [r1, #0]
100001ee:	c806      	ldmia	r0!, {r1, r2}
100001f0:	f381 8808 	msr	MSP, r1
100001f4:	4710      	bx	r2

100001f6 <_reset_handler>:
100001f6:	481c      	ldr	r0, [pc, #112]	@ (10000268 <data_cpy_table+0x30>)
100001f8:	6800      	ldr	r0, [r0, #0]
100001fa:	2800      	cmp	r0, #0
100001fc:	d001      	beq.n	10000202 <hold_non_core0_in_bootrom+0x4>

100001fe <hold_non_core0_in_bootrom>:
100001fe:	2000      	movs	r0, #0
10000200:	e7f3      	b.n	100001ea <_enter_vtable_in_r0>
10000202:	a40d      	add	r4, pc, #52	@ (adr r4, 10000238 <data_cpy_table>)
10000204:	cc0e      	ldmia	r4!, {r1, r2, r3}
10000206:	2900      	cmp	r1, #0
10000208:	d002      	beq.n	10000210 <hold_non_core0_in_bootrom+0x12>
1000020a:	f000 f812 	bl	10000232 <data_cpy>
1000020e:	e7f9      	b.n	10000204 <hold_non_core0_in_bootrom+0x6>
10000210:	4916      	ldr	r1, [pc, #88]	@ (1000026c <data_cpy_table+0x34>)
10000212:	4a17      	ldr	r2, [pc, #92]	@ (10000270 <data_cpy_table+0x38>)
10000214:	2000      	movs	r0, #0
10000216:	e000      	b.n	1000021a <bss_fill_test>

10000218 <bss_fill_loop>:
10000218:	c101      	stmia	r1!, {r0}

1000021a <bss_fill_test>:
1000021a:	4291      	cmp	r1, r2
1000021c:	d1fc      	bne.n	10000218 <bss_fill_loop>

1000021e <platform_entry>:
1000021e:	4915      	ldr	r1, [pc, #84]	@ (10000274 <data_cpy_table+0x3c>)
10000220:	4788      	blx	r1
10000222:	4915      	ldr	r1, [pc, #84]	@ (10000278 <data_cpy_table+0x40>)
10000224:	4788      	blx	r1
10000226:	4915      	ldr	r1, [pc, #84]	@ (1000027c <data_cpy_table+0x44>)
10000228:	4788      	blx	r1
1000022a:	be00      	bkpt	0x0000
1000022c:	e7fd      	b.n	1000022a <platform_entry+0xc>

1000022e <data_cpy_loop>:
1000022e:	c901      	ldmia	r1!, {r0}
10000230:	c201      	stmia	r2!, {r0}

10000232 <data_cpy>:
10000232:	429a      	cmp	r2, r3
10000234:	d3fb      	bcc.n	1000022e <data_cpy_loop>

10000236 <data_cpy_done>:
10000236:	4770      	bx	lr

10000238 <data_cpy_table>:
10000238:	10006b3c 	.word	0x10006b3c
1000023c:	200000c0 	.word	0x200000c0
10000240:	20001040 	.word	0x20001040
10000244:	10007abc 	.word	0x10007abc
10000248:	20040000 	.word	0x20040000
1000024c:	20040000 	.word	0x20040000
10000250:	10007abc 	.word	0x10007abc
10000254:	20041000 	.word	0x20041000
10000258:	20041000 	.word	0x20041000
1000025c:	00000000 	.word	0x00000000
10000260:	4770      	bx	lr
10000262:	0000      	.short	0x0000
10000264:	e000ed08 	.word	0xe000ed08
10000268:	d0000000 	.word	0xd0000000
1000026c:	20001040 	.word	0x20001040
10000270:	20001c58 	.word	0x20001c58
10000274:	1000394d 	.word	0x1000394d
10000278:	10000281 	.word	0x10000281
1000027c:	10003945 	.word	0x10003945

10000280 <main>:
10000280:	b5f0      	push	{r4, r5, r6, r7, lr}
10000282:	46de      	mov	lr, fp
10000284:	4657      	mov	r7, sl
10000286:	464e      	mov	r6, r9
10000288:	4645      	mov	r5, r8
1000028a:	b5e0      	push	{r5, r6, r7, lr}
1000028c:	b08f      	sub	sp, #60	@ 0x3c
1000028e:	f003 fc81 	bl	10003b94 <stdio_init_all>
10000292:	20e1      	movs	r0, #225	@ 0xe1
10000294:	00c0      	lsls	r0, r0, #3
10000296:	f000 ff13 	bl	100010c0 <sleep_ms>
1000029a:	4864      	ldr	r0, [pc, #400]	@ (1000042c <main+0x1ac>)
1000029c:	f003 fcc8 	bl	10003c30 <__wrap_puts>
100002a0:	4863      	ldr	r0, [pc, #396]	@ (10000430 <main+0x1b0>)
100002a2:	f003 fcc5 	bl	10003c30 <__wrap_puts>
100002a6:	24d0      	movs	r4, #208	@ 0xd0
100002a8:	2002      	movs	r0, #2
100002aa:	f000 f905 	bl	100004b8 <gpio_init>
100002ae:	2304      	movs	r3, #4
100002b0:	0624      	lsls	r4, r4, #24
100002b2:	6263      	str	r3, [r4, #36]	@ 0x24
100002b4:	2006      	movs	r0, #6
100002b6:	6163      	str	r3, [r4, #20]
100002b8:	f000 f8fe 	bl	100004b8 <gpio_init>
100002bc:	2340      	movs	r3, #64	@ 0x40
100002be:	2008      	movs	r0, #8
100002c0:	6263      	str	r3, [r4, #36]	@ 0x24
100002c2:	61a3      	str	r3, [r4, #24]
100002c4:	f000 f8f8 	bl	100004b8 <gpio_init>
100002c8:	2380      	movs	r3, #128	@ 0x80
100002ca:	005b      	lsls	r3, r3, #1
100002cc:	6263      	str	r3, [r4, #36]	@ 0x24
100002ce:	2003      	movs	r0, #3
100002d0:	61a3      	str	r3, [r4, #24]
100002d2:	f000 f8f1 	bl	100004b8 <gpio_init>
100002d6:	2308      	movs	r3, #8
100002d8:	2717      	movs	r7, #23
100002da:	62a3      	str	r3, [r4, #40]	@ 0x28
100002dc:	4b55      	ldr	r3, [pc, #340]	@ (10000434 <main+0x1b4>)
100002de:	4956      	ldr	r1, [pc, #344]	@ (10000438 <main+0x1b8>)
100002e0:	0018      	movs	r0, r3
100002e2:	469b      	mov	fp, r3
100002e4:	f005 ff8a 	bl	100061fc <i2c_init>
100002e8:	2103      	movs	r1, #3
100002ea:	2004      	movs	r0, #4
100002ec:	f000 f8ba 	bl	10000464 <gpio_set_function>
100002f0:	2103      	movs	r1, #3
100002f2:	2005      	movs	r0, #5
100002f4:	f000 f8b6 	bl	10000464 <gpio_set_function>
100002f8:	2200      	movs	r2, #0
100002fa:	2101      	movs	r1, #1
100002fc:	2004      	movs	r0, #4
100002fe:	f000 f8c9 	bl	10000494 <gpio_set_pulls>
10000302:	2200      	movs	r2, #0
10000304:	2101      	movs	r1, #1
10000306:	2005      	movs	r0, #5
10000308:	f000 f8c4 	bl	10000494 <gpio_set_pulls>
1000030c:	2064      	movs	r0, #100	@ 0x64
1000030e:	f000 fed7 	bl	100010c0 <sleep_ms>
10000312:	4b4a      	ldr	r3, [pc, #296]	@ (1000043c <main+0x1bc>)
10000314:	9308      	str	r3, [sp, #32]
10000316:	4b4a      	ldr	r3, [pc, #296]	@ (10000440 <main+0x1c0>)
10000318:	9309      	str	r3, [sp, #36]	@ 0x24
1000031a:	4b4a      	ldr	r3, [pc, #296]	@ (10000444 <main+0x1c4>)
1000031c:	469a      	mov	sl, r3
1000031e:	ab08      	add	r3, sp, #32
10000320:	18ff      	adds	r7, r7, r3
10000322:	4b49      	ldr	r3, [pc, #292]	@ (10000448 <main+0x1c8>)
10000324:	4699      	mov	r9, r3
10000326:	4b49      	ldr	r3, [pc, #292]	@ (1000044c <main+0x1cc>)
10000328:	9306      	str	r3, [sp, #24]
1000032a:	4b49      	ldr	r3, [pc, #292]	@ (10000450 <main+0x1d0>)
1000032c:	9307      	str	r3, [sp, #28]
1000032e:	4b49      	ldr	r3, [pc, #292]	@ (10000454 <main+0x1d4>)
10000330:	930b      	str	r3, [sp, #44]	@ 0x2c
10000332:	4b49      	ldr	r3, [pc, #292]	@ (10000458 <main+0x1d8>)
10000334:	930a      	str	r3, [sp, #40]	@ 0x28
10000336:	20d0      	movs	r0, #208	@ 0xd0
10000338:	0600      	lsls	r0, r0, #24
1000033a:	6841      	ldr	r1, [r0, #4]
1000033c:	6842      	ldr	r2, [r0, #4]
1000033e:	6843      	ldr	r3, [r0, #4]
10000340:	6840      	ldr	r0, [r0, #4]
10000342:	075b      	lsls	r3, r3, #29
10000344:	0700      	lsls	r0, r0, #28
10000346:	0fc0      	lsrs	r0, r0, #31
10000348:	0692      	lsls	r2, r2, #26
1000034a:	06c9      	lsls	r1, r1, #27
1000034c:	0fdb      	lsrs	r3, r3, #31
1000034e:	0fd2      	lsrs	r2, r2, #31
10000350:	0fc9      	lsrs	r1, r1, #31
10000352:	9000      	str	r0, [sp, #0]
10000354:	9808      	ldr	r0, [sp, #32]
10000356:	f003 fced 	bl	10003d34 <__wrap_printf>
1000035a:	9809      	ldr	r0, [sp, #36]	@ 0x24
1000035c:	f003 fc68 	bl	10003c30 <__wrap_puts>
10000360:	2100      	movs	r1, #0
10000362:	4650      	mov	r0, sl
10000364:	f003 fce6 	bl	10003d34 <__wrap_printf>
10000368:	2300      	movs	r3, #0
1000036a:	4648      	mov	r0, r9
1000036c:	703b      	strb	r3, [r7, #0]
1000036e:	f003 fce1 	bl	10003d34 <__wrap_printf>
10000372:	2300      	movs	r3, #0
10000374:	2401      	movs	r4, #1
10000376:	2501      	movs	r5, #1
10000378:	2601      	movs	r6, #1
1000037a:	4698      	mov	r8, r3
1000037c:	9305      	str	r3, [sp, #20]
1000037e:	4643      	mov	r3, r8
10000380:	703b      	strb	r3, [r7, #0]
10000382:	2378      	movs	r3, #120	@ 0x78
10000384:	001a      	movs	r2, r3
10000386:	402a      	ands	r2, r5
10000388:	422b      	tst	r3, r5
1000038a:	d018      	beq.n	100003be <main+0x13e>
1000038c:	2a78      	cmp	r2, #120	@ 0x78
1000038e:	d016      	beq.n	100003be <main+0x13e>
10000390:	f000 ffd6 	bl	10001340 <time_us_64>
10000394:	2300      	movs	r3, #0
10000396:	4a31      	ldr	r2, [pc, #196]	@ (1000045c <main+0x1dc>)
10000398:	1880      	adds	r0, r0, r2
1000039a:	4159      	adcs	r1, r3
1000039c:	2900      	cmp	r1, #0
1000039e:	da02      	bge.n	100003a6 <main+0x126>
100003a0:	2001      	movs	r0, #1
100003a2:	492f      	ldr	r1, [pc, #188]	@ (10000460 <main+0x1e0>)
100003a4:	4240      	negs	r0, r0
100003a6:	4643      	mov	r3, r8
100003a8:	9002      	str	r0, [sp, #8]
100003aa:	9103      	str	r1, [sp, #12]
100003ac:	9300      	str	r3, [sp, #0]
100003ae:	003a      	movs	r2, r7
100003b0:	2301      	movs	r3, #1
100003b2:	0029      	movs	r1, r5
100003b4:	4658      	mov	r0, fp
100003b6:	f005 ff4b 	bl	10006250 <i2c_read_blocking_until>
100003ba:	2800      	cmp	r0, #0
100003bc:	da24      	bge.n	10000408 <main+0x188>
100003be:	4648      	mov	r0, r9
100003c0:	f003 fcb8 	bl	10003d34 <__wrap_printf>
100003c4:	2e0f      	cmp	r6, #15
100003c6:	d00e      	beq.n	100003e6 <main+0x166>
100003c8:	3401      	adds	r4, #1
100003ca:	2c80      	cmp	r4, #128	@ 0x80
100003cc:	d011      	beq.n	100003f2 <main+0x172>
100003ce:	230f      	movs	r3, #15
100003d0:	001e      	movs	r6, r3
100003d2:	b2e5      	uxtb	r5, r4
100003d4:	4026      	ands	r6, r4
100003d6:	4223      	tst	r3, r4
100003d8:	d1d1      	bne.n	1000037e <main+0xfe>
100003da:	0021      	movs	r1, r4
100003dc:	4650      	mov	r0, sl
100003de:	f003 fca9 	bl	10003d34 <__wrap_printf>
100003e2:	703e      	strb	r6, [r7, #0]
100003e4:	e7d4      	b.n	10000390 <main+0x110>
100003e6:	200a      	movs	r0, #10
100003e8:	3401      	adds	r4, #1
100003ea:	f003 fbd7 	bl	10003b9c <__wrap_putchar>
100003ee:	2c80      	cmp	r4, #128	@ 0x80
100003f0:	d1ed      	bne.n	100003ce <main+0x14e>
100003f2:	9b05      	ldr	r3, [sp, #20]
100003f4:	2b00      	cmp	r3, #0
100003f6:	d113      	bne.n	10000420 <main+0x1a0>
100003f8:	980b      	ldr	r0, [sp, #44]	@ 0x2c
100003fa:	f003 fc19 	bl	10003c30 <__wrap_puts>
100003fe:	20fa      	movs	r0, #250	@ 0xfa
10000400:	00c0      	lsls	r0, r0, #3
10000402:	f000 fe5d 	bl	100010c0 <sleep_ms>
10000406:	e796      	b.n	10000336 <main+0xb6>
10000408:	9806      	ldr	r0, [sp, #24]
1000040a:	f003 fc93 	bl	10003d34 <__wrap_printf>
1000040e:	0022      	movs	r2, r4
10000410:	0021      	movs	r1, r4
10000412:	9807      	ldr	r0, [sp, #28]
10000414:	f003 fc8e 	bl	10003d34 <__wrap_printf>
10000418:	9b05      	ldr	r3, [sp, #20]
1000041a:	3301      	adds	r3, #1
1000041c:	9305      	str	r3, [sp, #20]
1000041e:	e7d1      	b.n	100003c4 <main+0x144>
10000420:	0019      	movs	r1, r3
10000422:	980a      	ldr	r0, [sp, #40]	@ 0x28
10000424:	f003 fc86 	bl	10003d34 <__wrap_printf>
10000428:	e7e9      	b.n	100003fe <main+0x17e>
1000042a:	46c0      	nop			@ (mov r8, r8)
1000042c:	100063f0 	.word	0x100063f0
10000430:	10006418 	.word	0x10006418
10000434:	20001030 	.word	0x20001030
10000438:	000186a0 	.word	0x000186a0
1000043c:	10006438 	.word	0x10006438
10000440:	10006464 	.word	0x10006464
10000444:	10006498 	.word	0x10006498
10000448:	100064a0 	.word	0x100064a0
1000044c:	100064a4 	.word	0x100064a4
10000450:	100064a8 	.word	0x100064a8
10000454:	100064c4 	.word	0x100064c4
10000458:	100064e4 	.word	0x100064e4
1000045c:	00000bb8 	.word	0x00000bb8
10000460:	7fffffff 	.word	0x7fffffff

10000464 <gpio_set_function>:
10000464:	b510      	push	{r4, lr}
10000466:	2440      	movs	r4, #64	@ 0x40
10000468:	4a07      	ldr	r2, [pc, #28]	@ (10000488 <gpio_set_function+0x24>)
1000046a:	0083      	lsls	r3, r0, #2
1000046c:	189a      	adds	r2, r3, r2
1000046e:	6812      	ldr	r2, [r2, #0]
10000470:	00c0      	lsls	r0, r0, #3
10000472:	4054      	eors	r4, r2
10000474:	22c0      	movs	r2, #192	@ 0xc0
10000476:	4022      	ands	r2, r4
10000478:	4c04      	ldr	r4, [pc, #16]	@ (1000048c <gpio_set_function+0x28>)
1000047a:	191b      	adds	r3, r3, r4
1000047c:	601a      	str	r2, [r3, #0]
1000047e:	4b04      	ldr	r3, [pc, #16]	@ (10000490 <gpio_set_function+0x2c>)
10000480:	18c0      	adds	r0, r0, r3
10000482:	6041      	str	r1, [r0, #4]
10000484:	bd10      	pop	{r4, pc}
10000486:	46c0      	nop			@ (mov r8, r8)
10000488:	4001c004 	.word	0x4001c004
1000048c:	4001d004 	.word	0x4001d004
10000490:	40014000 	.word	0x40014000

10000494 <gpio_set_pulls>:
10000494:	4b06      	ldr	r3, [pc, #24]	@ (100004b0 <gpio_set_pulls+0x1c>)
10000496:	0080      	lsls	r0, r0, #2
10000498:	18c3      	adds	r3, r0, r3
1000049a:	681b      	ldr	r3, [r3, #0]
1000049c:	00c9      	lsls	r1, r1, #3
1000049e:	0092      	lsls	r2, r2, #2
100004a0:	430a      	orrs	r2, r1
100004a2:	405a      	eors	r2, r3
100004a4:	230c      	movs	r3, #12
100004a6:	4013      	ands	r3, r2
100004a8:	4a02      	ldr	r2, [pc, #8]	@ (100004b4 <gpio_set_pulls+0x20>)
100004aa:	1880      	adds	r0, r0, r2
100004ac:	6003      	str	r3, [r0, #0]
100004ae:	4770      	bx	lr
100004b0:	4001c004 	.word	0x4001c004
100004b4:	4001d004 	.word	0x4001d004

100004b8 <gpio_init>:
100004b8:	2301      	movs	r3, #1
100004ba:	22d0      	movs	r2, #208	@ 0xd0
100004bc:	4083      	lsls	r3, r0
100004be:	0612      	lsls	r2, r2, #24
100004c0:	6293      	str	r3, [r2, #40]	@ 0x28
100004c2:	6193      	str	r3, [r2, #24]
100004c4:	4a08      	ldr	r2, [pc, #32]	@ (100004e8 <gpio_init+0x30>)
100004c6:	0083      	lsls	r3, r0, #2
100004c8:	189a      	adds	r2, r3, r2
100004ca:	6811      	ldr	r1, [r2, #0]
100004cc:	2240      	movs	r2, #64	@ 0x40
100004ce:	4051      	eors	r1, r2
100004d0:	3280      	adds	r2, #128	@ 0x80
100004d2:	400a      	ands	r2, r1
100004d4:	4905      	ldr	r1, [pc, #20]	@ (100004ec <gpio_init+0x34>)
100004d6:	00c0      	lsls	r0, r0, #3
100004d8:	185b      	adds	r3, r3, r1
100004da:	601a      	str	r2, [r3, #0]
100004dc:	4b04      	ldr	r3, [pc, #16]	@ (100004f0 <gpio_init+0x38>)
100004de:	18c0      	adds	r0, r0, r3
100004e0:	2305      	movs	r3, #5
100004e2:	6043      	str	r3, [r0, #4]
100004e4:	4770      	bx	lr
100004e6:	46c0      	nop			@ (mov r8, r8)
100004e8:	4001c004 	.word	0x4001c004
100004ec:	4001d004 	.word	0x4001d004
100004f0:	40014000 	.word	0x40014000

100004f4 <rp2040_chip_version>:
100004f4:	2380      	movs	r3, #128	@ 0x80
100004f6:	05db      	lsls	r3, r3, #23
100004f8:	6818      	ldr	r0, [r3, #0]
100004fa:	0f00      	lsrs	r0, r0, #28
100004fc:	4770      	bx	lr
100004fe:	46c0      	nop			@ (mov r8, r8)

10000500 <panic>:
10000500:	b40f      	push	{r0, r1, r2, r3}
10000502:	b500      	push	{lr}
10000504:	4808      	ldr	r0, [pc, #32]	@ (10000528 <panic+0x28>)
10000506:	b083      	sub	sp, #12
10000508:	f003 fb92 	bl	10003c30 <__wrap_puts>
1000050c:	9b04      	ldr	r3, [sp, #16]
1000050e:	2b00      	cmp	r3, #0
10000510:	d007      	beq.n	10000522 <panic+0x22>
10000512:	a905      	add	r1, sp, #20
10000514:	0018      	movs	r0, r3
10000516:	9101      	str	r1, [sp, #4]
10000518:	f003 f9f8 	bl	1000390c <weak_raw_vprintf>
1000051c:	4803      	ldr	r0, [pc, #12]	@ (1000052c <panic+0x2c>)
1000051e:	f003 fb87 	bl	10003c30 <__wrap_puts>
10000522:	2001      	movs	r0, #1
10000524:	f003 fa0a 	bl	1000393c <_exit>
10000528:	10006504 	.word	0x10006504
1000052c:	10006460 	.word	0x10006460

10000530 <hw_claim_or_assert>:
10000530:	b570      	push	{r4, r5, r6, lr}
10000532:	468c      	mov	ip, r1
10000534:	0016      	movs	r6, r2
10000536:	f3ef 8410 	mrs	r4, PRIMASK
1000053a:	b672      	cpsid	i
1000053c:	490f      	ldr	r1, [pc, #60]	@ (1000057c <hw_claim_or_assert+0x4c>)
1000053e:	680b      	ldr	r3, [r1, #0]
10000540:	2b00      	cmp	r3, #0
10000542:	d0fc      	beq.n	1000053e <hw_claim_or_assert+0xe>
10000544:	f3bf 8f5f 	dmb	sy
10000548:	4663      	mov	r3, ip
1000054a:	08db      	lsrs	r3, r3, #3
1000054c:	18c5      	adds	r5, r0, r3
1000054e:	2207      	movs	r2, #7
10000550:	5cc0      	ldrb	r0, [r0, r3]
10000552:	4663      	mov	r3, ip
10000554:	401a      	ands	r2, r3
10000556:	2301      	movs	r3, #1
10000558:	4093      	lsls	r3, r2
1000055a:	001a      	movs	r2, r3
1000055c:	4002      	ands	r2, r0
1000055e:	4203      	tst	r3, r0
10000560:	d107      	bne.n	10000572 <hw_claim_or_assert+0x42>
10000562:	4318      	orrs	r0, r3
10000564:	7028      	strb	r0, [r5, #0]
10000566:	f3bf 8f5f 	dmb	sy
1000056a:	600a      	str	r2, [r1, #0]
1000056c:	f384 8810 	msr	PRIMASK, r4
10000570:	bd70      	pop	{r4, r5, r6, pc}
10000572:	4661      	mov	r1, ip
10000574:	0030      	movs	r0, r6
10000576:	f7ff ffc3 	bl	10000500 <panic>
1000057a:	46c0      	nop			@ (mov r8, r8)
1000057c:	d000012c 	.word	0xd000012c

10000580 <hw_claim_unused_from_range>:
10000580:	b5f8      	push	{r3, r4, r5, r6, r7, lr}
10000582:	46ce      	mov	lr, r9
10000584:	4647      	mov	r7, r8
10000586:	468c      	mov	ip, r1
10000588:	b580      	push	{r7, lr}
1000058a:	001c      	movs	r4, r3
1000058c:	f3ef 8810 	mrs	r8, PRIMASK
10000590:	b672      	cpsid	i
10000592:	491c      	ldr	r1, [pc, #112]	@ (10000604 <hw_claim_unused_from_range+0x84>)
10000594:	680b      	ldr	r3, [r1, #0]
10000596:	2b00      	cmp	r3, #0
10000598:	d0fc      	beq.n	10000594 <hw_claim_unused_from_range+0x14>
1000059a:	f3bf 8f5f 	dmb	sy
1000059e:	42a2      	cmp	r2, r4
100005a0:	d821      	bhi.n	100005e6 <hw_claim_unused_from_range+0x66>
100005a2:	2307      	movs	r3, #7
100005a4:	4699      	mov	r9, r3
100005a6:	e002      	b.n	100005ae <hw_claim_unused_from_range+0x2e>
100005a8:	3201      	adds	r2, #1
100005aa:	4294      	cmp	r4, r2
100005ac:	d318      	bcc.n	100005e0 <hw_claim_unused_from_range+0x60>
100005ae:	4649      	mov	r1, r9
100005b0:	2601      	movs	r6, #1
100005b2:	4011      	ands	r1, r2
100005b4:	408e      	lsls	r6, r1
100005b6:	08d3      	lsrs	r3, r2, #3
100005b8:	18c7      	adds	r7, r0, r3
100005ba:	5cc3      	ldrb	r3, [r0, r3]
100005bc:	421e      	tst	r6, r3
100005be:	d1f3      	bne.n	100005a8 <hw_claim_unused_from_range+0x28>
100005c0:	0010      	movs	r0, r2
100005c2:	4333      	orrs	r3, r6
100005c4:	703b      	strb	r3, [r7, #0]
100005c6:	f3bf 8f5f 	dmb	sy
100005ca:	2200      	movs	r2, #0
100005cc:	4b0d      	ldr	r3, [pc, #52]	@ (10000604 <hw_claim_unused_from_range+0x84>)
100005ce:	601a      	str	r2, [r3, #0]
100005d0:	f388 8810 	msr	PRIMASK, r8
100005d4:	2800      	cmp	r0, #0
100005d6:	db0e      	blt.n	100005f6 <hw_claim_unused_from_range+0x76>
100005d8:	bcc0      	pop	{r6, r7}
100005da:	46b9      	mov	r9, r7
100005dc:	46b0      	mov	r8, r6
100005de:	bdf8      	pop	{r3, r4, r5, r6, r7, pc}
100005e0:	2001      	movs	r0, #1
100005e2:	4240      	negs	r0, r0
100005e4:	e7ef      	b.n	100005c6 <hw_claim_unused_from_range+0x46>
100005e6:	f3bf 8f5f 	dmb	sy
100005ea:	2300      	movs	r3, #0
100005ec:	600b      	str	r3, [r1, #0]
100005ee:	f388 8810 	msr	PRIMASK, r8
100005f2:	2001      	movs	r0, #1
100005f4:	4240      	negs	r0, r0
100005f6:	4663      	mov	r3, ip
100005f8:	2b00      	cmp	r3, #0
100005fa:	d0ed      	beq.n	100005d8 <hw_claim_unused_from_range+0x58>
100005fc:	9808      	ldr	r0, [sp, #32]
100005fe:	f7ff ff7f 	bl	10000500 <panic>
10000602:	46c0      	nop			@ (mov r8, r8)
10000604:	d000012c 	.word	0xd000012c

10000608 <next_striped_spin_lock_num>:
10000608:	4a04      	ldr	r2, [pc, #16]	@ (1000061c <next_striped_spin_lock_num+0x14>)
1000060a:	7810      	ldrb	r0, [r2, #0]
1000060c:	1c43      	adds	r3, r0, #1
1000060e:	b2db      	uxtb	r3, r3
10000610:	2b17      	cmp	r3, #23
10000612:	d900      	bls.n	10000616 <next_striped_spin_lock_num+0xe>
10000614:	2310      	movs	r3, #16
10000616:	7013      	strb	r3, [r2, #0]
10000618:	4770      	bx	lr
1000061a:	46c0      	nop			@ (mov r8, r8)
1000061c:	20000f40 	.word	0x20000f40

10000620 <spin_lock_claim_unused>:
10000620:	b500      	push	{lr}
10000622:	4b05      	ldr	r3, [pc, #20]	@ (10000638 <spin_lock_claim_unused+0x18>)
10000624:	b083      	sub	sp, #12
10000626:	0001      	movs	r1, r0
10000628:	9300      	str	r3, [sp, #0]
1000062a:	2218      	movs	r2, #24
1000062c:	231f      	movs	r3, #31
1000062e:	4803      	ldr	r0, [pc, #12]	@ (1000063c <spin_lock_claim_unused+0x1c>)
10000630:	f7ff ffa6 	bl	10000580 <hw_claim_unused_from_range>
10000634:	b003      	add	sp, #12
10000636:	bd00      	pop	{pc}
10000638:	10006514 	.word	0x10006514
1000063c:	2000169c 	.word	0x2000169c

10000640 <spin_locks_reset>:
10000640:	2100      	movs	r1, #0
10000642:	4b04      	ldr	r3, [pc, #16]	@ (10000654 <spin_locks_reset+0x14>)
10000644:	4a04      	ldr	r2, [pc, #16]	@ (10000658 <spin_locks_reset+0x18>)
10000646:	f3bf 8f5f 	dmb	sy
1000064a:	c302      	stmia	r3!, {r1}
1000064c:	4293      	cmp	r3, r2
1000064e:	d1fa      	bne.n	10000646 <spin_locks_reset+0x6>
10000650:	4770      	bx	lr
10000652:	46c0      	nop			@ (mov r8, r8)
10000654:	d0000100 	.word	0xd0000100
10000658:	d0000180 	.word	0xd0000180

1000065c <runtime_init_per_core_irq_priorities>:
1000065c:	4b08      	ldr	r3, [pc, #32]	@ (10000680 <runtime_init_per_core_irq_priorities+0x24>)
1000065e:	4a09      	ldr	r2, [pc, #36]	@ (10000684 <runtime_init_per_core_irq_priorities+0x28>)
10000660:	6013      	str	r3, [r2, #0]
10000662:	4a09      	ldr	r2, [pc, #36]	@ (10000688 <runtime_init_per_core_irq_priorities+0x2c>)
10000664:	6013      	str	r3, [r2, #0]
10000666:	4a09      	ldr	r2, [pc, #36]	@ (1000068c <runtime_init_per_core_irq_priorities+0x30>)
10000668:	6013      	str	r3, [r2, #0]
1000066a:	4a09      	ldr	r2, [pc, #36]	@ (10000690 <runtime_init_per_core_irq_priorities+0x34>)
1000066c:	6013      	str	r3, [r2, #0]
1000066e:	4a09      	ldr	r2, [pc, #36]	@ (10000694 <runtime_init_per_core_irq_priorities+0x38>)
10000670:	6013      	str	r3, [r2, #0]
10000672:	4a09      	ldr	r2, [pc, #36]	@ (10000698 <runtime_init_per_core_irq_priorities+0x3c>)
10000674:	6013      	str	r3, [r2, #0]
10000676:	4a09      	ldr	r2, [pc, #36]	@ (1000069c <runtime_init_per_core_irq_priorities+0x40>)
10000678:	6013      	str	r3, [r2, #0]
1000067a:	4a09      	ldr	r2, [pc, #36]	@ (100006a0 <runtime_init_per_core_irq_priorities+0x44>)
1000067c:	6013      	str	r3, [r2, #0]
1000067e:	4770      	bx	lr
10000680:	80808080 	.word	0x80808080
10000684:	e000e400 	.word	0xe000e400
10000688:	e000e404 	.word	0xe000e404
1000068c:	e000e408 	.word	0xe000e408
10000690:	e000e40c 	.word	0xe000e40c
10000694:	e000e410 	.word	0xe000e410
10000698:	e000e414 	.word	0xe000e414
1000069c:	e000e418 	.word	0xe000e418
100006a0:	e000e41c 	.word	0xe000e41c

100006a4 <irq_set_enabled>:
100006a4:	231f      	movs	r3, #31
100006a6:	4018      	ands	r0, r3
100006a8:	3b1e      	subs	r3, #30
100006aa:	4083      	lsls	r3, r0
100006ac:	2900      	cmp	r1, #0
100006ae:	d005      	beq.n	100006bc <irq_set_enabled+0x18>
100006b0:	21c0      	movs	r1, #192	@ 0xc0
100006b2:	4a04      	ldr	r2, [pc, #16]	@ (100006c4 <irq_set_enabled+0x20>)
100006b4:	0049      	lsls	r1, r1, #1
100006b6:	5053      	str	r3, [r2, r1]
100006b8:	6013      	str	r3, [r2, #0]
100006ba:	4770      	bx	lr
100006bc:	2280      	movs	r2, #128	@ 0x80
100006be:	4901      	ldr	r1, [pc, #4]	@ (100006c4 <irq_set_enabled+0x20>)
100006c0:	508b      	str	r3, [r1, r2]
100006c2:	e7fa      	b.n	100006ba <irq_set_enabled+0x16>
100006c4:	e000e100 	.word	0xe000e100

100006c8 <irq_is_enabled>:
100006c8:	2201      	movs	r2, #1
100006ca:	4082      	lsls	r2, r0
100006cc:	4b03      	ldr	r3, [pc, #12]	@ (100006dc <irq_is_enabled+0x14>)
100006ce:	681b      	ldr	r3, [r3, #0]
100006d0:	4013      	ands	r3, r2
100006d2:	1e5a      	subs	r2, r3, #1
100006d4:	4193      	sbcs	r3, r2
100006d6:	b2d8      	uxtb	r0, r3
100006d8:	4770      	bx	lr
100006da:	46c0      	nop			@ (mov r8, r8)
100006dc:	e000e100 	.word	0xe000e100

100006e0 <irq_set_pending>:
100006e0:	2301      	movs	r3, #1
100006e2:	4083      	lsls	r3, r0
100006e4:	4a01      	ldr	r2, [pc, #4]	@ (100006ec <irq_set_pending+0xc>)
100006e6:	6013      	str	r3, [r2, #0]
100006e8:	4770      	bx	lr
100006ea:	46c0      	nop			@ (mov r8, r8)
100006ec:	e000e200 	.word	0xe000e200

100006f0 <irq_has_shared_handler>:
100006f0:	4b05      	ldr	r3, [pc, #20]	@ (10000708 <irq_has_shared_handler+0x18>)
100006f2:	3010      	adds	r0, #16
100006f4:	689b      	ldr	r3, [r3, #8]
100006f6:	0080      	lsls	r0, r0, #2
100006f8:	58c3      	ldr	r3, [r0, r3]
100006fa:	4a04      	ldr	r2, [pc, #16]	@ (1000070c <irq_has_shared_handler+0x1c>)
100006fc:	2000      	movs	r0, #0
100006fe:	1a9b      	subs	r3, r3, r2
10000700:	2247      	movs	r2, #71	@ 0x47
10000702:	429a      	cmp	r2, r3
10000704:	4140      	adcs	r0, r0
10000706:	4770      	bx	lr
10000708:	e000ed00 	.word	0xe000ed00
1000070c:	20000f44 	.word	0x20000f44

10000710 <irq_set_exclusive_handler>:
10000710:	b510      	push	{r4, lr}
10000712:	f3ef 8c10 	mrs	ip, PRIMASK
10000716:	b672      	cpsid	i
10000718:	4a0f      	ldr	r2, [pc, #60]	@ (10000758 <irq_set_exclusive_handler+0x48>)
1000071a:	6813      	ldr	r3, [r2, #0]
1000071c:	2b00      	cmp	r3, #0
1000071e:	d0fc      	beq.n	1000071a <irq_set_exclusive_handler+0xa>
10000720:	f3bf 8f5f 	dmb	sy
10000724:	4b0d      	ldr	r3, [pc, #52]	@ (1000075c <irq_set_exclusive_handler+0x4c>)
10000726:	3010      	adds	r0, #16
10000728:	689b      	ldr	r3, [r3, #8]
1000072a:	0080      	lsls	r0, r0, #2
1000072c:	581b      	ldr	r3, [r3, r0]
1000072e:	4a0c      	ldr	r2, [pc, #48]	@ (10000760 <irq_set_exclusive_handler+0x50>)
10000730:	4293      	cmp	r3, r2
10000732:	d001      	beq.n	10000738 <irq_set_exclusive_handler+0x28>
10000734:	4299      	cmp	r1, r3
10000736:	d10c      	bne.n	10000752 <irq_set_exclusive_handler+0x42>
10000738:	4b08      	ldr	r3, [pc, #32]	@ (1000075c <irq_set_exclusive_handler+0x4c>)
1000073a:	689b      	ldr	r3, [r3, #8]
1000073c:	5019      	str	r1, [r3, r0]
1000073e:	f3bf 8f5f 	dmb	sy
10000742:	f3bf 8f5f 	dmb	sy
10000746:	2200      	movs	r2, #0
10000748:	4b03      	ldr	r3, [pc, #12]	@ (10000758 <irq_set_exclusive_handler+0x48>)
1000074a:	601a      	str	r2, [r3, #0]
1000074c:	f38c 8810 	msr	PRIMASK, ip
10000750:	bd10      	pop	{r4, pc}
10000752:	f001 f803 	bl	1000175c <hard_assertion_failure>
10000756:	46c0      	nop			@ (mov r8, r8)
10000758:	d0000124 	.word	0xd0000124
1000075c:	e000ed00 	.word	0xe000ed00
10000760:	100001c1 	.word	0x100001c1

10000764 <irq_add_shared_handler>:
10000764:	b5f0      	push	{r4, r5, r6, r7, lr}
10000766:	46de      	mov	lr, fp
10000768:	4657      	mov	r7, sl
1000076a:	464e      	mov	r6, r9
1000076c:	4645      	mov	r5, r8
1000076e:	b5e0      	push	{r5, r6, r7, lr}
10000770:	468b      	mov	fp, r1
10000772:	b085      	sub	sp, #20
10000774:	f3ef 8810 	mrs	r8, PRIMASK
10000778:	b672      	cpsid	i
1000077a:	0016      	movs	r6, r2
1000077c:	4a5b      	ldr	r2, [pc, #364]	@ (100008ec <irq_add_shared_handler+0x188>)
1000077e:	6813      	ldr	r3, [r2, #0]
10000780:	2b00      	cmp	r3, #0
10000782:	d0fc      	beq.n	1000077e <irq_add_shared_handler+0x1a>
10000784:	46b2      	mov	sl, r6
10000786:	f3bf 8f5f 	dmb	sy
1000078a:	2500      	movs	r5, #0
1000078c:	4958      	ldr	r1, [pc, #352]	@ (100008f0 <irq_add_shared_handler+0x18c>)
1000078e:	574d      	ldrsb	r5, [r1, r5]
10000790:	2d00      	cmp	r5, #0
10000792:	da00      	bge.n	10000796 <irq_add_shared_handler+0x32>
10000794:	e0a8      	b.n	100008e8 <irq_add_shared_handler+0x184>
10000796:	006b      	lsls	r3, r5, #1
10000798:	4a56      	ldr	r2, [pc, #344]	@ (100008f4 <irq_add_shared_handler+0x190>)
1000079a:	9301      	str	r3, [sp, #4]
1000079c:	195b      	adds	r3, r3, r5
1000079e:	009b      	lsls	r3, r3, #2
100007a0:	18d4      	adds	r4, r2, r3
100007a2:	79a7      	ldrb	r7, [r4, #6]
100007a4:	3010      	adds	r0, #16
100007a6:	700f      	strb	r7, [r1, #0]
100007a8:	4953      	ldr	r1, [pc, #332]	@ (100008f8 <irq_add_shared_handler+0x194>)
100007aa:	0080      	lsls	r0, r0, #2
100007ac:	6889      	ldr	r1, [r1, #8]
100007ae:	4684      	mov	ip, r0
100007b0:	580f      	ldr	r7, [r1, r0]
100007b2:	1ab9      	subs	r1, r7, r2
100007b4:	2947      	cmp	r1, #71	@ 0x47
100007b6:	d833      	bhi.n	10000820 <irq_add_shared_handler+0xbc>
100007b8:	2001      	movs	r0, #1
100007ba:	0039      	movs	r1, r7
100007bc:	4381      	bics	r1, r0
100007be:	79ce      	ldrb	r6, [r1, #7]
100007c0:	4556      	cmp	r6, sl
100007c2:	d800      	bhi.n	100007c6 <irq_add_shared_handler+0x62>
100007c4:	e06a      	b.n	1000089c <irq_add_shared_handler+0x138>
100007c6:	46a1      	mov	r9, r4
100007c8:	4656      	mov	r6, sl
100007ca:	9303      	str	r3, [sp, #12]
100007cc:	e007      	b.n	100007de <irq_add_shared_handler+0x7a>
100007ce:	0058      	lsls	r0, r3, #1
100007d0:	18c0      	adds	r0, r0, r3
100007d2:	0080      	lsls	r0, r0, #2
100007d4:	1810      	adds	r0, r2, r0
100007d6:	79c4      	ldrb	r4, [r0, #7]
100007d8:	42b4      	cmp	r4, r6
100007da:	d94d      	bls.n	10000878 <irq_add_shared_handler+0x114>
100007dc:	0001      	movs	r1, r0
100007de:	2306      	movs	r3, #6
100007e0:	56cb      	ldrsb	r3, [r1, r3]
100007e2:	2b00      	cmp	r3, #0
100007e4:	daf3      	bge.n	100007ce <irq_add_shared_handler+0x6a>
100007e6:	1d08      	adds	r0, r1, #4
100007e8:	464c      	mov	r4, r9
100007ea:	46b2      	mov	sl, r6
100007ec:	4681      	mov	r9, r0
100007ee:	9302      	str	r3, [sp, #8]
100007f0:	4b42      	ldr	r3, [pc, #264]	@ (100008fc <irq_add_shared_handler+0x198>)
100007f2:	464e      	mov	r6, r9
100007f4:	3c04      	subs	r4, #4
100007f6:	1ba4      	subs	r4, r4, r6
100007f8:	0524      	lsls	r4, r4, #20
100007fa:	4e41      	ldr	r6, [pc, #260]	@ (10000900 <irq_add_shared_handler+0x19c>)
100007fc:	0d64      	lsrs	r4, r4, #21
100007fe:	4334      	orrs	r4, r6
10000800:	808c      	strh	r4, [r1, #4]
10000802:	718d      	strb	r5, [r1, #6]
10000804:	9901      	ldr	r1, [sp, #4]
10000806:	1949      	adds	r1, r1, r5
10000808:	0089      	lsls	r1, r1, #2
1000080a:	1852      	adds	r2, r2, r1
1000080c:	8093      	strh	r3, [r2, #4]
1000080e:	9b02      	ldr	r3, [sp, #8]
10000810:	493c      	ldr	r1, [pc, #240]	@ (10000904 <irq_add_shared_handler+0x1a0>)
10000812:	7193      	strb	r3, [r2, #6]
10000814:	4653      	mov	r3, sl
10000816:	71d3      	strb	r3, [r2, #7]
10000818:	465b      	mov	r3, fp
1000081a:	6011      	str	r1, [r2, #0]
1000081c:	6093      	str	r3, [r2, #8]
1000081e:	e017      	b.n	10000850 <irq_add_shared_handler+0xec>
10000820:	4939      	ldr	r1, [pc, #228]	@ (10000908 <irq_add_shared_handler+0x1a4>)
10000822:	428f      	cmp	r7, r1
10000824:	d160      	bne.n	100008e8 <irq_add_shared_handler+0x184>
10000826:	4939      	ldr	r1, [pc, #228]	@ (1000090c <irq_add_shared_handler+0x1a8>)
10000828:	2701      	movs	r7, #1
1000082a:	52d1      	strh	r1, [r2, r3]
1000082c:	4938      	ldr	r1, [pc, #224]	@ (10000910 <irq_add_shared_handler+0x1ac>)
1000082e:	3302      	adds	r3, #2
10000830:	18d3      	adds	r3, r2, r3
10000832:	3904      	subs	r1, #4
10000834:	1acb      	subs	r3, r1, r3
10000836:	4a32      	ldr	r2, [pc, #200]	@ (10000900 <irq_add_shared_handler+0x19c>)
10000838:	051b      	lsls	r3, r3, #20
1000083a:	0d5b      	lsrs	r3, r3, #21
1000083c:	4313      	orrs	r3, r2
1000083e:	8063      	strh	r3, [r4, #2]
10000840:	4b34      	ldr	r3, [pc, #208]	@ (10000914 <irq_add_shared_handler+0x1b0>)
10000842:	71e6      	strb	r6, [r4, #7]
10000844:	80a3      	strh	r3, [r4, #4]
10000846:	23ff      	movs	r3, #255	@ 0xff
10000848:	71a3      	strb	r3, [r4, #6]
1000084a:	465b      	mov	r3, fp
1000084c:	4327      	orrs	r7, r4
1000084e:	60a3      	str	r3, [r4, #8]
10000850:	4662      	mov	r2, ip
10000852:	4b29      	ldr	r3, [pc, #164]	@ (100008f8 <irq_add_shared_handler+0x194>)
10000854:	689b      	ldr	r3, [r3, #8]
10000856:	509f      	str	r7, [r3, r2]
10000858:	f3bf 8f5f 	dmb	sy
1000085c:	f3bf 8f5f 	dmb	sy
10000860:	2200      	movs	r2, #0
10000862:	4b22      	ldr	r3, [pc, #136]	@ (100008ec <irq_add_shared_handler+0x188>)
10000864:	601a      	str	r2, [r3, #0]
10000866:	f388 8810 	msr	PRIMASK, r8
1000086a:	b005      	add	sp, #20
1000086c:	bcf0      	pop	{r4, r5, r6, r7}
1000086e:	46bb      	mov	fp, r7
10000870:	46b2      	mov	sl, r6
10000872:	46a9      	mov	r9, r5
10000874:	46a0      	mov	r8, r4
10000876:	bdf0      	pop	{r4, r5, r6, r7, pc}
10000878:	46b2      	mov	sl, r6
1000087a:	1d0e      	adds	r6, r1, #4
1000087c:	464c      	mov	r4, r9
1000087e:	46b1      	mov	r9, r6
10000880:	8888      	ldrh	r0, [r1, #4]
10000882:	9302      	str	r3, [sp, #8]
10000884:	9b03      	ldr	r3, [sp, #12]
10000886:	0540      	lsls	r0, r0, #21
10000888:	1500      	asrs	r0, r0, #20
1000088a:	3304      	adds	r3, #4
1000088c:	4448      	add	r0, r9
1000088e:	18d3      	adds	r3, r2, r3
10000890:	1ac3      	subs	r3, r0, r3
10000892:	051b      	lsls	r3, r3, #20
10000894:	481a      	ldr	r0, [pc, #104]	@ (10000900 <irq_add_shared_handler+0x19c>)
10000896:	0d5b      	lsrs	r3, r3, #21
10000898:	4303      	orrs	r3, r0
1000089a:	e7aa      	b.n	100007f2 <irq_add_shared_handler+0x8e>
1000089c:	1c9e      	adds	r6, r3, #2
1000089e:	46b1      	mov	r9, r6
100008a0:	4491      	add	r9, r2
100008a2:	464e      	mov	r6, r9
100008a4:	000f      	movs	r7, r1
100008a6:	4d1c      	ldr	r5, [pc, #112]	@ (10000918 <irq_add_shared_handler+0x1b4>)
100008a8:	1abf      	subs	r7, r7, r2
100008aa:	417f      	adcs	r7, r7
100008ac:	437d      	muls	r5, r7
100008ae:	0d2d      	lsrs	r5, r5, #20
100008b0:	4f16      	ldr	r7, [pc, #88]	@ (1000090c <irq_add_shared_handler+0x1a8>)
100008b2:	71a5      	strb	r5, [r4, #6]
100008b4:	52d7      	strh	r7, [r2, r3]
100008b6:	4f16      	ldr	r7, [pc, #88]	@ (10000910 <irq_add_shared_handler+0x1ac>)
100008b8:	3304      	adds	r3, #4
100008ba:	3f04      	subs	r7, #4
100008bc:	18d3      	adds	r3, r2, r3
100008be:	1bbf      	subs	r7, r7, r6
100008c0:	1acb      	subs	r3, r1, r3
100008c2:	053f      	lsls	r7, r7, #20
100008c4:	3b04      	subs	r3, #4
100008c6:	0d7e      	lsrs	r6, r7, #21
100008c8:	051b      	lsls	r3, r3, #20
100008ca:	4f0d      	ldr	r7, [pc, #52]	@ (10000900 <irq_add_shared_handler+0x19c>)
100008cc:	0d5b      	lsrs	r3, r3, #21
100008ce:	433e      	orrs	r6, r7
100008d0:	431f      	orrs	r7, r3
100008d2:	4653      	mov	r3, sl
100008d4:	71e3      	strb	r3, [r4, #7]
100008d6:	465b      	mov	r3, fp
100008d8:	60a3      	str	r3, [r4, #8]
100008da:	4b0a      	ldr	r3, [pc, #40]	@ (10000904 <irq_add_shared_handler+0x1a0>)
100008dc:	80a7      	strh	r7, [r4, #4]
100008de:	8066      	strh	r6, [r4, #2]
100008e0:	4304      	orrs	r4, r0
100008e2:	0027      	movs	r7, r4
100008e4:	600b      	str	r3, [r1, #0]
100008e6:	e7b3      	b.n	10000850 <irq_add_shared_handler+0xec>
100008e8:	f000 ff38 	bl	1000175c <hard_assertion_failure>
100008ec:	d0000124 	.word	0xd0000124
100008f0:	20001c51 	.word	0x20001c51
100008f4:	20000f44 	.word	0x20000f44
100008f8:	e000ed00 	.word	0xe000ed00
100008fc:	0000bd01 	.word	0x0000bd01
10000900:	ffffe000 	.word	0xffffe000
10000904:	47804801 	.word	0x47804801
10000908:	100001c1 	.word	0x100001c1
1000090c:	ffffa100 	.word	0xffffa100
10000910:	20000f8c 	.word	0x20000f8c
10000914:	ffffbd01 	.word	0xffffbd01
10000918:	0000aaaa 	.word	0x0000aaaa

1000091c <irq_add_tail_to_free_list>:
1000091c:	2301      	movs	r3, #1
1000091e:	4303      	orrs	r3, r0
10000920:	b570      	push	{r4, r5, r6, lr}
10000922:	469c      	mov	ip, r3
10000924:	f3ef 8105 	mrs	r1, IPSR
10000928:	f3ef 8510 	mrs	r5, PRIMASK
1000092c:	b672      	cpsid	i
1000092e:	4a27      	ldr	r2, [pc, #156]	@ (100009cc <irq_add_tail_to_free_list+0xb0>)
10000930:	6813      	ldr	r3, [r2, #0]
10000932:	2b00      	cmp	r3, #0
10000934:	d0fc      	beq.n	10000930 <irq_add_tail_to_free_list+0x14>
10000936:	f3bf 8f5f 	dmb	sy
1000093a:	4a25      	ldr	r2, [pc, #148]	@ (100009d0 <irq_add_tail_to_free_list+0xb4>)
1000093c:	0004      	movs	r4, r0
1000093e:	4b25      	ldr	r3, [pc, #148]	@ (100009d4 <irq_add_tail_to_free_list+0xb8>)
10000940:	1aa4      	subs	r4, r4, r2
10000942:	4164      	adcs	r4, r4
10000944:	4363      	muls	r3, r4
10000946:	0d1b      	lsrs	r3, r3, #20
10000948:	4c23      	ldr	r4, [pc, #140]	@ (100009d8 <irq_add_tail_to_free_list+0xbc>)
1000094a:	0089      	lsls	r1, r1, #2
1000094c:	68a6      	ldr	r6, [r4, #8]
1000094e:	b25b      	sxtb	r3, r3
10000950:	5876      	ldr	r6, [r6, r1]
10000952:	4566      	cmp	r6, ip
10000954:	d024      	beq.n	100009a0 <irq_add_tail_to_free_list+0x84>
10000956:	2106      	movs	r1, #6
10000958:	5651      	ldrsb	r1, [r2, r1]
1000095a:	4299      	cmp	r1, r3
1000095c:	d024      	beq.n	100009a8 <irq_add_tail_to_free_list+0x8c>
1000095e:	2112      	movs	r1, #18
10000960:	5651      	ldrsb	r1, [r2, r1]
10000962:	4299      	cmp	r1, r3
10000964:	d02a      	beq.n	100009bc <irq_add_tail_to_free_list+0xa0>
10000966:	211e      	movs	r1, #30
10000968:	5651      	ldrsb	r1, [r2, r1]
1000096a:	4299      	cmp	r1, r3
1000096c:	d028      	beq.n	100009c0 <irq_add_tail_to_free_list+0xa4>
1000096e:	212a      	movs	r1, #42	@ 0x2a
10000970:	5651      	ldrsb	r1, [r2, r1]
10000972:	4299      	cmp	r1, r3
10000974:	d026      	beq.n	100009c4 <irq_add_tail_to_free_list+0xa8>
10000976:	2136      	movs	r1, #54	@ 0x36
10000978:	5651      	ldrsb	r1, [r2, r1]
1000097a:	4299      	cmp	r1, r3
1000097c:	d024      	beq.n	100009c8 <irq_add_tail_to_free_list+0xac>
1000097e:	2142      	movs	r1, #66	@ 0x42
10000980:	5651      	ldrsb	r1, [r2, r1]
10000982:	2405      	movs	r4, #5
10000984:	4299      	cmp	r1, r3
10000986:	d010      	beq.n	100009aa <irq_add_tail_to_free_list+0x8e>
10000988:	4a14      	ldr	r2, [pc, #80]	@ (100009dc <irq_add_tail_to_free_list+0xc0>)
1000098a:	7811      	ldrb	r1, [r2, #0]
1000098c:	7013      	strb	r3, [r2, #0]
1000098e:	7181      	strb	r1, [r0, #6]
10000990:	f3bf 8f5f 	dmb	sy
10000994:	2200      	movs	r2, #0
10000996:	4b0d      	ldr	r3, [pc, #52]	@ (100009cc <irq_add_tail_to_free_list+0xb0>)
10000998:	601a      	str	r2, [r3, #0]
1000099a:	f385 8810 	msr	PRIMASK, r5
1000099e:	bd70      	pop	{r4, r5, r6, pc}
100009a0:	68a2      	ldr	r2, [r4, #8]
100009a2:	4c0f      	ldr	r4, [pc, #60]	@ (100009e0 <irq_add_tail_to_free_list+0xc4>)
100009a4:	5054      	str	r4, [r2, r1]
100009a6:	e7ef      	b.n	10000988 <irq_add_tail_to_free_list+0x6c>
100009a8:	2400      	movs	r4, #0
100009aa:	0061      	lsls	r1, r4, #1
100009ac:	1909      	adds	r1, r1, r4
100009ae:	0089      	lsls	r1, r1, #2
100009b0:	1852      	adds	r2, r2, r1
100009b2:	21ff      	movs	r1, #255	@ 0xff
100009b4:	7191      	strb	r1, [r2, #6]
100009b6:	490b      	ldr	r1, [pc, #44]	@ (100009e4 <irq_add_tail_to_free_list+0xc8>)
100009b8:	8091      	strh	r1, [r2, #4]
100009ba:	e7e5      	b.n	10000988 <irq_add_tail_to_free_list+0x6c>
100009bc:	2401      	movs	r4, #1
100009be:	e7f4      	b.n	100009aa <irq_add_tail_to_free_list+0x8e>
100009c0:	2402      	movs	r4, #2
100009c2:	e7f2      	b.n	100009aa <irq_add_tail_to_free_list+0x8e>
100009c4:	2403      	movs	r4, #3
100009c6:	e7f0      	b.n	100009aa <irq_add_tail_to_free_list+0x8e>
100009c8:	2404      	movs	r4, #4
100009ca:	e7ee      	b.n	100009aa <irq_add_tail_to_free_list+0x8e>
100009cc:	d0000124 	.word	0xd0000124
100009d0:	20000f44 	.word	0x20000f44
100009d4:	0000aaaa 	.word	0x0000aaaa
100009d8:	e000ed00 	.word	0xe000ed00
100009dc:	20001c51 	.word	0x20001c51
100009e0:	100001c1 	.word	0x100001c1
100009e4:	ffffbd01 	.word	0xffffbd01

100009e8 <user_irq_claim_unused>:
100009e8:	b500      	push	{lr}
100009ea:	4b07      	ldr	r3, [pc, #28]	@ (10000a08 <user_irq_claim_unused+0x20>)
100009ec:	b083      	sub	sp, #12
100009ee:	0001      	movs	r1, r0
100009f0:	9300      	str	r3, [sp, #0]
100009f2:	2200      	movs	r2, #0
100009f4:	2305      	movs	r3, #5
100009f6:	4805      	ldr	r0, [pc, #20]	@ (10000a0c <user_irq_claim_unused+0x24>)
100009f8:	f7ff fdc2 	bl	10000580 <hw_claim_unused_from_range>
100009fc:	2800      	cmp	r0, #0
100009fe:	db01      	blt.n	10000a04 <user_irq_claim_unused+0x1c>
10000a00:	231f      	movs	r3, #31
10000a02:	1a18      	subs	r0, r3, r0
10000a04:	b003      	add	sp, #12
10000a06:	bd00      	pop	{pc}
10000a08:	10006530 	.word	0x10006530
10000a0c:	20001c55 	.word	0x20001c55

10000a10 <lock_init>:
10000a10:	4b02      	ldr	r3, [pc, #8]	@ (10000a1c <lock_init+0xc>)
10000a12:	18c9      	adds	r1, r1, r3
10000a14:	0089      	lsls	r1, r1, #2
10000a16:	6001      	str	r1, [r0, #0]
10000a18:	4770      	bx	lr
10000a1a:	46c0      	nop			@ (mov r8, r8)
10000a1c:	34000040 	.word	0x34000040

10000a20 <runtime_init_mutex>:
10000a20:	b570      	push	{r4, r5, r6, lr}
10000a22:	4c11      	ldr	r4, [pc, #68]	@ (10000a68 <runtime_init_mutex+0x48>)
10000a24:	4d11      	ldr	r5, [pc, #68]	@ (10000a6c <runtime_init_mutex+0x4c>)
10000a26:	42ac      	cmp	r4, r5
10000a28:	d20f      	bcs.n	10000a4a <runtime_init_mutex+0x2a>
10000a2a:	26ff      	movs	r6, #255	@ 0xff
10000a2c:	6823      	ldr	r3, [r4, #0]
10000a2e:	2b00      	cmp	r3, #0
10000a30:	d00c      	beq.n	10000a4c <runtime_init_mutex+0x2c>
10000a32:	f7ff fde9 	bl	10000608 <next_striped_spin_lock_num>
10000a36:	0001      	movs	r1, r0
10000a38:	0020      	movs	r0, r4
10000a3a:	f7ff ffe9 	bl	10000a10 <lock_init>
10000a3e:	80a6      	strh	r6, [r4, #4]
10000a40:	f3bf 8f5f 	dmb	sy
10000a44:	3408      	adds	r4, #8
10000a46:	42ac      	cmp	r4, r5
10000a48:	d3f0      	bcc.n	10000a2c <runtime_init_mutex+0xc>
10000a4a:	bd70      	pop	{r4, r5, r6, pc}
10000a4c:	f7ff fddc 	bl	10000608 <next_striped_spin_lock_num>
10000a50:	0001      	movs	r1, r0
10000a52:	0020      	movs	r0, r4
10000a54:	f7ff ffdc 	bl	10000a10 <lock_init>
10000a58:	7126      	strb	r6, [r4, #4]
10000a5a:	f3bf 8f5f 	dmb	sy
10000a5e:	3408      	adds	r4, #8
10000a60:	42ac      	cmp	r4, r5
10000a62:	d3e3      	bcc.n	10000a2c <runtime_init_mutex+0xc>
10000a64:	e7f1      	b.n	10000a4a <runtime_init_mutex+0x2a>
10000a66:	46c0      	nop			@ (mov r8, r8)
10000a68:	20001038 	.word	0x20001038
10000a6c:	20001040 	.word	0x20001040

10000a70 <mutex_init>:
10000a70:	b510      	push	{r4, lr}
10000a72:	0004      	movs	r4, r0
10000a74:	f7ff fdc8 	bl	10000608 <next_striped_spin_lock_num>
10000a78:	0001      	movs	r1, r0
10000a7a:	0020      	movs	r0, r4
10000a7c:	f7ff ffc8 	bl	10000a10 <lock_init>
10000a80:	23ff      	movs	r3, #255	@ 0xff
10000a82:	7123      	strb	r3, [r4, #4]
10000a84:	f3bf 8f5f 	dmb	sy
10000a88:	bd10      	pop	{r4, pc}
10000a8a:	46c0      	nop			@ (mov r8, r8)

10000a8c <critical_section_init>:
10000a8c:	b510      	push	{r4, lr}
10000a8e:	0004      	movs	r4, r0
10000a90:	2001      	movs	r0, #1
10000a92:	f7ff fdc5 	bl	10000620 <spin_lock_claim_unused>
10000a96:	4b03      	ldr	r3, [pc, #12]	@ (10000aa4 <critical_section_init+0x18>)
10000a98:	18c0      	adds	r0, r0, r3
10000a9a:	0080      	lsls	r0, r0, #2
10000a9c:	6020      	str	r0, [r4, #0]
10000a9e:	f3bf 8f5f 	dmb	sy
10000aa2:	bd10      	pop	{r4, pc}
10000aa4:	34000040 	.word	0x34000040

10000aa8 <critical_section_init_with_lock_num>:
10000aa8:	4b03      	ldr	r3, [pc, #12]	@ (10000ab8 <critical_section_init_with_lock_num+0x10>)
10000aaa:	18c9      	adds	r1, r1, r3
10000aac:	0089      	lsls	r1, r1, #2
10000aae:	6001      	str	r1, [r0, #0]
10000ab0:	f3bf 8f5f 	dmb	sy
10000ab4:	4770      	bx	lr
10000ab6:	46c0      	nop			@ (mov r8, r8)
10000ab8:	34000040 	.word	0x34000040

10000abc <sleep_until_callback>:
10000abc:	4b0a      	ldr	r3, [pc, #40]	@ (10000ae8 <sleep_until_callback+0x2c>)
10000abe:	6819      	ldr	r1, [r3, #0]
10000ac0:	f3ef 8010 	mrs	r0, PRIMASK
10000ac4:	b672      	cpsid	i
10000ac6:	680a      	ldr	r2, [r1, #0]
10000ac8:	2a00      	cmp	r2, #0
10000aca:	d0fc      	beq.n	10000ac6 <sleep_until_callback+0xa>
10000acc:	f3bf 8f5f 	dmb	sy
10000ad0:	681b      	ldr	r3, [r3, #0]
10000ad2:	f3bf 8f5f 	dmb	sy
10000ad6:	2200      	movs	r2, #0
10000ad8:	601a      	str	r2, [r3, #0]
10000ada:	f380 8810 	msr	PRIMASK, r0
10000ade:	bf40      	sev
10000ae0:	2000      	movs	r0, #0
10000ae2:	2100      	movs	r1, #0
10000ae4:	4770      	bx	lr
10000ae6:	46c0      	nop			@ (mov r8, r8)
10000ae8:	20001c30 	.word	0x20001c30

10000aec <alarm_pool_irq_handler>:
10000aec:	b5f0      	push	{r4, r5, r6, r7, lr}
10000aee:	46de      	mov	lr, fp
10000af0:	4657      	mov	r7, sl
10000af2:	464e      	mov	r6, r9
10000af4:	4645      	mov	r5, r8
10000af6:	b5e0      	push	{r5, r6, r7, lr}
10000af8:	b085      	sub	sp, #20
10000afa:	f3ef 8305 	mrs	r3, IPSR
10000afe:	2203      	movs	r2, #3
10000b00:	401a      	ands	r2, r3
10000b02:	4bb3      	ldr	r3, [pc, #716]	@ (10000dd0 <alarm_pool_irq_handler+0x2e4>)
10000b04:	0091      	lsls	r1, r2, #2
10000b06:	585f      	ldr	r7, [r3, r1]
10000b08:	2301      	movs	r3, #1
10000b0a:	4093      	lsls	r3, r2
10000b0c:	469b      	mov	fp, r3
10000b0e:	9202      	str	r2, [sp, #8]
10000b10:	465a      	mov	r2, fp
10000b12:	4688      	mov	r8, r1
10000b14:	4baf      	ldr	r3, [pc, #700]	@ (10000dd4 <alarm_pool_irq_handler+0x2e8>)
10000b16:	601a      	str	r2, [r3, #0]
10000b18:	4baf      	ldr	r3, [pc, #700]	@ (10000dd8 <alarm_pool_irq_handler+0x2ec>)
10000b1a:	9303      	str	r3, [sp, #12]
10000b1c:	465b      	mov	r3, fp
10000b1e:	48af      	ldr	r0, [pc, #700]	@ (10000ddc <alarm_pool_irq_handler+0x2f0>)
10000b20:	6343      	str	r3, [r0, #52]	@ 0x34
10000b22:	2308      	movs	r3, #8
10000b24:	5efe      	ldrsh	r6, [r7, r3]
10000b26:	2e00      	cmp	r6, #0
10000b28:	da37      	bge.n	10000b9a <alarm_pool_irq_handler+0xae>
10000b2a:	88bb      	ldrh	r3, [r7, #4]
10000b2c:	b21b      	sxth	r3, r3
10000b2e:	2b00      	cmp	r3, #0
10000b30:	db00      	blt.n	10000b34 <alarm_pool_irq_handler+0x48>
10000b32:	e0a4      	b.n	10000c7e <alarm_pool_irq_handler+0x192>
10000b34:	79bb      	ldrb	r3, [r7, #6]
10000b36:	2b00      	cmp	r3, #0
10000b38:	d000      	beq.n	10000b3c <alarm_pool_irq_handler+0x50>
10000b3a:	e0e5      	b.n	10000d08 <alarm_pool_irq_handler+0x21c>
10000b3c:	2308      	movs	r3, #8
10000b3e:	5ef9      	ldrsh	r1, [r7, r3]
10000b40:	2900      	cmp	r1, #0
10000b42:	db20      	blt.n	10000b86 <alarm_pool_irq_handler+0x9a>
10000b44:	004b      	lsls	r3, r1, #1
10000b46:	697a      	ldr	r2, [r7, #20]
10000b48:	185b      	adds	r3, r3, r1
10000b4a:	00db      	lsls	r3, r3, #3
10000b4c:	18d3      	adds	r3, r2, r3
10000b4e:	689d      	ldr	r5, [r3, #8]
10000b50:	68dc      	ldr	r4, [r3, #12]
10000b52:	1c6b      	adds	r3, r5, #1
10000b54:	d100      	bne.n	10000b58 <alarm_pool_irq_handler+0x6c>
10000b56:	e104      	b.n	10000d62 <alarm_pool_irq_handler+0x276>
10000b58:	48a0      	ldr	r0, [pc, #640]	@ (10000ddc <alarm_pool_irq_handler+0x2f0>)
10000b5a:	0001      	movs	r1, r0
10000b5c:	4441      	add	r1, r8
10000b5e:	6a82      	ldr	r2, [r0, #40]	@ 0x28
10000b60:	690b      	ldr	r3, [r1, #16]
10000b62:	1aae      	subs	r6, r5, r2
10000b64:	1a9b      	subs	r3, r3, r2
10000b66:	429e      	cmp	r6, r3
10000b68:	d315      	bcc.n	10000b96 <alarm_pool_irq_handler+0xaa>
10000b6a:	2301      	movs	r3, #1
10000b6c:	6a02      	ldr	r2, [r0, #32]
10000b6e:	9802      	ldr	r0, [sp, #8]
10000b70:	4083      	lsls	r3, r0
10000b72:	421a      	tst	r2, r3
10000b74:	d00f      	beq.n	10000b96 <alarm_pool_irq_handler+0xaa>
10000b76:	4899      	ldr	r0, [pc, #612]	@ (10000ddc <alarm_pool_irq_handler+0x2f0>)
10000b78:	f000 fbda 	bl	10001330 <timer_time_us_64>
10000b7c:	428c      	cmp	r4, r1
10000b7e:	dc02      	bgt.n	10000b86 <alarm_pool_irq_handler+0x9a>
10000b80:	d1cc      	bne.n	10000b1c <alarm_pool_irq_handler+0x30>
10000b82:	4285      	cmp	r5, r0
10000b84:	d9ca      	bls.n	10000b1c <alarm_pool_irq_handler+0x30>
10000b86:	bf40      	sev
10000b88:	b005      	add	sp, #20
10000b8a:	bcf0      	pop	{r4, r5, r6, r7}
10000b8c:	46bb      	mov	fp, r7
10000b8e:	46b2      	mov	sl, r6
10000b90:	46a9      	mov	r9, r5
10000b92:	46a0      	mov	r8, r4
10000b94:	bdf0      	pop	{r4, r5, r6, r7, pc}
10000b96:	610d      	str	r5, [r1, #16]
10000b98:	e7ed      	b.n	10000b76 <alarm_pool_irq_handler+0x8a>
10000b9a:	697a      	ldr	r2, [r7, #20]
10000b9c:	0073      	lsls	r3, r6, #1
10000b9e:	4691      	mov	r9, r2
10000ba0:	199b      	adds	r3, r3, r6
10000ba2:	00db      	lsls	r3, r3, #3
10000ba4:	4499      	add	r9, r3
10000ba6:	464b      	mov	r3, r9
10000ba8:	689c      	ldr	r4, [r3, #8]
10000baa:	68dd      	ldr	r5, [r3, #12]
10000bac:	f000 fbc0 	bl	10001330 <timer_time_us_64>
10000bb0:	428d      	cmp	r5, r1
10000bb2:	dcba      	bgt.n	10000b2a <alarm_pool_irq_handler+0x3e>
10000bb4:	d100      	bne.n	10000bb8 <alarm_pool_irq_handler+0xcc>
10000bb6:	e0f6      	b.n	10000da6 <alarm_pool_irq_handler+0x2ba>
10000bb8:	2d00      	cmp	r5, #0
10000bba:	da00      	bge.n	10000bbe <alarm_pool_irq_handler+0xd2>
10000bbc:	e0db      	b.n	10000d76 <alarm_pool_irq_handler+0x28a>
10000bbe:	464a      	mov	r2, r9
10000bc0:	464b      	mov	r3, r9
10000bc2:	6952      	ldr	r2, [r2, #20]
10000bc4:	691b      	ldr	r3, [r3, #16]
10000bc6:	4692      	mov	sl, r2
10000bc8:	9a03      	ldr	r2, [sp, #12]
10000bca:	4293      	cmp	r3, r2
10000bcc:	d100      	bne.n	10000bd0 <alarm_pool_irq_handler+0xe4>
10000bce:	e0cc      	b.n	10000d6a <alarm_pool_irq_handler+0x27e>
10000bd0:	464a      	mov	r2, r9
10000bd2:	2108      	movs	r1, #8
10000bd4:	5e78      	ldrsh	r0, [r7, r1]
10000bd6:	8852      	ldrh	r2, [r2, #2]
10000bd8:	0400      	lsls	r0, r0, #16
10000bda:	4651      	mov	r1, sl
10000bdc:	4310      	orrs	r0, r2
10000bde:	4798      	blx	r3
10000be0:	9000      	str	r0, [sp, #0]
10000be2:	9101      	str	r1, [sp, #4]
10000be4:	9900      	ldr	r1, [sp, #0]
10000be6:	9a01      	ldr	r2, [sp, #4]
10000be8:	000b      	movs	r3, r1
10000bea:	4313      	orrs	r3, r2
10000bec:	d100      	bne.n	10000bf0 <alarm_pool_irq_handler+0x104>
10000bee:	e0c2      	b.n	10000d76 <alarm_pool_irq_handler+0x28a>
10000bf0:	0013      	movs	r3, r2
10000bf2:	000a      	movs	r2, r1
10000bf4:	2b00      	cmp	r3, #0
10000bf6:	db00      	blt.n	10000bfa <alarm_pool_irq_handler+0x10e>
10000bf8:	e0d9      	b.n	10000dae <alarm_pool_irq_handler+0x2c2>
10000bfa:	0020      	movs	r0, r4
10000bfc:	0029      	movs	r1, r5
10000bfe:	1a80      	subs	r0, r0, r2
10000c00:	4199      	sbcs	r1, r3
10000c02:	464b      	mov	r3, r9
10000c04:	6098      	str	r0, [r3, #8]
10000c06:	60d9      	str	r1, [r3, #12]
10000c08:	2200      	movs	r2, #0
10000c0a:	5e9b      	ldrsh	r3, [r3, r2]
10000c0c:	2b00      	cmp	r3, #0
10000c0e:	da00      	bge.n	10000c12 <alarm_pool_irq_handler+0x126>
10000c10:	e78b      	b.n	10000b2a <alarm_pool_irq_handler+0x3e>
10000c12:	005d      	lsls	r5, r3, #1
10000c14:	697c      	ldr	r4, [r7, #20]
10000c16:	18ea      	adds	r2, r5, r3
10000c18:	00d2      	lsls	r2, r2, #3
10000c1a:	18a2      	adds	r2, r4, r2
10000c1c:	9400      	str	r4, [sp, #0]
10000c1e:	6894      	ldr	r4, [r2, #8]
10000c20:	68d2      	ldr	r2, [r2, #12]
10000c22:	46a2      	mov	sl, r4
10000c24:	428a      	cmp	r2, r1
10000c26:	dd00      	ble.n	10000c2a <alarm_pool_irq_handler+0x13e>
10000c28:	e77f      	b.n	10000b2a <alarm_pool_irq_handler+0x3e>
10000c2a:	d102      	bne.n	10000c32 <alarm_pool_irq_handler+0x146>
10000c2c:	4284      	cmp	r4, r0
10000c2e:	d900      	bls.n	10000c32 <alarm_pool_irq_handler+0x146>
10000c30:	e77b      	b.n	10000b2a <alarm_pool_irq_handler+0x3e>
10000c32:	2408      	movs	r4, #8
10000c34:	46a4      	mov	ip, r4
10000c36:	813b      	strh	r3, [r7, #8]
10000c38:	44bc      	add	ip, r7
10000c3a:	9c00      	ldr	r4, [sp, #0]
10000c3c:	9700      	str	r7, [sp, #0]
10000c3e:	002f      	movs	r7, r5
10000c40:	4665      	mov	r5, ip
10000c42:	46b4      	mov	ip, r6
10000c44:	003e      	movs	r6, r7
10000c46:	e006      	b.n	10000c56 <alarm_pool_irq_handler+0x16a>
10000c48:	005e      	lsls	r6, r3, #1
10000c4a:	18f2      	adds	r2, r6, r3
10000c4c:	00d2      	lsls	r2, r2, #3
10000c4e:	18a2      	adds	r2, r4, r2
10000c50:	6897      	ldr	r7, [r2, #8]
10000c52:	68d2      	ldr	r2, [r2, #12]
10000c54:	46ba      	mov	sl, r7
10000c56:	428a      	cmp	r2, r1
10000c58:	dc07      	bgt.n	10000c6a <alarm_pool_irq_handler+0x17e>
10000c5a:	d100      	bne.n	10000c5e <alarm_pool_irq_handler+0x172>
10000c5c:	e0b4      	b.n	10000dc8 <alarm_pool_irq_handler+0x2dc>
10000c5e:	18f3      	adds	r3, r6, r3
10000c60:	00db      	lsls	r3, r3, #3
10000c62:	18e5      	adds	r5, r4, r3
10000c64:	5ee3      	ldrsh	r3, [r4, r3]
10000c66:	2b00      	cmp	r3, #0
10000c68:	daee      	bge.n	10000c48 <alarm_pool_irq_handler+0x15c>
10000c6a:	4666      	mov	r6, ip
10000c6c:	464a      	mov	r2, r9
10000c6e:	9f00      	ldr	r7, [sp, #0]
10000c70:	8013      	strh	r3, [r2, #0]
10000c72:	802e      	strh	r6, [r5, #0]
10000c74:	88bb      	ldrh	r3, [r7, #4]
10000c76:	b21b      	sxth	r3, r3
10000c78:	2b00      	cmp	r3, #0
10000c7a:	da00      	bge.n	10000c7e <alarm_pool_irq_handler+0x192>
10000c7c:	e75a      	b.n	10000b34 <alarm_pool_irq_handler+0x48>
10000c7e:	693a      	ldr	r2, [r7, #16]
10000c80:	f3ef 8110 	mrs	r1, PRIMASK
10000c84:	b672      	cpsid	i
10000c86:	6813      	ldr	r3, [r2, #0]
10000c88:	2b00      	cmp	r3, #0
10000c8a:	d0fc      	beq.n	10000c86 <alarm_pool_irq_handler+0x19a>
10000c8c:	f3bf 8f5f 	dmb	sy
10000c90:	2301      	movs	r3, #1
10000c92:	88be      	ldrh	r6, [r7, #4]
10000c94:	425b      	negs	r3, r3
10000c96:	80bb      	strh	r3, [r7, #4]
10000c98:	b236      	sxth	r6, r6
10000c9a:	693b      	ldr	r3, [r7, #16]
10000c9c:	f3bf 8f5f 	dmb	sy
10000ca0:	2200      	movs	r2, #0
10000ca2:	601a      	str	r2, [r3, #0]
10000ca4:	f381 8810 	msr	PRIMASK, r1
10000ca8:	2e00      	cmp	r6, #0
10000caa:	da00      	bge.n	10000cae <alarm_pool_irq_handler+0x1c2>
10000cac:	e742      	b.n	10000b34 <alarm_pool_irq_handler+0x48>
10000cae:	003b      	movs	r3, r7
10000cb0:	3308      	adds	r3, #8
10000cb2:	003a      	movs	r2, r7
10000cb4:	4699      	mov	r9, r3
10000cb6:	697d      	ldr	r5, [r7, #20]
10000cb8:	0073      	lsls	r3, r6, #1
10000cba:	199b      	adds	r3, r3, r6
10000cbc:	2408      	movs	r4, #8
10000cbe:	5f11      	ldrsh	r1, [r2, r4]
10000cc0:	00db      	lsls	r3, r3, #3
10000cc2:	4648      	mov	r0, r9
10000cc4:	18eb      	adds	r3, r5, r3
10000cc6:	2900      	cmp	r1, #0
10000cc8:	db13      	blt.n	10000cf2 <alarm_pool_irq_handler+0x206>
10000cca:	689c      	ldr	r4, [r3, #8]
10000ccc:	9300      	str	r3, [sp, #0]
10000cce:	46a4      	mov	ip, r4
10000cd0:	68dc      	ldr	r4, [r3, #12]
10000cd2:	e006      	b.n	10000ce2 <alarm_pool_irq_handler+0x1f6>
10000cd4:	42a3      	cmp	r3, r4
10000cd6:	d040      	beq.n	10000d5a <alarm_pool_irq_handler+0x26e>
10000cd8:	2300      	movs	r3, #0
10000cda:	5ef9      	ldrsh	r1, [r7, r3]
10000cdc:	0038      	movs	r0, r7
10000cde:	2900      	cmp	r1, #0
10000ce0:	db06      	blt.n	10000cf0 <alarm_pool_irq_handler+0x204>
10000ce2:	004f      	lsls	r7, r1, #1
10000ce4:	187f      	adds	r7, r7, r1
10000ce6:	00ff      	lsls	r7, r7, #3
10000ce8:	19ef      	adds	r7, r5, r7
10000cea:	68fb      	ldr	r3, [r7, #12]
10000cec:	42a3      	cmp	r3, r4
10000cee:	ddf1      	ble.n	10000cd4 <alarm_pool_irq_handler+0x1e8>
10000cf0:	9b00      	ldr	r3, [sp, #0]
10000cf2:	8006      	strh	r6, [r0, #0]
10000cf4:	2000      	movs	r0, #0
10000cf6:	5e1e      	ldrsh	r6, [r3, r0]
10000cf8:	8019      	strh	r1, [r3, #0]
10000cfa:	2e00      	cmp	r6, #0
10000cfc:	dadc      	bge.n	10000cb8 <alarm_pool_irq_handler+0x1cc>
10000cfe:	0017      	movs	r7, r2
10000d00:	79bb      	ldrb	r3, [r7, #6]
10000d02:	2b00      	cmp	r3, #0
10000d04:	d100      	bne.n	10000d08 <alarm_pool_irq_handler+0x21c>
10000d06:	e719      	b.n	10000b3c <alarm_pool_irq_handler+0x50>
10000d08:	2300      	movs	r3, #0
10000d0a:	71bb      	strb	r3, [r7, #6]
10000d0c:	2308      	movs	r3, #8
10000d0e:	5ef9      	ldrsh	r1, [r7, r3]
10000d10:	1c4b      	adds	r3, r1, #1
10000d12:	d100      	bne.n	10000d16 <alarm_pool_irq_handler+0x22a>
10000d14:	e737      	b.n	10000b86 <alarm_pool_irq_handler+0x9a>
10000d16:	003d      	movs	r5, r7
10000d18:	3508      	adds	r5, #8
10000d1a:	46ac      	mov	ip, r5
10000d1c:	697c      	ldr	r4, [r7, #20]
10000d1e:	e003      	b.n	10000d28 <alarm_pool_irq_handler+0x23c>
10000d20:	4684      	mov	ip, r0
10000d22:	1c4b      	adds	r3, r1, #1
10000d24:	d100      	bne.n	10000d28 <alarm_pool_irq_handler+0x23c>
10000d26:	e709      	b.n	10000b3c <alarm_pool_irq_handler+0x50>
10000d28:	004b      	lsls	r3, r1, #1
10000d2a:	185b      	adds	r3, r3, r1
10000d2c:	00db      	lsls	r3, r3, #3
10000d2e:	18e0      	adds	r0, r4, r3
10000d30:	000a      	movs	r2, r1
10000d32:	5ee1      	ldrsh	r1, [r4, r3]
10000d34:	8843      	ldrh	r3, [r0, #2]
10000d36:	b21b      	sxth	r3, r3
10000d38:	2b00      	cmp	r3, #0
10000d3a:	daf1      	bge.n	10000d20 <alarm_pool_irq_handler+0x234>
10000d3c:	2501      	movs	r5, #1
10000d3e:	426d      	negs	r5, r5
10000d40:	17ee      	asrs	r6, r5, #31
10000d42:	6085      	str	r5, [r0, #8]
10000d44:	60c6      	str	r6, [r0, #12]
10000d46:	2508      	movs	r5, #8
10000d48:	5f7b      	ldrsh	r3, [r7, r5]
10000d4a:	4293      	cmp	r3, r2
10000d4c:	d0e9      	beq.n	10000d22 <alarm_pool_irq_handler+0x236>
10000d4e:	4663      	mov	r3, ip
10000d50:	8019      	strh	r1, [r3, #0]
10000d52:	893b      	ldrh	r3, [r7, #8]
10000d54:	8003      	strh	r3, [r0, #0]
10000d56:	813a      	strh	r2, [r7, #8]
10000d58:	e7e3      	b.n	10000d22 <alarm_pool_irq_handler+0x236>
10000d5a:	68bb      	ldr	r3, [r7, #8]
10000d5c:	4563      	cmp	r3, ip
10000d5e:	d9bb      	bls.n	10000cd8 <alarm_pool_irq_handler+0x1ec>
10000d60:	e7c6      	b.n	10000cf0 <alarm_pool_irq_handler+0x204>
10000d62:	1c63      	adds	r3, r4, #1
10000d64:	d000      	beq.n	10000d68 <alarm_pool_irq_handler+0x27c>
10000d66:	e6f7      	b.n	10000b58 <alarm_pool_irq_handler+0x6c>
10000d68:	e705      	b.n	10000b76 <alarm_pool_irq_handler+0x8a>
10000d6a:	4653      	mov	r3, sl
10000d6c:	4650      	mov	r0, sl
10000d6e:	691b      	ldr	r3, [r3, #16]
10000d70:	4798      	blx	r3
10000d72:	2800      	cmp	r0, #0
10000d74:	d123      	bne.n	10000dbe <alarm_pool_irq_handler+0x2d2>
10000d76:	464b      	mov	r3, r9
10000d78:	881b      	ldrh	r3, [r3, #0]
10000d7a:	693a      	ldr	r2, [r7, #16]
10000d7c:	813b      	strh	r3, [r7, #8]
10000d7e:	f3ef 8310 	mrs	r3, PRIMASK
10000d82:	b672      	cpsid	i
10000d84:	6811      	ldr	r1, [r2, #0]
10000d86:	2900      	cmp	r1, #0
10000d88:	d0fc      	beq.n	10000d84 <alarm_pool_irq_handler+0x298>
10000d8a:	f3bf 8f5f 	dmb	sy
10000d8e:	4649      	mov	r1, r9
10000d90:	887a      	ldrh	r2, [r7, #2]
10000d92:	800a      	strh	r2, [r1, #0]
10000d94:	693a      	ldr	r2, [r7, #16]
10000d96:	807e      	strh	r6, [r7, #2]
10000d98:	f3bf 8f5f 	dmb	sy
10000d9c:	2100      	movs	r1, #0
10000d9e:	6011      	str	r1, [r2, #0]
10000da0:	f383 8810 	msr	PRIMASK, r3
10000da4:	e6c1      	b.n	10000b2a <alarm_pool_irq_handler+0x3e>
10000da6:	4284      	cmp	r4, r0
10000da8:	d800      	bhi.n	10000dac <alarm_pool_irq_handler+0x2c0>
10000daa:	e705      	b.n	10000bb8 <alarm_pool_irq_handler+0xcc>
10000dac:	e6bd      	b.n	10000b2a <alarm_pool_irq_handler+0x3e>
10000dae:	480b      	ldr	r0, [pc, #44]	@ (10000ddc <alarm_pool_irq_handler+0x2f0>)
10000db0:	f000 fabe 	bl	10001330 <timer_time_us_64>
10000db4:	9b00      	ldr	r3, [sp, #0]
10000db6:	9c01      	ldr	r4, [sp, #4]
10000db8:	18c0      	adds	r0, r0, r3
10000dba:	4161      	adcs	r1, r4
10000dbc:	e721      	b.n	10000c02 <alarm_pool_irq_handler+0x116>
10000dbe:	4653      	mov	r3, sl
10000dc0:	cb0c      	ldmia	r3, {r2, r3}
10000dc2:	9200      	str	r2, [sp, #0]
10000dc4:	9301      	str	r3, [sp, #4]
10000dc6:	e70d      	b.n	10000be4 <alarm_pool_irq_handler+0xf8>
10000dc8:	4582      	cmp	sl, r0
10000dca:	d800      	bhi.n	10000dce <alarm_pool_irq_handler+0x2e2>
10000dcc:	e747      	b.n	10000c5e <alarm_pool_irq_handler+0x172>
10000dce:	e74c      	b.n	10000c6a <alarm_pool_irq_handler+0x17e>
10000dd0:	20001b14 	.word	0x20001b14
10000dd4:	4005703c 	.word	0x4005703c
10000dd8:	10000aed 	.word	0x10000aed
10000ddc:	40054000 	.word	0x40054000

10000de0 <runtime_init_default_alarm_pool>:
10000de0:	b570      	push	{r4, r5, r6, lr}
10000de2:	4c2d      	ldr	r4, [pc, #180]	@ (10000e98 <runtime_init_default_alarm_pool+0xb8>)
10000de4:	6925      	ldr	r5, [r4, #16]
10000de6:	2d00      	cmp	r5, #0
10000de8:	d004      	beq.n	10000df4 <runtime_init_default_alarm_pool+0x14>
10000dea:	210a      	movs	r1, #10
10000dec:	482b      	ldr	r0, [pc, #172]	@ (10000e9c <runtime_init_default_alarm_pool+0xbc>)
10000dee:	f7ff fe0f 	bl	10000a10 <lock_init>
10000df2:	bd70      	pop	{r4, r5, r6, pc}
10000df4:	4e2a      	ldr	r6, [pc, #168]	@ (10000ea0 <runtime_init_default_alarm_pool+0xc0>)
10000df6:	2103      	movs	r1, #3
10000df8:	4829      	ldr	r0, [pc, #164]	@ (10000ea0 <runtime_init_default_alarm_pool+0xc0>)
10000dfa:	f000 fa8f 	bl	1000131c <timer_hardware_alarm_claim>
10000dfe:	60e6      	str	r6, [r4, #12]
10000e00:	f7ff fc02 	bl	10000608 <next_striped_spin_lock_num>
10000e04:	4b27      	ldr	r3, [pc, #156]	@ (10000ea4 <runtime_init_default_alarm_pool+0xc4>)
10000e06:	2203      	movs	r2, #3
10000e08:	18c0      	adds	r0, r0, r3
10000e0a:	23d0      	movs	r3, #208	@ 0xd0
10000e0c:	7022      	strb	r2, [r4, #0]
10000e0e:	061b      	lsls	r3, r3, #24
10000e10:	681b      	ldr	r3, [r3, #0]
10000e12:	2101      	movs	r1, #1
10000e14:	7063      	strb	r3, [r4, #1]
10000e16:	4b24      	ldr	r3, [pc, #144]	@ (10000ea8 <runtime_init_default_alarm_pool+0xc8>)
10000e18:	0080      	lsls	r0, r0, #2
10000e1a:	60a3      	str	r3, [r4, #8]
10000e1c:	230f      	movs	r3, #15
10000e1e:	6120      	str	r0, [r4, #16]
10000e20:	2002      	movs	r0, #2
10000e22:	8063      	strh	r3, [r4, #2]
10000e24:	6963      	ldr	r3, [r4, #20]
10000e26:	4249      	negs	r1, r1
10000e28:	80a1      	strh	r1, [r4, #4]
10000e2a:	8019      	strh	r1, [r3, #0]
10000e2c:	3102      	adds	r1, #2
10000e2e:	8619      	strh	r1, [r3, #48]	@ 0x30
10000e30:	3147      	adds	r1, #71	@ 0x47
10000e32:	831d      	strh	r5, [r3, #24]
10000e34:	5258      	strh	r0, [r3, r1]
10000e36:	3118      	adds	r1, #24
10000e38:	525a      	strh	r2, [r3, r1]
10000e3a:	3275      	adds	r2, #117	@ 0x75
10000e3c:	395c      	subs	r1, #92	@ 0x5c
10000e3e:	5299      	strh	r1, [r3, r2]
10000e40:	3218      	adds	r2, #24
10000e42:	3101      	adds	r1, #1
10000e44:	5299      	strh	r1, [r3, r2]
10000e46:	3218      	adds	r2, #24
10000e48:	3101      	adds	r1, #1
10000e4a:	5299      	strh	r1, [r3, r2]
10000e4c:	3218      	adds	r2, #24
10000e4e:	3101      	adds	r1, #1
10000e50:	5299      	strh	r1, [r3, r2]
10000e52:	3508      	adds	r5, #8
10000e54:	3218      	adds	r2, #24
10000e56:	529d      	strh	r5, [r3, r2]
10000e58:	3102      	adds	r1, #2
10000e5a:	3218      	adds	r2, #24
10000e5c:	5299      	strh	r1, [r3, r2]
10000e5e:	3218      	adds	r2, #24
10000e60:	3101      	adds	r1, #1
10000e62:	5299      	strh	r1, [r3, r2]
10000e64:	3218      	adds	r2, #24
10000e66:	3101      	adds	r1, #1
10000e68:	5299      	strh	r1, [r3, r2]
10000e6a:	3218      	adds	r2, #24
10000e6c:	3101      	adds	r1, #1
10000e6e:	5299      	strh	r1, [r3, r2]
10000e70:	3218      	adds	r2, #24
10000e72:	3101      	adds	r1, #1
10000e74:	5299      	strh	r1, [r3, r2]
10000e76:	3218      	adds	r2, #24
10000e78:	3101      	adds	r1, #1
10000e7a:	5299      	strh	r1, [r3, r2]
10000e7c:	4b0b      	ldr	r3, [pc, #44]	@ (10000eac <runtime_init_default_alarm_pool+0xcc>)
10000e7e:	490c      	ldr	r1, [pc, #48]	@ (10000eb0 <runtime_init_default_alarm_pool+0xd0>)
10000e80:	60dc      	str	r4, [r3, #12]
10000e82:	3001      	adds	r0, #1
10000e84:	6235      	str	r5, [r6, #32]
10000e86:	f7ff fc43 	bl	10000710 <irq_set_exclusive_handler>
10000e8a:	2101      	movs	r1, #1
10000e8c:	2003      	movs	r0, #3
10000e8e:	f7ff fc09 	bl	100006a4 <irq_set_enabled>
10000e92:	4b08      	ldr	r3, [pc, #32]	@ (10000eb4 <runtime_init_default_alarm_pool+0xd4>)
10000e94:	601d      	str	r5, [r3, #0]
10000e96:	e7a8      	b.n	10000dea <runtime_init_default_alarm_pool+0xa>
10000e98:	20000fb0 	.word	0x20000fb0
10000e9c:	20001c30 	.word	0x20001c30
10000ea0:	40054000 	.word	0x40054000
10000ea4:	34000040 	.word	0x34000040
10000ea8:	0010ffff 	.word	0x0010ffff
10000eac:	20001b14 	.word	0x20001b14
10000eb0:	10000aed 	.word	0x10000aed
10000eb4:	40056038 	.word	0x40056038

10000eb8 <alarm_pool_get_default>:
10000eb8:	4800      	ldr	r0, [pc, #0]	@ (10000ebc <alarm_pool_get_default+0x4>)
10000eba:	4770      	bx	lr
10000ebc:	20000fb0 	.word	0x20000fb0

10000ec0 <alarm_pool_add_alarm_at>:
10000ec0:	b5f8      	push	{r3, r4, r5, r6, r7, lr}
10000ec2:	001f      	movs	r7, r3
10000ec4:	ab08      	add	r3, sp, #32
10000ec6:	781b      	ldrb	r3, [r3, #0]
10000ec8:	0004      	movs	r4, r0
10000eca:	0016      	movs	r6, r2
10000ecc:	2b00      	cmp	r3, #0
10000ece:	d107      	bne.n	10000ee0 <alarm_pool_add_alarm_at+0x20>
10000ed0:	f000 fa36 	bl	10001340 <time_us_64>
10000ed4:	0032      	movs	r2, r6
10000ed6:	003b      	movs	r3, r7
10000ed8:	1a12      	subs	r2, r2, r0
10000eda:	418b      	sbcs	r3, r1
10000edc:	2b00      	cmp	r3, #0
10000ede:	db51      	blt.n	10000f84 <alarm_pool_add_alarm_at+0xc4>
10000ee0:	6922      	ldr	r2, [r4, #16]
10000ee2:	f3ef 8c10 	mrs	ip, PRIMASK
10000ee6:	b672      	cpsid	i
10000ee8:	6813      	ldr	r3, [r2, #0]
10000eea:	2b00      	cmp	r3, #0
10000eec:	d0fc      	beq.n	10000ee8 <alarm_pool_add_alarm_at+0x28>
10000eee:	f3bf 8f5f 	dmb	sy
10000ef2:	2302      	movs	r3, #2
10000ef4:	5ee1      	ldrsh	r1, [r4, r3]
10000ef6:	6925      	ldr	r5, [r4, #16]
10000ef8:	2900      	cmp	r1, #0
10000efa:	db3a      	blt.n	10000f72 <alarm_pool_add_alarm_at+0xb2>
10000efc:	004b      	lsls	r3, r1, #1
10000efe:	6960      	ldr	r0, [r4, #20]
10000f00:	185b      	adds	r3, r3, r1
10000f02:	00db      	lsls	r3, r3, #3
10000f04:	18c2      	adds	r2, r0, r3
10000f06:	5ac3      	ldrh	r3, [r0, r3]
10000f08:	8063      	strh	r3, [r4, #2]
10000f0a:	f3bf 8f5f 	dmb	sy
10000f0e:	2300      	movs	r3, #0
10000f10:	602b      	str	r3, [r5, #0]
10000f12:	f38c 8810 	msr	PRIMASK, ip
10000f16:	9b06      	ldr	r3, [sp, #24]
10000f18:	6096      	str	r6, [r2, #8]
10000f1a:	60d7      	str	r7, [r2, #12]
10000f1c:	6113      	str	r3, [r2, #16]
10000f1e:	9b07      	ldr	r3, [sp, #28]
10000f20:	6153      	str	r3, [r2, #20]
10000f22:	8853      	ldrh	r3, [r2, #2]
10000f24:	3301      	adds	r3, #1
10000f26:	045b      	lsls	r3, r3, #17
10000f28:	0c5b      	lsrs	r3, r3, #17
10000f2a:	1c18      	adds	r0, r3, #0
10000f2c:	2b00      	cmp	r3, #0
10000f2e:	d01e      	beq.n	10000f6e <alarm_pool_add_alarm_at+0xae>
10000f30:	b283      	uxth	r3, r0
10000f32:	8050      	strh	r0, [r2, #2]
10000f34:	0408      	lsls	r0, r1, #16
10000f36:	4318      	orrs	r0, r3
10000f38:	6925      	ldr	r5, [r4, #16]
10000f3a:	f3ef 8610 	mrs	r6, PRIMASK
10000f3e:	b672      	cpsid	i
10000f40:	682b      	ldr	r3, [r5, #0]
10000f42:	2b00      	cmp	r3, #0
10000f44:	d0fc      	beq.n	10000f40 <alarm_pool_add_alarm_at+0x80>
10000f46:	f3bf 8f5f 	dmb	sy
10000f4a:	88a3      	ldrh	r3, [r4, #4]
10000f4c:	8013      	strh	r3, [r2, #0]
10000f4e:	80a1      	strh	r1, [r4, #4]
10000f50:	6923      	ldr	r3, [r4, #16]
10000f52:	f3bf 8f5f 	dmb	sy
10000f56:	2200      	movs	r2, #0
10000f58:	601a      	str	r2, [r3, #0]
10000f5a:	f386 8810 	msr	PRIMASK, r6
10000f5e:	7823      	ldrb	r3, [r4, #0]
10000f60:	3201      	adds	r2, #1
10000f62:	409a      	lsls	r2, r3
10000f64:	4908      	ldr	r1, [pc, #32]	@ (10000f88 <alarm_pool_add_alarm_at+0xc8>)
10000f66:	68e3      	ldr	r3, [r4, #12]
10000f68:	185b      	adds	r3, r3, r1
10000f6a:	601a      	str	r2, [r3, #0]
10000f6c:	bdf8      	pop	{r3, r4, r5, r6, r7, pc}
10000f6e:	2001      	movs	r0, #1
10000f70:	e7de      	b.n	10000f30 <alarm_pool_add_alarm_at+0x70>
10000f72:	f3bf 8f5f 	dmb	sy
10000f76:	2300      	movs	r3, #0
10000f78:	602b      	str	r3, [r5, #0]
10000f7a:	f38c 8810 	msr	PRIMASK, ip
10000f7e:	2001      	movs	r0, #1
10000f80:	4240      	negs	r0, r0
10000f82:	e7f3      	b.n	10000f6c <alarm_pool_add_alarm_at+0xac>
10000f84:	2000      	movs	r0, #0
10000f86:	e7f1      	b.n	10000f6c <alarm_pool_add_alarm_at+0xac>
10000f88:	0000203c 	.word	0x0000203c

10000f8c <alarm_pool_add_alarm_at_force_in_context>:
10000f8c:	b570      	push	{r4, r5, r6, lr}
10000f8e:	b082      	sub	sp, #8
10000f90:	9200      	str	r2, [sp, #0]
10000f92:	9301      	str	r3, [sp, #4]
10000f94:	0001      	movs	r1, r0
10000f96:	6902      	ldr	r2, [r0, #16]
10000f98:	f3ef 8410 	mrs	r4, PRIMASK
10000f9c:	b672      	cpsid	i
10000f9e:	6813      	ldr	r3, [r2, #0]
10000fa0:	2b00      	cmp	r3, #0
10000fa2:	d0fc      	beq.n	10000f9e <alarm_pool_add_alarm_at_force_in_context+0x12>
10000fa4:	f3bf 8f5f 	dmb	sy
10000fa8:	2302      	movs	r3, #2
10000faa:	5ec8      	ldrsh	r0, [r1, r3]
10000fac:	690d      	ldr	r5, [r1, #16]
10000fae:	2800      	cmp	r0, #0
10000fb0:	db3f      	blt.n	10001032 <alarm_pool_add_alarm_at_force_in_context+0xa6>
10000fb2:	694a      	ldr	r2, [r1, #20]
10000fb4:	0043      	lsls	r3, r0, #1
10000fb6:	0016      	movs	r6, r2
10000fb8:	181b      	adds	r3, r3, r0
10000fba:	00db      	lsls	r3, r3, #3
10000fbc:	18d2      	adds	r2, r2, r3
10000fbe:	5af3      	ldrh	r3, [r6, r3]
10000fc0:	804b      	strh	r3, [r1, #2]
10000fc2:	f3bf 8f5f 	dmb	sy
10000fc6:	2300      	movs	r3, #0
10000fc8:	602b      	str	r3, [r5, #0]
10000fca:	f384 8810 	msr	PRIMASK, r4
10000fce:	9b06      	ldr	r3, [sp, #24]
10000fd0:	6113      	str	r3, [r2, #16]
10000fd2:	9b07      	ldr	r3, [sp, #28]
10000fd4:	6153      	str	r3, [r2, #20]
10000fd6:	9b00      	ldr	r3, [sp, #0]
10000fd8:	9c01      	ldr	r4, [sp, #4]
10000fda:	6093      	str	r3, [r2, #8]
10000fdc:	60d4      	str	r4, [r2, #12]
10000fde:	8853      	ldrh	r3, [r2, #2]
10000fe0:	3301      	adds	r3, #1
10000fe2:	045b      	lsls	r3, r3, #17
10000fe4:	0c5b      	lsrs	r3, r3, #17
10000fe6:	1c1d      	adds	r5, r3, #0
10000fe8:	2b00      	cmp	r3, #0
10000fea:	d020      	beq.n	1000102e <alarm_pool_add_alarm_at_force_in_context+0xa2>
10000fec:	b2ac      	uxth	r4, r5
10000fee:	0403      	lsls	r3, r0, #16
10000ff0:	8055      	strh	r5, [r2, #2]
10000ff2:	4323      	orrs	r3, r4
10000ff4:	690d      	ldr	r5, [r1, #16]
10000ff6:	f3ef 8c10 	mrs	ip, PRIMASK
10000ffa:	b672      	cpsid	i
10000ffc:	682c      	ldr	r4, [r5, #0]
10000ffe:	2c00      	cmp	r4, #0
10001000:	d0fc      	beq.n	10000ffc <alarm_pool_add_alarm_at_force_in_context+0x70>
10001002:	f3bf 8f5f 	dmb	sy
10001006:	888c      	ldrh	r4, [r1, #4]
10001008:	8014      	strh	r4, [r2, #0]
1000100a:	8088      	strh	r0, [r1, #4]
1000100c:	690a      	ldr	r2, [r1, #16]
1000100e:	f3bf 8f5f 	dmb	sy
10001012:	2000      	movs	r0, #0
10001014:	6010      	str	r0, [r2, #0]
10001016:	f38c 8810 	msr	PRIMASK, ip
1000101a:	780a      	ldrb	r2, [r1, #0]
1000101c:	3001      	adds	r0, #1
1000101e:	4090      	lsls	r0, r2
10001020:	68ca      	ldr	r2, [r1, #12]
10001022:	4908      	ldr	r1, [pc, #32]	@ (10001044 <alarm_pool_add_alarm_at_force_in_context+0xb8>)
10001024:	1852      	adds	r2, r2, r1
10001026:	6010      	str	r0, [r2, #0]
10001028:	0018      	movs	r0, r3
1000102a:	b002      	add	sp, #8
1000102c:	bd70      	pop	{r4, r5, r6, pc}
1000102e:	2501      	movs	r5, #1
10001030:	e7dc      	b.n	10000fec <alarm_pool_add_alarm_at_force_in_context+0x60>
10001032:	f3bf 8f5f 	dmb	sy
10001036:	2300      	movs	r3, #0
10001038:	602b      	str	r3, [r5, #0]
1000103a:	f384 8810 	msr	PRIMASK, r4
1000103e:	3b01      	subs	r3, #1
10001040:	e7f2      	b.n	10001028 <alarm_pool_add_alarm_at_force_in_context+0x9c>
10001042:	46c0      	nop			@ (mov r8, r8)
10001044:	0000203c 	.word	0x0000203c

10001048 <alarm_pool_cancel_alarm>:
10001048:	b510      	push	{r4, lr}
1000104a:	8943      	ldrh	r3, [r0, #10]
1000104c:	140a      	asrs	r2, r1, #16
1000104e:	4293      	cmp	r3, r2
10001050:	dd1a      	ble.n	10001088 <alarm_pool_cancel_alarm+0x40>
10001052:	0053      	lsls	r3, r2, #1
10001054:	189b      	adds	r3, r3, r2
10001056:	6942      	ldr	r2, [r0, #20]
10001058:	00db      	lsls	r3, r3, #3
1000105a:	18d3      	adds	r3, r2, r3
1000105c:	6904      	ldr	r4, [r0, #16]
1000105e:	f3ef 8c10 	mrs	ip, PRIMASK
10001062:	b672      	cpsid	i
10001064:	6822      	ldr	r2, [r4, #0]
10001066:	2a00      	cmp	r2, #0
10001068:	d0fc      	beq.n	10001064 <alarm_pool_cancel_alarm+0x1c>
1000106a:	f3bf 8f5f 	dmb	sy
1000106e:	885a      	ldrh	r2, [r3, #2]
10001070:	0409      	lsls	r1, r1, #16
10001072:	b294      	uxth	r4, r2
10001074:	0c09      	lsrs	r1, r1, #16
10001076:	428a      	cmp	r2, r1
10001078:	d008      	beq.n	1000108c <alarm_pool_cancel_alarm+0x44>
1000107a:	6903      	ldr	r3, [r0, #16]
1000107c:	f3bf 8f5f 	dmb	sy
10001080:	2200      	movs	r2, #0
10001082:	601a      	str	r2, [r3, #0]
10001084:	f38c 8810 	msr	PRIMASK, ip
10001088:	2000      	movs	r0, #0
1000108a:	bd10      	pop	{r4, pc}
1000108c:	4a09      	ldr	r2, [pc, #36]	@ (100010b4 <alarm_pool_cancel_alarm+0x6c>)
1000108e:	4322      	orrs	r2, r4
10001090:	805a      	strh	r2, [r3, #2]
10001092:	2301      	movs	r3, #1
10001094:	6902      	ldr	r2, [r0, #16]
10001096:	7183      	strb	r3, [r0, #6]
10001098:	f3bf 8f5f 	dmb	sy
1000109c:	2100      	movs	r1, #0
1000109e:	6011      	str	r1, [r2, #0]
100010a0:	f38c 8810 	msr	PRIMASK, ip
100010a4:	7802      	ldrb	r2, [r0, #0]
100010a6:	4904      	ldr	r1, [pc, #16]	@ (100010b8 <alarm_pool_cancel_alarm+0x70>)
100010a8:	4093      	lsls	r3, r2
100010aa:	68c2      	ldr	r2, [r0, #12]
100010ac:	2001      	movs	r0, #1
100010ae:	1852      	adds	r2, r2, r1
100010b0:	6013      	str	r3, [r2, #0]
100010b2:	e7ea      	b.n	1000108a <alarm_pool_cancel_alarm+0x42>
100010b4:	ffff8000 	.word	0xffff8000
100010b8:	0000203c 	.word	0x0000203c

100010bc <alarm_pool_core_num>:
100010bc:	7840      	ldrb	r0, [r0, #1]
100010be:	4770      	bx	lr

100010c0 <sleep_ms>:
100010c0:	b5f0      	push	{r4, r5, r6, r7, lr}
100010c2:	46c6      	mov	lr, r8
100010c4:	b500      	push	{lr}
100010c6:	b082      	sub	sp, #8
100010c8:	0004      	movs	r4, r0
100010ca:	f000 f939 	bl	10001340 <time_us_64>
100010ce:	22fa      	movs	r2, #250	@ 0xfa
100010d0:	0006      	movs	r6, r0
100010d2:	000f      	movs	r7, r1
100010d4:	0020      	movs	r0, r4
100010d6:	2300      	movs	r3, #0
100010d8:	2100      	movs	r1, #0
100010da:	0092      	lsls	r2, r2, #2
100010dc:	f001 f80a 	bl	100020f4 <__wrap___aeabi_lmul>
100010e0:	1980      	adds	r0, r0, r6
100010e2:	4179      	adcs	r1, r7
100010e4:	0004      	movs	r4, r0
100010e6:	1e0d      	subs	r5, r1, #0
100010e8:	da02      	bge.n	100010f0 <sleep_ms+0x30>
100010ea:	2401      	movs	r4, #1
100010ec:	4d2e      	ldr	r5, [pc, #184]	@ (100011a8 <sleep_ms+0xe8>)
100010ee:	4264      	negs	r4, r4
100010f0:	2606      	movs	r6, #6
100010f2:	4276      	negs	r6, r6
100010f4:	17f7      	asrs	r7, r6, #31
100010f6:	1936      	adds	r6, r6, r4
100010f8:	416f      	adcs	r7, r5
100010fa:	42af      	cmp	r7, r5
100010fc:	d814      	bhi.n	10001128 <sleep_ms+0x68>
100010fe:	d011      	beq.n	10001124 <sleep_ms+0x64>
10001100:	f000 f91e 	bl	10001340 <time_us_64>
10001104:	0032      	movs	r2, r6
10001106:	003b      	movs	r3, r7
10001108:	1a12      	subs	r2, r2, r0
1000110a:	418b      	sbcs	r3, r1
1000110c:	2b00      	cmp	r3, #0
1000110e:	dc15      	bgt.n	1000113c <sleep_ms+0x7c>
10001110:	2b00      	cmp	r3, #0
10001112:	d046      	beq.n	100011a2 <sleep_ms+0xe2>
10001114:	0020      	movs	r0, r4
10001116:	0029      	movs	r1, r5
10001118:	f000 f91c 	bl	10001354 <busy_wait_until>
1000111c:	b002      	add	sp, #8
1000111e:	bc80      	pop	{r7}
10001120:	46b8      	mov	r8, r7
10001122:	bdf0      	pop	{r4, r5, r6, r7, pc}
10001124:	42a6      	cmp	r6, r4
10001126:	d9eb      	bls.n	10001100 <sleep_ms+0x40>
10001128:	2600      	movs	r6, #0
1000112a:	2700      	movs	r7, #0
1000112c:	f000 f908 	bl	10001340 <time_us_64>
10001130:	0032      	movs	r2, r6
10001132:	003b      	movs	r3, r7
10001134:	1a12      	subs	r2, r2, r0
10001136:	418b      	sbcs	r3, r1
10001138:	2b00      	cmp	r3, #0
1000113a:	dde9      	ble.n	10001110 <sleep_ms+0x50>
1000113c:	f000 f900 	bl	10001340 <time_us_64>
10001140:	0032      	movs	r2, r6
10001142:	003b      	movs	r3, r7
10001144:	1a12      	subs	r2, r2, r0
10001146:	418b      	sbcs	r3, r1
10001148:	2b00      	cmp	r3, #0
1000114a:	db0a      	blt.n	10001162 <sleep_ms+0xa2>
1000114c:	2300      	movs	r3, #0
1000114e:	9301      	str	r3, [sp, #4]
10001150:	4b16      	ldr	r3, [pc, #88]	@ (100011ac <sleep_ms+0xec>)
10001152:	0032      	movs	r2, r6
10001154:	9300      	str	r3, [sp, #0]
10001156:	4816      	ldr	r0, [pc, #88]	@ (100011b0 <sleep_ms+0xf0>)
10001158:	003b      	movs	r3, r7
1000115a:	f7ff ff17 	bl	10000f8c <alarm_pool_add_alarm_at_force_in_context>
1000115e:	3001      	adds	r0, #1
10001160:	d0d8      	beq.n	10001114 <sleep_ms+0x54>
10001162:	2300      	movs	r3, #0
10001164:	0039      	movs	r1, r7
10001166:	46b0      	mov	r8, r6
10001168:	469c      	mov	ip, r3
1000116a:	4a12      	ldr	r2, [pc, #72]	@ (100011b4 <sleep_ms+0xf4>)
1000116c:	4812      	ldr	r0, [pc, #72]	@ (100011b8 <sleep_ms+0xf8>)
1000116e:	6a53      	ldr	r3, [r2, #36]	@ 0x24
10001170:	4299      	cmp	r1, r3
10001172:	d804      	bhi.n	1000117e <sleep_ms+0xbe>
10001174:	6a96      	ldr	r6, [r2, #40]	@ 0x28
10001176:	4546      	cmp	r6, r8
10001178:	d2cc      	bcs.n	10001114 <sleep_ms+0x54>
1000117a:	4299      	cmp	r1, r3
1000117c:	d1ca      	bne.n	10001114 <sleep_ms+0x54>
1000117e:	6806      	ldr	r6, [r0, #0]
10001180:	f3ef 8710 	mrs	r7, PRIMASK
10001184:	b672      	cpsid	i
10001186:	6833      	ldr	r3, [r6, #0]
10001188:	2b00      	cmp	r3, #0
1000118a:	d0fc      	beq.n	10001186 <sleep_ms+0xc6>
1000118c:	f3bf 8f5f 	dmb	sy
10001190:	6803      	ldr	r3, [r0, #0]
10001192:	f3bf 8f5f 	dmb	sy
10001196:	4666      	mov	r6, ip
10001198:	601e      	str	r6, [r3, #0]
1000119a:	f387 8810 	msr	PRIMASK, r7
1000119e:	bf20      	wfe
100011a0:	e7e5      	b.n	1000116e <sleep_ms+0xae>
100011a2:	2a00      	cmp	r2, #0
100011a4:	d0b6      	beq.n	10001114 <sleep_ms+0x54>
100011a6:	e7c9      	b.n	1000113c <sleep_ms+0x7c>
100011a8:	7fffffff 	.word	0x7fffffff
100011ac:	10000abd 	.word	0x10000abd
100011b0:	20000fb0 	.word	0x20000fb0
100011b4:	40054000 	.word	0x40054000
100011b8:	20001c30 	.word	0x20001c30

100011bc <best_effort_wfe_or_timeout>:
100011bc:	b5f0      	push	{r4, r5, r6, r7, lr}
100011be:	46ce      	mov	lr, r9
100011c0:	4647      	mov	r7, r8
100011c2:	b580      	push	{r7, lr}
100011c4:	0004      	movs	r4, r0
100011c6:	000d      	movs	r5, r1
100011c8:	b085      	sub	sp, #20
100011ca:	f3ef 8305 	mrs	r3, IPSR
100011ce:	4689      	mov	r9, r1
100011d0:	2b00      	cmp	r3, #0
100011d2:	d132      	bne.n	1000123a <best_effort_wfe_or_timeout+0x7e>
100011d4:	4e40      	ldr	r6, [pc, #256]	@ (100012d8 <best_effort_wfe_or_timeout+0x11c>)
100011d6:	6833      	ldr	r3, [r6, #0]
100011d8:	4283      	cmp	r3, r0
100011da:	d02a      	beq.n	10001232 <best_effort_wfe_or_timeout+0x76>
100011dc:	4f3f      	ldr	r7, [pc, #252]	@ (100012dc <best_effort_wfe_or_timeout+0x120>)
100011de:	68fb      	ldr	r3, [r7, #12]
100011e0:	783a      	ldrb	r2, [r7, #0]
100011e2:	4698      	mov	r8, r3
100011e4:	0018      	movs	r0, r3
100011e6:	9203      	str	r2, [sp, #12]
100011e8:	f000 f8a2 	bl	10001330 <timer_time_us_64>
100011ec:	9a03      	ldr	r2, [sp, #12]
100011ee:	1d13      	adds	r3, r2, #4
100011f0:	4642      	mov	r2, r8
100011f2:	009b      	lsls	r3, r3, #2
100011f4:	589b      	ldr	r3, [r3, r2]
100011f6:	0022      	movs	r2, r4
100011f8:	1a1b      	subs	r3, r3, r0
100011fa:	469c      	mov	ip, r3
100011fc:	002b      	movs	r3, r5
100011fe:	1a12      	subs	r2, r2, r0
10001200:	418b      	sbcs	r3, r1
10001202:	0019      	movs	r1, r3
10001204:	2300      	movs	r3, #0
10001206:	0010      	movs	r0, r2
10001208:	428b      	cmp	r3, r1
1000120a:	dc25      	bgt.n	10001258 <best_effort_wfe_or_timeout+0x9c>
1000120c:	d022      	beq.n	10001254 <best_effort_wfe_or_timeout+0x98>
1000120e:	bf20      	wfe
10001210:	4b33      	ldr	r3, [pc, #204]	@ (100012e0 <best_effort_wfe_or_timeout+0x124>)
10001212:	6a58      	ldr	r0, [r3, #36]	@ 0x24
10001214:	4548      	cmp	r0, r9
10001216:	d32b      	bcc.n	10001270 <best_effort_wfe_or_timeout+0xb4>
10001218:	1b40      	subs	r0, r0, r5
1000121a:	6a9a      	ldr	r2, [r3, #40]	@ 0x28
1000121c:	1e43      	subs	r3, r0, #1
1000121e:	4198      	sbcs	r0, r3
10001220:	2300      	movs	r3, #0
10001222:	42a2      	cmp	r2, r4
10001224:	415b      	adcs	r3, r3
10001226:	4318      	orrs	r0, r3
10001228:	b005      	add	sp, #20
1000122a:	bcc0      	pop	{r6, r7}
1000122c:	46b9      	mov	r9, r7
1000122e:	46b0      	mov	r8, r6
10001230:	bdf0      	pop	{r4, r5, r6, r7, pc}
10001232:	6873      	ldr	r3, [r6, #4]
10001234:	428b      	cmp	r3, r1
10001236:	d1d1      	bne.n	100011dc <best_effort_wfe_or_timeout+0x20>
10001238:	e7e9      	b.n	1000120e <best_effort_wfe_or_timeout+0x52>
1000123a:	4929      	ldr	r1, [pc, #164]	@ (100012e0 <best_effort_wfe_or_timeout+0x124>)
1000123c:	2000      	movs	r0, #0
1000123e:	6a4b      	ldr	r3, [r1, #36]	@ 0x24
10001240:	42ab      	cmp	r3, r5
10001242:	d3f1      	bcc.n	10001228 <best_effort_wfe_or_timeout+0x6c>
10001244:	6a8a      	ldr	r2, [r1, #40]	@ 0x28
10001246:	1b5b      	subs	r3, r3, r5
10001248:	1e59      	subs	r1, r3, #1
1000124a:	418b      	sbcs	r3, r1
1000124c:	42a2      	cmp	r2, r4
1000124e:	4140      	adcs	r0, r0
10001250:	4318      	orrs	r0, r3
10001252:	e7e9      	b.n	10001228 <best_effort_wfe_or_timeout+0x6c>
10001254:	4584      	cmp	ip, r0
10001256:	d9da      	bls.n	1000120e <best_effort_wfe_or_timeout+0x52>
10001258:	f000 f872 	bl	10001340 <time_us_64>
1000125c:	0022      	movs	r2, r4
1000125e:	002b      	movs	r3, r5
10001260:	1a12      	subs	r2, r2, r0
10001262:	418b      	sbcs	r3, r1
10001264:	2b00      	cmp	r3, #0
10001266:	da05      	bge.n	10001274 <best_effort_wfe_or_timeout+0xb8>
10001268:	4a1d      	ldr	r2, [pc, #116]	@ (100012e0 <best_effort_wfe_or_timeout+0x124>)
1000126a:	6a53      	ldr	r3, [r2, #36]	@ 0x24
1000126c:	454b      	cmp	r3, r9
1000126e:	d229      	bcs.n	100012c4 <best_effort_wfe_or_timeout+0x108>
10001270:	2000      	movs	r0, #0
10001272:	e7d9      	b.n	10001228 <best_effort_wfe_or_timeout+0x6c>
10001274:	2300      	movs	r3, #0
10001276:	9301      	str	r3, [sp, #4]
10001278:	4b1a      	ldr	r3, [pc, #104]	@ (100012e4 <best_effort_wfe_or_timeout+0x128>)
1000127a:	0022      	movs	r2, r4
1000127c:	9300      	str	r3, [sp, #0]
1000127e:	0038      	movs	r0, r7
10001280:	002b      	movs	r3, r5
10001282:	f7ff fe83 	bl	10000f8c <alarm_pool_add_alarm_at_force_in_context>
10001286:	2800      	cmp	r0, #0
10001288:	ddee      	ble.n	10001268 <best_effort_wfe_or_timeout+0xac>
1000128a:	4b15      	ldr	r3, [pc, #84]	@ (100012e0 <best_effort_wfe_or_timeout+0x124>)
1000128c:	c630      	stmia	r6!, {r4, r5}
1000128e:	6a5a      	ldr	r2, [r3, #36]	@ 0x24
10001290:	454a      	cmp	r2, r9
10001292:	d315      	bcc.n	100012c0 <best_effort_wfe_or_timeout+0x104>
10001294:	6a9b      	ldr	r3, [r3, #40]	@ 0x28
10001296:	42a3      	cmp	r3, r4
10001298:	d310      	bcc.n	100012bc <best_effort_wfe_or_timeout+0x100>
1000129a:	0001      	movs	r1, r0
1000129c:	0038      	movs	r0, r7
1000129e:	f7ff fed3 	bl	10001048 <alarm_pool_cancel_alarm>
100012a2:	4a0f      	ldr	r2, [pc, #60]	@ (100012e0 <best_effort_wfe_or_timeout+0x124>)
100012a4:	2000      	movs	r0, #0
100012a6:	6a53      	ldr	r3, [r2, #36]	@ 0x24
100012a8:	454b      	cmp	r3, r9
100012aa:	d3bd      	bcc.n	10001228 <best_effort_wfe_or_timeout+0x6c>
100012ac:	6a92      	ldr	r2, [r2, #40]	@ 0x28
100012ae:	1b5b      	subs	r3, r3, r5
100012b0:	1e59      	subs	r1, r3, #1
100012b2:	418b      	sbcs	r3, r1
100012b4:	42a2      	cmp	r2, r4
100012b6:	4140      	adcs	r0, r0
100012b8:	4318      	orrs	r0, r3
100012ba:	e7b5      	b.n	10001228 <best_effort_wfe_or_timeout+0x6c>
100012bc:	454a      	cmp	r2, r9
100012be:	d1ec      	bne.n	1000129a <best_effort_wfe_or_timeout+0xde>
100012c0:	bf20      	wfe
100012c2:	e7ea      	b.n	1000129a <best_effort_wfe_or_timeout+0xde>
100012c4:	2000      	movs	r0, #0
100012c6:	6a92      	ldr	r2, [r2, #40]	@ 0x28
100012c8:	1b5b      	subs	r3, r3, r5
100012ca:	42a2      	cmp	r2, r4
100012cc:	4140      	adcs	r0, r0
100012ce:	1e5a      	subs	r2, r3, #1
100012d0:	4193      	sbcs	r3, r2
100012d2:	4318      	orrs	r0, r3
100012d4:	e7a8      	b.n	10001228 <best_effort_wfe_or_timeout+0x6c>
100012d6:	46c0      	nop			@ (mov r8, r8)
100012d8:	20000fa8 	.word	0x20000fa8
100012dc:	20000fb0 	.word	0x20000fb0
100012e0:	40054000 	.word	0x40054000
100012e4:	10000abd 	.word	0x10000abd

100012e8 <check_single_timeout_us>:
100012e8:	6803      	ldr	r3, [r0, #0]
100012ea:	4908      	ldr	r1, [pc, #32]	@ (1000130c <check_single_timeout_us+0x24>)
100012ec:	469c      	mov	ip, r3
100012ee:	6a4a      	ldr	r2, [r1, #36]	@ 0x24
100012f0:	6843      	ldr	r3, [r0, #4]
100012f2:	2000      	movs	r0, #0
100012f4:	4293      	cmp	r3, r2
100012f6:	d807      	bhi.n	10001308 <check_single_timeout_us+0x20>
100012f8:	1a9b      	subs	r3, r3, r2
100012fa:	1e5a      	subs	r2, r3, #1
100012fc:	4193      	sbcs	r3, r2
100012fe:	4662      	mov	r2, ip
10001300:	6a89      	ldr	r1, [r1, #40]	@ 0x28
10001302:	4291      	cmp	r1, r2
10001304:	4140      	adcs	r0, r0
10001306:	4318      	orrs	r0, r3
10001308:	4770      	bx	lr
1000130a:	46c0      	nop			@ (mov r8, r8)
1000130c:	40054000 	.word	0x40054000

10001310 <init_single_timeout_until>:
10001310:	c00c      	stmia	r0!, {r2, r3}
10001312:	4801      	ldr	r0, [pc, #4]	@ (10001318 <init_single_timeout_until+0x8>)
10001314:	4770      	bx	lr
10001316:	46c0      	nop			@ (mov r8, r8)
10001318:	100012e9 	.word	0x100012e9

1000131c <timer_hardware_alarm_claim>:
1000131c:	b510      	push	{r4, lr}
1000131e:	4a02      	ldr	r2, [pc, #8]	@ (10001328 <timer_hardware_alarm_claim+0xc>)
10001320:	4802      	ldr	r0, [pc, #8]	@ (1000132c <timer_hardware_alarm_claim+0x10>)
10001322:	f7ff f905 	bl	10000530 <hw_claim_or_assert>
10001326:	bd10      	pop	{r4, pc}
10001328:	1000654c 	.word	0x1000654c
1000132c:	200016a0 	.word	0x200016a0

10001330 <timer_time_us_64>:
10001330:	0003      	movs	r3, r0
10001332:	6a41      	ldr	r1, [r0, #36]	@ 0x24
10001334:	000a      	movs	r2, r1
10001336:	6a98      	ldr	r0, [r3, #40]	@ 0x28
10001338:	6a59      	ldr	r1, [r3, #36]	@ 0x24
1000133a:	428a      	cmp	r2, r1
1000133c:	d1fa      	bne.n	10001334 <timer_time_us_64+0x4>
1000133e:	4770      	bx	lr

10001340 <time_us_64>:
10001340:	4b03      	ldr	r3, [pc, #12]	@ (10001350 <time_us_64+0x10>)
10001342:	6a59      	ldr	r1, [r3, #36]	@ 0x24
10001344:	000a      	movs	r2, r1
10001346:	6a98      	ldr	r0, [r3, #40]	@ 0x28
10001348:	6a59      	ldr	r1, [r3, #36]	@ 0x24
1000134a:	4291      	cmp	r1, r2
1000134c:	d1fa      	bne.n	10001344 <time_us_64+0x4>
1000134e:	4770      	bx	lr
10001350:	40054000 	.word	0x40054000

10001354 <busy_wait_until>:
10001354:	4a06      	ldr	r2, [pc, #24]	@ (10001370 <busy_wait_until+0x1c>)
10001356:	6a53      	ldr	r3, [r2, #36]	@ 0x24
10001358:	4299      	cmp	r1, r3
1000135a:	d8fc      	bhi.n	10001356 <busy_wait_until+0x2>
1000135c:	d107      	bne.n	1000136e <busy_wait_until+0x1a>
1000135e:	4b04      	ldr	r3, [pc, #16]	@ (10001370 <busy_wait_until+0x1c>)
10001360:	e002      	b.n	10001368 <busy_wait_until+0x14>
10001362:	6a5a      	ldr	r2, [r3, #36]	@ 0x24
10001364:	4291      	cmp	r1, r2
10001366:	d102      	bne.n	1000136e <busy_wait_until+0x1a>
10001368:	6a9a      	ldr	r2, [r3, #40]	@ 0x28
1000136a:	4290      	cmp	r0, r2
1000136c:	d8f9      	bhi.n	10001362 <busy_wait_until+0xe>
1000136e:	4770      	bx	lr
10001370:	40054000 	.word	0x40054000

10001374 <clock_configure_int_divider>:
10001374:	b5f8      	push	{r3, r4, r5, r6, r7, lr}
10001376:	46de      	mov	lr, fp
10001378:	464e      	mov	r6, r9
1000137a:	4645      	mov	r5, r8
1000137c:	4657      	mov	r7, sl
1000137e:	b5e0      	push	{r5, r6, r7, lr}
10001380:	0005      	movs	r5, r0
10001382:	468b      	mov	fp, r1
10001384:	0018      	movs	r0, r3
10001386:	990a      	ldr	r1, [sp, #40]	@ 0x28
10001388:	4691      	mov	r9, r2
1000138a:	f000 fb39 	bl	10001a00 <__wrap___aeabi_uidiv>
1000138e:	9b0a      	ldr	r3, [sp, #40]	@ 0x28
10001390:	006c      	lsls	r4, r5, #1
10001392:	021e      	lsls	r6, r3, #8
10001394:	1964      	adds	r4, r4, r5
10001396:	4b30      	ldr	r3, [pc, #192]	@ (10001458 <clock_configure_int_divider+0xe4>)
10001398:	00a4      	lsls	r4, r4, #2
1000139a:	18e4      	adds	r4, r4, r3
1000139c:	6863      	ldr	r3, [r4, #4]
1000139e:	4680      	mov	r8, r0
100013a0:	429e      	cmp	r6, r3
100013a2:	d900      	bls.n	100013a6 <clock_configure_int_divider+0x32>
100013a4:	6066      	str	r6, [r4, #4]
100013a6:	1f2f      	subs	r7, r5, #4
100013a8:	b2fb      	uxtb	r3, r7
100013aa:	469a      	mov	sl, r3
100013ac:	2b01      	cmp	r3, #1
100013ae:	d92f      	bls.n	10001410 <clock_configure_int_divider+0x9c>
100013b0:	23c0      	movs	r3, #192	@ 0xc0
100013b2:	2280      	movs	r2, #128	@ 0x80
100013b4:	4f29      	ldr	r7, [pc, #164]	@ (1000145c <clock_configure_int_divider+0xe8>)
100013b6:	00ad      	lsls	r5, r5, #2
100013b8:	019b      	lsls	r3, r3, #6
100013ba:	5979      	ldr	r1, [r7, r5]
100013bc:	0112      	lsls	r2, r2, #4
100013be:	18e3      	adds	r3, r4, r3
100013c0:	601a      	str	r2, [r3, #0]
100013c2:	2900      	cmp	r1, #0
100013c4:	d11b      	bne.n	100013fe <clock_configure_int_divider+0x8a>
100013c6:	464b      	mov	r3, r9
100013c8:	6822      	ldr	r2, [r4, #0]
100013ca:	015b      	lsls	r3, r3, #5
100013cc:	4053      	eors	r3, r2
100013ce:	22e0      	movs	r2, #224	@ 0xe0
100013d0:	4013      	ands	r3, r2
100013d2:	2280      	movs	r2, #128	@ 0x80
100013d4:	0152      	lsls	r2, r2, #5
100013d6:	18a2      	adds	r2, r4, r2
100013d8:	6013      	str	r3, [r2, #0]
100013da:	4653      	mov	r3, sl
100013dc:	2b01      	cmp	r3, #1
100013de:	d92f      	bls.n	10001440 <clock_configure_int_divider+0xcc>
100013e0:	2380      	movs	r3, #128	@ 0x80
100013e2:	2280      	movs	r2, #128	@ 0x80
100013e4:	019b      	lsls	r3, r3, #6
100013e6:	18e3      	adds	r3, r4, r3
100013e8:	0112      	lsls	r2, r2, #4
100013ea:	601a      	str	r2, [r3, #0]
100013ec:	4643      	mov	r3, r8
100013ee:	6066      	str	r6, [r4, #4]
100013f0:	517b      	str	r3, [r7, r5]
100013f2:	bcf0      	pop	{r4, r5, r6, r7}
100013f4:	46bb      	mov	fp, r7
100013f6:	46b2      	mov	sl, r6
100013f8:	46a9      	mov	r9, r5
100013fa:	46a0      	mov	r8, r4
100013fc:	bdf8      	pop	{r3, r4, r5, r6, r7, pc}
100013fe:	6978      	ldr	r0, [r7, #20]
10001400:	f000 fafe 	bl	10001a00 <__wrap___aeabi_uidiv>
10001404:	3001      	adds	r0, #1
10001406:	0043      	lsls	r3, r0, #1
10001408:	181b      	adds	r3, r3, r0
1000140a:	3b03      	subs	r3, #3
1000140c:	d2fd      	bcs.n	1000140a <clock_configure_int_divider+0x96>
1000140e:	e7da      	b.n	100013c6 <clock_configure_int_divider+0x52>
10001410:	465b      	mov	r3, fp
10001412:	2b01      	cmp	r3, #1
10001414:	d1cc      	bne.n	100013b0 <clock_configure_int_divider+0x3c>
10001416:	23c0      	movs	r3, #192	@ 0xc0
10001418:	2203      	movs	r2, #3
1000141a:	019b      	lsls	r3, r3, #6
1000141c:	18e3      	adds	r3, r4, r3
1000141e:	601a      	str	r2, [r3, #0]
10001420:	3a02      	subs	r2, #2
10001422:	68a3      	ldr	r3, [r4, #8]
10001424:	421a      	tst	r2, r3
10001426:	d0fc      	beq.n	10001422 <clock_configure_int_divider+0xae>
10001428:	464a      	mov	r2, r9
1000142a:	6823      	ldr	r3, [r4, #0]
1000142c:	0152      	lsls	r2, r2, #5
1000142e:	405a      	eors	r2, r3
10001430:	23e0      	movs	r3, #224	@ 0xe0
10001432:	4013      	ands	r3, r2
10001434:	2280      	movs	r2, #128	@ 0x80
10001436:	0152      	lsls	r2, r2, #5
10001438:	18a2      	adds	r2, r4, r2
1000143a:	4f08      	ldr	r7, [pc, #32]	@ (1000145c <clock_configure_int_divider+0xe8>)
1000143c:	6013      	str	r3, [r2, #0]
1000143e:	00ad      	lsls	r5, r5, #2
10001440:	4658      	mov	r0, fp
10001442:	2303      	movs	r3, #3
10001444:	6821      	ldr	r1, [r4, #0]
10001446:	4041      	eors	r1, r0
10001448:	400b      	ands	r3, r1
1000144a:	6013      	str	r3, [r2, #0]
1000144c:	2201      	movs	r2, #1
1000144e:	4082      	lsls	r2, r0
10001450:	68a3      	ldr	r3, [r4, #8]
10001452:	421a      	tst	r2, r3
10001454:	d0fc      	beq.n	10001450 <clock_configure_int_divider+0xdc>
10001456:	e7c3      	b.n	100013e0 <clock_configure_int_divider+0x6c>
10001458:	40008000 	.word	0x40008000
1000145c:	200016a4 	.word	0x200016a4

10001460 <clock_configure_undivided>:
10001460:	b5f0      	push	{r4, r5, r6, r7, lr}
10001462:	46d6      	mov	lr, sl
10001464:	464f      	mov	r7, r9
10001466:	4646      	mov	r6, r8
10001468:	0044      	lsls	r4, r0, #1
1000146a:	4698      	mov	r8, r3
1000146c:	1824      	adds	r4, r4, r0
1000146e:	4b32      	ldr	r3, [pc, #200]	@ (10001538 <clock_configure_undivided+0xd8>)
10001470:	00a4      	lsls	r4, r4, #2
10001472:	18e4      	adds	r4, r4, r3
10001474:	6863      	ldr	r3, [r4, #4]
10001476:	468a      	mov	sl, r1
10001478:	4691      	mov	r9, r2
1000147a:	b5c0      	push	{r6, r7, lr}
1000147c:	2bff      	cmp	r3, #255	@ 0xff
1000147e:	d802      	bhi.n	10001486 <clock_configure_undivided+0x26>
10001480:	2380      	movs	r3, #128	@ 0x80
10001482:	005b      	lsls	r3, r3, #1
10001484:	6063      	str	r3, [r4, #4]
10001486:	1f06      	subs	r6, r0, #4
10001488:	b2f6      	uxtb	r6, r6
1000148a:	2e01      	cmp	r6, #1
1000148c:	d92f      	bls.n	100014ee <clock_configure_undivided+0x8e>
1000148e:	23c0      	movs	r3, #192	@ 0xc0
10001490:	2280      	movs	r2, #128	@ 0x80
10001492:	4f2a      	ldr	r7, [pc, #168]	@ (1000153c <clock_configure_undivided+0xdc>)
10001494:	0085      	lsls	r5, r0, #2
10001496:	019b      	lsls	r3, r3, #6
10001498:	5979      	ldr	r1, [r7, r5]
1000149a:	0112      	lsls	r2, r2, #4
1000149c:	18e3      	adds	r3, r4, r3
1000149e:	601a      	str	r2, [r3, #0]
100014a0:	2900      	cmp	r1, #0
100014a2:	d11b      	bne.n	100014dc <clock_configure_undivided+0x7c>
100014a4:	464b      	mov	r3, r9
100014a6:	6822      	ldr	r2, [r4, #0]
100014a8:	015b      	lsls	r3, r3, #5
100014aa:	4053      	eors	r3, r2
100014ac:	22e0      	movs	r2, #224	@ 0xe0
100014ae:	4013      	ands	r3, r2
100014b0:	2280      	movs	r2, #128	@ 0x80
100014b2:	0152      	lsls	r2, r2, #5
100014b4:	18a2      	adds	r2, r4, r2
100014b6:	6013      	str	r3, [r2, #0]
100014b8:	2e01      	cmp	r6, #1
100014ba:	d930      	bls.n	1000151e <clock_configure_undivided+0xbe>
100014bc:	2380      	movs	r3, #128	@ 0x80
100014be:	2280      	movs	r2, #128	@ 0x80
100014c0:	019b      	lsls	r3, r3, #6
100014c2:	18e3      	adds	r3, r4, r3
100014c4:	0112      	lsls	r2, r2, #4
100014c6:	601a      	str	r2, [r3, #0]
100014c8:	2380      	movs	r3, #128	@ 0x80
100014ca:	005b      	lsls	r3, r3, #1
100014cc:	6063      	str	r3, [r4, #4]
100014ce:	4643      	mov	r3, r8
100014d0:	517b      	str	r3, [r7, r5]
100014d2:	bce0      	pop	{r5, r6, r7}
100014d4:	46ba      	mov	sl, r7
100014d6:	46b1      	mov	r9, r6
100014d8:	46a8      	mov	r8, r5
100014da:	bdf0      	pop	{r4, r5, r6, r7, pc}
100014dc:	6978      	ldr	r0, [r7, #20]
100014de:	f000 fa8f 	bl	10001a00 <__wrap___aeabi_uidiv>
100014e2:	3001      	adds	r0, #1
100014e4:	0043      	lsls	r3, r0, #1
100014e6:	181b      	adds	r3, r3, r0
100014e8:	3b03      	subs	r3, #3
100014ea:	d2fd      	bcs.n	100014e8 <clock_configure_undivided+0x88>
100014ec:	e7da      	b.n	100014a4 <clock_configure_undivided+0x44>
100014ee:	4653      	mov	r3, sl
100014f0:	2b01      	cmp	r3, #1
100014f2:	d1cc      	bne.n	1000148e <clock_configure_undivided+0x2e>
100014f4:	23c0      	movs	r3, #192	@ 0xc0
100014f6:	2203      	movs	r2, #3
100014f8:	019b      	lsls	r3, r3, #6
100014fa:	18e3      	adds	r3, r4, r3
100014fc:	601a      	str	r2, [r3, #0]
100014fe:	3a02      	subs	r2, #2
10001500:	68a3      	ldr	r3, [r4, #8]
10001502:	421a      	tst	r2, r3
10001504:	d0fc      	beq.n	10001500 <clock_configure_undivided+0xa0>
10001506:	464a      	mov	r2, r9
10001508:	6823      	ldr	r3, [r4, #0]
1000150a:	0152      	lsls	r2, r2, #5
1000150c:	405a      	eors	r2, r3
1000150e:	23e0      	movs	r3, #224	@ 0xe0
10001510:	4013      	ands	r3, r2
10001512:	2280      	movs	r2, #128	@ 0x80
10001514:	0152      	lsls	r2, r2, #5
10001516:	18a2      	adds	r2, r4, r2
10001518:	4f08      	ldr	r7, [pc, #32]	@ (1000153c <clock_configure_undivided+0xdc>)
1000151a:	6013      	str	r3, [r2, #0]
1000151c:	0085      	lsls	r5, r0, #2
1000151e:	4650      	mov	r0, sl
10001520:	2303      	movs	r3, #3
10001522:	6821      	ldr	r1, [r4, #0]
10001524:	4041      	eors	r1, r0
10001526:	400b      	ands	r3, r1
10001528:	6013      	str	r3, [r2, #0]
1000152a:	2201      	movs	r2, #1
1000152c:	4082      	lsls	r2, r0
1000152e:	68a3      	ldr	r3, [r4, #8]
10001530:	421a      	tst	r2, r3
10001532:	d0fc      	beq.n	1000152e <clock_configure_undivided+0xce>
10001534:	e7c2      	b.n	100014bc <clock_configure_undivided+0x5c>
10001536:	46c0      	nop			@ (mov r8, r8)
10001538:	40008000 	.word	0x40008000
1000153c:	200016a4 	.word	0x200016a4

10001540 <clock_get_hz>:
10001540:	4b01      	ldr	r3, [pc, #4]	@ (10001548 <clock_get_hz+0x8>)
10001542:	0080      	lsls	r0, r0, #2
10001544:	58c0      	ldr	r0, [r0, r3]
10001546:	4770      	bx	lr
10001548:	200016a4 	.word	0x200016a4

1000154c <pll_init>:
1000154c:	b5f0      	push	{r4, r5, r6, r7, lr}
1000154e:	46c6      	mov	lr, r8
10001550:	0004      	movs	r4, r0
10001552:	b500      	push	{lr}
10001554:	4823      	ldr	r0, [pc, #140]	@ (100015e4 <pll_init+0x98>)
10001556:	0016      	movs	r6, r2
10001558:	4698      	mov	r8, r3
1000155a:	000d      	movs	r5, r1
1000155c:	f000 fa50 	bl	10001a00 <__wrap___aeabi_uidiv>
10001560:	0001      	movs	r1, r0
10001562:	0030      	movs	r0, r6
10001564:	f000 fa4c 	bl	10001a00 <__wrap___aeabi_uidiv>
10001568:	4643      	mov	r3, r8
1000156a:	9a06      	ldr	r2, [sp, #24]
1000156c:	041b      	lsls	r3, r3, #16
1000156e:	0312      	lsls	r2, r2, #12
10001570:	4313      	orrs	r3, r2
10001572:	469c      	mov	ip, r3
10001574:	6823      	ldr	r3, [r4, #0]
10001576:	0006      	movs	r6, r0
10001578:	2b00      	cmp	r3, #0
1000157a:	db22      	blt.n	100015c2 <pll_init+0x76>
1000157c:	4b1a      	ldr	r3, [pc, #104]	@ (100015e8 <pll_init+0x9c>)
1000157e:	481b      	ldr	r0, [pc, #108]	@ (100015ec <pll_init+0xa0>)
10001580:	18e2      	adds	r2, r4, r3
10001582:	1e53      	subs	r3, r2, #1
10001584:	419a      	sbcs	r2, r3
10001586:	2380      	movs	r3, #128	@ 0x80
10001588:	4252      	negs	r2, r2
1000158a:	0b12      	lsrs	r2, r2, #12
1000158c:	019b      	lsls	r3, r3, #6
1000158e:	0312      	lsls	r2, r2, #12
10001590:	18d2      	adds	r2, r2, r3
10001592:	4b17      	ldr	r3, [pc, #92]	@ (100015f0 <pll_init+0xa4>)
10001594:	601a      	str	r2, [r3, #0]
10001596:	4b17      	ldr	r3, [pc, #92]	@ (100015f4 <pll_init+0xa8>)
10001598:	601a      	str	r2, [r3, #0]
1000159a:	0013      	movs	r3, r2
1000159c:	6801      	ldr	r1, [r0, #0]
1000159e:	438b      	bics	r3, r1
100015a0:	d1fb      	bne.n	1000159a <pll_init+0x4e>
100015a2:	2221      	movs	r2, #33	@ 0x21
100015a4:	4b14      	ldr	r3, [pc, #80]	@ (100015f8 <pll_init+0xac>)
100015a6:	6025      	str	r5, [r4, #0]
100015a8:	18e3      	adds	r3, r4, r3
100015aa:	60a6      	str	r6, [r4, #8]
100015ac:	601a      	str	r2, [r3, #0]
100015ae:	6822      	ldr	r2, [r4, #0]
100015b0:	2a00      	cmp	r2, #0
100015b2:	dafc      	bge.n	100015ae <pll_init+0x62>
100015b4:	4662      	mov	r2, ip
100015b6:	60e2      	str	r2, [r4, #12]
100015b8:	2208      	movs	r2, #8
100015ba:	601a      	str	r2, [r3, #0]
100015bc:	bc80      	pop	{r7}
100015be:	46b8      	mov	r8, r7
100015c0:	bdf0      	pop	{r4, r5, r6, r7, pc}
100015c2:	233f      	movs	r3, #63	@ 0x3f
100015c4:	6822      	ldr	r2, [r4, #0]
100015c6:	4013      	ands	r3, r2
100015c8:	42ab      	cmp	r3, r5
100015ca:	d1d7      	bne.n	1000157c <pll_init+0x30>
100015cc:	68a3      	ldr	r3, [r4, #8]
100015ce:	051b      	lsls	r3, r3, #20
100015d0:	0d1b      	lsrs	r3, r3, #20
100015d2:	4283      	cmp	r3, r0
100015d4:	d1d2      	bne.n	1000157c <pll_init+0x30>
100015d6:	22ee      	movs	r2, #238	@ 0xee
100015d8:	68e3      	ldr	r3, [r4, #12]
100015da:	02d2      	lsls	r2, r2, #11
100015dc:	4013      	ands	r3, r2
100015de:	4563      	cmp	r3, ip
100015e0:	d1cc      	bne.n	1000157c <pll_init+0x30>
100015e2:	e7eb      	b.n	100015bc <pll_init+0x70>
100015e4:	00b71b00 	.word	0x00b71b00
100015e8:	bffd4000 	.word	0xbffd4000
100015ec:	4000c008 	.word	0x4000c008
100015f0:	4000e000 	.word	0x4000e000
100015f4:	4000f000 	.word	0x4000f000
100015f8:	00003004 	.word	0x00003004

100015fc <watchdog_reboot>:
100015fc:	b510      	push	{r4, lr}
100015fe:	2480      	movs	r4, #128	@ 0x80
10001600:	4b1c      	ldr	r3, [pc, #112]	@ (10001674 <watchdog_reboot+0x78>)
10001602:	05e4      	lsls	r4, r4, #23
10001604:	601c      	str	r4, [r3, #0]
10001606:	2800      	cmp	r0, #0
10001608:	d01a      	beq.n	10001640 <watchdog_reboot+0x44>
1000160a:	2301      	movs	r3, #1
1000160c:	4c1a      	ldr	r4, [pc, #104]	@ (10001678 <watchdog_reboot+0x7c>)
1000160e:	4318      	orrs	r0, r3
10001610:	4b1a      	ldr	r3, [pc, #104]	@ (1000167c <watchdog_reboot+0x80>)
10001612:	61dc      	str	r4, [r3, #28]
10001614:	4c1a      	ldr	r4, [pc, #104]	@ (10001680 <watchdog_reboot+0x84>)
10001616:	4044      	eors	r4, r0
10001618:	621c      	str	r4, [r3, #32]
1000161a:	6259      	str	r1, [r3, #36]	@ 0x24
1000161c:	6298      	str	r0, [r3, #40]	@ 0x28
1000161e:	2180      	movs	r1, #128	@ 0x80
10001620:	4b14      	ldr	r3, [pc, #80]	@ (10001674 <watchdog_reboot+0x78>)
10001622:	05c9      	lsls	r1, r1, #23
10001624:	6019      	str	r1, [r3, #0]
10001626:	4817      	ldr	r0, [pc, #92]	@ (10001684 <watchdog_reboot+0x88>)
10001628:	4917      	ldr	r1, [pc, #92]	@ (10001688 <watchdog_reboot+0x8c>)
1000162a:	6008      	str	r0, [r1, #0]
1000162c:	21e0      	movs	r1, #224	@ 0xe0
1000162e:	04c9      	lsls	r1, r1, #19
10001630:	6019      	str	r1, [r3, #0]
10001632:	2a00      	cmp	r2, #0
10001634:	d107      	bne.n	10001646 <watchdog_reboot+0x4a>
10001636:	2280      	movs	r2, #128	@ 0x80
10001638:	4b14      	ldr	r3, [pc, #80]	@ (1000168c <watchdog_reboot+0x90>)
1000163a:	0612      	lsls	r2, r2, #24
1000163c:	601a      	str	r2, [r3, #0]
1000163e:	bd10      	pop	{r4, pc}
10001640:	4b0e      	ldr	r3, [pc, #56]	@ (1000167c <watchdog_reboot+0x80>)
10001642:	61d8      	str	r0, [r3, #28]
10001644:	e7eb      	b.n	1000161e <watchdog_reboot+0x22>
10001646:	0153      	lsls	r3, r2, #5
10001648:	1a9b      	subs	r3, r3, r2
1000164a:	009b      	lsls	r3, r3, #2
1000164c:	189a      	adds	r2, r3, r2
1000164e:	2380      	movs	r3, #128	@ 0x80
10001650:	0112      	lsls	r2, r2, #4
10001652:	045b      	lsls	r3, r3, #17
10001654:	429a      	cmp	r2, r3
10001656:	d209      	bcs.n	1000166c <watchdog_reboot+0x70>
10001658:	0013      	movs	r3, r2
1000165a:	490d      	ldr	r1, [pc, #52]	@ (10001690 <watchdog_reboot+0x94>)
1000165c:	600b      	str	r3, [r1, #0]
1000165e:	4b07      	ldr	r3, [pc, #28]	@ (1000167c <watchdog_reboot+0x80>)
10001660:	605a      	str	r2, [r3, #4]
10001662:	2280      	movs	r2, #128	@ 0x80
10001664:	4b09      	ldr	r3, [pc, #36]	@ (1000168c <watchdog_reboot+0x90>)
10001666:	05d2      	lsls	r2, r2, #23
10001668:	601a      	str	r2, [r3, #0]
1000166a:	e7e8      	b.n	1000163e <watchdog_reboot+0x42>
1000166c:	4b09      	ldr	r3, [pc, #36]	@ (10001694 <watchdog_reboot+0x98>)
1000166e:	001a      	movs	r2, r3
10001670:	e7f3      	b.n	1000165a <watchdog_reboot+0x5e>
10001672:	46c0      	nop			@ (mov r8, r8)
10001674:	4005b000 	.word	0x4005b000
10001678:	b007c0d3 	.word	0xb007c0d3
1000167c:	40058000 	.word	0x40058000
10001680:	4ff83f2d 	.word	0x4ff83f2d
10001684:	0001fffc 	.word	0x0001fffc
10001688:	40012008 	.word	0x40012008
1000168c:	4005a000 	.word	0x4005a000
10001690:	20001b04 	.word	0x20001b04
10001694:	00ffffff 	.word	0x00ffffff

10001698 <tick_start>:
10001698:	2380      	movs	r3, #128	@ 0x80
1000169a:	4a02      	ldr	r2, [pc, #8]	@ (100016a4 <tick_start+0xc>)
1000169c:	009b      	lsls	r3, r3, #2
1000169e:	430b      	orrs	r3, r1
100016a0:	62d3      	str	r3, [r2, #44]	@ 0x2c
100016a2:	4770      	bx	lr
100016a4:	40058000 	.word	0x40058000

100016a8 <rom_func_lookup>:
100016a8:	2300      	movs	r3, #0
100016aa:	b510      	push	{r4, lr}
100016ac:	0001      	movs	r1, r0
100016ae:	8a98      	ldrh	r0, [r3, #20]
100016b0:	8b1b      	ldrh	r3, [r3, #24]
100016b2:	4798      	blx	r3
100016b4:	bd10      	pop	{r4, pc}
100016b6:	46c0      	nop			@ (mov r8, r8)

100016b8 <rom_data_lookup>:
100016b8:	2316      	movs	r3, #22
100016ba:	b510      	push	{r4, lr}
100016bc:	0001      	movs	r1, r0
100016be:	8818      	ldrh	r0, [r3, #0]
100016c0:	885b      	ldrh	r3, [r3, #2]
100016c2:	4798      	blx	r3
100016c4:	bd10      	pop	{r4, pc}
100016c6:	46c0      	nop			@ (mov r8, r8)

100016c8 <rom_funcs_lookup>:
100016c8:	b5f8      	push	{r3, r4, r5, r6, r7, lr}
100016ca:	4647      	mov	r7, r8
100016cc:	46ce      	mov	lr, r9
100016ce:	b580      	push	{r7, lr}
100016d0:	1e0f      	subs	r7, r1, #0
100016d2:	d018      	beq.n	10001706 <rom_funcs_lookup+0x3e>
100016d4:	2314      	movs	r3, #20
100016d6:	4699      	mov	r9, r3
100016d8:	3304      	adds	r3, #4
100016da:	0004      	movs	r4, r0
100016dc:	2500      	movs	r5, #0
100016de:	2601      	movs	r6, #1
100016e0:	4698      	mov	r8, r3
100016e2:	464b      	mov	r3, r9
100016e4:	8818      	ldrh	r0, [r3, #0]
100016e6:	4643      	mov	r3, r8
100016e8:	6821      	ldr	r1, [r4, #0]
100016ea:	881b      	ldrh	r3, [r3, #0]
100016ec:	4798      	blx	r3
100016ee:	c401      	stmia	r4!, {r0}
100016f0:	1e43      	subs	r3, r0, #1
100016f2:	4198      	sbcs	r0, r3
100016f4:	3501      	adds	r5, #1
100016f6:	4006      	ands	r6, r0
100016f8:	42af      	cmp	r7, r5
100016fa:	d1f2      	bne.n	100016e2 <rom_funcs_lookup+0x1a>
100016fc:	0030      	movs	r0, r6
100016fe:	bcc0      	pop	{r6, r7}
10001700:	46b9      	mov	r9, r7
10001702:	46b0      	mov	r8, r6
10001704:	bdf8      	pop	{r3, r4, r5, r6, r7, pc}
10001706:	2601      	movs	r6, #1
10001708:	e7f8      	b.n	100016fc <rom_funcs_lookup+0x34>
1000170a:	46c0      	nop			@ (mov r8, r8)

1000170c <rom_reset_usb_boot_extra>:
1000170c:	2300      	movs	r3, #0
1000170e:	b570      	push	{r4, r5, r6, lr}
10001710:	0004      	movs	r4, r0
10001712:	000d      	movs	r5, r1
10001714:	8a98      	ldrh	r0, [r3, #20]
10001716:	4905      	ldr	r1, [pc, #20]	@ (1000172c <rom_reset_usb_boot_extra+0x20>)
10001718:	8b1b      	ldrh	r3, [r3, #24]
1000171a:	4798      	blx	r3
1000171c:	0003      	movs	r3, r0
1000171e:	2000      	movs	r0, #0
10001720:	2c00      	cmp	r4, #0
10001722:	db01      	blt.n	10001728 <rom_reset_usb_boot_extra+0x1c>
10001724:	3001      	adds	r0, #1
10001726:	40a0      	lsls	r0, r4
10001728:	0029      	movs	r1, r5
1000172a:	4798      	blx	r3
1000172c:	00004255 	.word	0x00004255

10001730 <xosc_init>:
10001730:	23aa      	movs	r3, #170	@ 0xaa
10001732:	4a06      	ldr	r2, [pc, #24]	@ (1000174c <xosc_init+0x1c>)
10001734:	011b      	lsls	r3, r3, #4
10001736:	6013      	str	r3, [r2, #0]
10001738:	238d      	movs	r3, #141	@ 0x8d
1000173a:	005b      	lsls	r3, r3, #1
1000173c:	60d3      	str	r3, [r2, #12]
1000173e:	4904      	ldr	r1, [pc, #16]	@ (10001750 <xosc_init+0x20>)
10001740:	4b04      	ldr	r3, [pc, #16]	@ (10001754 <xosc_init+0x24>)
10001742:	6019      	str	r1, [r3, #0]
10001744:	6853      	ldr	r3, [r2, #4]
10001746:	2b00      	cmp	r3, #0
10001748:	dafc      	bge.n	10001744 <xosc_init+0x14>
1000174a:	4770      	bx	lr
1000174c:	40024000 	.word	0x40024000
10001750:	00fab000 	.word	0x00fab000
10001754:	40026000 	.word	0x40026000

10001758 <first_per_core_initializer>:
10001758:	4770      	bx	lr
1000175a:	46c0      	nop			@ (mov r8, r8)

1000175c <hard_assertion_failure>:
1000175c:	b510      	push	{r4, lr}
1000175e:	4801      	ldr	r0, [pc, #4]	@ (10001764 <hard_assertion_failure+0x8>)
10001760:	f7fe fece 	bl	10000500 <panic>
10001764:	10006570 	.word	0x10006570

10001768 <runtime_run_initializers>:
10001768:	b570      	push	{r4, r5, r6, lr}
1000176a:	4d07      	ldr	r5, [pc, #28]	@ (10001788 <runtime_run_initializers+0x20>)
1000176c:	4e07      	ldr	r6, [pc, #28]	@ (1000178c <runtime_run_initializers+0x24>)
1000176e:	42b5      	cmp	r5, r6
10001770:	d209      	bcs.n	10001786 <runtime_run_initializers+0x1e>
10001772:	2400      	movs	r4, #0
10001774:	3e01      	subs	r6, #1
10001776:	1b76      	subs	r6, r6, r5
10001778:	08b6      	lsrs	r6, r6, #2
1000177a:	3601      	adds	r6, #1
1000177c:	cd08      	ldmia	r5!, {r3}
1000177e:	3401      	adds	r4, #1
10001780:	4798      	blx	r3
10001782:	42b4      	cmp	r4, r6
10001784:	d1fa      	bne.n	1000177c <runtime_run_initializers+0x14>
10001786:	bd70      	pop	{r4, r5, r6, pc}
10001788:	100063b0 	.word	0x100063b0
1000178c:	100063ec 	.word	0x100063ec

10001790 <runtime_init_early_resets>:
10001790:	4b05      	ldr	r3, [pc, #20]	@ (100017a8 <runtime_init_early_resets+0x18>)
10001792:	4a06      	ldr	r2, [pc, #24]	@ (100017ac <runtime_init_early_resets+0x1c>)
10001794:	4906      	ldr	r1, [pc, #24]	@ (100017b0 <runtime_init_early_resets+0x20>)
10001796:	601a      	str	r2, [r3, #0]
10001798:	4a06      	ldr	r2, [pc, #24]	@ (100017b4 <runtime_init_early_resets+0x24>)
1000179a:	4b07      	ldr	r3, [pc, #28]	@ (100017b8 <runtime_init_early_resets+0x28>)
1000179c:	601a      	str	r2, [r3, #0]
1000179e:	0010      	movs	r0, r2
100017a0:	680b      	ldr	r3, [r1, #0]
100017a2:	4398      	bics	r0, r3
100017a4:	d1fb      	bne.n	1000179e <runtime_init_early_resets+0xe>
100017a6:	4770      	bx	lr
100017a8:	4000e000 	.word	0x4000e000
100017ac:	fefbcdbf 	.word	0xfefbcdbf
100017b0:	4000c008 	.word	0x4000c008
100017b4:	003c7ffe 	.word	0x003c7ffe
100017b8:	4000f000 	.word	0x4000f000

100017bc <runtime_init_usb_power_down>:
100017bc:	4b04      	ldr	r3, [pc, #16]	@ (100017d0 <runtime_init_usb_power_down+0x14>)
100017be:	6cdb      	ldr	r3, [r3, #76]	@ 0x4c
100017c0:	2b00      	cmp	r3, #0
100017c2:	d103      	bne.n	100017cc <runtime_init_usb_power_down+0x10>
100017c4:	2280      	movs	r2, #128	@ 0x80
100017c6:	4b03      	ldr	r3, [pc, #12]	@ (100017d4 <runtime_init_usb_power_down+0x18>)
100017c8:	02d2      	lsls	r2, r2, #11
100017ca:	601a      	str	r2, [r3, #0]
100017cc:	4770      	bx	lr
100017ce:	46c0      	nop			@ (mov r8, r8)
100017d0:	50110000 	.word	0x50110000
100017d4:	5011204c 	.word	0x5011204c

100017d8 <runtime_init_post_clock_resets>:
100017d8:	4a04      	ldr	r2, [pc, #16]	@ (100017ec <runtime_init_post_clock_resets+0x14>)
100017da:	4b05      	ldr	r3, [pc, #20]	@ (100017f0 <runtime_init_post_clock_resets+0x18>)
100017dc:	601a      	str	r2, [r3, #0]
100017de:	4a05      	ldr	r2, [pc, #20]	@ (100017f4 <runtime_init_post_clock_resets+0x1c>)
100017e0:	6813      	ldr	r3, [r2, #0]
100017e2:	01db      	lsls	r3, r3, #7
100017e4:	3380      	adds	r3, #128	@ 0x80
100017e6:	d1fb      	bne.n	100017e0 <runtime_init_post_clock_resets+0x8>
100017e8:	4770      	bx	lr
100017ea:	46c0      	nop			@ (mov r8, r8)
100017ec:	01ffffff 	.word	0x01ffffff
100017f0:	4000f000 	.word	0x4000f000
100017f4:	4000c008 	.word	0x4000c008

100017f8 <runtime_init_rp2040_gpio_ie_disable>:
100017f8:	2240      	movs	r2, #64	@ 0x40
100017fa:	4b03      	ldr	r3, [pc, #12]	@ (10001808 <runtime_init_rp2040_gpio_ie_disable+0x10>)
100017fc:	679a      	str	r2, [r3, #120]	@ 0x78
100017fe:	675a      	str	r2, [r3, #116]	@ 0x74
10001800:	671a      	str	r2, [r3, #112]	@ 0x70
10001802:	66da      	str	r2, [r3, #108]	@ 0x6c
10001804:	4770      	bx	lr
10001806:	46c0      	nop			@ (mov r8, r8)
10001808:	4001f000 	.word	0x4001f000

1000180c <runtime_init_spin_locks_reset>:
1000180c:	b510      	push	{r4, lr}
1000180e:	f7fe ff17 	bl	10000640 <spin_locks_reset>
10001812:	bd10      	pop	{r4, pc}

10001814 <runtime_init_install_ram_vector_table>:
10001814:	b570      	push	{r4, r5, r6, lr}
10001816:	4927      	ldr	r1, [pc, #156]	@ (100018b4 <runtime_init_install_ram_vector_table+0xa0>)
10001818:	4e27      	ldr	r6, [pc, #156]	@ (100018b8 <runtime_init_install_ram_vector_table+0xa4>)
1000181a:	4d28      	ldr	r5, [pc, #160]	@ (100018bc <runtime_init_install_ram_vector_table+0xa8>)
1000181c:	1a76      	subs	r6, r6, r1
1000181e:	08b4      	lsrs	r4, r6, #2
10001820:	0022      	movs	r2, r4
10001822:	2c30      	cmp	r4, #48	@ 0x30
10001824:	d900      	bls.n	10001828 <runtime_init_install_ram_vector_table+0x14>
10001826:	2230      	movs	r2, #48	@ 0x30
10001828:	0028      	movs	r0, r5
1000182a:	0092      	lsls	r2, r2, #2
1000182c:	f000 fcc0 	bl	100021b0 <__wrap___aeabi_memcpy>
10001830:	2c2f      	cmp	r4, #47	@ 0x2f
10001832:	d83b      	bhi.n	100018ac <runtime_init_install_ram_vector_table+0x98>
10001834:	0023      	movs	r3, r4
10001836:	3b2a      	subs	r3, #42	@ 0x2a
10001838:	4a21      	ldr	r2, [pc, #132]	@ (100018c0 <runtime_init_install_ram_vector_table+0xac>)
1000183a:	2b05      	cmp	r3, #5
1000183c:	d91b      	bls.n	10001876 <runtime_init_install_ram_vector_table+0x62>
1000183e:	2030      	movs	r0, #48	@ 0x30
10001840:	19ae      	adds	r6, r5, r6
10001842:	0771      	lsls	r1, r6, #29
10001844:	1b00      	subs	r0, r0, r4
10001846:	0026      	movs	r6, r4
10001848:	0fcb      	lsrs	r3, r1, #31
1000184a:	2900      	cmp	r1, #0
1000184c:	da02      	bge.n	10001854 <runtime_init_install_ram_vector_table+0x40>
1000184e:	00a1      	lsls	r1, r4, #2
10001850:	506a      	str	r2, [r5, r1]
10001852:	1c66      	adds	r6, r4, #1
10001854:	1ac0      	subs	r0, r0, r3
10001856:	18e3      	adds	r3, r4, r3
10001858:	009b      	lsls	r3, r3, #2
1000185a:	0841      	lsrs	r1, r0, #1
1000185c:	18eb      	adds	r3, r5, r3
1000185e:	00c9      	lsls	r1, r1, #3
10001860:	18c9      	adds	r1, r1, r3
10001862:	601a      	str	r2, [r3, #0]
10001864:	605a      	str	r2, [r3, #4]
10001866:	3308      	adds	r3, #8
10001868:	428b      	cmp	r3, r1
1000186a:	d1fa      	bne.n	10001862 <runtime_init_install_ram_vector_table+0x4e>
1000186c:	2301      	movs	r3, #1
1000186e:	4203      	tst	r3, r0
10001870:	d01c      	beq.n	100018ac <runtime_init_install_ram_vector_table+0x98>
10001872:	4398      	bics	r0, r3
10001874:	1984      	adds	r4, r0, r6
10001876:	00a3      	lsls	r3, r4, #2
10001878:	50ea      	str	r2, [r5, r3]
1000187a:	1c63      	adds	r3, r4, #1
1000187c:	2c2f      	cmp	r4, #47	@ 0x2f
1000187e:	d015      	beq.n	100018ac <runtime_init_install_ram_vector_table+0x98>
10001880:	009b      	lsls	r3, r3, #2
10001882:	50ea      	str	r2, [r5, r3]
10001884:	1ca3      	adds	r3, r4, #2
10001886:	2c2e      	cmp	r4, #46	@ 0x2e
10001888:	d010      	beq.n	100018ac <runtime_init_install_ram_vector_table+0x98>
1000188a:	009b      	lsls	r3, r3, #2
1000188c:	50ea      	str	r2, [r5, r3]
1000188e:	1ce3      	adds	r3, r4, #3
10001890:	2c2d      	cmp	r4, #45	@ 0x2d
10001892:	d00b      	beq.n	100018ac <runtime_init_install_ram_vector_table+0x98>
10001894:	009b      	lsls	r3, r3, #2
10001896:	50ea      	str	r2, [r5, r3]
10001898:	1d23      	adds	r3, r4, #4
1000189a:	2c2c      	cmp	r4, #44	@ 0x2c
1000189c:	d006      	beq.n	100018ac <runtime_init_install_ram_vector_table+0x98>
1000189e:	009b      	lsls	r3, r3, #2
100018a0:	50ea      	str	r2, [r5, r3]
100018a2:	1d63      	adds	r3, r4, #5
100018a4:	2c2b      	cmp	r4, #43	@ 0x2b
100018a6:	d001      	beq.n	100018ac <runtime_init_install_ram_vector_table+0x98>
100018a8:	009b      	lsls	r3, r3, #2
100018aa:	50ea      	str	r2, [r5, r3]
100018ac:	4b05      	ldr	r3, [pc, #20]	@ (100018c4 <runtime_init_install_ram_vector_table+0xb0>)
100018ae:	609d      	str	r5, [r3, #8]
100018b0:	bd70      	pop	{r4, r5, r6, pc}
100018b2:	46c0      	nop			@ (mov r8, r8)
100018b4:	10000100 	.word	0x10000100
100018b8:	100001c0 	.word	0x100001c0
100018bc:	20000000 	.word	0x20000000
100018c0:	100001c1 	.word	0x100001c1
100018c4:	e000ed00 	.word	0xe000ed00

100018c8 <runtime_init_clocks>:
100018c8:	2300      	movs	r3, #0
100018ca:	b510      	push	{r4, lr}
100018cc:	4c29      	ldr	r4, [pc, #164]	@ (10001974 <runtime_init_clocks+0xac>)
100018ce:	b082      	sub	sp, #8
100018d0:	67a3      	str	r3, [r4, #120]	@ 0x78
100018d2:	f7ff ff2d 	bl	10001730 <xosc_init>
100018d6:	2201      	movs	r2, #1
100018d8:	4b27      	ldr	r3, [pc, #156]	@ (10001978 <runtime_init_clocks+0xb0>)
100018da:	601a      	str	r2, [r3, #0]
100018dc:	6c63      	ldr	r3, [r4, #68]	@ 0x44
100018de:	2b01      	cmp	r3, #1
100018e0:	d1fc      	bne.n	100018dc <runtime_init_clocks+0x14>
100018e2:	2203      	movs	r2, #3
100018e4:	4b25      	ldr	r3, [pc, #148]	@ (1000197c <runtime_init_clocks+0xb4>)
100018e6:	601a      	str	r2, [r3, #0]
100018e8:	4a22      	ldr	r2, [pc, #136]	@ (10001974 <runtime_init_clocks+0xac>)
100018ea:	6b93      	ldr	r3, [r2, #56]	@ 0x38
100018ec:	2b01      	cmp	r3, #1
100018ee:	d1fc      	bne.n	100018ea <runtime_init_clocks+0x22>
100018f0:	3301      	adds	r3, #1
100018f2:	9300      	str	r3, [sp, #0]
100018f4:	2101      	movs	r1, #1
100018f6:	4a22      	ldr	r2, [pc, #136]	@ (10001980 <runtime_init_clocks+0xb8>)
100018f8:	4822      	ldr	r0, [pc, #136]	@ (10001984 <runtime_init_clocks+0xbc>)
100018fa:	3304      	adds	r3, #4
100018fc:	f7ff fe26 	bl	1000154c <pll_init>
10001900:	2305      	movs	r3, #5
10001902:	2101      	movs	r1, #1
10001904:	9300      	str	r3, [sp, #0]
10001906:	4a20      	ldr	r2, [pc, #128]	@ (10001988 <runtime_init_clocks+0xc0>)
10001908:	4820      	ldr	r0, [pc, #128]	@ (1000198c <runtime_init_clocks+0xc4>)
1000190a:	f7ff fe1f 	bl	1000154c <pll_init>
1000190e:	2200      	movs	r2, #0
10001910:	2102      	movs	r1, #2
10001912:	2004      	movs	r0, #4
10001914:	4b1e      	ldr	r3, [pc, #120]	@ (10001990 <runtime_init_clocks+0xc8>)
10001916:	f7ff fda3 	bl	10001460 <clock_configure_undivided>
1000191a:	2200      	movs	r2, #0
1000191c:	2101      	movs	r1, #1
1000191e:	2005      	movs	r0, #5
10001920:	4b1c      	ldr	r3, [pc, #112]	@ (10001994 <runtime_init_clocks+0xcc>)
10001922:	f7ff fd9d 	bl	10001460 <clock_configure_undivided>
10001926:	2200      	movs	r2, #0
10001928:	2100      	movs	r1, #0
1000192a:	2007      	movs	r0, #7
1000192c:	4b1a      	ldr	r3, [pc, #104]	@ (10001998 <runtime_init_clocks+0xd0>)
1000192e:	f7ff fd97 	bl	10001460 <clock_configure_undivided>
10001932:	2200      	movs	r2, #0
10001934:	2100      	movs	r1, #0
10001936:	2008      	movs	r0, #8
10001938:	4b17      	ldr	r3, [pc, #92]	@ (10001998 <runtime_init_clocks+0xd0>)
1000193a:	f7ff fd91 	bl	10001460 <clock_configure_undivided>
1000193e:	2380      	movs	r3, #128	@ 0x80
10001940:	00db      	lsls	r3, r3, #3
10001942:	9300      	str	r3, [sp, #0]
10001944:	2200      	movs	r2, #0
10001946:	2100      	movs	r1, #0
10001948:	2009      	movs	r0, #9
1000194a:	4b13      	ldr	r3, [pc, #76]	@ (10001998 <runtime_init_clocks+0xd0>)
1000194c:	f7ff fd12 	bl	10001374 <clock_configure_int_divider>
10001950:	2200      	movs	r2, #0
10001952:	4b10      	ldr	r3, [pc, #64]	@ (10001994 <runtime_init_clocks+0xcc>)
10001954:	2100      	movs	r1, #0
10001956:	2006      	movs	r0, #6
10001958:	f7ff fd82 	bl	10001460 <clock_configure_undivided>
1000195c:	2004      	movs	r0, #4
1000195e:	f7ff fdef 	bl	10001540 <clock_get_hz>
10001962:	490e      	ldr	r1, [pc, #56]	@ (1000199c <runtime_init_clocks+0xd4>)
10001964:	f000 f84c 	bl	10001a00 <__wrap___aeabi_uidiv>
10001968:	0001      	movs	r1, r0
1000196a:	2000      	movs	r0, #0
1000196c:	f7ff fe94 	bl	10001698 <tick_start>
10001970:	b002      	add	sp, #8
10001972:	bd10      	pop	{r4, pc}
10001974:	40008000 	.word	0x40008000
10001978:	4000b03c 	.word	0x4000b03c
1000197c:	4000b030 	.word	0x4000b030
10001980:	59682f00 	.word	0x59682f00
10001984:	40028000 	.word	0x40028000
10001988:	47868c00 	.word	0x47868c00
1000198c:	4002c000 	.word	0x4002c000
10001990:	00b71b00 	.word	0x00b71b00
10001994:	07735940 	.word	0x07735940
10001998:	02dc6c00 	.word	0x02dc6c00
1000199c:	000f4240 	.word	0x000f4240

100019a0 <__aeabi_bits_init>:
100019a0:	4801      	ldr	r0, [pc, #4]	@ (100019a8 <__aeabi_bits_init+0x8>)
100019a2:	2104      	movs	r1, #4
100019a4:	4b01      	ldr	r3, [pc, #4]	@ (100019ac <__aeabi_bits_init+0xc>)
100019a6:	4718      	bx	r3
100019a8:	20000fd0 	.word	0x20000fd0
100019ac:	100016c9 	.word	0x100016c9

100019b0 <__wrap___aeabi_idiv>:
100019b0:	4a12      	ldr	r2, [pc, #72]	@ (100019fc <divmod_s32s32_savestate+0x18>)
100019b2:	6f93      	ldr	r3, [r2, #120]	@ 0x78
100019b4:	089b      	lsrs	r3, r3, #2
100019b6:	d215      	bcs.n	100019e4 <divmod_s32s32_savestate>

100019b8 <divmod_s32s32_core>:
100019b8:	6690      	str	r0, [r2, #104]	@ 0x68
100019ba:	66d1      	str	r1, [r2, #108]	@ 0x6c
100019bc:	2900      	cmp	r1, #0
100019be:	d005      	beq.n	100019cc <divmod_s32s32_core+0x14>
100019c0:	e7ff      	b.n	100019c2 <divmod_s32s32_core+0xa>
100019c2:	e7ff      	b.n	100019c4 <divmod_s32s32_core+0xc>
100019c4:	e7ff      	b.n	100019c6 <divmod_s32s32_core+0xe>
100019c6:	6f51      	ldr	r1, [r2, #116]	@ 0x74
100019c8:	6f10      	ldr	r0, [r2, #112]	@ 0x70
100019ca:	4770      	bx	lr
100019cc:	b504      	push	{r2, lr}
100019ce:	2180      	movs	r1, #128	@ 0x80
100019d0:	0609      	lsls	r1, r1, #24
100019d2:	17c2      	asrs	r2, r0, #31
100019d4:	4051      	eors	r1, r2
100019d6:	2800      	cmp	r0, #0
100019d8:	d000      	beq.n	100019dc <divmod_s32s32_core+0x24>
100019da:	43c8      	mvns	r0, r1
100019dc:	f004 fce0 	bl	100063a0 <____aeabi_idiv0_veneer>
100019e0:	2100      	movs	r1, #0
100019e2:	bd04      	pop	{r2, pc}

100019e4 <divmod_s32s32_savestate>:
100019e4:	b5f0      	push	{r4, r5, r6, r7, lr}
100019e6:	6e14      	ldr	r4, [r2, #96]	@ 0x60
100019e8:	6e55      	ldr	r5, [r2, #100]	@ 0x64
100019ea:	6f57      	ldr	r7, [r2, #116]	@ 0x74
100019ec:	6f16      	ldr	r6, [r2, #112]	@ 0x70
100019ee:	f7ff ffe3 	bl	100019b8 <divmod_s32s32_core>
100019f2:	6614      	str	r4, [r2, #96]	@ 0x60
100019f4:	6655      	str	r5, [r2, #100]	@ 0x64
100019f6:	6757      	str	r7, [r2, #116]	@ 0x74
100019f8:	6716      	str	r6, [r2, #112]	@ 0x70
100019fa:	bdf0      	pop	{r4, r5, r6, r7, pc}
100019fc:	d0000000 	.word	0xd0000000

10001a00 <__wrap___aeabi_uidiv>:
10001a00:	4a11      	ldr	r2, [pc, #68]	@ (10001a48 <divmod_u32u32_savestate+0x18>)
10001a02:	6f93      	ldr	r3, [r2, #120]	@ 0x78
10001a04:	089b      	lsrs	r3, r3, #2
10001a06:	d213      	bcs.n	10001a30 <divmod_u32u32_savestate>

10001a08 <divmod_u32u32_core>:
10001a08:	6610      	str	r0, [r2, #96]	@ 0x60
10001a0a:	6651      	str	r1, [r2, #100]	@ 0x64
10001a0c:	2900      	cmp	r1, #0
10001a0e:	d005      	beq.n	10001a1c <divmod_u32u32_core+0x14>
10001a10:	e7ff      	b.n	10001a12 <divmod_u32u32_core+0xa>
10001a12:	e7ff      	b.n	10001a14 <divmod_u32u32_core+0xc>
10001a14:	e7ff      	b.n	10001a16 <divmod_u32u32_core+0xe>
10001a16:	6f51      	ldr	r1, [r2, #116]	@ 0x74
10001a18:	6f10      	ldr	r0, [r2, #112]	@ 0x70
10001a1a:	4770      	bx	lr
10001a1c:	b504      	push	{r2, lr}
10001a1e:	2800      	cmp	r0, #0
10001a20:	d001      	beq.n	10001a26 <divmod_u32u32_core+0x1e>
10001a22:	2000      	movs	r0, #0
10001a24:	43c0      	mvns	r0, r0
10001a26:	f004 fcbb 	bl	100063a0 <____aeabi_idiv0_veneer>
10001a2a:	2100      	movs	r1, #0
10001a2c:	bd04      	pop	{r2, pc}
10001a2e:	46c0      	nop			@ (mov r8, r8)

10001a30 <divmod_u32u32_savestate>:
10001a30:	b5f0      	push	{r4, r5, r6, r7, lr}
10001a32:	6e14      	ldr	r4, [r2, #96]	@ 0x60
10001a34:	6e55      	ldr	r5, [r2, #100]	@ 0x64
10001a36:	6f57      	ldr	r7, [r2, #116]	@ 0x74
10001a38:	6f16      	ldr	r6, [r2, #112]	@ 0x70
10001a3a:	f7ff ffe5 	bl	10001a08 <divmod_u32u32_core>
10001a3e:	6614      	str	r4, [r2, #96]	@ 0x60
10001a40:	6655      	str	r5, [r2, #100]	@ 0x64
10001a42:	6757      	str	r7, [r2, #116]	@ 0x74
10001a44:	6716      	str	r6, [r2, #112]	@ 0x70
10001a46:	bdf0      	pop	{r4, r5, r6, r7, pc}
10001a48:	d0000000 	.word	0xd0000000

10001a4c <__wrap___aeabi_ldivmod>:
10001a4c:	4694      	mov	ip, r2
10001a4e:	4a4a      	ldr	r2, [pc, #296]	@ (10001b78 <udiv0+0x1a>)
10001a50:	6f92      	ldr	r2, [r2, #120]	@ 0x78
10001a52:	0892      	lsrs	r2, r2, #2
10001a54:	4662      	mov	r2, ip
10001a56:	d201      	bcs.n	10001a5c <divmod_s64s64_savestate>
10001a58:	e028      	b.n	10001aac <divmod_s64s64_unsafe>
10001a5a:	46c0      	nop			@ (mov r8, r8)

10001a5c <divmod_s64s64_savestate>:
10001a5c:	b5f0      	push	{r4, r5, r6, r7, lr}
10001a5e:	4e46      	ldr	r6, [pc, #280]	@ (10001b78 <udiv0+0x1a>)
10001a60:	6e34      	ldr	r4, [r6, #96]	@ 0x60
10001a62:	6e75      	ldr	r5, [r6, #100]	@ 0x64
10001a64:	6f77      	ldr	r7, [r6, #116]	@ 0x74
10001a66:	6f36      	ldr	r6, [r6, #112]	@ 0x70
10001a68:	f000 f820 	bl	10001aac <divmod_s64s64_unsafe>
10001a6c:	4694      	mov	ip, r2
10001a6e:	4a42      	ldr	r2, [pc, #264]	@ (10001b78 <udiv0+0x1a>)
10001a70:	6614      	str	r4, [r2, #96]	@ 0x60
10001a72:	6655      	str	r5, [r2, #100]	@ 0x64
10001a74:	6757      	str	r7, [r2, #116]	@ 0x74
10001a76:	6716      	str	r6, [r2, #112]	@ 0x70
10001a78:	4662      	mov	r2, ip
10001a7a:	bdf0      	pop	{r4, r5, r6, r7, pc}

10001a7c <__wrap___aeabi_uldivmod>:
10001a7c:	4694      	mov	ip, r2
10001a7e:	4a3e      	ldr	r2, [pc, #248]	@ (10001b78 <udiv0+0x1a>)
10001a80:	6f92      	ldr	r2, [r2, #120]	@ 0x78
10001a82:	0892      	lsrs	r2, r2, #2
10001a84:	4662      	mov	r2, ip
10001a86:	d201      	bcs.n	10001a8c <divmod_u64u64_savestate>
10001a88:	e054      	b.n	10001b34 <divmod_u64u64_unsafe>
10001a8a:	46c0      	nop			@ (mov r8, r8)

10001a8c <divmod_u64u64_savestate>:
10001a8c:	b5f0      	push	{r4, r5, r6, r7, lr}
10001a8e:	4e3a      	ldr	r6, [pc, #232]	@ (10001b78 <udiv0+0x1a>)
10001a90:	6e34      	ldr	r4, [r6, #96]	@ 0x60
10001a92:	6e75      	ldr	r5, [r6, #100]	@ 0x64
10001a94:	6f77      	ldr	r7, [r6, #116]	@ 0x74
10001a96:	6f36      	ldr	r6, [r6, #112]	@ 0x70
10001a98:	f000 f84c 	bl	10001b34 <divmod_u64u64_unsafe>
10001a9c:	4694      	mov	ip, r2
10001a9e:	4a36      	ldr	r2, [pc, #216]	@ (10001b78 <udiv0+0x1a>)
10001aa0:	6614      	str	r4, [r2, #96]	@ 0x60
10001aa2:	6655      	str	r5, [r2, #100]	@ 0x64
10001aa4:	6757      	str	r7, [r2, #116]	@ 0x74
10001aa6:	6716      	str	r6, [r2, #112]	@ 0x70
10001aa8:	4662      	mov	r2, ip
10001aaa:	bdf0      	pop	{r4, r5, r6, r7, pc}

10001aac <divmod_s64s64_unsafe>:
10001aac:	2b00      	cmp	r3, #0
10001aae:	db24      	blt.n	10001afa <l46_1+0x26>
10001ab0:	d011      	beq.n	10001ad6 <l46_1+0x2>
10001ab2:	2900      	cmp	r1, #0
10001ab4:	da3e      	bge.n	10001b34 <divmod_u64u64_unsafe>
10001ab6:	b500      	push	{lr}
10001ab8:	43c9      	mvns	r1, r1
10001aba:	4240      	negs	r0, r0
10001abc:	d100      	bne.n	10001ac0 <l44_1>
10001abe:	3101      	adds	r1, #1

10001ac0 <l44_1>:
10001ac0:	f000 f838 	bl	10001b34 <divmod_u64u64_unsafe>
10001ac4:	43c9      	mvns	r1, r1
10001ac6:	4240      	negs	r0, r0
10001ac8:	d100      	bne.n	10001acc <l45_1>
10001aca:	3101      	adds	r1, #1

10001acc <l45_1>:
10001acc:	43db      	mvns	r3, r3
10001ace:	4252      	negs	r2, r2
10001ad0:	d100      	bne.n	10001ad4 <l46_1>
10001ad2:	3301      	adds	r3, #1

10001ad4 <l46_1>:
10001ad4:	bd00      	pop	{pc}
10001ad6:	2a00      	cmp	r2, #0
10001ad8:	d1eb      	bne.n	10001ab2 <divmod_s64s64_unsafe+0x6>
10001ada:	2800      	cmp	r0, #0
10001adc:	d101      	bne.n	10001ae2 <l46_1+0xe>
10001ade:	2900      	cmp	r1, #0
10001ae0:	d005      	beq.n	10001aee <l46_1+0x1a>
10001ae2:	2000      	movs	r0, #0
10001ae4:	0fc9      	lsrs	r1, r1, #31
10001ae6:	07c9      	lsls	r1, r1, #31
10001ae8:	d101      	bne.n	10001aee <l46_1+0x1a>
10001aea:	43c0      	mvns	r0, r0
10001aec:	0841      	lsrs	r1, r0, #1
10001aee:	b500      	push	{lr}
10001af0:	f004 fbfe 	bl	100062f0 <____aeabi_ldiv0_veneer>
10001af4:	2200      	movs	r2, #0
10001af6:	2300      	movs	r3, #0
10001af8:	bd00      	pop	{pc}
10001afa:	b500      	push	{lr}
10001afc:	2900      	cmp	r1, #0
10001afe:	db0a      	blt.n	10001b16 <l48_1+0x2>
10001b00:	43db      	mvns	r3, r3
10001b02:	4252      	negs	r2, r2
10001b04:	d100      	bne.n	10001b08 <l47_1>
10001b06:	3301      	adds	r3, #1

10001b08 <l47_1>:
10001b08:	f000 f814 	bl	10001b34 <divmod_u64u64_unsafe>
10001b0c:	43c9      	mvns	r1, r1
10001b0e:	4240      	negs	r0, r0
10001b10:	d100      	bne.n	10001b14 <l48_1>
10001b12:	3101      	adds	r1, #1

10001b14 <l48_1>:
10001b14:	bd00      	pop	{pc}
10001b16:	43c9      	mvns	r1, r1
10001b18:	4240      	negs	r0, r0
10001b1a:	d100      	bne.n	10001b1e <l49_1>
10001b1c:	3101      	adds	r1, #1

10001b1e <l49_1>:
10001b1e:	43db      	mvns	r3, r3
10001b20:	4252      	negs	r2, r2
10001b22:	d100      	bne.n	10001b26 <l50_1>
10001b24:	3301      	adds	r3, #1

10001b26 <l50_1>:
10001b26:	f000 f805 	bl	10001b34 <divmod_u64u64_unsafe>
10001b2a:	43db      	mvns	r3, r3
10001b2c:	4252      	negs	r2, r2
10001b2e:	d100      	bne.n	10001b32 <l51_1>
10001b30:	3301      	adds	r3, #1

10001b32 <l51_1>:
10001b32:	bd00      	pop	{pc}

10001b34 <divmod_u64u64_unsafe>:
10001b34:	2900      	cmp	r1, #0
10001b36:	d123      	bne.n	10001b80 <y64>
10001b38:	2b00      	cmp	r3, #0
10001b3a:	d118      	bne.n	10001b6e <udiv0+0x10>
10001b3c:	2a00      	cmp	r2, #0
10001b3e:	d00c      	beq.n	10001b5a <divmod_u64u64_unsafe+0x26>
10001b40:	46bc      	mov	ip, r7
10001b42:	4f0d      	ldr	r7, [pc, #52]	@ (10001b78 <udiv0+0x1a>)
10001b44:	6638      	str	r0, [r7, #96]	@ 0x60
10001b46:	667a      	str	r2, [r7, #100]	@ 0x64
10001b48:	2100      	movs	r1, #0
10001b4a:	2300      	movs	r3, #0
10001b4c:	e7ff      	b.n	10001b4e <divmod_u64u64_unsafe+0x1a>
10001b4e:	e7ff      	b.n	10001b50 <divmod_u64u64_unsafe+0x1c>
10001b50:	e7ff      	b.n	10001b52 <divmod_u64u64_unsafe+0x1e>
10001b52:	6f7a      	ldr	r2, [r7, #116]	@ 0x74
10001b54:	6f38      	ldr	r0, [r7, #112]	@ 0x70
10001b56:	4667      	mov	r7, ip
10001b58:	4770      	bx	lr
10001b5a:	2800      	cmp	r0, #0
10001b5c:	d001      	beq.n	10001b62 <udiv0+0x4>

10001b5e <udiv0>:
10001b5e:	4807      	ldr	r0, [pc, #28]	@ (10001b7c <udiv0+0x1e>)
10001b60:	0001      	movs	r1, r0
10001b62:	b500      	push	{lr}
10001b64:	f004 fbc4 	bl	100062f0 <____aeabi_ldiv0_veneer>
10001b68:	2200      	movs	r2, #0
10001b6a:	2300      	movs	r3, #0
10001b6c:	bd00      	pop	{pc}
10001b6e:	0002      	movs	r2, r0
10001b70:	000b      	movs	r3, r1
10001b72:	2000      	movs	r0, #0
10001b74:	2100      	movs	r1, #0
10001b76:	4770      	bx	lr
10001b78:	d0000000 	.word	0xd0000000
10001b7c:	ffffffff 	.word	0xffffffff

10001b80 <y64>:
10001b80:	2b00      	cmp	r3, #0
10001b82:	d000      	beq.n	10001b86 <y64+0x6>
10001b84:	e0bf      	b.n	10001d06 <y64_x48>
10001b86:	0c13      	lsrs	r3, r2, #16
10001b88:	d128      	bne.n	10001bdc <y64_x32>
10001b8a:	2a00      	cmp	r2, #0
10001b8c:	d0e7      	beq.n	10001b5e <udiv0>
10001b8e:	b480      	push	{r7}
10001b90:	4f11      	ldr	r7, [pc, #68]	@ (10001bd8 <y64+0x58>)
10001b92:	6639      	str	r1, [r7, #96]	@ 0x60
10001b94:	667a      	str	r2, [r7, #100]	@ 0x64
10001b96:	e7ff      	b.n	10001b98 <y64+0x18>
10001b98:	e7ff      	b.n	10001b9a <y64+0x1a>
10001b9a:	b430      	push	{r4, r5}
10001b9c:	0c04      	lsrs	r4, r0, #16
10001b9e:	6f7b      	ldr	r3, [r7, #116]	@ 0x74
10001ba0:	6f39      	ldr	r1, [r7, #112]	@ 0x70
10001ba2:	041b      	lsls	r3, r3, #16
10001ba4:	4323      	orrs	r3, r4
10001ba6:	663b      	str	r3, [r7, #96]	@ 0x60
10001ba8:	667a      	str	r2, [r7, #100]	@ 0x64
10001baa:	e7ff      	b.n	10001bac <y64+0x2c>
10001bac:	e7ff      	b.n	10001bae <y64+0x2e>
10001bae:	e7ff      	b.n	10001bb0 <y64+0x30>
10001bb0:	46c0      	nop			@ (mov r8, r8)
10001bb2:	b284      	uxth	r4, r0
10001bb4:	6f7b      	ldr	r3, [r7, #116]	@ 0x74
10001bb6:	6f3d      	ldr	r5, [r7, #112]	@ 0x70
10001bb8:	041b      	lsls	r3, r3, #16
10001bba:	4323      	orrs	r3, r4
10001bbc:	663b      	str	r3, [r7, #96]	@ 0x60
10001bbe:	667a      	str	r2, [r7, #100]	@ 0x64
10001bc0:	e7ff      	b.n	10001bc2 <y64+0x42>
10001bc2:	e7ff      	b.n	10001bc4 <y64+0x44>
10001bc4:	46c0      	nop			@ (mov r8, r8)
10001bc6:	2300      	movs	r3, #0
10001bc8:	042c      	lsls	r4, r5, #16
10001bca:	0c2d      	lsrs	r5, r5, #16
10001bcc:	6f7a      	ldr	r2, [r7, #116]	@ 0x74
10001bce:	6f38      	ldr	r0, [r7, #112]	@ 0x70
10001bd0:	1900      	adds	r0, r0, r4
10001bd2:	4169      	adcs	r1, r5
10001bd4:	bcb0      	pop	{r4, r5, r7}
10001bd6:	4770      	bx	lr
10001bd8:	d0000000 	.word	0xd0000000

10001bdc <y64_x32>:
10001bdc:	b5f0      	push	{r4, r5, r6, r7, lr}
10001bde:	4694      	mov	ip, r2
10001be0:	2500      	movs	r5, #0
10001be2:	0e14      	lsrs	r4, r2, #24
10001be4:	d101      	bne.n	10001bea <y64_x32+0xe>
10001be6:	0212      	lsls	r2, r2, #8
10001be8:	3508      	adds	r5, #8
10001bea:	0f14      	lsrs	r4, r2, #28
10001bec:	d101      	bne.n	10001bf2 <y64_x32+0x16>
10001bee:	0112      	lsls	r2, r2, #4
10001bf0:	3504      	adds	r5, #4
10001bf2:	0f94      	lsrs	r4, r2, #30
10001bf4:	d101      	bne.n	10001bfa <y64_x32+0x1e>
10001bf6:	0092      	lsls	r2, r2, #2
10001bf8:	3502      	adds	r5, #2
10001bfa:	0fd4      	lsrs	r4, r2, #31
10001bfc:	d101      	bne.n	10001c02 <y64_x32+0x26>
10001bfe:	0052      	lsls	r2, r2, #1
10001c00:	3501      	adds	r5, #1
10001c02:	0bd4      	lsrs	r4, r2, #15
10001c04:	3401      	adds	r4, #1
10001c06:	4f25      	ldr	r7, [pc, #148]	@ (10001c9c <y64_x32+0xc0>)
10001c08:	667c      	str	r4, [r7, #100]	@ 0x64
10001c0a:	4c25      	ldr	r4, [pc, #148]	@ (10001ca0 <y64_x32+0xc4>)
10001c0c:	663c      	str	r4, [r7, #96]	@ 0x60
10001c0e:	0c0e      	lsrs	r6, r1, #16
10001c10:	b293      	uxth	r3, r2
10001c12:	e7ff      	b.n	10001c14 <y64_x32+0x38>
10001c14:	e7ff      	b.n	10001c16 <y64_x32+0x3a>
10001c16:	e7ff      	b.n	10001c18 <y64_x32+0x3c>
10001c18:	6f3c      	ldr	r4, [r7, #112]	@ 0x70
10001c1a:	4366      	muls	r6, r4
10001c1c:	0c36      	lsrs	r6, r6, #16
10001c1e:	0377      	lsls	r7, r6, #13
10001c20:	46be      	mov	lr, r7
10001c22:	4373      	muls	r3, r6
10001c24:	0bdf      	lsrs	r7, r3, #15
10001c26:	045b      	lsls	r3, r3, #17
10001c28:	1ac0      	subs	r0, r0, r3
10001c2a:	41b9      	sbcs	r1, r7
10001c2c:	0c13      	lsrs	r3, r2, #16
10001c2e:	4373      	muls	r3, r6
10001c30:	18db      	adds	r3, r3, r3
10001c32:	1ac9      	subs	r1, r1, r3
10001c34:	08ce      	lsrs	r6, r1, #3
10001c36:	4366      	muls	r6, r4
10001c38:	0c36      	lsrs	r6, r6, #16
10001c3a:	44b6      	add	lr, r6
10001c3c:	b293      	uxth	r3, r2
10001c3e:	4373      	muls	r3, r6
10001c40:	0f1f      	lsrs	r7, r3, #28
10001c42:	011b      	lsls	r3, r3, #4
10001c44:	1ac0      	subs	r0, r0, r3
10001c46:	41b9      	sbcs	r1, r7
10001c48:	0c13      	lsrs	r3, r2, #16
10001c4a:	4373      	muls	r3, r6
10001c4c:	0b1f      	lsrs	r7, r3, #12
10001c4e:	051b      	lsls	r3, r3, #20
10001c50:	1ac0      	subs	r0, r0, r3
10001c52:	41b9      	sbcs	r1, r7
10001c54:	0d86      	lsrs	r6, r0, #22
10001c56:	028f      	lsls	r7, r1, #10
10001c58:	433e      	orrs	r6, r7
10001c5a:	4366      	muls	r6, r4
10001c5c:	0c36      	lsrs	r6, r6, #16
10001c5e:	2d09      	cmp	r5, #9
10001c60:	db24      	blt.n	10001cac <last0>
10001c62:	0a52      	lsrs	r2, r2, #9
10001c64:	4372      	muls	r2, r6
10001c66:	1a80      	subs	r0, r0, r2
10001c68:	0377      	lsls	r7, r6, #13
10001c6a:	0a46      	lsrs	r6, r0, #9
10001c6c:	4366      	muls	r6, r4
10001c6e:	0c36      	lsrs	r6, r6, #16
10001c70:	2316      	movs	r3, #22
10001c72:	1b5b      	subs	r3, r3, r5
10001c74:	40de      	lsrs	r6, r3
10001c76:	40df      	lsrs	r7, r3
10001c78:	19bf      	adds	r7, r7, r6
10001c7a:	4664      	mov	r4, ip
10001c7c:	4366      	muls	r6, r4
10001c7e:	1b82      	subs	r2, r0, r6
10001c80:	4670      	mov	r0, lr
10001c82:	3504      	adds	r5, #4
10001c84:	3306      	adds	r3, #6
10001c86:	0001      	movs	r1, r0
10001c88:	40d9      	lsrs	r1, r3
10001c8a:	40a8      	lsls	r0, r5
10001c8c:	19c0      	adds	r0, r0, r7
10001c8e:	d300      	bcc.n	10001c92 <y64_x32+0xb6>
10001c90:	3101      	adds	r1, #1
10001c92:	42a2      	cmp	r2, r4
10001c94:	d206      	bcs.n	10001ca4 <y64_x32+0xc8>
10001c96:	2300      	movs	r3, #0
10001c98:	bdf0      	pop	{r4, r5, r6, r7, pc}
10001c9a:	0000      	.short	0x0000
10001c9c:	d0000000 	.word	0xd0000000
10001ca0:	ffffffff 	.word	0xffffffff
10001ca4:	1b12      	subs	r2, r2, r4
10001ca6:	3001      	adds	r0, #1
10001ca8:	d3f3      	bcc.n	10001c92 <y64_x32+0xb6>
10001caa:	e7f1      	b.n	10001c90 <y64_x32+0xb4>

10001cac <last0>:
10001cac:	2709      	movs	r7, #9
10001cae:	1b7f      	subs	r7, r7, r5
10001cb0:	40fe      	lsrs	r6, r7
10001cb2:	4664      	mov	r4, ip
10001cb4:	b2a2      	uxth	r2, r4
10001cb6:	4372      	muls	r2, r6
10001cb8:	1a80      	subs	r0, r0, r2
10001cba:	d200      	bcs.n	10001cbe <last0+0x12>
10001cbc:	3901      	subs	r1, #1
10001cbe:	0c22      	lsrs	r2, r4, #16
10001cc0:	4372      	muls	r2, r6
10001cc2:	0c13      	lsrs	r3, r2, #16
10001cc4:	0412      	lsls	r2, r2, #16
10001cc6:	1a82      	subs	r2, r0, r2
10001cc8:	4199      	sbcs	r1, r3
10001cca:	000b      	movs	r3, r1
10001ccc:	4670      	mov	r0, lr
10001cce:	3504      	adds	r5, #4
10001cd0:	3713      	adds	r7, #19
10001cd2:	0001      	movs	r1, r0
10001cd4:	40f9      	lsrs	r1, r7
10001cd6:	40a8      	lsls	r0, r5
10001cd8:	1980      	adds	r0, r0, r6
10001cda:	d300      	bcc.n	10001cde <last0+0x32>
10001cdc:	3101      	adds	r1, #1
10001cde:	2b00      	cmp	r3, #0
10001ce0:	d102      	bne.n	10001ce8 <last0+0x3c>
10001ce2:	42a2      	cmp	r2, r4
10001ce4:	d20a      	bcs.n	10001cfc <last0+0x50>
10001ce6:	bdf0      	pop	{r4, r5, r6, r7, pc}
10001ce8:	3001      	adds	r0, #1
10001cea:	d300      	bcc.n	10001cee <last0+0x42>
10001cec:	3101      	adds	r1, #1
10001cee:	1b12      	subs	r2, r2, r4
10001cf0:	d2fa      	bcs.n	10001ce8 <last0+0x3c>
10001cf2:	3b01      	subs	r3, #1
10001cf4:	d1f8      	bne.n	10001ce8 <last0+0x3c>
10001cf6:	42a2      	cmp	r2, r4
10001cf8:	d200      	bcs.n	10001cfc <last0+0x50>
10001cfa:	bdf0      	pop	{r4, r5, r6, r7, pc}
10001cfc:	3001      	adds	r0, #1
10001cfe:	d300      	bcc.n	10001d02 <last0+0x56>
10001d00:	3101      	adds	r1, #1
10001d02:	1b12      	subs	r2, r2, r4
10001d04:	e7f7      	b.n	10001cf6 <last0+0x4a>

10001d06 <y64_x48>:
10001d06:	b5f0      	push	{r4, r5, r6, r7, lr}
10001d08:	0c1c      	lsrs	r4, r3, #16
10001d0a:	d000      	beq.n	10001d0e <y64_x48+0x8>
10001d0c:	e080      	b.n	10001e10 <y64_x64>
10001d0e:	b40c      	push	{r2, r3}
10001d10:	2500      	movs	r5, #0
10001d12:	0a1c      	lsrs	r4, r3, #8
10001d14:	d104      	bne.n	10001d20 <y64_x48+0x1a>
10001d16:	021b      	lsls	r3, r3, #8
10001d18:	0e16      	lsrs	r6, r2, #24
10001d1a:	4333      	orrs	r3, r6
10001d1c:	0212      	lsls	r2, r2, #8
10001d1e:	3508      	adds	r5, #8
10001d20:	0b1c      	lsrs	r4, r3, #12
10001d22:	d104      	bne.n	10001d2e <y64_x48+0x28>
10001d24:	011b      	lsls	r3, r3, #4
10001d26:	0f16      	lsrs	r6, r2, #28
10001d28:	4333      	orrs	r3, r6
10001d2a:	0112      	lsls	r2, r2, #4
10001d2c:	3504      	adds	r5, #4
10001d2e:	0b9c      	lsrs	r4, r3, #14
10001d30:	d104      	bne.n	10001d3c <y64_x48+0x36>
10001d32:	009b      	lsls	r3, r3, #2
10001d34:	0f96      	lsrs	r6, r2, #30
10001d36:	4333      	orrs	r3, r6
10001d38:	0092      	lsls	r2, r2, #2
10001d3a:	3502      	adds	r5, #2
10001d3c:	0bdc      	lsrs	r4, r3, #15
10001d3e:	d102      	bne.n	10001d46 <y64_x48+0x40>
10001d40:	1892      	adds	r2, r2, r2
10001d42:	415b      	adcs	r3, r3
10001d44:	3501      	adds	r5, #1
10001d46:	001c      	movs	r4, r3
10001d48:	1897      	adds	r7, r2, r2
10001d4a:	4164      	adcs	r4, r4
10001d4c:	3401      	adds	r4, #1
10001d4e:	4f46      	ldr	r7, [pc, #280]	@ (10001e68 <y64_x64+0x58>)
10001d50:	667c      	str	r4, [r7, #100]	@ 0x64
10001d52:	4c46      	ldr	r4, [pc, #280]	@ (10001e6c <y64_x64+0x5c>)
10001d54:	663c      	str	r4, [r7, #96]	@ 0x60
10001d56:	0c0e      	lsrs	r6, r1, #16
10001d58:	e7ff      	b.n	10001d5a <y64_x48+0x54>
10001d5a:	e7ff      	b.n	10001d5c <y64_x48+0x56>
10001d5c:	e7ff      	b.n	10001d5e <y64_x48+0x58>
10001d5e:	46c0      	nop			@ (mov r8, r8)
10001d60:	6f3c      	ldr	r4, [r7, #112]	@ 0x70
10001d62:	4366      	muls	r6, r4
10001d64:	0c36      	lsrs	r6, r6, #16
10001d66:	0377      	lsls	r7, r6, #13
10001d68:	46be      	mov	lr, r7
10001d6a:	b297      	uxth	r7, r2
10001d6c:	4377      	muls	r7, r6
10001d6e:	1bc0      	subs	r0, r0, r7
10001d70:	d200      	bcs.n	10001d74 <y64_x48+0x6e>
10001d72:	3901      	subs	r1, #1
10001d74:	1bc0      	subs	r0, r0, r7
10001d76:	d200      	bcs.n	10001d7a <y64_x48+0x74>
10001d78:	3901      	subs	r1, #1
10001d7a:	b29f      	uxth	r7, r3
10001d7c:	4377      	muls	r7, r6
10001d7e:	1bc9      	subs	r1, r1, r7
10001d80:	1bc9      	subs	r1, r1, r7
10001d82:	0c17      	lsrs	r7, r2, #16
10001d84:	4377      	muls	r7, r6
10001d86:	047e      	lsls	r6, r7, #17
10001d88:	0bff      	lsrs	r7, r7, #15
10001d8a:	1b80      	subs	r0, r0, r6
10001d8c:	41b9      	sbcs	r1, r7
10001d8e:	08ce      	lsrs	r6, r1, #3
10001d90:	4366      	muls	r6, r4
10001d92:	0c36      	lsrs	r6, r6, #16
10001d94:	2d0c      	cmp	r5, #12
10001d96:	db33      	blt.n	10001e00 <last1>
10001d98:	44b6      	add	lr, r6
10001d9a:	0b12      	lsrs	r2, r2, #12
10001d9c:	051f      	lsls	r7, r3, #20
10001d9e:	433a      	orrs	r2, r7
10001da0:	0b1b      	lsrs	r3, r3, #12
10001da2:	b297      	uxth	r7, r2
10001da4:	4377      	muls	r7, r6
10001da6:	1bc0      	subs	r0, r0, r7
10001da8:	d200      	bcs.n	10001dac <y64_x48+0xa6>
10001daa:	3901      	subs	r1, #1
10001dac:	b29f      	uxth	r7, r3
10001dae:	4377      	muls	r7, r6
10001db0:	1bc9      	subs	r1, r1, r7
10001db2:	0c17      	lsrs	r7, r2, #16
10001db4:	4377      	muls	r7, r6
10001db6:	043e      	lsls	r6, r7, #16
10001db8:	0c3f      	lsrs	r7, r7, #16
10001dba:	1b80      	subs	r0, r0, r6
10001dbc:	41b9      	sbcs	r1, r7
10001dbe:	0d86      	lsrs	r6, r0, #22
10001dc0:	028f      	lsls	r7, r1, #10
10001dc2:	433e      	orrs	r6, r7
10001dc4:	4366      	muls	r6, r4
10001dc6:	2729      	movs	r7, #41	@ 0x29
10001dc8:	1b7f      	subs	r7, r7, r5
10001dca:	40fe      	lsrs	r6, r7
10001dcc:	3d0c      	subs	r5, #12
10001dce:	4677      	mov	r7, lr
10001dd0:	40af      	lsls	r7, r5
10001dd2:	19bf      	adds	r7, r7, r6
10001dd4:	bc30      	pop	{r4, r5}
10001dd6:	b2a2      	uxth	r2, r4
10001dd8:	b2ab      	uxth	r3, r5
10001dda:	4372      	muls	r2, r6
10001ddc:	4373      	muls	r3, r6
10001dde:	1a80      	subs	r0, r0, r2
10001de0:	4199      	sbcs	r1, r3
10001de2:	0c22      	lsrs	r2, r4, #16
10001de4:	4372      	muls	r2, r6
10001de6:	0c13      	lsrs	r3, r2, #16
10001de8:	0412      	lsls	r2, r2, #16
10001dea:	1a80      	subs	r0, r0, r2
10001dec:	4199      	sbcs	r1, r3
10001dee:	0002      	movs	r2, r0
10001df0:	000b      	movs	r3, r1
10001df2:	3701      	adds	r7, #1
10001df4:	1b00      	subs	r0, r0, r4
10001df6:	41a9      	sbcs	r1, r5
10001df8:	d2f9      	bcs.n	10001dee <y64_x48+0xe8>
10001dfa:	1e78      	subs	r0, r7, #1
10001dfc:	2100      	movs	r1, #0
10001dfe:	bdf0      	pop	{r4, r5, r6, r7, pc}

10001e00 <last1>:
10001e00:	270c      	movs	r7, #12
10001e02:	1b7f      	subs	r7, r7, r5
10001e04:	40fe      	lsrs	r6, r7
10001e06:	4677      	mov	r7, lr
10001e08:	0b7f      	lsrs	r7, r7, #13
10001e0a:	40af      	lsls	r7, r5
10001e0c:	19ff      	adds	r7, r7, r7
10001e0e:	e7e0      	b.n	10001dd2 <y64_x48+0xcc>

10001e10 <y64_x64>:
10001e10:	2400      	movs	r4, #0
10001e12:	1c5d      	adds	r5, r3, #1
10001e14:	d007      	beq.n	10001e26 <y64_x64+0x16>
10001e16:	4f14      	ldr	r7, [pc, #80]	@ (10001e68 <y64_x64+0x58>)
10001e18:	667d      	str	r5, [r7, #100]	@ 0x64
10001e1a:	6639      	str	r1, [r7, #96]	@ 0x60
10001e1c:	e7ff      	b.n	10001e1e <y64_x64+0xe>
10001e1e:	e7ff      	b.n	10001e20 <y64_x64+0x10>
10001e20:	e7ff      	b.n	10001e22 <y64_x64+0x12>
10001e22:	e7ff      	b.n	10001e24 <y64_x64+0x14>
10001e24:	6f3c      	ldr	r4, [r7, #112]	@ 0x70
10001e26:	b295      	uxth	r5, r2
10001e28:	b29e      	uxth	r6, r3
10001e2a:	4365      	muls	r5, r4
10001e2c:	4366      	muls	r6, r4
10001e2e:	1b40      	subs	r0, r0, r5
10001e30:	41b1      	sbcs	r1, r6
10001e32:	0c15      	lsrs	r5, r2, #16
10001e34:	0c1e      	lsrs	r6, r3, #16
10001e36:	4365      	muls	r5, r4
10001e38:	4366      	muls	r6, r4
10001e3a:	0436      	lsls	r6, r6, #16
10001e3c:	0c2f      	lsrs	r7, r5, #16
10001e3e:	433e      	orrs	r6, r7
10001e40:	042d      	lsls	r5, r5, #16
10001e42:	1b40      	subs	r0, r0, r5
10001e44:	41b1      	sbcs	r1, r6
10001e46:	4299      	cmp	r1, r3
10001e48:	d204      	bcs.n	10001e54 <y64_x64+0x44>
10001e4a:	0002      	movs	r2, r0
10001e4c:	000b      	movs	r3, r1
10001e4e:	0020      	movs	r0, r4
10001e50:	2100      	movs	r1, #0
10001e52:	bdf0      	pop	{r4, r5, r6, r7, pc}
10001e54:	d101      	bne.n	10001e5a <y64_x64+0x4a>
10001e56:	4290      	cmp	r0, r2
10001e58:	d3f7      	bcc.n	10001e4a <y64_x64+0x3a>
10001e5a:	1a80      	subs	r0, r0, r2
10001e5c:	4199      	sbcs	r1, r3
10001e5e:	3401      	adds	r4, #1
10001e60:	4299      	cmp	r1, r3
10001e62:	d3f2      	bcc.n	10001e4a <y64_x64+0x3a>
10001e64:	e7f6      	b.n	10001e54 <y64_x64+0x44>
10001e66:	0000      	.short	0x0000
10001e68:	d0000000 	.word	0xd0000000
10001e6c:	ffffffff 	.word	0xffffffff

10001e70 <__wrap___aeabi_drsub>:
10001e70:	4048      	eors	r0, r1
10001e72:	4041      	eors	r1, r0
10001e74:	4048      	eors	r0, r1

10001e76 <__wrap___aeabi_dsub>:
10001e76:	b418      	push	{r3, r4}
10001e78:	4b13      	ldr	r3, [pc, #76]	@ (10001ec8 <__wrap___aeabi_dmul+0xa>)
10001e7a:	685b      	ldr	r3, [r3, #4]
10001e7c:	9301      	str	r3, [sp, #4]
10001e7e:	bd08      	pop	{r3, pc}

10001e80 <__wrap___aeabi_dadd>:
10001e80:	b418      	push	{r3, r4}
10001e82:	4b11      	ldr	r3, [pc, #68]	@ (10001ec8 <__wrap___aeabi_dmul+0xa>)
10001e84:	681b      	ldr	r3, [r3, #0]
10001e86:	9301      	str	r3, [sp, #4]
10001e88:	bd08      	pop	{r3, pc}

10001e8a <__wrap___aeabi_ddiv>:
10001e8a:	4694      	mov	ip, r2
10001e8c:	4a0f      	ldr	r2, [pc, #60]	@ (10001ecc <__wrap___aeabi_dmul+0xe>)
10001e8e:	6f92      	ldr	r2, [r2, #120]	@ 0x78
10001e90:	0892      	lsrs	r2, r2, #2
10001e92:	d205      	bcs.n	10001ea0 <ddiv_save_state>
10001e94:	4662      	mov	r2, ip

10001e96 <ddiv_shim_call>:
10001e96:	b418      	push	{r3, r4}
10001e98:	4b0b      	ldr	r3, [pc, #44]	@ (10001ec8 <__wrap___aeabi_dmul+0xa>)
10001e9a:	68db      	ldr	r3, [r3, #12]
10001e9c:	9301      	str	r3, [sp, #4]
10001e9e:	bd08      	pop	{r3, pc}

10001ea0 <ddiv_save_state>:
10001ea0:	4a0a      	ldr	r2, [pc, #40]	@ (10001ecc <__wrap___aeabi_dmul+0xe>)
10001ea2:	b5f0      	push	{r4, r5, r6, r7, lr}
10001ea4:	6e14      	ldr	r4, [r2, #96]	@ 0x60
10001ea6:	6e55      	ldr	r5, [r2, #100]	@ 0x64
10001ea8:	6f57      	ldr	r7, [r2, #116]	@ 0x74
10001eaa:	6f16      	ldr	r6, [r2, #112]	@ 0x70
10001eac:	4662      	mov	r2, ip
10001eae:	f7ff fff2 	bl	10001e96 <ddiv_shim_call>
10001eb2:	4a06      	ldr	r2, [pc, #24]	@ (10001ecc <__wrap___aeabi_dmul+0xe>)
10001eb4:	6614      	str	r4, [r2, #96]	@ 0x60
10001eb6:	6655      	str	r5, [r2, #100]	@ 0x64
10001eb8:	6757      	str	r7, [r2, #116]	@ 0x74
10001eba:	6716      	str	r6, [r2, #112]	@ 0x70
10001ebc:	bdf0      	pop	{r4, r5, r6, r7, pc}

10001ebe <__wrap___aeabi_dmul>:
10001ebe:	b418      	push	{r3, r4}
10001ec0:	4b01      	ldr	r3, [pc, #4]	@ (10001ec8 <__wrap___aeabi_dmul+0xa>)
10001ec2:	689b      	ldr	r3, [r3, #8]
10001ec4:	9301      	str	r3, [sp, #4]
10001ec6:	bd08      	pop	{r3, pc}
10001ec8:	20001290 	.word	0x20001290
10001ecc:	d0000000 	.word	0xd0000000

10001ed0 <__wrap___aeabi_cdrcmple>:
10001ed0:	b5ff      	push	{r0, r1, r2, r3, r4, r5, r6, r7, lr}
10001ed2:	4050      	eors	r0, r2
10001ed4:	4042      	eors	r2, r0
10001ed6:	4050      	eors	r0, r2
10001ed8:	4059      	eors	r1, r3
10001eda:	404b      	eors	r3, r1
10001edc:	4059      	eors	r1, r3
10001ede:	e000      	b.n	10001ee2 <__aeabi_dfcmple_guts>

10001ee0 <__wrap___aeabi_cdcmpeq>:
10001ee0:	b5ff      	push	{r0, r1, r2, r3, r4, r5, r6, r7, lr}

10001ee2 <__aeabi_dfcmple_guts>:
10001ee2:	4f15      	ldr	r7, [pc, #84]	@ (10001f38 <__aeabi_dfcmple_guts+0x56>)
10001ee4:	004c      	lsls	r4, r1, #1
10001ee6:	0d64      	lsrs	r4, r4, #21
10001ee8:	d003      	beq.n	10001ef2 <__aeabi_dfcmple_guts+0x10>
10001eea:	42bc      	cmp	r4, r7
10001eec:	d104      	bne.n	10001ef8 <__aeabi_dfcmple_guts+0x16>
10001eee:	030c      	lsls	r4, r1, #12
10001ef0:	d814      	bhi.n	10001f1c <__aeabi_dfcmple_guts+0x3a>
10001ef2:	2000      	movs	r0, #0
10001ef4:	0d09      	lsrs	r1, r1, #20
10001ef6:	0509      	lsls	r1, r1, #20
10001ef8:	005c      	lsls	r4, r3, #1
10001efa:	0d64      	lsrs	r4, r4, #21
10001efc:	d003      	beq.n	10001f06 <__aeabi_dfcmple_guts+0x24>
10001efe:	42bc      	cmp	r4, r7
10001f00:	d104      	bne.n	10001f0c <__aeabi_dfcmple_guts+0x2a>
10001f02:	031c      	lsls	r4, r3, #12
10001f04:	d80a      	bhi.n	10001f1c <__aeabi_dfcmple_guts+0x3a>
10001f06:	2200      	movs	r2, #0
10001f08:	0d1b      	lsrs	r3, r3, #20
10001f0a:	051b      	lsls	r3, r3, #20
10001f0c:	2601      	movs	r6, #1
10001f0e:	404b      	eors	r3, r1
10001f10:	d409      	bmi.n	10001f26 <__aeabi_dfcmple_guts+0x44>
10001f12:	404b      	eors	r3, r1
10001f14:	d503      	bpl.n	10001f1e <__aeabi_dfcmple_guts+0x3c>
10001f16:	428b      	cmp	r3, r1
10001f18:	d100      	bne.n	10001f1c <__aeabi_dfcmple_guts+0x3a>
10001f1a:	4282      	cmp	r2, r0
10001f1c:	bdff      	pop	{r0, r1, r2, r3, r4, r5, r6, r7, pc}
10001f1e:	4299      	cmp	r1, r3
10001f20:	d1fc      	bne.n	10001f1c <__aeabi_dfcmple_guts+0x3a>
10001f22:	4290      	cmp	r0, r2
10001f24:	bdff      	pop	{r0, r1, r2, r3, r4, r5, r6, r7, pc}
10001f26:	430b      	orrs	r3, r1
10001f28:	18db      	adds	r3, r3, r3
10001f2a:	4303      	orrs	r3, r0
10001f2c:	4313      	orrs	r3, r2
10001f2e:	d0f5      	beq.n	10001f1c <__aeabi_dfcmple_guts+0x3a>
10001f30:	43c9      	mvns	r1, r1
10001f32:	1849      	adds	r1, r1, r1
10001f34:	bdff      	pop	{r0, r1, r2, r3, r4, r5, r6, r7, pc}
10001f36:	0000      	.short	0x0000
10001f38:	000007ff 	.word	0x000007ff

10001f3c <__wrap___aeabi_dcmplt>:
10001f3c:	b500      	push	{lr}
10001f3e:	f7ff ffcf 	bl	10001ee0 <__wrap___aeabi_cdcmpeq>
10001f42:	4180      	sbcs	r0, r0
10001f44:	bd00      	pop	{pc}
10001f46:	46c0      	nop			@ (mov r8, r8)

10001f48 <__wrap___aeabi_dcmple>:
10001f48:	b500      	push	{lr}
10001f4a:	f7ff ffc9 	bl	10001ee0 <__wrap___aeabi_cdcmpeq>
10001f4e:	d901      	bls.n	10001f54 <__wrap___aeabi_dcmple+0xc>
10001f50:	2000      	movs	r0, #0
10001f52:	bd00      	pop	{pc}
10001f54:	2001      	movs	r0, #1
10001f56:	bd00      	pop	{pc}

10001f58 <__wrap___aeabi_dcmpge>:
10001f58:	b500      	push	{lr}
10001f5a:	f7ff ffb9 	bl	10001ed0 <__wrap___aeabi_cdrcmple>
10001f5e:	d901      	bls.n	10001f64 <__wrap___aeabi_dcmpge+0xc>
10001f60:	2000      	movs	r0, #0
10001f62:	bd00      	pop	{pc}
10001f64:	2001      	movs	r0, #1
10001f66:	bd00      	pop	{pc}

10001f68 <__wrap___aeabi_dcmpgt>:
10001f68:	b500      	push	{lr}
10001f6a:	f7ff ffb1 	bl	10001ed0 <__wrap___aeabi_cdrcmple>
10001f6e:	4180      	sbcs	r0, r0
10001f70:	bd00      	pop	{pc}

10001f72 <__wrap___aeabi_dcmpun>:
10001f72:	2001      	movs	r0, #1
10001f74:	0540      	lsls	r0, r0, #21
10001f76:	004a      	lsls	r2, r1, #1
10001f78:	1812      	adds	r2, r2, r0
10001f7a:	d804      	bhi.n	10001f86 <__wrap___aeabi_dcmpun+0x14>
10001f7c:	005a      	lsls	r2, r3, #1
10001f7e:	1812      	adds	r2, r2, r0
10001f80:	d801      	bhi.n	10001f86 <__wrap___aeabi_dcmpun+0x14>
10001f82:	2000      	movs	r0, #0
10001f84:	4770      	bx	lr
10001f86:	2001      	movs	r0, #1
10001f88:	4770      	bx	lr
	...

10001f8c <__wrap___aeabi_ui2d>:
10001f8c:	2100      	movs	r1, #0
10001f8e:	2800      	cmp	r0, #0
10001f90:	d105      	bne.n	10001f9e <__wrap___aeabi_i2d+0xa>
10001f92:	4770      	bx	lr

10001f94 <__wrap___aeabi_i2d>:
10001f94:	17c1      	asrs	r1, r0, #31
10001f96:	4048      	eors	r0, r1
10001f98:	1a40      	subs	r0, r0, r1
10001f9a:	d0fa      	beq.n	10001f92 <__wrap___aeabi_ui2d+0x6>
10001f9c:	07c9      	lsls	r1, r1, #31
10001f9e:	b513      	push	{r0, r1, r4, lr}
10001fa0:	4b06      	ldr	r3, [pc, #24]	@ (10001fbc <__wrap___aeabi_i2d+0x28>)
10001fa2:	681b      	ldr	r3, [r3, #0]
10001fa4:	4798      	blx	r3
10001fa6:	bc0c      	pop	{r2, r3}
10001fa8:	1c44      	adds	r4, r0, #1
10001faa:	40a2      	lsls	r2, r4
10001fac:	0510      	lsls	r0, r2, #20
10001fae:	0b12      	lsrs	r2, r2, #12
10001fb0:	4903      	ldr	r1, [pc, #12]	@ (10001fc0 <__wrap___aeabi_i2d+0x2c>)
10001fb2:	1b09      	subs	r1, r1, r4
10001fb4:	0509      	lsls	r1, r1, #20
10001fb6:	4319      	orrs	r1, r3
10001fb8:	4311      	orrs	r1, r2
10001fba:	bd10      	pop	{r4, pc}
10001fbc:	20001b2c 	.word	0x20001b2c
10001fc0:	0000041f 	.word	0x0000041f

10001fc4 <__wrap___aeabi_d2iz>:
10001fc4:	b510      	push	{r4, lr}
10001fc6:	004c      	lsls	r4, r1, #1
10001fc8:	0d62      	lsrs	r2, r4, #21
10001fca:	2380      	movs	r3, #128	@ 0x80
10001fcc:	18d2      	adds	r2, r2, r3
10001fce:	00db      	lsls	r3, r3, #3
10001fd0:	1ad2      	subs	r2, r2, r3
10001fd2:	055b      	lsls	r3, r3, #21
10001fd4:	2a7e      	cmp	r2, #126	@ 0x7e
10001fd6:	dd10      	ble.n	10001ffa <__wrap___aeabi_d2iz+0x36>
10001fd8:	3a9e      	subs	r2, #158	@ 0x9e
10001fda:	da13      	bge.n	10002004 <__wrap___aeabi_d2iz+0x40>
10001fdc:	17cc      	asrs	r4, r1, #31
10001fde:	0309      	lsls	r1, r1, #12
10001fe0:	0849      	lsrs	r1, r1, #1
10001fe2:	4319      	orrs	r1, r3
10001fe4:	4252      	negs	r2, r2
10001fe6:	40d1      	lsrs	r1, r2
10001fe8:	0064      	lsls	r4, r4, #1
10001fea:	3401      	adds	r4, #1
10001fec:	3215      	adds	r2, #21
10001fee:	2a20      	cmp	r2, #32
10001ff0:	da05      	bge.n	10001ffe <__wrap___aeabi_d2iz+0x3a>
10001ff2:	40d0      	lsrs	r0, r2
10001ff4:	4308      	orrs	r0, r1
10001ff6:	4360      	muls	r0, r4
10001ff8:	bd10      	pop	{r4, pc}
10001ffa:	2000      	movs	r0, #0
10001ffc:	bd10      	pop	{r4, pc}
10001ffe:	4608      	mov	r0, r1
10002000:	4360      	muls	r0, r4
10002002:	bd10      	pop	{r4, pc}
10002004:	0fc8      	lsrs	r0, r1, #31
10002006:	18c0      	adds	r0, r0, r3
10002008:	3801      	subs	r0, #1
1000200a:	bd10      	pop	{r4, pc}

1000200c <__wrap___aeabi_d2uiz>:
1000200c:	b418      	push	{r3, r4}
1000200e:	4b02      	ldr	r3, [pc, #8]	@ (10002018 <__wrap___aeabi_d2uiz+0xc>)
10002010:	6a5b      	ldr	r3, [r3, #36]	@ 0x24
10002012:	9301      	str	r3, [sp, #4]
10002014:	bd08      	pop	{r3, pc}
10002016:	0000      	.short	0x0000
10002018:	20001290 	.word	0x20001290

1000201c <missing_double_func_shim>:
1000201c:	b510      	push	{r4, lr}
1000201e:	4801      	ldr	r0, [pc, #4]	@ (10002024 <missing_double_func_shim+0x8>)
10002020:	f7fe fa6e 	bl	10000500 <panic>
10002024:	1000657c 	.word	0x1000657c

10002028 <__aeabi_double_init>:
10002028:	2313      	movs	r3, #19
1000202a:	b570      	push	{r4, r5, r6, lr}
1000202c:	781d      	ldrb	r5, [r3, #0]
1000202e:	2d01      	cmp	r5, #1
10002030:	d019      	beq.n	10002066 <__aeabi_double_init+0x3e>
10002032:	dd14      	ble.n	1000205e <__aeabi_double_init+0x36>
10002034:	481d      	ldr	r0, [pc, #116]	@ (100020ac <__aeabi_double_init+0x84>)
10002036:	f7ff fb3f 	bl	100016b8 <rom_data_lookup>
1000203a:	0006      	movs	r6, r0
1000203c:	481c      	ldr	r0, [pc, #112]	@ (100020b0 <__aeabi_double_init+0x88>)
1000203e:	f7ff fb3b 	bl	100016b8 <rom_data_lookup>
10002042:	4c1c      	ldr	r4, [pc, #112]	@ (100020b4 <__aeabi_double_init+0x8c>)
10002044:	2280      	movs	r2, #128	@ 0x80
10002046:	0031      	movs	r1, r6
10002048:	0020      	movs	r0, r4
1000204a:	f000 f8b1 	bl	100021b0 <__wrap___aeabi_memcpy>
1000204e:	2d02      	cmp	r5, #2
10002050:	d006      	beq.n	10002060 <__aeabi_double_init+0x38>
10002052:	4819      	ldr	r0, [pc, #100]	@ (100020b8 <__aeabi_double_init+0x90>)
10002054:	f7ff fb28 	bl	100016a8 <rom_func_lookup>
10002058:	4b18      	ldr	r3, [pc, #96]	@ (100020bc <__aeabi_double_init+0x94>)
1000205a:	6018      	str	r0, [r3, #0]
1000205c:	bd70      	pop	{r4, r5, r6, pc}
1000205e:	4c15      	ldr	r4, [pc, #84]	@ (100020b4 <__aeabi_double_init+0x8c>)
10002060:	4b17      	ldr	r3, [pc, #92]	@ (100020c0 <__aeabi_double_init+0x98>)
10002062:	64a3      	str	r3, [r4, #72]	@ 0x48
10002064:	e7f5      	b.n	10002052 <__aeabi_double_init+0x2a>
10002066:	4b17      	ldr	r3, [pc, #92]	@ (100020c4 <__aeabi_double_init+0x9c>)
10002068:	4c12      	ldr	r4, [pc, #72]	@ (100020b4 <__aeabi_double_init+0x8c>)
1000206a:	6023      	str	r3, [r4, #0]
1000206c:	6063      	str	r3, [r4, #4]
1000206e:	60a3      	str	r3, [r4, #8]
10002070:	60e3      	str	r3, [r4, #12]
10002072:	6123      	str	r3, [r4, #16]
10002074:	6163      	str	r3, [r4, #20]
10002076:	61a3      	str	r3, [r4, #24]
10002078:	61e3      	str	r3, [r4, #28]
1000207a:	6223      	str	r3, [r4, #32]
1000207c:	6263      	str	r3, [r4, #36]	@ 0x24
1000207e:	62a3      	str	r3, [r4, #40]	@ 0x28
10002080:	62e3      	str	r3, [r4, #44]	@ 0x2c
10002082:	6323      	str	r3, [r4, #48]	@ 0x30
10002084:	6363      	str	r3, [r4, #52]	@ 0x34
10002086:	63a3      	str	r3, [r4, #56]	@ 0x38
10002088:	63e3      	str	r3, [r4, #60]	@ 0x3c
1000208a:	6423      	str	r3, [r4, #64]	@ 0x40
1000208c:	6463      	str	r3, [r4, #68]	@ 0x44
1000208e:	64a3      	str	r3, [r4, #72]	@ 0x48
10002090:	64e3      	str	r3, [r4, #76]	@ 0x4c
10002092:	6523      	str	r3, [r4, #80]	@ 0x50
10002094:	6563      	str	r3, [r4, #84]	@ 0x54
10002096:	65a3      	str	r3, [r4, #88]	@ 0x58
10002098:	65e3      	str	r3, [r4, #92]	@ 0x5c
1000209a:	6623      	str	r3, [r4, #96]	@ 0x60
1000209c:	6663      	str	r3, [r4, #100]	@ 0x64
1000209e:	66a3      	str	r3, [r4, #104]	@ 0x68
100020a0:	66e3      	str	r3, [r4, #108]	@ 0x6c
100020a2:	6723      	str	r3, [r4, #112]	@ 0x70
100020a4:	6763      	str	r3, [r4, #116]	@ 0x74
100020a6:	67a3      	str	r3, [r4, #120]	@ 0x78
100020a8:	67e3      	str	r3, [r4, #124]	@ 0x7c
100020aa:	e7d9      	b.n	10002060 <__aeabi_double_init+0x38>
100020ac:	00004453 	.word	0x00004453
100020b0:	00004653 	.word	0x00004653
100020b4:	20001290 	.word	0x20001290
100020b8:	0000334c 	.word	0x0000334c
100020bc:	20001b2c 	.word	0x20001b2c
100020c0:	100020c9 	.word	0x100020c9
100020c4:	1000201d 	.word	0x1000201d

100020c8 <double_table_shim_on_use_helper>:
100020c8:	b507      	push	{r0, r1, r2, lr}
100020ca:	4660      	mov	r0, ip
100020cc:	8801      	ldrh	r1, [r0, #0]
100020ce:	0a0a      	lsrs	r2, r1, #8
100020d0:	3002      	adds	r0, #2
100020d2:	2adf      	cmp	r2, #223	@ 0xdf
100020d4:	d1fa      	bne.n	100020cc <double_table_shim_on_use_helper+0x4>
100020d6:	b2c9      	uxtb	r1, r1
100020d8:	0882      	lsrs	r2, r0, #2
100020da:	d304      	bcc.n	100020e6 <double_table_shim_on_use_helper+0x1e>
100020dc:	8802      	ldrh	r2, [r0, #0]
100020de:	8840      	ldrh	r0, [r0, #2]
100020e0:	0400      	lsls	r0, r0, #16
100020e2:	4310      	orrs	r0, r2
100020e4:	e000      	b.n	100020e8 <double_table_shim_on_use_helper+0x20>
100020e6:	6800      	ldr	r0, [r0, #0]
100020e8:	4a01      	ldr	r2, [pc, #4]	@ (100020f0 <double_table_shim_on_use_helper+0x28>)
100020ea:	5050      	str	r0, [r2, r1]
100020ec:	9003      	str	r0, [sp, #12]
100020ee:	bd07      	pop	{r0, r1, r2, pc}
100020f0:	20001290 	.word	0x20001290

100020f4 <__wrap___aeabi_lmul>:
100020f4:	4351      	muls	r1, r2
100020f6:	4343      	muls	r3, r0
100020f8:	18c9      	adds	r1, r1, r3
100020fa:	468c      	mov	ip, r1
100020fc:	0c11      	lsrs	r1, r2, #16
100020fe:	b283      	uxth	r3, r0
10002100:	434b      	muls	r3, r1
10002102:	b410      	push	{r4}
10002104:	0c04      	lsrs	r4, r0, #16
10002106:	4361      	muls	r1, r4
10002108:	b292      	uxth	r2, r2
1000210a:	b280      	uxth	r0, r0
1000210c:	4350      	muls	r0, r2
1000210e:	4362      	muls	r2, r4
10002110:	041c      	lsls	r4, r3, #16
10002112:	0c1b      	lsrs	r3, r3, #16
10002114:	1900      	adds	r0, r0, r4
10002116:	bc10      	pop	{r4}
10002118:	4159      	adcs	r1, r3
1000211a:	0413      	lsls	r3, r2, #16
1000211c:	0c12      	lsrs	r2, r2, #16
1000211e:	18c0      	adds	r0, r0, r3
10002120:	4151      	adcs	r1, r2
10002122:	4461      	add	r1, ip
10002124:	4770      	bx	lr
	...

10002128 <missing_float_func_shim>:
10002128:	b510      	push	{r4, lr}
1000212a:	4801      	ldr	r0, [pc, #4]	@ (10002130 <missing_float_func_shim+0x8>)
1000212c:	f7fe f9e8 	bl	10000500 <panic>
10002130:	10006460 	.word	0x10006460

10002134 <__aeabi_float_init>:
10002134:	2313      	movs	r3, #19
10002136:	b510      	push	{r4, lr}
10002138:	781c      	ldrb	r4, [r3, #0]
1000213a:	4811      	ldr	r0, [pc, #68]	@ (10002180 <__aeabi_float_init+0x4c>)
1000213c:	f7ff fabc 	bl	100016b8 <rom_data_lookup>
10002140:	2c01      	cmp	r4, #1
10002142:	d00b      	beq.n	1000215c <__aeabi_float_init+0x28>
10002144:	dd04      	ble.n	10002150 <__aeabi_float_init+0x1c>
10002146:	0001      	movs	r1, r0
10002148:	2280      	movs	r2, #128	@ 0x80
1000214a:	480e      	ldr	r0, [pc, #56]	@ (10002184 <__aeabi_float_init+0x50>)
1000214c:	f000 f830 	bl	100021b0 <__wrap___aeabi_memcpy>
10002150:	480d      	ldr	r0, [pc, #52]	@ (10002188 <__aeabi_float_init+0x54>)
10002152:	f7ff faa9 	bl	100016a8 <rom_func_lookup>
10002156:	4b0d      	ldr	r3, [pc, #52]	@ (1000218c <__aeabi_float_init+0x58>)
10002158:	6018      	str	r0, [r3, #0]
1000215a:	bd10      	pop	{r4, pc}
1000215c:	4c09      	ldr	r4, [pc, #36]	@ (10002184 <__aeabi_float_init+0x50>)
1000215e:	0001      	movs	r1, r0
10002160:	2254      	movs	r2, #84	@ 0x54
10002162:	0020      	movs	r0, r4
10002164:	f000 f824 	bl	100021b0 <__wrap___aeabi_memcpy>
10002168:	0022      	movs	r2, r4
1000216a:	0020      	movs	r0, r4
1000216c:	4908      	ldr	r1, [pc, #32]	@ (10002190 <__aeabi_float_init+0x5c>)
1000216e:	3280      	adds	r2, #128	@ 0x80
10002170:	6803      	ldr	r3, [r0, #0]
10002172:	2b00      	cmp	r3, #0
10002174:	d100      	bne.n	10002178 <__aeabi_float_init+0x44>
10002176:	6001      	str	r1, [r0, #0]
10002178:	3004      	adds	r0, #4
1000217a:	4290      	cmp	r0, r2
1000217c:	d1f8      	bne.n	10002170 <__aeabi_float_init+0x3c>
1000217e:	e7e7      	b.n	10002150 <__aeabi_float_init+0x1c>
10002180:	00004653 	.word	0x00004653
10002184:	20001b30 	.word	0x20001b30
10002188:	0000334c 	.word	0x0000334c
1000218c:	20001b2c 	.word	0x20001b2c
10002190:	10002129 	.word	0x10002129

10002194 <__aeabi_mem_init>:
10002194:	4801      	ldr	r0, [pc, #4]	@ (1000219c <__aeabi_mem_init+0x8>)
10002196:	2104      	movs	r1, #4
10002198:	4b01      	ldr	r3, [pc, #4]	@ (100021a0 <__aeabi_mem_init+0xc>)
1000219a:	4718      	bx	r3
1000219c:	20000fe0 	.word	0x20000fe0
100021a0:	100016c9 	.word	0x100016c9

100021a4 <__wrap_memset>:
100021a4:	4b01      	ldr	r3, [pc, #4]	@ (100021ac <__wrap_memset+0x8>)
100021a6:	681b      	ldr	r3, [r3, #0]
100021a8:	4718      	bx	r3
100021aa:	0000      	.short	0x0000
100021ac:	20000fe0 	.word	0x20000fe0

100021b0 <__wrap___aeabi_memcpy>:
100021b0:	4b01      	ldr	r3, [pc, #4]	@ (100021b8 <__wrap___aeabi_memcpy+0x8>)
100021b2:	685b      	ldr	r3, [r3, #4]
100021b4:	4718      	bx	r3
100021b6:	0000      	.short	0x0000
100021b8:	20000fe0 	.word	0x20000fe0

100021bc <_out_null>:
100021bc:	4770      	bx	lr
100021be:	46c0      	nop			@ (mov r8, r8)

100021c0 <_out_rev>:
100021c0:	b5f8      	push	{r3, r4, r5, r6, r7, lr}
100021c2:	46de      	mov	lr, fp
100021c4:	4657      	mov	r7, sl
100021c6:	464e      	mov	r6, r9
100021c8:	4645      	mov	r5, r8
100021ca:	b5e0      	push	{r5, r6, r7, lr}
100021cc:	4699      	mov	r9, r3
100021ce:	9b0d      	ldr	r3, [sp, #52]	@ 0x34
100021d0:	0007      	movs	r7, r0
100021d2:	4688      	mov	r8, r1
100021d4:	4693      	mov	fp, r2
100021d6:	079b      	lsls	r3, r3, #30
100021d8:	d028      	beq.n	1000222c <_out_rev+0x6c>
100021da:	9b0b      	ldr	r3, [sp, #44]	@ 0x2c
100021dc:	2b00      	cmp	r3, #0
100021de:	d03c      	beq.n	1000225a <_out_rev+0x9a>
100021e0:	0016      	movs	r6, r2
100021e2:	9c0b      	ldr	r4, [sp, #44]	@ 0x2c
100021e4:	9d0a      	ldr	r5, [sp, #40]	@ 0x28
100021e6:	1936      	adds	r6, r6, r4
100021e8:	1b32      	subs	r2, r6, r4
100021ea:	3c01      	subs	r4, #1
100021ec:	464b      	mov	r3, r9
100021ee:	4641      	mov	r1, r8
100021f0:	5d28      	ldrb	r0, [r5, r4]
100021f2:	47b8      	blx	r7
100021f4:	2c00      	cmp	r4, #0
100021f6:	d1f7      	bne.n	100021e8 <_out_rev+0x28>
100021f8:	0035      	movs	r5, r6
100021fa:	9b0d      	ldr	r3, [sp, #52]	@ 0x34
100021fc:	079b      	lsls	r3, r3, #30
100021fe:	d50e      	bpl.n	1000221e <_out_rev+0x5e>
10002200:	465b      	mov	r3, fp
10002202:	1aec      	subs	r4, r5, r3
10002204:	9b0c      	ldr	r3, [sp, #48]	@ 0x30
10002206:	42a3      	cmp	r3, r4
10002208:	d909      	bls.n	1000221e <_out_rev+0x5e>
1000220a:	001e      	movs	r6, r3
1000220c:	002a      	movs	r2, r5
1000220e:	464b      	mov	r3, r9
10002210:	4641      	mov	r1, r8
10002212:	2020      	movs	r0, #32
10002214:	3401      	adds	r4, #1
10002216:	47b8      	blx	r7
10002218:	3501      	adds	r5, #1
1000221a:	42b4      	cmp	r4, r6
1000221c:	d3f6      	bcc.n	1000220c <_out_rev+0x4c>
1000221e:	0028      	movs	r0, r5
10002220:	bcf0      	pop	{r4, r5, r6, r7}
10002222:	46bb      	mov	fp, r7
10002224:	46b2      	mov	sl, r6
10002226:	46a9      	mov	r9, r5
10002228:	46a0      	mov	r8, r4
1000222a:	bdf8      	pop	{r3, r4, r5, r6, r7, pc}
1000222c:	9b0b      	ldr	r3, [sp, #44]	@ 0x2c
1000222e:	9a0c      	ldr	r2, [sp, #48]	@ 0x30
10002230:	4293      	cmp	r3, r2
10002232:	d214      	bcs.n	1000225e <_out_rev+0x9e>
10002234:	0013      	movs	r3, r2
10002236:	465d      	mov	r5, fp
10002238:	000c      	movs	r4, r1
1000223a:	9a0b      	ldr	r2, [sp, #44]	@ 0x2c
1000223c:	1a9e      	subs	r6, r3, r2
1000223e:	1976      	adds	r6, r6, r5
10002240:	002a      	movs	r2, r5
10002242:	464b      	mov	r3, r9
10002244:	3501      	adds	r5, #1
10002246:	0021      	movs	r1, r4
10002248:	2020      	movs	r0, #32
1000224a:	47b8      	blx	r7
1000224c:	42b5      	cmp	r5, r6
1000224e:	d1f7      	bne.n	10002240 <_out_rev+0x80>
10002250:	9b0b      	ldr	r3, [sp, #44]	@ 0x2c
10002252:	46a0      	mov	r8, r4
10002254:	2b00      	cmp	r3, #0
10002256:	d1c4      	bne.n	100021e2 <_out_rev+0x22>
10002258:	e7e1      	b.n	1000221e <_out_rev+0x5e>
1000225a:	0015      	movs	r5, r2
1000225c:	e7cd      	b.n	100021fa <_out_rev+0x3a>
1000225e:	465e      	mov	r6, fp
10002260:	2b00      	cmp	r3, #0
10002262:	d1be      	bne.n	100021e2 <_out_rev+0x22>
10002264:	465d      	mov	r5, fp
10002266:	e7da      	b.n	1000221e <_out_rev+0x5e>

10002268 <_ntoa_format>:
10002268:	b5f0      	push	{r4, r5, r6, r7, lr}
1000226a:	464f      	mov	r7, r9
1000226c:	46d6      	mov	lr, sl
1000226e:	4646      	mov	r6, r8
10002270:	b5c0      	push	{r6, r7, lr}
10002272:	b084      	sub	sp, #16
10002274:	469c      	mov	ip, r3
10002276:	ab0e      	add	r3, sp, #56	@ 0x38
10002278:	781f      	ldrb	r7, [r3, #0]
1000227a:	9b12      	ldr	r3, [sp, #72]	@ 0x48
1000227c:	4691      	mov	r9, r2
1000227e:	46ba      	mov	sl, r7
10002280:	9c0d      	ldr	r4, [sp, #52]	@ 0x34
10002282:	9e10      	ldr	r6, [sp, #64]	@ 0x40
10002284:	9d11      	ldr	r5, [sp, #68]	@ 0x44
10002286:	079b      	lsls	r3, r3, #30
10002288:	d44c      	bmi.n	10002324 <_ntoa_format+0xbc>
1000228a:	2d00      	cmp	r5, #0
1000228c:	d141      	bne.n	10002312 <_ntoa_format+0xaa>
1000228e:	42b4      	cmp	r4, r6
10002290:	d248      	bcs.n	10002324 <_ntoa_format+0xbc>
10002292:	2301      	movs	r3, #1
10002294:	9f12      	ldr	r7, [sp, #72]	@ 0x48
10002296:	401f      	ands	r7, r3
10002298:	46b8      	mov	r8, r7
1000229a:	9b0c      	ldr	r3, [sp, #48]	@ 0x30
1000229c:	1e5f      	subs	r7, r3, #1
1000229e:	2330      	movs	r3, #48	@ 0x30
100022a0:	e003      	b.n	100022aa <_ntoa_format+0x42>
100022a2:	3401      	adds	r4, #1
100022a4:	553b      	strb	r3, [r7, r4]
100022a6:	42a6      	cmp	r6, r4
100022a8:	d901      	bls.n	100022ae <_ntoa_format+0x46>
100022aa:	2c20      	cmp	r4, #32
100022ac:	d1f9      	bne.n	100022a2 <_ntoa_format+0x3a>
100022ae:	4643      	mov	r3, r8
100022b0:	2b00      	cmp	r3, #0
100022b2:	d100      	bne.n	100022b6 <_ntoa_format+0x4e>
100022b4:	e087      	b.n	100023c6 <_ntoa_format+0x15e>
100022b6:	9b0c      	ldr	r3, [sp, #48]	@ 0x30
100022b8:	1e5f      	subs	r7, r3, #1
100022ba:	2330      	movs	r3, #48	@ 0x30
100022bc:	42a5      	cmp	r5, r4
100022be:	d804      	bhi.n	100022ca <_ntoa_format+0x62>
100022c0:	e030      	b.n	10002324 <_ntoa_format+0xbc>
100022c2:	3401      	adds	r4, #1
100022c4:	553b      	strb	r3, [r7, r4]
100022c6:	42ac      	cmp	r4, r5
100022c8:	d02c      	beq.n	10002324 <_ntoa_format+0xbc>
100022ca:	2c20      	cmp	r4, #32
100022cc:	d1f9      	bne.n	100022c2 <_ntoa_format+0x5a>
100022ce:	9b12      	ldr	r3, [sp, #72]	@ 0x48
100022d0:	06db      	lsls	r3, r3, #27
100022d2:	d50d      	bpl.n	100022f0 <_ntoa_format+0x88>
100022d4:	9b12      	ldr	r3, [sp, #72]	@ 0x48
100022d6:	055b      	lsls	r3, r3, #21
100022d8:	d457      	bmi.n	1000238a <_ntoa_format+0x122>
100022da:	42a6      	cmp	r6, r4
100022dc:	d067      	beq.n	100023ae <_ntoa_format+0x146>
100022de:	42a5      	cmp	r5, r4
100022e0:	d065      	beq.n	100023ae <_ntoa_format+0x146>
100022e2:	9b0f      	ldr	r3, [sp, #60]	@ 0x3c
100022e4:	2b10      	cmp	r3, #16
100022e6:	d053      	beq.n	10002390 <_ntoa_format+0x128>
100022e8:	2b02      	cmp	r3, #2
100022ea:	d05b      	beq.n	100023a4 <_ntoa_format+0x13c>
100022ec:	2c20      	cmp	r4, #32
100022ee:	d136      	bne.n	1000235e <_ntoa_format+0xf6>
100022f0:	2320      	movs	r3, #32
100022f2:	9c12      	ldr	r4, [sp, #72]	@ 0x48
100022f4:	9301      	str	r3, [sp, #4]
100022f6:	9b0c      	ldr	r3, [sp, #48]	@ 0x30
100022f8:	464a      	mov	r2, r9
100022fa:	9300      	str	r3, [sp, #0]
100022fc:	9403      	str	r4, [sp, #12]
100022fe:	4663      	mov	r3, ip
10002300:	9502      	str	r5, [sp, #8]
10002302:	f7ff ff5d 	bl	100021c0 <_out_rev>
10002306:	b004      	add	sp, #16
10002308:	bce0      	pop	{r5, r6, r7}
1000230a:	46ba      	mov	sl, r7
1000230c:	46b1      	mov	r9, r6
1000230e:	46a8      	mov	r8, r5
10002310:	bdf0      	pop	{r4, r5, r6, r7, pc}
10002312:	2301      	movs	r3, #1
10002314:	9a12      	ldr	r2, [sp, #72]	@ 0x48
10002316:	4013      	ands	r3, r2
10002318:	4698      	mov	r8, r3
1000231a:	2301      	movs	r3, #1
1000231c:	4213      	tst	r3, r2
1000231e:	d12d      	bne.n	1000237c <_ntoa_format+0x114>
10002320:	42b4      	cmp	r4, r6
10002322:	d3ba      	bcc.n	1000229a <_ntoa_format+0x32>
10002324:	9b12      	ldr	r3, [sp, #72]	@ 0x48
10002326:	06db      	lsls	r3, r3, #27
10002328:	d51e      	bpl.n	10002368 <_ntoa_format+0x100>
1000232a:	9b12      	ldr	r3, [sp, #72]	@ 0x48
1000232c:	055b      	lsls	r3, r3, #21
1000232e:	d4d8      	bmi.n	100022e2 <_ntoa_format+0x7a>
10002330:	2c00      	cmp	r4, #0
10002332:	d1d2      	bne.n	100022da <_ntoa_format+0x72>
10002334:	9b0f      	ldr	r3, [sp, #60]	@ 0x3c
10002336:	2b10      	cmp	r3, #16
10002338:	d060      	beq.n	100023fc <_ntoa_format+0x194>
1000233a:	9b0f      	ldr	r3, [sp, #60]	@ 0x3c
1000233c:	2b02      	cmp	r3, #2
1000233e:	d071      	beq.n	10002424 <_ntoa_format+0x1bc>
10002340:	2330      	movs	r3, #48	@ 0x30
10002342:	2401      	movs	r4, #1
10002344:	9a0c      	ldr	r2, [sp, #48]	@ 0x30
10002346:	7013      	strb	r3, [r2, #0]
10002348:	4653      	mov	r3, sl
1000234a:	2b00      	cmp	r3, #0
1000234c:	d111      	bne.n	10002372 <_ntoa_format+0x10a>
1000234e:	9b12      	ldr	r3, [sp, #72]	@ 0x48
10002350:	075b      	lsls	r3, r3, #29
10002352:	d540      	bpl.n	100023d6 <_ntoa_format+0x16e>
10002354:	262b      	movs	r6, #43	@ 0x2b
10002356:	9a0c      	ldr	r2, [sp, #48]	@ 0x30
10002358:	1c63      	adds	r3, r4, #1
1000235a:	5516      	strb	r6, [r2, r4]
1000235c:	e7c9      	b.n	100022f2 <_ntoa_format+0x8a>
1000235e:	0023      	movs	r3, r4
10002360:	3401      	adds	r4, #1
10002362:	2630      	movs	r6, #48	@ 0x30
10002364:	9a0c      	ldr	r2, [sp, #48]	@ 0x30
10002366:	54d6      	strb	r6, [r2, r3]
10002368:	2c20      	cmp	r4, #32
1000236a:	d0c1      	beq.n	100022f0 <_ntoa_format+0x88>
1000236c:	4653      	mov	r3, sl
1000236e:	2b00      	cmp	r3, #0
10002370:	d0ed      	beq.n	1000234e <_ntoa_format+0xe6>
10002372:	262d      	movs	r6, #45	@ 0x2d
10002374:	9a0c      	ldr	r2, [sp, #48]	@ 0x30
10002376:	1c63      	adds	r3, r4, #1
10002378:	5516      	strb	r6, [r2, r4]
1000237a:	e7ba      	b.n	100022f2 <_ntoa_format+0x8a>
1000237c:	2f00      	cmp	r7, #0
1000237e:	d034      	beq.n	100023ea <_ntoa_format+0x182>
10002380:	3d01      	subs	r5, #1
10002382:	42b4      	cmp	r4, r6
10002384:	d200      	bcs.n	10002388 <_ntoa_format+0x120>
10002386:	e788      	b.n	1000229a <_ntoa_format+0x32>
10002388:	e795      	b.n	100022b6 <_ntoa_format+0x4e>
1000238a:	9b0f      	ldr	r3, [sp, #60]	@ 0x3c
1000238c:	2b10      	cmp	r3, #16
1000238e:	d1af      	bne.n	100022f0 <_ntoa_format+0x88>
10002390:	9b12      	ldr	r3, [sp, #72]	@ 0x48
10002392:	069b      	lsls	r3, r3, #26
10002394:	d53c      	bpl.n	10002410 <_ntoa_format+0x1a8>
10002396:	2c20      	cmp	r4, #32
10002398:	d0aa      	beq.n	100022f0 <_ntoa_format+0x88>
1000239a:	2358      	movs	r3, #88	@ 0x58
1000239c:	9a0c      	ldr	r2, [sp, #48]	@ 0x30
1000239e:	5513      	strb	r3, [r2, r4]
100023a0:	3401      	adds	r4, #1
100023a2:	e7a3      	b.n	100022ec <_ntoa_format+0x84>
100023a4:	2c20      	cmp	r4, #32
100023a6:	d0a3      	beq.n	100022f0 <_ntoa_format+0x88>
100023a8:	0023      	movs	r3, r4
100023aa:	3401      	adds	r4, #1
100023ac:	e007      	b.n	100023be <_ntoa_format+0x156>
100023ae:	1e63      	subs	r3, r4, #1
100023b0:	2c01      	cmp	r4, #1
100023b2:	d0bf      	beq.n	10002334 <_ntoa_format+0xcc>
100023b4:	9a0f      	ldr	r2, [sp, #60]	@ 0x3c
100023b6:	2a10      	cmp	r2, #16
100023b8:	d036      	beq.n	10002428 <_ntoa_format+0x1c0>
100023ba:	2a02      	cmp	r2, #2
100023bc:	d1d1      	bne.n	10002362 <_ntoa_format+0xfa>
100023be:	2662      	movs	r6, #98	@ 0x62
100023c0:	9a0c      	ldr	r2, [sp, #48]	@ 0x30
100023c2:	54d6      	strb	r6, [r2, r3]
100023c4:	e792      	b.n	100022ec <_ntoa_format+0x84>
100023c6:	9b12      	ldr	r3, [sp, #72]	@ 0x48
100023c8:	06db      	lsls	r3, r3, #27
100023ca:	d5cd      	bpl.n	10002368 <_ntoa_format+0x100>
100023cc:	9b12      	ldr	r3, [sp, #72]	@ 0x48
100023ce:	055b      	lsls	r3, r3, #21
100023d0:	d400      	bmi.n	100023d4 <_ntoa_format+0x16c>
100023d2:	e782      	b.n	100022da <_ntoa_format+0x72>
100023d4:	e785      	b.n	100022e2 <_ntoa_format+0x7a>
100023d6:	9a12      	ldr	r2, [sp, #72]	@ 0x48
100023d8:	0023      	movs	r3, r4
100023da:	0716      	lsls	r6, r2, #28
100023dc:	d400      	bmi.n	100023e0 <_ntoa_format+0x178>
100023de:	e788      	b.n	100022f2 <_ntoa_format+0x8a>
100023e0:	2620      	movs	r6, #32
100023e2:	9a0c      	ldr	r2, [sp, #48]	@ 0x30
100023e4:	3301      	adds	r3, #1
100023e6:	5516      	strb	r6, [r2, r4]
100023e8:	e783      	b.n	100022f2 <_ntoa_format+0x8a>
100023ea:	230c      	movs	r3, #12
100023ec:	4013      	ands	r3, r2
100023ee:	1e5f      	subs	r7, r3, #1
100023f0:	41bb      	sbcs	r3, r7
100023f2:	1aed      	subs	r5, r5, r3
100023f4:	42b4      	cmp	r4, r6
100023f6:	d200      	bcs.n	100023fa <_ntoa_format+0x192>
100023f8:	e74f      	b.n	1000229a <_ntoa_format+0x32>
100023fa:	e75c      	b.n	100022b6 <_ntoa_format+0x4e>
100023fc:	9b12      	ldr	r3, [sp, #72]	@ 0x48
100023fe:	069b      	lsls	r3, r3, #26
10002400:	d40e      	bmi.n	10002420 <_ntoa_format+0x1b8>
10002402:	2378      	movs	r3, #120	@ 0x78
10002404:	9a0c      	ldr	r2, [sp, #48]	@ 0x30
10002406:	2402      	movs	r4, #2
10002408:	7013      	strb	r3, [r2, #0]
1000240a:	2330      	movs	r3, #48	@ 0x30
1000240c:	7053      	strb	r3, [r2, #1]
1000240e:	e79b      	b.n	10002348 <_ntoa_format+0xe0>
10002410:	2c20      	cmp	r4, #32
10002412:	d100      	bne.n	10002416 <_ntoa_format+0x1ae>
10002414:	e76c      	b.n	100022f0 <_ntoa_format+0x88>
10002416:	2378      	movs	r3, #120	@ 0x78
10002418:	9a0c      	ldr	r2, [sp, #48]	@ 0x30
1000241a:	5513      	strb	r3, [r2, r4]
1000241c:	3401      	adds	r4, #1
1000241e:	e765      	b.n	100022ec <_ntoa_format+0x84>
10002420:	2358      	movs	r3, #88	@ 0x58
10002422:	e7ef      	b.n	10002404 <_ntoa_format+0x19c>
10002424:	3360      	adds	r3, #96	@ 0x60
10002426:	e7ed      	b.n	10002404 <_ntoa_format+0x19c>
10002428:	9a0c      	ldr	r2, [sp, #48]	@ 0x30
1000242a:	1ea6      	subs	r6, r4, #2
1000242c:	18b6      	adds	r6, r6, r2
1000242e:	9a12      	ldr	r2, [sp, #72]	@ 0x48
10002430:	0692      	lsls	r2, r2, #26
10002432:	d502      	bpl.n	1000243a <_ntoa_format+0x1d2>
10002434:	2258      	movs	r2, #88	@ 0x58
10002436:	7032      	strb	r2, [r6, #0]
10002438:	e793      	b.n	10002362 <_ntoa_format+0xfa>
1000243a:	2278      	movs	r2, #120	@ 0x78
1000243c:	7032      	strb	r2, [r6, #0]
1000243e:	e790      	b.n	10002362 <_ntoa_format+0xfa>

10002440 <_out_char>:
10002440:	b510      	push	{r4, lr}
10002442:	2800      	cmp	r0, #0
10002444:	d100      	bne.n	10002448 <_out_char+0x8>
10002446:	bd10      	pop	{r4, pc}
10002448:	f001 fba8 	bl	10003b9c <__wrap_putchar>
1000244c:	e7fb      	b.n	10002446 <_out_char+0x6>
1000244e:	46c0      	nop			@ (mov r8, r8)

10002450 <_out_fct>:
10002450:	b510      	push	{r4, lr}
10002452:	2800      	cmp	r0, #0
10002454:	d003      	beq.n	1000245e <_out_fct+0xe>
10002456:	684a      	ldr	r2, [r1, #4]
10002458:	680b      	ldr	r3, [r1, #0]
1000245a:	0011      	movs	r1, r2
1000245c:	4798      	blx	r3
1000245e:	bd10      	pop	{r4, pc}

10002460 <_ftoa>:
10002460:	b5f0      	push	{r4, r5, r6, r7, lr}
10002462:	464e      	mov	r6, r9
10002464:	46de      	mov	lr, fp
10002466:	4657      	mov	r7, sl
10002468:	4645      	mov	r5, r8
1000246a:	b5e0      	push	{r5, r6, r7, lr}
1000246c:	b095      	sub	sp, #84	@ 0x54
1000246e:	4683      	mov	fp, r0
10002470:	4689      	mov	r9, r1
10002472:	4692      	mov	sl, r2
10002474:	4698      	mov	r8, r3
10002476:	9a1e      	ldr	r2, [sp, #120]	@ 0x78
10002478:	9b1f      	ldr	r3, [sp, #124]	@ 0x7c
1000247a:	0010      	movs	r0, r2
1000247c:	0019      	movs	r1, r3
1000247e:	9e20      	ldr	r6, [sp, #128]	@ 0x80
10002480:	f7ff fd77 	bl	10001f72 <__wrap___aeabi_dcmpun>
10002484:	2800      	cmp	r0, #0
10002486:	d000      	beq.n	1000248a <_ftoa+0x2a>
10002488:	e1d2      	b.n	10002830 <_ftoa+0x3d0>
1000248a:	981e      	ldr	r0, [sp, #120]	@ 0x78
1000248c:	991f      	ldr	r1, [sp, #124]	@ 0x7c
1000248e:	2201      	movs	r2, #1
10002490:	4bc4      	ldr	r3, [pc, #784]	@ (100027a4 <_ftoa+0x344>)
10002492:	4252      	negs	r2, r2
10002494:	f7ff fd52 	bl	10001f3c <__wrap___aeabi_dcmplt>
10002498:	2800      	cmp	r0, #0
1000249a:	d000      	beq.n	1000249e <_ftoa+0x3e>
1000249c:	e101      	b.n	100026a2 <_ftoa+0x242>
1000249e:	981e      	ldr	r0, [sp, #120]	@ 0x78
100024a0:	991f      	ldr	r1, [sp, #124]	@ 0x7c
100024a2:	2201      	movs	r2, #1
100024a4:	4bc0      	ldr	r3, [pc, #768]	@ (100027a8 <_ftoa+0x348>)
100024a6:	4252      	negs	r2, r2
100024a8:	f7ff fd5e 	bl	10001f68 <__wrap___aeabi_dcmpgt>
100024ac:	2800      	cmp	r0, #0
100024ae:	d000      	beq.n	100024b2 <_ftoa+0x52>
100024b0:	e0d6      	b.n	10002660 <_ftoa+0x200>
100024b2:	981e      	ldr	r0, [sp, #120]	@ 0x78
100024b4:	991f      	ldr	r1, [sp, #124]	@ 0x7c
100024b6:	2200      	movs	r2, #0
100024b8:	4bbc      	ldr	r3, [pc, #752]	@ (100027ac <_ftoa+0x34c>)
100024ba:	f7ff fd55 	bl	10001f68 <__wrap___aeabi_dcmpgt>
100024be:	2800      	cmp	r0, #0
100024c0:	d000      	beq.n	100024c4 <_ftoa+0x64>
100024c2:	e0b5      	b.n	10002630 <_ftoa+0x1d0>
100024c4:	981e      	ldr	r0, [sp, #120]	@ 0x78
100024c6:	991f      	ldr	r1, [sp, #124]	@ 0x7c
100024c8:	2200      	movs	r2, #0
100024ca:	4bb9      	ldr	r3, [pc, #740]	@ (100027b0 <_ftoa+0x350>)
100024cc:	f7ff fd36 	bl	10001f3c <__wrap___aeabi_dcmplt>
100024d0:	2800      	cmp	r0, #0
100024d2:	d000      	beq.n	100024d6 <_ftoa+0x76>
100024d4:	e0ac      	b.n	10002630 <_ftoa+0x1d0>
100024d6:	981e      	ldr	r0, [sp, #120]	@ 0x78
100024d8:	991f      	ldr	r1, [sp, #124]	@ 0x7c
100024da:	2200      	movs	r2, #0
100024dc:	2300      	movs	r3, #0
100024de:	f7ff fd2d 	bl	10001f3c <__wrap___aeabi_dcmplt>
100024e2:	2800      	cmp	r0, #0
100024e4:	d000      	beq.n	100024e8 <_ftoa+0x88>
100024e6:	e0d1      	b.n	1000268c <_ftoa+0x22c>
100024e8:	2300      	movs	r3, #0
100024ea:	930b      	str	r3, [sp, #44]	@ 0x2c
100024ec:	9b22      	ldr	r3, [sp, #136]	@ 0x88
100024ee:	055b      	lsls	r3, r3, #21
100024f0:	d400      	bmi.n	100024f4 <_ftoa+0x94>
100024f2:	2606      	movs	r6, #6
100024f4:	2400      	movs	r4, #0
100024f6:	2330      	movs	r3, #48	@ 0x30
100024f8:	e006      	b.n	10002508 <_ftoa+0xa8>
100024fa:	aa06      	add	r2, sp, #24
100024fc:	3401      	adds	r4, #1
100024fe:	3217      	adds	r2, #23
10002500:	5513      	strb	r3, [r2, r4]
10002502:	3e01      	subs	r6, #1
10002504:	2c20      	cmp	r4, #32
10002506:	d001      	beq.n	1000250c <_ftoa+0xac>
10002508:	2e09      	cmp	r6, #9
1000250a:	d8f6      	bhi.n	100024fa <_ftoa+0x9a>
1000250c:	981e      	ldr	r0, [sp, #120]	@ 0x78
1000250e:	991f      	ldr	r1, [sp, #124]	@ 0x7c
10002510:	f7ff fd58 	bl	10001fc4 <__wrap___aeabi_d2iz>
10002514:	4ba7      	ldr	r3, [pc, #668]	@ (100027b4 <_ftoa+0x354>)
10002516:	00f2      	lsls	r2, r6, #3
10002518:	189b      	adds	r3, r3, r2
1000251a:	cb0c      	ldmia	r3, {r2, r3}
1000251c:	0005      	movs	r5, r0
1000251e:	9208      	str	r2, [sp, #32]
10002520:	9309      	str	r3, [sp, #36]	@ 0x24
10002522:	f7ff fd37 	bl	10001f94 <__wrap___aeabi_i2d>
10002526:	0002      	movs	r2, r0
10002528:	000b      	movs	r3, r1
1000252a:	981e      	ldr	r0, [sp, #120]	@ 0x78
1000252c:	991f      	ldr	r1, [sp, #124]	@ 0x7c
1000252e:	f7ff fca2 	bl	10001e76 <__wrap___aeabi_dsub>
10002532:	9a08      	ldr	r2, [sp, #32]
10002534:	9b09      	ldr	r3, [sp, #36]	@ 0x24
10002536:	f7ff fcc2 	bl	10001ebe <__wrap___aeabi_dmul>
1000253a:	9006      	str	r0, [sp, #24]
1000253c:	9107      	str	r1, [sp, #28]
1000253e:	f7ff fd65 	bl	1000200c <__wrap___aeabi_d2uiz>
10002542:	0007      	movs	r7, r0
10002544:	f7ff fd22 	bl	10001f8c <__wrap___aeabi_ui2d>
10002548:	0002      	movs	r2, r0
1000254a:	000b      	movs	r3, r1
1000254c:	9806      	ldr	r0, [sp, #24]
1000254e:	9907      	ldr	r1, [sp, #28]
10002550:	f7ff fc91 	bl	10001e76 <__wrap___aeabi_dsub>
10002554:	2200      	movs	r2, #0
10002556:	4b98      	ldr	r3, [pc, #608]	@ (100027b8 <_ftoa+0x358>)
10002558:	9006      	str	r0, [sp, #24]
1000255a:	9107      	str	r1, [sp, #28]
1000255c:	f7ff fd04 	bl	10001f68 <__wrap___aeabi_dcmpgt>
10002560:	2800      	cmp	r0, #0
10002562:	d100      	bne.n	10002566 <_ftoa+0x106>
10002564:	e0e9      	b.n	1000273a <_ftoa+0x2da>
10002566:	3701      	adds	r7, #1
10002568:	0038      	movs	r0, r7
1000256a:	f7ff fd0f 	bl	10001f8c <__wrap___aeabi_ui2d>
1000256e:	0002      	movs	r2, r0
10002570:	000b      	movs	r3, r1
10002572:	9808      	ldr	r0, [sp, #32]
10002574:	9909      	ldr	r1, [sp, #36]	@ 0x24
10002576:	f7ff fce7 	bl	10001f48 <__wrap___aeabi_dcmple>
1000257a:	2800      	cmp	r0, #0
1000257c:	d001      	beq.n	10002582 <_ftoa+0x122>
1000257e:	2700      	movs	r7, #0
10002580:	3501      	adds	r5, #1
10002582:	2e00      	cmp	r6, #0
10002584:	d100      	bne.n	10002588 <_ftoa+0x128>
10002586:	e0b7      	b.n	100026f8 <_ftoa+0x298>
10002588:	9506      	str	r5, [sp, #24]
1000258a:	e013      	b.n	100025b4 <_ftoa+0x154>
1000258c:	2317      	movs	r3, #23
1000258e:	aa06      	add	r2, sp, #24
10002590:	189b      	adds	r3, r3, r2
10002592:	210a      	movs	r1, #10
10002594:	0038      	movs	r0, r7
10002596:	3401      	adds	r4, #1
10002598:	191d      	adds	r5, r3, r4
1000259a:	f7ff fa31 	bl	10001a00 <__wrap___aeabi_uidiv>
1000259e:	3130      	adds	r1, #48	@ 0x30
100025a0:	7029      	strb	r1, [r5, #0]
100025a2:	0038      	movs	r0, r7
100025a4:	210a      	movs	r1, #10
100025a6:	3e01      	subs	r6, #1
100025a8:	f7ff fa2a 	bl	10001a00 <__wrap___aeabi_uidiv>
100025ac:	2f09      	cmp	r7, #9
100025ae:	d800      	bhi.n	100025b2 <_ftoa+0x152>
100025b0:	e0e1      	b.n	10002776 <_ftoa+0x316>
100025b2:	0007      	movs	r7, r0
100025b4:	2c20      	cmp	r4, #32
100025b6:	d1e9      	bne.n	1000258c <_ftoa+0x12c>
100025b8:	9d06      	ldr	r5, [sp, #24]
100025ba:	2420      	movs	r4, #32
100025bc:	ab0c      	add	r3, sp, #48	@ 0x30
100025be:	9306      	str	r3, [sp, #24]
100025c0:	2717      	movs	r7, #23
100025c2:	ab06      	add	r3, sp, #24
100025c4:	18ff      	adds	r7, r7, r3
100025c6:	e00d      	b.n	100025e4 <_ftoa+0x184>
100025c8:	0028      	movs	r0, r5
100025ca:	210a      	movs	r1, #10
100025cc:	f7ff f9f0 	bl	100019b0 <__wrap___aeabi_idiv>
100025d0:	3401      	adds	r4, #1
100025d2:	3130      	adds	r1, #48	@ 0x30
100025d4:	0028      	movs	r0, r5
100025d6:	5539      	strb	r1, [r7, r4]
100025d8:	210a      	movs	r1, #10
100025da:	f7ff f9e9 	bl	100019b0 <__wrap___aeabi_idiv>
100025de:	1e05      	subs	r5, r0, #0
100025e0:	d100      	bne.n	100025e4 <_ftoa+0x184>
100025e2:	e0b7      	b.n	10002754 <_ftoa+0x2f4>
100025e4:	2c20      	cmp	r4, #32
100025e6:	d1ef      	bne.n	100025c8 <_ftoa+0x168>
100025e8:	2303      	movs	r3, #3
100025ea:	9a22      	ldr	r2, [sp, #136]	@ 0x88
100025ec:	4013      	ands	r3, r2
100025ee:	2b01      	cmp	r3, #1
100025f0:	d117      	bne.n	10002622 <_ftoa+0x1c2>
100025f2:	9b21      	ldr	r3, [sp, #132]	@ 0x84
100025f4:	2b00      	cmp	r3, #0
100025f6:	d014      	beq.n	10002622 <_ftoa+0x1c2>
100025f8:	9b0b      	ldr	r3, [sp, #44]	@ 0x2c
100025fa:	2b00      	cmp	r3, #0
100025fc:	d100      	bne.n	10002600 <_ftoa+0x1a0>
100025fe:	e0e3      	b.n	100027c8 <_ftoa+0x368>
10002600:	9b21      	ldr	r3, [sp, #132]	@ 0x84
10002602:	3b01      	subs	r3, #1
10002604:	9321      	str	r3, [sp, #132]	@ 0x84
10002606:	2b20      	cmp	r3, #32
10002608:	d90b      	bls.n	10002622 <_ftoa+0x1c2>
1000260a:	2330      	movs	r3, #48	@ 0x30
1000260c:	9a21      	ldr	r2, [sp, #132]	@ 0x84
1000260e:	e006      	b.n	1000261e <_ftoa+0x1be>
10002610:	a906      	add	r1, sp, #24
10002612:	3401      	adds	r4, #1
10002614:	3117      	adds	r1, #23
10002616:	550b      	strb	r3, [r1, r4]
10002618:	4294      	cmp	r4, r2
1000261a:	d300      	bcc.n	1000261e <_ftoa+0x1be>
1000261c:	e0a0      	b.n	10002760 <_ftoa+0x300>
1000261e:	2c20      	cmp	r4, #32
10002620:	d1f6      	bne.n	10002610 <_ftoa+0x1b0>
10002622:	9b22      	ldr	r3, [sp, #136]	@ 0x88
10002624:	9401      	str	r4, [sp, #4]
10002626:	9303      	str	r3, [sp, #12]
10002628:	9b21      	ldr	r3, [sp, #132]	@ 0x84
1000262a:	9302      	str	r3, [sp, #8]
1000262c:	9b06      	ldr	r3, [sp, #24]
1000262e:	e021      	b.n	10002674 <_ftoa+0x214>
10002630:	9b22      	ldr	r3, [sp, #136]	@ 0x88
10002632:	4652      	mov	r2, sl
10002634:	9304      	str	r3, [sp, #16]
10002636:	9b21      	ldr	r3, [sp, #132]	@ 0x84
10002638:	4649      	mov	r1, r9
1000263a:	9303      	str	r3, [sp, #12]
1000263c:	4658      	mov	r0, fp
1000263e:	9b1e      	ldr	r3, [sp, #120]	@ 0x78
10002640:	9c1f      	ldr	r4, [sp, #124]	@ 0x7c
10002642:	9602      	str	r6, [sp, #8]
10002644:	9300      	str	r3, [sp, #0]
10002646:	9401      	str	r4, [sp, #4]
10002648:	4643      	mov	r3, r8
1000264a:	f000 f943 	bl	100028d4 <_etoa>
1000264e:	0004      	movs	r4, r0
10002650:	0020      	movs	r0, r4
10002652:	b015      	add	sp, #84	@ 0x54
10002654:	bcf0      	pop	{r4, r5, r6, r7}
10002656:	46bb      	mov	fp, r7
10002658:	46b2      	mov	sl, r6
1000265a:	46a9      	mov	r9, r5
1000265c:	46a0      	mov	r8, r4
1000265e:	bdf0      	pop	{r4, r5, r6, r7, pc}
10002660:	9b22      	ldr	r3, [sp, #136]	@ 0x88
10002662:	075b      	lsls	r3, r3, #29
10002664:	d40f      	bmi.n	10002686 <_ftoa+0x226>
10002666:	2203      	movs	r2, #3
10002668:	4b54      	ldr	r3, [pc, #336]	@ (100027bc <_ftoa+0x35c>)
1000266a:	9922      	ldr	r1, [sp, #136]	@ 0x88
1000266c:	9201      	str	r2, [sp, #4]
1000266e:	9103      	str	r1, [sp, #12]
10002670:	9921      	ldr	r1, [sp, #132]	@ 0x84
10002672:	9102      	str	r1, [sp, #8]
10002674:	9300      	str	r3, [sp, #0]
10002676:	4652      	mov	r2, sl
10002678:	4643      	mov	r3, r8
1000267a:	4649      	mov	r1, r9
1000267c:	4658      	mov	r0, fp
1000267e:	f7ff fd9f 	bl	100021c0 <_out_rev>
10002682:	0004      	movs	r4, r0
10002684:	e7e4      	b.n	10002650 <_ftoa+0x1f0>
10002686:	2204      	movs	r2, #4
10002688:	4b4d      	ldr	r3, [pc, #308]	@ (100027c0 <_ftoa+0x360>)
1000268a:	e7ee      	b.n	1000266a <_ftoa+0x20a>
1000268c:	9a1e      	ldr	r2, [sp, #120]	@ 0x78
1000268e:	9b1f      	ldr	r3, [sp, #124]	@ 0x7c
10002690:	2000      	movs	r0, #0
10002692:	2100      	movs	r1, #0
10002694:	f7ff fbef 	bl	10001e76 <__wrap___aeabi_dsub>
10002698:	2301      	movs	r3, #1
1000269a:	901e      	str	r0, [sp, #120]	@ 0x78
1000269c:	911f      	str	r1, [sp, #124]	@ 0x7c
1000269e:	930b      	str	r3, [sp, #44]	@ 0x2c
100026a0:	e724      	b.n	100024ec <_ftoa+0x8c>
100026a2:	2302      	movs	r3, #2
100026a4:	9a22      	ldr	r2, [sp, #136]	@ 0x88
100026a6:	4654      	mov	r4, sl
100026a8:	401a      	ands	r2, r3
100026aa:	9b22      	ldr	r3, [sp, #136]	@ 0x88
100026ac:	9206      	str	r2, [sp, #24]
100026ae:	079b      	lsls	r3, r3, #30
100026b0:	d100      	bne.n	100026b4 <_ftoa+0x254>
100026b2:	e0ac      	b.n	1000280e <_ftoa+0x3ae>
100026b4:	0026      	movs	r6, r4
100026b6:	4d43      	ldr	r5, [pc, #268]	@ (100027c4 <_ftoa+0x364>)
100026b8:	9408      	str	r4, [sp, #32]
100026ba:	1f2f      	subs	r7, r5, #4
100026bc:	0032      	movs	r2, r6
100026be:	78e8      	ldrb	r0, [r5, #3]
100026c0:	4643      	mov	r3, r8
100026c2:	4649      	mov	r1, r9
100026c4:	3d01      	subs	r5, #1
100026c6:	47d8      	blx	fp
100026c8:	3601      	adds	r6, #1
100026ca:	42bd      	cmp	r5, r7
100026cc:	d1f6      	bne.n	100026bc <_ftoa+0x25c>
100026ce:	9c08      	ldr	r4, [sp, #32]
100026d0:	9b06      	ldr	r3, [sp, #24]
100026d2:	3404      	adds	r4, #4
100026d4:	2b00      	cmp	r3, #0
100026d6:	d0bb      	beq.n	10002650 <_ftoa+0x1f0>
100026d8:	4657      	mov	r7, sl
100026da:	9a21      	ldr	r2, [sp, #132]	@ 0x84
100026dc:	1be3      	subs	r3, r4, r7
100026de:	429a      	cmp	r2, r3
100026e0:	d9b6      	bls.n	10002650 <_ftoa+0x1f0>
100026e2:	0015      	movs	r5, r2
100026e4:	0022      	movs	r2, r4
100026e6:	4643      	mov	r3, r8
100026e8:	4649      	mov	r1, r9
100026ea:	2020      	movs	r0, #32
100026ec:	3401      	adds	r4, #1
100026ee:	47d8      	blx	fp
100026f0:	1be3      	subs	r3, r4, r7
100026f2:	42ab      	cmp	r3, r5
100026f4:	d3f6      	bcc.n	100026e4 <_ftoa+0x284>
100026f6:	e7ab      	b.n	10002650 <_ftoa+0x1f0>
100026f8:	0028      	movs	r0, r5
100026fa:	f7ff fc4b 	bl	10001f94 <__wrap___aeabi_i2d>
100026fe:	0002      	movs	r2, r0
10002700:	000b      	movs	r3, r1
10002702:	981e      	ldr	r0, [sp, #120]	@ 0x78
10002704:	991f      	ldr	r1, [sp, #124]	@ 0x7c
10002706:	f7ff fbb6 	bl	10001e76 <__wrap___aeabi_dsub>
1000270a:	4b2b      	ldr	r3, [pc, #172]	@ (100027b8 <_ftoa+0x358>)
1000270c:	2200      	movs	r2, #0
1000270e:	0006      	movs	r6, r0
10002710:	000f      	movs	r7, r1
10002712:	f7ff fc13 	bl	10001f3c <__wrap___aeabi_dcmplt>
10002716:	ab0c      	add	r3, sp, #48	@ 0x30
10002718:	9306      	str	r3, [sp, #24]
1000271a:	2800      	cmp	r0, #0
1000271c:	d000      	beq.n	10002720 <_ftoa+0x2c0>
1000271e:	e74f      	b.n	100025c0 <_ftoa+0x160>
10002720:	2200      	movs	r2, #0
10002722:	0030      	movs	r0, r6
10002724:	0039      	movs	r1, r7
10002726:	4b24      	ldr	r3, [pc, #144]	@ (100027b8 <_ftoa+0x358>)
10002728:	f7ff fc1e 	bl	10001f68 <__wrap___aeabi_dcmpgt>
1000272c:	2800      	cmp	r0, #0
1000272e:	d000      	beq.n	10002732 <_ftoa+0x2d2>
10002730:	e746      	b.n	100025c0 <_ftoa+0x160>
10002732:	2301      	movs	r3, #1
10002734:	3501      	adds	r5, #1
10002736:	439d      	bics	r5, r3
10002738:	e742      	b.n	100025c0 <_ftoa+0x160>
1000273a:	2200      	movs	r2, #0
1000273c:	9806      	ldr	r0, [sp, #24]
1000273e:	9907      	ldr	r1, [sp, #28]
10002740:	4b1d      	ldr	r3, [pc, #116]	@ (100027b8 <_ftoa+0x358>)
10002742:	f7ff fbfb 	bl	10001f3c <__wrap___aeabi_dcmplt>
10002746:	2800      	cmp	r0, #0
10002748:	d000      	beq.n	1000274c <_ftoa+0x2ec>
1000274a:	e71a      	b.n	10002582 <_ftoa+0x122>
1000274c:	2f00      	cmp	r7, #0
1000274e:	d159      	bne.n	10002804 <_ftoa+0x3a4>
10002750:	3701      	adds	r7, #1
10002752:	e716      	b.n	10002582 <_ftoa+0x122>
10002754:	2303      	movs	r3, #3
10002756:	9a22      	ldr	r2, [sp, #136]	@ 0x88
10002758:	4013      	ands	r3, r2
1000275a:	2b01      	cmp	r3, #1
1000275c:	d100      	bne.n	10002760 <_ftoa+0x300>
1000275e:	e0a6      	b.n	100028ae <_ftoa+0x44e>
10002760:	2c20      	cmp	r4, #32
10002762:	d100      	bne.n	10002766 <_ftoa+0x306>
10002764:	e75d      	b.n	10002622 <_ftoa+0x1c2>
10002766:	9b0b      	ldr	r3, [sp, #44]	@ 0x2c
10002768:	2b00      	cmp	r3, #0
1000276a:	d03a      	beq.n	100027e2 <_ftoa+0x382>
1000276c:	232d      	movs	r3, #45	@ 0x2d
1000276e:	9a06      	ldr	r2, [sp, #24]
10002770:	5513      	strb	r3, [r2, r4]
10002772:	3401      	adds	r4, #1
10002774:	e755      	b.n	10002622 <_ftoa+0x1c2>
10002776:	9d06      	ldr	r5, [sp, #24]
10002778:	2c20      	cmp	r4, #32
1000277a:	d100      	bne.n	1000277e <_ftoa+0x31e>
1000277c:	e71d      	b.n	100025ba <_ftoa+0x15a>
1000277e:	2330      	movs	r3, #48	@ 0x30
10002780:	1936      	adds	r6, r6, r4
10002782:	e006      	b.n	10002792 <_ftoa+0x332>
10002784:	aa06      	add	r2, sp, #24
10002786:	3401      	adds	r4, #1
10002788:	3217      	adds	r2, #23
1000278a:	5513      	strb	r3, [r2, r4]
1000278c:	2c20      	cmp	r4, #32
1000278e:	d100      	bne.n	10002792 <_ftoa+0x332>
10002790:	e713      	b.n	100025ba <_ftoa+0x15a>
10002792:	42a6      	cmp	r6, r4
10002794:	d1f6      	bne.n	10002784 <_ftoa+0x324>
10002796:	232e      	movs	r3, #46	@ 0x2e
10002798:	aa0c      	add	r2, sp, #48	@ 0x30
1000279a:	3401      	adds	r4, #1
1000279c:	9206      	str	r2, [sp, #24]
1000279e:	5593      	strb	r3, [r2, r6]
100027a0:	e70e      	b.n	100025c0 <_ftoa+0x160>
100027a2:	46c0      	nop			@ (mov r8, r8)
100027a4:	ffefffff 	.word	0xffefffff
100027a8:	7fefffff 	.word	0x7fefffff
100027ac:	41cdcd65 	.word	0x41cdcd65
100027b0:	c1cdcd65 	.word	0xc1cdcd65
100027b4:	10006888 	.word	0x10006888
100027b8:	3fe00000 	.word	0x3fe00000
100027bc:	100065ec 	.word	0x100065ec
100027c0:	100065e4 	.word	0x100065e4
100027c4:	100065f4 	.word	0x100065f4
100027c8:	230c      	movs	r3, #12
100027ca:	9a22      	ldr	r2, [sp, #136]	@ 0x88
100027cc:	4213      	tst	r3, r2
100027ce:	d057      	beq.n	10002880 <_ftoa+0x420>
100027d0:	9b21      	ldr	r3, [sp, #132]	@ 0x84
100027d2:	3b01      	subs	r3, #1
100027d4:	9321      	str	r3, [sp, #132]	@ 0x84
100027d6:	42a3      	cmp	r3, r4
100027d8:	d900      	bls.n	100027dc <_ftoa+0x37c>
100027da:	e716      	b.n	1000260a <_ftoa+0x1aa>
100027dc:	2c20      	cmp	r4, #32
100027de:	d100      	bne.n	100027e2 <_ftoa+0x382>
100027e0:	e71f      	b.n	10002622 <_ftoa+0x1c2>
100027e2:	9b22      	ldr	r3, [sp, #136]	@ 0x88
100027e4:	075b      	lsls	r3, r3, #29
100027e6:	d504      	bpl.n	100027f2 <_ftoa+0x392>
100027e8:	232b      	movs	r3, #43	@ 0x2b
100027ea:	9a06      	ldr	r2, [sp, #24]
100027ec:	5513      	strb	r3, [r2, r4]
100027ee:	3401      	adds	r4, #1
100027f0:	e717      	b.n	10002622 <_ftoa+0x1c2>
100027f2:	9b22      	ldr	r3, [sp, #136]	@ 0x88
100027f4:	071b      	lsls	r3, r3, #28
100027f6:	d400      	bmi.n	100027fa <_ftoa+0x39a>
100027f8:	e713      	b.n	10002622 <_ftoa+0x1c2>
100027fa:	2320      	movs	r3, #32
100027fc:	9a06      	ldr	r2, [sp, #24]
100027fe:	5513      	strb	r3, [r2, r4]
10002800:	3401      	adds	r4, #1
10002802:	e70e      	b.n	10002622 <_ftoa+0x1c2>
10002804:	07fb      	lsls	r3, r7, #31
10002806:	d400      	bmi.n	1000280a <_ftoa+0x3aa>
10002808:	e6bb      	b.n	10002582 <_ftoa+0x122>
1000280a:	3701      	adds	r7, #1
1000280c:	e6b9      	b.n	10002582 <_ftoa+0x122>
1000280e:	9b21      	ldr	r3, [sp, #132]	@ 0x84
10002810:	2b04      	cmp	r3, #4
10002812:	d800      	bhi.n	10002816 <_ftoa+0x3b6>
10002814:	e74e      	b.n	100026b4 <_ftoa+0x254>
10002816:	4655      	mov	r5, sl
10002818:	464f      	mov	r7, r9
1000281a:	3c04      	subs	r4, #4
1000281c:	18e4      	adds	r4, r4, r3
1000281e:	002a      	movs	r2, r5
10002820:	4643      	mov	r3, r8
10002822:	3501      	adds	r5, #1
10002824:	0039      	movs	r1, r7
10002826:	2020      	movs	r0, #32
10002828:	47d8      	blx	fp
1000282a:	42ac      	cmp	r4, r5
1000282c:	d1f7      	bne.n	1000281e <_ftoa+0x3be>
1000282e:	e741      	b.n	100026b4 <_ftoa+0x254>
10002830:	2702      	movs	r7, #2
10002832:	9b22      	ldr	r3, [sp, #136]	@ 0x88
10002834:	4655      	mov	r5, sl
10002836:	401f      	ands	r7, r3
10002838:	079b      	lsls	r3, r3, #30
1000283a:	d026      	beq.n	1000288a <_ftoa+0x42a>
1000283c:	9706      	str	r7, [sp, #24]
1000283e:	465f      	mov	r7, fp
10002840:	4e23      	ldr	r6, [pc, #140]	@ (100028d0 <_ftoa+0x470>)
10002842:	1cec      	adds	r4, r5, #3
10002844:	002a      	movs	r2, r5
10002846:	78b0      	ldrb	r0, [r6, #2]
10002848:	4643      	mov	r3, r8
1000284a:	4649      	mov	r1, r9
1000284c:	3501      	adds	r5, #1
1000284e:	47b8      	blx	r7
10002850:	3e01      	subs	r6, #1
10002852:	42ac      	cmp	r4, r5
10002854:	d1f6      	bne.n	10002844 <_ftoa+0x3e4>
10002856:	9f06      	ldr	r7, [sp, #24]
10002858:	2f00      	cmp	r7, #0
1000285a:	d100      	bne.n	1000285e <_ftoa+0x3fe>
1000285c:	e6f8      	b.n	10002650 <_ftoa+0x1f0>
1000285e:	4657      	mov	r7, sl
10002860:	9a21      	ldr	r2, [sp, #132]	@ 0x84
10002862:	1be3      	subs	r3, r4, r7
10002864:	429a      	cmp	r2, r3
10002866:	d800      	bhi.n	1000286a <_ftoa+0x40a>
10002868:	e6f2      	b.n	10002650 <_ftoa+0x1f0>
1000286a:	0015      	movs	r5, r2
1000286c:	0022      	movs	r2, r4
1000286e:	4643      	mov	r3, r8
10002870:	4649      	mov	r1, r9
10002872:	2020      	movs	r0, #32
10002874:	3401      	adds	r4, #1
10002876:	47d8      	blx	fp
10002878:	1be3      	subs	r3, r4, r7
1000287a:	42ab      	cmp	r3, r5
1000287c:	d3f6      	bcc.n	1000286c <_ftoa+0x40c>
1000287e:	e6e7      	b.n	10002650 <_ftoa+0x1f0>
10002880:	9b21      	ldr	r3, [sp, #132]	@ 0x84
10002882:	42a3      	cmp	r3, r4
10002884:	d900      	bls.n	10002888 <_ftoa+0x428>
10002886:	e6c0      	b.n	1000260a <_ftoa+0x1aa>
10002888:	e6cb      	b.n	10002622 <_ftoa+0x1c2>
1000288a:	9b21      	ldr	r3, [sp, #132]	@ 0x84
1000288c:	2b03      	cmp	r3, #3
1000288e:	d9d5      	bls.n	1000283c <_ftoa+0x3dc>
10002890:	9706      	str	r7, [sp, #24]
10002892:	4654      	mov	r4, sl
10002894:	464f      	mov	r7, r9
10002896:	3d03      	subs	r5, #3
10002898:	18ed      	adds	r5, r5, r3
1000289a:	0022      	movs	r2, r4
1000289c:	4643      	mov	r3, r8
1000289e:	3401      	adds	r4, #1
100028a0:	0039      	movs	r1, r7
100028a2:	2020      	movs	r0, #32
100028a4:	47d8      	blx	fp
100028a6:	42a5      	cmp	r5, r4
100028a8:	d1f7      	bne.n	1000289a <_ftoa+0x43a>
100028aa:	9f06      	ldr	r7, [sp, #24]
100028ac:	e7c6      	b.n	1000283c <_ftoa+0x3dc>
100028ae:	9b21      	ldr	r3, [sp, #132]	@ 0x84
100028b0:	2b00      	cmp	r3, #0
100028b2:	d100      	bne.n	100028b6 <_ftoa+0x456>
100028b4:	e754      	b.n	10002760 <_ftoa+0x300>
100028b6:	9b0b      	ldr	r3, [sp, #44]	@ 0x2c
100028b8:	2b00      	cmp	r3, #0
100028ba:	d085      	beq.n	100027c8 <_ftoa+0x368>
100028bc:	9b21      	ldr	r3, [sp, #132]	@ 0x84
100028be:	3b01      	subs	r3, #1
100028c0:	9321      	str	r3, [sp, #132]	@ 0x84
100028c2:	429c      	cmp	r4, r3
100028c4:	d200      	bcs.n	100028c8 <_ftoa+0x468>
100028c6:	e6a0      	b.n	1000260a <_ftoa+0x1aa>
100028c8:	2c20      	cmp	r4, #32
100028ca:	d000      	beq.n	100028ce <_ftoa+0x46e>
100028cc:	e74e      	b.n	1000276c <_ftoa+0x30c>
100028ce:	e6a8      	b.n	10002622 <_ftoa+0x1c2>
100028d0:	100065f0 	.word	0x100065f0

100028d4 <_etoa>:
100028d4:	b5f0      	push	{r4, r5, r6, r7, lr}
100028d6:	4645      	mov	r5, r8
100028d8:	46de      	mov	lr, fp
100028da:	4657      	mov	r7, sl
100028dc:	464e      	mov	r6, r9
100028de:	b5e0      	push	{r5, r6, r7, lr}
100028e0:	b09b      	sub	sp, #108	@ 0x6c
100028e2:	9c24      	ldr	r4, [sp, #144]	@ 0x90
100028e4:	9d25      	ldr	r5, [sp, #148]	@ 0x94
100028e6:	4682      	mov	sl, r0
100028e8:	4688      	mov	r8, r1
100028ea:	4693      	mov	fp, r2
100028ec:	4699      	mov	r9, r3
100028ee:	0022      	movs	r2, r4
100028f0:	002b      	movs	r3, r5
100028f2:	0020      	movs	r0, r4
100028f4:	0029      	movs	r1, r5
100028f6:	f7ff fb3c 	bl	10001f72 <__wrap___aeabi_dcmpun>
100028fa:	2800      	cmp	r0, #0
100028fc:	d000      	beq.n	10002900 <_etoa+0x2c>
100028fe:	e0c1      	b.n	10002a84 <_etoa+0x1b0>
10002900:	2201      	movs	r2, #1
10002902:	0020      	movs	r0, r4
10002904:	0029      	movs	r1, r5
10002906:	4b7c      	ldr	r3, [pc, #496]	@ (10002af8 <_etoa+0x224>)
10002908:	4252      	negs	r2, r2
1000290a:	f7ff fb2d 	bl	10001f68 <__wrap___aeabi_dcmpgt>
1000290e:	2800      	cmp	r0, #0
10002910:	d000      	beq.n	10002914 <_etoa+0x40>
10002912:	e0b7      	b.n	10002a84 <_etoa+0x1b0>
10002914:	2201      	movs	r2, #1
10002916:	0020      	movs	r0, r4
10002918:	0029      	movs	r1, r5
1000291a:	4b78      	ldr	r3, [pc, #480]	@ (10002afc <_etoa+0x228>)
1000291c:	4252      	negs	r2, r2
1000291e:	f7ff fb0d 	bl	10001f3c <__wrap___aeabi_dcmplt>
10002922:	2800      	cmp	r0, #0
10002924:	d000      	beq.n	10002928 <_etoa+0x54>
10002926:	e0ad      	b.n	10002a84 <_etoa+0x1b0>
10002928:	2200      	movs	r2, #0
1000292a:	2300      	movs	r3, #0
1000292c:	0020      	movs	r0, r4
1000292e:	0029      	movs	r1, r5
10002930:	f7ff fb04 	bl	10001f3c <__wrap___aeabi_dcmplt>
10002934:	2800      	cmp	r0, #0
10002936:	d000      	beq.n	1000293a <_etoa+0x66>
10002938:	e1bb      	b.n	10002cb2 <_etoa+0x3de>
1000293a:	9408      	str	r4, [sp, #32]
1000293c:	9509      	str	r5, [sp, #36]	@ 0x24
1000293e:	9808      	ldr	r0, [sp, #32]
10002940:	9909      	ldr	r1, [sp, #36]	@ 0x24
10002942:	2380      	movs	r3, #128	@ 0x80
10002944:	9a28      	ldr	r2, [sp, #160]	@ 0xa0
10002946:	00db      	lsls	r3, r3, #3
10002948:	401a      	ands	r2, r3
1000294a:	920f      	str	r2, [sp, #60]	@ 0x3c
1000294c:	2280      	movs	r2, #128	@ 0x80
1000294e:	9e28      	ldr	r6, [sp, #160]	@ 0xa0
10002950:	0112      	lsls	r2, r2, #4
10002952:	4016      	ands	r6, r2
10002954:	0032      	movs	r2, r6
10002956:	960e      	str	r6, [sp, #56]	@ 0x38
10002958:	9e28      	ldr	r6, [sp, #160]	@ 0xa0
1000295a:	000f      	movs	r7, r1
1000295c:	900a      	str	r0, [sp, #40]	@ 0x28
1000295e:	421e      	tst	r6, r3
10002960:	d000      	beq.n	10002964 <_etoa+0x90>
10002962:	e0a4      	b.n	10002aae <_etoa+0x1da>
10002964:	000b      	movs	r3, r1
10002966:	4303      	orrs	r3, r0
10002968:	d000      	beq.n	1000296c <_etoa+0x98>
1000296a:	e0cb      	b.n	10002b04 <_etoa+0x230>
1000296c:	2a00      	cmp	r2, #0
1000296e:	d000      	beq.n	10002972 <_etoa+0x9e>
10002970:	e212      	b.n	10002d98 <_etoa+0x4c4>
10002972:	0032      	movs	r2, r6
10002974:	3306      	adds	r3, #6
10002976:	9326      	str	r3, [sp, #152]	@ 0x98
10002978:	2302      	movs	r3, #2
1000297a:	4013      	ands	r3, r2
1000297c:	930c      	str	r3, [sp, #48]	@ 0x30
1000297e:	2302      	movs	r3, #2
10002980:	4213      	tst	r3, r2
10002982:	d000      	beq.n	10002986 <_etoa+0xb2>
10002984:	e20a      	b.n	10002d9c <_etoa+0x4c8>
10002986:	9b27      	ldr	r3, [sp, #156]	@ 0x9c
10002988:	2b04      	cmp	r3, #4
1000298a:	d200      	bcs.n	1000298e <_etoa+0xba>
1000298c:	e215      	b.n	10002dba <_etoa+0x4e6>
1000298e:	2700      	movs	r7, #0
10002990:	2604      	movs	r6, #4
10002992:	3b04      	subs	r3, #4
10002994:	930e      	str	r3, [sp, #56]	@ 0x38
10002996:	2200      	movs	r2, #0
10002998:	2300      	movs	r3, #0
1000299a:	0020      	movs	r0, r4
1000299c:	0029      	movs	r1, r5
1000299e:	f7ff facd 	bl	10001f3c <__wrap___aeabi_dcmplt>
100029a2:	2800      	cmp	r0, #0
100029a4:	d000      	beq.n	100029a8 <_etoa+0xd4>
100029a6:	e1c8      	b.n	10002d3a <_etoa+0x466>
100029a8:	4b55      	ldr	r3, [pc, #340]	@ (10002b00 <_etoa+0x22c>)
100029aa:	9a28      	ldr	r2, [sp, #160]	@ 0xa0
100029ac:	4013      	ands	r3, r2
100029ae:	9304      	str	r3, [sp, #16]
100029b0:	9b0e      	ldr	r3, [sp, #56]	@ 0x38
100029b2:	9303      	str	r3, [sp, #12]
100029b4:	9b26      	ldr	r3, [sp, #152]	@ 0x98
100029b6:	9302      	str	r3, [sp, #8]
100029b8:	9b08      	ldr	r3, [sp, #32]
100029ba:	9c09      	ldr	r4, [sp, #36]	@ 0x24
100029bc:	9300      	str	r3, [sp, #0]
100029be:	9401      	str	r4, [sp, #4]
100029c0:	4641      	mov	r1, r8
100029c2:	464b      	mov	r3, r9
100029c4:	465a      	mov	r2, fp
100029c6:	4650      	mov	r0, sl
100029c8:	f7ff fd4a 	bl	10002460 <_ftoa>
100029cc:	0002      	movs	r2, r0
100029ce:	2020      	movs	r0, #32
100029d0:	9b28      	ldr	r3, [sp, #160]	@ 0xa0
100029d2:	2500      	movs	r5, #0
100029d4:	4003      	ands	r3, r0
100029d6:	4259      	negs	r1, r3
100029d8:	414b      	adcs	r3, r1
100029da:	425b      	negs	r3, r3
100029dc:	4018      	ands	r0, r3
100029de:	1c53      	adds	r3, r2, #1
100029e0:	9308      	str	r3, [sp, #32]
100029e2:	4641      	mov	r1, r8
100029e4:	464b      	mov	r3, r9
100029e6:	3045      	adds	r0, #69	@ 0x45
100029e8:	47d0      	blx	sl
100029ea:	17fb      	asrs	r3, r7, #31
100029ec:	18fc      	adds	r4, r7, r3
100029ee:	405c      	eors	r4, r3
100029f0:	0ffb      	lsrs	r3, r7, #31
100029f2:	271f      	movs	r7, #31
100029f4:	930a      	str	r3, [sp, #40]	@ 0x28
100029f6:	1e73      	subs	r3, r6, #1
100029f8:	930e      	str	r3, [sp, #56]	@ 0x38
100029fa:	ab0a      	add	r3, sp, #40	@ 0x28
100029fc:	18ff      	adds	r7, r7, r3
100029fe:	e006      	b.n	10002a0e <_etoa+0x13a>
10002a00:	0020      	movs	r0, r4
10002a02:	210a      	movs	r1, #10
10002a04:	f7fe fffc 	bl	10001a00 <__wrap___aeabi_uidiv>
10002a08:	0004      	movs	r4, r0
10002a0a:	2d20      	cmp	r5, #32
10002a0c:	d008      	beq.n	10002a20 <_etoa+0x14c>
10002a0e:	210a      	movs	r1, #10
10002a10:	0020      	movs	r0, r4
10002a12:	f7fe fff5 	bl	10001a00 <__wrap___aeabi_uidiv>
10002a16:	3501      	adds	r5, #1
10002a18:	3130      	adds	r1, #48	@ 0x30
10002a1a:	5579      	strb	r1, [r7, r5]
10002a1c:	2c09      	cmp	r4, #9
10002a1e:	d8ef      	bhi.n	10002a00 <_etoa+0x12c>
10002a20:	2305      	movs	r3, #5
10002a22:	9306      	str	r3, [sp, #24]
10002a24:	9b0e      	ldr	r3, [sp, #56]	@ 0x38
10002a26:	4656      	mov	r6, sl
10002a28:	9305      	str	r3, [sp, #20]
10002a2a:	2300      	movs	r3, #0
10002a2c:	9304      	str	r3, [sp, #16]
10002a2e:	330a      	adds	r3, #10
10002a30:	9303      	str	r3, [sp, #12]
10002a32:	9b0a      	ldr	r3, [sp, #40]	@ 0x28
10002a34:	4641      	mov	r1, r8
10002a36:	9302      	str	r3, [sp, #8]
10002a38:	ab12      	add	r3, sp, #72	@ 0x48
10002a3a:	9300      	str	r3, [sp, #0]
10002a3c:	0030      	movs	r0, r6
10002a3e:	464b      	mov	r3, r9
10002a40:	9a08      	ldr	r2, [sp, #32]
10002a42:	9501      	str	r5, [sp, #4]
10002a44:	f7ff fc10 	bl	10002268 <_ntoa_format>
10002a48:	9b0c      	ldr	r3, [sp, #48]	@ 0x30
10002a4a:	2b00      	cmp	r3, #0
10002a4c:	d028      	beq.n	10002aa0 <_etoa+0x1cc>
10002a4e:	465f      	mov	r7, fp
10002a50:	9b27      	ldr	r3, [sp, #156]	@ 0x9c
10002a52:	1bc4      	subs	r4, r0, r7
10002a54:	42a3      	cmp	r3, r4
10002a56:	d923      	bls.n	10002aa0 <_etoa+0x1cc>
10002a58:	4682      	mov	sl, r0
10002a5a:	001d      	movs	r5, r3
10002a5c:	193a      	adds	r2, r7, r4
10002a5e:	464b      	mov	r3, r9
10002a60:	4641      	mov	r1, r8
10002a62:	2020      	movs	r0, #32
10002a64:	3401      	adds	r4, #1
10002a66:	47b0      	blx	r6
10002a68:	42a5      	cmp	r5, r4
10002a6a:	d8f7      	bhi.n	10002a5c <_etoa+0x188>
10002a6c:	4650      	mov	r0, sl
10002a6e:	4659      	mov	r1, fp
10002a70:	9c27      	ldr	r4, [sp, #156]	@ 0x9c
10002a72:	1a42      	subs	r2, r0, r1
10002a74:	3201      	adds	r2, #1
10002a76:	2300      	movs	r3, #0
10002a78:	4294      	cmp	r4, r2
10002a7a:	d300      	bcc.n	10002a7e <_etoa+0x1aa>
10002a7c:	e195      	b.n	10002daa <_etoa+0x4d6>
10002a7e:	3001      	adds	r0, #1
10002a80:	1818      	adds	r0, r3, r0
10002a82:	e00d      	b.n	10002aa0 <_etoa+0x1cc>
10002a84:	9b28      	ldr	r3, [sp, #160]	@ 0xa0
10002a86:	9400      	str	r4, [sp, #0]
10002a88:	9501      	str	r5, [sp, #4]
10002a8a:	9304      	str	r3, [sp, #16]
10002a8c:	9b27      	ldr	r3, [sp, #156]	@ 0x9c
10002a8e:	9303      	str	r3, [sp, #12]
10002a90:	9b26      	ldr	r3, [sp, #152]	@ 0x98
10002a92:	9302      	str	r3, [sp, #8]
10002a94:	464b      	mov	r3, r9
10002a96:	465a      	mov	r2, fp
10002a98:	4641      	mov	r1, r8
10002a9a:	4650      	mov	r0, sl
10002a9c:	f7ff fce0 	bl	10002460 <_ftoa>
10002aa0:	b01b      	add	sp, #108	@ 0x6c
10002aa2:	bcf0      	pop	{r4, r5, r6, r7}
10002aa4:	46bb      	mov	fp, r7
10002aa6:	46b2      	mov	sl, r6
10002aa8:	46a9      	mov	r9, r5
10002aaa:	46a0      	mov	r8, r4
10002aac:	bdf0      	pop	{r4, r5, r6, r7, pc}
10002aae:	4301      	orrs	r1, r0
10002ab0:	d12a      	bne.n	10002b08 <_etoa+0x234>
10002ab2:	9b0e      	ldr	r3, [sp, #56]	@ 0x38
10002ab4:	0032      	movs	r2, r6
10002ab6:	2b00      	cmp	r3, #0
10002ab8:	d100      	bne.n	10002abc <_etoa+0x1e8>
10002aba:	e75d      	b.n	10002978 <_etoa+0xa4>
10002abc:	2700      	movs	r7, #0
10002abe:	9b26      	ldr	r3, [sp, #152]	@ 0x98
10002ac0:	2600      	movs	r6, #0
10002ac2:	42bb      	cmp	r3, r7
10002ac4:	dd00      	ble.n	10002ac8 <_etoa+0x1f4>
10002ac6:	e182      	b.n	10002dce <_etoa+0x4fa>
10002ac8:	2200      	movs	r2, #0
10002aca:	2300      	movs	r3, #0
10002acc:	0020      	movs	r0, r4
10002ace:	0029      	movs	r1, r5
10002ad0:	f7ff fa34 	bl	10001f3c <__wrap___aeabi_dcmplt>
10002ad4:	2800      	cmp	r0, #0
10002ad6:	d000      	beq.n	10002ada <_etoa+0x206>
10002ad8:	e14b      	b.n	10002d72 <_etoa+0x49e>
10002ada:	9b28      	ldr	r3, [sp, #160]	@ 0xa0
10002adc:	4a08      	ldr	r2, [pc, #32]	@ (10002b00 <_etoa+0x22c>)
10002ade:	9602      	str	r6, [sp, #8]
10002ae0:	401a      	ands	r2, r3
10002ae2:	2380      	movs	r3, #128	@ 0x80
10002ae4:	00db      	lsls	r3, r3, #3
10002ae6:	4313      	orrs	r3, r2
10002ae8:	9304      	str	r3, [sp, #16]
10002aea:	9b27      	ldr	r3, [sp, #156]	@ 0x9c
10002aec:	9303      	str	r3, [sp, #12]
10002aee:	9b08      	ldr	r3, [sp, #32]
10002af0:	9c09      	ldr	r4, [sp, #36]	@ 0x24
10002af2:	9300      	str	r3, [sp, #0]
10002af4:	9401      	str	r4, [sp, #4]
10002af6:	e7cd      	b.n	10002a94 <_etoa+0x1c0>
10002af8:	7fefffff 	.word	0x7fefffff
10002afc:	ffefffff 	.word	0xffefffff
10002b00:	fffff7ff 	.word	0xfffff7ff
10002b04:	2306      	movs	r3, #6
10002b06:	9326      	str	r3, [sp, #152]	@ 0x98
10002b08:	4bb2      	ldr	r3, [pc, #712]	@ (10002dd4 <_etoa+0x500>)
10002b0a:	0078      	lsls	r0, r7, #1
10002b0c:	0d40      	lsrs	r0, r0, #21
10002b0e:	18c0      	adds	r0, r0, r3
10002b10:	f7ff fa40 	bl	10001f94 <__wrap___aeabi_i2d>
10002b14:	4ab0      	ldr	r2, [pc, #704]	@ (10002dd8 <_etoa+0x504>)
10002b16:	4bb1      	ldr	r3, [pc, #708]	@ (10002ddc <_etoa+0x508>)
10002b18:	f7ff f9d1 	bl	10001ebe <__wrap___aeabi_dmul>
10002b1c:	4ab0      	ldr	r2, [pc, #704]	@ (10002de0 <_etoa+0x50c>)
10002b1e:	4bb1      	ldr	r3, [pc, #708]	@ (10002de4 <_etoa+0x510>)
10002b20:	f7ff f9ae 	bl	10001e80 <__wrap___aeabi_dadd>
10002b24:	033f      	lsls	r7, r7, #12
10002b26:	4bb0      	ldr	r3, [pc, #704]	@ (10002de8 <_etoa+0x514>)
10002b28:	0b3f      	lsrs	r7, r7, #12
10002b2a:	433b      	orrs	r3, r7
10002b2c:	900c      	str	r0, [sp, #48]	@ 0x30
10002b2e:	910d      	str	r1, [sp, #52]	@ 0x34
10002b30:	2200      	movs	r2, #0
10002b32:	980a      	ldr	r0, [sp, #40]	@ 0x28
10002b34:	0019      	movs	r1, r3
10002b36:	4bad      	ldr	r3, [pc, #692]	@ (10002dec <_etoa+0x518>)
10002b38:	f7ff f99d 	bl	10001e76 <__wrap___aeabi_dsub>
10002b3c:	4aac      	ldr	r2, [pc, #688]	@ (10002df0 <_etoa+0x51c>)
10002b3e:	4bad      	ldr	r3, [pc, #692]	@ (10002df4 <_etoa+0x520>)
10002b40:	f7ff f9bd 	bl	10001ebe <__wrap___aeabi_dmul>
10002b44:	0002      	movs	r2, r0
10002b46:	000b      	movs	r3, r1
10002b48:	980c      	ldr	r0, [sp, #48]	@ 0x30
10002b4a:	990d      	ldr	r1, [sp, #52]	@ 0x34
10002b4c:	f7ff f998 	bl	10001e80 <__wrap___aeabi_dadd>
10002b50:	f7ff fa38 	bl	10001fc4 <__wrap___aeabi_d2iz>
10002b54:	0007      	movs	r7, r0
10002b56:	f7ff fa1d 	bl	10001f94 <__wrap___aeabi_i2d>
10002b5a:	4aa7      	ldr	r2, [pc, #668]	@ (10002df8 <_etoa+0x524>)
10002b5c:	4ba7      	ldr	r3, [pc, #668]	@ (10002dfc <_etoa+0x528>)
10002b5e:	900a      	str	r0, [sp, #40]	@ 0x28
10002b60:	910b      	str	r1, [sp, #44]	@ 0x2c
10002b62:	f7ff f9ac 	bl	10001ebe <__wrap___aeabi_dmul>
10002b66:	2200      	movs	r2, #0
10002b68:	4ba5      	ldr	r3, [pc, #660]	@ (10002e00 <_etoa+0x52c>)
10002b6a:	f7ff f989 	bl	10001e80 <__wrap___aeabi_dadd>
10002b6e:	f7ff fa29 	bl	10001fc4 <__wrap___aeabi_d2iz>
10002b72:	4aa4      	ldr	r2, [pc, #656]	@ (10002e04 <_etoa+0x530>)
10002b74:	0006      	movs	r6, r0
10002b76:	980a      	ldr	r0, [sp, #40]	@ 0x28
10002b78:	990b      	ldr	r1, [sp, #44]	@ 0x2c
10002b7a:	4ba3      	ldr	r3, [pc, #652]	@ (10002e08 <_etoa+0x534>)
10002b7c:	f7ff f99f 	bl	10001ebe <__wrap___aeabi_dmul>
10002b80:	900a      	str	r0, [sp, #40]	@ 0x28
10002b82:	910b      	str	r1, [sp, #44]	@ 0x2c
10002b84:	0030      	movs	r0, r6
10002b86:	f7ff fa05 	bl	10001f94 <__wrap___aeabi_i2d>
10002b8a:	4aa0      	ldr	r2, [pc, #640]	@ (10002e0c <_etoa+0x538>)
10002b8c:	4ba0      	ldr	r3, [pc, #640]	@ (10002e10 <_etoa+0x53c>)
10002b8e:	f7ff f996 	bl	10001ebe <__wrap___aeabi_dmul>
10002b92:	0002      	movs	r2, r0
10002b94:	000b      	movs	r3, r1
10002b96:	980a      	ldr	r0, [sp, #40]	@ 0x28
10002b98:	990b      	ldr	r1, [sp, #44]	@ 0x2c
10002b9a:	f7ff f96c 	bl	10001e76 <__wrap___aeabi_dsub>
10002b9e:	0002      	movs	r2, r0
10002ba0:	000b      	movs	r3, r1
10002ba2:	900a      	str	r0, [sp, #40]	@ 0x28
10002ba4:	910b      	str	r1, [sp, #44]	@ 0x2c
10002ba6:	f7ff f98a 	bl	10001ebe <__wrap___aeabi_dmul>
10002baa:	900c      	str	r0, [sp, #48]	@ 0x30
10002bac:	910d      	str	r1, [sp, #52]	@ 0x34
10002bae:	980a      	ldr	r0, [sp, #40]	@ 0x28
10002bb0:	990b      	ldr	r1, [sp, #44]	@ 0x2c
10002bb2:	0002      	movs	r2, r0
10002bb4:	000b      	movs	r3, r1
10002bb6:	f7ff f963 	bl	10001e80 <__wrap___aeabi_dadd>
10002bba:	2200      	movs	r2, #0
10002bbc:	9010      	str	r0, [sp, #64]	@ 0x40
10002bbe:	9111      	str	r1, [sp, #68]	@ 0x44
10002bc0:	980c      	ldr	r0, [sp, #48]	@ 0x30
10002bc2:	990d      	ldr	r1, [sp, #52]	@ 0x34
10002bc4:	4b93      	ldr	r3, [pc, #588]	@ (10002e14 <_etoa+0x540>)
10002bc6:	f7ff f960 	bl	10001e8a <__wrap___aeabi_ddiv>
10002bca:	2200      	movs	r2, #0
10002bcc:	4b92      	ldr	r3, [pc, #584]	@ (10002e18 <_etoa+0x544>)
10002bce:	f7ff f957 	bl	10001e80 <__wrap___aeabi_dadd>
10002bd2:	0002      	movs	r2, r0
10002bd4:	000b      	movs	r3, r1
10002bd6:	980c      	ldr	r0, [sp, #48]	@ 0x30
10002bd8:	990d      	ldr	r1, [sp, #52]	@ 0x34
10002bda:	f7ff f956 	bl	10001e8a <__wrap___aeabi_ddiv>
10002bde:	2200      	movs	r2, #0
10002be0:	4b8e      	ldr	r3, [pc, #568]	@ (10002e1c <_etoa+0x548>)
10002be2:	f7ff f94d 	bl	10001e80 <__wrap___aeabi_dadd>
10002be6:	0002      	movs	r2, r0
10002be8:	000b      	movs	r3, r1
10002bea:	980c      	ldr	r0, [sp, #48]	@ 0x30
10002bec:	990d      	ldr	r1, [sp, #52]	@ 0x34
10002bee:	f7ff f94c 	bl	10001e8a <__wrap___aeabi_ddiv>
10002bf2:	9a0a      	ldr	r2, [sp, #40]	@ 0x28
10002bf4:	9b0b      	ldr	r3, [sp, #44]	@ 0x2c
10002bf6:	900c      	str	r0, [sp, #48]	@ 0x30
10002bf8:	910d      	str	r1, [sp, #52]	@ 0x34
10002bfa:	2180      	movs	r1, #128	@ 0x80
10002bfc:	2000      	movs	r0, #0
10002bfe:	05c9      	lsls	r1, r1, #23
10002c00:	f7ff f939 	bl	10001e76 <__wrap___aeabi_dsub>
10002c04:	0002      	movs	r2, r0
10002c06:	000b      	movs	r3, r1
10002c08:	980c      	ldr	r0, [sp, #48]	@ 0x30
10002c0a:	990d      	ldr	r1, [sp, #52]	@ 0x34
10002c0c:	f7ff f938 	bl	10001e80 <__wrap___aeabi_dadd>
10002c10:	0002      	movs	r2, r0
10002c12:	000b      	movs	r3, r1
10002c14:	9810      	ldr	r0, [sp, #64]	@ 0x40
10002c16:	9911      	ldr	r1, [sp, #68]	@ 0x44
10002c18:	f7ff f937 	bl	10001e8a <__wrap___aeabi_ddiv>
10002c1c:	2200      	movs	r2, #0
10002c1e:	4b72      	ldr	r3, [pc, #456]	@ (10002de8 <_etoa+0x514>)
10002c20:	f7ff f92e 	bl	10001e80 <__wrap___aeabi_dadd>
10002c24:	4b7e      	ldr	r3, [pc, #504]	@ (10002e20 <_etoa+0x54c>)
10002c26:	2200      	movs	r2, #0
10002c28:	18f6      	adds	r6, r6, r3
10002c2a:	0533      	lsls	r3, r6, #20
10002c2c:	f7ff f947 	bl	10001ebe <__wrap___aeabi_dmul>
10002c30:	0002      	movs	r2, r0
10002c32:	000b      	movs	r3, r1
10002c34:	900a      	str	r0, [sp, #40]	@ 0x28
10002c36:	910b      	str	r1, [sp, #44]	@ 0x2c
10002c38:	9808      	ldr	r0, [sp, #32]
10002c3a:	9909      	ldr	r1, [sp, #36]	@ 0x24
10002c3c:	f7ff f97e 	bl	10001f3c <__wrap___aeabi_dcmplt>
10002c40:	2800      	cmp	r0, #0
10002c42:	d008      	beq.n	10002c56 <_etoa+0x382>
10002c44:	980a      	ldr	r0, [sp, #40]	@ 0x28
10002c46:	990b      	ldr	r1, [sp, #44]	@ 0x2c
10002c48:	2200      	movs	r2, #0
10002c4a:	4b73      	ldr	r3, [pc, #460]	@ (10002e18 <_etoa+0x544>)
10002c4c:	f7ff f91d 	bl	10001e8a <__wrap___aeabi_ddiv>
10002c50:	900a      	str	r0, [sp, #40]	@ 0x28
10002c52:	910b      	str	r1, [sp, #44]	@ 0x2c
10002c54:	3f01      	subs	r7, #1
10002c56:	990a      	ldr	r1, [sp, #40]	@ 0x28
10002c58:	9a0b      	ldr	r2, [sp, #44]	@ 0x2c
10002c5a:	000b      	movs	r3, r1
10002c5c:	0011      	movs	r1, r2
10002c5e:	003a      	movs	r2, r7
10002c60:	3263      	adds	r2, #99	@ 0x63
10002c62:	2ac6      	cmp	r2, #198	@ 0xc6
10002c64:	d812      	bhi.n	10002c8c <_etoa+0x3b8>
10002c66:	2202      	movs	r2, #2
10002c68:	9828      	ldr	r0, [sp, #160]	@ 0xa0
10002c6a:	2604      	movs	r6, #4
10002c6c:	4010      	ands	r0, r2
10002c6e:	9a0e      	ldr	r2, [sp, #56]	@ 0x38
10002c70:	900c      	str	r0, [sp, #48]	@ 0x30
10002c72:	2a00      	cmp	r2, #0
10002c74:	d126      	bne.n	10002cc4 <_etoa+0x3f0>
10002c76:	9b27      	ldr	r3, [sp, #156]	@ 0x9c
10002c78:	2b04      	cmp	r3, #4
10002c7a:	d905      	bls.n	10002c88 <_etoa+0x3b4>
10002c7c:	2800      	cmp	r0, #0
10002c7e:	d000      	beq.n	10002c82 <_etoa+0x3ae>
10002c80:	e0a1      	b.n	10002dc6 <_etoa+0x4f2>
10002c82:	9b27      	ldr	r3, [sp, #156]	@ 0x9c
10002c84:	3b04      	subs	r3, #4
10002c86:	930e      	str	r3, [sp, #56]	@ 0x38
10002c88:	2604      	movs	r6, #4
10002c8a:	e042      	b.n	10002d12 <_etoa+0x43e>
10002c8c:	2202      	movs	r2, #2
10002c8e:	9828      	ldr	r0, [sp, #160]	@ 0xa0
10002c90:	4010      	ands	r0, r2
10002c92:	9a0e      	ldr	r2, [sp, #56]	@ 0x38
10002c94:	900c      	str	r0, [sp, #48]	@ 0x30
10002c96:	2a00      	cmp	r2, #0
10002c98:	d113      	bne.n	10002cc2 <_etoa+0x3ee>
10002c9a:	9b27      	ldr	r3, [sp, #156]	@ 0x9c
10002c9c:	2b05      	cmp	r3, #5
10002c9e:	d800      	bhi.n	10002ca2 <_etoa+0x3ce>
10002ca0:	e089      	b.n	10002db6 <_etoa+0x4e2>
10002ca2:	2800      	cmp	r0, #0
10002ca4:	d000      	beq.n	10002ca8 <_etoa+0x3d4>
10002ca6:	e084      	b.n	10002db2 <_etoa+0x4de>
10002ca8:	9b27      	ldr	r3, [sp, #156]	@ 0x9c
10002caa:	2605      	movs	r6, #5
10002cac:	3b05      	subs	r3, #5
10002cae:	930e      	str	r3, [sp, #56]	@ 0x38
10002cb0:	e032      	b.n	10002d18 <_etoa+0x444>
10002cb2:	2380      	movs	r3, #128	@ 0x80
10002cb4:	061b      	lsls	r3, r3, #24
10002cb6:	469c      	mov	ip, r3
10002cb8:	44ac      	add	ip, r5
10002cba:	4663      	mov	r3, ip
10002cbc:	9408      	str	r4, [sp, #32]
10002cbe:	9309      	str	r3, [sp, #36]	@ 0x24
10002cc0:	e63d      	b.n	1000293e <_etoa+0x6a>
10002cc2:	2605      	movs	r6, #5
10002cc4:	430b      	orrs	r3, r1
10002cc6:	d100      	bne.n	10002cca <_etoa+0x3f6>
10002cc8:	e6f9      	b.n	10002abe <_etoa+0x1ea>
10002cca:	9808      	ldr	r0, [sp, #32]
10002ccc:	9909      	ldr	r1, [sp, #36]	@ 0x24
10002cce:	4a55      	ldr	r2, [pc, #340]	@ (10002e24 <_etoa+0x550>)
10002cd0:	4b55      	ldr	r3, [pc, #340]	@ (10002e28 <_etoa+0x554>)
10002cd2:	f7ff f941 	bl	10001f58 <__wrap___aeabi_dcmpge>
10002cd6:	2800      	cmp	r0, #0
10002cd8:	d008      	beq.n	10002cec <_etoa+0x418>
10002cda:	9808      	ldr	r0, [sp, #32]
10002cdc:	9909      	ldr	r1, [sp, #36]	@ 0x24
10002cde:	2200      	movs	r2, #0
10002ce0:	4b52      	ldr	r3, [pc, #328]	@ (10002e2c <_etoa+0x558>)
10002ce2:	f7ff f92b 	bl	10001f3c <__wrap___aeabi_dcmplt>
10002ce6:	2800      	cmp	r0, #0
10002ce8:	d000      	beq.n	10002cec <_etoa+0x418>
10002cea:	e6e8      	b.n	10002abe <_etoa+0x1ea>
10002cec:	9b26      	ldr	r3, [sp, #152]	@ 0x98
10002cee:	2b00      	cmp	r3, #0
10002cf0:	d034      	beq.n	10002d5c <_etoa+0x488>
10002cf2:	9b0f      	ldr	r3, [sp, #60]	@ 0x3c
10002cf4:	2b00      	cmp	r3, #0
10002cf6:	d031      	beq.n	10002d5c <_etoa+0x488>
10002cf8:	9b26      	ldr	r3, [sp, #152]	@ 0x98
10002cfa:	3b01      	subs	r3, #1
10002cfc:	9326      	str	r3, [sp, #152]	@ 0x98
10002cfe:	9b27      	ldr	r3, [sp, #156]	@ 0x9c
10002d00:	42b3      	cmp	r3, r6
10002d02:	d904      	bls.n	10002d0e <_etoa+0x43a>
10002d04:	9b0c      	ldr	r3, [sp, #48]	@ 0x30
10002d06:	2b00      	cmp	r3, #0
10002d08:	d059      	beq.n	10002dbe <_etoa+0x4ea>
10002d0a:	2302      	movs	r3, #2
10002d0c:	930c      	str	r3, [sp, #48]	@ 0x30
10002d0e:	2300      	movs	r3, #0
10002d10:	930e      	str	r3, [sp, #56]	@ 0x38
10002d12:	2f00      	cmp	r7, #0
10002d14:	d100      	bne.n	10002d18 <_etoa+0x444>
10002d16:	e63e      	b.n	10002996 <_etoa+0xc2>
10002d18:	9a0a      	ldr	r2, [sp, #40]	@ 0x28
10002d1a:	9b0b      	ldr	r3, [sp, #44]	@ 0x2c
10002d1c:	9808      	ldr	r0, [sp, #32]
10002d1e:	9909      	ldr	r1, [sp, #36]	@ 0x24
10002d20:	f7ff f8b3 	bl	10001e8a <__wrap___aeabi_ddiv>
10002d24:	2200      	movs	r2, #0
10002d26:	9008      	str	r0, [sp, #32]
10002d28:	9109      	str	r1, [sp, #36]	@ 0x24
10002d2a:	2300      	movs	r3, #0
10002d2c:	0020      	movs	r0, r4
10002d2e:	0029      	movs	r1, r5
10002d30:	f7ff f904 	bl	10001f3c <__wrap___aeabi_dcmplt>
10002d34:	2800      	cmp	r0, #0
10002d36:	d100      	bne.n	10002d3a <_etoa+0x466>
10002d38:	e636      	b.n	100029a8 <_etoa+0xd4>
10002d3a:	9c08      	ldr	r4, [sp, #32]
10002d3c:	9d09      	ldr	r5, [sp, #36]	@ 0x24
10002d3e:	9a28      	ldr	r2, [sp, #160]	@ 0xa0
10002d40:	2080      	movs	r0, #128	@ 0x80
10002d42:	4b3b      	ldr	r3, [pc, #236]	@ (10002e30 <_etoa+0x55c>)
10002d44:	0600      	lsls	r0, r0, #24
10002d46:	4013      	ands	r3, r2
10002d48:	0022      	movs	r2, r4
10002d4a:	9304      	str	r3, [sp, #16]
10002d4c:	9b0e      	ldr	r3, [sp, #56]	@ 0x38
10002d4e:	9303      	str	r3, [sp, #12]
10002d50:	9b26      	ldr	r3, [sp, #152]	@ 0x98
10002d52:	9302      	str	r3, [sp, #8]
10002d54:	182b      	adds	r3, r5, r0
10002d56:	9200      	str	r2, [sp, #0]
10002d58:	9301      	str	r3, [sp, #4]
10002d5a:	e631      	b.n	100029c0 <_etoa+0xec>
10002d5c:	9b27      	ldr	r3, [sp, #156]	@ 0x9c
10002d5e:	42b3      	cmp	r3, r6
10002d60:	d9d5      	bls.n	10002d0e <_etoa+0x43a>
10002d62:	9b0c      	ldr	r3, [sp, #48]	@ 0x30
10002d64:	2b00      	cmp	r3, #0
10002d66:	d02a      	beq.n	10002dbe <_etoa+0x4ea>
10002d68:	2300      	movs	r3, #0
10002d6a:	930e      	str	r3, [sp, #56]	@ 0x38
10002d6c:	3302      	adds	r3, #2
10002d6e:	930c      	str	r3, [sp, #48]	@ 0x30
10002d70:	e7cf      	b.n	10002d12 <_etoa+0x43e>
10002d72:	9b28      	ldr	r3, [sp, #160]	@ 0xa0
10002d74:	4a2e      	ldr	r2, [pc, #184]	@ (10002e30 <_etoa+0x55c>)
10002d76:	2080      	movs	r0, #128	@ 0x80
10002d78:	9c08      	ldr	r4, [sp, #32]
10002d7a:	9d09      	ldr	r5, [sp, #36]	@ 0x24
10002d7c:	401a      	ands	r2, r3
10002d7e:	2380      	movs	r3, #128	@ 0x80
10002d80:	00db      	lsls	r3, r3, #3
10002d82:	4313      	orrs	r3, r2
10002d84:	0022      	movs	r2, r4
10002d86:	9304      	str	r3, [sp, #16]
10002d88:	9b27      	ldr	r3, [sp, #156]	@ 0x9c
10002d8a:	0600      	lsls	r0, r0, #24
10002d8c:	9303      	str	r3, [sp, #12]
10002d8e:	182b      	adds	r3, r5, r0
10002d90:	9200      	str	r2, [sp, #0]
10002d92:	9301      	str	r3, [sp, #4]
10002d94:	9602      	str	r6, [sp, #8]
10002d96:	e67d      	b.n	10002a94 <_etoa+0x1c0>
10002d98:	2605      	movs	r6, #5
10002d9a:	e695      	b.n	10002ac8 <_etoa+0x1f4>
10002d9c:	2300      	movs	r3, #0
10002d9e:	930e      	str	r3, [sp, #56]	@ 0x38
10002da0:	3302      	adds	r3, #2
10002da2:	2700      	movs	r7, #0
10002da4:	2604      	movs	r6, #4
10002da6:	930c      	str	r3, [sp, #48]	@ 0x30
10002da8:	e5f5      	b.n	10002996 <_etoa+0xc2>
10002daa:	1e4b      	subs	r3, r1, #1
10002dac:	191b      	adds	r3, r3, r4
10002dae:	1a1b      	subs	r3, r3, r0
10002db0:	e665      	b.n	10002a7e <_etoa+0x1aa>
10002db2:	2302      	movs	r3, #2
10002db4:	930c      	str	r3, [sp, #48]	@ 0x30
10002db6:	2605      	movs	r6, #5
10002db8:	e7ae      	b.n	10002d18 <_etoa+0x444>
10002dba:	2304      	movs	r3, #4
10002dbc:	e5e7      	b.n	1000298e <_etoa+0xba>
10002dbe:	9b27      	ldr	r3, [sp, #156]	@ 0x9c
10002dc0:	1b9b      	subs	r3, r3, r6
10002dc2:	930e      	str	r3, [sp, #56]	@ 0x38
10002dc4:	e7a5      	b.n	10002d12 <_etoa+0x43e>
10002dc6:	2302      	movs	r3, #2
10002dc8:	2604      	movs	r6, #4
10002dca:	930c      	str	r3, [sp, #48]	@ 0x30
10002dcc:	e7a1      	b.n	10002d12 <_etoa+0x43e>
10002dce:	1bdb      	subs	r3, r3, r7
10002dd0:	1e5e      	subs	r6, r3, #1
10002dd2:	e679      	b.n	10002ac8 <_etoa+0x1f4>
10002dd4:	fffffc01 	.word	0xfffffc01
10002dd8:	509f79fb 	.word	0x509f79fb
10002ddc:	3fd34413 	.word	0x3fd34413
10002de0:	8b60c8b3 	.word	0x8b60c8b3
10002de4:	3fc68a28 	.word	0x3fc68a28
10002de8:	3ff00000 	.word	0x3ff00000
10002dec:	3ff80000 	.word	0x3ff80000
10002df0:	636f4361 	.word	0x636f4361
10002df4:	3fd287a7 	.word	0x3fd287a7
10002df8:	0979a371 	.word	0x0979a371
10002dfc:	400a934f 	.word	0x400a934f
10002e00:	3fe00000 	.word	0x3fe00000
10002e04:	bbb55516 	.word	0xbbb55516
10002e08:	40026bb1 	.word	0x40026bb1
10002e0c:	fefa39ef 	.word	0xfefa39ef
10002e10:	3fe62e42 	.word	0x3fe62e42
10002e14:	402c0000 	.word	0x402c0000
10002e18:	40240000 	.word	0x40240000
10002e1c:	40180000 	.word	0x40180000
10002e20:	000003ff 	.word	0x000003ff
10002e24:	eb1c432d 	.word	0xeb1c432d
10002e28:	3f1a36e2 	.word	0x3f1a36e2
10002e2c:	412e8480 	.word	0x412e8480
10002e30:	fffff7ff 	.word	0xfffff7ff

10002e34 <_vsnprintf>:
10002e34:	b5f0      	push	{r4, r5, r6, r7, lr}
10002e36:	4657      	mov	r7, sl
10002e38:	46de      	mov	lr, fp
10002e3a:	464e      	mov	r6, r9
10002e3c:	4645      	mov	r5, r8
10002e3e:	b5e0      	push	{r5, r6, r7, lr}
10002e40:	b0a3      	sub	sp, #140	@ 0x8c
10002e42:	001f      	movs	r7, r3
10002e44:	9b2c      	ldr	r3, [sp, #176]	@ 0xb0
10002e46:	4692      	mov	sl, r2
10002e48:	930c      	str	r3, [sp, #48]	@ 0x30
10002e4a:	4ac9      	ldr	r2, [pc, #804]	@ (10003170 <_vsnprintf+0x33c>)
10002e4c:	4bc9      	ldr	r3, [pc, #804]	@ (10003174 <_vsnprintf+0x340>)
10002e4e:	468b      	mov	fp, r1
10002e50:	900b      	str	r0, [sp, #44]	@ 0x2c
10002e52:	601a      	str	r2, [r3, #0]
10002e54:	2900      	cmp	r1, #0
10002e56:	d100      	bne.n	10002e5a <_vsnprintf+0x26>
10002e58:	e1bf      	b.n	100031da <_vsnprintf+0x3a6>
10002e5a:	2300      	movs	r3, #0
10002e5c:	7838      	ldrb	r0, [r7, #0]
10002e5e:	4699      	mov	r9, r3
10002e60:	2800      	cmp	r0, #0
10002e62:	d100      	bne.n	10002e66 <_vsnprintf+0x32>
10002e64:	e1c1      	b.n	100031ea <_vsnprintf+0x3b6>
10002e66:	4bc4      	ldr	r3, [pc, #784]	@ (10003178 <_vsnprintf+0x344>)
10002e68:	464c      	mov	r4, r9
10002e6a:	9309      	str	r3, [sp, #36]	@ 0x24
10002e6c:	4bc3      	ldr	r3, [pc, #780]	@ (1000317c <_vsnprintf+0x348>)
10002e6e:	930e      	str	r3, [sp, #56]	@ 0x38
10002e70:	465b      	mov	r3, fp
10002e72:	930a      	str	r3, [sp, #40]	@ 0x28
10002e74:	e008      	b.n	10002e88 <_vsnprintf+0x54>
10002e76:	0022      	movs	r2, r4
10002e78:	4653      	mov	r3, sl
10002e7a:	990a      	ldr	r1, [sp, #40]	@ 0x28
10002e7c:	9d0b      	ldr	r5, [sp, #44]	@ 0x2c
10002e7e:	47a8      	blx	r5
10002e80:	3401      	adds	r4, #1
10002e82:	7838      	ldrb	r0, [r7, #0]
10002e84:	2800      	cmp	r0, #0
10002e86:	d076      	beq.n	10002f76 <_vsnprintf+0x142>
10002e88:	3701      	adds	r7, #1
10002e8a:	2825      	cmp	r0, #37	@ 0x25
10002e8c:	d1f3      	bne.n	10002e76 <_vsnprintf+0x42>
10002e8e:	2310      	movs	r3, #16
10002e90:	469b      	mov	fp, r3
10002e92:	3b08      	subs	r3, #8
10002e94:	4699      	mov	r9, r3
10002e96:	3b04      	subs	r3, #4
10002e98:	4698      	mov	r8, r3
10002e9a:	3b03      	subs	r3, #3
10002e9c:	2600      	movs	r6, #0
10002e9e:	2502      	movs	r5, #2
10002ea0:	469c      	mov	ip, r3
10002ea2:	7838      	ldrb	r0, [r7, #0]
10002ea4:	1c79      	adds	r1, r7, #1
10002ea6:	0003      	movs	r3, r0
10002ea8:	3b20      	subs	r3, #32
10002eaa:	b2db      	uxtb	r3, r3
10002eac:	2b10      	cmp	r3, #16
10002eae:	d803      	bhi.n	10002eb8 <_vsnprintf+0x84>
10002eb0:	9a09      	ldr	r2, [sp, #36]	@ 0x24
10002eb2:	009b      	lsls	r3, r3, #2
10002eb4:	58d3      	ldr	r3, [r2, r3]
10002eb6:	469f      	mov	pc, r3
10002eb8:	0003      	movs	r3, r0
10002eba:	3b30      	subs	r3, #48	@ 0x30
10002ebc:	2b09      	cmp	r3, #9
10002ebe:	d936      	bls.n	10002f2e <_vsnprintf+0xfa>
10002ec0:	2500      	movs	r5, #0
10002ec2:	282a      	cmp	r0, #42	@ 0x2a
10002ec4:	d100      	bne.n	10002ec8 <_vsnprintf+0x94>
10002ec6:	e0a7      	b.n	10003018 <_vsnprintf+0x1e4>
10002ec8:	2300      	movs	r3, #0
10002eca:	930d      	str	r3, [sp, #52]	@ 0x34
10002ecc:	282e      	cmp	r0, #46	@ 0x2e
10002ece:	d03f      	beq.n	10002f50 <_vsnprintf+0x11c>
10002ed0:	0003      	movs	r3, r0
10002ed2:	3b68      	subs	r3, #104	@ 0x68
10002ed4:	b2db      	uxtb	r3, r3
10002ed6:	2b12      	cmp	r3, #18
10002ed8:	d81b      	bhi.n	10002f12 <_vsnprintf+0xde>
10002eda:	9a0e      	ldr	r2, [sp, #56]	@ 0x38
10002edc:	009b      	lsls	r3, r3, #2
10002ede:	58d3      	ldr	r3, [r2, r3]
10002ee0:	469f      	mov	pc, r3
10002ee2:	4663      	mov	r3, ip
10002ee4:	000f      	movs	r7, r1
10002ee6:	431e      	orrs	r6, r3
10002ee8:	e7db      	b.n	10002ea2 <_vsnprintf+0x6e>
10002eea:	000f      	movs	r7, r1
10002eec:	432e      	orrs	r6, r5
10002eee:	e7d8      	b.n	10002ea2 <_vsnprintf+0x6e>
10002ef0:	4643      	mov	r3, r8
10002ef2:	000f      	movs	r7, r1
10002ef4:	431e      	orrs	r6, r3
10002ef6:	e7d4      	b.n	10002ea2 <_vsnprintf+0x6e>
10002ef8:	465b      	mov	r3, fp
10002efa:	000f      	movs	r7, r1
10002efc:	431e      	orrs	r6, r3
10002efe:	e7d0      	b.n	10002ea2 <_vsnprintf+0x6e>
10002f00:	464b      	mov	r3, r9
10002f02:	000f      	movs	r7, r1
10002f04:	431e      	orrs	r6, r3
10002f06:	e7cc      	b.n	10002ea2 <_vsnprintf+0x6e>
10002f08:	2380      	movs	r3, #128	@ 0x80
10002f0a:	7878      	ldrb	r0, [r7, #1]
10002f0c:	005b      	lsls	r3, r3, #1
10002f0e:	431e      	orrs	r6, r3
10002f10:	3101      	adds	r1, #1
10002f12:	000f      	movs	r7, r1
10002f14:	2867      	cmp	r0, #103	@ 0x67
10002f16:	d845      	bhi.n	10002fa4 <_vsnprintf+0x170>
10002f18:	2824      	cmp	r0, #36	@ 0x24
10002f1a:	d9ac      	bls.n	10002e76 <_vsnprintf+0x42>
10002f1c:	0003      	movs	r3, r0
10002f1e:	3b25      	subs	r3, #37	@ 0x25
10002f20:	b2db      	uxtb	r3, r3
10002f22:	2b42      	cmp	r3, #66	@ 0x42
10002f24:	d8a7      	bhi.n	10002e76 <_vsnprintf+0x42>
10002f26:	4996      	ldr	r1, [pc, #600]	@ (10003180 <_vsnprintf+0x34c>)
10002f28:	009b      	lsls	r3, r3, #2
10002f2a:	58cb      	ldr	r3, [r1, r3]
10002f2c:	469f      	mov	pc, r3
10002f2e:	2500      	movs	r5, #0
10002f30:	00ab      	lsls	r3, r5, #2
10002f32:	195d      	adds	r5, r3, r5
10002f34:	006d      	lsls	r5, r5, #1
10002f36:	182d      	adds	r5, r5, r0
10002f38:	7808      	ldrb	r0, [r1, #0]
10002f3a:	000f      	movs	r7, r1
10002f3c:	0003      	movs	r3, r0
10002f3e:	3b30      	subs	r3, #48	@ 0x30
10002f40:	3d30      	subs	r5, #48	@ 0x30
10002f42:	3101      	adds	r1, #1
10002f44:	2b09      	cmp	r3, #9
10002f46:	d9f3      	bls.n	10002f30 <_vsnprintf+0xfc>
10002f48:	2300      	movs	r3, #0
10002f4a:	930d      	str	r3, [sp, #52]	@ 0x34
10002f4c:	282e      	cmp	r0, #46	@ 0x2e
10002f4e:	d1bf      	bne.n	10002ed0 <_vsnprintf+0x9c>
10002f50:	2230      	movs	r2, #48	@ 0x30
10002f52:	2080      	movs	r0, #128	@ 0x80
10002f54:	4252      	negs	r2, r2
10002f56:	4690      	mov	r8, r2
10002f58:	00c0      	lsls	r0, r0, #3
10002f5a:	4306      	orrs	r6, r0
10002f5c:	7878      	ldrb	r0, [r7, #1]
10002f5e:	000b      	movs	r3, r1
10002f60:	4480      	add	r8, r0
10002f62:	4642      	mov	r2, r8
10002f64:	2a09      	cmp	r2, #9
10002f66:	d800      	bhi.n	10002f6a <_vsnprintf+0x136>
10002f68:	e151      	b.n	1000320e <_vsnprintf+0x3da>
10002f6a:	282a      	cmp	r0, #42	@ 0x2a
10002f6c:	d100      	bne.n	10002f70 <_vsnprintf+0x13c>
10002f6e:	e15e      	b.n	1000322e <_vsnprintf+0x3fa>
10002f70:	000f      	movs	r7, r1
10002f72:	3101      	adds	r1, #1
10002f74:	e7ac      	b.n	10002ed0 <_vsnprintf+0x9c>
10002f76:	9b0a      	ldr	r3, [sp, #40]	@ 0x28
10002f78:	46a1      	mov	r9, r4
10002f7a:	469b      	mov	fp, r3
10002f7c:	45ca      	cmp	sl, r9
10002f7e:	d803      	bhi.n	10002f88 <_vsnprintf+0x154>
10002f80:	2301      	movs	r3, #1
10002f82:	425b      	negs	r3, r3
10002f84:	4453      	add	r3, sl
10002f86:	4699      	mov	r9, r3
10002f88:	4653      	mov	r3, sl
10002f8a:	464a      	mov	r2, r9
10002f8c:	4659      	mov	r1, fp
10002f8e:	2000      	movs	r0, #0
10002f90:	9d0b      	ldr	r5, [sp, #44]	@ 0x2c
10002f92:	47a8      	blx	r5
10002f94:	0020      	movs	r0, r4
10002f96:	b023      	add	sp, #140	@ 0x8c
10002f98:	bcf0      	pop	{r4, r5, r6, r7}
10002f9a:	46bb      	mov	fp, r7
10002f9c:	46b2      	mov	sl, r6
10002f9e:	46a9      	mov	r9, r5
10002fa0:	46a0      	mov	r8, r4
10002fa2:	bdf0      	pop	{r4, r5, r6, r7, pc}
10002fa4:	0003      	movs	r3, r0
10002fa6:	3b69      	subs	r3, #105	@ 0x69
10002fa8:	b2db      	uxtb	r3, r3
10002faa:	2b0f      	cmp	r3, #15
10002fac:	d900      	bls.n	10002fb0 <_vsnprintf+0x17c>
10002fae:	e762      	b.n	10002e76 <_vsnprintf+0x42>
10002fb0:	2101      	movs	r1, #1
10002fb2:	4099      	lsls	r1, r3
10002fb4:	4688      	mov	r8, r1
10002fb6:	4a73      	ldr	r2, [pc, #460]	@ (10003184 <_vsnprintf+0x350>)
10002fb8:	4011      	ands	r1, r2
10002fba:	468b      	mov	fp, r1
10002fbc:	0011      	movs	r1, r2
10002fbe:	4642      	mov	r2, r8
10002fc0:	420a      	tst	r2, r1
10002fc2:	d000      	beq.n	10002fc6 <_vsnprintf+0x192>
10002fc4:	e113      	b.n	100031ee <_vsnprintf+0x3ba>
10002fc6:	2b0a      	cmp	r3, #10
10002fc8:	d02f      	beq.n	1000302a <_vsnprintf+0x1f6>
10002fca:	2b07      	cmp	r3, #7
10002fcc:	d000      	beq.n	10002fd0 <_vsnprintf+0x19c>
10002fce:	e752      	b.n	10002e76 <_vsnprintf+0x42>
10002fd0:	9d0c      	ldr	r5, [sp, #48]	@ 0x30
10002fd2:	cd01      	ldmia	r5!, {r0}
10002fd4:	2800      	cmp	r0, #0
10002fd6:	d100      	bne.n	10002fda <_vsnprintf+0x1a6>
10002fd8:	e134      	b.n	10003244 <_vsnprintf+0x410>
10002fda:	2321      	movs	r3, #33	@ 0x21
10002fdc:	431e      	orrs	r6, r3
10002fde:	46b0      	mov	r8, r6
10002fe0:	261f      	movs	r6, #31
10002fe2:	9a0d      	ldr	r2, [sp, #52]	@ 0x34
10002fe4:	ab12      	add	r3, sp, #72	@ 0x48
10002fe6:	18f6      	adds	r6, r6, r3
10002fe8:	46a1      	mov	r9, r4
10002fea:	4694      	mov	ip, r2
10002fec:	4659      	mov	r1, fp
10002fee:	0034      	movs	r4, r6
10002ff0:	e002      	b.n	10002ff8 <_vsnprintf+0x1c4>
10002ff2:	0900      	lsrs	r0, r0, #4
10002ff4:	2920      	cmp	r1, #32
10002ff6:	d00a      	beq.n	1000300e <_vsnprintf+0x1da>
10002ff8:	260f      	movs	r6, #15
10002ffa:	4006      	ands	r6, r0
10002ffc:	0032      	movs	r2, r6
10002ffe:	3237      	adds	r2, #55	@ 0x37
10003000:	2e09      	cmp	r6, #9
10003002:	d800      	bhi.n	10003006 <_vsnprintf+0x1d2>
10003004:	3a07      	subs	r2, #7
10003006:	3101      	adds	r1, #1
10003008:	5462      	strb	r2, [r4, r1]
1000300a:	280f      	cmp	r0, #15
1000300c:	d8f1      	bhi.n	10002ff2 <_vsnprintf+0x1be>
1000300e:	4663      	mov	r3, ip
10003010:	464c      	mov	r4, r9
10003012:	468b      	mov	fp, r1
10003014:	930d      	str	r3, [sp, #52]	@ 0x34
10003016:	e122      	b.n	1000325e <_vsnprintf+0x42a>
10003018:	9b0c      	ldr	r3, [sp, #48]	@ 0x30
1000301a:	cb20      	ldmia	r3!, {r5}
1000301c:	2d00      	cmp	r5, #0
1000301e:	db52      	blt.n	100030c6 <_vsnprintf+0x292>
10003020:	7878      	ldrb	r0, [r7, #1]
10003022:	930c      	str	r3, [sp, #48]	@ 0x30
10003024:	000f      	movs	r7, r1
10003026:	3101      	adds	r1, #1
10003028:	e74e      	b.n	10002ec8 <_vsnprintf+0x94>
1000302a:	9b0c      	ldr	r3, [sp, #48]	@ 0x30
1000302c:	990d      	ldr	r1, [sp, #52]	@ 0x34
1000302e:	cb04      	ldmia	r3!, {r2}
10003030:	4690      	mov	r8, r2
10003032:	469b      	mov	fp, r3
10003034:	2900      	cmp	r1, #0
10003036:	d100      	bne.n	1000303a <_vsnprintf+0x206>
10003038:	e128      	b.n	1000328c <_vsnprintf+0x458>
1000303a:	4643      	mov	r3, r8
1000303c:	7818      	ldrb	r0, [r3, #0]
1000303e:	4441      	add	r1, r8
10003040:	2800      	cmp	r0, #0
10003042:	d101      	bne.n	10003048 <_vsnprintf+0x214>
10003044:	f000 fc29 	bl	1000389a <_vsnprintf+0xa66>
10003048:	9a0d      	ldr	r2, [sp, #52]	@ 0x34
1000304a:	4694      	mov	ip, r2
1000304c:	000a      	movs	r2, r1
1000304e:	e004      	b.n	1000305a <_vsnprintf+0x226>
10003050:	7859      	ldrb	r1, [r3, #1]
10003052:	3301      	adds	r3, #1
10003054:	2900      	cmp	r1, #0
10003056:	d100      	bne.n	1000305a <_vsnprintf+0x226>
10003058:	e195      	b.n	10003386 <_vsnprintf+0x552>
1000305a:	429a      	cmp	r2, r3
1000305c:	d1f8      	bne.n	10003050 <_vsnprintf+0x21c>
1000305e:	4663      	mov	r3, ip
10003060:	930d      	str	r3, [sp, #52]	@ 0x34
10003062:	4643      	mov	r3, r8
10003064:	1ad3      	subs	r3, r2, r3
10003066:	930f      	str	r3, [sp, #60]	@ 0x3c
10003068:	0573      	lsls	r3, r6, #21
1000306a:	d400      	bmi.n	1000306e <_vsnprintf+0x23a>
1000306c:	e16c      	b.n	10003348 <_vsnprintf+0x514>
1000306e:	9b0f      	ldr	r3, [sp, #60]	@ 0x3c
10003070:	9a0d      	ldr	r2, [sp, #52]	@ 0x34
10003072:	4293      	cmp	r3, r2
10003074:	d900      	bls.n	10003078 <_vsnprintf+0x244>
10003076:	920f      	str	r2, [sp, #60]	@ 0x3c
10003078:	2302      	movs	r3, #2
1000307a:	001a      	movs	r2, r3
1000307c:	4032      	ands	r2, r6
1000307e:	920c      	str	r2, [sp, #48]	@ 0x30
10003080:	4233      	tst	r3, r6
10003082:	d100      	bne.n	10003086 <_vsnprintf+0x252>
10003084:	e291      	b.n	100035aa <_vsnprintf+0x776>
10003086:	930c      	str	r3, [sp, #48]	@ 0x30
10003088:	9b0d      	ldr	r3, [sp, #52]	@ 0x34
1000308a:	46b9      	mov	r9, r7
1000308c:	191e      	adds	r6, r3, r4
1000308e:	4643      	mov	r3, r8
10003090:	1b1b      	subs	r3, r3, r4
10003092:	46a8      	mov	r8, r5
10003094:	0022      	movs	r2, r4
10003096:	001f      	movs	r7, r3
10003098:	9d0b      	ldr	r5, [sp, #44]	@ 0x2c
1000309a:	e008      	b.n	100030ae <_vsnprintf+0x27a>
1000309c:	1c54      	adds	r4, r2, #1
1000309e:	4653      	mov	r3, sl
100030a0:	990a      	ldr	r1, [sp, #40]	@ 0x28
100030a2:	47a8      	blx	r5
100030a4:	5d38      	ldrb	r0, [r7, r4]
100030a6:	2800      	cmp	r0, #0
100030a8:	d100      	bne.n	100030ac <_vsnprintf+0x278>
100030aa:	e163      	b.n	10003374 <_vsnprintf+0x540>
100030ac:	0022      	movs	r2, r4
100030ae:	4296      	cmp	r6, r2
100030b0:	d1f4      	bne.n	1000309c <_vsnprintf+0x268>
100030b2:	4645      	mov	r5, r8
100030b4:	464f      	mov	r7, r9
100030b6:	0034      	movs	r4, r6
100030b8:	9b0c      	ldr	r3, [sp, #48]	@ 0x30
100030ba:	2b00      	cmp	r3, #0
100030bc:	d000      	beq.n	100030c0 <_vsnprintf+0x28c>
100030be:	e197      	b.n	100033f0 <_vsnprintf+0x5bc>
100030c0:	465b      	mov	r3, fp
100030c2:	930c      	str	r3, [sp, #48]	@ 0x30
100030c4:	e6dd      	b.n	10002e82 <_vsnprintf+0x4e>
100030c6:	2202      	movs	r2, #2
100030c8:	7878      	ldrb	r0, [r7, #1]
100030ca:	4316      	orrs	r6, r2
100030cc:	000f      	movs	r7, r1
100030ce:	426d      	negs	r5, r5
100030d0:	930c      	str	r3, [sp, #48]	@ 0x30
100030d2:	3101      	adds	r1, #1
100030d4:	e6f8      	b.n	10002ec8 <_vsnprintf+0x94>
100030d6:	7878      	ldrb	r0, [r7, #1]
100030d8:	286c      	cmp	r0, #108	@ 0x6c
100030da:	d100      	bne.n	100030de <_vsnprintf+0x2aa>
100030dc:	e159      	b.n	10003392 <_vsnprintf+0x55e>
100030de:	2380      	movs	r3, #128	@ 0x80
100030e0:	005b      	lsls	r3, r3, #1
100030e2:	431e      	orrs	r6, r3
100030e4:	3101      	adds	r1, #1
100030e6:	e714      	b.n	10002f12 <_vsnprintf+0xde>
100030e8:	2380      	movs	r3, #128	@ 0x80
100030ea:	009b      	lsls	r3, r3, #2
100030ec:	7878      	ldrb	r0, [r7, #1]
100030ee:	431e      	orrs	r6, r3
100030f0:	3101      	adds	r1, #1
100030f2:	e70e      	b.n	10002f12 <_vsnprintf+0xde>
100030f4:	7878      	ldrb	r0, [r7, #1]
100030f6:	2868      	cmp	r0, #104	@ 0x68
100030f8:	d100      	bne.n	100030fc <_vsnprintf+0x2c8>
100030fa:	e150      	b.n	1000339e <_vsnprintf+0x56a>
100030fc:	2380      	movs	r3, #128	@ 0x80
100030fe:	3101      	adds	r1, #1
10003100:	431e      	orrs	r6, r3
10003102:	e706      	b.n	10002f12 <_vsnprintf+0xde>
10003104:	2867      	cmp	r0, #103	@ 0x67
10003106:	d100      	bne.n	1000310a <_vsnprintf+0x2d6>
10003108:	e0c2      	b.n	10003290 <_vsnprintf+0x45c>
1000310a:	2847      	cmp	r0, #71	@ 0x47
1000310c:	d100      	bne.n	10003110 <_vsnprintf+0x2dc>
1000310e:	e134      	b.n	1000337a <_vsnprintf+0x546>
10003110:	2845      	cmp	r0, #69	@ 0x45
10003112:	d100      	bne.n	10003116 <_vsnprintf+0x2e2>
10003114:	e134      	b.n	10003380 <_vsnprintf+0x54c>
10003116:	2107      	movs	r1, #7
10003118:	9b0c      	ldr	r3, [sp, #48]	@ 0x30
1000311a:	9a0d      	ldr	r2, [sp, #52]	@ 0x34
1000311c:	3307      	adds	r3, #7
1000311e:	438b      	bics	r3, r1
10003120:	0019      	movs	r1, r3
10003122:	9604      	str	r6, [sp, #16]
10003124:	9503      	str	r5, [sp, #12]
10003126:	9202      	str	r2, [sp, #8]
10003128:	c90c      	ldmia	r1!, {r2, r3}
1000312a:	980b      	ldr	r0, [sp, #44]	@ 0x2c
1000312c:	9200      	str	r2, [sp, #0]
1000312e:	9301      	str	r3, [sp, #4]
10003130:	910c      	str	r1, [sp, #48]	@ 0x30
10003132:	0022      	movs	r2, r4
10003134:	4653      	mov	r3, sl
10003136:	990a      	ldr	r1, [sp, #40]	@ 0x28
10003138:	f7ff fbcc 	bl	100028d4 <_etoa>
1000313c:	0004      	movs	r4, r0
1000313e:	e6a0      	b.n	10002e82 <_vsnprintf+0x4e>
10003140:	2846      	cmp	r0, #70	@ 0x46
10003142:	d100      	bne.n	10003146 <_vsnprintf+0x312>
10003144:	e0a8      	b.n	10003298 <_vsnprintf+0x464>
10003146:	2107      	movs	r1, #7
10003148:	9b0c      	ldr	r3, [sp, #48]	@ 0x30
1000314a:	9a0d      	ldr	r2, [sp, #52]	@ 0x34
1000314c:	3307      	adds	r3, #7
1000314e:	438b      	bics	r3, r1
10003150:	0019      	movs	r1, r3
10003152:	9604      	str	r6, [sp, #16]
10003154:	9503      	str	r5, [sp, #12]
10003156:	9202      	str	r2, [sp, #8]
10003158:	c90c      	ldmia	r1!, {r2, r3}
1000315a:	980b      	ldr	r0, [sp, #44]	@ 0x2c
1000315c:	9200      	str	r2, [sp, #0]
1000315e:	9301      	str	r3, [sp, #4]
10003160:	910c      	str	r1, [sp, #48]	@ 0x30
10003162:	0022      	movs	r2, r4
10003164:	4653      	mov	r3, sl
10003166:	990a      	ldr	r1, [sp, #40]	@ 0x28
10003168:	f7ff f97a 	bl	10002460 <_ftoa>
1000316c:	0004      	movs	r4, r0
1000316e:	e688      	b.n	10002e82 <_vsnprintf+0x4e>
10003170:	10002e35 	.word	0x10002e35
10003174:	20001b00 	.word	0x20001b00
10003178:	100066ec 	.word	0x100066ec
1000317c:	10006730 	.word	0x10006730
10003180:	1000677c 	.word	0x1000677c
10003184:	00009041 	.word	0x00009041
10003188:	0022      	movs	r2, r4
1000318a:	4653      	mov	r3, sl
1000318c:	2025      	movs	r0, #37	@ 0x25
1000318e:	990a      	ldr	r1, [sp, #40]	@ 0x28
10003190:	9d0b      	ldr	r5, [sp, #44]	@ 0x2c
10003192:	47a8      	blx	r5
10003194:	3401      	adds	r4, #1
10003196:	e674      	b.n	10002e82 <_vsnprintf+0x4e>
10003198:	9b0c      	ldr	r3, [sp, #48]	@ 0x30
1000319a:	3304      	adds	r3, #4
1000319c:	469b      	mov	fp, r3
1000319e:	1c63      	adds	r3, r4, #1
100031a0:	4698      	mov	r8, r3
100031a2:	07b6      	lsls	r6, r6, #30
100031a4:	d400      	bmi.n	100031a8 <_vsnprintf+0x374>
100031a6:	e0ff      	b.n	100033a8 <_vsnprintf+0x574>
100031a8:	9b0c      	ldr	r3, [sp, #48]	@ 0x30
100031aa:	0022      	movs	r2, r4
100031ac:	7818      	ldrb	r0, [r3, #0]
100031ae:	990a      	ldr	r1, [sp, #40]	@ 0x28
100031b0:	4653      	mov	r3, sl
100031b2:	9e0b      	ldr	r6, [sp, #44]	@ 0x2c
100031b4:	47b0      	blx	r6
100031b6:	1964      	adds	r4, r4, r5
100031b8:	2d01      	cmp	r5, #1
100031ba:	d800      	bhi.n	100031be <_vsnprintf+0x38a>
100031bc:	e249      	b.n	10003652 <_vsnprintf+0x81e>
100031be:	4645      	mov	r5, r8
100031c0:	9e0b      	ldr	r6, [sp, #44]	@ 0x2c
100031c2:	46b8      	mov	r8, r7
100031c4:	9f0a      	ldr	r7, [sp, #40]	@ 0x28
100031c6:	002a      	movs	r2, r5
100031c8:	4653      	mov	r3, sl
100031ca:	3501      	adds	r5, #1
100031cc:	0039      	movs	r1, r7
100031ce:	2020      	movs	r0, #32
100031d0:	47b0      	blx	r6
100031d2:	42a5      	cmp	r5, r4
100031d4:	d1f7      	bne.n	100031c6 <_vsnprintf+0x392>
100031d6:	4647      	mov	r7, r8
100031d8:	e772      	b.n	100030c0 <_vsnprintf+0x28c>
100031da:	4bdb      	ldr	r3, [pc, #876]	@ (10003548 <_vsnprintf+0x714>)
100031dc:	7838      	ldrb	r0, [r7, #0]
100031de:	930b      	str	r3, [sp, #44]	@ 0x2c
100031e0:	2300      	movs	r3, #0
100031e2:	4699      	mov	r9, r3
100031e4:	2800      	cmp	r0, #0
100031e6:	d000      	beq.n	100031ea <_vsnprintf+0x3b6>
100031e8:	e63d      	b.n	10002e66 <_vsnprintf+0x32>
100031ea:	2400      	movs	r4, #0
100031ec:	e6c6      	b.n	10002f7c <_vsnprintf+0x148>
100031ee:	286f      	cmp	r0, #111	@ 0x6f
100031f0:	d055      	beq.n	1000329e <_vsnprintf+0x46a>
100031f2:	d800      	bhi.n	100031f6 <_vsnprintf+0x3c2>
100031f4:	e2bc      	b.n	10003770 <_vsnprintf+0x93c>
100031f6:	2310      	movs	r3, #16
100031f8:	2878      	cmp	r0, #120	@ 0x78
100031fa:	d100      	bne.n	100031fe <_vsnprintf+0x3ca>
100031fc:	e09e      	b.n	1000333c <_vsnprintf+0x508>
100031fe:	439e      	bics	r6, r3
10003200:	230a      	movs	r3, #10
10003202:	469c      	mov	ip, r3
10003204:	2300      	movs	r3, #0
10003206:	930f      	str	r3, [sp, #60]	@ 0x3c
10003208:	330a      	adds	r3, #10
1000320a:	469b      	mov	fp, r3
1000320c:	e04d      	b.n	100032aa <_vsnprintf+0x476>
1000320e:	2100      	movs	r1, #0
10003210:	008a      	lsls	r2, r1, #2
10003212:	1852      	adds	r2, r2, r1
10003214:	0052      	lsls	r2, r2, #1
10003216:	3301      	adds	r3, #1
10003218:	1811      	adds	r1, r2, r0
1000321a:	7818      	ldrb	r0, [r3, #0]
1000321c:	3930      	subs	r1, #48	@ 0x30
1000321e:	0002      	movs	r2, r0
10003220:	3a30      	subs	r2, #48	@ 0x30
10003222:	2a09      	cmp	r2, #9
10003224:	d9f4      	bls.n	10003210 <_vsnprintf+0x3dc>
10003226:	910d      	str	r1, [sp, #52]	@ 0x34
10003228:	001f      	movs	r7, r3
1000322a:	1c59      	adds	r1, r3, #1
1000322c:	e650      	b.n	10002ed0 <_vsnprintf+0x9c>
1000322e:	9b0c      	ldr	r3, [sp, #48]	@ 0x30
10003230:	78b8      	ldrb	r0, [r7, #2]
10003232:	cb04      	ldmia	r3!, {r2}
10003234:	3702      	adds	r7, #2
10003236:	43d1      	mvns	r1, r2
10003238:	17c9      	asrs	r1, r1, #31
1000323a:	400a      	ands	r2, r1
1000323c:	920d      	str	r2, [sp, #52]	@ 0x34
1000323e:	930c      	str	r3, [sp, #48]	@ 0x30
10003240:	1c79      	adds	r1, r7, #1
10003242:	e645      	b.n	10002ed0 <_vsnprintf+0x9c>
10003244:	2310      	movs	r3, #16
10003246:	0030      	movs	r0, r6
10003248:	4398      	bics	r0, r3
1000324a:	3311      	adds	r3, #17
1000324c:	4318      	orrs	r0, r3
1000324e:	2380      	movs	r3, #128	@ 0x80
10003250:	4680      	mov	r8, r0
10003252:	0030      	movs	r0, r6
10003254:	00db      	lsls	r3, r3, #3
10003256:	4018      	ands	r0, r3
10003258:	421e      	tst	r6, r3
1000325a:	d100      	bne.n	1000325e <_vsnprintf+0x42a>
1000325c:	e6c0      	b.n	10002fe0 <_vsnprintf+0x1ac>
1000325e:	4643      	mov	r3, r8
10003260:	9306      	str	r3, [sp, #24]
10003262:	2308      	movs	r3, #8
10003264:	9305      	str	r3, [sp, #20]
10003266:	9b0d      	ldr	r3, [sp, #52]	@ 0x34
10003268:	0022      	movs	r2, r4
1000326a:	9304      	str	r3, [sp, #16]
1000326c:	2310      	movs	r3, #16
1000326e:	9303      	str	r3, [sp, #12]
10003270:	2300      	movs	r3, #0
10003272:	9302      	str	r3, [sp, #8]
10003274:	465b      	mov	r3, fp
10003276:	9301      	str	r3, [sp, #4]
10003278:	ab1a      	add	r3, sp, #104	@ 0x68
1000327a:	9300      	str	r3, [sp, #0]
1000327c:	990a      	ldr	r1, [sp, #40]	@ 0x28
1000327e:	4653      	mov	r3, sl
10003280:	980b      	ldr	r0, [sp, #44]	@ 0x2c
10003282:	f7fe fff1 	bl	10002268 <_ntoa_format>
10003286:	950c      	str	r5, [sp, #48]	@ 0x30
10003288:	0004      	movs	r4, r0
1000328a:	e5fa      	b.n	10002e82 <_vsnprintf+0x4e>
1000328c:	3901      	subs	r1, #1
1000328e:	e6d4      	b.n	1000303a <_vsnprintf+0x206>
10003290:	2380      	movs	r3, #128	@ 0x80
10003292:	011b      	lsls	r3, r3, #4
10003294:	431e      	orrs	r6, r3
10003296:	e73e      	b.n	10003116 <_vsnprintf+0x2e2>
10003298:	2320      	movs	r3, #32
1000329a:	431e      	orrs	r6, r3
1000329c:	e753      	b.n	10003146 <_vsnprintf+0x312>
1000329e:	2308      	movs	r3, #8
100032a0:	469c      	mov	ip, r3
100032a2:	2300      	movs	r3, #0
100032a4:	930f      	str	r3, [sp, #60]	@ 0x3c
100032a6:	3308      	adds	r3, #8
100032a8:	469b      	mov	fp, r3
100032aa:	2380      	movs	r3, #128	@ 0x80
100032ac:	0030      	movs	r0, r6
100032ae:	00db      	lsls	r3, r3, #3
100032b0:	4018      	ands	r0, r3
100032b2:	421e      	tst	r6, r3
100032b4:	d100      	bne.n	100032b8 <_vsnprintf+0x484>
100032b6:	e11a      	b.n	100034ee <_vsnprintf+0x6ba>
100032b8:	230d      	movs	r3, #13
100032ba:	0031      	movs	r1, r6
100032bc:	4399      	bics	r1, r3
100032be:	2380      	movs	r3, #128	@ 0x80
100032c0:	000a      	movs	r2, r1
100032c2:	009b      	lsls	r3, r3, #2
100032c4:	401a      	ands	r2, r3
100032c6:	4691      	mov	r9, r2
100032c8:	4219      	tst	r1, r3
100032ca:	d000      	beq.n	100032ce <_vsnprintf+0x49a>
100032cc:	e1c3      	b.n	10003656 <_vsnprintf+0x822>
100032ce:	2380      	movs	r3, #128	@ 0x80
100032d0:	000a      	movs	r2, r1
100032d2:	005b      	lsls	r3, r3, #1
100032d4:	401a      	ands	r2, r3
100032d6:	4690      	mov	r8, r2
100032d8:	9a0c      	ldr	r2, [sp, #48]	@ 0x30
100032da:	3204      	adds	r2, #4
100032dc:	920f      	str	r2, [sp, #60]	@ 0x3c
100032de:	4219      	tst	r1, r3
100032e0:	d000      	beq.n	100032e4 <_vsnprintf+0x4b0>
100032e2:	e28f      	b.n	10003804 <_vsnprintf+0x9d0>
100032e4:	064b      	lsls	r3, r1, #25
100032e6:	d500      	bpl.n	100032ea <_vsnprintf+0x4b6>
100032e8:	e197      	b.n	1000361a <_vsnprintf+0x7e6>
100032ea:	060b      	lsls	r3, r1, #24
100032ec:	d400      	bmi.n	100032f0 <_vsnprintf+0x4bc>
100032ee:	e2e5      	b.n	100038bc <_vsnprintf+0xa88>
100032f0:	9b0c      	ldr	r3, [sp, #48]	@ 0x30
100032f2:	881b      	ldrh	r3, [r3, #0]
100032f4:	4699      	mov	r9, r3
100032f6:	464b      	mov	r3, r9
100032f8:	2b00      	cmp	r3, #0
100032fa:	d000      	beq.n	100032fe <_vsnprintf+0x4ca>
100032fc:	e205      	b.n	1000370a <_vsnprintf+0x8d6>
100032fe:	3310      	adds	r3, #16
10003300:	4399      	bics	r1, r3
10003302:	2800      	cmp	r0, #0
10003304:	d100      	bne.n	10003308 <_vsnprintf+0x4d4>
10003306:	e200      	b.n	1000370a <_vsnprintf+0x8d6>
10003308:	2300      	movs	r3, #0
1000330a:	4698      	mov	r8, r3
1000330c:	9b0d      	ldr	r3, [sp, #52]	@ 0x34
1000330e:	9106      	str	r1, [sp, #24]
10003310:	9304      	str	r3, [sp, #16]
10003312:	465b      	mov	r3, fp
10003314:	9303      	str	r3, [sp, #12]
10003316:	2300      	movs	r3, #0
10003318:	9505      	str	r5, [sp, #20]
1000331a:	9302      	str	r3, [sp, #8]
1000331c:	4643      	mov	r3, r8
1000331e:	e0d9      	b.n	100034d4 <_vsnprintf+0x6a0>
10003320:	2858      	cmp	r0, #88	@ 0x58
10003322:	d008      	beq.n	10003336 <_vsnprintf+0x502>
10003324:	2862      	cmp	r0, #98	@ 0x62
10003326:	d178      	bne.n	1000341a <_vsnprintf+0x5e6>
10003328:	2302      	movs	r3, #2
1000332a:	469c      	mov	ip, r3
1000332c:	2300      	movs	r3, #0
1000332e:	930f      	str	r3, [sp, #60]	@ 0x3c
10003330:	3302      	adds	r3, #2
10003332:	469b      	mov	fp, r3
10003334:	e7b9      	b.n	100032aa <_vsnprintf+0x476>
10003336:	2320      	movs	r3, #32
10003338:	431e      	orrs	r6, r3
1000333a:	3b10      	subs	r3, #16
1000333c:	469c      	mov	ip, r3
1000333e:	2300      	movs	r3, #0
10003340:	930f      	str	r3, [sp, #60]	@ 0x3c
10003342:	3310      	adds	r3, #16
10003344:	469b      	mov	fp, r3
10003346:	e7b0      	b.n	100032aa <_vsnprintf+0x476>
10003348:	2302      	movs	r3, #2
1000334a:	001a      	movs	r2, r3
1000334c:	4032      	ands	r2, r6
1000334e:	920c      	str	r2, [sp, #48]	@ 0x30
10003350:	4233      	tst	r3, r6
10003352:	d100      	bne.n	10003356 <_vsnprintf+0x522>
10003354:	e205      	b.n	10003762 <_vsnprintf+0x92e>
10003356:	930c      	str	r3, [sp, #48]	@ 0x30
10003358:	4643      	mov	r3, r8
1000335a:	46b9      	mov	r9, r7
1000335c:	9e0b      	ldr	r6, [sp, #44]	@ 0x2c
1000335e:	9f0a      	ldr	r7, [sp, #40]	@ 0x28
10003360:	46a8      	mov	r8, r5
10003362:	1b1d      	subs	r5, r3, r4
10003364:	0022      	movs	r2, r4
10003366:	4653      	mov	r3, sl
10003368:	0039      	movs	r1, r7
1000336a:	3401      	adds	r4, #1
1000336c:	47b0      	blx	r6
1000336e:	5d28      	ldrb	r0, [r5, r4]
10003370:	2800      	cmp	r0, #0
10003372:	d1f7      	bne.n	10003364 <_vsnprintf+0x530>
10003374:	4645      	mov	r5, r8
10003376:	464f      	mov	r7, r9
10003378:	e69e      	b.n	100030b8 <_vsnprintf+0x284>
1000337a:	2380      	movs	r3, #128	@ 0x80
1000337c:	011b      	lsls	r3, r3, #4
1000337e:	431e      	orrs	r6, r3
10003380:	2320      	movs	r3, #32
10003382:	431e      	orrs	r6, r3
10003384:	e6c7      	b.n	10003116 <_vsnprintf+0x2e2>
10003386:	4662      	mov	r2, ip
10003388:	920d      	str	r2, [sp, #52]	@ 0x34
1000338a:	4642      	mov	r2, r8
1000338c:	1a9b      	subs	r3, r3, r2
1000338e:	930f      	str	r3, [sp, #60]	@ 0x3c
10003390:	e66a      	b.n	10003068 <_vsnprintf+0x234>
10003392:	23c0      	movs	r3, #192	@ 0xc0
10003394:	009b      	lsls	r3, r3, #2
10003396:	78b8      	ldrb	r0, [r7, #2]
10003398:	431e      	orrs	r6, r3
1000339a:	1cf9      	adds	r1, r7, #3
1000339c:	e5b9      	b.n	10002f12 <_vsnprintf+0xde>
1000339e:	23c0      	movs	r3, #192	@ 0xc0
100033a0:	78b8      	ldrb	r0, [r7, #2]
100033a2:	431e      	orrs	r6, r3
100033a4:	1cf9      	adds	r1, r7, #3
100033a6:	e5b4      	b.n	10002f12 <_vsnprintf+0xde>
100033a8:	2d01      	cmp	r5, #1
100033aa:	d800      	bhi.n	100033ae <_vsnprintf+0x57a>
100033ac:	e14a      	b.n	10003644 <_vsnprintf+0x810>
100033ae:	1e63      	subs	r3, r4, #1
100033b0:	4699      	mov	r9, r3
100033b2:	44a9      	add	r9, r5
100033b4:	464b      	mov	r3, r9
100033b6:	4652      	mov	r2, sl
100033b8:	0026      	movs	r6, r4
100033ba:	46a1      	mov	r9, r4
100033bc:	46ba      	mov	sl, r7
100033be:	001c      	movs	r4, r3
100033c0:	0017      	movs	r7, r2
100033c2:	46a8      	mov	r8, r5
100033c4:	9d0b      	ldr	r5, [sp, #44]	@ 0x2c
100033c6:	0032      	movs	r2, r6
100033c8:	003b      	movs	r3, r7
100033ca:	3601      	adds	r6, #1
100033cc:	2020      	movs	r0, #32
100033ce:	990a      	ldr	r1, [sp, #40]	@ 0x28
100033d0:	47a8      	blx	r5
100033d2:	42a6      	cmp	r6, r4
100033d4:	d1f7      	bne.n	100033c6 <_vsnprintf+0x592>
100033d6:	003b      	movs	r3, r7
100033d8:	4657      	mov	r7, sl
100033da:	469a      	mov	sl, r3
100033dc:	464c      	mov	r4, r9
100033de:	9b0c      	ldr	r3, [sp, #48]	@ 0x30
100033e0:	0032      	movs	r2, r6
100033e2:	7818      	ldrb	r0, [r3, #0]
100033e4:	990a      	ldr	r1, [sp, #40]	@ 0x28
100033e6:	4653      	mov	r3, sl
100033e8:	9d0b      	ldr	r5, [sp, #44]	@ 0x2c
100033ea:	4444      	add	r4, r8
100033ec:	47a8      	blx	r5
100033ee:	e667      	b.n	100030c0 <_vsnprintf+0x28c>
100033f0:	46a0      	mov	r8, r4
100033f2:	9b0f      	ldr	r3, [sp, #60]	@ 0x3c
100033f4:	429d      	cmp	r5, r3
100033f6:	d800      	bhi.n	100033fa <_vsnprintf+0x5c6>
100033f8:	e662      	b.n	100030c0 <_vsnprintf+0x28c>
100033fa:	192c      	adds	r4, r5, r4
100033fc:	9e0b      	ldr	r6, [sp, #44]	@ 0x2c
100033fe:	4645      	mov	r5, r8
10003400:	46b8      	mov	r8, r7
10003402:	9f0a      	ldr	r7, [sp, #40]	@ 0x28
10003404:	1ae4      	subs	r4, r4, r3
10003406:	002a      	movs	r2, r5
10003408:	4653      	mov	r3, sl
1000340a:	3501      	adds	r5, #1
1000340c:	0039      	movs	r1, r7
1000340e:	2020      	movs	r0, #32
10003410:	47b0      	blx	r6
10003412:	42a5      	cmp	r5, r4
10003414:	d1f7      	bne.n	10003406 <_vsnprintf+0x5d2>
10003416:	4647      	mov	r7, r8
10003418:	e652      	b.n	100030c0 <_vsnprintf+0x28c>
1000341a:	2380      	movs	r3, #128	@ 0x80
1000341c:	0032      	movs	r2, r6
1000341e:	00db      	lsls	r3, r3, #3
10003420:	401a      	ands	r2, r3
10003422:	4690      	mov	r8, r2
10003424:	421e      	tst	r6, r3
10003426:	d100      	bne.n	1000342a <_vsnprintf+0x5f6>
10003428:	e0f3      	b.n	10003612 <_vsnprintf+0x7de>
1000342a:	2111      	movs	r1, #17
1000342c:	438e      	bics	r6, r1
1000342e:	46b4      	mov	ip, r6
10003430:	4698      	mov	r8, r3
10003432:	2380      	movs	r3, #128	@ 0x80
10003434:	4662      	mov	r2, ip
10003436:	009b      	lsls	r3, r3, #2
10003438:	401a      	ands	r2, r3
1000343a:	4693      	mov	fp, r2
1000343c:	4662      	mov	r2, ip
1000343e:	421a      	tst	r2, r3
10003440:	d159      	bne.n	100034f6 <_vsnprintf+0x6c2>
10003442:	2380      	movs	r3, #128	@ 0x80
10003444:	005b      	lsls	r3, r3, #1
10003446:	401a      	ands	r2, r3
10003448:	4691      	mov	r9, r2
1000344a:	9a0c      	ldr	r2, [sp, #48]	@ 0x30
1000344c:	3204      	adds	r2, #4
1000344e:	920f      	str	r2, [sp, #60]	@ 0x3c
10003450:	4662      	mov	r2, ip
10003452:	421a      	tst	r2, r3
10003454:	d000      	beq.n	10003458 <_vsnprintf+0x624>
10003456:	e1a0      	b.n	1000379a <_vsnprintf+0x966>
10003458:	4663      	mov	r3, ip
1000345a:	065b      	lsls	r3, r3, #25
1000345c:	d500      	bpl.n	10003460 <_vsnprintf+0x62c>
1000345e:	e0d4      	b.n	1000360a <_vsnprintf+0x7d6>
10003460:	4663      	mov	r3, ip
10003462:	061b      	lsls	r3, r3, #24
10003464:	d400      	bmi.n	10003468 <_vsnprintf+0x634>
10003466:	e212      	b.n	1000388e <_vsnprintf+0xa5a>
10003468:	9b0c      	ldr	r3, [sp, #48]	@ 0x30
1000346a:	2200      	movs	r2, #0
1000346c:	5e9b      	ldrsh	r3, [r3, r2]
1000346e:	17d8      	asrs	r0, r3, #31
10003470:	1819      	adds	r1, r3, r0
10003472:	4041      	eors	r1, r0
10003474:	b289      	uxth	r1, r1
10003476:	0fda      	lsrs	r2, r3, #31
10003478:	920c      	str	r2, [sp, #48]	@ 0x30
1000347a:	2b00      	cmp	r3, #0
1000347c:	d100      	bne.n	10003480 <_vsnprintf+0x64c>
1000347e:	e187      	b.n	10003790 <_vsnprintf+0x95c>
10003480:	4688      	mov	r8, r1
10003482:	261f      	movs	r6, #31
10003484:	ab12      	add	r3, sp, #72	@ 0x48
10003486:	46bb      	mov	fp, r7
10003488:	9514      	str	r5, [sp, #80]	@ 0x50
1000348a:	18f7      	adds	r7, r6, r3
1000348c:	4645      	mov	r5, r8
1000348e:	464e      	mov	r6, r9
10003490:	46e0      	mov	r8, ip
10003492:	46a1      	mov	r9, r4
10003494:	e006      	b.n	100034a4 <_vsnprintf+0x670>
10003496:	0028      	movs	r0, r5
10003498:	210a      	movs	r1, #10
1000349a:	f7fe fab1 	bl	10001a00 <__wrap___aeabi_uidiv>
1000349e:	0005      	movs	r5, r0
100034a0:	2e20      	cmp	r6, #32
100034a2:	d008      	beq.n	100034b6 <_vsnprintf+0x682>
100034a4:	210a      	movs	r1, #10
100034a6:	0028      	movs	r0, r5
100034a8:	f7fe faaa 	bl	10001a00 <__wrap___aeabi_uidiv>
100034ac:	3601      	adds	r6, #1
100034ae:	3130      	adds	r1, #48	@ 0x30
100034b0:	55b9      	strb	r1, [r7, r6]
100034b2:	2d09      	cmp	r5, #9
100034b4:	d8ef      	bhi.n	10003496 <_vsnprintf+0x662>
100034b6:	464c      	mov	r4, r9
100034b8:	46c4      	mov	ip, r8
100034ba:	46b1      	mov	r9, r6
100034bc:	465f      	mov	r7, fp
100034be:	9d14      	ldr	r5, [sp, #80]	@ 0x50
100034c0:	4663      	mov	r3, ip
100034c2:	9306      	str	r3, [sp, #24]
100034c4:	9b0d      	ldr	r3, [sp, #52]	@ 0x34
100034c6:	9505      	str	r5, [sp, #20]
100034c8:	9304      	str	r3, [sp, #16]
100034ca:	230a      	movs	r3, #10
100034cc:	9303      	str	r3, [sp, #12]
100034ce:	9b0c      	ldr	r3, [sp, #48]	@ 0x30
100034d0:	9302      	str	r3, [sp, #8]
100034d2:	464b      	mov	r3, r9
100034d4:	9301      	str	r3, [sp, #4]
100034d6:	ab1a      	add	r3, sp, #104	@ 0x68
100034d8:	0022      	movs	r2, r4
100034da:	9300      	str	r3, [sp, #0]
100034dc:	990a      	ldr	r1, [sp, #40]	@ 0x28
100034de:	4653      	mov	r3, sl
100034e0:	980b      	ldr	r0, [sp, #44]	@ 0x2c
100034e2:	f7fe fec1 	bl	10002268 <_ntoa_format>
100034e6:	9b0f      	ldr	r3, [sp, #60]	@ 0x3c
100034e8:	0004      	movs	r4, r0
100034ea:	930c      	str	r3, [sp, #48]	@ 0x30
100034ec:	e4c9      	b.n	10002e82 <_vsnprintf+0x4e>
100034ee:	230c      	movs	r3, #12
100034f0:	0031      	movs	r1, r6
100034f2:	4399      	bics	r1, r3
100034f4:	e6e3      	b.n	100032be <_vsnprintf+0x48a>
100034f6:	2208      	movs	r2, #8
100034f8:	2107      	movs	r1, #7
100034fa:	4691      	mov	r9, r2
100034fc:	9b0c      	ldr	r3, [sp, #48]	@ 0x30
100034fe:	3307      	adds	r3, #7
10003500:	438b      	bics	r3, r1
10003502:	4499      	add	r9, r3
10003504:	464a      	mov	r2, r9
10003506:	cb0a      	ldmia	r3, {r1, r3}
10003508:	0008      	movs	r0, r1
1000350a:	920c      	str	r2, [sp, #48]	@ 0x30
1000350c:	0fda      	lsrs	r2, r3, #31
1000350e:	4693      	mov	fp, r2
10003510:	4318      	orrs	r0, r3
10003512:	d000      	beq.n	10003516 <_vsnprintf+0x6e2>
10003514:	e085      	b.n	10003622 <_vsnprintf+0x7ee>
10003516:	2300      	movs	r3, #0
10003518:	4699      	mov	r9, r3
1000351a:	4643      	mov	r3, r8
1000351c:	2b00      	cmp	r3, #0
1000351e:	d12f      	bne.n	10003580 <_vsnprintf+0x74c>
10003520:	2200      	movs	r2, #0
10003522:	2300      	movs	r3, #0
10003524:	9210      	str	r2, [sp, #64]	@ 0x40
10003526:	9311      	str	r3, [sp, #68]	@ 0x44
10003528:	2300      	movs	r3, #0
1000352a:	261f      	movs	r6, #31
1000352c:	4699      	mov	r9, r3
1000352e:	ab12      	add	r3, sp, #72	@ 0x48
10003530:	18f6      	adds	r6, r6, r3
10003532:	465b      	mov	r3, fp
10003534:	9514      	str	r5, [sp, #80]	@ 0x50
10003536:	46bb      	mov	fp, r7
10003538:	46e0      	mov	r8, ip
1000353a:	0037      	movs	r7, r6
1000353c:	930f      	str	r3, [sp, #60]	@ 0x3c
1000353e:	464e      	mov	r6, r9
10003540:	46a1      	mov	r9, r4
10003542:	9c10      	ldr	r4, [sp, #64]	@ 0x40
10003544:	9d11      	ldr	r5, [sp, #68]	@ 0x44
10003546:	e005      	b.n	10003554 <_vsnprintf+0x720>
10003548:	100021bd 	.word	0x100021bd
1000354c:	0004      	movs	r4, r0
1000354e:	000d      	movs	r5, r1
10003550:	2e20      	cmp	r6, #32
10003552:	d00c      	beq.n	1000356e <_vsnprintf+0x73a>
10003554:	220a      	movs	r2, #10
10003556:	2300      	movs	r3, #0
10003558:	0020      	movs	r0, r4
1000355a:	0029      	movs	r1, r5
1000355c:	f7fe fa8e 	bl	10001a7c <__wrap___aeabi_uldivmod>
10003560:	3601      	adds	r6, #1
10003562:	3230      	adds	r2, #48	@ 0x30
10003564:	55ba      	strb	r2, [r7, r6]
10003566:	2d00      	cmp	r5, #0
10003568:	d1f0      	bne.n	1000354c <_vsnprintf+0x718>
1000356a:	2c09      	cmp	r4, #9
1000356c:	d8ee      	bhi.n	1000354c <_vsnprintf+0x718>
1000356e:	9b0f      	ldr	r3, [sp, #60]	@ 0x3c
10003570:	9410      	str	r4, [sp, #64]	@ 0x40
10003572:	9511      	str	r5, [sp, #68]	@ 0x44
10003574:	465f      	mov	r7, fp
10003576:	464c      	mov	r4, r9
10003578:	46c4      	mov	ip, r8
1000357a:	46b1      	mov	r9, r6
1000357c:	469b      	mov	fp, r3
1000357e:	9d14      	ldr	r5, [sp, #80]	@ 0x50
10003580:	4663      	mov	r3, ip
10003582:	9306      	str	r3, [sp, #24]
10003584:	9b0d      	ldr	r3, [sp, #52]	@ 0x34
10003586:	9505      	str	r5, [sp, #20]
10003588:	9304      	str	r3, [sp, #16]
1000358a:	230a      	movs	r3, #10
1000358c:	9303      	str	r3, [sp, #12]
1000358e:	465b      	mov	r3, fp
10003590:	9302      	str	r3, [sp, #8]
10003592:	464b      	mov	r3, r9
10003594:	9301      	str	r3, [sp, #4]
10003596:	ab1a      	add	r3, sp, #104	@ 0x68
10003598:	0022      	movs	r2, r4
1000359a:	9300      	str	r3, [sp, #0]
1000359c:	990a      	ldr	r1, [sp, #40]	@ 0x28
1000359e:	4653      	mov	r3, sl
100035a0:	980b      	ldr	r0, [sp, #44]	@ 0x2c
100035a2:	f7fe fe61 	bl	10002268 <_ntoa_format>
100035a6:	0004      	movs	r4, r0
100035a8:	e46b      	b.n	10002e82 <_vsnprintf+0x4e>
100035aa:	9b0f      	ldr	r3, [sp, #60]	@ 0x3c
100035ac:	429d      	cmp	r5, r3
100035ae:	d800      	bhi.n	100035b2 <_vsnprintf+0x77e>
100035b0:	e196      	b.n	100038e0 <_vsnprintf+0xaac>
100035b2:	2380      	movs	r3, #128	@ 0x80
100035b4:	00db      	lsls	r3, r3, #3
100035b6:	930c      	str	r3, [sp, #48]	@ 0x30
100035b8:	9b0f      	ldr	r3, [sp, #60]	@ 0x3c
100035ba:	192e      	adds	r6, r5, r4
100035bc:	1af6      	subs	r6, r6, r3
100035be:	4643      	mov	r3, r8
100035c0:	930f      	str	r3, [sp, #60]	@ 0x3c
100035c2:	9b0d      	ldr	r3, [sp, #52]	@ 0x34
100035c4:	46a8      	mov	r8, r5
100035c6:	4699      	mov	r9, r3
100035c8:	4653      	mov	r3, sl
100035ca:	46ba      	mov	sl, r7
100035cc:	001f      	movs	r7, r3
100035ce:	9d0b      	ldr	r5, [sp, #44]	@ 0x2c
100035d0:	0022      	movs	r2, r4
100035d2:	003b      	movs	r3, r7
100035d4:	3401      	adds	r4, #1
100035d6:	2020      	movs	r0, #32
100035d8:	990a      	ldr	r1, [sp, #40]	@ 0x28
100035da:	47a8      	blx	r5
100035dc:	42b4      	cmp	r4, r6
100035de:	d1f7      	bne.n	100035d0 <_vsnprintf+0x79c>
100035e0:	9b0f      	ldr	r3, [sp, #60]	@ 0x3c
100035e2:	4645      	mov	r5, r8
100035e4:	4698      	mov	r8, r3
100035e6:	464b      	mov	r3, r9
100035e8:	930d      	str	r3, [sp, #52]	@ 0x34
100035ea:	003b      	movs	r3, r7
100035ec:	4657      	mov	r7, sl
100035ee:	469a      	mov	sl, r3
100035f0:	4643      	mov	r3, r8
100035f2:	7818      	ldrb	r0, [r3, #0]
100035f4:	2800      	cmp	r0, #0
100035f6:	d100      	bne.n	100035fa <_vsnprintf+0x7c6>
100035f8:	e562      	b.n	100030c0 <_vsnprintf+0x28c>
100035fa:	1c6b      	adds	r3, r5, #1
100035fc:	930f      	str	r3, [sp, #60]	@ 0x3c
100035fe:	9b0c      	ldr	r3, [sp, #48]	@ 0x30
10003600:	2b00      	cmp	r3, #0
10003602:	d100      	bne.n	10003606 <_vsnprintf+0x7d2>
10003604:	e6a8      	b.n	10003358 <_vsnprintf+0x524>
10003606:	2300      	movs	r3, #0
10003608:	e53d      	b.n	10003086 <_vsnprintf+0x252>
1000360a:	9b0c      	ldr	r3, [sp, #48]	@ 0x30
1000360c:	781b      	ldrb	r3, [r3, #0]
1000360e:	0019      	movs	r1, r3
10003610:	e731      	b.n	10003476 <_vsnprintf+0x642>
10003612:	2310      	movs	r3, #16
10003614:	439e      	bics	r6, r3
10003616:	46b4      	mov	ip, r6
10003618:	e70b      	b.n	10003432 <_vsnprintf+0x5fe>
1000361a:	9b0c      	ldr	r3, [sp, #48]	@ 0x30
1000361c:	781b      	ldrb	r3, [r3, #0]
1000361e:	4699      	mov	r9, r3
10003620:	e669      	b.n	100032f6 <_vsnprintf+0x4c2>
10003622:	17da      	asrs	r2, r3, #31
10003624:	9212      	str	r2, [sp, #72]	@ 0x48
10003626:	9213      	str	r2, [sp, #76]	@ 0x4c
10003628:	404a      	eors	r2, r1
1000362a:	9210      	str	r2, [sp, #64]	@ 0x40
1000362c:	9812      	ldr	r0, [sp, #72]	@ 0x48
1000362e:	9913      	ldr	r1, [sp, #76]	@ 0x4c
10003630:	000a      	movs	r2, r1
10003632:	405a      	eors	r2, r3
10003634:	9211      	str	r2, [sp, #68]	@ 0x44
10003636:	9a10      	ldr	r2, [sp, #64]	@ 0x40
10003638:	9b11      	ldr	r3, [sp, #68]	@ 0x44
1000363a:	1a12      	subs	r2, r2, r0
1000363c:	418b      	sbcs	r3, r1
1000363e:	9210      	str	r2, [sp, #64]	@ 0x40
10003640:	9311      	str	r3, [sp, #68]	@ 0x44
10003642:	e771      	b.n	10003528 <_vsnprintf+0x6f4>
10003644:	9b0c      	ldr	r3, [sp, #48]	@ 0x30
10003646:	0022      	movs	r2, r4
10003648:	7818      	ldrb	r0, [r3, #0]
1000364a:	990a      	ldr	r1, [sp, #40]	@ 0x28
1000364c:	4653      	mov	r3, sl
1000364e:	9c0b      	ldr	r4, [sp, #44]	@ 0x2c
10003650:	47a0      	blx	r4
10003652:	4644      	mov	r4, r8
10003654:	e534      	b.n	100030c0 <_vsnprintf+0x28c>
10003656:	2208      	movs	r2, #8
10003658:	2607      	movs	r6, #7
1000365a:	4690      	mov	r8, r2
1000365c:	9b0c      	ldr	r3, [sp, #48]	@ 0x30
1000365e:	3307      	adds	r3, #7
10003660:	43b3      	bics	r3, r6
10003662:	4498      	add	r8, r3
10003664:	4642      	mov	r2, r8
10003666:	920c      	str	r2, [sp, #48]	@ 0x30
10003668:	681a      	ldr	r2, [r3, #0]
1000366a:	685b      	ldr	r3, [r3, #4]
1000366c:	9214      	str	r2, [sp, #80]	@ 0x50
1000366e:	9308      	str	r3, [sp, #32]
10003670:	0013      	movs	r3, r2
10003672:	9a08      	ldr	r2, [sp, #32]
10003674:	4313      	orrs	r3, r2
10003676:	d105      	bne.n	10003684 <_vsnprintf+0x850>
10003678:	3310      	adds	r3, #16
1000367a:	4399      	bics	r1, r3
1000367c:	2300      	movs	r3, #0
1000367e:	4698      	mov	r8, r3
10003680:	2800      	cmp	r0, #0
10003682:	d138      	bne.n	100036f6 <_vsnprintf+0x8c2>
10003684:	2061      	movs	r0, #97	@ 0x61
10003686:	068b      	lsls	r3, r1, #26
10003688:	d500      	bpl.n	1000368c <_vsnprintf+0x858>
1000368a:	2041      	movs	r0, #65	@ 0x41
1000368c:	2300      	movs	r3, #0
1000368e:	261f      	movs	r6, #31
10003690:	4698      	mov	r8, r3
10003692:	465a      	mov	r2, fp
10003694:	ab12      	add	r3, sp, #72	@ 0x48
10003696:	18f6      	adds	r6, r6, r3
10003698:	0003      	movs	r3, r0
1000369a:	9218      	str	r2, [sp, #96]	@ 0x60
1000369c:	9a0f      	ldr	r2, [sp, #60]	@ 0x3c
1000369e:	3b0a      	subs	r3, #10
100036a0:	46b1      	mov	r9, r6
100036a2:	9516      	str	r5, [sp, #88]	@ 0x58
100036a4:	9417      	str	r4, [sp, #92]	@ 0x5c
100036a6:	9719      	str	r7, [sp, #100]	@ 0x64
100036a8:	4644      	mov	r4, r8
100036aa:	4666      	mov	r6, ip
100036ac:	4690      	mov	r8, r2
100036ae:	469b      	mov	fp, r3
100036b0:	9f14      	ldr	r7, [sp, #80]	@ 0x50
100036b2:	9d08      	ldr	r5, [sp, #32]
100036b4:	9115      	str	r1, [sp, #84]	@ 0x54
100036b6:	e003      	b.n	100036c0 <_vsnprintf+0x88c>
100036b8:	0007      	movs	r7, r0
100036ba:	000d      	movs	r5, r1
100036bc:	2c20      	cmp	r4, #32
100036be:	d013      	beq.n	100036e8 <_vsnprintf+0x8b4>
100036c0:	0032      	movs	r2, r6
100036c2:	2300      	movs	r3, #0
100036c4:	0038      	movs	r0, r7
100036c6:	0029      	movs	r1, r5
100036c8:	f7fe f9d8 	bl	10001a7c <__wrap___aeabi_uldivmod>
100036cc:	465b      	mov	r3, fp
100036ce:	b2d2      	uxtb	r2, r2
100036d0:	18d3      	adds	r3, r2, r3
100036d2:	2a09      	cmp	r2, #9
100036d4:	d801      	bhi.n	100036da <_vsnprintf+0x8a6>
100036d6:	0013      	movs	r3, r2
100036d8:	3330      	adds	r3, #48	@ 0x30
100036da:	464a      	mov	r2, r9
100036dc:	3401      	adds	r4, #1
100036de:	5513      	strb	r3, [r2, r4]
100036e0:	45a8      	cmp	r8, r5
100036e2:	d1e9      	bne.n	100036b8 <_vsnprintf+0x884>
100036e4:	42be      	cmp	r6, r7
100036e6:	d9e7      	bls.n	100036b8 <_vsnprintf+0x884>
100036e8:	9b18      	ldr	r3, [sp, #96]	@ 0x60
100036ea:	46a0      	mov	r8, r4
100036ec:	469b      	mov	fp, r3
100036ee:	9915      	ldr	r1, [sp, #84]	@ 0x54
100036f0:	9d16      	ldr	r5, [sp, #88]	@ 0x58
100036f2:	9c17      	ldr	r4, [sp, #92]	@ 0x5c
100036f4:	9f19      	ldr	r7, [sp, #100]	@ 0x64
100036f6:	9b0d      	ldr	r3, [sp, #52]	@ 0x34
100036f8:	9106      	str	r1, [sp, #24]
100036fa:	9304      	str	r3, [sp, #16]
100036fc:	465b      	mov	r3, fp
100036fe:	9303      	str	r3, [sp, #12]
10003700:	2300      	movs	r3, #0
10003702:	9505      	str	r5, [sp, #20]
10003704:	9302      	str	r3, [sp, #8]
10003706:	4643      	mov	r3, r8
10003708:	e744      	b.n	10003594 <_vsnprintf+0x760>
1000370a:	2061      	movs	r0, #97	@ 0x61
1000370c:	068b      	lsls	r3, r1, #26
1000370e:	d500      	bpl.n	10003712 <_vsnprintf+0x8de>
10003710:	2041      	movs	r0, #65	@ 0x41
10003712:	261f      	movs	r6, #31
10003714:	ab12      	add	r3, sp, #72	@ 0x48
10003716:	18f2      	adds	r2, r6, r3
10003718:	0003      	movs	r3, r0
1000371a:	3b0a      	subs	r3, #10
1000371c:	930c      	str	r3, [sp, #48]	@ 0x30
1000371e:	464b      	mov	r3, r9
10003720:	4646      	mov	r6, r8
10003722:	46a1      	mov	r9, r4
10003724:	46a8      	mov	r8, r5
10003726:	001c      	movs	r4, r3
10003728:	465d      	mov	r5, fp
1000372a:	9114      	str	r1, [sp, #80]	@ 0x50
1000372c:	46bb      	mov	fp, r7
1000372e:	0017      	movs	r7, r2
10003730:	e002      	b.n	10003738 <_vsnprintf+0x904>
10003732:	0004      	movs	r4, r0
10003734:	2e20      	cmp	r6, #32
10003736:	d00d      	beq.n	10003754 <_vsnprintf+0x920>
10003738:	0029      	movs	r1, r5
1000373a:	0020      	movs	r0, r4
1000373c:	f7fe f960 	bl	10001a00 <__wrap___aeabi_uidiv>
10003740:	9b0c      	ldr	r3, [sp, #48]	@ 0x30
10003742:	18cb      	adds	r3, r1, r3
10003744:	2909      	cmp	r1, #9
10003746:	d801      	bhi.n	1000374c <_vsnprintf+0x918>
10003748:	000b      	movs	r3, r1
1000374a:	3330      	adds	r3, #48	@ 0x30
1000374c:	3601      	adds	r6, #1
1000374e:	55bb      	strb	r3, [r7, r6]
10003750:	42ac      	cmp	r4, r5
10003752:	d2ee      	bcs.n	10003732 <_vsnprintf+0x8fe>
10003754:	465f      	mov	r7, fp
10003756:	464c      	mov	r4, r9
10003758:	46ab      	mov	fp, r5
1000375a:	9914      	ldr	r1, [sp, #80]	@ 0x50
1000375c:	4645      	mov	r5, r8
1000375e:	46b0      	mov	r8, r6
10003760:	e5d4      	b.n	1000330c <_vsnprintf+0x4d8>
10003762:	9b0f      	ldr	r3, [sp, #60]	@ 0x3c
10003764:	429d      	cmp	r5, r3
10003766:	d900      	bls.n	1000376a <_vsnprintf+0x936>
10003768:	e726      	b.n	100035b8 <_vsnprintf+0x784>
1000376a:	3301      	adds	r3, #1
1000376c:	930f      	str	r3, [sp, #60]	@ 0x3c
1000376e:	e5f3      	b.n	10003358 <_vsnprintf+0x524>
10003770:	2310      	movs	r3, #16
10003772:	0032      	movs	r2, r6
10003774:	439a      	bics	r2, r3
10003776:	4694      	mov	ip, r2
10003778:	2869      	cmp	r0, #105	@ 0x69
1000377a:	d000      	beq.n	1000377e <_vsnprintf+0x94a>
1000377c:	e0a2      	b.n	100038c4 <_vsnprintf+0xa90>
1000377e:	2380      	movs	r3, #128	@ 0x80
10003780:	0032      	movs	r2, r6
10003782:	00db      	lsls	r3, r3, #3
10003784:	401a      	ands	r2, r3
10003786:	4690      	mov	r8, r2
10003788:	421e      	tst	r6, r3
1000378a:	d100      	bne.n	1000378e <_vsnprintf+0x95a>
1000378c:	e651      	b.n	10003432 <_vsnprintf+0x5fe>
1000378e:	e64c      	b.n	1000342a <_vsnprintf+0x5f6>
10003790:	4643      	mov	r3, r8
10003792:	2b00      	cmp	r3, #0
10003794:	d000      	beq.n	10003798 <_vsnprintf+0x964>
10003796:	e693      	b.n	100034c0 <_vsnprintf+0x68c>
10003798:	e673      	b.n	10003482 <_vsnprintf+0x64e>
1000379a:	9b0c      	ldr	r3, [sp, #48]	@ 0x30
1000379c:	681b      	ldr	r3, [r3, #0]
1000379e:	0fda      	lsrs	r2, r3, #31
100037a0:	2b00      	cmp	r3, #0
100037a2:	d070      	beq.n	10003886 <_vsnprintf+0xa52>
100037a4:	17d9      	asrs	r1, r3, #31
100037a6:	185b      	adds	r3, r3, r1
100037a8:	404b      	eors	r3, r1
100037aa:	4698      	mov	r8, r3
100037ac:	261f      	movs	r6, #31
100037ae:	ab12      	add	r3, sp, #72	@ 0x48
100037b0:	18f6      	adds	r6, r6, r3
100037b2:	46a1      	mov	r9, r4
100037b4:	9514      	str	r5, [sp, #80]	@ 0x50
100037b6:	465c      	mov	r4, fp
100037b8:	4645      	mov	r5, r8
100037ba:	46bb      	mov	fp, r7
100037bc:	46e0      	mov	r8, ip
100037be:	0037      	movs	r7, r6
100037c0:	920c      	str	r2, [sp, #48]	@ 0x30
100037c2:	e006      	b.n	100037d2 <_vsnprintf+0x99e>
100037c4:	0028      	movs	r0, r5
100037c6:	210a      	movs	r1, #10
100037c8:	f7fe f91a 	bl	10001a00 <__wrap___aeabi_uidiv>
100037cc:	0005      	movs	r5, r0
100037ce:	2c20      	cmp	r4, #32
100037d0:	d008      	beq.n	100037e4 <_vsnprintf+0x9b0>
100037d2:	210a      	movs	r1, #10
100037d4:	0028      	movs	r0, r5
100037d6:	f7fe f913 	bl	10001a00 <__wrap___aeabi_uidiv>
100037da:	3401      	adds	r4, #1
100037dc:	3130      	adds	r1, #48	@ 0x30
100037de:	5539      	strb	r1, [r7, r4]
100037e0:	2d09      	cmp	r5, #9
100037e2:	d8ef      	bhi.n	100037c4 <_vsnprintf+0x990>
100037e4:	465f      	mov	r7, fp
100037e6:	46c4      	mov	ip, r8
100037e8:	46a3      	mov	fp, r4
100037ea:	464c      	mov	r4, r9
100037ec:	9d14      	ldr	r5, [sp, #80]	@ 0x50
100037ee:	9a0c      	ldr	r2, [sp, #48]	@ 0x30
100037f0:	4663      	mov	r3, ip
100037f2:	9306      	str	r3, [sp, #24]
100037f4:	9b0d      	ldr	r3, [sp, #52]	@ 0x34
100037f6:	9505      	str	r5, [sp, #20]
100037f8:	9304      	str	r3, [sp, #16]
100037fa:	230a      	movs	r3, #10
100037fc:	9202      	str	r2, [sp, #8]
100037fe:	9303      	str	r3, [sp, #12]
10003800:	465b      	mov	r3, fp
10003802:	e667      	b.n	100034d4 <_vsnprintf+0x6a0>
10003804:	9b0c      	ldr	r3, [sp, #48]	@ 0x30
10003806:	681b      	ldr	r3, [r3, #0]
10003808:	4698      	mov	r8, r3
1000380a:	2b00      	cmp	r3, #0
1000380c:	d103      	bne.n	10003816 <_vsnprintf+0x9e2>
1000380e:	3310      	adds	r3, #16
10003810:	4399      	bics	r1, r3
10003812:	2800      	cmp	r0, #0
10003814:	d12d      	bne.n	10003872 <_vsnprintf+0xa3e>
10003816:	2061      	movs	r0, #97	@ 0x61
10003818:	068b      	lsls	r3, r1, #26
1000381a:	d500      	bpl.n	1000381e <_vsnprintf+0x9ea>
1000381c:	2041      	movs	r0, #65	@ 0x41
1000381e:	261f      	movs	r6, #31
10003820:	ab12      	add	r3, sp, #72	@ 0x48
10003822:	18f6      	adds	r6, r6, r3
10003824:	0003      	movs	r3, r0
10003826:	3b0a      	subs	r3, #10
10003828:	464a      	mov	r2, r9
1000382a:	930c      	str	r3, [sp, #48]	@ 0x30
1000382c:	9114      	str	r1, [sp, #80]	@ 0x50
1000382e:	4643      	mov	r3, r8
10003830:	0031      	movs	r1, r6
10003832:	46a8      	mov	r8, r5
10003834:	46a1      	mov	r9, r4
10003836:	465e      	mov	r6, fp
10003838:	0014      	movs	r4, r2
1000383a:	46bb      	mov	fp, r7
1000383c:	001d      	movs	r5, r3
1000383e:	000f      	movs	r7, r1
10003840:	e002      	b.n	10003848 <_vsnprintf+0xa14>
10003842:	0005      	movs	r5, r0
10003844:	2c20      	cmp	r4, #32
10003846:	d00d      	beq.n	10003864 <_vsnprintf+0xa30>
10003848:	0031      	movs	r1, r6
1000384a:	0028      	movs	r0, r5
1000384c:	f7fe f8d8 	bl	10001a00 <__wrap___aeabi_uidiv>
10003850:	9b0c      	ldr	r3, [sp, #48]	@ 0x30
10003852:	18cb      	adds	r3, r1, r3
10003854:	2909      	cmp	r1, #9
10003856:	d801      	bhi.n	1000385c <_vsnprintf+0xa28>
10003858:	000b      	movs	r3, r1
1000385a:	3330      	adds	r3, #48	@ 0x30
1000385c:	3401      	adds	r4, #1
1000385e:	553b      	strb	r3, [r7, r4]
10003860:	42b5      	cmp	r5, r6
10003862:	d2ee      	bcs.n	10003842 <_vsnprintf+0xa0e>
10003864:	0023      	movs	r3, r4
10003866:	465f      	mov	r7, fp
10003868:	464c      	mov	r4, r9
1000386a:	4645      	mov	r5, r8
1000386c:	46b3      	mov	fp, r6
1000386e:	4699      	mov	r9, r3
10003870:	9914      	ldr	r1, [sp, #80]	@ 0x50
10003872:	9b0d      	ldr	r3, [sp, #52]	@ 0x34
10003874:	9106      	str	r1, [sp, #24]
10003876:	9304      	str	r3, [sp, #16]
10003878:	465b      	mov	r3, fp
1000387a:	9303      	str	r3, [sp, #12]
1000387c:	2300      	movs	r3, #0
1000387e:	9505      	str	r5, [sp, #20]
10003880:	9302      	str	r3, [sp, #8]
10003882:	464b      	mov	r3, r9
10003884:	e626      	b.n	100034d4 <_vsnprintf+0x6a0>
10003886:	4643      	mov	r3, r8
10003888:	2b00      	cmp	r3, #0
1000388a:	d1b1      	bne.n	100037f0 <_vsnprintf+0x9bc>
1000388c:	e78e      	b.n	100037ac <_vsnprintf+0x978>
1000388e:	9b0c      	ldr	r3, [sp, #48]	@ 0x30
10003890:	681b      	ldr	r3, [r3, #0]
10003892:	17d8      	asrs	r0, r3, #31
10003894:	1819      	adds	r1, r3, r0
10003896:	4041      	eors	r1, r0
10003898:	e5ed      	b.n	10003476 <_vsnprintf+0x642>
1000389a:	2380      	movs	r3, #128	@ 0x80
1000389c:	0032      	movs	r2, r6
1000389e:	00db      	lsls	r3, r3, #3
100038a0:	401a      	ands	r2, r3
100038a2:	920f      	str	r2, [sp, #60]	@ 0x3c
100038a4:	421e      	tst	r6, r3
100038a6:	d00f      	beq.n	100038c8 <_vsnprintf+0xa94>
100038a8:	3002      	adds	r0, #2
100038aa:	0002      	movs	r2, r0
100038ac:	4032      	ands	r2, r6
100038ae:	920f      	str	r2, [sp, #60]	@ 0x3c
100038b0:	4230      	tst	r0, r6
100038b2:	d019      	beq.n	100038e8 <_vsnprintf+0xab4>
100038b4:	2300      	movs	r3, #0
100038b6:	46a0      	mov	r8, r4
100038b8:	930f      	str	r3, [sp, #60]	@ 0x3c
100038ba:	e59a      	b.n	100033f2 <_vsnprintf+0x5be>
100038bc:	9b0c      	ldr	r3, [sp, #48]	@ 0x30
100038be:	681b      	ldr	r3, [r3, #0]
100038c0:	4699      	mov	r9, r3
100038c2:	e518      	b.n	100032f6 <_vsnprintf+0x4c2>
100038c4:	0016      	movs	r6, r2
100038c6:	e49b      	b.n	10003200 <_vsnprintf+0x3cc>
100038c8:	2302      	movs	r3, #2
100038ca:	001a      	movs	r2, r3
100038cc:	4032      	ands	r2, r6
100038ce:	920c      	str	r2, [sp, #48]	@ 0x30
100038d0:	4233      	tst	r3, r6
100038d2:	d000      	beq.n	100038d6 <_vsnprintf+0xaa2>
100038d4:	e58c      	b.n	100033f0 <_vsnprintf+0x5bc>
100038d6:	2d00      	cmp	r5, #0
100038d8:	d000      	beq.n	100038dc <_vsnprintf+0xaa8>
100038da:	e66d      	b.n	100035b8 <_vsnprintf+0x784>
100038dc:	f7ff fbf0 	bl	100030c0 <_vsnprintf+0x28c>
100038e0:	3301      	adds	r3, #1
100038e2:	930f      	str	r3, [sp, #60]	@ 0x3c
100038e4:	f7ff fbd0 	bl	10003088 <_vsnprintf+0x254>
100038e8:	930c      	str	r3, [sp, #48]	@ 0x30
100038ea:	e7f4      	b.n	100038d6 <_vsnprintf+0xaa2>

100038ec <vfctprintf>:
100038ec:	b500      	push	{lr}
100038ee:	b085      	sub	sp, #20
100038f0:	9103      	str	r1, [sp, #12]
100038f2:	2101      	movs	r1, #1
100038f4:	9002      	str	r0, [sp, #8]
100038f6:	9300      	str	r3, [sp, #0]
100038f8:	4803      	ldr	r0, [pc, #12]	@ (10003908 <vfctprintf+0x1c>)
100038fa:	0013      	movs	r3, r2
100038fc:	424a      	negs	r2, r1
100038fe:	a902      	add	r1, sp, #8
10003900:	f7ff fa98 	bl	10002e34 <_vsnprintf>
10003904:	b005      	add	sp, #20
10003906:	bd00      	pop	{pc}
10003908:	10002451 	.word	0x10002451

1000390c <weak_raw_vprintf>:
1000390c:	b510      	push	{r4, lr}
1000390e:	4a09      	ldr	r2, [pc, #36]	@ (10003934 <weak_raw_vprintf+0x28>)
10003910:	0003      	movs	r3, r0
10003912:	6814      	ldr	r4, [r2, #0]
10003914:	b084      	sub	sp, #16
10003916:	2c00      	cmp	r4, #0
10003918:	d008      	beq.n	1000392c <weak_raw_vprintf+0x20>
1000391a:	2201      	movs	r2, #1
1000391c:	9100      	str	r1, [sp, #0]
1000391e:	4806      	ldr	r0, [pc, #24]	@ (10003938 <weak_raw_vprintf+0x2c>)
10003920:	4252      	negs	r2, r2
10003922:	a903      	add	r1, sp, #12
10003924:	47a0      	blx	r4
10003926:	2001      	movs	r0, #1
10003928:	b004      	add	sp, #16
1000392a:	bd10      	pop	{r4, pc}
1000392c:	f000 f980 	bl	10003c30 <__wrap_puts>
10003930:	2000      	movs	r0, #0
10003932:	e7f9      	b.n	10003928 <weak_raw_vprintf+0x1c>
10003934:	20001b00 	.word	0x20001b00
10003938:	10002441 	.word	0x10002441

1000393c <_exit>:
1000393c:	be00      	bkpt	0x0000
1000393e:	e7fd      	b.n	1000393c <_exit>

10003940 <_fini>:
10003940:	4770      	bx	lr
10003942:	46c0      	nop			@ (mov r8, r8)

10003944 <exit>:
10003944:	b510      	push	{r4, lr}
10003946:	f7ff fff9 	bl	1000393c <_exit>
1000394a:	46c0      	nop			@ (mov r8, r8)

1000394c <runtime_init>:
1000394c:	b570      	push	{r4, r5, r6, lr}
1000394e:	f7fd ff0b 	bl	10001768 <runtime_run_initializers>
10003952:	4d07      	ldr	r5, [pc, #28]	@ (10003970 <runtime_init+0x24>)
10003954:	4e07      	ldr	r6, [pc, #28]	@ (10003974 <runtime_init+0x28>)
10003956:	42b5      	cmp	r5, r6
10003958:	d209      	bcs.n	1000396e <runtime_init+0x22>
1000395a:	2400      	movs	r4, #0
1000395c:	3e01      	subs	r6, #1
1000395e:	1b76      	subs	r6, r6, r5
10003960:	08b6      	lsrs	r6, r6, #2
10003962:	3601      	adds	r6, #1
10003964:	cd08      	ldmia	r5!, {r3}
10003966:	3401      	adds	r4, #1
10003968:	4798      	blx	r3
1000396a:	42b4      	cmp	r4, r6
1000396c:	d1fa      	bne.n	10003964 <runtime_init+0x18>
1000396e:	bd70      	pop	{r4, r5, r6, pc}
10003970:	100063ec 	.word	0x100063ec
10003974:	100063f0 	.word	0x100063f0

10003978 <stdio_out_chars_no_crlf>:
10003978:	0003      	movs	r3, r0
1000397a:	b510      	push	{r4, lr}
1000397c:	0008      	movs	r0, r1
1000397e:	0011      	movs	r1, r2
10003980:	681b      	ldr	r3, [r3, #0]
10003982:	4798      	blx	r3
10003984:	bd10      	pop	{r4, pc}
10003986:	46c0      	nop			@ (mov r8, r8)

10003988 <stdio_out_chars_crlf>:
10003988:	b5f8      	push	{r3, r4, r5, r6, r7, lr}
1000398a:	7d43      	ldrb	r3, [r0, #21]
1000398c:	0007      	movs	r7, r0
1000398e:	000d      	movs	r5, r1
10003990:	0016      	movs	r6, r2
10003992:	2b00      	cmp	r3, #0
10003994:	d038      	beq.n	10003a08 <stdio_out_chars_crlf+0x80>
10003996:	2a00      	cmp	r2, #0
10003998:	dd1a      	ble.n	100039d0 <stdio_out_chars_crlf+0x48>
1000399a:	780b      	ldrb	r3, [r1, #0]
1000399c:	2b0a      	cmp	r3, #10
1000399e:	d018      	beq.n	100039d2 <stdio_out_chars_crlf+0x4a>
100039a0:	2000      	movs	r0, #0
100039a2:	2e01      	cmp	r6, #1
100039a4:	d009      	beq.n	100039ba <stdio_out_chars_crlf+0x32>
100039a6:	2401      	movs	r4, #1
100039a8:	0021      	movs	r1, r4
100039aa:	5c6b      	ldrb	r3, [r5, r1]
100039ac:	3401      	adds	r4, #1
100039ae:	2b0a      	cmp	r3, #10
100039b0:	d01a      	beq.n	100039e8 <stdio_out_chars_crlf+0x60>
100039b2:	42b4      	cmp	r4, r6
100039b4:	d1f8      	bne.n	100039a8 <stdio_out_chars_crlf+0x20>
100039b6:	4286      	cmp	r6, r0
100039b8:	dd03      	ble.n	100039c2 <stdio_out_chars_crlf+0x3a>
100039ba:	1a31      	subs	r1, r6, r0
100039bc:	683b      	ldr	r3, [r7, #0]
100039be:	1828      	adds	r0, r5, r0
100039c0:	4798      	blx	r3
100039c2:	19ad      	adds	r5, r5, r6
100039c4:	3d01      	subs	r5, #1
100039c6:	782b      	ldrb	r3, [r5, #0]
100039c8:	3b0d      	subs	r3, #13
100039ca:	425a      	negs	r2, r3
100039cc:	4153      	adcs	r3, r2
100039ce:	753b      	strb	r3, [r7, #20]
100039d0:	bdf8      	pop	{r3, r4, r5, r6, r7, pc}
100039d2:	7d03      	ldrb	r3, [r0, #20]
100039d4:	2b00      	cmp	r3, #0
100039d6:	d1e3      	bne.n	100039a0 <stdio_out_chars_crlf+0x18>
100039d8:	2102      	movs	r1, #2
100039da:	480e      	ldr	r0, [pc, #56]	@ (10003a14 <stdio_out_chars_crlf+0x8c>)
100039dc:	683b      	ldr	r3, [r7, #0]
100039de:	4798      	blx	r3
100039e0:	2e01      	cmp	r6, #1
100039e2:	d0ee      	beq.n	100039c2 <stdio_out_chars_crlf+0x3a>
100039e4:	2001      	movs	r0, #1
100039e6:	e7de      	b.n	100039a6 <stdio_out_chars_crlf+0x1e>
100039e8:	1e6b      	subs	r3, r5, #1
100039ea:	5c5b      	ldrb	r3, [r3, r1]
100039ec:	2b0d      	cmp	r3, #13
100039ee:	d0e0      	beq.n	100039b2 <stdio_out_chars_crlf+0x2a>
100039f0:	4288      	cmp	r0, r1
100039f2:	da03      	bge.n	100039fc <stdio_out_chars_crlf+0x74>
100039f4:	1a09      	subs	r1, r1, r0
100039f6:	683b      	ldr	r3, [r7, #0]
100039f8:	1828      	adds	r0, r5, r0
100039fa:	4798      	blx	r3
100039fc:	4805      	ldr	r0, [pc, #20]	@ (10003a14 <stdio_out_chars_crlf+0x8c>)
100039fe:	2102      	movs	r1, #2
10003a00:	683b      	ldr	r3, [r7, #0]
10003a02:	4798      	blx	r3
10003a04:	0020      	movs	r0, r4
10003a06:	e7d4      	b.n	100039b2 <stdio_out_chars_crlf+0x2a>
10003a08:	6803      	ldr	r3, [r0, #0]
10003a0a:	0011      	movs	r1, r2
10003a0c:	0028      	movs	r0, r5
10003a0e:	4798      	blx	r3
10003a10:	e7de      	b.n	100039d0 <stdio_out_chars_crlf+0x48>
10003a12:	46c0      	nop			@ (mov r8, r8)
10003a14:	100068d8 	.word	0x100068d8

10003a18 <stdio_buffered_printer>:
10003a18:	b5f8      	push	{r3, r4, r5, r6, r7, lr}
10003a1a:	680b      	ldr	r3, [r1, #0]
10003a1c:	000d      	movs	r5, r1
10003a1e:	1c5a      	adds	r2, r3, #1
10003a20:	18cb      	adds	r3, r1, r3
10003a22:	600a      	str	r2, [r1, #0]
10003a24:	7118      	strb	r0, [r3, #4]
10003a26:	2a80      	cmp	r2, #128	@ 0x80
10003a28:	d000      	beq.n	10003a2c <stdio_buffered_printer+0x14>
10003a2a:	bdf8      	pop	{r3, r4, r5, r6, r7, pc}
10003a2c:	4b0e      	ldr	r3, [pc, #56]	@ (10003a68 <stdio_buffered_printer+0x50>)
10003a2e:	681c      	ldr	r4, [r3, #0]
10003a30:	2c00      	cmp	r4, #0
10003a32:	d015      	beq.n	10003a60 <stdio_buffered_printer+0x48>
10003a34:	4e0d      	ldr	r6, [pc, #52]	@ (10003a6c <stdio_buffered_printer+0x54>)
10003a36:	1d0f      	adds	r7, r1, #4
10003a38:	e002      	b.n	10003a40 <stdio_buffered_printer+0x28>
10003a3a:	6924      	ldr	r4, [r4, #16]
10003a3c:	2c00      	cmp	r4, #0
10003a3e:	d00f      	beq.n	10003a60 <stdio_buffered_printer+0x48>
10003a40:	6823      	ldr	r3, [r4, #0]
10003a42:	2b00      	cmp	r3, #0
10003a44:	d0f9      	beq.n	10003a3a <stdio_buffered_printer+0x22>
10003a46:	6833      	ldr	r3, [r6, #0]
10003a48:	2b00      	cmp	r3, #0
10003a4a:	d001      	beq.n	10003a50 <stdio_buffered_printer+0x38>
10003a4c:	42a3      	cmp	r3, r4
10003a4e:	d1f4      	bne.n	10003a3a <stdio_buffered_printer+0x22>
10003a50:	0020      	movs	r0, r4
10003a52:	0039      	movs	r1, r7
10003a54:	682a      	ldr	r2, [r5, #0]
10003a56:	f7ff ff97 	bl	10003988 <stdio_out_chars_crlf>
10003a5a:	6924      	ldr	r4, [r4, #16]
10003a5c:	2c00      	cmp	r4, #0
10003a5e:	d1ef      	bne.n	10003a40 <stdio_buffered_printer+0x28>
10003a60:	2300      	movs	r3, #0
10003a62:	602b      	str	r3, [r5, #0]
10003a64:	e7e1      	b.n	10003a2a <stdio_buffered_printer+0x12>
10003a66:	46c0      	nop			@ (mov r8, r8)
10003a68:	200016f4 	.word	0x200016f4
10003a6c:	200016fc 	.word	0x200016fc

10003a70 <stdio_put_string>:
10003a70:	b5f0      	push	{r4, r5, r6, r7, lr}
10003a72:	4646      	mov	r6, r8
10003a74:	46d6      	mov	lr, sl
10003a76:	464f      	mov	r7, r9
10003a78:	b5c0      	push	{r6, r7, lr}
10003a7a:	b082      	sub	sp, #8
10003a7c:	4690      	mov	r8, r2
10003a7e:	001c      	movs	r4, r3
10003a80:	0006      	movs	r6, r0
10003a82:	000d      	movs	r5, r1
10003a84:	f7fd fc5c 	bl	10001340 <time_us_64>
10003a88:	2300      	movs	r3, #0
10003a8a:	4a2f      	ldr	r2, [pc, #188]	@ (10003b48 <stdio_put_string+0xd8>)
10003a8c:	1812      	adds	r2, r2, r0
10003a8e:	414b      	adcs	r3, r1
10003a90:	2b00      	cmp	r3, #0
10003a92:	da02      	bge.n	10003a9a <stdio_put_string+0x2a>
10003a94:	2201      	movs	r2, #1
10003a96:	4b2d      	ldr	r3, [pc, #180]	@ (10003b4c <stdio_put_string+0xdc>)
10003a98:	4252      	negs	r2, r2
10003a9a:	492d      	ldr	r1, [pc, #180]	@ (10003b50 <stdio_put_string+0xe0>)
10003a9c:	0008      	movs	r0, r1
10003a9e:	468a      	mov	sl, r1
10003aa0:	f002 fc6e 	bl	10006380 <__mutex_try_enter_block_until_veneer>
10003aa4:	4681      	mov	r9, r0
10003aa6:	1c6b      	adds	r3, r5, #1
10003aa8:	d103      	bne.n	10003ab2 <stdio_put_string+0x42>
10003aaa:	0030      	movs	r0, r6
10003aac:	f002 fbf0 	bl	10006290 <strlen>
10003ab0:	0005      	movs	r5, r0
10003ab2:	2c00      	cmp	r4, #0
10003ab4:	d027      	beq.n	10003b06 <stdio_put_string+0x96>
10003ab6:	4f27      	ldr	r7, [pc, #156]	@ (10003b54 <stdio_put_string+0xe4>)
10003ab8:	4b27      	ldr	r3, [pc, #156]	@ (10003b58 <stdio_put_string+0xe8>)
10003aba:	681c      	ldr	r4, [r3, #0]
10003abc:	2c00      	cmp	r4, #0
10003abe:	d018      	beq.n	10003af2 <stdio_put_string+0x82>
10003ac0:	4643      	mov	r3, r8
10003ac2:	2b00      	cmp	r3, #0
10003ac4:	d121      	bne.n	10003b0a <stdio_put_string+0x9a>
10003ac6:	4b25      	ldr	r3, [pc, #148]	@ (10003b5c <stdio_put_string+0xec>)
10003ac8:	4698      	mov	r8, r3
10003aca:	e002      	b.n	10003ad2 <stdio_put_string+0x62>
10003acc:	6924      	ldr	r4, [r4, #16]
10003ace:	2c00      	cmp	r4, #0
10003ad0:	d00f      	beq.n	10003af2 <stdio_put_string+0x82>
10003ad2:	6823      	ldr	r3, [r4, #0]
10003ad4:	2b00      	cmp	r3, #0
10003ad6:	d0f9      	beq.n	10003acc <stdio_put_string+0x5c>
10003ad8:	4643      	mov	r3, r8
10003ada:	681b      	ldr	r3, [r3, #0]
10003adc:	2b00      	cmp	r3, #0
10003ade:	d001      	beq.n	10003ae4 <stdio_put_string+0x74>
10003ae0:	429c      	cmp	r4, r3
10003ae2:	d1f3      	bne.n	10003acc <stdio_put_string+0x5c>
10003ae4:	0020      	movs	r0, r4
10003ae6:	002a      	movs	r2, r5
10003ae8:	0031      	movs	r1, r6
10003aea:	47b8      	blx	r7
10003aec:	6924      	ldr	r4, [r4, #16]
10003aee:	2c00      	cmp	r4, #0
10003af0:	d1ef      	bne.n	10003ad2 <stdio_put_string+0x62>
10003af2:	464b      	mov	r3, r9
10003af4:	2b00      	cmp	r3, #0
10003af6:	d123      	bne.n	10003b40 <stdio_put_string+0xd0>
10003af8:	0028      	movs	r0, r5
10003afa:	b002      	add	sp, #8
10003afc:	bce0      	pop	{r5, r6, r7}
10003afe:	46ba      	mov	sl, r7
10003b00:	46b1      	mov	r9, r6
10003b02:	46a8      	mov	r8, r5
10003b04:	bdf0      	pop	{r4, r5, r6, r7, pc}
10003b06:	4f16      	ldr	r7, [pc, #88]	@ (10003b60 <stdio_put_string+0xf0>)
10003b08:	e7d6      	b.n	10003ab8 <stdio_put_string+0x48>
10003b0a:	4b14      	ldr	r3, [pc, #80]	@ (10003b5c <stdio_put_string+0xec>)
10003b0c:	4698      	mov	r8, r3
10003b0e:	e002      	b.n	10003b16 <stdio_put_string+0xa6>
10003b10:	6924      	ldr	r4, [r4, #16]
10003b12:	2c00      	cmp	r4, #0
10003b14:	d0ed      	beq.n	10003af2 <stdio_put_string+0x82>
10003b16:	6823      	ldr	r3, [r4, #0]
10003b18:	2b00      	cmp	r3, #0
10003b1a:	d0f9      	beq.n	10003b10 <stdio_put_string+0xa0>
10003b1c:	4643      	mov	r3, r8
10003b1e:	681b      	ldr	r3, [r3, #0]
10003b20:	2b00      	cmp	r3, #0
10003b22:	d001      	beq.n	10003b28 <stdio_put_string+0xb8>
10003b24:	42a3      	cmp	r3, r4
10003b26:	d1f3      	bne.n	10003b10 <stdio_put_string+0xa0>
10003b28:	002a      	movs	r2, r5
10003b2a:	0031      	movs	r1, r6
10003b2c:	0020      	movs	r0, r4
10003b2e:	47b8      	blx	r7
10003b30:	466b      	mov	r3, sp
10003b32:	220a      	movs	r2, #10
10003b34:	0020      	movs	r0, r4
10003b36:	71da      	strb	r2, [r3, #7]
10003b38:	1dd9      	adds	r1, r3, #7
10003b3a:	3a09      	subs	r2, #9
10003b3c:	47b8      	blx	r7
10003b3e:	e7e7      	b.n	10003b10 <stdio_put_string+0xa0>
10003b40:	4650      	mov	r0, sl
10003b42:	f002 fbfd 	bl	10006340 <__mutex_exit_veneer>
10003b46:	e7d7      	b.n	10003af8 <stdio_put_string+0x88>
10003b48:	000f4240 	.word	0x000f4240
10003b4c:	7fffffff 	.word	0x7fffffff
10003b50:	20001038 	.word	0x20001038
10003b54:	10003989 	.word	0x10003989
10003b58:	200016f4 	.word	0x200016f4
10003b5c:	200016fc 	.word	0x200016fc
10003b60:	10003979 	.word	0x10003979

10003b64 <stdio_set_driver_enabled>:
10003b64:	4a0a      	ldr	r2, [pc, #40]	@ (10003b90 <stdio_set_driver_enabled+0x2c>)
10003b66:	6813      	ldr	r3, [r2, #0]
10003b68:	2b00      	cmp	r3, #0
10003b6a:	d105      	bne.n	10003b78 <stdio_set_driver_enabled+0x14>
10003b6c:	e00c      	b.n	10003b88 <stdio_set_driver_enabled+0x24>
10003b6e:	001a      	movs	r2, r3
10003b70:	691b      	ldr	r3, [r3, #16]
10003b72:	3210      	adds	r2, #16
10003b74:	2b00      	cmp	r3, #0
10003b76:	d007      	beq.n	10003b88 <stdio_set_driver_enabled+0x24>
10003b78:	4283      	cmp	r3, r0
10003b7a:	d1f8      	bne.n	10003b6e <stdio_set_driver_enabled+0xa>
10003b7c:	2900      	cmp	r1, #0
10003b7e:	d102      	bne.n	10003b86 <stdio_set_driver_enabled+0x22>
10003b80:	6918      	ldr	r0, [r3, #16]
10003b82:	6010      	str	r0, [r2, #0]
10003b84:	6119      	str	r1, [r3, #16]
10003b86:	4770      	bx	lr
10003b88:	2900      	cmp	r1, #0
10003b8a:	d0fc      	beq.n	10003b86 <stdio_set_driver_enabled+0x22>
10003b8c:	6010      	str	r0, [r2, #0]
10003b8e:	e7fa      	b.n	10003b86 <stdio_set_driver_enabled+0x22>
10003b90:	200016f4 	.word	0x200016f4

10003b94 <stdio_init_all>:
10003b94:	b510      	push	{r4, lr}
10003b96:	f000 fa67 	bl	10004068 <stdio_usb_init>
10003b9a:	bd10      	pop	{r4, pc}

10003b9c <__wrap_putchar>:
10003b9c:	b5f0      	push	{r4, r5, r6, r7, lr}
10003b9e:	46ce      	mov	lr, r9
10003ba0:	4647      	mov	r7, r8
10003ba2:	b580      	push	{r7, lr}
10003ba4:	b083      	sub	sp, #12
10003ba6:	466b      	mov	r3, sp
10003ba8:	0006      	movs	r6, r0
10003baa:	1ddd      	adds	r5, r3, #7
10003bac:	7028      	strb	r0, [r5, #0]
10003bae:	f7fd fbc7 	bl	10001340 <time_us_64>
10003bb2:	2300      	movs	r3, #0
10003bb4:	4a19      	ldr	r2, [pc, #100]	@ (10003c1c <__wrap_putchar+0x80>)
10003bb6:	1812      	adds	r2, r2, r0
10003bb8:	414b      	adcs	r3, r1
10003bba:	2b00      	cmp	r3, #0
10003bbc:	da02      	bge.n	10003bc4 <__wrap_putchar+0x28>
10003bbe:	2201      	movs	r2, #1
10003bc0:	4b17      	ldr	r3, [pc, #92]	@ (10003c20 <__wrap_putchar+0x84>)
10003bc2:	4252      	negs	r2, r2
10003bc4:	4917      	ldr	r1, [pc, #92]	@ (10003c24 <__wrap_putchar+0x88>)
10003bc6:	0008      	movs	r0, r1
10003bc8:	4689      	mov	r9, r1
10003bca:	f002 fbd9 	bl	10006380 <__mutex_try_enter_block_until_veneer>
10003bce:	4b16      	ldr	r3, [pc, #88]	@ (10003c28 <__wrap_putchar+0x8c>)
10003bd0:	4680      	mov	r8, r0
10003bd2:	681c      	ldr	r4, [r3, #0]
10003bd4:	2c00      	cmp	r4, #0
10003bd6:	d014      	beq.n	10003c02 <__wrap_putchar+0x66>
10003bd8:	4f14      	ldr	r7, [pc, #80]	@ (10003c2c <__wrap_putchar+0x90>)
10003bda:	e002      	b.n	10003be2 <__wrap_putchar+0x46>
10003bdc:	6924      	ldr	r4, [r4, #16]
10003bde:	2c00      	cmp	r4, #0
10003be0:	d00f      	beq.n	10003c02 <__wrap_putchar+0x66>
10003be2:	6823      	ldr	r3, [r4, #0]
10003be4:	2b00      	cmp	r3, #0
10003be6:	d0f9      	beq.n	10003bdc <__wrap_putchar+0x40>
10003be8:	683b      	ldr	r3, [r7, #0]
10003bea:	2b00      	cmp	r3, #0
10003bec:	d001      	beq.n	10003bf2 <__wrap_putchar+0x56>
10003bee:	429c      	cmp	r4, r3
10003bf0:	d1f4      	bne.n	10003bdc <__wrap_putchar+0x40>
10003bf2:	0020      	movs	r0, r4
10003bf4:	2201      	movs	r2, #1
10003bf6:	0029      	movs	r1, r5
10003bf8:	f7ff fec6 	bl	10003988 <stdio_out_chars_crlf>
10003bfc:	6924      	ldr	r4, [r4, #16]
10003bfe:	2c00      	cmp	r4, #0
10003c00:	d1ef      	bne.n	10003be2 <__wrap_putchar+0x46>
10003c02:	4643      	mov	r3, r8
10003c04:	2b00      	cmp	r3, #0
10003c06:	d105      	bne.n	10003c14 <__wrap_putchar+0x78>
10003c08:	0030      	movs	r0, r6
10003c0a:	b003      	add	sp, #12
10003c0c:	bcc0      	pop	{r6, r7}
10003c0e:	46b9      	mov	r9, r7
10003c10:	46b0      	mov	r8, r6
10003c12:	bdf0      	pop	{r4, r5, r6, r7, pc}
10003c14:	4648      	mov	r0, r9
10003c16:	f002 fb93 	bl	10006340 <__mutex_exit_veneer>
10003c1a:	e7f5      	b.n	10003c08 <__wrap_putchar+0x6c>
10003c1c:	000f4240 	.word	0x000f4240
10003c20:	7fffffff 	.word	0x7fffffff
10003c24:	20001038 	.word	0x20001038
10003c28:	200016f4 	.word	0x200016f4
10003c2c:	200016fc 	.word	0x200016fc

10003c30 <__wrap_puts>:
10003c30:	b570      	push	{r4, r5, r6, lr}
10003c32:	0004      	movs	r4, r0
10003c34:	f002 fb2c 	bl	10006290 <strlen>
10003c38:	2301      	movs	r3, #1
10003c3a:	0001      	movs	r1, r0
10003c3c:	0005      	movs	r5, r0
10003c3e:	2201      	movs	r2, #1
10003c40:	0020      	movs	r0, r4
10003c42:	f7ff ff15 	bl	10003a70 <stdio_put_string>
10003c46:	4b08      	ldr	r3, [pc, #32]	@ (10003c68 <__wrap_puts+0x38>)
10003c48:	681c      	ldr	r4, [r3, #0]
10003c4a:	2c00      	cmp	r4, #0
10003c4c:	d006      	beq.n	10003c5c <__wrap_puts+0x2c>
10003c4e:	6863      	ldr	r3, [r4, #4]
10003c50:	2b00      	cmp	r3, #0
10003c52:	d005      	beq.n	10003c60 <__wrap_puts+0x30>
10003c54:	4798      	blx	r3
10003c56:	6924      	ldr	r4, [r4, #16]
10003c58:	2c00      	cmp	r4, #0
10003c5a:	d1f8      	bne.n	10003c4e <__wrap_puts+0x1e>
10003c5c:	0028      	movs	r0, r5
10003c5e:	bd70      	pop	{r4, r5, r6, pc}
10003c60:	6924      	ldr	r4, [r4, #16]
10003c62:	2c00      	cmp	r4, #0
10003c64:	d1f3      	bne.n	10003c4e <__wrap_puts+0x1e>
10003c66:	e7f9      	b.n	10003c5c <__wrap_puts+0x2c>
10003c68:	200016f4 	.word	0x200016f4

10003c6c <__wrap_vprintf>:
10003c6c:	b5f0      	push	{r4, r5, r6, r7, lr}
10003c6e:	46ce      	mov	lr, r9
10003c70:	4647      	mov	r7, r8
10003c72:	b580      	push	{r7, lr}
10003c74:	b0a3      	sub	sp, #140	@ 0x8c
10003c76:	0004      	movs	r4, r0
10003c78:	000e      	movs	r6, r1
10003c7a:	f7fd fb61 	bl	10001340 <time_us_64>
10003c7e:	2300      	movs	r3, #0
10003c80:	4a26      	ldr	r2, [pc, #152]	@ (10003d1c <__wrap_vprintf+0xb0>)
10003c82:	1812      	adds	r2, r2, r0
10003c84:	414b      	adcs	r3, r1
10003c86:	2b00      	cmp	r3, #0
10003c88:	da02      	bge.n	10003c90 <__wrap_vprintf+0x24>
10003c8a:	2201      	movs	r2, #1
10003c8c:	4b24      	ldr	r3, [pc, #144]	@ (10003d20 <__wrap_vprintf+0xb4>)
10003c8e:	4252      	negs	r2, r2
10003c90:	4824      	ldr	r0, [pc, #144]	@ (10003d24 <__wrap_vprintf+0xb8>)
10003c92:	f002 fb75 	bl	10006380 <__mutex_try_enter_block_until_veneer>
10003c96:	2300      	movs	r3, #0
10003c98:	0022      	movs	r2, r4
10003c9a:	9301      	str	r3, [sp, #4]
10003c9c:	4680      	mov	r8, r0
10003c9e:	0033      	movs	r3, r6
10003ca0:	4821      	ldr	r0, [pc, #132]	@ (10003d28 <__wrap_vprintf+0xbc>)
10003ca2:	a901      	add	r1, sp, #4
10003ca4:	f7ff fe22 	bl	100038ec <vfctprintf>
10003ca8:	4f20      	ldr	r7, [pc, #128]	@ (10003d2c <__wrap_vprintf+0xc0>)
10003caa:	9b01      	ldr	r3, [sp, #4]
10003cac:	4681      	mov	r9, r0
10003cae:	683c      	ldr	r4, [r7, #0]
10003cb0:	2b00      	cmp	r3, #0
10003cb2:	d019      	beq.n	10003ce8 <__wrap_vprintf+0x7c>
10003cb4:	2c00      	cmp	r4, #0
10003cb6:	d02f      	beq.n	10003d18 <__wrap_vprintf+0xac>
10003cb8:	4e1d      	ldr	r6, [pc, #116]	@ (10003d30 <__wrap_vprintf+0xc4>)
10003cba:	e002      	b.n	10003cc2 <__wrap_vprintf+0x56>
10003cbc:	6924      	ldr	r4, [r4, #16]
10003cbe:	2c00      	cmp	r4, #0
10003cc0:	d00f      	beq.n	10003ce2 <__wrap_vprintf+0x76>
10003cc2:	6823      	ldr	r3, [r4, #0]
10003cc4:	2b00      	cmp	r3, #0
10003cc6:	d0f9      	beq.n	10003cbc <__wrap_vprintf+0x50>
10003cc8:	6833      	ldr	r3, [r6, #0]
10003cca:	2b00      	cmp	r3, #0
10003ccc:	d001      	beq.n	10003cd2 <__wrap_vprintf+0x66>
10003cce:	42a3      	cmp	r3, r4
10003cd0:	d1f4      	bne.n	10003cbc <__wrap_vprintf+0x50>
10003cd2:	0020      	movs	r0, r4
10003cd4:	9a01      	ldr	r2, [sp, #4]
10003cd6:	a902      	add	r1, sp, #8
10003cd8:	f7ff fe56 	bl	10003988 <stdio_out_chars_crlf>
10003cdc:	6924      	ldr	r4, [r4, #16]
10003cde:	2c00      	cmp	r4, #0
10003ce0:	d1ef      	bne.n	10003cc2 <__wrap_vprintf+0x56>
10003ce2:	2300      	movs	r3, #0
10003ce4:	683c      	ldr	r4, [r7, #0]
10003ce6:	9301      	str	r3, [sp, #4]
10003ce8:	2c00      	cmp	r4, #0
10003cea:	d006      	beq.n	10003cfa <__wrap_vprintf+0x8e>
10003cec:	6863      	ldr	r3, [r4, #4]
10003cee:	2b00      	cmp	r3, #0
10003cf0:	d00c      	beq.n	10003d0c <__wrap_vprintf+0xa0>
10003cf2:	4798      	blx	r3
10003cf4:	6924      	ldr	r4, [r4, #16]
10003cf6:	2c00      	cmp	r4, #0
10003cf8:	d1f8      	bne.n	10003cec <__wrap_vprintf+0x80>
10003cfa:	4643      	mov	r3, r8
10003cfc:	2b00      	cmp	r3, #0
10003cfe:	d107      	bne.n	10003d10 <__wrap_vprintf+0xa4>
10003d00:	4648      	mov	r0, r9
10003d02:	b023      	add	sp, #140	@ 0x8c
10003d04:	bcc0      	pop	{r6, r7}
10003d06:	46b9      	mov	r9, r7
10003d08:	46b0      	mov	r8, r6
10003d0a:	bdf0      	pop	{r4, r5, r6, r7, pc}
10003d0c:	6924      	ldr	r4, [r4, #16]
10003d0e:	e7eb      	b.n	10003ce8 <__wrap_vprintf+0x7c>
10003d10:	4804      	ldr	r0, [pc, #16]	@ (10003d24 <__wrap_vprintf+0xb8>)
10003d12:	f002 fb15 	bl	10006340 <__mutex_exit_veneer>
10003d16:	e7f3      	b.n	10003d00 <__wrap_vprintf+0x94>
10003d18:	9401      	str	r4, [sp, #4]
10003d1a:	e7ee      	b.n	10003cfa <__wrap_vprintf+0x8e>
10003d1c:	000f4240 	.word	0x000f4240
10003d20:	7fffffff 	.word	0x7fffffff
10003d24:	20001038 	.word	0x20001038
10003d28:	10003a19 	.word	0x10003a19
10003d2c:	200016f4 	.word	0x200016f4
10003d30:	200016fc 	.word	0x200016fc

10003d34 <__wrap_printf>:
10003d34:	b40f      	push	{r0, r1, r2, r3}
10003d36:	b500      	push	{lr}
10003d38:	b083      	sub	sp, #12
10003d3a:	a904      	add	r1, sp, #16
10003d3c:	c901      	ldmia	r1!, {r0}
10003d3e:	9101      	str	r1, [sp, #4]
10003d40:	f7ff ff94 	bl	10003c6c <__wrap_vprintf>
10003d44:	b003      	add	sp, #12
10003d46:	bc08      	pop	{r3}
10003d48:	b004      	add	sp, #16
10003d4a:	4718      	bx	r3

10003d4c <stdio_usb_set_chars_available_callback>:
10003d4c:	4b02      	ldr	r3, [pc, #8]	@ (10003d58 <stdio_usb_set_chars_available_callback+0xc>)
10003d4e:	6018      	str	r0, [r3, #0]
10003d50:	4b02      	ldr	r3, [pc, #8]	@ (10003d5c <stdio_usb_set_chars_available_callback+0x10>)
10003d52:	6019      	str	r1, [r3, #0]
10003d54:	4770      	bx	lr
10003d56:	46c0      	nop			@ (mov r8, r8)
10003d58:	20001694 	.word	0x20001694
10003d5c:	20001698 	.word	0x20001698

10003d60 <usb_irq>:
10003d60:	b510      	push	{r4, lr}
10003d62:	4b02      	ldr	r3, [pc, #8]	@ (10003d6c <usb_irq+0xc>)
10003d64:	7818      	ldrb	r0, [r3, #0]
10003d66:	f7fc fcbb 	bl	100006e0 <irq_set_pending>
10003d6a:	bd10      	pop	{r4, pc}
10003d6c:	20001c53 	.word	0x20001c53

10003d70 <timer_task>:
10003d70:	4b15      	ldr	r3, [pc, #84]	@ (10003dc8 <timer_task+0x58>)
10003d72:	b570      	push	{r4, r5, r6, lr}
10003d74:	681a      	ldr	r2, [r3, #0]
10003d76:	2a00      	cmp	r2, #0
10003d78:	d022      	beq.n	10003dc0 <timer_task+0x50>
10003d7a:	f3ef 8110 	mrs	r1, PRIMASK
10003d7e:	b672      	cpsid	i
10003d80:	6810      	ldr	r0, [r2, #0]
10003d82:	2800      	cmp	r0, #0
10003d84:	d0fc      	beq.n	10003d80 <timer_task+0x10>
10003d86:	f3bf 8f5f 	dmb	sy
10003d8a:	2000      	movs	r0, #0
10003d8c:	4a0f      	ldr	r2, [pc, #60]	@ (10003dcc <timer_task+0x5c>)
10003d8e:	6059      	str	r1, [r3, #4]
10003d90:	7010      	strb	r0, [r2, #0]
10003d92:	681b      	ldr	r3, [r3, #0]
10003d94:	f3bf 8f5f 	dmb	sy
10003d98:	6018      	str	r0, [r3, #0]
10003d9a:	f381 8810 	msr	PRIMASK, r1
10003d9e:	2400      	movs	r4, #0
10003da0:	2500      	movs	r5, #0
10003da2:	4e0b      	ldr	r6, [pc, #44]	@ (10003dd0 <timer_task+0x60>)
10003da4:	7830      	ldrb	r0, [r6, #0]
10003da6:	f7fc fc8f 	bl	100006c8 <irq_is_enabled>
10003daa:	2800      	cmp	r0, #0
10003dac:	d104      	bne.n	10003db8 <timer_task+0x48>
10003dae:	2400      	movs	r4, #0
10003db0:	2500      	movs	r5, #0
10003db2:	0029      	movs	r1, r5
10003db4:	0020      	movs	r0, r4
10003db6:	bd70      	pop	{r4, r5, r6, pc}
10003db8:	7830      	ldrb	r0, [r6, #0]
10003dba:	f7fc fc91 	bl	100006e0 <irq_set_pending>
10003dbe:	e7f8      	b.n	10003db2 <timer_task+0x42>
10003dc0:	24fa      	movs	r4, #250	@ 0xfa
10003dc2:	2500      	movs	r5, #0
10003dc4:	00a4      	lsls	r4, r4, #2
10003dc6:	e7ec      	b.n	10003da2 <timer_task+0x32>
10003dc8:	20001b0c 	.word	0x20001b0c
10003dcc:	20001c54 	.word	0x20001c54
10003dd0:	20001c53 	.word	0x20001c53

10003dd4 <stdio_usb_in_chars>:
10003dd4:	b570      	push	{r4, r5, r6, lr}
10003dd6:	0005      	movs	r5, r0
10003dd8:	2000      	movs	r0, #0
10003dda:	000e      	movs	r6, r1
10003ddc:	f001 fb78 	bl	100054d0 <tud_cdc_n_connected>
10003de0:	2800      	cmp	r0, #0
10003de2:	d034      	beq.n	10003e4e <stdio_usb_in_chars+0x7a>
10003de4:	2000      	movs	r0, #0
10003de6:	f001 fb89 	bl	100054fc <tud_cdc_n_available>
10003dea:	2800      	cmp	r0, #0
10003dec:	d02f      	beq.n	10003e4e <stdio_usb_in_chars+0x7a>
10003dee:	f7fd faa7 	bl	10001340 <time_us_64>
10003df2:	2300      	movs	r3, #0
10003df4:	4a17      	ldr	r2, [pc, #92]	@ (10003e54 <stdio_usb_in_chars+0x80>)
10003df6:	1812      	adds	r2, r2, r0
10003df8:	414b      	adcs	r3, r1
10003dfa:	2b00      	cmp	r3, #0
10003dfc:	db16      	blt.n	10003e2c <stdio_usb_in_chars+0x58>
10003dfe:	4c16      	ldr	r4, [pc, #88]	@ (10003e58 <stdio_usb_in_chars+0x84>)
10003e00:	0020      	movs	r0, r4
10003e02:	f002 fabd 	bl	10006380 <__mutex_try_enter_block_until_veneer>
10003e06:	2800      	cmp	r0, #0
10003e08:	d021      	beq.n	10003e4e <stdio_usb_in_chars+0x7a>
10003e0a:	2000      	movs	r0, #0
10003e0c:	f001 fb60 	bl	100054d0 <tud_cdc_n_connected>
10003e10:	2800      	cmp	r0, #0
10003e12:	d10f      	bne.n	10003e34 <stdio_usb_in_chars+0x60>
10003e14:	2001      	movs	r0, #1
10003e16:	2100      	movs	r1, #0
10003e18:	4240      	negs	r0, r0
10003e1a:	f000 fd89 	bl	10004930 <tud_task_ext>
10003e1e:	2503      	movs	r5, #3
10003e20:	426d      	negs	r5, r5
10003e22:	0020      	movs	r0, r4
10003e24:	f002 fa8c 	bl	10006340 <__mutex_exit_veneer>
10003e28:	0028      	movs	r0, r5
10003e2a:	bd70      	pop	{r4, r5, r6, pc}
10003e2c:	2201      	movs	r2, #1
10003e2e:	4b0b      	ldr	r3, [pc, #44]	@ (10003e5c <stdio_usb_in_chars+0x88>)
10003e30:	4252      	negs	r2, r2
10003e32:	e7e4      	b.n	10003dfe <stdio_usb_in_chars+0x2a>
10003e34:	2000      	movs	r0, #0
10003e36:	f001 fb61 	bl	100054fc <tud_cdc_n_available>
10003e3a:	2800      	cmp	r0, #0
10003e3c:	d0ea      	beq.n	10003e14 <stdio_usb_in_chars+0x40>
10003e3e:	0029      	movs	r1, r5
10003e40:	0032      	movs	r2, r6
10003e42:	2000      	movs	r0, #0
10003e44:	f001 fb64 	bl	10005510 <tud_cdc_n_read>
10003e48:	1e05      	subs	r5, r0, #0
10003e4a:	d1ea      	bne.n	10003e22 <stdio_usb_in_chars+0x4e>
10003e4c:	e7e7      	b.n	10003e1e <stdio_usb_in_chars+0x4a>
10003e4e:	2503      	movs	r5, #3
10003e50:	426d      	negs	r5, r5
10003e52:	e7e9      	b.n	10003e28 <stdio_usb_in_chars+0x54>
10003e54:	000f4240 	.word	0x000f4240
10003e58:	20001c34 	.word	0x20001c34
10003e5c:	7fffffff 	.word	0x7fffffff

10003e60 <stdio_usb_out_flush>:
10003e60:	b510      	push	{r4, lr}
10003e62:	f7fd fa6d 	bl	10001340 <time_us_64>
10003e66:	2300      	movs	r3, #0
10003e68:	4a0d      	ldr	r2, [pc, #52]	@ (10003ea0 <stdio_usb_out_flush+0x40>)
10003e6a:	1812      	adds	r2, r2, r0
10003e6c:	414b      	adcs	r3, r1
10003e6e:	2b00      	cmp	r3, #0
10003e70:	da02      	bge.n	10003e78 <stdio_usb_out_flush+0x18>
10003e72:	2201      	movs	r2, #1
10003e74:	4b0b      	ldr	r3, [pc, #44]	@ (10003ea4 <stdio_usb_out_flush+0x44>)
10003e76:	4252      	negs	r2, r2
10003e78:	480b      	ldr	r0, [pc, #44]	@ (10003ea8 <stdio_usb_out_flush+0x48>)
10003e7a:	f002 fa81 	bl	10006380 <__mutex_try_enter_block_until_veneer>
10003e7e:	2800      	cmp	r0, #0
10003e80:	d00c      	beq.n	10003e9c <stdio_usb_out_flush+0x3c>
10003e82:	2001      	movs	r0, #1
10003e84:	2100      	movs	r1, #0
10003e86:	4240      	negs	r0, r0
10003e88:	f000 fd52 	bl	10004930 <tud_task_ext>
10003e8c:	2000      	movs	r0, #0
10003e8e:	f001 fb83 	bl	10005598 <tud_cdc_n_write_flush>
10003e92:	2800      	cmp	r0, #0
10003e94:	d1f5      	bne.n	10003e82 <stdio_usb_out_flush+0x22>
10003e96:	4804      	ldr	r0, [pc, #16]	@ (10003ea8 <stdio_usb_out_flush+0x48>)
10003e98:	f002 fa52 	bl	10006340 <__mutex_exit_veneer>
10003e9c:	bd10      	pop	{r4, pc}
10003e9e:	46c0      	nop			@ (mov r8, r8)
10003ea0:	000f4240 	.word	0x000f4240
10003ea4:	7fffffff 	.word	0x7fffffff
10003ea8:	20001c34 	.word	0x20001c34

10003eac <stdio_usb_out_chars>:
10003eac:	b5f8      	push	{r3, r4, r5, r6, r7, lr}
10003eae:	46ce      	mov	lr, r9
10003eb0:	4647      	mov	r7, r8
10003eb2:	b580      	push	{r7, lr}
10003eb4:	0005      	movs	r5, r0
10003eb6:	000c      	movs	r4, r1
10003eb8:	f7fd fa42 	bl	10001340 <time_us_64>
10003ebc:	2300      	movs	r3, #0
10003ebe:	4a34      	ldr	r2, [pc, #208]	@ (10003f90 <stdio_usb_out_chars+0xe4>)
10003ec0:	1812      	adds	r2, r2, r0
10003ec2:	414b      	adcs	r3, r1
10003ec4:	2b00      	cmp	r3, #0
10003ec6:	da02      	bge.n	10003ece <stdio_usb_out_chars+0x22>
10003ec8:	2201      	movs	r2, #1
10003eca:	4b32      	ldr	r3, [pc, #200]	@ (10003f94 <stdio_usb_out_chars+0xe8>)
10003ecc:	4252      	negs	r2, r2
10003ece:	4932      	ldr	r1, [pc, #200]	@ (10003f98 <stdio_usb_out_chars+0xec>)
10003ed0:	0008      	movs	r0, r1
10003ed2:	4688      	mov	r8, r1
10003ed4:	f002 fa54 	bl	10006380 <__mutex_try_enter_block_until_veneer>
10003ed8:	2800      	cmp	r0, #0
10003eda:	d103      	bne.n	10003ee4 <stdio_usb_out_chars+0x38>
10003edc:	bcc0      	pop	{r6, r7}
10003ede:	46b9      	mov	r9, r7
10003ee0:	46b0      	mov	r8, r6
10003ee2:	bdf8      	pop	{r3, r4, r5, r6, r7, pc}
10003ee4:	2000      	movs	r0, #0
10003ee6:	f001 faf3 	bl	100054d0 <tud_cdc_n_connected>
10003eea:	2800      	cmp	r0, #0
10003eec:	d048      	beq.n	10003f80 <stdio_usb_out_chars+0xd4>
10003eee:	2600      	movs	r6, #0
10003ef0:	2c00      	cmp	r4, #0
10003ef2:	dd41      	ble.n	10003f78 <stdio_usb_out_chars+0xcc>
10003ef4:	4b29      	ldr	r3, [pc, #164]	@ (10003f9c <stdio_usb_out_chars+0xf0>)
10003ef6:	4699      	mov	r9, r3
10003ef8:	e013      	b.n	10003f22 <stdio_usb_out_chars+0x76>
10003efa:	19a9      	adds	r1, r5, r6
10003efc:	2000      	movs	r0, #0
10003efe:	f001 fb87 	bl	10005610 <tud_cdc_n_write>
10003f02:	0007      	movs	r7, r0
10003f04:	2001      	movs	r0, #1
10003f06:	2100      	movs	r1, #0
10003f08:	4240      	negs	r0, r0
10003f0a:	f000 fd11 	bl	10004930 <tud_task_ext>
10003f0e:	2000      	movs	r0, #0
10003f10:	f001 fb42 	bl	10005598 <tud_cdc_n_write_flush>
10003f14:	f7fd fa14 	bl	10001340 <time_us_64>
10003f18:	4b20      	ldr	r3, [pc, #128]	@ (10003f9c <stdio_usb_out_chars+0xf0>)
10003f1a:	19f6      	adds	r6, r6, r7
10003f1c:	c303      	stmia	r3!, {r0, r1}
10003f1e:	42b4      	cmp	r4, r6
10003f20:	dd2a      	ble.n	10003f78 <stdio_usb_out_chars+0xcc>
10003f22:	2000      	movs	r0, #0
10003f24:	f001 fb94 	bl	10005650 <tud_cdc_n_write_available>
10003f28:	1ba7      	subs	r7, r4, r6
10003f2a:	0002      	movs	r2, r0
10003f2c:	42b8      	cmp	r0, r7
10003f2e:	dd00      	ble.n	10003f32 <stdio_usb_out_chars+0x86>
10003f30:	003a      	movs	r2, r7
10003f32:	2a00      	cmp	r2, #0
10003f34:	d1e1      	bne.n	10003efa <stdio_usb_out_chars+0x4e>
10003f36:	2001      	movs	r0, #1
10003f38:	2100      	movs	r1, #0
10003f3a:	4240      	negs	r0, r0
10003f3c:	f000 fcf8 	bl	10004930 <tud_task_ext>
10003f40:	2000      	movs	r0, #0
10003f42:	f001 fb29 	bl	10005598 <tud_cdc_n_write_flush>
10003f46:	2000      	movs	r0, #0
10003f48:	f001 fac2 	bl	100054d0 <tud_cdc_n_connected>
10003f4c:	2800      	cmp	r0, #0
10003f4e:	d013      	beq.n	10003f78 <stdio_usb_out_chars+0xcc>
10003f50:	2000      	movs	r0, #0
10003f52:	f001 fb7d 	bl	10005650 <tud_cdc_n_write_available>
10003f56:	2800      	cmp	r0, #0
10003f58:	d1e1      	bne.n	10003f1e <stdio_usb_out_chars+0x72>
10003f5a:	f7fd f9f1 	bl	10001340 <time_us_64>
10003f5e:	464b      	mov	r3, r9
10003f60:	000f      	movs	r7, r1
10003f62:	cb0c      	ldmia	r3, {r2, r3}
10003f64:	2100      	movs	r1, #0
10003f66:	4684      	mov	ip, r0
10003f68:	480d      	ldr	r0, [pc, #52]	@ (10003fa0 <stdio_usb_out_chars+0xf4>)
10003f6a:	1812      	adds	r2, r2, r0
10003f6c:	414b      	adcs	r3, r1
10003f6e:	429f      	cmp	r7, r3
10003f70:	d802      	bhi.n	10003f78 <stdio_usb_out_chars+0xcc>
10003f72:	d1d4      	bne.n	10003f1e <stdio_usb_out_chars+0x72>
10003f74:	4594      	cmp	ip, r2
10003f76:	d9d2      	bls.n	10003f1e <stdio_usb_out_chars+0x72>
10003f78:	4640      	mov	r0, r8
10003f7a:	f002 f9e1 	bl	10006340 <__mutex_exit_veneer>
10003f7e:	e7ad      	b.n	10003edc <stdio_usb_out_chars+0x30>
10003f80:	2000      	movs	r0, #0
10003f82:	2100      	movs	r1, #0
10003f84:	4b05      	ldr	r3, [pc, #20]	@ (10003f9c <stdio_usb_out_chars+0xf0>)
10003f86:	c303      	stmia	r3!, {r0, r1}
10003f88:	4640      	mov	r0, r8
10003f8a:	f002 f9d9 	bl	10006340 <__mutex_exit_veneer>
10003f8e:	e7a5      	b.n	10003edc <stdio_usb_out_chars+0x30>
10003f90:	000f4240 	.word	0x000f4240
10003f94:	7fffffff 	.word	0x7fffffff
10003f98:	20001c34 	.word	0x20001c34
10003f9c:	20001288 	.word	0x20001288
10003fa0:	0007a120 	.word	0x0007a120

10003fa4 <low_priority_worker_irq>:
10003fa4:	b530      	push	{r4, r5, lr}
10003fa6:	2100      	movs	r1, #0
10003fa8:	b085      	sub	sp, #20
10003faa:	4828      	ldr	r0, [pc, #160]	@ (1000404c <low_priority_worker_irq+0xa8>)
10003fac:	f002 f9e0 	bl	10006370 <__mutex_try_enter_veneer>
10003fb0:	2800      	cmp	r0, #0
10003fb2:	d11c      	bne.n	10003fee <low_priority_worker_irq+0x4a>
10003fb4:	4b26      	ldr	r3, [pc, #152]	@ (10004050 <low_priority_worker_irq+0xac>)
10003fb6:	681a      	ldr	r2, [r3, #0]
10003fb8:	2a00      	cmp	r2, #0
10003fba:	d016      	beq.n	10003fea <low_priority_worker_irq+0x46>
10003fbc:	f3ef 8110 	mrs	r1, PRIMASK
10003fc0:	b672      	cpsid	i
10003fc2:	6810      	ldr	r0, [r2, #0]
10003fc4:	2800      	cmp	r0, #0
10003fc6:	d0fc      	beq.n	10003fc2 <low_priority_worker_irq+0x1e>
10003fc8:	f3bf 8f5f 	dmb	sy
10003fcc:	2401      	movs	r4, #1
10003fce:	4821      	ldr	r0, [pc, #132]	@ (10004054 <low_priority_worker_irq+0xb0>)
10003fd0:	6059      	str	r1, [r3, #4]
10003fd2:	7802      	ldrb	r2, [r0, #0]
10003fd4:	681b      	ldr	r3, [r3, #0]
10003fd6:	b2d2      	uxtb	r2, r2
10003fd8:	7004      	strb	r4, [r0, #0]
10003fda:	f3bf 8f5f 	dmb	sy
10003fde:	2000      	movs	r0, #0
10003fe0:	6018      	str	r0, [r3, #0]
10003fe2:	f381 8810 	msr	PRIMASK, r1
10003fe6:	2a00      	cmp	r2, #0
10003fe8:	d017      	beq.n	1000401a <low_priority_worker_irq+0x76>
10003fea:	b005      	add	sp, #20
10003fec:	bd30      	pop	{r4, r5, pc}
10003fee:	2001      	movs	r0, #1
10003ff0:	2100      	movs	r1, #0
10003ff2:	4240      	negs	r0, r0
10003ff4:	f000 fc9c 	bl	10004930 <tud_task_ext>
10003ff8:	2000      	movs	r0, #0
10003ffa:	f001 fa7f 	bl	100054fc <tud_cdc_n_available>
10003ffe:	0005      	movs	r5, r0
10004000:	4812      	ldr	r0, [pc, #72]	@ (1000404c <low_priority_worker_irq+0xa8>)
10004002:	f002 f99d 	bl	10006340 <__mutex_exit_veneer>
10004006:	2d00      	cmp	r5, #0
10004008:	d0ef      	beq.n	10003fea <low_priority_worker_irq+0x46>
1000400a:	4b13      	ldr	r3, [pc, #76]	@ (10004058 <low_priority_worker_irq+0xb4>)
1000400c:	681b      	ldr	r3, [r3, #0]
1000400e:	2b00      	cmp	r3, #0
10004010:	d0eb      	beq.n	10003fea <low_priority_worker_irq+0x46>
10004012:	4a12      	ldr	r2, [pc, #72]	@ (1000405c <low_priority_worker_irq+0xb8>)
10004014:	6810      	ldr	r0, [r2, #0]
10004016:	4798      	blx	r3
10004018:	e7e7      	b.n	10003fea <low_priority_worker_irq+0x46>
1000401a:	f7fc ff4d 	bl	10000eb8 <alarm_pool_get_default>
1000401e:	0004      	movs	r4, r0
10004020:	f7fd f98e 	bl	10001340 <time_us_64>
10004024:	22fa      	movs	r2, #250	@ 0xfa
10004026:	2300      	movs	r3, #0
10004028:	0092      	lsls	r2, r2, #2
1000402a:	1812      	adds	r2, r2, r0
1000402c:	414b      	adcs	r3, r1
1000402e:	2b00      	cmp	r3, #0
10004030:	da02      	bge.n	10004038 <low_priority_worker_irq+0x94>
10004032:	2201      	movs	r2, #1
10004034:	4b0a      	ldr	r3, [pc, #40]	@ (10004060 <low_priority_worker_irq+0xbc>)
10004036:	4252      	negs	r2, r2
10004038:	2101      	movs	r1, #1
1000403a:	9102      	str	r1, [sp, #8]
1000403c:	2100      	movs	r1, #0
1000403e:	9101      	str	r1, [sp, #4]
10004040:	4908      	ldr	r1, [pc, #32]	@ (10004064 <low_priority_worker_irq+0xc0>)
10004042:	0020      	movs	r0, r4
10004044:	9100      	str	r1, [sp, #0]
10004046:	f7fc ff3b 	bl	10000ec0 <alarm_pool_add_alarm_at>
1000404a:	e7ce      	b.n	10003fea <low_priority_worker_irq+0x46>
1000404c:	20001c34 	.word	0x20001c34
10004050:	20001b0c 	.word	0x20001b0c
10004054:	20001c54 	.word	0x20001c54
10004058:	20001694 	.word	0x20001694
1000405c:	20001698 	.word	0x20001698
10004060:	7fffffff 	.word	0x7fffffff
10004064:	10003d71 	.word	0x10003d71

10004068 <stdio_usb_init>:
10004068:	23d0      	movs	r3, #208	@ 0xd0
1000406a:	b510      	push	{r4, lr}
1000406c:	061b      	lsls	r3, r3, #24
1000406e:	b084      	sub	sp, #16
10004070:	681c      	ldr	r4, [r3, #0]
10004072:	f7fc ff21 	bl	10000eb8 <alarm_pool_get_default>
10004076:	f7fd f821 	bl	100010bc <alarm_pool_core_num>
1000407a:	42a0      	cmp	r0, r4
1000407c:	d002      	beq.n	10004084 <stdio_usb_init+0x1c>
1000407e:	2000      	movs	r0, #0
10004080:	b004      	add	sp, #16
10004082:	bd10      	pop	{r4, pc}
10004084:	4b28      	ldr	r3, [pc, #160]	@ (10004128 <stdio_usb_init+0xc0>)
10004086:	2100      	movs	r1, #0
10004088:	2000      	movs	r0, #0
1000408a:	781b      	ldrb	r3, [r3, #0]
1000408c:	f001 fca6 	bl	100059dc <tusb_rhport_init>
10004090:	4826      	ldr	r0, [pc, #152]	@ (1000412c <stdio_usb_init+0xc4>)
10004092:	6803      	ldr	r3, [r0, #0]
10004094:	2b00      	cmp	r3, #0
10004096:	d044      	beq.n	10004122 <stdio_usb_init+0xba>
10004098:	2001      	movs	r0, #1
1000409a:	f7fc fca5 	bl	100009e8 <user_irq_claim_unused>
1000409e:	23ff      	movs	r3, #255	@ 0xff
100040a0:	4c23      	ldr	r4, [pc, #140]	@ (10004130 <stdio_usb_init+0xc8>)
100040a2:	4924      	ldr	r1, [pc, #144]	@ (10004134 <stdio_usb_init+0xcc>)
100040a4:	7020      	strb	r0, [r4, #0]
100040a6:	4018      	ands	r0, r3
100040a8:	f7fc fb32 	bl	10000710 <irq_set_exclusive_handler>
100040ac:	7820      	ldrb	r0, [r4, #0]
100040ae:	2101      	movs	r1, #1
100040b0:	f7fc faf8 	bl	100006a4 <irq_set_enabled>
100040b4:	2005      	movs	r0, #5
100040b6:	f7fc fb1b 	bl	100006f0 <irq_has_shared_handler>
100040ba:	2800      	cmp	r0, #0
100040bc:	d124      	bne.n	10004108 <stdio_usb_init+0xa0>
100040be:	2208      	movs	r2, #8
100040c0:	2100      	movs	r1, #0
100040c2:	481d      	ldr	r0, [pc, #116]	@ (10004138 <stdio_usb_init+0xd0>)
100040c4:	f7fe f86e 	bl	100021a4 <__wrap_memset>
100040c8:	f7fc fef6 	bl	10000eb8 <alarm_pool_get_default>
100040cc:	0004      	movs	r4, r0
100040ce:	f7fd f937 	bl	10001340 <time_us_64>
100040d2:	22fa      	movs	r2, #250	@ 0xfa
100040d4:	2300      	movs	r3, #0
100040d6:	0092      	lsls	r2, r2, #2
100040d8:	1812      	adds	r2, r2, r0
100040da:	414b      	adcs	r3, r1
100040dc:	2b00      	cmp	r3, #0
100040de:	da02      	bge.n	100040e6 <stdio_usb_init+0x7e>
100040e0:	2201      	movs	r2, #1
100040e2:	4b16      	ldr	r3, [pc, #88]	@ (1000413c <stdio_usb_init+0xd4>)
100040e4:	4252      	negs	r2, r2
100040e6:	2101      	movs	r1, #1
100040e8:	9102      	str	r1, [sp, #8]
100040ea:	2100      	movs	r1, #0
100040ec:	9101      	str	r1, [sp, #4]
100040ee:	4914      	ldr	r1, [pc, #80]	@ (10004140 <stdio_usb_init+0xd8>)
100040f0:	0020      	movs	r0, r4
100040f2:	9100      	str	r1, [sp, #0]
100040f4:	f7fc fee4 	bl	10000ec0 <alarm_pool_add_alarm_at>
100040f8:	2800      	cmp	r0, #0
100040fa:	dbc0      	blt.n	1000407e <stdio_usb_init+0x16>
100040fc:	4811      	ldr	r0, [pc, #68]	@ (10004144 <stdio_usb_init+0xdc>)
100040fe:	2101      	movs	r1, #1
10004100:	f7ff fd30 	bl	10003b64 <stdio_set_driver_enabled>
10004104:	2001      	movs	r0, #1
10004106:	e7bb      	b.n	10004080 <stdio_usb_init+0x18>
10004108:	2001      	movs	r0, #1
1000410a:	f7fc fa89 	bl	10000620 <spin_lock_claim_unused>
1000410e:	0001      	movs	r1, r0
10004110:	4809      	ldr	r0, [pc, #36]	@ (10004138 <stdio_usb_init+0xd0>)
10004112:	f7fc fcc9 	bl	10000aa8 <critical_section_init_with_lock_num>
10004116:	2200      	movs	r2, #0
10004118:	2005      	movs	r0, #5
1000411a:	490b      	ldr	r1, [pc, #44]	@ (10004148 <stdio_usb_init+0xe0>)
1000411c:	f7fc fb22 	bl	10000764 <irq_add_shared_handler>
10004120:	e7ec      	b.n	100040fc <stdio_usb_init+0x94>
10004122:	f7fc fca5 	bl	10000a70 <mutex_init>
10004126:	e7b7      	b.n	10004098 <stdio_usb_init+0x30>
10004128:	10006b38 	.word	0x10006b38
1000412c:	20001c34 	.word	0x20001c34
10004130:	20001c53 	.word	0x20001c53
10004134:	10003fa5 	.word	0x10003fa5
10004138:	20001b0c 	.word	0x20001b0c
1000413c:	7fffffff 	.word	0x7fffffff
10004140:	10003d71 	.word	0x10003d71
10004144:	20000ff0 	.word	0x20000ff0
10004148:	10003d61 	.word	0x10003d61

1000414c <tud_descriptor_device_cb>:
1000414c:	4800      	ldr	r0, [pc, #0]	@ (10004150 <tud_descriptor_device_cb+0x4>)
1000414e:	4770      	bx	lr
10004150:	10006954 	.word	0x10006954

10004154 <tud_descriptor_configuration_cb>:
10004154:	4800      	ldr	r0, [pc, #0]	@ (10004158 <tud_descriptor_configuration_cb+0x4>)
10004156:	4770      	bx	lr
10004158:	10006900 	.word	0x10006900

1000415c <tud_descriptor_string_cb>:
1000415c:	b510      	push	{r4, lr}
1000415e:	0004      	movs	r4, r0
10004160:	4816      	ldr	r0, [pc, #88]	@ (100041bc <tud_descriptor_string_cb+0x60>)
10004162:	7803      	ldrb	r3, [r0, #0]
10004164:	2b00      	cmp	r3, #0
10004166:	d020      	beq.n	100041aa <tud_descriptor_string_cb+0x4e>
10004168:	2c00      	cmp	r4, #0
1000416a:	d106      	bne.n	1000417a <tud_descriptor_string_cb+0x1e>
1000416c:	4b14      	ldr	r3, [pc, #80]	@ (100041c0 <tud_descriptor_string_cb+0x64>)
1000416e:	4815      	ldr	r0, [pc, #84]	@ (100041c4 <tud_descriptor_string_cb+0x68>)
10004170:	8043      	strh	r3, [r0, #2]
10004172:	3b06      	subs	r3, #6
10004174:	3bff      	subs	r3, #255	@ 0xff
10004176:	8003      	strh	r3, [r0, #0]
10004178:	bd10      	pop	{r4, pc}
1000417a:	2c05      	cmp	r4, #5
1000417c:	d81c      	bhi.n	100041b8 <tud_descriptor_string_cb+0x5c>
1000417e:	4b12      	ldr	r3, [pc, #72]	@ (100041c8 <tud_descriptor_string_cb+0x6c>)
10004180:	00a4      	lsls	r4, r4, #2
10004182:	58e4      	ldr	r4, [r4, r3]
10004184:	480f      	ldr	r0, [pc, #60]	@ (100041c4 <tud_descriptor_string_cb+0x68>)
10004186:	2301      	movs	r3, #1
10004188:	1c81      	adds	r1, r0, #2
1000418a:	3c01      	subs	r4, #1
1000418c:	e004      	b.n	10004198 <tud_descriptor_string_cb+0x3c>
1000418e:	3301      	adds	r3, #1
10004190:	800a      	strh	r2, [r1, #0]
10004192:	3102      	adds	r1, #2
10004194:	2b14      	cmp	r3, #20
10004196:	d00c      	beq.n	100041b2 <tud_descriptor_string_cb+0x56>
10004198:	5ce2      	ldrb	r2, [r4, r3]
1000419a:	2a00      	cmp	r2, #0
1000419c:	d1f7      	bne.n	1000418e <tud_descriptor_string_cb+0x32>
1000419e:	22c0      	movs	r2, #192	@ 0xc0
100041a0:	b2db      	uxtb	r3, r3
100041a2:	005b      	lsls	r3, r3, #1
100041a4:	0092      	lsls	r2, r2, #2
100041a6:	4313      	orrs	r3, r2
100041a8:	e7e5      	b.n	10004176 <tud_descriptor_string_cb+0x1a>
100041aa:	2111      	movs	r1, #17
100041ac:	f000 f816 	bl	100041dc <pico_get_unique_board_id_string>
100041b0:	e7da      	b.n	10004168 <tud_descriptor_string_cb+0xc>
100041b2:	23ca      	movs	r3, #202	@ 0xca
100041b4:	009b      	lsls	r3, r3, #2
100041b6:	e7de      	b.n	10004176 <tud_descriptor_string_cb+0x1a>
100041b8:	2000      	movs	r0, #0
100041ba:	e7dd      	b.n	10004178 <tud_descriptor_string_cb+0x1c>
100041bc:	20001c3c 	.word	0x20001c3c
100041c0:	00000409 	.word	0x00000409
100041c4:	200016cc 	.word	0x200016cc
100041c8:	100068e8 	.word	0x100068e8

100041cc <_retrieve_unique_id_on_boot>:
100041cc:	b510      	push	{r4, lr}
100041ce:	4802      	ldr	r0, [pc, #8]	@ (100041d8 <_retrieve_unique_id_on_boot+0xc>)
100041d0:	f000 f8f4 	bl	100043bc <flash_get_unique_id>
100041d4:	bd10      	pop	{r4, pc}
100041d6:	46c0      	nop			@ (mov r8, r8)
100041d8:	20001b24 	.word	0x20001b24

100041dc <pico_get_unique_board_id_string>:
100041dc:	b530      	push	{r4, r5, lr}
100041de:	2901      	cmp	r1, #1
100041e0:	d100      	bne.n	100041e4 <pico_get_unique_board_id_string+0x8>
100041e2:	e0bb      	b.n	1000435c <pico_get_unique_board_id_string+0x180>
100041e4:	4b74      	ldr	r3, [pc, #464]	@ (100043b8 <pico_get_unique_board_id_string+0x1dc>)
100041e6:	3901      	subs	r1, #1
100041e8:	781a      	ldrb	r2, [r3, #0]
100041ea:	1112      	asrs	r2, r2, #4
100041ec:	0014      	movs	r4, r2
100041ee:	3430      	adds	r4, #48	@ 0x30
100041f0:	2a09      	cmp	r2, #9
100041f2:	dd00      	ble.n	100041f6 <pico_get_unique_board_id_string+0x1a>
100041f4:	e0b5      	b.n	10004362 <pico_get_unique_board_id_string+0x186>
100041f6:	7004      	strb	r4, [r0, #0]
100041f8:	2901      	cmp	r1, #1
100041fa:	d100      	bne.n	100041fe <pico_get_unique_board_id_string+0x22>
100041fc:	e0da      	b.n	100043b4 <pico_get_unique_board_id_string+0x1d8>
100041fe:	220f      	movs	r2, #15
10004200:	781c      	ldrb	r4, [r3, #0]
10004202:	4022      	ands	r2, r4
10004204:	0014      	movs	r4, r2
10004206:	3430      	adds	r4, #48	@ 0x30
10004208:	2a09      	cmp	r2, #9
1000420a:	d900      	bls.n	1000420e <pico_get_unique_board_id_string+0x32>
1000420c:	e0ac      	b.n	10004368 <pico_get_unique_board_id_string+0x18c>
1000420e:	7044      	strb	r4, [r0, #1]
10004210:	2902      	cmp	r1, #2
10004212:	d100      	bne.n	10004216 <pico_get_unique_board_id_string+0x3a>
10004214:	e0ce      	b.n	100043b4 <pico_get_unique_board_id_string+0x1d8>
10004216:	785a      	ldrb	r2, [r3, #1]
10004218:	4694      	mov	ip, r2
1000421a:	1112      	asrs	r2, r2, #4
1000421c:	0014      	movs	r4, r2
1000421e:	3430      	adds	r4, #48	@ 0x30
10004220:	2a09      	cmp	r2, #9
10004222:	dd00      	ble.n	10004226 <pico_get_unique_board_id_string+0x4a>
10004224:	e0a3      	b.n	1000436e <pico_get_unique_board_id_string+0x192>
10004226:	7084      	strb	r4, [r0, #2]
10004228:	2903      	cmp	r1, #3
1000422a:	d100      	bne.n	1000422e <pico_get_unique_board_id_string+0x52>
1000422c:	e0c2      	b.n	100043b4 <pico_get_unique_board_id_string+0x1d8>
1000422e:	4664      	mov	r4, ip
10004230:	220f      	movs	r2, #15
10004232:	4022      	ands	r2, r4
10004234:	0014      	movs	r4, r2
10004236:	3430      	adds	r4, #48	@ 0x30
10004238:	2a09      	cmp	r2, #9
1000423a:	d900      	bls.n	1000423e <pico_get_unique_board_id_string+0x62>
1000423c:	e09a      	b.n	10004374 <pico_get_unique_board_id_string+0x198>
1000423e:	70c4      	strb	r4, [r0, #3]
10004240:	2904      	cmp	r1, #4
10004242:	d100      	bne.n	10004246 <pico_get_unique_board_id_string+0x6a>
10004244:	e0b6      	b.n	100043b4 <pico_get_unique_board_id_string+0x1d8>
10004246:	789a      	ldrb	r2, [r3, #2]
10004248:	4694      	mov	ip, r2
1000424a:	1112      	asrs	r2, r2, #4
1000424c:	0014      	movs	r4, r2
1000424e:	3430      	adds	r4, #48	@ 0x30
10004250:	2a09      	cmp	r2, #9
10004252:	dd00      	ble.n	10004256 <pico_get_unique_board_id_string+0x7a>
10004254:	e091      	b.n	1000437a <pico_get_unique_board_id_string+0x19e>
10004256:	7104      	strb	r4, [r0, #4]
10004258:	2905      	cmp	r1, #5
1000425a:	d100      	bne.n	1000425e <pico_get_unique_board_id_string+0x82>
1000425c:	e0aa      	b.n	100043b4 <pico_get_unique_board_id_string+0x1d8>
1000425e:	4664      	mov	r4, ip
10004260:	220f      	movs	r2, #15
10004262:	4022      	ands	r2, r4
10004264:	0014      	movs	r4, r2
10004266:	3430      	adds	r4, #48	@ 0x30
10004268:	2a09      	cmp	r2, #9
1000426a:	d900      	bls.n	1000426e <pico_get_unique_board_id_string+0x92>
1000426c:	e088      	b.n	10004380 <pico_get_unique_board_id_string+0x1a4>
1000426e:	7144      	strb	r4, [r0, #5]
10004270:	2906      	cmp	r1, #6
10004272:	d100      	bne.n	10004276 <pico_get_unique_board_id_string+0x9a>
10004274:	e09e      	b.n	100043b4 <pico_get_unique_board_id_string+0x1d8>
10004276:	2530      	movs	r5, #48	@ 0x30
10004278:	46ac      	mov	ip, r5
1000427a:	78dc      	ldrb	r4, [r3, #3]
1000427c:	1122      	asrs	r2, r4, #4
1000427e:	4494      	add	ip, r2
10004280:	2a09      	cmp	r2, #9
10004282:	dd00      	ble.n	10004286 <pico_get_unique_board_id_string+0xaa>
10004284:	e07f      	b.n	10004386 <pico_get_unique_board_id_string+0x1aa>
10004286:	4662      	mov	r2, ip
10004288:	7182      	strb	r2, [r0, #6]
1000428a:	2907      	cmp	r1, #7
1000428c:	d100      	bne.n	10004290 <pico_get_unique_board_id_string+0xb4>
1000428e:	e091      	b.n	100043b4 <pico_get_unique_board_id_string+0x1d8>
10004290:	220f      	movs	r2, #15
10004292:	4022      	ands	r2, r4
10004294:	0014      	movs	r4, r2
10004296:	3430      	adds	r4, #48	@ 0x30
10004298:	2a09      	cmp	r2, #9
1000429a:	d900      	bls.n	1000429e <pico_get_unique_board_id_string+0xc2>
1000429c:	e077      	b.n	1000438e <pico_get_unique_board_id_string+0x1b2>
1000429e:	71c4      	strb	r4, [r0, #7]
100042a0:	2908      	cmp	r1, #8
100042a2:	d100      	bne.n	100042a6 <pico_get_unique_board_id_string+0xca>
100042a4:	e086      	b.n	100043b4 <pico_get_unique_board_id_string+0x1d8>
100042a6:	2530      	movs	r5, #48	@ 0x30
100042a8:	46ac      	mov	ip, r5
100042aa:	791c      	ldrb	r4, [r3, #4]
100042ac:	1122      	asrs	r2, r4, #4
100042ae:	4494      	add	ip, r2
100042b0:	2a09      	cmp	r2, #9
100042b2:	dd00      	ble.n	100042b6 <pico_get_unique_board_id_string+0xda>
100042b4:	e06e      	b.n	10004394 <pico_get_unique_board_id_string+0x1b8>
100042b6:	4662      	mov	r2, ip
100042b8:	7202      	strb	r2, [r0, #8]
100042ba:	2909      	cmp	r1, #9
100042bc:	d100      	bne.n	100042c0 <pico_get_unique_board_id_string+0xe4>
100042be:	e079      	b.n	100043b4 <pico_get_unique_board_id_string+0x1d8>
100042c0:	220f      	movs	r2, #15
100042c2:	4022      	ands	r2, r4
100042c4:	0014      	movs	r4, r2
100042c6:	3430      	adds	r4, #48	@ 0x30
100042c8:	2a09      	cmp	r2, #9
100042ca:	d867      	bhi.n	1000439c <pico_get_unique_board_id_string+0x1c0>
100042cc:	7244      	strb	r4, [r0, #9]
100042ce:	290a      	cmp	r1, #10
100042d0:	d100      	bne.n	100042d4 <pico_get_unique_board_id_string+0xf8>
100042d2:	e06f      	b.n	100043b4 <pico_get_unique_board_id_string+0x1d8>
100042d4:	2530      	movs	r5, #48	@ 0x30
100042d6:	46ac      	mov	ip, r5
100042d8:	795c      	ldrb	r4, [r3, #5]
100042da:	1122      	asrs	r2, r4, #4
100042dc:	4494      	add	ip, r2
100042de:	2a09      	cmp	r2, #9
100042e0:	dc5f      	bgt.n	100043a2 <pico_get_unique_board_id_string+0x1c6>
100042e2:	4662      	mov	r2, ip
100042e4:	7282      	strb	r2, [r0, #10]
100042e6:	290b      	cmp	r1, #11
100042e8:	d064      	beq.n	100043b4 <pico_get_unique_board_id_string+0x1d8>
100042ea:	220f      	movs	r2, #15
100042ec:	4022      	ands	r2, r4
100042ee:	0014      	movs	r4, r2
100042f0:	3430      	adds	r4, #48	@ 0x30
100042f2:	2a09      	cmp	r2, #9
100042f4:	d859      	bhi.n	100043aa <pico_get_unique_board_id_string+0x1ce>
100042f6:	72c4      	strb	r4, [r0, #11]
100042f8:	290c      	cmp	r1, #12
100042fa:	d05b      	beq.n	100043b4 <pico_get_unique_board_id_string+0x1d8>
100042fc:	2530      	movs	r5, #48	@ 0x30
100042fe:	46ac      	mov	ip, r5
10004300:	799c      	ldrb	r4, [r3, #6]
10004302:	1122      	asrs	r2, r4, #4
10004304:	4494      	add	ip, r2
10004306:	2a09      	cmp	r2, #9
10004308:	dd02      	ble.n	10004310 <pico_get_unique_board_id_string+0x134>
1000430a:	3507      	adds	r5, #7
1000430c:	46ac      	mov	ip, r5
1000430e:	4494      	add	ip, r2
10004310:	4662      	mov	r2, ip
10004312:	7302      	strb	r2, [r0, #12]
10004314:	290d      	cmp	r1, #13
10004316:	d04d      	beq.n	100043b4 <pico_get_unique_board_id_string+0x1d8>
10004318:	220f      	movs	r2, #15
1000431a:	4022      	ands	r2, r4
1000431c:	0014      	movs	r4, r2
1000431e:	3430      	adds	r4, #48	@ 0x30
10004320:	2a09      	cmp	r2, #9
10004322:	d901      	bls.n	10004328 <pico_get_unique_board_id_string+0x14c>
10004324:	3237      	adds	r2, #55	@ 0x37
10004326:	0014      	movs	r4, r2
10004328:	7344      	strb	r4, [r0, #13]
1000432a:	290e      	cmp	r1, #14
1000432c:	d042      	beq.n	100043b4 <pico_get_unique_board_id_string+0x1d8>
1000432e:	79da      	ldrb	r2, [r3, #7]
10004330:	1113      	asrs	r3, r2, #4
10004332:	001c      	movs	r4, r3
10004334:	3430      	adds	r4, #48	@ 0x30
10004336:	2b09      	cmp	r3, #9
10004338:	dd01      	ble.n	1000433e <pico_get_unique_board_id_string+0x162>
1000433a:	3337      	adds	r3, #55	@ 0x37
1000433c:	001c      	movs	r4, r3
1000433e:	7384      	strb	r4, [r0, #14]
10004340:	290f      	cmp	r1, #15
10004342:	d037      	beq.n	100043b4 <pico_get_unique_board_id_string+0x1d8>
10004344:	230f      	movs	r3, #15
10004346:	4013      	ands	r3, r2
10004348:	001a      	movs	r2, r3
1000434a:	3237      	adds	r2, #55	@ 0x37
1000434c:	2b09      	cmp	r3, #9
1000434e:	d801      	bhi.n	10004354 <pico_get_unique_board_id_string+0x178>
10004350:	3330      	adds	r3, #48	@ 0x30
10004352:	001a      	movs	r2, r3
10004354:	73c2      	strb	r2, [r0, #15]
10004356:	2910      	cmp	r1, #16
10004358:	d02c      	beq.n	100043b4 <pico_get_unique_board_id_string+0x1d8>
1000435a:	3010      	adds	r0, #16
1000435c:	2300      	movs	r3, #0
1000435e:	7003      	strb	r3, [r0, #0]
10004360:	bd30      	pop	{r4, r5, pc}
10004362:	3237      	adds	r2, #55	@ 0x37
10004364:	0014      	movs	r4, r2
10004366:	e746      	b.n	100041f6 <pico_get_unique_board_id_string+0x1a>
10004368:	3237      	adds	r2, #55	@ 0x37
1000436a:	0014      	movs	r4, r2
1000436c:	e74f      	b.n	1000420e <pico_get_unique_board_id_string+0x32>
1000436e:	3237      	adds	r2, #55	@ 0x37
10004370:	0014      	movs	r4, r2
10004372:	e758      	b.n	10004226 <pico_get_unique_board_id_string+0x4a>
10004374:	3237      	adds	r2, #55	@ 0x37
10004376:	0014      	movs	r4, r2
10004378:	e761      	b.n	1000423e <pico_get_unique_board_id_string+0x62>
1000437a:	3237      	adds	r2, #55	@ 0x37
1000437c:	0014      	movs	r4, r2
1000437e:	e76a      	b.n	10004256 <pico_get_unique_board_id_string+0x7a>
10004380:	3237      	adds	r2, #55	@ 0x37
10004382:	0014      	movs	r4, r2
10004384:	e773      	b.n	1000426e <pico_get_unique_board_id_string+0x92>
10004386:	3507      	adds	r5, #7
10004388:	46ac      	mov	ip, r5
1000438a:	4494      	add	ip, r2
1000438c:	e77b      	b.n	10004286 <pico_get_unique_board_id_string+0xaa>
1000438e:	3237      	adds	r2, #55	@ 0x37
10004390:	0014      	movs	r4, r2
10004392:	e784      	b.n	1000429e <pico_get_unique_board_id_string+0xc2>
10004394:	3507      	adds	r5, #7
10004396:	46ac      	mov	ip, r5
10004398:	4494      	add	ip, r2
1000439a:	e78c      	b.n	100042b6 <pico_get_unique_board_id_string+0xda>
1000439c:	3237      	adds	r2, #55	@ 0x37
1000439e:	0014      	movs	r4, r2
100043a0:	e794      	b.n	100042cc <pico_get_unique_board_id_string+0xf0>
100043a2:	3507      	adds	r5, #7
100043a4:	46ac      	mov	ip, r5
100043a6:	4494      	add	ip, r2
100043a8:	e79b      	b.n	100042e2 <pico_get_unique_board_id_string+0x106>
100043aa:	3237      	adds	r2, #55	@ 0x37
100043ac:	0014      	movs	r4, r2
100043ae:	72c4      	strb	r4, [r0, #11]
100043b0:	290c      	cmp	r1, #12
100043b2:	d1a3      	bne.n	100042fc <pico_get_unique_board_id_string+0x120>
100043b4:	1840      	adds	r0, r0, r1
100043b6:	e7d1      	b.n	1000435c <pico_get_unique_board_id_string+0x180>
100043b8:	20001b24 	.word	0x20001b24

100043bc <flash_get_unique_id>:
100043bc:	b510      	push	{r4, lr}
100043be:	b088      	sub	sp, #32
100043c0:	0004      	movs	r4, r0
100043c2:	220d      	movs	r2, #13
100043c4:	2100      	movs	r1, #0
100043c6:	4668      	mov	r0, sp
100043c8:	f7fd feec 	bl	100021a4 <__wrap_memset>
100043cc:	220d      	movs	r2, #13
100043ce:	2100      	movs	r1, #0
100043d0:	a804      	add	r0, sp, #16
100043d2:	f7fd fee7 	bl	100021a4 <__wrap_memset>
100043d6:	466a      	mov	r2, sp
100043d8:	234b      	movs	r3, #75	@ 0x4b
100043da:	4668      	mov	r0, sp
100043dc:	7013      	strb	r3, [r2, #0]
100043de:	a904      	add	r1, sp, #16
100043e0:	2300      	movs	r3, #0
100043e2:	220d      	movs	r2, #13
100043e4:	f001 ffd4 	bl	10006390 <__flash_do_cmd_cs_veneer>
100043e8:	2115      	movs	r1, #21
100043ea:	2208      	movs	r2, #8
100043ec:	0020      	movs	r0, r4
100043ee:	4469      	add	r1, sp
100043f0:	f7fd fede 	bl	100021b0 <__wrap___aeabi_memcpy>
100043f4:	b008      	add	sp, #32
100043f6:	bd10      	pop	{r4, pc}

100043f8 <usb_reset_interface_init>:
100043f8:	4770      	bx	lr
100043fa:	46c0      	nop			@ (mov r8, r8)

100043fc <usb_reset_interface_reset>:
100043fc:	2200      	movs	r2, #0
100043fe:	4b01      	ldr	r3, [pc, #4]	@ (10004404 <usb_reset_interface_reset+0x8>)
10004400:	701a      	strb	r2, [r3, #0]
10004402:	4770      	bx	lr
10004404:	20001c52 	.word	0x20001c52

10004408 <usb_reset_interface_open>:
10004408:	794b      	ldrb	r3, [r1, #5]
1000440a:	2000      	movs	r0, #0
1000440c:	2bff      	cmp	r3, #255	@ 0xff
1000440e:	d10b      	bne.n	10004428 <usb_reset_interface_open+0x20>
10004410:	798b      	ldrb	r3, [r1, #6]
10004412:	2b00      	cmp	r3, #0
10004414:	d108      	bne.n	10004428 <usb_reset_interface_open+0x20>
10004416:	79cb      	ldrb	r3, [r1, #7]
10004418:	2b01      	cmp	r3, #1
1000441a:	d105      	bne.n	10004428 <usb_reset_interface_open+0x20>
1000441c:	2a08      	cmp	r2, #8
1000441e:	d903      	bls.n	10004428 <usb_reset_interface_open+0x20>
10004420:	4b02      	ldr	r3, [pc, #8]	@ (1000442c <usb_reset_interface_open+0x24>)
10004422:	788a      	ldrb	r2, [r1, #2]
10004424:	3009      	adds	r0, #9
10004426:	701a      	strb	r2, [r3, #0]
10004428:	4770      	bx	lr
1000442a:	46c0      	nop			@ (mov r8, r8)
1000442c:	20001c52 	.word	0x20001c52

10004430 <usb_reset_interface_xfer_cb>:
10004430:	2001      	movs	r0, #1
10004432:	4770      	bx	lr

10004434 <usb_reset_interface_control_xfer_cb>:
10004434:	b510      	push	{r4, lr}
10004436:	2901      	cmp	r1, #1
10004438:	d113      	bne.n	10004462 <usb_reset_interface_control_xfer_cb+0x2e>
1000443a:	4915      	ldr	r1, [pc, #84]	@ (10004490 <usb_reset_interface_control_xfer_cb+0x5c>)
1000443c:	7953      	ldrb	r3, [r2, #5]
1000443e:	7910      	ldrb	r0, [r2, #4]
10004440:	7809      	ldrb	r1, [r1, #0]
10004442:	021b      	lsls	r3, r3, #8
10004444:	4303      	orrs	r3, r0
10004446:	2000      	movs	r0, #0
10004448:	4299      	cmp	r1, r3
1000444a:	d000      	beq.n	1000444e <usb_reset_interface_control_xfer_cb+0x1a>
1000444c:	bd10      	pop	{r4, pc}
1000444e:	7853      	ldrb	r3, [r2, #1]
10004450:	2b01      	cmp	r3, #1
10004452:	d008      	beq.n	10004466 <usb_reset_interface_control_xfer_cb+0x32>
10004454:	2b02      	cmp	r3, #2
10004456:	d1f9      	bne.n	1000444c <usb_reset_interface_control_xfer_cb+0x18>
10004458:	2264      	movs	r2, #100	@ 0x64
1000445a:	2100      	movs	r1, #0
1000445c:	2000      	movs	r0, #0
1000445e:	f7fd f8cd 	bl	100015fc <watchdog_reboot>
10004462:	2001      	movs	r0, #1
10004464:	e7f2      	b.n	1000444c <usb_reset_interface_control_xfer_cb+0x18>
10004466:	78d1      	ldrb	r1, [r2, #3]
10004468:	7893      	ldrb	r3, [r2, #2]
1000446a:	0209      	lsls	r1, r1, #8
1000446c:	4319      	orrs	r1, r3
1000446e:	2380      	movs	r3, #128	@ 0x80
10004470:	000a      	movs	r2, r1
10004472:	005b      	lsls	r3, r3, #1
10004474:	401a      	ands	r2, r3
10004476:	4219      	tst	r1, r3
10004478:	d006      	beq.n	10004488 <usb_reset_interface_control_xfer_cb+0x54>
1000447a:	060a      	lsls	r2, r1, #24
1000447c:	0fd2      	lsrs	r2, r2, #31
1000447e:	0a48      	lsrs	r0, r1, #9
10004480:	2303      	movs	r3, #3
10004482:	4019      	ands	r1, r3
10004484:	f7fd f942 	bl	1000170c <rom_reset_usb_boot_extra>
10004488:	2001      	movs	r0, #1
1000448a:	4240      	negs	r0, r0
1000448c:	e7f8      	b.n	10004480 <usb_reset_interface_control_xfer_cb+0x4c>
1000448e:	46c0      	nop			@ (mov r8, r8)
10004490:	20001c52 	.word	0x20001c52

10004494 <tud_descriptor_bos_cb>:
10004494:	4800      	ldr	r0, [pc, #0]	@ (10004498 <tud_descriptor_bos_cb+0x4>)
10004496:	4770      	bx	lr
10004498:	10006a10 	.word	0x10006a10

1000449c <tud_vendor_control_xfer_cb>:
1000449c:	4694      	mov	ip, r2
1000449e:	2301      	movs	r3, #1
100044a0:	b510      	push	{r4, lr}
100044a2:	2901      	cmp	r1, #1
100044a4:	d10a      	bne.n	100044bc <tud_vendor_control_xfer_cb+0x20>
100044a6:	7852      	ldrb	r2, [r2, #1]
100044a8:	2300      	movs	r3, #0
100044aa:	2a01      	cmp	r2, #1
100044ac:	d106      	bne.n	100044bc <tud_vendor_control_xfer_cb+0x20>
100044ae:	4662      	mov	r2, ip
100044b0:	7911      	ldrb	r1, [r2, #4]
100044b2:	7952      	ldrb	r2, [r2, #5]
100044b4:	0212      	lsls	r2, r2, #8
100044b6:	430a      	orrs	r2, r1
100044b8:	2a07      	cmp	r2, #7
100044ba:	d001      	beq.n	100044c0 <tud_vendor_control_xfer_cb+0x24>
100044bc:	0018      	movs	r0, r3
100044be:	bd10      	pop	{r4, pc}
100044c0:	33a6      	adds	r3, #166	@ 0xa6
100044c2:	4661      	mov	r1, ip
100044c4:	4a02      	ldr	r2, [pc, #8]	@ (100044d0 <tud_vendor_control_xfer_cb+0x34>)
100044c6:	f000 feeb 	bl	100052a0 <tud_control_xfer>
100044ca:	0003      	movs	r3, r0
100044cc:	e7f6      	b.n	100044bc <tud_vendor_control_xfer_cb+0x20>
100044ce:	46c0      	nop			@ (mov r8, r8)
100044d0:	10006968 	.word	0x10006968

100044d4 <usbd_app_driver_get_cb>:
100044d4:	2301      	movs	r3, #1
100044d6:	7003      	strb	r3, [r0, #0]
100044d8:	4800      	ldr	r0, [pc, #0]	@ (100044dc <usbd_app_driver_get_cb+0x8>)
100044da:	4770      	bx	lr
100044dc:	10006a34 	.word	0x10006a34

100044e0 <tud_cdc_line_coding_cb>:
100044e0:	784b      	ldrb	r3, [r1, #1]
100044e2:	780a      	ldrb	r2, [r1, #0]
100044e4:	021b      	lsls	r3, r3, #8
100044e6:	4313      	orrs	r3, r2
100044e8:	788a      	ldrb	r2, [r1, #2]
100044ea:	b510      	push	{r4, lr}
100044ec:	0412      	lsls	r2, r2, #16
100044ee:	431a      	orrs	r2, r3
100044f0:	78cb      	ldrb	r3, [r1, #3]
100044f2:	061b      	lsls	r3, r3, #24
100044f4:	4313      	orrs	r3, r2
100044f6:	2296      	movs	r2, #150	@ 0x96
100044f8:	00d2      	lsls	r2, r2, #3
100044fa:	4293      	cmp	r3, r2
100044fc:	d000      	beq.n	10004500 <tud_cdc_line_coding_cb+0x20>
100044fe:	bd10      	pop	{r4, pc}
10004500:	2200      	movs	r2, #0
10004502:	2001      	movs	r0, #1
10004504:	0011      	movs	r1, r2
10004506:	4240      	negs	r0, r0
10004508:	f7fd f900 	bl	1000170c <rom_reset_usb_boot_extra>

1000450c <dcd_init>:
1000450c:	b5f8      	push	{r3, r4, r5, r6, r7, lr}
1000450e:	f000 f93b 	bl	10004788 <rp2040_usb_init>
10004512:	230c      	movs	r3, #12
10004514:	4d19      	ldr	r5, [pc, #100]	@ (1000457c <dcd_init+0x70>)
10004516:	22ff      	movs	r2, #255	@ 0xff
10004518:	67ab      	str	r3, [r5, #120]	@ 0x78
1000451a:	2005      	movs	r0, #5
1000451c:	4918      	ldr	r1, [pc, #96]	@ (10004580 <dcd_init+0x74>)
1000451e:	f7fc f921 	bl	10000764 <irq_add_shared_handler>
10004522:	4c18      	ldr	r4, [pc, #96]	@ (10004584 <dcd_init+0x78>)
10004524:	2240      	movs	r2, #64	@ 0x40
10004526:	2100      	movs	r1, #0
10004528:	0020      	movs	r0, r4
1000452a:	f7fd fe3b 	bl	100021a4 <__wrap_memset>
1000452e:	2740      	movs	r7, #64	@ 0x40
10004530:	2300      	movs	r3, #0
10004532:	2601      	movs	r6, #1
10004534:	2121      	movs	r1, #33	@ 0x21
10004536:	4a14      	ldr	r2, [pc, #80]	@ (10004588 <dcd_init+0x7c>)
10004538:	7066      	strb	r6, [r4, #1]
1000453a:	8327      	strh	r7, [r4, #24]
1000453c:	60a2      	str	r2, [r4, #8]
1000453e:	6013      	str	r3, [r2, #0]
10004540:	5463      	strb	r3, [r4, r1]
10004542:	315f      	adds	r1, #95	@ 0x5f
10004544:	8461      	strh	r1, [r4, #34]	@ 0x22
10004546:	3945      	subs	r1, #69	@ 0x45
10004548:	5463      	strb	r3, [r4, r1]
1000454a:	4a10      	ldr	r2, [pc, #64]	@ (1000458c <dcd_init+0x80>)
1000454c:	4910      	ldr	r1, [pc, #64]	@ (10004590 <dcd_init+0x84>)
1000454e:	6063      	str	r3, [r4, #4]
10004550:	60e2      	str	r2, [r4, #12]
10004552:	8727      	strh	r7, [r4, #56]	@ 0x38
10004554:	62a1      	str	r1, [r4, #40]	@ 0x28
10004556:	600b      	str	r3, [r1, #0]
10004558:	6263      	str	r3, [r4, #36]	@ 0x24
1000455a:	62e2      	str	r2, [r4, #44]	@ 0x2c
1000455c:	f001 fed0 	bl	10006300 <__reset_non_control_endpoints_veneer>
10004560:	2380      	movs	r3, #128	@ 0x80
10004562:	059b      	lsls	r3, r3, #22
10004564:	642e      	str	r6, [r5, #64]	@ 0x40
10004566:	64eb      	str	r3, [r5, #76]	@ 0x4c
10004568:	2390      	movs	r3, #144	@ 0x90
1000456a:	4a0a      	ldr	r2, [pc, #40]	@ (10004594 <dcd_init+0x88>)
1000456c:	2001      	movs	r0, #1
1000456e:	50ea      	str	r2, [r5, r3]
10004570:	2280      	movs	r2, #128	@ 0x80
10004572:	4b09      	ldr	r3, [pc, #36]	@ (10004598 <dcd_init+0x8c>)
10004574:	0252      	lsls	r2, r2, #9
10004576:	64da      	str	r2, [r3, #76]	@ 0x4c
10004578:	bdf8      	pop	{r3, r4, r5, r6, r7, pc}
1000457a:	46c0      	nop			@ (mov r8, r8)
1000457c:	50110000 	.word	0x50110000
10004580:	200004c1 	.word	0x200004c1
10004584:	20001700 	.word	0x20001700
10004588:	50100084 	.word	0x50100084
1000458c:	50100100 	.word	0x50100100
10004590:	50100080 	.word	0x50100080
10004594:	0001d010 	.word	0x0001d010
10004598:	50112000 	.word	0x50112000

1000459c <dcd_int_enable>:
1000459c:	b510      	push	{r4, lr}
1000459e:	2101      	movs	r1, #1
100045a0:	2005      	movs	r0, #5
100045a2:	f7fc f87f 	bl	100006a4 <irq_set_enabled>
100045a6:	bd10      	pop	{r4, pc}

100045a8 <dcd_set_address>:
100045a8:	b510      	push	{r4, lr}
100045aa:	2200      	movs	r2, #0
100045ac:	2100      	movs	r1, #0
100045ae:	4802      	ldr	r0, [pc, #8]	@ (100045b8 <dcd_set_address+0x10>)
100045b0:	f000 f90a 	bl	100047c8 <hw_endpoint_xfer_start>
100045b4:	bd10      	pop	{r4, pc}
100045b6:	46c0      	nop			@ (mov r8, r8)
100045b8:	20001720 	.word	0x20001720

100045bc <dcd_sof_enable>:
100045bc:	4b04      	ldr	r3, [pc, #16]	@ (100045d0 <dcd_sof_enable+0x14>)
100045be:	7019      	strb	r1, [r3, #0]
100045c0:	2900      	cmp	r1, #0
100045c2:	d004      	beq.n	100045ce <dcd_sof_enable+0x12>
100045c4:	2180      	movs	r1, #128	@ 0x80
100045c6:	2390      	movs	r3, #144	@ 0x90
100045c8:	4a02      	ldr	r2, [pc, #8]	@ (100045d4 <dcd_sof_enable+0x18>)
100045ca:	0289      	lsls	r1, r1, #10
100045cc:	50d1      	str	r1, [r2, r3]
100045ce:	4770      	bx	lr
100045d0:	20001c4e 	.word	0x20001c4e
100045d4:	50112000 	.word	0x50112000

100045d8 <dcd_edpt0_status_complete>:
100045d8:	780b      	ldrb	r3, [r1, #0]
100045da:	065b      	lsls	r3, r3, #25
100045dc:	d000      	beq.n	100045e0 <dcd_edpt0_status_complete+0x8>
100045de:	4770      	bx	lr
100045e0:	784b      	ldrb	r3, [r1, #1]
100045e2:	2b05      	cmp	r3, #5
100045e4:	d1fb      	bne.n	100045de <dcd_edpt0_status_complete+0x6>
100045e6:	788a      	ldrb	r2, [r1, #2]
100045e8:	4b01      	ldr	r3, [pc, #4]	@ (100045f0 <dcd_edpt0_status_complete+0x18>)
100045ea:	601a      	str	r2, [r3, #0]
100045ec:	e7f7      	b.n	100045de <dcd_edpt0_status_complete+0x6>
100045ee:	46c0      	nop			@ (mov r8, r8)
100045f0:	50110000 	.word	0x50110000

100045f4 <dcd_edpt_open>:
100045f4:	b5f8      	push	{r3, r4, r5, r6, r7, lr}
100045f6:	46ce      	mov	lr, r9
100045f8:	4647      	mov	r7, r8
100045fa:	78cb      	ldrb	r3, [r1, #3]
100045fc:	b580      	push	{r7, lr}
100045fe:	079b      	lsls	r3, r3, #30
10004600:	0f9a      	lsrs	r2, r3, #30
10004602:	0010      	movs	r0, r2
10004604:	2a01      	cmp	r2, #1
10004606:	d058      	beq.n	100046ba <dcd_edpt_open+0xc6>
10004608:	788c      	ldrb	r4, [r1, #2]
1000460a:	790a      	ldrb	r2, [r1, #4]
1000460c:	794b      	ldrb	r3, [r1, #5]
1000460e:	217f      	movs	r1, #127	@ 0x7f
10004610:	021b      	lsls	r3, r3, #8
10004612:	4021      	ands	r1, r4
10004614:	09e5      	lsrs	r5, r4, #7
10004616:	4313      	orrs	r3, r2
10004618:	004a      	lsls	r2, r1, #1
1000461a:	4691      	mov	r9, r2
1000461c:	4e2c      	ldr	r6, [pc, #176]	@ (100046d0 <dcd_edpt_open+0xdc>)
1000461e:	1952      	adds	r2, r2, r5
10004620:	0152      	lsls	r2, r2, #5
10004622:	18b2      	adds	r2, r6, r2
10004624:	7094      	strb	r4, [r2, #2]
10004626:	2401      	movs	r4, #1
10004628:	406c      	eors	r4, r5
1000462a:	7054      	strb	r4, [r2, #1]
1000462c:	2400      	movs	r4, #0
1000462e:	055b      	lsls	r3, r3, #21
10004630:	0d5b      	lsrs	r3, r3, #21
10004632:	70d4      	strb	r4, [r2, #3]
10004634:	8313      	strh	r3, [r2, #24]
10004636:	76d0      	strb	r0, [r2, #27]
10004638:	00ca      	lsls	r2, r1, #3
1000463a:	2d01      	cmp	r5, #1
1000463c:	d02c      	beq.n	10004698 <dcd_edpt_open+0xa4>
1000463e:	4f25      	ldr	r7, [pc, #148]	@ (100046d4 <dcd_edpt_open+0xe0>)
10004640:	19d2      	adds	r2, r2, r7
10004642:	018f      	lsls	r7, r1, #6
10004644:	46bc      	mov	ip, r7
10004646:	44b4      	add	ip, r6
10004648:	4667      	mov	r7, ip
1000464a:	60ba      	str	r2, [r7, #8]
1000464c:	6014      	str	r4, [r2, #0]
1000464e:	2900      	cmp	r1, #0
10004650:	d02c      	beq.n	100046ac <dcd_edpt_open+0xb8>
10004652:	4a21      	ldr	r2, [pc, #132]	@ (100046d8 <dcd_edpt_open+0xe4>)
10004654:	00c9      	lsls	r1, r1, #3
10004656:	1889      	adds	r1, r1, r2
10004658:	6079      	str	r1, [r7, #4]
1000465a:	333f      	adds	r3, #63	@ 0x3f
1000465c:	099b      	lsrs	r3, r3, #6
1000465e:	2802      	cmp	r0, #2
10004660:	d032      	beq.n	100046c8 <dcd_edpt_open+0xd4>
10004662:	019a      	lsls	r2, r3, #6
10004664:	464b      	mov	r3, r9
10004666:	4c1d      	ldr	r4, [pc, #116]	@ (100046dc <dcd_edpt_open+0xe8>)
10004668:	195b      	adds	r3, r3, r5
1000466a:	6821      	ldr	r1, [r4, #0]
1000466c:	015b      	lsls	r3, r3, #5
1000466e:	18f6      	adds	r6, r6, r3
10004670:	4b1b      	ldr	r3, [pc, #108]	@ (100046e0 <dcd_edpt_open+0xec>)
10004672:	188a      	adds	r2, r1, r2
10004674:	60f1      	str	r1, [r6, #12]
10004676:	6022      	str	r2, [r4, #0]
10004678:	429a      	cmp	r2, r3
1000467a:	d827      	bhi.n	100046cc <dcd_edpt_open+0xd8>
1000467c:	4a19      	ldr	r2, [pc, #100]	@ (100046e4 <dcd_edpt_open+0xf0>)
1000467e:	0683      	lsls	r3, r0, #26
10004680:	404a      	eors	r2, r1
10004682:	4313      	orrs	r3, r2
10004684:	2280      	movs	r2, #128	@ 0x80
10004686:	0612      	lsls	r2, r2, #24
10004688:	4313      	orrs	r3, r2
1000468a:	6872      	ldr	r2, [r6, #4]
1000468c:	6013      	str	r3, [r2, #0]
1000468e:	2001      	movs	r0, #1
10004690:	bcc0      	pop	{r6, r7}
10004692:	46b9      	mov	r9, r7
10004694:	46b0      	mov	r8, r6
10004696:	bdf8      	pop	{r3, r4, r5, r6, r7, pc}
10004698:	4f13      	ldr	r7, [pc, #76]	@ (100046e8 <dcd_edpt_open+0xf4>)
1000469a:	19d2      	adds	r2, r2, r7
1000469c:	018f      	lsls	r7, r1, #6
1000469e:	46bc      	mov	ip, r7
100046a0:	44b4      	add	ip, r6
100046a2:	4667      	mov	r7, ip
100046a4:	62ba      	str	r2, [r7, #40]	@ 0x28
100046a6:	6014      	str	r4, [r2, #0]
100046a8:	2900      	cmp	r1, #0
100046aa:	d108      	bne.n	100046be <dcd_edpt_open+0xca>
100046ac:	2300      	movs	r3, #0
100046ae:	016d      	lsls	r5, r5, #5
100046b0:	1975      	adds	r5, r6, r5
100046b2:	606b      	str	r3, [r5, #4]
100046b4:	4b0d      	ldr	r3, [pc, #52]	@ (100046ec <dcd_edpt_open+0xf8>)
100046b6:	60eb      	str	r3, [r5, #12]
100046b8:	e7e9      	b.n	1000468e <dcd_edpt_open+0x9a>
100046ba:	2000      	movs	r0, #0
100046bc:	e7e8      	b.n	10004690 <dcd_edpt_open+0x9c>
100046be:	4a09      	ldr	r2, [pc, #36]	@ (100046e4 <dcd_edpt_open+0xf0>)
100046c0:	00c9      	lsls	r1, r1, #3
100046c2:	1889      	adds	r1, r1, r2
100046c4:	6279      	str	r1, [r7, #36]	@ 0x24
100046c6:	e7c8      	b.n	1000465a <dcd_edpt_open+0x66>
100046c8:	01da      	lsls	r2, r3, #7
100046ca:	e7cb      	b.n	10004664 <dcd_edpt_open+0x70>
100046cc:	f7fd f846 	bl	1000175c <hard_assertion_failure>
100046d0:	20001700 	.word	0x20001700
100046d4:	50100084 	.word	0x50100084
100046d8:	50100004 	.word	0x50100004
100046dc:	20001b08 	.word	0x20001b08
100046e0:	50100fff 	.word	0x50100fff
100046e4:	50100000 	.word	0x50100000
100046e8:	50100080 	.word	0x50100080
100046ec:	50100100 	.word	0x50100100

100046f0 <dcd_edpt_close_all>:
100046f0:	b510      	push	{r4, lr}
100046f2:	f001 fe05 	bl	10006300 <__reset_non_control_endpoints_veneer>
100046f6:	bd10      	pop	{r4, pc}

100046f8 <dcd_edpt_xfer>:
100046f8:	207f      	movs	r0, #127	@ 0x7f
100046fa:	b510      	push	{r4, lr}
100046fc:	4008      	ands	r0, r1
100046fe:	0040      	lsls	r0, r0, #1
10004700:	09c9      	lsrs	r1, r1, #7
10004702:	1840      	adds	r0, r0, r1
10004704:	0011      	movs	r1, r2
10004706:	4a04      	ldr	r2, [pc, #16]	@ (10004718 <dcd_edpt_xfer+0x20>)
10004708:	0140      	lsls	r0, r0, #5
1000470a:	1880      	adds	r0, r0, r2
1000470c:	001a      	movs	r2, r3
1000470e:	f000 f85b 	bl	100047c8 <hw_endpoint_xfer_start>
10004712:	2001      	movs	r0, #1
10004714:	bd10      	pop	{r4, pc}
10004716:	46c0      	nop			@ (mov r8, r8)
10004718:	20001700 	.word	0x20001700

1000471c <dcd_edpt_stall>:
1000471c:	237f      	movs	r3, #127	@ 0x7f
1000471e:	0018      	movs	r0, r3
10004720:	b500      	push	{lr}
10004722:	4008      	ands	r0, r1
10004724:	b083      	sub	sp, #12
10004726:	420b      	tst	r3, r1
10004728:	d104      	bne.n	10004734 <dcd_edpt_stall+0x18>
1000472a:	424b      	negs	r3, r1
1000472c:	414b      	adcs	r3, r1
1000472e:	4a08      	ldr	r2, [pc, #32]	@ (10004750 <dcd_edpt_stall+0x34>)
10004730:	3301      	adds	r3, #1
10004732:	6693      	str	r3, [r2, #104]	@ 0x68
10004734:	2280      	movs	r2, #128	@ 0x80
10004736:	09c9      	lsrs	r1, r1, #7
10004738:	0040      	lsls	r0, r0, #1
1000473a:	4b06      	ldr	r3, [pc, #24]	@ (10004754 <dcd_edpt_stall+0x38>)
1000473c:	1840      	adds	r0, r0, r1
1000473e:	0140      	lsls	r0, r0, #5
10004740:	2100      	movs	r1, #0
10004742:	18c0      	adds	r0, r0, r3
10004744:	0112      	lsls	r2, r2, #4
10004746:	f001 fe03 	bl	10006350 <___hw_endpoint_buffer_control_update32_veneer>
1000474a:	b003      	add	sp, #12
1000474c:	bd00      	pop	{pc}
1000474e:	46c0      	nop			@ (mov r8, r8)
10004750:	50112000 	.word	0x50112000
10004754:	20001700 	.word	0x20001700

10004758 <dcd_edpt_clear_stall>:
10004758:	227f      	movs	r2, #127	@ 0x7f
1000475a:	0013      	movs	r3, r2
1000475c:	b510      	push	{r4, lr}
1000475e:	400b      	ands	r3, r1
10004760:	420a      	tst	r2, r1
10004762:	d100      	bne.n	10004766 <dcd_edpt_clear_stall+0xe>
10004764:	bd10      	pop	{r4, pc}
10004766:	09c9      	lsrs	r1, r1, #7
10004768:	005b      	lsls	r3, r3, #1
1000476a:	185b      	adds	r3, r3, r1
1000476c:	4804      	ldr	r0, [pc, #16]	@ (10004780 <dcd_edpt_clear_stall+0x28>)
1000476e:	015b      	lsls	r3, r3, #5
10004770:	18c0      	adds	r0, r0, r3
10004772:	2300      	movs	r3, #0
10004774:	2200      	movs	r2, #0
10004776:	4903      	ldr	r1, [pc, #12]	@ (10004784 <dcd_edpt_clear_stall+0x2c>)
10004778:	70c3      	strb	r3, [r0, #3]
1000477a:	f001 fde9 	bl	10006350 <___hw_endpoint_buffer_control_update32_veneer>
1000477e:	e7f1      	b.n	10004764 <dcd_edpt_clear_stall+0xc>
10004780:	20001700 	.word	0x20001700
10004784:	fffff7ff 	.word	0xfffff7ff

10004788 <rp2040_usb_init>:
10004788:	2280      	movs	r2, #128	@ 0x80
1000478a:	4b0a      	ldr	r3, [pc, #40]	@ (100047b4 <rp2040_usb_init+0x2c>)
1000478c:	0452      	lsls	r2, r2, #17
1000478e:	b510      	push	{r4, lr}
10004790:	601a      	str	r2, [r3, #0]
10004792:	4b09      	ldr	r3, [pc, #36]	@ (100047b8 <rp2040_usb_init+0x30>)
10004794:	4909      	ldr	r1, [pc, #36]	@ (100047bc <rp2040_usb_init+0x34>)
10004796:	601a      	str	r2, [r3, #0]
10004798:	0010      	movs	r0, r2
1000479a:	680b      	ldr	r3, [r1, #0]
1000479c:	4398      	bics	r0, r3
1000479e:	d1fb      	bne.n	10004798 <rp2040_usb_init+0x10>
100047a0:	2280      	movs	r2, #128	@ 0x80
100047a2:	2100      	movs	r1, #0
100047a4:	0152      	lsls	r2, r2, #5
100047a6:	4806      	ldr	r0, [pc, #24]	@ (100047c0 <rp2040_usb_init+0x38>)
100047a8:	f7fd fcfc 	bl	100021a4 <__wrap_memset>
100047ac:	2209      	movs	r2, #9
100047ae:	4b05      	ldr	r3, [pc, #20]	@ (100047c4 <rp2040_usb_init+0x3c>)
100047b0:	675a      	str	r2, [r3, #116]	@ 0x74
100047b2:	bd10      	pop	{r4, pc}
100047b4:	4000e000 	.word	0x4000e000
100047b8:	4000f000 	.word	0x4000f000
100047bc:	4000c008 	.word	0x4000c008
100047c0:	50100000 	.word	0x50100000
100047c4:	50110000 	.word	0x50110000

100047c8 <hw_endpoint_xfer_start>:
100047c8:	2300      	movs	r3, #0
100047ca:	b510      	push	{r4, lr}
100047cc:	82c3      	strh	r3, [r0, #22]
100047ce:	3301      	adds	r3, #1
100047d0:	8282      	strh	r2, [r0, #20]
100047d2:	7683      	strb	r3, [r0, #26]
100047d4:	6101      	str	r1, [r0, #16]
100047d6:	0004      	movs	r4, r0
100047d8:	f001 fdc2 	bl	10006360 <__e15_is_bulkin_ep_veneer>
100047dc:	2800      	cmp	r0, #0
100047de:	d004      	beq.n	100047ea <hw_endpoint_xfer_start+0x22>
100047e0:	2180      	movs	r1, #128	@ 0x80
100047e2:	2390      	movs	r3, #144	@ 0x90
100047e4:	4a07      	ldr	r2, [pc, #28]	@ (10004804 <hw_endpoint_xfer_start+0x3c>)
100047e6:	0289      	lsls	r1, r1, #10
100047e8:	50d1      	str	r1, [r2, r3]
100047ea:	0020      	movs	r0, r4
100047ec:	f001 fda0 	bl	10006330 <__e15_is_critical_frame_period_veneer>
100047f0:	2800      	cmp	r0, #0
100047f2:	d002      	beq.n	100047fa <hw_endpoint_xfer_start+0x32>
100047f4:	2301      	movs	r3, #1
100047f6:	7723      	strb	r3, [r4, #28]
100047f8:	bd10      	pop	{r4, pc}
100047fa:	0020      	movs	r0, r4
100047fc:	f001 fd90 	bl	10006320 <__hw_endpoint_start_next_buffer_veneer>
10004800:	e7fa      	b.n	100047f8 <hw_endpoint_xfer_start+0x30>
10004802:	46c0      	nop			@ (mov r8, r8)
10004804:	50112000 	.word	0x50112000

10004808 <tud_event_hook_cb>:
10004808:	4770      	bx	lr
1000480a:	46c0      	nop			@ (mov r8, r8)

1000480c <tud_sof_cb>:
1000480c:	4770      	bx	lr
1000480e:	46c0      	nop			@ (mov r8, r8)

10004810 <tud_descriptor_device_qualifier_cb>:
10004810:	2000      	movs	r0, #0
10004812:	4770      	bx	lr

10004814 <tud_descriptor_other_speed_configuration_cb>:
10004814:	2000      	movs	r0, #0
10004816:	4770      	bx	lr

10004818 <tud_mount_cb>:
10004818:	4770      	bx	lr
1000481a:	46c0      	nop			@ (mov r8, r8)

1000481c <tud_umount_cb>:
1000481c:	4770      	bx	lr
1000481e:	46c0      	nop			@ (mov r8, r8)

10004820 <tud_suspend_cb>:
10004820:	4770      	bx	lr
10004822:	46c0      	nop			@ (mov r8, r8)

10004824 <tud_resume_cb>:
10004824:	4770      	bx	lr
10004826:	46c0      	nop			@ (mov r8, r8)

10004828 <tud_mounted>:
10004828:	4b02      	ldr	r3, [pc, #8]	@ (10004834 <tud_mounted+0xc>)
1000482a:	7858      	ldrb	r0, [r3, #1]
1000482c:	1e43      	subs	r3, r0, #1
1000482e:	4198      	sbcs	r0, r3
10004830:	b2c0      	uxtb	r0, r0
10004832:	4770      	bx	lr
10004834:	20001478 	.word	0x20001478

10004838 <tud_suspended>:
10004838:	4b02      	ldr	r3, [pc, #8]	@ (10004844 <tud_suspended+0xc>)
1000483a:	7818      	ldrb	r0, [r3, #0]
1000483c:	0740      	lsls	r0, r0, #29
1000483e:	0fc0      	lsrs	r0, r0, #31
10004840:	4770      	bx	lr
10004842:	46c0      	nop			@ (mov r8, r8)
10004844:	20001478 	.word	0x20001478

10004848 <tud_rhport_init>:
10004848:	b5f0      	push	{r4, r5, r6, r7, lr}
1000484a:	46d6      	mov	lr, sl
1000484c:	464f      	mov	r7, r9
1000484e:	4646      	mov	r6, r8
10004850:	b5c0      	push	{r6, r7, lr}
10004852:	4b2c      	ldr	r3, [pc, #176]	@ (10004904 <tud_rhport_init+0xbc>)
10004854:	4681      	mov	r9, r0
10004856:	4698      	mov	r8, r3
10004858:	781b      	ldrb	r3, [r3, #0]
1000485a:	468a      	mov	sl, r1
1000485c:	2bff      	cmp	r3, #255	@ 0xff
1000485e:	d14b      	bne.n	100048f8 <tud_rhport_init+0xb0>
10004860:	2900      	cmp	r1, #0
10004862:	d03b      	beq.n	100048dc <tud_rhport_init+0x94>
10004864:	2100      	movs	r1, #0
10004866:	2254      	movs	r2, #84	@ 0x54
10004868:	4827      	ldr	r0, [pc, #156]	@ (10004908 <tud_rhport_init+0xc0>)
1000486a:	f7fd fc9b 	bl	100021a4 <__wrap_memset>
1000486e:	2200      	movs	r2, #0
10004870:	4c26      	ldr	r4, [pc, #152]	@ (1000490c <tud_rhport_init+0xc4>)
10004872:	4b27      	ldr	r3, [pc, #156]	@ (10004910 <tud_rhport_init+0xc8>)
10004874:	0020      	movs	r0, r4
10004876:	701a      	strb	r2, [r3, #0]
10004878:	f7fc f8fa 	bl	10000a70 <mutex_init>
1000487c:	4b25      	ldr	r3, [pc, #148]	@ (10004914 <tud_rhport_init+0xcc>)
1000487e:	601c      	str	r4, [r3, #0]
10004880:	4c25      	ldr	r4, [pc, #148]	@ (10004918 <tud_rhport_init+0xd0>)
10004882:	0020      	movs	r0, r4
10004884:	3c14      	subs	r4, #20
10004886:	f7fc f901 	bl	10000a8c <critical_section_init>
1000488a:	0020      	movs	r0, r4
1000488c:	f001 fb98 	bl	10005fc0 <tu_fifo_clear>
10004890:	4b22      	ldr	r3, [pc, #136]	@ (1000491c <tud_rhport_init+0xd4>)
10004892:	4d23      	ldr	r5, [pc, #140]	@ (10004920 <tud_rhport_init+0xd8>)
10004894:	601c      	str	r4, [r3, #0]
10004896:	4b23      	ldr	r3, [pc, #140]	@ (10004924 <tud_rhport_init+0xdc>)
10004898:	2b00      	cmp	r3, #0
1000489a:	d004      	beq.n	100048a6 <tud_rhport_init+0x5e>
1000489c:	0028      	movs	r0, r5
1000489e:	f7ff fe19 	bl	100044d4 <usbd_app_driver_get_cb>
100048a2:	4b21      	ldr	r3, [pc, #132]	@ (10004928 <tud_rhport_init+0xe0>)
100048a4:	6018      	str	r0, [r3, #0]
100048a6:	2400      	movs	r4, #0
100048a8:	782b      	ldrb	r3, [r5, #0]
100048aa:	4f20      	ldr	r7, [pc, #128]	@ (1000492c <tud_rhport_init+0xe4>)
100048ac:	4e1e      	ldr	r6, [pc, #120]	@ (10004928 <tud_rhport_init+0xe0>)
100048ae:	e00d      	b.n	100048cc <tud_rhport_init+0x84>
100048b0:	6833      	ldr	r3, [r6, #0]
100048b2:	0162      	lsls	r2, r4, #5
100048b4:	189b      	adds	r3, r3, r2
100048b6:	2b00      	cmp	r3, #0
100048b8:	d010      	beq.n	100048dc <tud_rhport_init+0x94>
100048ba:	685b      	ldr	r3, [r3, #4]
100048bc:	2b00      	cmp	r3, #0
100048be:	d00d      	beq.n	100048dc <tud_rhport_init+0x94>
100048c0:	4798      	blx	r3
100048c2:	3401      	adds	r4, #1
100048c4:	782b      	ldrb	r3, [r5, #0]
100048c6:	b2e4      	uxtb	r4, r4
100048c8:	42a3      	cmp	r3, r4
100048ca:	d309      	bcc.n	100048e0 <tud_rhport_init+0x98>
100048cc:	42a3      	cmp	r3, r4
100048ce:	d8ef      	bhi.n	100048b0 <tud_rhport_init+0x68>
100048d0:	1ae3      	subs	r3, r4, r3
100048d2:	015b      	lsls	r3, r3, #5
100048d4:	19db      	adds	r3, r3, r7
100048d6:	685b      	ldr	r3, [r3, #4]
100048d8:	2b00      	cmp	r3, #0
100048da:	d1f1      	bne.n	100048c0 <tud_rhport_init+0x78>
100048dc:	2000      	movs	r0, #0
100048de:	e00c      	b.n	100048fa <tud_rhport_init+0xb2>
100048e0:	4642      	mov	r2, r8
100048e2:	464b      	mov	r3, r9
100048e4:	4651      	mov	r1, sl
100048e6:	4648      	mov	r0, r9
100048e8:	7013      	strb	r3, [r2, #0]
100048ea:	f7ff fe0f 	bl	1000450c <dcd_init>
100048ee:	2800      	cmp	r0, #0
100048f0:	d0f4      	beq.n	100048dc <tud_rhport_init+0x94>
100048f2:	4648      	mov	r0, r9
100048f4:	f7ff fe52 	bl	1000459c <dcd_int_enable>
100048f8:	2001      	movs	r0, #1
100048fa:	bce0      	pop	{r5, r6, r7}
100048fc:	46ba      	mov	sl, r7
100048fe:	46b1      	mov	r9, r6
10004900:	46a8      	mov	r8, r5
10004902:	bdf0      	pop	{r4, r5, r6, r7, pc}
10004904:	20001024 	.word	0x20001024
10004908:	20001478 	.word	0x20001478
1000490c:	20001470 	.word	0x20001470
10004910:	20001c4f 	.word	0x20001c4f
10004914:	200014cc 	.word	0x200014cc
10004918:	2000101c 	.word	0x2000101c
1000491c:	200014d0 	.word	0x200014d0
10004920:	20001c4d 	.word	0x20001c4d
10004924:	100044d5 	.word	0x100044d5
10004928:	20001390 	.word	0x20001390
1000492c:	10006afc 	.word	0x10006afc

10004930 <tud_task_ext>:
10004930:	b5f0      	push	{r4, r5, r6, r7, lr}
10004932:	46de      	mov	lr, fp
10004934:	4657      	mov	r7, sl
10004936:	464e      	mov	r6, r9
10004938:	4645      	mov	r5, r8
1000493a:	b5e0      	push	{r5, r6, r7, lr}
1000493c:	4bc8      	ldr	r3, [pc, #800]	@ (10004c60 <tud_task_ext+0x330>)
1000493e:	b091      	sub	sp, #68	@ 0x44
10004940:	9303      	str	r3, [sp, #12]
10004942:	781b      	ldrb	r3, [r3, #0]
10004944:	2bff      	cmp	r3, #255	@ 0xff
10004946:	d100      	bne.n	1000494a <tud_task_ext+0x1a>
10004948:	e142      	b.n	10004bd0 <tud_task_ext+0x2a0>
1000494a:	4bc6      	ldr	r3, [pc, #792]	@ (10004c64 <tud_task_ext+0x334>)
1000494c:	4ec6      	ldr	r6, [pc, #792]	@ (10004c68 <tud_task_ext+0x338>)
1000494e:	001f      	movs	r7, r3
10004950:	4bc6      	ldr	r3, [pc, #792]	@ (10004c6c <tud_task_ext+0x33c>)
10004952:	ac0d      	add	r4, sp, #52	@ 0x34
10004954:	9302      	str	r3, [sp, #8]
10004956:	4bc6      	ldr	r3, [pc, #792]	@ (10004c70 <tud_task_ext+0x340>)
10004958:	9301      	str	r3, [sp, #4]
1000495a:	6835      	ldr	r5, [r6, #0]
1000495c:	696a      	ldr	r2, [r5, #20]
1000495e:	f3ef 8110 	mrs	r1, PRIMASK
10004962:	b672      	cpsid	i
10004964:	6813      	ldr	r3, [r2, #0]
10004966:	2b00      	cmp	r3, #0
10004968:	d0fc      	beq.n	10004964 <tud_task_ext+0x34>
1000496a:	f3bf 8f5f 	dmb	sy
1000496e:	61a9      	str	r1, [r5, #24]
10004970:	0028      	movs	r0, r5
10004972:	0021      	movs	r1, r4
10004974:	f001 f95a 	bl	10005c2c <tu_fifo_read>
10004978:	696a      	ldr	r2, [r5, #20]
1000497a:	69ab      	ldr	r3, [r5, #24]
1000497c:	f3bf 8f5f 	dmb	sy
10004980:	2100      	movs	r1, #0
10004982:	6011      	str	r1, [r2, #0]
10004984:	f383 8810 	msr	PRIMASK, r3
10004988:	2800      	cmp	r0, #0
1000498a:	d100      	bne.n	1000498e <tud_task_ext+0x5e>
1000498c:	e120      	b.n	10004bd0 <tud_task_ext+0x2a0>
1000498e:	7863      	ldrb	r3, [r4, #1]
10004990:	2b08      	cmp	r3, #8
10004992:	d8e2      	bhi.n	1000495a <tud_task_ext+0x2a>
10004994:	009b      	lsls	r3, r3, #2
10004996:	58fb      	ldr	r3, [r7, r3]
10004998:	469f      	mov	pc, r3
1000499a:	6863      	ldr	r3, [r4, #4]
1000499c:	2b00      	cmp	r3, #0
1000499e:	d0dc      	beq.n	1000495a <tud_task_ext+0x2a>
100049a0:	68a0      	ldr	r0, [r4, #8]
100049a2:	4798      	blx	r3
100049a4:	e7d9      	b.n	1000495a <tud_task_ext+0x2a>
100049a6:	227f      	movs	r2, #127	@ 0x7f
100049a8:	7921      	ldrb	r1, [r4, #4]
100049aa:	4db0      	ldr	r5, [pc, #704]	@ (10004c6c <tud_task_ext+0x33c>)
100049ac:	400a      	ands	r2, r1
100049ae:	0053      	lsls	r3, r2, #1
100049b0:	18eb      	adds	r3, r5, r3
100049b2:	4698      	mov	r8, r3
100049b4:	09c8      	lsrs	r0, r1, #7
100049b6:	4480      	add	r8, r0
100049b8:	4640      	mov	r0, r8
100049ba:	2301      	movs	r3, #1
100049bc:	3030      	adds	r0, #48	@ 0x30
100049be:	7905      	ldrb	r5, [r0, #4]
100049c0:	439d      	bics	r5, r3
100049c2:	7105      	strb	r5, [r0, #4]
100049c4:	7905      	ldrb	r5, [r0, #4]
100049c6:	3303      	adds	r3, #3
100049c8:	439d      	bics	r5, r3
100049ca:	7105      	strb	r5, [r0, #4]
100049cc:	2a00      	cmp	r2, #0
100049ce:	d100      	bne.n	100049d2 <tud_task_ext+0xa2>
100049d0:	e105      	b.n	10004bde <tud_task_ext+0x2ae>
100049d2:	4643      	mov	r3, r8
100049d4:	4aa7      	ldr	r2, [pc, #668]	@ (10004c74 <tud_task_ext+0x344>)
100049d6:	7d1b      	ldrb	r3, [r3, #20]
100049d8:	7812      	ldrb	r2, [r2, #0]
100049da:	4293      	cmp	r3, r2
100049dc:	d300      	bcc.n	100049e0 <tud_task_ext+0xb0>
100049de:	e0f5      	b.n	10004bcc <tud_task_ext+0x29c>
100049e0:	4aa5      	ldr	r2, [pc, #660]	@ (10004c78 <tud_task_ext+0x348>)
100049e2:	015b      	lsls	r3, r3, #5
100049e4:	6815      	ldr	r5, [r2, #0]
100049e6:	18ed      	adds	r5, r5, r3
100049e8:	2d00      	cmp	r5, #0
100049ea:	d100      	bne.n	100049ee <tud_task_ext+0xbe>
100049ec:	e0f0      	b.n	10004bd0 <tud_task_ext+0x2a0>
100049ee:	68a3      	ldr	r3, [r4, #8]
100049f0:	7962      	ldrb	r2, [r4, #5]
100049f2:	7820      	ldrb	r0, [r4, #0]
100049f4:	69ad      	ldr	r5, [r5, #24]
100049f6:	47a8      	blx	r5
100049f8:	e7af      	b.n	1000495a <tud_task_ext+0x2a>
100049fa:	4ba0      	ldr	r3, [pc, #640]	@ (10004c7c <tud_task_ext+0x34c>)
100049fc:	781a      	ldrb	r2, [r3, #0]
100049fe:	2a00      	cmp	r2, #0
10004a00:	d100      	bne.n	10004a04 <tud_task_ext+0xd4>
10004a02:	e0e5      	b.n	10004bd0 <tud_task_ext+0x2a0>
10004a04:	781a      	ldrb	r2, [r3, #0]
10004a06:	3a01      	subs	r2, #1
10004a08:	701a      	strb	r2, [r3, #0]
10004a0a:	781b      	ldrb	r3, [r3, #0]
10004a0c:	2b00      	cmp	r3, #0
10004a0e:	d1a4      	bne.n	1000495a <tud_task_ext+0x2a>
10004a10:	2201      	movs	r2, #1
10004a12:	4d96      	ldr	r5, [pc, #600]	@ (10004c6c <tud_task_ext+0x33c>)
10004a14:	2101      	movs	r1, #1
10004a16:	782b      	ldrb	r3, [r5, #0]
10004a18:	2004      	movs	r0, #4
10004a1a:	4313      	orrs	r3, r2
10004a1c:	702b      	strb	r3, [r5, #0]
10004a1e:	2334      	movs	r3, #52	@ 0x34
10004a20:	5cea      	ldrb	r2, [r5, r3]
10004a22:	438a      	bics	r2, r1
10004a24:	54ea      	strb	r2, [r5, r3]
10004a26:	5cea      	ldrb	r2, [r5, r3]
10004a28:	4382      	bics	r2, r0
10004a2a:	54ea      	strb	r2, [r5, r3]
10004a2c:	3301      	adds	r3, #1
10004a2e:	5cea      	ldrb	r2, [r5, r3]
10004a30:	438a      	bics	r2, r1
10004a32:	54ea      	strb	r2, [r5, r3]
10004a34:	5cea      	ldrb	r2, [r5, r3]
10004a36:	4382      	bics	r2, r0
10004a38:	54ea      	strb	r2, [r5, r3]
10004a3a:	7823      	ldrb	r3, [r4, #0]
10004a3c:	2000      	movs	r0, #0
10004a3e:	469b      	mov	fp, r3
10004a40:	f000 fc88 	bl	10005354 <usbd_control_set_complete_callback>
10004a44:	2260      	movs	r2, #96	@ 0x60
10004a46:	7923      	ldrb	r3, [r4, #4]
10004a48:	401a      	ands	r2, r3
10004a4a:	2a60      	cmp	r2, #96	@ 0x60
10004a4c:	d100      	bne.n	10004a50 <tud_task_ext+0x120>
10004a4e:	e0f1      	b.n	10004c34 <tud_task_ext+0x304>
10004a50:	2a40      	cmp	r2, #64	@ 0x40
10004a52:	d100      	bne.n	10004a56 <tud_task_ext+0x126>
10004a54:	e0f7      	b.n	10004c46 <tud_task_ext+0x316>
10004a56:	06db      	lsls	r3, r3, #27
10004a58:	0edb      	lsrs	r3, r3, #27
10004a5a:	2b01      	cmp	r3, #1
10004a5c:	d100      	bne.n	10004a60 <tud_task_ext+0x130>
10004a5e:	e115      	b.n	10004c8c <tud_task_ext+0x35c>
10004a60:	2b02      	cmp	r3, #2
10004a62:	d100      	bne.n	10004a66 <tud_task_ext+0x136>
10004a64:	e0ca      	b.n	10004bfc <tud_task_ext+0x2cc>
10004a66:	2b00      	cmp	r3, #0
10004a68:	d000      	beq.n	10004a6c <tud_task_ext+0x13c>
10004a6a:	e0e3      	b.n	10004c34 <tud_task_ext+0x304>
10004a6c:	2a20      	cmp	r2, #32
10004a6e:	d100      	bne.n	10004a72 <tud_task_ext+0x142>
10004a70:	e211      	b.n	10004e96 <tud_task_ext+0x566>
10004a72:	2a00      	cmp	r2, #0
10004a74:	d000      	beq.n	10004a78 <tud_task_ext+0x148>
10004a76:	e0dd      	b.n	10004c34 <tud_task_ext+0x304>
10004a78:	7963      	ldrb	r3, [r4, #5]
10004a7a:	2b09      	cmp	r3, #9
10004a7c:	d900      	bls.n	10004a80 <tud_task_ext+0x150>
10004a7e:	e0d9      	b.n	10004c34 <tud_task_ext+0x304>
10004a80:	4a7f      	ldr	r2, [pc, #508]	@ (10004c80 <tud_task_ext+0x350>)
10004a82:	009b      	lsls	r3, r3, #2
10004a84:	58d3      	ldr	r3, [r2, r3]
10004a86:	469f      	mov	pc, r3
10004a88:	4d78      	ldr	r5, [pc, #480]	@ (10004c6c <tud_task_ext+0x33c>)
10004a8a:	782b      	ldrb	r3, [r5, #0]
10004a8c:	07db      	lsls	r3, r3, #31
10004a8e:	d400      	bmi.n	10004a92 <tud_task_ext+0x162>
10004a90:	e763      	b.n	1000495a <tud_task_ext+0x2a>
10004a92:	f7ff fec7 	bl	10004824 <tud_resume_cb>
10004a96:	e760      	b.n	1000495a <tud_task_ext+0x2a>
10004a98:	9b02      	ldr	r3, [sp, #8]
10004a9a:	78db      	ldrb	r3, [r3, #3]
10004a9c:	07db      	lsls	r3, r3, #31
10004a9e:	d400      	bmi.n	10004aa2 <tud_task_ext+0x172>
10004aa0:	e75b      	b.n	1000495a <tud_task_ext+0x2a>
10004aa2:	6860      	ldr	r0, [r4, #4]
10004aa4:	f7ff feb2 	bl	1000480c <tud_sof_cb>
10004aa8:	e757      	b.n	1000495a <tud_task_ext+0x2a>
10004aaa:	4d70      	ldr	r5, [pc, #448]	@ (10004c6c <tud_task_ext+0x33c>)
10004aac:	782b      	ldrb	r3, [r5, #0]
10004aae:	07db      	lsls	r3, r3, #31
10004ab0:	d400      	bmi.n	10004ab4 <tud_task_ext+0x184>
10004ab2:	e752      	b.n	1000495a <tud_task_ext+0x2a>
10004ab4:	7828      	ldrb	r0, [r5, #0]
10004ab6:	0700      	lsls	r0, r0, #28
10004ab8:	0fc0      	lsrs	r0, r0, #31
10004aba:	f7ff feb1 	bl	10004820 <tud_suspend_cb>
10004abe:	e74c      	b.n	1000495a <tud_task_ext+0x2a>
10004ac0:	7823      	ldrb	r3, [r4, #0]
10004ac2:	4a6b      	ldr	r2, [pc, #428]	@ (10004c70 <tud_task_ext+0x340>)
10004ac4:	4699      	mov	r9, r3
10004ac6:	4693      	mov	fp, r2
10004ac8:	4b6a      	ldr	r3, [pc, #424]	@ (10004c74 <tud_task_ext+0x344>)
10004aca:	4a6b      	ldr	r2, [pc, #428]	@ (10004c78 <tud_task_ext+0x348>)
10004acc:	4698      	mov	r8, r3
10004ace:	4692      	mov	sl, r2
10004ad0:	003a      	movs	r2, r7
10004ad2:	2500      	movs	r5, #0
10004ad4:	4647      	mov	r7, r8
10004ad6:	781b      	ldrb	r3, [r3, #0]
10004ad8:	46b0      	mov	r8, r6
10004ada:	464e      	mov	r6, r9
10004adc:	4691      	mov	r9, r2
10004ade:	e00e      	b.n	10004afe <tud_task_ext+0x1ce>
10004ae0:	4653      	mov	r3, sl
10004ae2:	681b      	ldr	r3, [r3, #0]
10004ae4:	016a      	lsls	r2, r5, #5
10004ae6:	189b      	adds	r3, r3, r2
10004ae8:	2b00      	cmp	r3, #0
10004aea:	d100      	bne.n	10004aee <tud_task_ext+0x1be>
10004aec:	e07d      	b.n	10004bea <tud_task_ext+0x2ba>
10004aee:	68db      	ldr	r3, [r3, #12]
10004af0:	0030      	movs	r0, r6
10004af2:	4798      	blx	r3
10004af4:	3501      	adds	r5, #1
10004af6:	783b      	ldrb	r3, [r7, #0]
10004af8:	b2ed      	uxtb	r5, r5
10004afa:	42ab      	cmp	r3, r5
10004afc:	d30c      	bcc.n	10004b18 <tud_task_ext+0x1e8>
10004afe:	42ab      	cmp	r3, r5
10004b00:	d8ee      	bhi.n	10004ae0 <tud_task_ext+0x1b0>
10004b02:	1aeb      	subs	r3, r5, r3
10004b04:	015b      	lsls	r3, r3, #5
10004b06:	445b      	add	r3, fp
10004b08:	68db      	ldr	r3, [r3, #12]
10004b0a:	0030      	movs	r0, r6
10004b0c:	4798      	blx	r3
10004b0e:	3501      	adds	r5, #1
10004b10:	783b      	ldrb	r3, [r7, #0]
10004b12:	b2ed      	uxtb	r5, r5
10004b14:	42ab      	cmp	r3, r5
10004b16:	d2f2      	bcs.n	10004afe <tud_task_ext+0x1ce>
10004b18:	4d54      	ldr	r5, [pc, #336]	@ (10004c6c <tud_task_ext+0x33c>)
10004b1a:	2254      	movs	r2, #84	@ 0x54
10004b1c:	2100      	movs	r1, #0
10004b1e:	0028      	movs	r0, r5
10004b20:	f7fd fb40 	bl	100021a4 <__wrap_memset>
10004b24:	2210      	movs	r2, #16
10004b26:	21ff      	movs	r1, #255	@ 0xff
10004b28:	1d28      	adds	r0, r5, #4
10004b2a:	f7fd fb3b 	bl	100021a4 <__wrap_memset>
10004b2e:	0028      	movs	r0, r5
10004b30:	2220      	movs	r2, #32
10004b32:	21ff      	movs	r1, #255	@ 0xff
10004b34:	3014      	adds	r0, #20
10004b36:	4646      	mov	r6, r8
10004b38:	464f      	mov	r7, r9
10004b3a:	f7fd fb33 	bl	100021a4 <__wrap_memset>
10004b3e:	f000 fbff 	bl	10005340 <usbd_control_reset>
10004b42:	7923      	ldrb	r3, [r4, #4]
10004b44:	70ab      	strb	r3, [r5, #2]
10004b46:	e708      	b.n	1000495a <tud_task_ext+0x2a>
10004b48:	7823      	ldrb	r3, [r4, #0]
10004b4a:	4a4b      	ldr	r2, [pc, #300]	@ (10004c78 <tud_task_ext+0x348>)
10004b4c:	4699      	mov	r9, r3
10004b4e:	4b49      	ldr	r3, [pc, #292]	@ (10004c74 <tud_task_ext+0x344>)
10004b50:	4692      	mov	sl, r2
10004b52:	4698      	mov	r8, r3
10004b54:	0032      	movs	r2, r6
10004b56:	46bb      	mov	fp, r7
10004b58:	464e      	mov	r6, r9
10004b5a:	2500      	movs	r5, #0
10004b5c:	4647      	mov	r7, r8
10004b5e:	4691      	mov	r9, r2
10004b60:	781b      	ldrb	r3, [r3, #0]
10004b62:	e00d      	b.n	10004b80 <tud_task_ext+0x250>
10004b64:	4653      	mov	r3, sl
10004b66:	681b      	ldr	r3, [r3, #0]
10004b68:	016a      	lsls	r2, r5, #5
10004b6a:	189b      	adds	r3, r3, r2
10004b6c:	2b00      	cmp	r3, #0
10004b6e:	d040      	beq.n	10004bf2 <tud_task_ext+0x2c2>
10004b70:	68db      	ldr	r3, [r3, #12]
10004b72:	0030      	movs	r0, r6
10004b74:	4798      	blx	r3
10004b76:	3501      	adds	r5, #1
10004b78:	783b      	ldrb	r3, [r7, #0]
10004b7a:	b2ed      	uxtb	r5, r5
10004b7c:	42ab      	cmp	r3, r5
10004b7e:	d30d      	bcc.n	10004b9c <tud_task_ext+0x26c>
10004b80:	429d      	cmp	r5, r3
10004b82:	d3ef      	bcc.n	10004b64 <tud_task_ext+0x234>
10004b84:	9a01      	ldr	r2, [sp, #4]
10004b86:	1aeb      	subs	r3, r5, r3
10004b88:	015b      	lsls	r3, r3, #5
10004b8a:	18d3      	adds	r3, r2, r3
10004b8c:	68db      	ldr	r3, [r3, #12]
10004b8e:	0030      	movs	r0, r6
10004b90:	4798      	blx	r3
10004b92:	3501      	adds	r5, #1
10004b94:	783b      	ldrb	r3, [r7, #0]
10004b96:	b2ed      	uxtb	r5, r5
10004b98:	42ab      	cmp	r3, r5
10004b9a:	d2f1      	bcs.n	10004b80 <tud_task_ext+0x250>
10004b9c:	9d02      	ldr	r5, [sp, #8]
10004b9e:	2254      	movs	r2, #84	@ 0x54
10004ba0:	2100      	movs	r1, #0
10004ba2:	0028      	movs	r0, r5
10004ba4:	f7fd fafe 	bl	100021a4 <__wrap_memset>
10004ba8:	2210      	movs	r2, #16
10004baa:	21ff      	movs	r1, #255	@ 0xff
10004bac:	4835      	ldr	r0, [pc, #212]	@ (10004c84 <tud_task_ext+0x354>)
10004bae:	f7fd faf9 	bl	100021a4 <__wrap_memset>
10004bb2:	0028      	movs	r0, r5
10004bb4:	2220      	movs	r2, #32
10004bb6:	21ff      	movs	r1, #255	@ 0xff
10004bb8:	3014      	adds	r0, #20
10004bba:	464e      	mov	r6, r9
10004bbc:	465f      	mov	r7, fp
10004bbe:	f7fd faf1 	bl	100021a4 <__wrap_memset>
10004bc2:	f000 fbbd 	bl	10005340 <usbd_control_reset>
10004bc6:	f7ff fe29 	bl	1000481c <tud_umount_cb>
10004bca:	e6c6      	b.n	1000495a <tud_task_ext+0x2a>
10004bcc:	4293      	cmp	r3, r2
10004bce:	d013      	beq.n	10004bf8 <tud_task_ext+0x2c8>
10004bd0:	b011      	add	sp, #68	@ 0x44
10004bd2:	bcf0      	pop	{r4, r5, r6, r7}
10004bd4:	46bb      	mov	fp, r7
10004bd6:	46b2      	mov	sl, r6
10004bd8:	46a9      	mov	r9, r5
10004bda:	46a0      	mov	r8, r4
10004bdc:	bdf0      	pop	{r4, r5, r6, r7, pc}
10004bde:	68a3      	ldr	r3, [r4, #8]
10004be0:	7962      	ldrb	r2, [r4, #5]
10004be2:	7820      	ldrb	r0, [r4, #0]
10004be4:	f000 fbca 	bl	1000537c <usbd_control_xfer_cb>
10004be8:	e6b7      	b.n	1000495a <tud_task_ext+0x2a>
10004bea:	4646      	mov	r6, r8
10004bec:	464f      	mov	r7, r9
10004bee:	4d1f      	ldr	r5, [pc, #124]	@ (10004c6c <tud_task_ext+0x33c>)
10004bf0:	e7a5      	b.n	10004b3e <tud_task_ext+0x20e>
10004bf2:	464e      	mov	r6, r9
10004bf4:	465f      	mov	r7, fp
10004bf6:	e7e4      	b.n	10004bc2 <tud_task_ext+0x292>
10004bf8:	4d1d      	ldr	r5, [pc, #116]	@ (10004c70 <tud_task_ext+0x340>)
10004bfa:	e6f8      	b.n	100049ee <tud_task_ext+0xbe>
10004bfc:	2370      	movs	r3, #112	@ 0x70
10004bfe:	7a21      	ldrb	r1, [r4, #8]
10004c00:	420b      	tst	r3, r1
10004c02:	d117      	bne.n	10004c34 <tud_task_ext+0x304>
10004c04:	09c8      	lsrs	r0, r1, #7
10004c06:	4682      	mov	sl, r0
10004c08:	330f      	adds	r3, #15
10004c0a:	400b      	ands	r3, r1
10004c0c:	005b      	lsls	r3, r3, #1
10004c0e:	4698      	mov	r8, r3
10004c10:	4818      	ldr	r0, [pc, #96]	@ (10004c74 <tud_task_ext+0x344>)
10004c12:	18eb      	adds	r3, r5, r3
10004c14:	4453      	add	r3, sl
10004c16:	7d1b      	ldrb	r3, [r3, #20]
10004c18:	7800      	ldrb	r0, [r0, #0]
10004c1a:	4283      	cmp	r3, r0
10004c1c:	d264      	bcs.n	10004ce8 <tud_task_ext+0x3b8>
10004c1e:	4816      	ldr	r0, [pc, #88]	@ (10004c78 <tud_task_ext+0x348>)
10004c20:	015b      	lsls	r3, r3, #5
10004c22:	6800      	ldr	r0, [r0, #0]
10004c24:	4681      	mov	r9, r0
10004c26:	4499      	add	r9, r3
10004c28:	2a00      	cmp	r2, #0
10004c2a:	d100      	bne.n	10004c2e <tud_task_ext+0x2fe>
10004c2c:	e155      	b.n	10004eda <tud_task_ext+0x5aa>
10004c2e:	464b      	mov	r3, r9
10004c30:	2b00      	cmp	r3, #0
10004c32:	d161      	bne.n	10004cf8 <tud_task_ext+0x3c8>
10004c34:	7820      	ldrb	r0, [r4, #0]
10004c36:	2100      	movs	r1, #0
10004c38:	f7ff fd70 	bl	1000471c <dcd_edpt_stall>
10004c3c:	2180      	movs	r1, #128	@ 0x80
10004c3e:	7820      	ldrb	r0, [r4, #0]
10004c40:	f7ff fd6c 	bl	1000471c <dcd_edpt_stall>
10004c44:	e689      	b.n	1000495a <tud_task_ext+0x2a>
10004c46:	4810      	ldr	r0, [pc, #64]	@ (10004c88 <tud_task_ext+0x358>)
10004c48:	f000 fb84 	bl	10005354 <usbd_control_set_complete_callback>
10004c4c:	2101      	movs	r1, #1
10004c4e:	4658      	mov	r0, fp
10004c50:	aa0e      	add	r2, sp, #56	@ 0x38
10004c52:	f7ff fc23 	bl	1000449c <tud_vendor_control_xfer_cb>
10004c56:	2800      	cmp	r0, #0
10004c58:	d000      	beq.n	10004c5c <tud_task_ext+0x32c>
10004c5a:	e67e      	b.n	1000495a <tud_task_ext+0x2a>
10004c5c:	e7ea      	b.n	10004c34 <tud_task_ext+0x304>
10004c5e:	46c0      	nop			@ (mov r8, r8)
10004c60:	20001024 	.word	0x20001024
10004c64:	10006a54 	.word	0x10006a54
10004c68:	200014d0 	.word	0x200014d0
10004c6c:	20001478 	.word	0x20001478
10004c70:	10006afc 	.word	0x10006afc
10004c74:	20001c4d 	.word	0x20001c4d
10004c78:	20001390 	.word	0x20001390
10004c7c:	20001c4f 	.word	0x20001c4f
10004c80:	10006a78 	.word	0x10006a78
10004c84:	2000147c 	.word	0x2000147c
10004c88:	1000449d 	.word	0x1000449d
10004c8c:	7a23      	ldrb	r3, [r4, #8]
10004c8e:	8922      	ldrh	r2, [r4, #8]
10004c90:	2b0f      	cmp	r3, #15
10004c92:	d8cf      	bhi.n	10004c34 <tud_task_ext+0x304>
10004c94:	23ff      	movs	r3, #255	@ 0xff
10004c96:	4013      	ands	r3, r2
10004c98:	4ad1      	ldr	r2, [pc, #836]	@ (10004fe0 <tud_task_ext+0x6b0>)
10004c9a:	18eb      	adds	r3, r5, r3
10004c9c:	791b      	ldrb	r3, [r3, #4]
10004c9e:	7812      	ldrb	r2, [r2, #0]
10004ca0:	4293      	cmp	r3, r2
10004ca2:	d334      	bcc.n	10004d0e <tud_task_ext+0x3de>
10004ca4:	d1c6      	bne.n	10004c34 <tud_task_ext+0x304>
10004ca6:	4dcf      	ldr	r5, [pc, #828]	@ (10004fe4 <tud_task_ext+0x6b4>)
10004ca8:	6968      	ldr	r0, [r5, #20]
10004caa:	f000 fb53 	bl	10005354 <usbd_control_set_complete_callback>
10004cae:	2101      	movs	r1, #1
10004cb0:	4658      	mov	r0, fp
10004cb2:	696b      	ldr	r3, [r5, #20]
10004cb4:	aa0e      	add	r2, sp, #56	@ 0x38
10004cb6:	4798      	blx	r3
10004cb8:	2800      	cmp	r0, #0
10004cba:	d000      	beq.n	10004cbe <tud_task_ext+0x38e>
10004cbc:	e64d      	b.n	1000495a <tud_task_ext+0x2a>
10004cbe:	2260      	movs	r2, #96	@ 0x60
10004cc0:	0015      	movs	r5, r2
10004cc2:	7923      	ldrb	r3, [r4, #4]
10004cc4:	401d      	ands	r5, r3
10004cc6:	421a      	tst	r2, r3
10004cc8:	d1b4      	bne.n	10004c34 <tud_task_ext+0x304>
10004cca:	7963      	ldrb	r3, [r4, #5]
10004ccc:	3b0a      	subs	r3, #10
10004cce:	2b01      	cmp	r3, #1
10004cd0:	d8b0      	bhi.n	10004c34 <tud_task_ext+0x304>
10004cd2:	f000 fb3f 	bl	10005354 <usbd_control_set_complete_callback>
10004cd6:	7963      	ldrb	r3, [r4, #5]
10004cd8:	2b0a      	cmp	r3, #10
10004cda:	d100      	bne.n	10004cde <tud_task_ext+0x3ae>
10004cdc:	e18a      	b.n	10004ff4 <tud_task_ext+0x6c4>
10004cde:	4658      	mov	r0, fp
10004ce0:	a90e      	add	r1, sp, #56	@ 0x38
10004ce2:	f000 fac7 	bl	10005274 <tud_control_status>
10004ce6:	e638      	b.n	1000495a <tud_task_ext+0x2a>
10004ce8:	4283      	cmp	r3, r0
10004cea:	d000      	beq.n	10004cee <tud_task_ext+0x3be>
10004cec:	e0f0      	b.n	10004ed0 <tud_task_ext+0x5a0>
10004cee:	4bbd      	ldr	r3, [pc, #756]	@ (10004fe4 <tud_task_ext+0x6b4>)
10004cf0:	4699      	mov	r9, r3
10004cf2:	2a00      	cmp	r2, #0
10004cf4:	d100      	bne.n	10004cf8 <tud_task_ext+0x3c8>
10004cf6:	e0f0      	b.n	10004eda <tud_task_ext+0x5aa>
10004cf8:	464b      	mov	r3, r9
10004cfa:	6958      	ldr	r0, [r3, #20]
10004cfc:	f000 fb2a 	bl	10005354 <usbd_control_set_complete_callback>
10004d00:	464b      	mov	r3, r9
10004d02:	2101      	movs	r1, #1
10004d04:	4658      	mov	r0, fp
10004d06:	695b      	ldr	r3, [r3, #20]
10004d08:	aa0e      	add	r2, sp, #56	@ 0x38
10004d0a:	4798      	blx	r3
10004d0c:	e7a3      	b.n	10004c56 <tud_task_ext+0x326>
10004d0e:	4ab6      	ldr	r2, [pc, #728]	@ (10004fe8 <tud_task_ext+0x6b8>)
10004d10:	015b      	lsls	r3, r3, #5
10004d12:	6815      	ldr	r5, [r2, #0]
10004d14:	18ed      	adds	r5, r5, r3
10004d16:	2d00      	cmp	r5, #0
10004d18:	d1c6      	bne.n	10004ca8 <tud_task_ext+0x378>
10004d1a:	e78b      	b.n	10004c34 <tud_task_ext+0x304>
10004d1c:	79a3      	ldrb	r3, [r4, #6]
10004d1e:	4699      	mov	r9, r3
10004d20:	786b      	ldrb	r3, [r5, #1]
10004d22:	4599      	cmp	r9, r3
10004d24:	d0db      	beq.n	10004cde <tud_task_ext+0x3ae>
10004d26:	786b      	ldrb	r3, [r5, #1]
10004d28:	2b00      	cmp	r3, #0
10004d2a:	d000      	beq.n	10004d2e <tud_task_ext+0x3fe>
10004d2c:	e12c      	b.n	10004f88 <tud_task_ext+0x658>
10004d2e:	464b      	mov	r3, r9
10004d30:	706b      	strb	r3, [r5, #1]
10004d32:	2b00      	cmp	r3, #0
10004d34:	d100      	bne.n	10004d38 <tud_task_ext+0x408>
10004d36:	e124      	b.n	10004f82 <tud_task_ext+0x652>
10004d38:	4648      	mov	r0, r9
10004d3a:	3801      	subs	r0, #1
10004d3c:	b2c0      	uxtb	r0, r0
10004d3e:	f7ff fa09 	bl	10004154 <tud_descriptor_configuration_cb>
10004d42:	2800      	cmp	r0, #0
10004d44:	d100      	bne.n	10004d48 <tud_task_ext+0x418>
10004d46:	e174      	b.n	10005032 <tud_task_ext+0x702>
10004d48:	7843      	ldrb	r3, [r0, #1]
10004d4a:	9307      	str	r3, [sp, #28]
10004d4c:	2b02      	cmp	r3, #2
10004d4e:	d000      	beq.n	10004d52 <tud_task_ext+0x422>
10004d50:	e16f      	b.n	10005032 <tud_task_ext+0x702>
10004d52:	2201      	movs	r2, #1
10004d54:	79c1      	ldrb	r1, [r0, #7]
10004d56:	46b1      	mov	r9, r6
10004d58:	118b      	asrs	r3, r1, #6
10004d5a:	1149      	asrs	r1, r1, #5
10004d5c:	4013      	ands	r3, r2
10004d5e:	400a      	ands	r2, r1
10004d60:	2130      	movs	r1, #48	@ 0x30
10004d62:	0112      	lsls	r2, r2, #4
10004d64:	015b      	lsls	r3, r3, #5
10004d66:	4313      	orrs	r3, r2
10004d68:	782a      	ldrb	r2, [r5, #0]
10004d6a:	46a8      	mov	r8, r5
10004d6c:	438a      	bics	r2, r1
10004d6e:	4313      	orrs	r3, r2
10004d70:	702b      	strb	r3, [r5, #0]
10004d72:	2309      	movs	r3, #9
10004d74:	469a      	mov	sl, r3
10004d76:	4482      	add	sl, r0
10004d78:	4656      	mov	r6, sl
10004d7a:	46ba      	mov	sl, r7
10004d7c:	78c3      	ldrb	r3, [r0, #3]
10004d7e:	7882      	ldrb	r2, [r0, #2]
10004d80:	021b      	lsls	r3, r3, #8
10004d82:	4313      	orrs	r3, r2
10004d84:	18c3      	adds	r3, r0, r3
10004d86:	9305      	str	r3, [sp, #20]
10004d88:	4b95      	ldr	r3, [pc, #596]	@ (10004fe0 <tud_task_ext+0x6b0>)
10004d8a:	9304      	str	r3, [sp, #16]
10004d8c:	4b95      	ldr	r3, [pc, #596]	@ (10004fe4 <tud_task_ext+0x6b4>)
10004d8e:	9308      	str	r3, [sp, #32]
10004d90:	4b95      	ldr	r3, [pc, #596]	@ (10004fe8 <tud_task_ext+0x6b8>)
10004d92:	9309      	str	r3, [sp, #36]	@ 0x24
10004d94:	4b95      	ldr	r3, [pc, #596]	@ (10004fec <tud_task_ext+0x6bc>)
10004d96:	930a      	str	r3, [sp, #40]	@ 0x28
10004d98:	9b05      	ldr	r3, [sp, #20]
10004d9a:	42b3      	cmp	r3, r6
10004d9c:	d800      	bhi.n	10004da0 <tud_task_ext+0x470>
10004d9e:	e14b      	b.n	10005038 <tud_task_ext+0x708>
10004da0:	7873      	ldrb	r3, [r6, #1]
10004da2:	2201      	movs	r2, #1
10004da4:	2b0b      	cmp	r3, #11
10004da6:	d103      	bne.n	10004db0 <tud_task_ext+0x480>
10004da8:	7833      	ldrb	r3, [r6, #0]
10004daa:	78f2      	ldrb	r2, [r6, #3]
10004dac:	18f6      	adds	r6, r6, r3
10004dae:	7873      	ldrb	r3, [r6, #1]
10004db0:	2b04      	cmp	r3, #4
10004db2:	d000      	beq.n	10004db6 <tud_task_ext+0x486>
10004db4:	e13a      	b.n	1000502c <tud_task_ext+0x6fc>
10004db6:	9b05      	ldr	r3, [sp, #20]
10004db8:	2700      	movs	r7, #0
10004dba:	1b9b      	subs	r3, r3, r6
10004dbc:	b29b      	uxth	r3, r3
10004dbe:	9306      	str	r3, [sp, #24]
10004dc0:	9b04      	ldr	r3, [sp, #16]
10004dc2:	920b      	str	r2, [sp, #44]	@ 0x2c
10004dc4:	781d      	ldrb	r5, [r3, #0]
10004dc6:	e019      	b.n	10004dfc <tud_task_ext+0x4cc>
10004dc8:	9a09      	ldr	r2, [sp, #36]	@ 0x24
10004dca:	017b      	lsls	r3, r7, #5
10004dcc:	6815      	ldr	r5, [r2, #0]
10004dce:	18ed      	adds	r5, r5, r3
10004dd0:	2d00      	cmp	r5, #0
10004dd2:	d100      	bne.n	10004dd6 <tud_task_ext+0x4a6>
10004dd4:	e12a      	b.n	1000502c <tud_task_ext+0x6fc>
10004dd6:	0031      	movs	r1, r6
10004dd8:	4658      	mov	r0, fp
10004dda:	692b      	ldr	r3, [r5, #16]
10004ddc:	9a06      	ldr	r2, [sp, #24]
10004dde:	4798      	blx	r3
10004de0:	4684      	mov	ip, r0
10004de2:	2808      	cmp	r0, #8
10004de4:	d903      	bls.n	10004dee <tud_task_ext+0x4be>
10004de6:	9a06      	ldr	r2, [sp, #24]
10004de8:	4282      	cmp	r2, r0
10004dea:	d300      	bcc.n	10004dee <tud_task_ext+0x4be>
10004dec:	e10b      	b.n	10005006 <tud_task_ext+0x6d6>
10004dee:	9b04      	ldr	r3, [sp, #16]
10004df0:	3701      	adds	r7, #1
10004df2:	781d      	ldrb	r5, [r3, #0]
10004df4:	b2ff      	uxtb	r7, r7
10004df6:	42bd      	cmp	r5, r7
10004df8:	d200      	bcs.n	10004dfc <tud_task_ext+0x4cc>
10004dfa:	e117      	b.n	1000502c <tud_task_ext+0x6fc>
10004dfc:	42bd      	cmp	r5, r7
10004dfe:	d8e3      	bhi.n	10004dc8 <tud_task_ext+0x498>
10004e00:	9b08      	ldr	r3, [sp, #32]
10004e02:	1b7d      	subs	r5, r7, r5
10004e04:	016d      	lsls	r5, r5, #5
10004e06:	195d      	adds	r5, r3, r5
10004e08:	e7e5      	b.n	10004dd6 <tud_task_ext+0x4a6>
10004e0a:	786b      	ldrb	r3, [r5, #1]
10004e0c:	aa0c      	add	r2, sp, #48	@ 0x30
10004e0e:	3202      	adds	r2, #2
10004e10:	7013      	strb	r3, [r2, #0]
10004e12:	4658      	mov	r0, fp
10004e14:	2301      	movs	r3, #1
10004e16:	a90e      	add	r1, sp, #56	@ 0x38
10004e18:	f000 fa42 	bl	100052a0 <tud_control_xfer>
10004e1c:	e59d      	b.n	1000495a <tud_task_ext+0x2a>
10004e1e:	88e0      	ldrh	r0, [r4, #6]
10004e20:	0a03      	lsrs	r3, r0, #8
10004e22:	b2c0      	uxtb	r0, r0
10004e24:	2b0f      	cmp	r3, #15
10004e26:	d900      	bls.n	10004e2a <tud_task_ext+0x4fa>
10004e28:	e704      	b.n	10004c34 <tud_task_ext+0x304>
10004e2a:	4971      	ldr	r1, [pc, #452]	@ (10004ff0 <tud_task_ext+0x6c0>)
10004e2c:	009a      	lsls	r2, r3, #2
10004e2e:	588a      	ldr	r2, [r1, r2]
10004e30:	4697      	mov	pc, r2
10004e32:	a80e      	add	r0, sp, #56	@ 0x38
10004e34:	f000 fa94 	bl	10005360 <usbd_control_set_request>
10004e38:	4658      	mov	r0, fp
10004e3a:	79a1      	ldrb	r1, [r4, #6]
10004e3c:	f7ff fbb4 	bl	100045a8 <dcd_set_address>
10004e40:	2202      	movs	r2, #2
10004e42:	782b      	ldrb	r3, [r5, #0]
10004e44:	4313      	orrs	r3, r2
10004e46:	702b      	strb	r3, [r5, #0]
10004e48:	e587      	b.n	1000495a <tud_task_ext+0x2a>
10004e4a:	88e3      	ldrh	r3, [r4, #6]
10004e4c:	2b01      	cmp	r3, #1
10004e4e:	d000      	beq.n	10004e52 <tud_task_ext+0x522>
10004e50:	e6f0      	b.n	10004c34 <tud_task_ext+0x304>
10004e52:	2208      	movs	r2, #8
10004e54:	782b      	ldrb	r3, [r5, #0]
10004e56:	4658      	mov	r0, fp
10004e58:	4393      	bics	r3, r2
10004e5a:	a90e      	add	r1, sp, #56	@ 0x38
10004e5c:	702b      	strb	r3, [r5, #0]
10004e5e:	f000 fa09 	bl	10005274 <tud_control_status>
10004e62:	e57a      	b.n	1000495a <tud_task_ext+0x2a>
10004e64:	2002      	movs	r0, #2
10004e66:	7829      	ldrb	r1, [r5, #0]
10004e68:	ab0c      	add	r3, sp, #48	@ 0x30
10004e6a:	1c9a      	adds	r2, r3, #2
10004e6c:	068b      	lsls	r3, r1, #26
10004e6e:	0889      	lsrs	r1, r1, #2
10004e70:	0fdb      	lsrs	r3, r3, #31
10004e72:	4001      	ands	r1, r0
10004e74:	430b      	orrs	r3, r1
10004e76:	8013      	strh	r3, [r2, #0]
10004e78:	4658      	mov	r0, fp
10004e7a:	2302      	movs	r3, #2
10004e7c:	a90e      	add	r1, sp, #56	@ 0x38
10004e7e:	f000 fa0f 	bl	100052a0 <tud_control_xfer>
10004e82:	e56a      	b.n	1000495a <tud_task_ext+0x2a>
10004e84:	88e3      	ldrh	r3, [r4, #6]
10004e86:	2b01      	cmp	r3, #1
10004e88:	d000      	beq.n	10004e8c <tud_task_ext+0x55c>
10004e8a:	e6d3      	b.n	10004c34 <tud_task_ext+0x304>
10004e8c:	2208      	movs	r2, #8
10004e8e:	782b      	ldrb	r3, [r5, #0]
10004e90:	4313      	orrs	r3, r2
10004e92:	702b      	strb	r3, [r5, #0]
10004e94:	e723      	b.n	10004cde <tud_task_ext+0x3ae>
10004e96:	7a23      	ldrb	r3, [r4, #8]
10004e98:	8922      	ldrh	r2, [r4, #8]
10004e9a:	2b0f      	cmp	r3, #15
10004e9c:	d900      	bls.n	10004ea0 <tud_task_ext+0x570>
10004e9e:	e6c9      	b.n	10004c34 <tud_task_ext+0x304>
10004ea0:	23ff      	movs	r3, #255	@ 0xff
10004ea2:	4013      	ands	r3, r2
10004ea4:	4a4e      	ldr	r2, [pc, #312]	@ (10004fe0 <tud_task_ext+0x6b0>)
10004ea6:	18eb      	adds	r3, r5, r3
10004ea8:	791b      	ldrb	r3, [r3, #4]
10004eaa:	7812      	ldrb	r2, [r2, #0]
10004eac:	4293      	cmp	r3, r2
10004eae:	d228      	bcs.n	10004f02 <tud_task_ext+0x5d2>
10004eb0:	4a4d      	ldr	r2, [pc, #308]	@ (10004fe8 <tud_task_ext+0x6b8>)
10004eb2:	015b      	lsls	r3, r3, #5
10004eb4:	6815      	ldr	r5, [r2, #0]
10004eb6:	18ed      	adds	r5, r5, r3
10004eb8:	2d00      	cmp	r5, #0
10004eba:	d100      	bne.n	10004ebe <tud_task_ext+0x58e>
10004ebc:	e6ba      	b.n	10004c34 <tud_task_ext+0x304>
10004ebe:	6968      	ldr	r0, [r5, #20]
10004ec0:	f000 fa48 	bl	10005354 <usbd_control_set_complete_callback>
10004ec4:	2101      	movs	r1, #1
10004ec6:	4658      	mov	r0, fp
10004ec8:	696b      	ldr	r3, [r5, #20]
10004eca:	aa0e      	add	r2, sp, #56	@ 0x38
10004ecc:	4798      	blx	r3
10004ece:	e6c2      	b.n	10004c56 <tud_task_ext+0x326>
10004ed0:	2a00      	cmp	r2, #0
10004ed2:	d000      	beq.n	10004ed6 <tud_task_ext+0x5a6>
10004ed4:	e6ae      	b.n	10004c34 <tud_task_ext+0x304>
10004ed6:	2300      	movs	r3, #0
10004ed8:	4699      	mov	r9, r3
10004eda:	7962      	ldrb	r2, [r4, #5]
10004edc:	2002      	movs	r0, #2
10004ede:	0013      	movs	r3, r2
10004ee0:	9204      	str	r2, [sp, #16]
10004ee2:	4383      	bics	r3, r0
10004ee4:	2b01      	cmp	r3, #1
10004ee6:	d011      	beq.n	10004f0c <tud_task_ext+0x5dc>
10004ee8:	2a00      	cmp	r2, #0
10004eea:	d000      	beq.n	10004eee <tud_task_ext+0x5be>
10004eec:	e6a2      	b.n	10004c34 <tud_task_ext+0x304>
10004eee:	002b      	movs	r3, r5
10004ef0:	4443      	add	r3, r8
10004ef2:	4453      	add	r3, sl
10004ef4:	3330      	adds	r3, #48	@ 0x30
10004ef6:	791b      	ldrb	r3, [r3, #4]
10004ef8:	aa0c      	add	r2, sp, #48	@ 0x30
10004efa:	079b      	lsls	r3, r3, #30
10004efc:	0fdb      	lsrs	r3, r3, #31
10004efe:	3202      	adds	r2, #2
10004f00:	e7b9      	b.n	10004e76 <tud_task_ext+0x546>
10004f02:	4293      	cmp	r3, r2
10004f04:	d000      	beq.n	10004f08 <tud_task_ext+0x5d8>
10004f06:	e695      	b.n	10004c34 <tud_task_ext+0x304>
10004f08:	4d36      	ldr	r5, [pc, #216]	@ (10004fe4 <tud_task_ext+0x6b4>)
10004f0a:	e7d8      	b.n	10004ebe <tud_task_ext+0x58e>
10004f0c:	88e3      	ldrh	r3, [r4, #6]
10004f0e:	2b00      	cmp	r3, #0
10004f10:	d112      	bne.n	10004f38 <tud_task_ext+0x608>
10004f12:	9b03      	ldr	r3, [sp, #12]
10004f14:	7818      	ldrb	r0, [r3, #0]
10004f16:	9b04      	ldr	r3, [sp, #16]
10004f18:	2b01      	cmp	r3, #1
10004f1a:	d023      	beq.n	10004f64 <tud_task_ext+0x634>
10004f1c:	f7ff fbfe 	bl	1000471c <dcd_edpt_stall>
10004f20:	4643      	mov	r3, r8
10004f22:	2102      	movs	r1, #2
10004f24:	18eb      	adds	r3, r5, r3
10004f26:	4453      	add	r3, sl
10004f28:	3330      	adds	r3, #48	@ 0x30
10004f2a:	791a      	ldrb	r2, [r3, #4]
10004f2c:	430a      	orrs	r2, r1
10004f2e:	2101      	movs	r1, #1
10004f30:	711a      	strb	r2, [r3, #4]
10004f32:	791a      	ldrb	r2, [r3, #4]
10004f34:	430a      	orrs	r2, r1
10004f36:	711a      	strb	r2, [r3, #4]
10004f38:	464b      	mov	r3, r9
10004f3a:	2b00      	cmp	r3, #0
10004f3c:	d100      	bne.n	10004f40 <tud_task_ext+0x610>
10004f3e:	e50c      	b.n	1000495a <tud_task_ext+0x2a>
10004f40:	6958      	ldr	r0, [r3, #20]
10004f42:	f000 fa07 	bl	10005354 <usbd_control_set_complete_callback>
10004f46:	464b      	mov	r3, r9
10004f48:	2101      	movs	r1, #1
10004f4a:	695b      	ldr	r3, [r3, #20]
10004f4c:	aa0e      	add	r2, sp, #56	@ 0x38
10004f4e:	4658      	mov	r0, fp
10004f50:	4798      	blx	r3
10004f52:	2000      	movs	r0, #0
10004f54:	f000 f9fe 	bl	10005354 <usbd_control_set_complete_callback>
10004f58:	2335      	movs	r3, #53	@ 0x35
10004f5a:	5ceb      	ldrb	r3, [r5, r3]
10004f5c:	07db      	lsls	r3, r3, #31
10004f5e:	d500      	bpl.n	10004f62 <tud_task_ext+0x632>
10004f60:	e4fb      	b.n	1000495a <tud_task_ext+0x2a>
10004f62:	e6bc      	b.n	10004cde <tud_task_ext+0x3ae>
10004f64:	f7ff fbf8 	bl	10004758 <dcd_edpt_clear_stall>
10004f68:	4643      	mov	r3, r8
10004f6a:	2102      	movs	r1, #2
10004f6c:	18eb      	adds	r3, r5, r3
10004f6e:	4453      	add	r3, sl
10004f70:	3330      	adds	r3, #48	@ 0x30
10004f72:	791a      	ldrb	r2, [r3, #4]
10004f74:	438a      	bics	r2, r1
10004f76:	711a      	strb	r2, [r3, #4]
10004f78:	791a      	ldrb	r2, [r3, #4]
10004f7a:	9904      	ldr	r1, [sp, #16]
10004f7c:	438a      	bics	r2, r1
10004f7e:	711a      	strb	r2, [r3, #4]
10004f80:	e7da      	b.n	10004f38 <tud_task_ext+0x608>
10004f82:	f7ff fc4b 	bl	1000481c <tud_umount_cb>
10004f86:	e6aa      	b.n	10004cde <tud_task_ext+0x3ae>
10004f88:	2100      	movs	r1, #0
10004f8a:	4658      	mov	r0, fp
10004f8c:	f7ff fb16 	bl	100045bc <dcd_sof_enable>
10004f90:	4658      	mov	r0, fp
10004f92:	f7ff fbad 	bl	100046f0 <dcd_edpt_close_all>
10004f96:	2200      	movs	r2, #0
10004f98:	4692      	mov	sl, r2
10004f9a:	4a12      	ldr	r2, [pc, #72]	@ (10004fe4 <tud_task_ext+0x6b4>)
10004f9c:	78ab      	ldrb	r3, [r5, #2]
10004f9e:	9205      	str	r2, [sp, #20]
10004fa0:	4a11      	ldr	r2, [pc, #68]	@ (10004fe8 <tud_task_ext+0x6b8>)
10004fa2:	9304      	str	r3, [sp, #16]
10004fa4:	9206      	str	r2, [sp, #24]
10004fa6:	002a      	movs	r2, r5
10004fa8:	4b0d      	ldr	r3, [pc, #52]	@ (10004fe0 <tud_task_ext+0x6b0>)
10004faa:	4655      	mov	r5, sl
10004fac:	4698      	mov	r8, r3
10004fae:	4692      	mov	sl, r2
10004fb0:	781b      	ldrb	r3, [r3, #0]
10004fb2:	e00e      	b.n	10004fd2 <tud_task_ext+0x6a2>
10004fb4:	9b06      	ldr	r3, [sp, #24]
10004fb6:	016a      	lsls	r2, r5, #5
10004fb8:	681b      	ldr	r3, [r3, #0]
10004fba:	189b      	adds	r3, r3, r2
10004fbc:	2b00      	cmp	r3, #0
10004fbe:	d054      	beq.n	1000506a <tud_task_ext+0x73a>
10004fc0:	68db      	ldr	r3, [r3, #12]
10004fc2:	4658      	mov	r0, fp
10004fc4:	4798      	blx	r3
10004fc6:	4643      	mov	r3, r8
10004fc8:	3501      	adds	r5, #1
10004fca:	781b      	ldrb	r3, [r3, #0]
10004fcc:	b2ed      	uxtb	r5, r5
10004fce:	42ab      	cmp	r3, r5
10004fd0:	d337      	bcc.n	10005042 <tud_task_ext+0x712>
10004fd2:	42ab      	cmp	r3, r5
10004fd4:	d8ee      	bhi.n	10004fb4 <tud_task_ext+0x684>
10004fd6:	9a05      	ldr	r2, [sp, #20]
10004fd8:	1aeb      	subs	r3, r5, r3
10004fda:	015b      	lsls	r3, r3, #5
10004fdc:	18d3      	adds	r3, r2, r3
10004fde:	e7ef      	b.n	10004fc0 <tud_task_ext+0x690>
10004fe0:	20001c4d 	.word	0x20001c4d
10004fe4:	10006afc 	.word	0x10006afc
10004fe8:	20001390 	.word	0x20001390
10004fec:	2000148c 	.word	0x2000148c
10004ff0:	10006aa0 	.word	0x10006aa0
10004ff4:	ab0c      	add	r3, sp, #48	@ 0x30
10004ff6:	1c9a      	adds	r2, r3, #2
10004ff8:	4658      	mov	r0, fp
10004ffa:	2301      	movs	r3, #1
10004ffc:	a90e      	add	r1, sp, #56	@ 0x38
10004ffe:	7015      	strb	r5, [r2, #0]
10005000:	f000 f94e 	bl	100052a0 <tud_control_xfer>
10005004:	e4a9      	b.n	1000495a <tud_task_ext+0x2a>
10005006:	9a0b      	ldr	r2, [sp, #44]	@ 0x2c
10005008:	2a01      	cmp	r2, #1
1000500a:	d04c      	beq.n	100050a6 <tud_task_ext+0x776>
1000500c:	2a00      	cmp	r2, #0
1000500e:	d03c      	beq.n	1000508a <tud_task_ext+0x75a>
10005010:	2300      	movs	r3, #0
10005012:	78b0      	ldrb	r0, [r6, #2]
10005014:	e004      	b.n	10005020 <tud_task_ext+0x6f0>
10005016:	3301      	adds	r3, #1
10005018:	b2db      	uxtb	r3, r3
1000501a:	710f      	strb	r7, [r1, #4]
1000501c:	4293      	cmp	r3, r2
1000501e:	d234      	bcs.n	1000508a <tud_task_ext+0x75a>
10005020:	18c1      	adds	r1, r0, r3
10005022:	b2c9      	uxtb	r1, r1
10005024:	4441      	add	r1, r8
10005026:	790d      	ldrb	r5, [r1, #4]
10005028:	2dff      	cmp	r5, #255	@ 0xff
1000502a:	d0f4      	beq.n	10005016 <tud_task_ext+0x6e6>
1000502c:	464e      	mov	r6, r9
1000502e:	4645      	mov	r5, r8
10005030:	4657      	mov	r7, sl
10005032:	2300      	movs	r3, #0
10005034:	706b      	strb	r3, [r5, #1]
10005036:	e5fd      	b.n	10004c34 <tud_task_ext+0x304>
10005038:	464e      	mov	r6, r9
1000503a:	4657      	mov	r7, sl
1000503c:	f7ff fbec 	bl	10004818 <tud_mount_cb>
10005040:	e64d      	b.n	10004cde <tud_task_ext+0x3ae>
10005042:	4655      	mov	r5, sl
10005044:	2254      	movs	r2, #84	@ 0x54
10005046:	2100      	movs	r1, #0
10005048:	0028      	movs	r0, r5
1000504a:	f7fd f8ab 	bl	100021a4 <__wrap_memset>
1000504e:	2210      	movs	r2, #16
10005050:	21ff      	movs	r1, #255	@ 0xff
10005052:	1d28      	adds	r0, r5, #4
10005054:	f7fd f8a6 	bl	100021a4 <__wrap_memset>
10005058:	0028      	movs	r0, r5
1000505a:	2220      	movs	r2, #32
1000505c:	21ff      	movs	r1, #255	@ 0xff
1000505e:	3014      	adds	r0, #20
10005060:	f7fd f8a0 	bl	100021a4 <__wrap_memset>
10005064:	9b04      	ldr	r3, [sp, #16]
10005066:	70ab      	strb	r3, [r5, #2]
10005068:	e661      	b.n	10004d2e <tud_task_ext+0x3fe>
1000506a:	4655      	mov	r5, sl
1000506c:	e7fa      	b.n	10005064 <tud_task_ext+0x734>
1000506e:	f7ff fa11 	bl	10004494 <tud_descriptor_bos_cb>
10005072:	1e02      	subs	r2, r0, #0
10005074:	d100      	bne.n	10005078 <tud_task_ext+0x748>
10005076:	e5dd      	b.n	10004c34 <tud_task_ext+0x304>
10005078:	78d3      	ldrb	r3, [r2, #3]
1000507a:	7891      	ldrb	r1, [r2, #2]
1000507c:	021b      	lsls	r3, r3, #8
1000507e:	430b      	orrs	r3, r1
10005080:	4658      	mov	r0, fp
10005082:	a90e      	add	r1, sp, #56	@ 0x38
10005084:	f000 f90c 	bl	100052a0 <tud_control_xfer>
10005088:	e5e5      	b.n	10004c56 <tud_task_ext+0x326>
1000508a:	4665      	mov	r5, ip
1000508c:	003b      	movs	r3, r7
1000508e:	0031      	movs	r1, r6
10005090:	002a      	movs	r2, r5
10005092:	980a      	ldr	r0, [sp, #40]	@ 0x28
10005094:	f000 fd46 	bl	10005b24 <tu_edpt_bind_driver>
10005098:	9b04      	ldr	r3, [sp, #16]
1000509a:	1976      	adds	r6, r6, r5
1000509c:	781b      	ldrb	r3, [r3, #0]
1000509e:	42bb      	cmp	r3, r7
100050a0:	d300      	bcc.n	100050a4 <tud_task_ext+0x774>
100050a2:	e679      	b.n	10004d98 <tud_task_ext+0x468>
100050a4:	e7c2      	b.n	1000502c <tud_task_ext+0x6fc>
100050a6:	4b17      	ldr	r3, [pc, #92]	@ (10005104 <tud_task_ext+0x7d4>)
100050a8:	6929      	ldr	r1, [r5, #16]
100050aa:	4299      	cmp	r1, r3
100050ac:	d1b0      	bne.n	10005010 <tud_task_ext+0x6e0>
100050ae:	9a07      	ldr	r2, [sp, #28]
100050b0:	e7ae      	b.n	10005010 <tud_task_ext+0x6e0>
100050b2:	f7ff fbad 	bl	10004810 <tud_descriptor_device_qualifier_cb>
100050b6:	1e02      	subs	r2, r0, #0
100050b8:	d100      	bne.n	100050bc <tud_task_ext+0x78c>
100050ba:	e5bb      	b.n	10004c34 <tud_task_ext+0x304>
100050bc:	4658      	mov	r0, fp
100050be:	7813      	ldrb	r3, [r2, #0]
100050c0:	a90e      	add	r1, sp, #56	@ 0x38
100050c2:	f000 f8ed 	bl	100052a0 <tud_control_xfer>
100050c6:	e5c6      	b.n	10004c56 <tud_task_ext+0x326>
100050c8:	8921      	ldrh	r1, [r4, #8]
100050ca:	f7ff f847 	bl	1000415c <tud_descriptor_string_cb>
100050ce:	1e02      	subs	r2, r0, #0
100050d0:	d1f4      	bne.n	100050bc <tud_task_ext+0x78c>
100050d2:	e5af      	b.n	10004c34 <tud_task_ext+0x304>
100050d4:	2b02      	cmp	r3, #2
100050d6:	d00f      	beq.n	100050f8 <tud_task_ext+0x7c8>
100050d8:	f7ff fb9c 	bl	10004814 <tud_descriptor_other_speed_configuration_cb>
100050dc:	1e02      	subs	r2, r0, #0
100050de:	d1cb      	bne.n	10005078 <tud_task_ext+0x748>
100050e0:	e5a8      	b.n	10004c34 <tud_task_ext+0x304>
100050e2:	f7ff f833 	bl	1000414c <tud_descriptor_device_cb>
100050e6:	1e02      	subs	r2, r0, #0
100050e8:	d100      	bne.n	100050ec <tud_task_ext+0x7bc>
100050ea:	e5a3      	b.n	10004c34 <tud_task_ext+0x304>
100050ec:	2312      	movs	r3, #18
100050ee:	4658      	mov	r0, fp
100050f0:	a90e      	add	r1, sp, #56	@ 0x38
100050f2:	f000 f8d5 	bl	100052a0 <tud_control_xfer>
100050f6:	e5ae      	b.n	10004c56 <tud_task_ext+0x326>
100050f8:	f7ff f82c 	bl	10004154 <tud_descriptor_configuration_cb>
100050fc:	1e02      	subs	r2, r0, #0
100050fe:	d1bb      	bne.n	10005078 <tud_task_ext+0x748>
10005100:	e598      	b.n	10004c34 <tud_task_ext+0x304>
10005102:	46c0      	nop			@ (mov r8, r8)
10005104:	1000574d 	.word	0x1000574d

10005108 <usbd_open_edpt_pair>:
10005108:	b5f0      	push	{r4, r5, r6, r7, lr}
1000510a:	464f      	mov	r7, r9
1000510c:	4646      	mov	r6, r8
1000510e:	46d6      	mov	lr, sl
10005110:	b5c0      	push	{r6, r7, lr}
10005112:	000c      	movs	r4, r1
10005114:	0016      	movs	r6, r2
10005116:	001f      	movs	r7, r3
10005118:	b082      	sub	sp, #8
1000511a:	2a00      	cmp	r2, #0
1000511c:	d03a      	beq.n	10005194 <usbd_open_edpt_pair+0x8c>
1000511e:	2370      	movs	r3, #112	@ 0x70
10005120:	4698      	mov	r8, r3
10005122:	4b1d      	ldr	r3, [pc, #116]	@ (10005198 <usbd_open_edpt_pair+0x90>)
10005124:	2500      	movs	r5, #0
10005126:	4699      	mov	r9, r3
10005128:	4b1c      	ldr	r3, [pc, #112]	@ (1000519c <usbd_open_edpt_pair+0x94>)
1000512a:	469a      	mov	sl, r3
1000512c:	e01a      	b.n	10005164 <usbd_open_edpt_pair+0x5c>
1000512e:	464b      	mov	r3, r9
10005130:	781b      	ldrb	r3, [r3, #0]
10005132:	0020      	movs	r0, r4
10005134:	9301      	str	r3, [sp, #4]
10005136:	4653      	mov	r3, sl
10005138:	7899      	ldrb	r1, [r3, #2]
1000513a:	f000 fcb9 	bl	10005ab0 <tu_edpt_validate>
1000513e:	2800      	cmp	r0, #0
10005140:	d01c      	beq.n	1000517c <usbd_open_edpt_pair+0x74>
10005142:	0021      	movs	r1, r4
10005144:	9801      	ldr	r0, [sp, #4]
10005146:	f7ff fa55 	bl	100045f4 <dcd_edpt_open>
1000514a:	2800      	cmp	r0, #0
1000514c:	d016      	beq.n	1000517c <usbd_open_edpt_pair+0x74>
1000514e:	78a3      	ldrb	r3, [r4, #2]
10005150:	09da      	lsrs	r2, r3, #7
10005152:	2a01      	cmp	r2, #1
10005154:	d019      	beq.n	1000518a <usbd_open_edpt_pair+0x82>
10005156:	9a0a      	ldr	r2, [sp, #40]	@ 0x28
10005158:	3501      	adds	r5, #1
1000515a:	7013      	strb	r3, [r2, #0]
1000515c:	42b5      	cmp	r5, r6
1000515e:	da19      	bge.n	10005194 <usbd_open_edpt_pair+0x8c>
10005160:	7823      	ldrb	r3, [r4, #0]
10005162:	18e4      	adds	r4, r4, r3
10005164:	7863      	ldrb	r3, [r4, #1]
10005166:	2b05      	cmp	r3, #5
10005168:	d108      	bne.n	1000517c <usbd_open_edpt_pair+0x74>
1000516a:	78e3      	ldrb	r3, [r4, #3]
1000516c:	079b      	lsls	r3, r3, #30
1000516e:	0f9b      	lsrs	r3, r3, #30
10005170:	42bb      	cmp	r3, r7
10005172:	d103      	bne.n	1000517c <usbd_open_edpt_pair+0x74>
10005174:	4642      	mov	r2, r8
10005176:	78a3      	ldrb	r3, [r4, #2]
10005178:	421a      	tst	r2, r3
1000517a:	d0d8      	beq.n	1000512e <usbd_open_edpt_pair+0x26>
1000517c:	2000      	movs	r0, #0
1000517e:	b002      	add	sp, #8
10005180:	bce0      	pop	{r5, r6, r7}
10005182:	46ba      	mov	sl, r7
10005184:	46b1      	mov	r9, r6
10005186:	46a8      	mov	r8, r5
10005188:	bdf0      	pop	{r4, r5, r6, r7, pc}
1000518a:	9a0b      	ldr	r2, [sp, #44]	@ 0x2c
1000518c:	3501      	adds	r5, #1
1000518e:	7013      	strb	r3, [r2, #0]
10005190:	42b5      	cmp	r5, r6
10005192:	dbe5      	blt.n	10005160 <usbd_open_edpt_pair+0x58>
10005194:	2001      	movs	r0, #1
10005196:	e7f2      	b.n	1000517e <usbd_open_edpt_pair+0x76>
10005198:	20001024 	.word	0x20001024
1000519c:	20001478 	.word	0x20001478

100051a0 <usbd_edpt_open>:
100051a0:	2270      	movs	r2, #112	@ 0x70
100051a2:	b570      	push	{r4, r5, r6, lr}
100051a4:	788b      	ldrb	r3, [r1, #2]
100051a6:	000c      	movs	r4, r1
100051a8:	421a      	tst	r2, r3
100051aa:	d001      	beq.n	100051b0 <usbd_edpt_open+0x10>
100051ac:	2000      	movs	r0, #0
100051ae:	bd70      	pop	{r4, r5, r6, pc}
100051b0:	4b06      	ldr	r3, [pc, #24]	@ (100051cc <usbd_edpt_open+0x2c>)
100051b2:	0020      	movs	r0, r4
100051b4:	781d      	ldrb	r5, [r3, #0]
100051b6:	4b06      	ldr	r3, [pc, #24]	@ (100051d0 <usbd_edpt_open+0x30>)
100051b8:	7899      	ldrb	r1, [r3, #2]
100051ba:	f000 fc79 	bl	10005ab0 <tu_edpt_validate>
100051be:	2800      	cmp	r0, #0
100051c0:	d0f4      	beq.n	100051ac <usbd_edpt_open+0xc>
100051c2:	0021      	movs	r1, r4
100051c4:	0028      	movs	r0, r5
100051c6:	f7ff fa15 	bl	100045f4 <dcd_edpt_open>
100051ca:	e7f0      	b.n	100051ae <usbd_edpt_open+0xe>
100051cc:	20001024 	.word	0x20001024
100051d0:	20001478 	.word	0x20001478

100051d4 <usbd_edpt_claim>:
100051d4:	207f      	movs	r0, #127	@ 0x7f
100051d6:	4b07      	ldr	r3, [pc, #28]	@ (100051f4 <usbd_edpt_claim+0x20>)
100051d8:	b510      	push	{r4, lr}
100051da:	681a      	ldr	r2, [r3, #0]
100051dc:	4008      	ands	r0, r1
100051de:	09cb      	lsrs	r3, r1, #7
100051e0:	3334      	adds	r3, #52	@ 0x34
100051e2:	0040      	lsls	r0, r0, #1
100051e4:	18c0      	adds	r0, r0, r3
100051e6:	4b04      	ldr	r3, [pc, #16]	@ (100051f8 <usbd_edpt_claim+0x24>)
100051e8:	0011      	movs	r1, r2
100051ea:	18c0      	adds	r0, r0, r3
100051ec:	f000 fc1c 	bl	10005a28 <tu_edpt_claim>
100051f0:	bd10      	pop	{r4, pc}
100051f2:	46c0      	nop			@ (mov r8, r8)
100051f4:	200014cc 	.word	0x200014cc
100051f8:	20001478 	.word	0x20001478

100051fc <usbd_edpt_release>:
100051fc:	207f      	movs	r0, #127	@ 0x7f
100051fe:	4b07      	ldr	r3, [pc, #28]	@ (1000521c <usbd_edpt_release+0x20>)
10005200:	b510      	push	{r4, lr}
10005202:	681a      	ldr	r2, [r3, #0]
10005204:	4008      	ands	r0, r1
10005206:	09cb      	lsrs	r3, r1, #7
10005208:	3334      	adds	r3, #52	@ 0x34
1000520a:	0040      	lsls	r0, r0, #1
1000520c:	18c0      	adds	r0, r0, r3
1000520e:	4b04      	ldr	r3, [pc, #16]	@ (10005220 <usbd_edpt_release+0x24>)
10005210:	0011      	movs	r1, r2
10005212:	18c0      	adds	r0, r0, r3
10005214:	f000 fc30 	bl	10005a78 <tu_edpt_release>
10005218:	bd10      	pop	{r4, pc}
1000521a:	46c0      	nop			@ (mov r8, r8)
1000521c:	200014cc 	.word	0x200014cc
10005220:	20001478 	.word	0x20001478

10005224 <usbd_edpt_xfer>:
10005224:	b570      	push	{r4, r5, r6, lr}
10005226:	247f      	movs	r4, #127	@ 0x7f
10005228:	09c8      	lsrs	r0, r1, #7
1000522a:	4684      	mov	ip, r0
1000522c:	400c      	ands	r4, r1
1000522e:	480f      	ldr	r0, [pc, #60]	@ (1000526c <usbd_edpt_xfer+0x48>)
10005230:	0064      	lsls	r4, r4, #1
10005232:	1904      	adds	r4, r0, r4
10005234:	4464      	add	r4, ip
10005236:	3430      	adds	r4, #48	@ 0x30
10005238:	7920      	ldrb	r0, [r4, #4]
1000523a:	07c0      	lsls	r0, r0, #31
1000523c:	d501      	bpl.n	10005242 <usbd_edpt_xfer+0x1e>
1000523e:	2000      	movs	r0, #0
10005240:	bd70      	pop	{r4, r5, r6, pc}
10005242:	480b      	ldr	r0, [pc, #44]	@ (10005270 <usbd_edpt_xfer+0x4c>)
10005244:	2501      	movs	r5, #1
10005246:	7800      	ldrb	r0, [r0, #0]
10005248:	4684      	mov	ip, r0
1000524a:	7920      	ldrb	r0, [r4, #4]
1000524c:	4328      	orrs	r0, r5
1000524e:	7120      	strb	r0, [r4, #4]
10005250:	4660      	mov	r0, ip
10005252:	f7ff fa51 	bl	100046f8 <dcd_edpt_xfer>
10005256:	2800      	cmp	r0, #0
10005258:	d1f2      	bne.n	10005240 <usbd_edpt_xfer+0x1c>
1000525a:	2201      	movs	r2, #1
1000525c:	7923      	ldrb	r3, [r4, #4]
1000525e:	4393      	bics	r3, r2
10005260:	7123      	strb	r3, [r4, #4]
10005262:	7923      	ldrb	r3, [r4, #4]
10005264:	3203      	adds	r2, #3
10005266:	4393      	bics	r3, r2
10005268:	7123      	strb	r3, [r4, #4]
1000526a:	e7e8      	b.n	1000523e <usbd_edpt_xfer+0x1a>
1000526c:	20001478 	.word	0x20001478
10005270:	20001024 	.word	0x20001024

10005274 <tud_control_status>:
10005274:	b570      	push	{r4, r5, r6, lr}
10005276:	4c09      	ldr	r4, [pc, #36]	@ (1000529c <tud_control_status+0x28>)
10005278:	0006      	movs	r6, r0
1000527a:	2208      	movs	r2, #8
1000527c:	0020      	movs	r0, r4
1000527e:	000d      	movs	r5, r1
10005280:	f7fc ff96 	bl	100021b0 <__wrap___aeabi_memcpy>
10005284:	2300      	movs	r3, #0
10005286:	2180      	movs	r1, #128	@ 0x80
10005288:	60e3      	str	r3, [r4, #12]
1000528a:	60a3      	str	r3, [r4, #8]
1000528c:	782b      	ldrb	r3, [r5, #0]
1000528e:	0030      	movs	r0, r6
10005290:	4399      	bics	r1, r3
10005292:	2200      	movs	r2, #0
10005294:	2300      	movs	r3, #0
10005296:	f7ff ffc5 	bl	10005224 <usbd_edpt_xfer>
1000529a:	bd70      	pop	{r4, r5, r6, pc}
1000529c:	20001458 	.word	0x20001458

100052a0 <tud_control_xfer>:
100052a0:	b5f0      	push	{r4, r5, r6, r7, lr}
100052a2:	46c6      	mov	lr, r8
100052a4:	4c24      	ldr	r4, [pc, #144]	@ (10005338 <tud_control_xfer+0x98>)
100052a6:	0017      	movs	r7, r2
100052a8:	4680      	mov	r8, r0
100052aa:	2208      	movs	r2, #8
100052ac:	0020      	movs	r0, r4
100052ae:	b500      	push	{lr}
100052b0:	000d      	movs	r5, r1
100052b2:	001e      	movs	r6, r3
100052b4:	f7fc ff7c 	bl	100021b0 <__wrap___aeabi_memcpy>
100052b8:	2300      	movs	r3, #0
100052ba:	60a7      	str	r7, [r4, #8]
100052bc:	81e3      	strh	r3, [r4, #14]
100052be:	79eb      	ldrb	r3, [r5, #7]
100052c0:	79aa      	ldrb	r2, [r5, #6]
100052c2:	021b      	lsls	r3, r3, #8
100052c4:	4313      	orrs	r3, r2
100052c6:	1c1a      	adds	r2, r3, #0
100052c8:	42b3      	cmp	r3, r6
100052ca:	d900      	bls.n	100052ce <tud_control_xfer+0x2e>
100052cc:	1c32      	adds	r2, r6, #0
100052ce:	b296      	uxth	r6, r2
100052d0:	81a2      	strh	r2, [r4, #12]
100052d2:	2b00      	cmp	r3, #0
100052d4:	d00c      	beq.n	100052f0 <tud_control_xfer+0x50>
100052d6:	2e00      	cmp	r6, #0
100052d8:	d015      	beq.n	10005306 <tud_control_xfer+0x66>
100052da:	2f00      	cmp	r7, #0
100052dc:	d02a      	beq.n	10005334 <tud_control_xfer+0x94>
100052de:	2e40      	cmp	r6, #64	@ 0x40
100052e0:	d81a      	bhi.n	10005318 <tud_control_xfer+0x78>
100052e2:	7823      	ldrb	r3, [r4, #0]
100052e4:	b296      	uxth	r6, r2
100052e6:	2b7f      	cmp	r3, #127	@ 0x7f
100052e8:	d81b      	bhi.n	10005322 <tud_control_xfer+0x82>
100052ea:	2100      	movs	r1, #0
100052ec:	4a13      	ldr	r2, [pc, #76]	@ (1000533c <tud_control_xfer+0x9c>)
100052ee:	e00e      	b.n	1000530e <tud_control_xfer+0x6e>
100052f0:	2180      	movs	r1, #128	@ 0x80
100052f2:	782b      	ldrb	r3, [r5, #0]
100052f4:	2200      	movs	r2, #0
100052f6:	4399      	bics	r1, r3
100052f8:	4640      	mov	r0, r8
100052fa:	2300      	movs	r3, #0
100052fc:	f7ff ff92 	bl	10005224 <usbd_edpt_xfer>
10005300:	bc80      	pop	{r7}
10005302:	46b8      	mov	r8, r7
10005304:	bdf0      	pop	{r4, r5, r6, r7, pc}
10005306:	237f      	movs	r3, #127	@ 0x7f
10005308:	2200      	movs	r2, #0
1000530a:	7821      	ldrb	r1, [r4, #0]
1000530c:	4399      	bics	r1, r3
1000530e:	0033      	movs	r3, r6
10005310:	4640      	mov	r0, r8
10005312:	f7ff ff87 	bl	10005224 <usbd_edpt_xfer>
10005316:	e7f3      	b.n	10005300 <tud_control_xfer+0x60>
10005318:	2240      	movs	r2, #64	@ 0x40
1000531a:	7823      	ldrb	r3, [r4, #0]
1000531c:	b296      	uxth	r6, r2
1000531e:	2b7f      	cmp	r3, #127	@ 0x7f
10005320:	d9e3      	bls.n	100052ea <tud_control_xfer+0x4a>
10005322:	4c06      	ldr	r4, [pc, #24]	@ (1000533c <tud_control_xfer+0x9c>)
10005324:	0032      	movs	r2, r6
10005326:	0039      	movs	r1, r7
10005328:	0020      	movs	r0, r4
1000532a:	f7fc ff41 	bl	100021b0 <__wrap___aeabi_memcpy>
1000532e:	2180      	movs	r1, #128	@ 0x80
10005330:	0022      	movs	r2, r4
10005332:	e7ec      	b.n	1000530e <tud_control_xfer+0x6e>
10005334:	2000      	movs	r0, #0
10005336:	e7e3      	b.n	10005300 <tud_control_xfer+0x60>
10005338:	20001458 	.word	0x20001458
1000533c:	20001418 	.word	0x20001418

10005340 <usbd_control_reset>:
10005340:	b510      	push	{r4, lr}
10005342:	2214      	movs	r2, #20
10005344:	2100      	movs	r1, #0
10005346:	4802      	ldr	r0, [pc, #8]	@ (10005350 <usbd_control_reset+0x10>)
10005348:	f7fc ff2c 	bl	100021a4 <__wrap_memset>
1000534c:	bd10      	pop	{r4, pc}
1000534e:	46c0      	nop			@ (mov r8, r8)
10005350:	20001458 	.word	0x20001458

10005354 <usbd_control_set_complete_callback>:
10005354:	4b01      	ldr	r3, [pc, #4]	@ (1000535c <usbd_control_set_complete_callback+0x8>)
10005356:	6118      	str	r0, [r3, #16]
10005358:	4770      	bx	lr
1000535a:	46c0      	nop			@ (mov r8, r8)
1000535c:	20001458 	.word	0x20001458

10005360 <usbd_control_set_request>:
10005360:	b510      	push	{r4, lr}
10005362:	4c05      	ldr	r4, [pc, #20]	@ (10005378 <usbd_control_set_request+0x18>)
10005364:	0001      	movs	r1, r0
10005366:	2208      	movs	r2, #8
10005368:	0020      	movs	r0, r4
1000536a:	f7fc ff21 	bl	100021b0 <__wrap___aeabi_memcpy>
1000536e:	2300      	movs	r3, #0
10005370:	60a3      	str	r3, [r4, #8]
10005372:	60e3      	str	r3, [r4, #12]
10005374:	bd10      	pop	{r4, pc}
10005376:	46c0      	nop			@ (mov r8, r8)
10005378:	20001458 	.word	0x20001458

1000537c <usbd_control_xfer_cb>:
1000537c:	b570      	push	{r4, r5, r6, lr}
1000537e:	4c37      	ldr	r4, [pc, #220]	@ (1000545c <usbd_control_xfer_cb+0xe0>)
10005380:	001d      	movs	r5, r3
10005382:	7823      	ldrb	r3, [r4, #0]
10005384:	0006      	movs	r6, r0
10005386:	09da      	lsrs	r2, r3, #7
10005388:	09c9      	lsrs	r1, r1, #7
1000538a:	428a      	cmp	r2, r1
1000538c:	d010      	beq.n	100053b0 <usbd_control_xfer_cb+0x34>
1000538e:	2000      	movs	r0, #0
10005390:	2d00      	cmp	r5, #0
10005392:	d000      	beq.n	10005396 <usbd_control_xfer_cb+0x1a>
10005394:	bd70      	pop	{r4, r5, r6, pc}
10005396:	0021      	movs	r1, r4
10005398:	0030      	movs	r0, r6
1000539a:	f7ff f91d 	bl	100045d8 <dcd_edpt0_status_complete>
1000539e:	6923      	ldr	r3, [r4, #16]
100053a0:	2b00      	cmp	r3, #0
100053a2:	d003      	beq.n	100053ac <usbd_control_xfer_cb+0x30>
100053a4:	0022      	movs	r2, r4
100053a6:	2103      	movs	r1, #3
100053a8:	0030      	movs	r0, r6
100053aa:	4798      	blx	r3
100053ac:	2001      	movs	r0, #1
100053ae:	e7f1      	b.n	10005394 <usbd_control_xfer_cb+0x18>
100053b0:	2b7f      	cmp	r3, #127	@ 0x7f
100053b2:	d806      	bhi.n	100053c2 <usbd_control_xfer_cb+0x46>
100053b4:	68a0      	ldr	r0, [r4, #8]
100053b6:	2800      	cmp	r0, #0
100053b8:	d0ec      	beq.n	10005394 <usbd_control_xfer_cb+0x18>
100053ba:	002a      	movs	r2, r5
100053bc:	4928      	ldr	r1, [pc, #160]	@ (10005460 <usbd_control_xfer_cb+0xe4>)
100053be:	f7fc fef7 	bl	100021b0 <__wrap___aeabi_memcpy>
100053c2:	89e2      	ldrh	r2, [r4, #14]
100053c4:	68a1      	ldr	r1, [r4, #8]
100053c6:	1952      	adds	r2, r2, r5
100053c8:	88e3      	ldrh	r3, [r4, #6]
100053ca:	b292      	uxth	r2, r2
100053cc:	1949      	adds	r1, r1, r5
100053ce:	81e2      	strh	r2, [r4, #14]
100053d0:	60a1      	str	r1, [r4, #8]
100053d2:	4293      	cmp	r3, r2
100053d4:	d014      	beq.n	10005400 <usbd_control_xfer_cb+0x84>
100053d6:	2d3f      	cmp	r5, #63	@ 0x3f
100053d8:	d912      	bls.n	10005400 <usbd_control_xfer_cb+0x84>
100053da:	89a3      	ldrh	r3, [r4, #12]
100053dc:	1a98      	subs	r0, r3, r2
100053de:	1c05      	adds	r5, r0, #0
100053e0:	b280      	uxth	r0, r0
100053e2:	2840      	cmp	r0, #64	@ 0x40
100053e4:	d828      	bhi.n	10005438 <usbd_control_xfer_cb+0xbc>
100053e6:	7820      	ldrb	r0, [r4, #0]
100053e8:	b2ad      	uxth	r5, r5
100053ea:	287f      	cmp	r0, #127	@ 0x7f
100053ec:	d826      	bhi.n	1000543c <usbd_control_xfer_cb+0xc0>
100053ee:	2100      	movs	r1, #0
100053f0:	429a      	cmp	r2, r3
100053f2:	d030      	beq.n	10005456 <usbd_control_xfer_cb+0xda>
100053f4:	4a1a      	ldr	r2, [pc, #104]	@ (10005460 <usbd_control_xfer_cb+0xe4>)
100053f6:	002b      	movs	r3, r5
100053f8:	0030      	movs	r0, r6
100053fa:	f7ff ff13 	bl	10005224 <usbd_edpt_xfer>
100053fe:	e7c9      	b.n	10005394 <usbd_control_xfer_cb+0x18>
10005400:	6923      	ldr	r3, [r4, #16]
10005402:	2b00      	cmp	r3, #0
10005404:	d005      	beq.n	10005412 <usbd_control_xfer_cb+0x96>
10005406:	0022      	movs	r2, r4
10005408:	2102      	movs	r1, #2
1000540a:	0030      	movs	r0, r6
1000540c:	4798      	blx	r3
1000540e:	2800      	cmp	r0, #0
10005410:	d008      	beq.n	10005424 <usbd_control_xfer_cb+0xa8>
10005412:	2180      	movs	r1, #128	@ 0x80
10005414:	7823      	ldrb	r3, [r4, #0]
10005416:	2200      	movs	r2, #0
10005418:	4399      	bics	r1, r3
1000541a:	0030      	movs	r0, r6
1000541c:	2300      	movs	r3, #0
1000541e:	f7ff ff01 	bl	10005224 <usbd_edpt_xfer>
10005422:	e7b7      	b.n	10005394 <usbd_control_xfer_cb+0x18>
10005424:	2100      	movs	r1, #0
10005426:	0030      	movs	r0, r6
10005428:	f7ff f978 	bl	1000471c <dcd_edpt_stall>
1000542c:	0030      	movs	r0, r6
1000542e:	2180      	movs	r1, #128	@ 0x80
10005430:	f7ff f974 	bl	1000471c <dcd_edpt_stall>
10005434:	2001      	movs	r0, #1
10005436:	e7ad      	b.n	10005394 <usbd_control_xfer_cb+0x18>
10005438:	2540      	movs	r5, #64	@ 0x40
1000543a:	e7d4      	b.n	100053e6 <usbd_control_xfer_cb+0x6a>
1000543c:	429a      	cmp	r2, r3
1000543e:	d007      	beq.n	10005450 <usbd_control_xfer_cb+0xd4>
10005440:	4c07      	ldr	r4, [pc, #28]	@ (10005460 <usbd_control_xfer_cb+0xe4>)
10005442:	002a      	movs	r2, r5
10005444:	0020      	movs	r0, r4
10005446:	f7fc feb3 	bl	100021b0 <__wrap___aeabi_memcpy>
1000544a:	2180      	movs	r1, #128	@ 0x80
1000544c:	0022      	movs	r2, r4
1000544e:	e7d2      	b.n	100053f6 <usbd_control_xfer_cb+0x7a>
10005450:	2180      	movs	r1, #128	@ 0x80
10005452:	2200      	movs	r2, #0
10005454:	e7cf      	b.n	100053f6 <usbd_control_xfer_cb+0x7a>
10005456:	2200      	movs	r2, #0
10005458:	e7cd      	b.n	100053f6 <usbd_control_xfer_cb+0x7a>
1000545a:	46c0      	nop			@ (mov r8, r8)
1000545c:	20001458 	.word	0x20001458
10005460:	20001418 	.word	0x20001418

10005464 <_prep_out_transaction.isra.0>:
10005464:	b570      	push	{r4, r5, r6, lr}
10005466:	0004      	movs	r4, r0
10005468:	f7ff f9de 	bl	10004828 <tud_mounted>
1000546c:	2800      	cmp	r0, #0
1000546e:	d100      	bne.n	10005472 <_prep_out_transaction.isra.0+0xe>
10005470:	bd70      	pop	{r4, r5, r6, pc}
10005472:	f7ff f9e1 	bl	10004838 <tud_suspended>
10005476:	2800      	cmp	r0, #0
10005478:	d1fa      	bne.n	10005470 <_prep_out_transaction.isra.0+0xc>
1000547a:	23c8      	movs	r3, #200	@ 0xc8
1000547c:	4363      	muls	r3, r4
1000547e:	4a12      	ldr	r2, [pc, #72]	@ (100054c8 <_prep_out_transaction.isra.0+0x64>)
10005480:	0025      	movs	r5, r4
10005482:	18d4      	adds	r4, r2, r3
10005484:	78e1      	ldrb	r1, [r4, #3]
10005486:	2900      	cmp	r1, #0
10005488:	d0f2      	beq.n	10005470 <_prep_out_transaction.isra.0+0xc>
1000548a:	3310      	adds	r3, #16
1000548c:	189e      	adds	r6, r3, r2
1000548e:	0030      	movs	r0, r6
10005490:	f000 fbb6 	bl	10005c00 <tu_fifo_remaining>
10005494:	283f      	cmp	r0, #63	@ 0x3f
10005496:	d9eb      	bls.n	10005470 <_prep_out_transaction.isra.0+0xc>
10005498:	2000      	movs	r0, #0
1000549a:	78e1      	ldrb	r1, [r4, #3]
1000549c:	f7ff fe9a 	bl	100051d4 <usbd_edpt_claim>
100054a0:	2800      	cmp	r0, #0
100054a2:	d0e5      	beq.n	10005470 <_prep_out_transaction.isra.0+0xc>
100054a4:	0030      	movs	r0, r6
100054a6:	f000 fbab 	bl	10005c00 <tu_fifo_remaining>
100054aa:	78e1      	ldrb	r1, [r4, #3]
100054ac:	283f      	cmp	r0, #63	@ 0x3f
100054ae:	d907      	bls.n	100054c0 <_prep_out_transaction.isra.0+0x5c>
100054b0:	4b06      	ldr	r3, [pc, #24]	@ (100054cc <_prep_out_transaction.isra.0+0x68>)
100054b2:	01ea      	lsls	r2, r5, #7
100054b4:	18d2      	adds	r2, r2, r3
100054b6:	2000      	movs	r0, #0
100054b8:	2340      	movs	r3, #64	@ 0x40
100054ba:	f7ff feb3 	bl	10005224 <usbd_edpt_xfer>
100054be:	e7d7      	b.n	10005470 <_prep_out_transaction.isra.0+0xc>
100054c0:	2000      	movs	r0, #0
100054c2:	f7ff fe9b 	bl	100051fc <usbd_edpt_release>
100054c6:	e7d3      	b.n	10005470 <_prep_out_transaction.isra.0+0xc>
100054c8:	20001040 	.word	0x20001040
100054cc:	20001394 	.word	0x20001394

100054d0 <tud_cdc_n_connected>:
100054d0:	b510      	push	{r4, lr}
100054d2:	0004      	movs	r4, r0
100054d4:	f7ff f9a8 	bl	10004828 <tud_mounted>
100054d8:	2800      	cmp	r0, #0
100054da:	d101      	bne.n	100054e0 <tud_cdc_n_connected+0x10>
100054dc:	2000      	movs	r0, #0
100054de:	bd10      	pop	{r4, pc}
100054e0:	f7ff f9aa 	bl	10004838 <tud_suspended>
100054e4:	2800      	cmp	r0, #0
100054e6:	d1f9      	bne.n	100054dc <tud_cdc_n_connected+0xc>
100054e8:	22c8      	movs	r2, #200	@ 0xc8
100054ea:	4362      	muls	r2, r4
100054ec:	4b02      	ldr	r3, [pc, #8]	@ (100054f8 <tud_cdc_n_connected+0x28>)
100054ee:	3001      	adds	r0, #1
100054f0:	189b      	adds	r3, r3, r2
100054f2:	791b      	ldrb	r3, [r3, #4]
100054f4:	4018      	ands	r0, r3
100054f6:	e7f2      	b.n	100054de <tud_cdc_n_connected+0xe>
100054f8:	20001040 	.word	0x20001040

100054fc <tud_cdc_n_available>:
100054fc:	23c8      	movs	r3, #200	@ 0xc8
100054fe:	b510      	push	{r4, lr}
10005500:	4343      	muls	r3, r0
10005502:	4802      	ldr	r0, [pc, #8]	@ (1000550c <tud_cdc_n_available+0x10>)
10005504:	1818      	adds	r0, r3, r0
10005506:	f000 fb5d 	bl	10005bc4 <tu_fifo_count>
1000550a:	bd10      	pop	{r4, pc}
1000550c:	20001050 	.word	0x20001050

10005510 <tud_cdc_n_read>:
10005510:	b5f8      	push	{r3, r4, r5, r6, r7, lr}
10005512:	23c8      	movs	r3, #200	@ 0xc8
10005514:	4343      	muls	r3, r0
10005516:	4d1d      	ldr	r5, [pc, #116]	@ (1000558c <tud_cdc_n_read+0x7c>)
10005518:	3310      	adds	r3, #16
1000551a:	18ee      	adds	r6, r5, r3
1000551c:	2380      	movs	r3, #128	@ 0x80
1000551e:	0004      	movs	r4, r0
10005520:	025b      	lsls	r3, r3, #9
10005522:	429a      	cmp	r2, r3
10005524:	d300      	bcc.n	10005528 <tud_cdc_n_read+0x18>
10005526:	4a1a      	ldr	r2, [pc, #104]	@ (10005590 <tud_cdc_n_read+0x80>)
10005528:	0030      	movs	r0, r6
1000552a:	b292      	uxth	r2, r2
1000552c:	f000 fbcc 	bl	10005cc8 <tu_fifo_read_n>
10005530:	0007      	movs	r7, r0
10005532:	f7ff f979 	bl	10004828 <tud_mounted>
10005536:	2800      	cmp	r0, #0
10005538:	d101      	bne.n	1000553e <tud_cdc_n_read+0x2e>
1000553a:	0038      	movs	r0, r7
1000553c:	bdf8      	pop	{r3, r4, r5, r6, r7, pc}
1000553e:	f7ff f97b 	bl	10004838 <tud_suspended>
10005542:	2800      	cmp	r0, #0
10005544:	d1f9      	bne.n	1000553a <tud_cdc_n_read+0x2a>
10005546:	23c8      	movs	r3, #200	@ 0xc8
10005548:	4363      	muls	r3, r4
1000554a:	18ed      	adds	r5, r5, r3
1000554c:	78eb      	ldrb	r3, [r5, #3]
1000554e:	2b00      	cmp	r3, #0
10005550:	d0f3      	beq.n	1000553a <tud_cdc_n_read+0x2a>
10005552:	0030      	movs	r0, r6
10005554:	f000 fb54 	bl	10005c00 <tu_fifo_remaining>
10005558:	283f      	cmp	r0, #63	@ 0x3f
1000555a:	d9ee      	bls.n	1000553a <tud_cdc_n_read+0x2a>
1000555c:	2000      	movs	r0, #0
1000555e:	78e9      	ldrb	r1, [r5, #3]
10005560:	f7ff fe38 	bl	100051d4 <usbd_edpt_claim>
10005564:	2800      	cmp	r0, #0
10005566:	d0e8      	beq.n	1000553a <tud_cdc_n_read+0x2a>
10005568:	0030      	movs	r0, r6
1000556a:	f000 fb49 	bl	10005c00 <tu_fifo_remaining>
1000556e:	78e9      	ldrb	r1, [r5, #3]
10005570:	283f      	cmp	r0, #63	@ 0x3f
10005572:	d907      	bls.n	10005584 <tud_cdc_n_read+0x74>
10005574:	4b07      	ldr	r3, [pc, #28]	@ (10005594 <tud_cdc_n_read+0x84>)
10005576:	01e2      	lsls	r2, r4, #7
10005578:	18d2      	adds	r2, r2, r3
1000557a:	2000      	movs	r0, #0
1000557c:	2340      	movs	r3, #64	@ 0x40
1000557e:	f7ff fe51 	bl	10005224 <usbd_edpt_xfer>
10005582:	e7da      	b.n	1000553a <tud_cdc_n_read+0x2a>
10005584:	2000      	movs	r0, #0
10005586:	f7ff fe39 	bl	100051fc <usbd_edpt_release>
1000558a:	e7d6      	b.n	1000553a <tud_cdc_n_read+0x2a>
1000558c:	20001040 	.word	0x20001040
10005590:	0000ffff 	.word	0x0000ffff
10005594:	20001394 	.word	0x20001394

10005598 <tud_cdc_n_write_flush>:
10005598:	b5f8      	push	{r3, r4, r5, r6, r7, lr}
1000559a:	0004      	movs	r4, r0
1000559c:	f7ff f944 	bl	10004828 <tud_mounted>
100055a0:	2800      	cmp	r0, #0
100055a2:	d101      	bne.n	100055a8 <tud_cdc_n_write_flush+0x10>
100055a4:	2000      	movs	r0, #0
100055a6:	bdf8      	pop	{r3, r4, r5, r6, r7, pc}
100055a8:	f7ff f946 	bl	10004838 <tud_suspended>
100055ac:	2800      	cmp	r0, #0
100055ae:	d1f9      	bne.n	100055a4 <tud_cdc_n_write_flush+0xc>
100055b0:	23c8      	movs	r3, #200	@ 0xc8
100055b2:	0025      	movs	r5, r4
100055b4:	435d      	muls	r5, r3
100055b6:	002b      	movs	r3, r5
100055b8:	4e13      	ldr	r6, [pc, #76]	@ (10005608 <tud_cdc_n_write_flush+0x70>)
100055ba:	3324      	adds	r3, #36	@ 0x24
100055bc:	18f7      	adds	r7, r6, r3
100055be:	0038      	movs	r0, r7
100055c0:	f000 fb00 	bl	10005bc4 <tu_fifo_count>
100055c4:	2800      	cmp	r0, #0
100055c6:	d0ed      	beq.n	100055a4 <tud_cdc_n_write_flush+0xc>
100055c8:	1975      	adds	r5, r6, r5
100055ca:	2000      	movs	r0, #0
100055cc:	78a9      	ldrb	r1, [r5, #2]
100055ce:	f7ff fe01 	bl	100051d4 <usbd_edpt_claim>
100055d2:	2800      	cmp	r0, #0
100055d4:	d0e6      	beq.n	100055a4 <tud_cdc_n_write_flush+0xc>
100055d6:	4a0d      	ldr	r2, [pc, #52]	@ (1000560c <tud_cdc_n_write_flush+0x74>)
100055d8:	01e3      	lsls	r3, r4, #7
100055da:	189c      	adds	r4, r3, r2
100055dc:	0021      	movs	r1, r4
100055de:	2240      	movs	r2, #64	@ 0x40
100055e0:	0038      	movs	r0, r7
100055e2:	f000 fb71 	bl	10005cc8 <tu_fifo_read_n>
100055e6:	78a9      	ldrb	r1, [r5, #2]
100055e8:	0003      	movs	r3, r0
100055ea:	1e05      	subs	r5, r0, #0
100055ec:	d007      	beq.n	100055fe <tud_cdc_n_write_flush+0x66>
100055ee:	0022      	movs	r2, r4
100055f0:	2000      	movs	r0, #0
100055f2:	f7ff fe17 	bl	10005224 <usbd_edpt_xfer>
100055f6:	2800      	cmp	r0, #0
100055f8:	d0d4      	beq.n	100055a4 <tud_cdc_n_write_flush+0xc>
100055fa:	0028      	movs	r0, r5
100055fc:	e7d3      	b.n	100055a6 <tud_cdc_n_write_flush+0xe>
100055fe:	2000      	movs	r0, #0
10005600:	f7ff fdfc 	bl	100051fc <usbd_edpt_release>
10005604:	e7ce      	b.n	100055a4 <tud_cdc_n_write_flush+0xc>
10005606:	46c0      	nop			@ (mov r8, r8)
10005608:	20001040 	.word	0x20001040
1000560c:	200013d4 	.word	0x200013d4

10005610 <tud_cdc_n_write>:
10005610:	b570      	push	{r4, r5, r6, lr}
10005612:	24c8      	movs	r4, #200	@ 0xc8
10005614:	4344      	muls	r4, r0
10005616:	4b0c      	ldr	r3, [pc, #48]	@ (10005648 <tud_cdc_n_write+0x38>)
10005618:	0005      	movs	r5, r0
1000561a:	18e4      	adds	r4, r4, r3
1000561c:	2380      	movs	r3, #128	@ 0x80
1000561e:	025b      	lsls	r3, r3, #9
10005620:	429a      	cmp	r2, r3
10005622:	d300      	bcc.n	10005626 <tud_cdc_n_write+0x16>
10005624:	4a09      	ldr	r2, [pc, #36]	@ (1000564c <tud_cdc_n_write+0x3c>)
10005626:	0020      	movs	r0, r4
10005628:	b292      	uxth	r2, r2
1000562a:	f000 fc15 	bl	10005e58 <tu_fifo_write_n>
1000562e:	0006      	movs	r6, r0
10005630:	0020      	movs	r0, r4
10005632:	f000 fac7 	bl	10005bc4 <tu_fifo_count>
10005636:	283f      	cmp	r0, #63	@ 0x3f
10005638:	d801      	bhi.n	1000563e <tud_cdc_n_write+0x2e>
1000563a:	0030      	movs	r0, r6
1000563c:	bd70      	pop	{r4, r5, r6, pc}
1000563e:	0028      	movs	r0, r5
10005640:	f7ff ffaa 	bl	10005598 <tud_cdc_n_write_flush>
10005644:	e7f9      	b.n	1000563a <tud_cdc_n_write+0x2a>
10005646:	46c0      	nop			@ (mov r8, r8)
10005648:	20001064 	.word	0x20001064
1000564c:	0000ffff 	.word	0x0000ffff

10005650 <tud_cdc_n_write_available>:
10005650:	23c8      	movs	r3, #200	@ 0xc8
10005652:	b510      	push	{r4, lr}
10005654:	4343      	muls	r3, r0
10005656:	4802      	ldr	r0, [pc, #8]	@ (10005660 <tud_cdc_n_write_available+0x10>)
10005658:	1818      	adds	r0, r3, r0
1000565a:	f000 fad1 	bl	10005c00 <tu_fifo_remaining>
1000565e:	bd10      	pop	{r4, pc}
10005660:	20001064 	.word	0x20001064

10005664 <cdcd_init>:
10005664:	b5f0      	push	{r4, r5, r6, r7, lr}
10005666:	2500      	movs	r5, #0
10005668:	4c18      	ldr	r4, [pc, #96]	@ (100056cc <cdcd_init+0x68>)
1000566a:	b083      	sub	sp, #12
1000566c:	22c8      	movs	r2, #200	@ 0xc8
1000566e:	2100      	movs	r1, #0
10005670:	0020      	movs	r0, r4
10005672:	f7fc fd97 	bl	100021a4 <__wrap_memset>
10005676:	4b16      	ldr	r3, [pc, #88]	@ (100056d0 <cdcd_init+0x6c>)
10005678:	0021      	movs	r1, r4
1000567a:	701d      	strb	r5, [r3, #0]
1000567c:	23ff      	movs	r3, #255	@ 0xff
1000567e:	7163      	strb	r3, [r4, #5]
10005680:	23e1      	movs	r3, #225	@ 0xe1
10005682:	025b      	lsls	r3, r3, #9
10005684:	60a3      	str	r3, [r4, #8]
10005686:	0020      	movs	r0, r4
10005688:	2308      	movs	r3, #8
1000568a:	2240      	movs	r2, #64	@ 0x40
1000568c:	73a3      	strb	r3, [r4, #14]
1000568e:	3138      	adds	r1, #56	@ 0x38
10005690:	9500      	str	r5, [sp, #0]
10005692:	3b07      	subs	r3, #7
10005694:	3010      	adds	r0, #16
10005696:	f000 fa5f 	bl	10005b58 <tu_fifo_config>
1000569a:	0027      	movs	r7, r4
1000569c:	2301      	movs	r3, #1
1000569e:	0021      	movs	r1, r4
100056a0:	0020      	movs	r0, r4
100056a2:	0026      	movs	r6, r4
100056a4:	2240      	movs	r2, #64	@ 0x40
100056a6:	3178      	adds	r1, #120	@ 0x78
100056a8:	9300      	str	r3, [sp, #0]
100056aa:	37b8      	adds	r7, #184	@ 0xb8
100056ac:	3024      	adds	r0, #36	@ 0x24
100056ae:	f000 fa53 	bl	10005b58 <tu_fifo_config>
100056b2:	36c0      	adds	r6, #192	@ 0xc0
100056b4:	0038      	movs	r0, r7
100056b6:	f7fb f9db 	bl	10000a70 <mutex_init>
100056ba:	0030      	movs	r0, r6
100056bc:	f7fb f9d8 	bl	10000a70 <mutex_init>
100056c0:	61e5      	str	r5, [r4, #28]
100056c2:	6227      	str	r7, [r4, #32]
100056c4:	6326      	str	r6, [r4, #48]	@ 0x30
100056c6:	6365      	str	r5, [r4, #52]	@ 0x34
100056c8:	b003      	add	sp, #12
100056ca:	bdf0      	pop	{r4, r5, r6, r7, pc}
100056cc:	20001040 	.word	0x20001040
100056d0:	20001414 	.word	0x20001414

100056d4 <cdcd_deinit>:
100056d4:	4b0a      	ldr	r3, [pc, #40]	@ (10005700 <cdcd_deinit+0x2c>)
100056d6:	6b19      	ldr	r1, [r3, #48]	@ 0x30
100056d8:	6a1a      	ldr	r2, [r3, #32]
100056da:	2900      	cmp	r1, #0
100056dc:	d00c      	beq.n	100056f8 <cdcd_deinit+0x24>
100056de:	2a00      	cmp	r2, #0
100056e0:	d007      	beq.n	100056f2 <cdcd_deinit+0x1e>
100056e2:	2200      	movs	r2, #0
100056e4:	61da      	str	r2, [r3, #28]
100056e6:	635a      	str	r2, [r3, #52]	@ 0x34
100056e8:	631a      	str	r2, [r3, #48]	@ 0x30
100056ea:	2200      	movs	r2, #0
100056ec:	621a      	str	r2, [r3, #32]
100056ee:	2001      	movs	r0, #1
100056f0:	4770      	bx	lr
100056f2:	635a      	str	r2, [r3, #52]	@ 0x34
100056f4:	631a      	str	r2, [r3, #48]	@ 0x30
100056f6:	e7fa      	b.n	100056ee <cdcd_deinit+0x1a>
100056f8:	2a00      	cmp	r2, #0
100056fa:	d0f8      	beq.n	100056ee <cdcd_deinit+0x1a>
100056fc:	61d9      	str	r1, [r3, #28]
100056fe:	e7f4      	b.n	100056ea <cdcd_deinit+0x16>
10005700:	20001040 	.word	0x20001040

10005704 <cdcd_reset>:
10005704:	b570      	push	{r4, r5, r6, lr}
10005706:	2205      	movs	r2, #5
10005708:	2100      	movs	r1, #0
1000570a:	480d      	ldr	r0, [pc, #52]	@ (10005740 <cdcd_reset+0x3c>)
1000570c:	f7fc fd4a 	bl	100021a4 <__wrap_memset>
10005710:	4d0c      	ldr	r5, [pc, #48]	@ (10005744 <cdcd_reset+0x40>)
10005712:	782b      	ldrb	r3, [r5, #0]
10005714:	07da      	lsls	r2, r3, #31
10005716:	d507      	bpl.n	10005728 <cdcd_reset+0x24>
10005718:	4c0b      	ldr	r4, [pc, #44]	@ (10005748 <cdcd_reset+0x44>)
1000571a:	079b      	lsls	r3, r3, #30
1000571c:	d50c      	bpl.n	10005738 <cdcd_reset+0x34>
1000571e:	2101      	movs	r1, #1
10005720:	0020      	movs	r0, r4
10005722:	f000 fc6d 	bl	10006000 <tu_fifo_set_overwritable>
10005726:	bd70      	pop	{r4, r5, r6, pc}
10005728:	4805      	ldr	r0, [pc, #20]	@ (10005740 <cdcd_reset+0x3c>)
1000572a:	3010      	adds	r0, #16
1000572c:	f000 fc48 	bl	10005fc0 <tu_fifo_clear>
10005730:	782b      	ldrb	r3, [r5, #0]
10005732:	4c05      	ldr	r4, [pc, #20]	@ (10005748 <cdcd_reset+0x44>)
10005734:	079b      	lsls	r3, r3, #30
10005736:	d4f2      	bmi.n	1000571e <cdcd_reset+0x1a>
10005738:	0020      	movs	r0, r4
1000573a:	f000 fc41 	bl	10005fc0 <tu_fifo_clear>
1000573e:	e7ee      	b.n	1000571e <cdcd_reset+0x1a>
10005740:	20001040 	.word	0x20001040
10005744:	20001414 	.word	0x20001414
10005748:	20001064 	.word	0x20001064

1000574c <cdcd_open>:
1000574c:	b5f0      	push	{r4, r5, r6, r7, lr}
1000574e:	794b      	ldrb	r3, [r1, #5]
10005750:	0007      	movs	r7, r0
10005752:	b083      	sub	sp, #12
10005754:	2b02      	cmp	r3, #2
10005756:	d102      	bne.n	1000575e <cdcd_open+0x12>
10005758:	798b      	ldrb	r3, [r1, #6]
1000575a:	2b02      	cmp	r3, #2
1000575c:	d003      	beq.n	10005766 <cdcd_open+0x1a>
1000575e:	2400      	movs	r4, #0
10005760:	0020      	movs	r0, r4
10005762:	b003      	add	sp, #12
10005764:	bdf0      	pop	{r4, r5, r6, r7, pc}
10005766:	4b21      	ldr	r3, [pc, #132]	@ (100057ec <cdcd_open+0xa0>)
10005768:	001e      	movs	r6, r3
1000576a:	789b      	ldrb	r3, [r3, #2]
1000576c:	2b00      	cmp	r3, #0
1000576e:	d1f6      	bne.n	1000575e <cdcd_open+0x12>
10005770:	788b      	ldrb	r3, [r1, #2]
10005772:	2409      	movs	r4, #9
10005774:	7033      	strb	r3, [r6, #0]
10005776:	780d      	ldrb	r5, [r1, #0]
10005778:	194d      	adds	r5, r1, r5
1000577a:	786b      	ldrb	r3, [r5, #1]
1000577c:	2b24      	cmp	r3, #36	@ 0x24
1000577e:	d007      	beq.n	10005790 <cdcd_open+0x44>
10005780:	e00c      	b.n	1000579c <cdcd_open+0x50>
10005782:	782b      	ldrb	r3, [r5, #0]
10005784:	18ed      	adds	r5, r5, r3
10005786:	191c      	adds	r4, r3, r4
10005788:	786b      	ldrb	r3, [r5, #1]
1000578a:	b2a4      	uxth	r4, r4
1000578c:	2b24      	cmp	r3, #36	@ 0x24
1000578e:	d105      	bne.n	1000579c <cdcd_open+0x50>
10005790:	42a2      	cmp	r2, r4
10005792:	d2f6      	bcs.n	10005782 <cdcd_open+0x36>
10005794:	2000      	movs	r0, #0
10005796:	f7ff fe65 	bl	10005464 <_prep_out_transaction.isra.0>
1000579a:	e7e1      	b.n	10005760 <cdcd_open+0x14>
1000579c:	001a      	movs	r2, r3
1000579e:	2b05      	cmp	r3, #5
100057a0:	d015      	beq.n	100057ce <cdcd_open+0x82>
100057a2:	2a04      	cmp	r2, #4
100057a4:	d1f6      	bne.n	10005794 <cdcd_open+0x48>
100057a6:	796b      	ldrb	r3, [r5, #5]
100057a8:	2b0a      	cmp	r3, #10
100057aa:	d1f3      	bne.n	10005794 <cdcd_open+0x48>
100057ac:	4b10      	ldr	r3, [pc, #64]	@ (100057f0 <cdcd_open+0xa4>)
100057ae:	782e      	ldrb	r6, [r5, #0]
100057b0:	9301      	str	r3, [sp, #4]
100057b2:	3301      	adds	r3, #1
100057b4:	9300      	str	r3, [sp, #0]
100057b6:	0038      	movs	r0, r7
100057b8:	2302      	movs	r3, #2
100057ba:	19a9      	adds	r1, r5, r6
100057bc:	3a02      	subs	r2, #2
100057be:	f7ff fca3 	bl	10005108 <usbd_open_edpt_pair>
100057c2:	2800      	cmp	r0, #0
100057c4:	d0cb      	beq.n	1000575e <cdcd_open+0x12>
100057c6:	340e      	adds	r4, #14
100057c8:	19a4      	adds	r4, r4, r6
100057ca:	b2a4      	uxth	r4, r4
100057cc:	e7e2      	b.n	10005794 <cdcd_open+0x48>
100057ce:	0029      	movs	r1, r5
100057d0:	0038      	movs	r0, r7
100057d2:	f7ff fce5 	bl	100051a0 <usbd_edpt_open>
100057d6:	2800      	cmp	r0, #0
100057d8:	d0c1      	beq.n	1000575e <cdcd_open+0x12>
100057da:	78ab      	ldrb	r3, [r5, #2]
100057dc:	7073      	strb	r3, [r6, #1]
100057de:	782b      	ldrb	r3, [r5, #0]
100057e0:	191c      	adds	r4, r3, r4
100057e2:	18ed      	adds	r5, r5, r3
100057e4:	786a      	ldrb	r2, [r5, #1]
100057e6:	b2a4      	uxth	r4, r4
100057e8:	e7db      	b.n	100057a2 <cdcd_open+0x56>
100057ea:	46c0      	nop			@ (mov r8, r8)
100057ec:	20001040 	.word	0x20001040
100057f0:	20001042 	.word	0x20001042

100057f4 <cdcd_control_xfer_cb>:
100057f4:	2360      	movs	r3, #96	@ 0x60
100057f6:	468c      	mov	ip, r1
100057f8:	0011      	movs	r1, r2
100057fa:	7812      	ldrb	r2, [r2, #0]
100057fc:	b570      	push	{r4, r5, r6, lr}
100057fe:	4013      	ands	r3, r2
10005800:	2200      	movs	r2, #0
10005802:	2b20      	cmp	r3, #32
10005804:	d108      	bne.n	10005818 <cdcd_control_xfer_cb+0x24>
10005806:	4c32      	ldr	r4, [pc, #200]	@ (100058d0 <cdcd_control_xfer_cb+0xdc>)
10005808:	794b      	ldrb	r3, [r1, #5]
1000580a:	0026      	movs	r6, r4
1000580c:	790d      	ldrb	r5, [r1, #4]
1000580e:	7824      	ldrb	r4, [r4, #0]
10005810:	021b      	lsls	r3, r3, #8
10005812:	432b      	orrs	r3, r5
10005814:	429c      	cmp	r4, r3
10005816:	d001      	beq.n	1000581c <cdcd_control_xfer_cb+0x28>
10005818:	0010      	movs	r0, r2
1000581a:	bd70      	pop	{r4, r5, r6, pc}
1000581c:	784b      	ldrb	r3, [r1, #1]
1000581e:	2b22      	cmp	r3, #34	@ 0x22
10005820:	d01c      	beq.n	1000585c <cdcd_control_xfer_cb+0x68>
10005822:	d808      	bhi.n	10005836 <cdcd_control_xfer_cb+0x42>
10005824:	2b20      	cmp	r3, #32
10005826:	d039      	beq.n	1000589c <cdcd_control_xfer_cb+0xa8>
10005828:	2b21      	cmp	r3, #33	@ 0x21
1000582a:	d1f5      	bne.n	10005818 <cdcd_control_xfer_cb+0x24>
1000582c:	4663      	mov	r3, ip
1000582e:	2b01      	cmp	r3, #1
10005830:	d043      	beq.n	100058ba <cdcd_control_xfer_cb+0xc6>
10005832:	2201      	movs	r2, #1
10005834:	e7f0      	b.n	10005818 <cdcd_control_xfer_cb+0x24>
10005836:	2b23      	cmp	r3, #35	@ 0x23
10005838:	d1ee      	bne.n	10005818 <cdcd_control_xfer_cb+0x24>
1000583a:	4663      	mov	r3, ip
1000583c:	2b01      	cmp	r3, #1
1000583e:	d042      	beq.n	100058c6 <cdcd_control_xfer_cb+0xd2>
10005840:	2b03      	cmp	r3, #3
10005842:	d1f6      	bne.n	10005832 <cdcd_control_xfer_cb+0x3e>
10005844:	4b23      	ldr	r3, [pc, #140]	@ (100058d4 <cdcd_control_xfer_cb+0xe0>)
10005846:	2b00      	cmp	r3, #0
10005848:	d0f3      	beq.n	10005832 <cdcd_control_xfer_cb+0x3e>
1000584a:	788b      	ldrb	r3, [r1, #2]
1000584c:	78c9      	ldrb	r1, [r1, #3]
1000584e:	2000      	movs	r0, #0
10005850:	0209      	lsls	r1, r1, #8
10005852:	4319      	orrs	r1, r3
10005854:	e000      	b.n	10005858 <cdcd_control_xfer_cb+0x64>
10005856:	bf00      	nop
10005858:	2201      	movs	r2, #1
1000585a:	e7dd      	b.n	10005818 <cdcd_control_xfer_cb+0x24>
1000585c:	4663      	mov	r3, ip
1000585e:	2b01      	cmp	r3, #1
10005860:	d031      	beq.n	100058c6 <cdcd_control_xfer_cb+0xd2>
10005862:	2b03      	cmp	r3, #3
10005864:	d1e5      	bne.n	10005832 <cdcd_control_xfer_cb+0x3e>
10005866:	2501      	movs	r5, #1
10005868:	78cb      	ldrb	r3, [r1, #3]
1000586a:	788a      	ldrb	r2, [r1, #2]
1000586c:	021b      	lsls	r3, r3, #8
1000586e:	4313      	orrs	r3, r2
10005870:	001c      	movs	r4, r3
10005872:	401d      	ands	r5, r3
10005874:	0033      	movs	r3, r6
10005876:	2101      	movs	r1, #1
10005878:	3324      	adds	r3, #36	@ 0x24
1000587a:	0018      	movs	r0, r3
1000587c:	4069      	eors	r1, r5
1000587e:	7134      	strb	r4, [r6, #4]
10005880:	f000 fbbe 	bl	10006000 <tu_fifo_set_overwritable>
10005884:	4b14      	ldr	r3, [pc, #80]	@ (100058d8 <cdcd_control_xfer_cb+0xe4>)
10005886:	2b00      	cmp	r3, #0
10005888:	d0d3      	beq.n	10005832 <cdcd_control_xfer_cb+0x3e>
1000588a:	2301      	movs	r3, #1
1000588c:	0862      	lsrs	r2, r4, #1
1000588e:	401a      	ands	r2, r3
10005890:	0029      	movs	r1, r5
10005892:	2000      	movs	r0, #0
10005894:	e000      	b.n	10005898 <cdcd_control_xfer_cb+0xa4>
10005896:	bf00      	nop
10005898:	2201      	movs	r2, #1
1000589a:	e7bd      	b.n	10005818 <cdcd_control_xfer_cb+0x24>
1000589c:	4663      	mov	r3, ip
1000589e:	2b01      	cmp	r3, #1
100058a0:	d00b      	beq.n	100058ba <cdcd_control_xfer_cb+0xc6>
100058a2:	2b03      	cmp	r3, #3
100058a4:	d1c5      	bne.n	10005832 <cdcd_control_xfer_cb+0x3e>
100058a6:	4b0d      	ldr	r3, [pc, #52]	@ (100058dc <cdcd_control_xfer_cb+0xe8>)
100058a8:	2b00      	cmp	r3, #0
100058aa:	d0c2      	beq.n	10005832 <cdcd_control_xfer_cb+0x3e>
100058ac:	0031      	movs	r1, r6
100058ae:	2000      	movs	r0, #0
100058b0:	3108      	adds	r1, #8
100058b2:	f7fe fe15 	bl	100044e0 <tud_cdc_line_coding_cb>
100058b6:	2201      	movs	r2, #1
100058b8:	e7ae      	b.n	10005818 <cdcd_control_xfer_cb+0x24>
100058ba:	4a09      	ldr	r2, [pc, #36]	@ (100058e0 <cdcd_control_xfer_cb+0xec>)
100058bc:	2307      	movs	r3, #7
100058be:	f7ff fcef 	bl	100052a0 <tud_control_xfer>
100058c2:	2201      	movs	r2, #1
100058c4:	e7a8      	b.n	10005818 <cdcd_control_xfer_cb+0x24>
100058c6:	f7ff fcd5 	bl	10005274 <tud_control_status>
100058ca:	2201      	movs	r2, #1
100058cc:	e7a4      	b.n	10005818 <cdcd_control_xfer_cb+0x24>
100058ce:	46c0      	nop			@ (mov r8, r8)
100058d0:	20001040 	.word	0x20001040
	...
100058dc:	100044e1 	.word	0x100044e1
100058e0:	20001048 	.word	0x20001048

100058e4 <cdcd_xfer_cb>:
100058e4:	b5f8      	push	{r3, r4, r5, r6, r7, lr}
100058e6:	4647      	mov	r7, r8
100058e8:	46ce      	mov	lr, r9
100058ea:	b580      	push	{r7, lr}
100058ec:	4c34      	ldr	r4, [pc, #208]	@ (100059c0 <cdcd_xfer_cb+0xdc>)
100058ee:	001f      	movs	r7, r3
100058f0:	78e3      	ldrb	r3, [r4, #3]
100058f2:	4680      	mov	r8, r0
100058f4:	000d      	movs	r5, r1
100058f6:	428b      	cmp	r3, r1
100058f8:	d03b      	beq.n	10005972 <cdcd_xfer_cb+0x8e>
100058fa:	78a3      	ldrb	r3, [r4, #2]
100058fc:	2000      	movs	r0, #0
100058fe:	428b      	cmp	r3, r1
10005900:	d011      	beq.n	10005926 <cdcd_xfer_cb+0x42>
10005902:	bcc0      	pop	{r6, r7}
10005904:	46b9      	mov	r9, r7
10005906:	46b0      	mov	r8, r6
10005908:	bdf8      	pop	{r3, r4, r5, r6, r7, pc}
1000590a:	4b2e      	ldr	r3, [pc, #184]	@ (100059c4 <cdcd_xfer_cb+0xe0>)
1000590c:	2b00      	cmp	r3, #0
1000590e:	d004      	beq.n	1000591a <cdcd_xfer_cb+0x36>
10005910:	482d      	ldr	r0, [pc, #180]	@ (100059c8 <cdcd_xfer_cb+0xe4>)
10005912:	f000 f96d 	bl	10005bf0 <tu_fifo_empty>
10005916:	2800      	cmp	r0, #0
10005918:	d04f      	beq.n	100059ba <cdcd_xfer_cb+0xd6>
1000591a:	2000      	movs	r0, #0
1000591c:	f7ff fda2 	bl	10005464 <_prep_out_transaction.isra.0>
10005920:	78a3      	ldrb	r3, [r4, #2]
10005922:	42ab      	cmp	r3, r5
10005924:	d10a      	bne.n	1000593c <cdcd_xfer_cb+0x58>
10005926:	4b29      	ldr	r3, [pc, #164]	@ (100059cc <cdcd_xfer_cb+0xe8>)
10005928:	2b00      	cmp	r3, #0
1000592a:	d002      	beq.n	10005932 <cdcd_xfer_cb+0x4e>
1000592c:	2000      	movs	r0, #0
1000592e:	e000      	b.n	10005932 <cdcd_xfer_cb+0x4e>
10005930:	bf00      	nop
10005932:	2000      	movs	r0, #0
10005934:	f7ff fe30 	bl	10005598 <tud_cdc_n_write_flush>
10005938:	2800      	cmp	r0, #0
1000593a:	d001      	beq.n	10005940 <cdcd_xfer_cb+0x5c>
1000593c:	2001      	movs	r0, #1
1000593e:	e7e0      	b.n	10005902 <cdcd_xfer_cb+0x1e>
10005940:	4c23      	ldr	r4, [pc, #140]	@ (100059d0 <cdcd_xfer_cb+0xec>)
10005942:	0020      	movs	r0, r4
10005944:	f000 f93e 	bl	10005bc4 <tu_fifo_count>
10005948:	2800      	cmp	r0, #0
1000594a:	d1f7      	bne.n	1000593c <cdcd_xfer_cb+0x58>
1000594c:	2f00      	cmp	r7, #0
1000594e:	d0f5      	beq.n	1000593c <cdcd_xfer_cb+0x58>
10005950:	06bb      	lsls	r3, r7, #26
10005952:	d1f3      	bne.n	1000593c <cdcd_xfer_cb+0x58>
10005954:	3c24      	subs	r4, #36	@ 0x24
10005956:	4640      	mov	r0, r8
10005958:	78a1      	ldrb	r1, [r4, #2]
1000595a:	f7ff fc3b 	bl	100051d4 <usbd_edpt_claim>
1000595e:	2800      	cmp	r0, #0
10005960:	d0ec      	beq.n	1000593c <cdcd_xfer_cb+0x58>
10005962:	2300      	movs	r3, #0
10005964:	2200      	movs	r2, #0
10005966:	4640      	mov	r0, r8
10005968:	78a1      	ldrb	r1, [r4, #2]
1000596a:	f7ff fc5b 	bl	10005224 <usbd_edpt_xfer>
1000596e:	2001      	movs	r0, #1
10005970:	e7c7      	b.n	10005902 <cdcd_xfer_cb+0x1e>
10005972:	4e18      	ldr	r6, [pc, #96]	@ (100059d4 <cdcd_xfer_cb+0xf0>)
10005974:	4814      	ldr	r0, [pc, #80]	@ (100059c8 <cdcd_xfer_cb+0xe4>)
10005976:	0031      	movs	r1, r6
10005978:	b2ba      	uxth	r2, r7
1000597a:	f000 fa6d 	bl	10005e58 <tu_fifo_write_n>
1000597e:	4b16      	ldr	r3, [pc, #88]	@ (100059d8 <cdcd_xfer_cb+0xf4>)
10005980:	2b00      	cmp	r3, #0
10005982:	d0c2      	beq.n	1000590a <cdcd_xfer_cb+0x26>
10005984:	7963      	ldrb	r3, [r4, #5]
10005986:	2bff      	cmp	r3, #255	@ 0xff
10005988:	d0bf      	beq.n	1000590a <cdcd_xfer_cb+0x26>
1000598a:	2f00      	cmp	r7, #0
1000598c:	d0bd      	beq.n	1000590a <cdcd_xfer_cb+0x26>
1000598e:	46bc      	mov	ip, r7
10005990:	44b4      	add	ip, r6
10005992:	46e1      	mov	r9, ip
10005994:	e003      	b.n	1000599e <cdcd_xfer_cb+0xba>
10005996:	3601      	adds	r6, #1
10005998:	454e      	cmp	r6, r9
1000599a:	d0b6      	beq.n	1000590a <cdcd_xfer_cb+0x26>
1000599c:	7963      	ldrb	r3, [r4, #5]
1000599e:	7832      	ldrb	r2, [r6, #0]
100059a0:	429a      	cmp	r2, r3
100059a2:	d1f8      	bne.n	10005996 <cdcd_xfer_cb+0xb2>
100059a4:	4808      	ldr	r0, [pc, #32]	@ (100059c8 <cdcd_xfer_cb+0xe4>)
100059a6:	f000 f923 	bl	10005bf0 <tu_fifo_empty>
100059aa:	2800      	cmp	r0, #0
100059ac:	d1f3      	bne.n	10005996 <cdcd_xfer_cb+0xb2>
100059ae:	4b06      	ldr	r3, [pc, #24]	@ (100059c8 <cdcd_xfer_cb+0xe4>)
100059b0:	3b10      	subs	r3, #16
100059b2:	7959      	ldrb	r1, [r3, #5]
100059b4:	e000      	b.n	100059b8 <cdcd_xfer_cb+0xd4>
100059b6:	bf00      	nop
100059b8:	e7ed      	b.n	10005996 <cdcd_xfer_cb+0xb2>
100059ba:	e000      	b.n	100059be <cdcd_xfer_cb+0xda>
100059bc:	bf00      	nop
100059be:	e7ac      	b.n	1000591a <cdcd_xfer_cb+0x36>
100059c0:	20001040 	.word	0x20001040
100059c4:	00000000 	.word	0x00000000
100059c8:	20001050 	.word	0x20001050
100059cc:	00000000 	.word	0x00000000
100059d0:	20001064 	.word	0x20001064
100059d4:	20001394 	.word	0x20001394
100059d8:	00000000 	.word	0x00000000

100059dc <tusb_rhport_init>:
100059dc:	b500      	push	{lr}
100059de:	0003      	movs	r3, r0
100059e0:	b083      	sub	sp, #12
100059e2:	2900      	cmp	r1, #0
100059e4:	d010      	beq.n	10005a08 <tusb_rhport_init+0x2c>
100059e6:	2000      	movs	r0, #0
100059e8:	2b01      	cmp	r3, #1
100059ea:	d807      	bhi.n	100059fc <tusb_rhport_init+0x20>
100059ec:	780a      	ldrb	r2, [r1, #0]
100059ee:	2a00      	cmp	r2, #0
100059f0:	d004      	beq.n	100059fc <tusb_rhport_init+0x20>
100059f2:	480c      	ldr	r0, [pc, #48]	@ (10005a24 <tusb_rhport_init+0x48>)
100059f4:	54c2      	strb	r2, [r0, r3]
100059f6:	2001      	movs	r0, #1
100059f8:	2a01      	cmp	r2, #1
100059fa:	d001      	beq.n	10005a00 <tusb_rhport_init+0x24>
100059fc:	b003      	add	sp, #12
100059fe:	bd00      	pop	{pc}
10005a00:	0018      	movs	r0, r3
10005a02:	f7fe ff21 	bl	10004848 <tud_rhport_init>
10005a06:	e7f9      	b.n	100059fc <tusb_rhport_init+0x20>
10005a08:	2301      	movs	r3, #1
10005a0a:	466a      	mov	r2, sp
10005a0c:	2000      	movs	r0, #0
10005a0e:	a901      	add	r1, sp, #4
10005a10:	8093      	strh	r3, [r2, #4]
10005a12:	f7fe ff19 	bl	10004848 <tud_rhport_init>
10005a16:	2800      	cmp	r0, #0
10005a18:	d0f0      	beq.n	100059fc <tusb_rhport_init+0x20>
10005a1a:	2201      	movs	r2, #1
10005a1c:	4b01      	ldr	r3, [pc, #4]	@ (10005a24 <tusb_rhport_init+0x48>)
10005a1e:	701a      	strb	r2, [r3, #0]
10005a20:	e7ec      	b.n	100059fc <tusb_rhport_init+0x20>
10005a22:	46c0      	nop			@ (mov r8, r8)
10005a24:	2000146c 	.word	0x2000146c

10005a28 <tu_edpt_claim>:
10005a28:	b570      	push	{r4, r5, r6, lr}
10005a2a:	0004      	movs	r4, r0
10005a2c:	7823      	ldrb	r3, [r4, #0]
10005a2e:	0008      	movs	r0, r1
10005a30:	07db      	lsls	r3, r3, #31
10005a32:	000e      	movs	r6, r1
10005a34:	0fdd      	lsrs	r5, r3, #31
10005a36:	2b00      	cmp	r3, #0
10005a38:	d116      	bne.n	10005a68 <tu_edpt_claim+0x40>
10005a3a:	7823      	ldrb	r3, [r4, #0]
10005a3c:	075b      	lsls	r3, r3, #29
10005a3e:	d501      	bpl.n	10005a44 <tu_edpt_claim+0x1c>
10005a40:	0028      	movs	r0, r5
10005a42:	bd70      	pop	{r4, r5, r6, pc}
10005a44:	2101      	movs	r1, #1
10005a46:	4249      	negs	r1, r1
10005a48:	f000 fc62 	bl	10006310 <__mutex_enter_timeout_ms_veneer>
10005a4c:	7823      	ldrb	r3, [r4, #0]
10005a4e:	07db      	lsls	r3, r3, #31
10005a50:	0fdd      	lsrs	r5, r3, #31
10005a52:	2b00      	cmp	r3, #0
10005a54:	d10a      	bne.n	10005a6c <tu_edpt_claim+0x44>
10005a56:	7823      	ldrb	r3, [r4, #0]
10005a58:	075b      	lsls	r3, r3, #29
10005a5a:	d408      	bmi.n	10005a6e <tu_edpt_claim+0x46>
10005a5c:	2204      	movs	r2, #4
10005a5e:	7823      	ldrb	r3, [r4, #0]
10005a60:	2501      	movs	r5, #1
10005a62:	4313      	orrs	r3, r2
10005a64:	7023      	strb	r3, [r4, #0]
10005a66:	e002      	b.n	10005a6e <tu_edpt_claim+0x46>
10005a68:	2500      	movs	r5, #0
10005a6a:	e7e9      	b.n	10005a40 <tu_edpt_claim+0x18>
10005a6c:	2500      	movs	r5, #0
10005a6e:	0030      	movs	r0, r6
10005a70:	f000 fc66 	bl	10006340 <__mutex_exit_veneer>
10005a74:	e7e4      	b.n	10005a40 <tu_edpt_claim+0x18>
10005a76:	46c0      	nop			@ (mov r8, r8)

10005a78 <tu_edpt_release>:
10005a78:	b570      	push	{r4, r5, r6, lr}
10005a7a:	000d      	movs	r5, r1
10005a7c:	2101      	movs	r1, #1
10005a7e:	0004      	movs	r4, r0
10005a80:	4249      	negs	r1, r1
10005a82:	0028      	movs	r0, r5
10005a84:	f000 fc44 	bl	10006310 <__mutex_enter_timeout_ms_veneer>
10005a88:	7823      	ldrb	r3, [r4, #0]
10005a8a:	075b      	lsls	r3, r3, #29
10005a8c:	0fde      	lsrs	r6, r3, #31
10005a8e:	2b00      	cmp	r3, #0
10005a90:	db04      	blt.n	10005a9c <tu_edpt_release+0x24>
10005a92:	0028      	movs	r0, r5
10005a94:	f000 fc54 	bl	10006340 <__mutex_exit_veneer>
10005a98:	0030      	movs	r0, r6
10005a9a:	bd70      	pop	{r4, r5, r6, pc}
10005a9c:	7823      	ldrb	r3, [r4, #0]
10005a9e:	07db      	lsls	r3, r3, #31
10005aa0:	d404      	bmi.n	10005aac <tu_edpt_release+0x34>
10005aa2:	2204      	movs	r2, #4
10005aa4:	7823      	ldrb	r3, [r4, #0]
10005aa6:	4393      	bics	r3, r2
10005aa8:	7023      	strb	r3, [r4, #0]
10005aaa:	e7f2      	b.n	10005a92 <tu_edpt_release+0x1a>
10005aac:	2600      	movs	r6, #0
10005aae:	e7f0      	b.n	10005a92 <tu_edpt_release+0x1a>

10005ab0 <tu_edpt_validate>:
10005ab0:	7943      	ldrb	r3, [r0, #5]
10005ab2:	7902      	ldrb	r2, [r0, #4]
10005ab4:	021b      	lsls	r3, r3, #8
10005ab6:	4313      	orrs	r3, r2
10005ab8:	78c2      	ldrb	r2, [r0, #3]
10005aba:	055b      	lsls	r3, r3, #21
10005abc:	0792      	lsls	r2, r2, #30
10005abe:	0d5b      	lsrs	r3, r3, #21
10005ac0:	0f92      	lsrs	r2, r2, #30
10005ac2:	2a02      	cmp	r2, #2
10005ac4:	d01a      	beq.n	10005afc <tu_edpt_validate+0x4c>
10005ac6:	2a03      	cmp	r2, #3
10005ac8:	d00b      	beq.n	10005ae2 <tu_edpt_validate+0x32>
10005aca:	2000      	movs	r0, #0
10005acc:	2a01      	cmp	r2, #1
10005ace:	d107      	bne.n	10005ae0 <tu_edpt_validate+0x30>
10005ad0:	3902      	subs	r1, #2
10005ad2:	424a      	negs	r2, r1
10005ad4:	4151      	adcs	r1, r2
10005ad6:	4a10      	ldr	r2, [pc, #64]	@ (10005b18 <tu_edpt_validate+0x68>)
10005ad8:	1889      	adds	r1, r1, r2
10005ada:	4299      	cmp	r1, r3
10005adc:	4140      	adcs	r0, r0
10005ade:	b2c0      	uxtb	r0, r0
10005ae0:	4770      	bx	lr
10005ae2:	3902      	subs	r1, #2
10005ae4:	1e4a      	subs	r2, r1, #1
10005ae6:	4191      	sbcs	r1, r2
10005ae8:	4a0c      	ldr	r2, [pc, #48]	@ (10005b1c <tu_edpt_validate+0x6c>)
10005aea:	4249      	negs	r1, r1
10005aec:	4011      	ands	r1, r2
10005aee:	2280      	movs	r2, #128	@ 0x80
10005af0:	2000      	movs	r0, #0
10005af2:	00d2      	lsls	r2, r2, #3
10005af4:	1889      	adds	r1, r1, r2
10005af6:	4299      	cmp	r1, r3
10005af8:	4140      	adcs	r0, r0
10005afa:	e7f1      	b.n	10005ae0 <tu_edpt_validate+0x30>
10005afc:	2902      	cmp	r1, #2
10005afe:	d004      	beq.n	10005b0a <tu_edpt_validate+0x5a>
10005b00:	2000      	movs	r0, #0
10005b02:	2240      	movs	r2, #64	@ 0x40
10005b04:	429a      	cmp	r2, r3
10005b06:	4140      	adcs	r0, r0
10005b08:	e7ea      	b.n	10005ae0 <tu_edpt_validate+0x30>
10005b0a:	4a05      	ldr	r2, [pc, #20]	@ (10005b20 <tu_edpt_validate+0x70>)
10005b0c:	1898      	adds	r0, r3, r2
10005b0e:	4243      	negs	r3, r0
10005b10:	4158      	adcs	r0, r3
10005b12:	b2c0      	uxtb	r0, r0
10005b14:	e7e4      	b.n	10005ae0 <tu_edpt_validate+0x30>
10005b16:	46c0      	nop			@ (mov r8, r8)
10005b18:	000003ff 	.word	0x000003ff
10005b1c:	fffffc40 	.word	0xfffffc40
10005b20:	fffffe00 	.word	0xfffffe00

10005b24 <tu_edpt_bind_driver>:
10005b24:	4684      	mov	ip, r0
10005b26:	1888      	adds	r0, r1, r2
10005b28:	b530      	push	{r4, r5, lr}
10005b2a:	001c      	movs	r4, r3
10005b2c:	4281      	cmp	r1, r0
10005b2e:	d206      	bcs.n	10005b3e <tu_edpt_bind_driver+0x1a>
10005b30:	784a      	ldrb	r2, [r1, #1]
10005b32:	2a05      	cmp	r2, #5
10005b34:	d004      	beq.n	10005b40 <tu_edpt_bind_driver+0x1c>
10005b36:	780a      	ldrb	r2, [r1, #0]
10005b38:	1889      	adds	r1, r1, r2
10005b3a:	4288      	cmp	r0, r1
10005b3c:	d8f8      	bhi.n	10005b30 <tu_edpt_bind_driver+0xc>
10005b3e:	bd30      	pop	{r4, r5, pc}
10005b40:	227f      	movs	r2, #127	@ 0x7f
10005b42:	788b      	ldrb	r3, [r1, #2]
10005b44:	401a      	ands	r2, r3
10005b46:	0052      	lsls	r2, r2, #1
10005b48:	4462      	add	r2, ip
10005b4a:	09db      	lsrs	r3, r3, #7
10005b4c:	54d4      	strb	r4, [r2, r3]
10005b4e:	780a      	ldrb	r2, [r1, #0]
10005b50:	1889      	adds	r1, r1, r2
10005b52:	4288      	cmp	r0, r1
10005b54:	d8ec      	bhi.n	10005b30 <tu_edpt_bind_driver+0xc>
10005b56:	e7f2      	b.n	10005b3e <tu_edpt_bind_driver+0x1a>

10005b58 <tu_fifo_config>:
10005b58:	b5f0      	push	{r4, r5, r6, r7, lr}
10005b5a:	46c6      	mov	lr, r8
10005b5c:	b500      	push	{lr}
10005b5e:	4698      	mov	r8, r3
10005b60:	466b      	mov	r3, sp
10005b62:	7e1e      	ldrb	r6, [r3, #24]
10005b64:	2380      	movs	r3, #128	@ 0x80
10005b66:	0004      	movs	r4, r0
10005b68:	000f      	movs	r7, r1
10005b6a:	0015      	movs	r5, r2
10005b6c:	021b      	lsls	r3, r3, #8
10005b6e:	429a      	cmp	r2, r3
10005b70:	d826      	bhi.n	10005bc0 <tu_fifo_config+0x68>
10005b72:	68c0      	ldr	r0, [r0, #12]
10005b74:	2800      	cmp	r0, #0
10005b76:	d003      	beq.n	10005b80 <tu_fifo_config+0x28>
10005b78:	2101      	movs	r1, #1
10005b7a:	4249      	negs	r1, r1
10005b7c:	f000 fbc8 	bl	10006310 <__mutex_enter_timeout_ms_veneer>
10005b80:	6920      	ldr	r0, [r4, #16]
10005b82:	2800      	cmp	r0, #0
10005b84:	d003      	beq.n	10005b8e <tu_fifo_config+0x36>
10005b86:	2101      	movs	r1, #1
10005b88:	4249      	negs	r1, r1
10005b8a:	f000 fbc1 	bl	10006310 <__mutex_enter_timeout_ms_veneer>
10005b8e:	4642      	mov	r2, r8
10005b90:	0452      	lsls	r2, r2, #17
10005b92:	03f3      	lsls	r3, r6, #15
10005b94:	0c52      	lsrs	r2, r2, #17
10005b96:	4313      	orrs	r3, r2
10005b98:	80e3      	strh	r3, [r4, #6]
10005b9a:	2300      	movs	r3, #0
10005b9c:	68e0      	ldr	r0, [r4, #12]
10005b9e:	8163      	strh	r3, [r4, #10]
10005ba0:	6027      	str	r7, [r4, #0]
10005ba2:	80a5      	strh	r5, [r4, #4]
10005ba4:	8123      	strh	r3, [r4, #8]
10005ba6:	2800      	cmp	r0, #0
10005ba8:	d001      	beq.n	10005bae <tu_fifo_config+0x56>
10005baa:	f000 fbc9 	bl	10006340 <__mutex_exit_veneer>
10005bae:	6920      	ldr	r0, [r4, #16]
10005bb0:	2800      	cmp	r0, #0
10005bb2:	d001      	beq.n	10005bb8 <tu_fifo_config+0x60>
10005bb4:	f000 fbc4 	bl	10006340 <__mutex_exit_veneer>
10005bb8:	2001      	movs	r0, #1
10005bba:	bc80      	pop	{r7}
10005bbc:	46b8      	mov	r8, r7
10005bbe:	bdf0      	pop	{r4, r5, r6, r7, pc}
10005bc0:	2000      	movs	r0, #0
10005bc2:	e7fa      	b.n	10005bba <tu_fifo_config+0x62>

10005bc4 <tu_fifo_count>:
10005bc4:	8903      	ldrh	r3, [r0, #8]
10005bc6:	8941      	ldrh	r1, [r0, #10]
10005bc8:	469c      	mov	ip, r3
10005bca:	8882      	ldrh	r2, [r0, #4]
10005bcc:	b29b      	uxth	r3, r3
10005bce:	b288      	uxth	r0, r1
10005bd0:	458c      	cmp	ip, r1
10005bd2:	d307      	bcc.n	10005be4 <tu_fifo_count+0x20>
10005bd4:	1a1b      	subs	r3, r3, r0
10005bd6:	b29b      	uxth	r3, r3
10005bd8:	1c10      	adds	r0, r2, #0
10005bda:	429a      	cmp	r2, r3
10005bdc:	d900      	bls.n	10005be0 <tu_fifo_count+0x1c>
10005bde:	1c18      	adds	r0, r3, #0
10005be0:	b280      	uxth	r0, r0
10005be2:	4770      	bx	lr
10005be4:	0051      	lsls	r1, r2, #1
10005be6:	1a09      	subs	r1, r1, r0
10005be8:	185b      	adds	r3, r3, r1
10005bea:	b29b      	uxth	r3, r3
10005bec:	e7f4      	b.n	10005bd8 <tu_fifo_count+0x14>
10005bee:	46c0      	nop			@ (mov r8, r8)

10005bf0 <tu_fifo_empty>:
10005bf0:	8903      	ldrh	r3, [r0, #8]
10005bf2:	8940      	ldrh	r0, [r0, #10]
10005bf4:	1a18      	subs	r0, r3, r0
10005bf6:	4243      	negs	r3, r0
10005bf8:	4158      	adcs	r0, r3
10005bfa:	b2c0      	uxtb	r0, r0
10005bfc:	4770      	bx	lr
10005bfe:	46c0      	nop			@ (mov r8, r8)

10005c00 <tu_fifo_remaining>:
10005c00:	8903      	ldrh	r3, [r0, #8]
10005c02:	8941      	ldrh	r1, [r0, #10]
10005c04:	469c      	mov	ip, r3
10005c06:	8882      	ldrh	r2, [r0, #4]
10005c08:	b29b      	uxth	r3, r3
10005c0a:	b288      	uxth	r0, r1
10005c0c:	458c      	cmp	ip, r1
10005c0e:	d307      	bcc.n	10005c20 <tu_fifo_remaining+0x20>
10005c10:	1a1b      	subs	r3, r3, r0
10005c12:	b29b      	uxth	r3, r3
10005c14:	2000      	movs	r0, #0
10005c16:	429a      	cmp	r2, r3
10005c18:	d901      	bls.n	10005c1e <tu_fifo_remaining+0x1e>
10005c1a:	1ad2      	subs	r2, r2, r3
10005c1c:	b290      	uxth	r0, r2
10005c1e:	4770      	bx	lr
10005c20:	0051      	lsls	r1, r2, #1
10005c22:	1a09      	subs	r1, r1, r0
10005c24:	185b      	adds	r3, r3, r1
10005c26:	b29b      	uxth	r3, r3
10005c28:	e7f4      	b.n	10005c14 <tu_fifo_remaining+0x14>
10005c2a:	46c0      	nop			@ (mov r8, r8)

10005c2c <tu_fifo_read>:
10005c2c:	b570      	push	{r4, r5, r6, lr}
10005c2e:	0004      	movs	r4, r0
10005c30:	6900      	ldr	r0, [r0, #16]
10005c32:	000d      	movs	r5, r1
10005c34:	2800      	cmp	r0, #0
10005c36:	d003      	beq.n	10005c40 <tu_fifo_read+0x14>
10005c38:	2101      	movs	r1, #1
10005c3a:	4249      	negs	r1, r1
10005c3c:	f000 fb68 	bl	10006310 <__mutex_enter_timeout_ms_veneer>
10005c40:	8923      	ldrh	r3, [r4, #8]
10005c42:	8962      	ldrh	r2, [r4, #10]
10005c44:	469c      	mov	ip, r3
10005c46:	b298      	uxth	r0, r3
10005c48:	b291      	uxth	r1, r2
10005c4a:	88a3      	ldrh	r3, [r4, #4]
10005c4c:	4594      	cmp	ip, r2
10005c4e:	d332      	bcc.n	10005cb6 <tu_fifo_read+0x8a>
10005c50:	1a42      	subs	r2, r0, r1
10005c52:	b292      	uxth	r2, r2
10005c54:	2a00      	cmp	r2, #0
10005c56:	d027      	beq.n	10005ca8 <tu_fifo_read+0x7c>
10005c58:	4293      	cmp	r3, r2
10005c5a:	d208      	bcs.n	10005c6e <tu_fifo_read+0x42>
10005c5c:	4298      	cmp	r0, r3
10005c5e:	d32f      	bcc.n	10005cc0 <tu_fifo_read+0x94>
10005c60:	1ac0      	subs	r0, r0, r3
10005c62:	b281      	uxth	r1, r0
10005c64:	8161      	strh	r1, [r4, #10]
10005c66:	428b      	cmp	r3, r1
10005c68:	d803      	bhi.n	10005c72 <tu_fifo_read+0x46>
10005c6a:	1ac9      	subs	r1, r1, r3
10005c6c:	b289      	uxth	r1, r1
10005c6e:	428b      	cmp	r3, r1
10005c70:	d9fb      	bls.n	10005c6a <tu_fifo_read+0x3e>
10005c72:	88e2      	ldrh	r2, [r4, #6]
10005c74:	6823      	ldr	r3, [r4, #0]
10005c76:	0452      	lsls	r2, r2, #17
10005c78:	0c52      	lsrs	r2, r2, #17
10005c7a:	4351      	muls	r1, r2
10005c7c:	0028      	movs	r0, r5
10005c7e:	1859      	adds	r1, r3, r1
10005c80:	f7fc fa96 	bl	100021b0 <__wrap___aeabi_memcpy>
10005c84:	8961      	ldrh	r1, [r4, #10]
10005c86:	2501      	movs	r5, #1
10005c88:	1c4a      	adds	r2, r1, #1
10005c8a:	b292      	uxth	r2, r2
10005c8c:	88a3      	ldrh	r3, [r4, #4]
10005c8e:	4291      	cmp	r1, r2
10005c90:	d90d      	bls.n	10005cae <tu_fifo_read+0x82>
10005c92:	2200      	movs	r2, #0
10005c94:	005b      	lsls	r3, r3, #1
10005c96:	1ad2      	subs	r2, r2, r3
10005c98:	6920      	ldr	r0, [r4, #16]
10005c9a:	8162      	strh	r2, [r4, #10]
10005c9c:	2800      	cmp	r0, #0
10005c9e:	d001      	beq.n	10005ca4 <tu_fifo_read+0x78>
10005ca0:	f000 fb4e 	bl	10006340 <__mutex_exit_veneer>
10005ca4:	0028      	movs	r0, r5
10005ca6:	bd70      	pop	{r4, r5, r6, pc}
10005ca8:	2500      	movs	r5, #0
10005caa:	8962      	ldrh	r2, [r4, #10]
10005cac:	b292      	uxth	r2, r2
10005cae:	005b      	lsls	r3, r3, #1
10005cb0:	429a      	cmp	r2, r3
10005cb2:	dbf1      	blt.n	10005c98 <tu_fifo_read+0x6c>
10005cb4:	e7ef      	b.n	10005c96 <tu_fifo_read+0x6a>
10005cb6:	005a      	lsls	r2, r3, #1
10005cb8:	1a52      	subs	r2, r2, r1
10005cba:	1882      	adds	r2, r0, r2
10005cbc:	b292      	uxth	r2, r2
10005cbe:	e7c9      	b.n	10005c54 <tu_fifo_read+0x28>
10005cc0:	18c0      	adds	r0, r0, r3
10005cc2:	b281      	uxth	r1, r0
10005cc4:	8161      	strh	r1, [r4, #10]
10005cc6:	e7ce      	b.n	10005c66 <tu_fifo_read+0x3a>

10005cc8 <tu_fifo_read_n>:
10005cc8:	b5f0      	push	{r4, r5, r6, r7, lr}
10005cca:	4646      	mov	r6, r8
10005ccc:	46d6      	mov	lr, sl
10005cce:	464f      	mov	r7, r9
10005cd0:	b5c0      	push	{r6, r7, lr}
10005cd2:	0006      	movs	r6, r0
10005cd4:	6900      	ldr	r0, [r0, #16]
10005cd6:	468a      	mov	sl, r1
10005cd8:	4690      	mov	r8, r2
10005cda:	b082      	sub	sp, #8
10005cdc:	2800      	cmp	r0, #0
10005cde:	d003      	beq.n	10005ce8 <tu_fifo_read_n+0x20>
10005ce0:	2101      	movs	r1, #1
10005ce2:	4249      	negs	r1, r1
10005ce4:	f000 fb14 	bl	10006310 <__mutex_enter_timeout_ms_veneer>
10005ce8:	8931      	ldrh	r1, [r6, #8]
10005cea:	8972      	ldrh	r2, [r6, #10]
10005cec:	88b5      	ldrh	r5, [r6, #4]
10005cee:	b28b      	uxth	r3, r1
10005cf0:	b294      	uxth	r4, r2
10005cf2:	4291      	cmp	r1, r2
10005cf4:	d355      	bcc.n	10005da2 <tu_fifo_read_n+0xda>
10005cf6:	1b1f      	subs	r7, r3, r4
10005cf8:	b2bf      	uxth	r7, r7
10005cfa:	2f00      	cmp	r7, #0
10005cfc:	d04b      	beq.n	10005d96 <tu_fifo_read_n+0xce>
10005cfe:	42bd      	cmp	r5, r7
10005d00:	d205      	bcs.n	10005d0e <tu_fifo_read_n+0x46>
10005d02:	42ab      	cmp	r3, r5
10005d04:	d252      	bcs.n	10005dac <tu_fifo_read_n+0xe4>
10005d06:	195b      	adds	r3, r3, r5
10005d08:	b29c      	uxth	r4, r3
10005d0a:	002f      	movs	r7, r5
10005d0c:	8174      	strh	r4, [r6, #10]
10005d0e:	4643      	mov	r3, r8
10005d10:	45b8      	cmp	r8, r7
10005d12:	d83e      	bhi.n	10005d92 <tu_fifo_read_n+0xca>
10005d14:	b29f      	uxth	r7, r3
10005d16:	42a5      	cmp	r5, r4
10005d18:	d803      	bhi.n	10005d22 <tu_fifo_read_n+0x5a>
10005d1a:	1b64      	subs	r4, r4, r5
10005d1c:	b2a4      	uxth	r4, r4
10005d1e:	42a5      	cmp	r5, r4
10005d20:	d9fb      	bls.n	10005d1a <tu_fifo_read_n+0x52>
10005d22:	88f2      	ldrh	r2, [r6, #6]
10005d24:	6831      	ldr	r1, [r6, #0]
10005d26:	0452      	lsls	r2, r2, #17
10005d28:	0c50      	lsrs	r0, r2, #17
10005d2a:	0002      	movs	r2, r0
10005d2c:	4362      	muls	r2, r4
10005d2e:	1b2b      	subs	r3, r5, r4
10005d30:	b29b      	uxth	r3, r3
10005d32:	1889      	adds	r1, r1, r2
10005d34:	9001      	str	r0, [sp, #4]
10005d36:	0002      	movs	r2, r0
10005d38:	429f      	cmp	r7, r3
10005d3a:	d925      	bls.n	10005d88 <tu_fifo_read_n+0xc0>
10005d3c:	4343      	muls	r3, r0
10005d3e:	b29b      	uxth	r3, r3
10005d40:	001a      	movs	r2, r3
10005d42:	4650      	mov	r0, sl
10005d44:	4699      	mov	r9, r3
10005d46:	f7fc fa33 	bl	100021b0 <__wrap___aeabi_memcpy>
10005d4a:	4650      	mov	r0, sl
10005d4c:	9a01      	ldr	r2, [sp, #4]
10005d4e:	1b7d      	subs	r5, r7, r5
10005d50:	1964      	adds	r4, r4, r5
10005d52:	4354      	muls	r4, r2
10005d54:	6831      	ldr	r1, [r6, #0]
10005d56:	4448      	add	r0, r9
10005d58:	b2a2      	uxth	r2, r4
10005d5a:	f7fc fa29 	bl	100021b0 <__wrap___aeabi_memcpy>
10005d5e:	8971      	ldrh	r1, [r6, #10]
10005d60:	88b5      	ldrh	r5, [r6, #4]
10005d62:	19cb      	adds	r3, r1, r7
10005d64:	b29b      	uxth	r3, r3
10005d66:	006a      	lsls	r2, r5, #1
10005d68:	4299      	cmp	r1, r3
10005d6a:	d916      	bls.n	10005d9a <tu_fifo_read_n+0xd2>
10005d6c:	1a9b      	subs	r3, r3, r2
10005d6e:	6930      	ldr	r0, [r6, #16]
10005d70:	8173      	strh	r3, [r6, #10]
10005d72:	2800      	cmp	r0, #0
10005d74:	d001      	beq.n	10005d7a <tu_fifo_read_n+0xb2>
10005d76:	f000 fae3 	bl	10006340 <__mutex_exit_veneer>
10005d7a:	0038      	movs	r0, r7
10005d7c:	b002      	add	sp, #8
10005d7e:	bce0      	pop	{r5, r6, r7}
10005d80:	46ba      	mov	sl, r7
10005d82:	46b1      	mov	r9, r6
10005d84:	46a8      	mov	r8, r5
10005d86:	bdf0      	pop	{r4, r5, r6, r7, pc}
10005d88:	4650      	mov	r0, sl
10005d8a:	437a      	muls	r2, r7
10005d8c:	f7fc fa10 	bl	100021b0 <__wrap___aeabi_memcpy>
10005d90:	e7e5      	b.n	10005d5e <tu_fifo_read_n+0x96>
10005d92:	1c3b      	adds	r3, r7, #0
10005d94:	e7be      	b.n	10005d14 <tu_fifo_read_n+0x4c>
10005d96:	8973      	ldrh	r3, [r6, #10]
10005d98:	b29b      	uxth	r3, r3
10005d9a:	006a      	lsls	r2, r5, #1
10005d9c:	4293      	cmp	r3, r2
10005d9e:	dbe6      	blt.n	10005d6e <tu_fifo_read_n+0xa6>
10005da0:	e7e4      	b.n	10005d6c <tu_fifo_read_n+0xa4>
10005da2:	006f      	lsls	r7, r5, #1
10005da4:	1b3f      	subs	r7, r7, r4
10005da6:	19df      	adds	r7, r3, r7
10005da8:	b2bf      	uxth	r7, r7
10005daa:	e7a6      	b.n	10005cfa <tu_fifo_read_n+0x32>
10005dac:	1b5b      	subs	r3, r3, r5
10005dae:	b29c      	uxth	r4, r3
10005db0:	e7ab      	b.n	10005d0a <tu_fifo_read_n+0x42>
10005db2:	46c0      	nop			@ (mov r8, r8)

10005db4 <tu_fifo_write>:
10005db4:	b5f8      	push	{r3, r4, r5, r6, r7, lr}
10005db6:	0004      	movs	r4, r0
10005db8:	68c0      	ldr	r0, [r0, #12]
10005dba:	000f      	movs	r7, r1
10005dbc:	2800      	cmp	r0, #0
10005dbe:	d003      	beq.n	10005dc8 <tu_fifo_write+0x14>
10005dc0:	2101      	movs	r1, #1
10005dc2:	4249      	negs	r1, r1
10005dc4:	f000 faa4 	bl	10006310 <__mutex_enter_timeout_ms_veneer>
10005dc8:	8925      	ldrh	r5, [r4, #8]
10005dca:	8920      	ldrh	r0, [r4, #8]
10005dcc:	8961      	ldrh	r1, [r4, #10]
10005dce:	88a2      	ldrh	r2, [r4, #4]
10005dd0:	b2ad      	uxth	r5, r5
10005dd2:	b283      	uxth	r3, r0
10005dd4:	b28e      	uxth	r6, r1
10005dd6:	4288      	cmp	r0, r1
10005dd8:	d328      	bcc.n	10005e2c <tu_fifo_write+0x78>
10005dda:	1b9b      	subs	r3, r3, r6
10005ddc:	b29b      	uxth	r3, r3
10005dde:	429a      	cmp	r2, r3
10005de0:	d809      	bhi.n	10005df6 <tu_fifo_write+0x42>
10005de2:	79e6      	ldrb	r6, [r4, #7]
10005de4:	09f6      	lsrs	r6, r6, #7
10005de6:	d106      	bne.n	10005df6 <tu_fifo_write+0x42>
10005de8:	68e0      	ldr	r0, [r4, #12]
10005dea:	2800      	cmp	r0, #0
10005dec:	d001      	beq.n	10005df2 <tu_fifo_write+0x3e>
10005dee:	f000 faa7 	bl	10006340 <__mutex_exit_veneer>
10005df2:	0030      	movs	r0, r6
10005df4:	bdf8      	pop	{r3, r4, r5, r6, r7, pc}
10005df6:	002b      	movs	r3, r5
10005df8:	4295      	cmp	r5, r2
10005dfa:	d31c      	bcc.n	10005e36 <tu_fifo_write+0x82>
10005dfc:	1a9b      	subs	r3, r3, r2
10005dfe:	b29b      	uxth	r3, r3
10005e00:	4293      	cmp	r3, r2
10005e02:	d2fb      	bcs.n	10005dfc <tu_fifo_write+0x48>
10005e04:	88e2      	ldrh	r2, [r4, #6]
10005e06:	6820      	ldr	r0, [r4, #0]
10005e08:	0452      	lsls	r2, r2, #17
10005e0a:	0c52      	lsrs	r2, r2, #17
10005e0c:	4353      	muls	r3, r2
10005e0e:	0039      	movs	r1, r7
10005e10:	18c0      	adds	r0, r0, r3
10005e12:	f7fc f9cd 	bl	100021b0 <__wrap___aeabi_memcpy>
10005e16:	1c6b      	adds	r3, r5, #1
10005e18:	b29b      	uxth	r3, r3
10005e1a:	88a2      	ldrh	r2, [r4, #4]
10005e1c:	429d      	cmp	r5, r3
10005e1e:	d916      	bls.n	10005e4e <tu_fifo_write+0x9a>
10005e20:	2300      	movs	r3, #0
10005e22:	0052      	lsls	r2, r2, #1
10005e24:	1a9b      	subs	r3, r3, r2
10005e26:	2601      	movs	r6, #1
10005e28:	8123      	strh	r3, [r4, #8]
10005e2a:	e7dd      	b.n	10005de8 <tu_fifo_write+0x34>
10005e2c:	0051      	lsls	r1, r2, #1
10005e2e:	1b89      	subs	r1, r1, r6
10005e30:	185b      	adds	r3, r3, r1
10005e32:	b29b      	uxth	r3, r3
10005e34:	e7d3      	b.n	10005dde <tu_fifo_write+0x2a>
10005e36:	88e2      	ldrh	r2, [r4, #6]
10005e38:	6820      	ldr	r0, [r4, #0]
10005e3a:	0452      	lsls	r2, r2, #17
10005e3c:	0c52      	lsrs	r2, r2, #17
10005e3e:	4353      	muls	r3, r2
10005e40:	0039      	movs	r1, r7
10005e42:	18c0      	adds	r0, r0, r3
10005e44:	f7fc f9b4 	bl	100021b0 <__wrap___aeabi_memcpy>
10005e48:	3501      	adds	r5, #1
10005e4a:	88a2      	ldrh	r2, [r4, #4]
10005e4c:	b2ab      	uxth	r3, r5
10005e4e:	0052      	lsls	r2, r2, #1
10005e50:	4293      	cmp	r3, r2
10005e52:	dbe8      	blt.n	10005e26 <tu_fifo_write+0x72>
10005e54:	e7e6      	b.n	10005e24 <tu_fifo_write+0x70>
10005e56:	46c0      	nop			@ (mov r8, r8)

10005e58 <tu_fifo_write_n>:
10005e58:	b5f0      	push	{r4, r5, r6, r7, lr}
10005e5a:	464e      	mov	r6, r9
10005e5c:	4645      	mov	r5, r8
10005e5e:	46de      	mov	lr, fp
10005e60:	4657      	mov	r7, sl
10005e62:	b5e0      	push	{r5, r6, r7, lr}
10005e64:	4689      	mov	r9, r1
10005e66:	0005      	movs	r5, r0
10005e68:	0016      	movs	r6, r2
10005e6a:	b083      	sub	sp, #12
10005e6c:	2a00      	cmp	r2, #0
10005e6e:	d06b      	beq.n	10005f48 <tu_fifo_write_n+0xf0>
10005e70:	68c0      	ldr	r0, [r0, #12]
10005e72:	2800      	cmp	r0, #0
10005e74:	d003      	beq.n	10005e7e <tu_fifo_write_n+0x26>
10005e76:	2101      	movs	r1, #1
10005e78:	4249      	negs	r1, r1
10005e7a:	f000 fa49 	bl	10006310 <__mutex_enter_timeout_ms_veneer>
10005e7e:	892f      	ldrh	r7, [r5, #8]
10005e80:	79ea      	ldrb	r2, [r5, #7]
10005e82:	b2bb      	uxth	r3, r7
10005e84:	4698      	mov	r8, r3
10005e86:	896b      	ldrh	r3, [r5, #10]
10005e88:	88af      	ldrh	r7, [r5, #4]
10005e8a:	b29b      	uxth	r3, r3
10005e8c:	09d2      	lsrs	r2, r2, #7
10005e8e:	d13d      	bne.n	10005f0c <tu_fifo_write_n+0xb4>
10005e90:	4598      	cmp	r8, r3
10005e92:	d262      	bcs.n	10005f5a <tu_fifo_write_n+0x102>
10005e94:	007a      	lsls	r2, r7, #1
10005e96:	1ad3      	subs	r3, r2, r3
10005e98:	4443      	add	r3, r8
10005e9a:	b29b      	uxth	r3, r3
10005e9c:	42bb      	cmp	r3, r7
10005e9e:	d261      	bcs.n	10005f64 <tu_fifo_write_n+0x10c>
10005ea0:	1afb      	subs	r3, r7, r3
10005ea2:	1c1a      	adds	r2, r3, #0
10005ea4:	b29b      	uxth	r3, r3
10005ea6:	42b3      	cmp	r3, r6
10005ea8:	d900      	bls.n	10005eac <tu_fifo_write_n+0x54>
10005eaa:	1c32      	adds	r2, r6, #0
10005eac:	b296      	uxth	r6, r2
10005eae:	1bf3      	subs	r3, r6, r7
10005eb0:	9301      	str	r3, [sp, #4]
10005eb2:	4643      	mov	r3, r8
10005eb4:	18f3      	adds	r3, r6, r3
10005eb6:	b29b      	uxth	r3, r3
10005eb8:	469b      	mov	fp, r3
10005eba:	88ea      	ldrh	r2, [r5, #6]
10005ebc:	4644      	mov	r4, r8
10005ebe:	45b8      	cmp	r8, r7
10005ec0:	d303      	bcc.n	10005eca <tu_fifo_write_n+0x72>
10005ec2:	1be4      	subs	r4, r4, r7
10005ec4:	b2a4      	uxth	r4, r4
10005ec6:	42bc      	cmp	r4, r7
10005ec8:	d2fb      	bcs.n	10005ec2 <tu_fifo_write_n+0x6a>
10005eca:	0452      	lsls	r2, r2, #17
10005ecc:	1b3b      	subs	r3, r7, r4
10005ece:	0c57      	lsrs	r7, r2, #17
10005ed0:	003a      	movs	r2, r7
10005ed2:	4362      	muls	r2, r4
10005ed4:	6828      	ldr	r0, [r5, #0]
10005ed6:	b29b      	uxth	r3, r3
10005ed8:	1880      	adds	r0, r0, r2
10005eda:	42b3      	cmp	r3, r6
10005edc:	d356      	bcc.n	10005f8c <tu_fifo_write_n+0x134>
10005ede:	003a      	movs	r2, r7
10005ee0:	4649      	mov	r1, r9
10005ee2:	4372      	muls	r2, r6
10005ee4:	f7fc f964 	bl	100021b0 <__wrap___aeabi_memcpy>
10005ee8:	88ab      	ldrh	r3, [r5, #4]
10005eea:	005b      	lsls	r3, r3, #1
10005eec:	45d8      	cmp	r8, fp
10005eee:	d801      	bhi.n	10005ef4 <tu_fifo_write_n+0x9c>
10005ef0:	459b      	cmp	fp, r3
10005ef2:	db02      	blt.n	10005efa <tu_fifo_write_n+0xa2>
10005ef4:	465a      	mov	r2, fp
10005ef6:	1ad3      	subs	r3, r2, r3
10005ef8:	469b      	mov	fp, r3
10005efa:	465b      	mov	r3, fp
10005efc:	0037      	movs	r7, r6
10005efe:	812b      	strh	r3, [r5, #8]
10005f00:	68e8      	ldr	r0, [r5, #12]
10005f02:	2800      	cmp	r0, #0
10005f04:	d021      	beq.n	10005f4a <tu_fifo_write_n+0xf2>
10005f06:	f000 fa1b 	bl	10006340 <__mutex_exit_veneer>
10005f0a:	e01e      	b.n	10005f4a <tu_fifo_write_n+0xf2>
10005f0c:	42be      	cmp	r6, r7
10005f0e:	d22b      	bcs.n	10005f68 <tu_fifo_write_n+0x110>
10005f10:	4598      	cmp	r8, r3
10005f12:	d34c      	bcc.n	10005fae <tu_fifo_write_n+0x156>
10005f14:	4642      	mov	r2, r8
10005f16:	1ad2      	subs	r2, r2, r3
10005f18:	b292      	uxth	r2, r2
10005f1a:	0079      	lsls	r1, r7, #1
10005f1c:	1bf0      	subs	r0, r6, r7
10005f1e:	1992      	adds	r2, r2, r6
10005f20:	9001      	str	r0, [sp, #4]
10005f22:	428a      	cmp	r2, r1
10005f24:	dbc5      	blt.n	10005eb2 <tu_fifo_write_n+0x5a>
10005f26:	19da      	adds	r2, r3, r7
10005f28:	b292      	uxth	r2, r2
10005f2a:	4693      	mov	fp, r2
10005f2c:	1b92      	subs	r2, r2, r6
10005f2e:	b292      	uxth	r2, r2
10005f30:	4690      	mov	r8, r2
10005f32:	4293      	cmp	r3, r2
10005f34:	d940      	bls.n	10005fb8 <tu_fifo_write_n+0x160>
10005f36:	4643      	mov	r3, r8
10005f38:	1a59      	subs	r1, r3, r1
10005f3a:	b28b      	uxth	r3, r1
10005f3c:	4698      	mov	r8, r3
10005f3e:	18f3      	adds	r3, r6, r3
10005f40:	b29b      	uxth	r3, r3
10005f42:	469b      	mov	fp, r3
10005f44:	88ea      	ldrh	r2, [r5, #6]
10005f46:	e7b9      	b.n	10005ebc <tu_fifo_write_n+0x64>
10005f48:	2700      	movs	r7, #0
10005f4a:	0038      	movs	r0, r7
10005f4c:	b003      	add	sp, #12
10005f4e:	bcf0      	pop	{r4, r5, r6, r7}
10005f50:	46bb      	mov	fp, r7
10005f52:	46b2      	mov	sl, r6
10005f54:	46a9      	mov	r9, r5
10005f56:	46a0      	mov	r8, r4
10005f58:	bdf0      	pop	{r4, r5, r6, r7, pc}
10005f5a:	4642      	mov	r2, r8
10005f5c:	1ad3      	subs	r3, r2, r3
10005f5e:	b29b      	uxth	r3, r3
10005f60:	42bb      	cmp	r3, r7
10005f62:	d39d      	bcc.n	10005ea0 <tu_fifo_write_n+0x48>
10005f64:	2700      	movs	r7, #0
10005f66:	e7cb      	b.n	10005f00 <tu_fifo_write_n+0xa8>
10005f68:	2f00      	cmp	r7, #0
10005f6a:	d0c9      	beq.n	10005f00 <tu_fifo_write_n+0xa8>
10005f6c:	46cc      	mov	ip, r9
10005f6e:	88ea      	ldrh	r2, [r5, #6]
10005f70:	1bf6      	subs	r6, r6, r7
10005f72:	0451      	lsls	r1, r2, #17
10005f74:	0c49      	lsrs	r1, r1, #17
10005f76:	4371      	muls	r1, r6
10005f78:	4698      	mov	r8, r3
10005f7a:	448c      	add	ip, r1
10005f7c:	19d9      	adds	r1, r3, r7
10005f7e:	2300      	movs	r3, #0
10005f80:	b289      	uxth	r1, r1
10005f82:	46e1      	mov	r9, ip
10005f84:	468b      	mov	fp, r1
10005f86:	003e      	movs	r6, r7
10005f88:	9301      	str	r3, [sp, #4]
10005f8a:	e797      	b.n	10005ebc <tu_fifo_write_n+0x64>
10005f8c:	437b      	muls	r3, r7
10005f8e:	b29b      	uxth	r3, r3
10005f90:	001a      	movs	r2, r3
10005f92:	4649      	mov	r1, r9
10005f94:	469a      	mov	sl, r3
10005f96:	f7fc f90b 	bl	100021b0 <__wrap___aeabi_memcpy>
10005f9a:	4649      	mov	r1, r9
10005f9c:	9b01      	ldr	r3, [sp, #4]
10005f9e:	6828      	ldr	r0, [r5, #0]
10005fa0:	18e2      	adds	r2, r4, r3
10005fa2:	437a      	muls	r2, r7
10005fa4:	4451      	add	r1, sl
10005fa6:	b292      	uxth	r2, r2
10005fa8:	f7fc f902 	bl	100021b0 <__wrap___aeabi_memcpy>
10005fac:	e79c      	b.n	10005ee8 <tu_fifo_write_n+0x90>
10005fae:	0079      	lsls	r1, r7, #1
10005fb0:	1aca      	subs	r2, r1, r3
10005fb2:	4442      	add	r2, r8
10005fb4:	b292      	uxth	r2, r2
10005fb6:	e7b1      	b.n	10005f1c <tu_fifo_write_n+0xc4>
10005fb8:	4291      	cmp	r1, r2
10005fba:	ddbc      	ble.n	10005f36 <tu_fifo_write_n+0xde>
10005fbc:	e7c2      	b.n	10005f44 <tu_fifo_write_n+0xec>
10005fbe:	46c0      	nop			@ (mov r8, r8)

10005fc0 <tu_fifo_clear>:
10005fc0:	b510      	push	{r4, lr}
10005fc2:	0004      	movs	r4, r0
10005fc4:	68c0      	ldr	r0, [r0, #12]
10005fc6:	2800      	cmp	r0, #0
10005fc8:	d003      	beq.n	10005fd2 <tu_fifo_clear+0x12>
10005fca:	2101      	movs	r1, #1
10005fcc:	4249      	negs	r1, r1
10005fce:	f000 f99f 	bl	10006310 <__mutex_enter_timeout_ms_veneer>
10005fd2:	6920      	ldr	r0, [r4, #16]
10005fd4:	2800      	cmp	r0, #0
10005fd6:	d003      	beq.n	10005fe0 <tu_fifo_clear+0x20>
10005fd8:	2101      	movs	r1, #1
10005fda:	4249      	negs	r1, r1
10005fdc:	f000 f998 	bl	10006310 <__mutex_enter_timeout_ms_veneer>
10005fe0:	2300      	movs	r3, #0
10005fe2:	68e0      	ldr	r0, [r4, #12]
10005fe4:	8163      	strh	r3, [r4, #10]
10005fe6:	8123      	strh	r3, [r4, #8]
10005fe8:	2800      	cmp	r0, #0
10005fea:	d001      	beq.n	10005ff0 <tu_fifo_clear+0x30>
10005fec:	f000 f9a8 	bl	10006340 <__mutex_exit_veneer>
10005ff0:	6920      	ldr	r0, [r4, #16]
10005ff2:	2800      	cmp	r0, #0
10005ff4:	d001      	beq.n	10005ffa <tu_fifo_clear+0x3a>
10005ff6:	f000 f9a3 	bl	10006340 <__mutex_exit_veneer>
10005ffa:	2001      	movs	r0, #1
10005ffc:	bd10      	pop	{r4, pc}
10005ffe:	46c0      	nop			@ (mov r8, r8)

10006000 <tu_fifo_set_overwritable>:
10006000:	b570      	push	{r4, r5, r6, lr}
10006002:	0004      	movs	r4, r0
10006004:	68c0      	ldr	r0, [r0, #12]
10006006:	000d      	movs	r5, r1
10006008:	2800      	cmp	r0, #0
1000600a:	d003      	beq.n	10006014 <tu_fifo_set_overwritable+0x14>
1000600c:	2101      	movs	r1, #1
1000600e:	4249      	negs	r1, r1
10006010:	f000 f97e 	bl	10006310 <__mutex_enter_timeout_ms_veneer>
10006014:	6920      	ldr	r0, [r4, #16]
10006016:	2800      	cmp	r0, #0
10006018:	d003      	beq.n	10006022 <tu_fifo_set_overwritable+0x22>
1000601a:	2101      	movs	r1, #1
1000601c:	4249      	negs	r1, r1
1000601e:	f000 f977 	bl	10006310 <__mutex_enter_timeout_ms_veneer>
10006022:	217f      	movs	r1, #127	@ 0x7f
10006024:	79e2      	ldrb	r2, [r4, #7]
10006026:	01eb      	lsls	r3, r5, #7
10006028:	4011      	ands	r1, r2
1000602a:	68e0      	ldr	r0, [r4, #12]
1000602c:	4319      	orrs	r1, r3
1000602e:	71e1      	strb	r1, [r4, #7]
10006030:	2800      	cmp	r0, #0
10006032:	d001      	beq.n	10006038 <tu_fifo_set_overwritable+0x38>
10006034:	f000 f984 	bl	10006340 <__mutex_exit_veneer>
10006038:	6920      	ldr	r0, [r4, #16]
1000603a:	2800      	cmp	r0, #0
1000603c:	d001      	beq.n	10006042 <tu_fifo_set_overwritable+0x42>
1000603e:	f000 f97f 	bl	10006340 <__mutex_exit_veneer>
10006042:	2001      	movs	r0, #1
10006044:	bd70      	pop	{r4, r5, r6, pc}
10006046:	46c0      	nop			@ (mov r8, r8)

10006048 <i2c_read_blocking_internal>:
10006048:	b5f0      	push	{r4, r5, r6, r7, lr}
1000604a:	46de      	mov	lr, fp
1000604c:	464e      	mov	r6, r9
1000604e:	4645      	mov	r5, r8
10006050:	4657      	mov	r7, sl
10006052:	b5e0      	push	{r5, r6, r7, lr}
10006054:	0005      	movs	r5, r0
10006056:	b085      	sub	sp, #20
10006058:	001c      	movs	r4, r3
1000605a:	9302      	str	r3, [sp, #8]
1000605c:	ab0e      	add	r3, sp, #56	@ 0x38
1000605e:	7818      	ldrb	r0, [r3, #0]
10006060:	2300      	movs	r3, #0
10006062:	9201      	str	r2, [sp, #4]
10006064:	682a      	ldr	r2, [r5, #0]
10006066:	4683      	mov	fp, r0
10006068:	66d3      	str	r3, [r2, #108]	@ 0x6c
1000606a:	3301      	adds	r3, #1
1000606c:	6051      	str	r1, [r2, #4]
1000606e:	9e0f      	ldr	r6, [sp, #60]	@ 0x3c
10006070:	66d3      	str	r3, [r2, #108]	@ 0x6c
10006072:	2c00      	cmp	r4, #0
10006074:	dd63      	ble.n	1000613e <i2c_read_blocking_internal+0xf6>
10006076:	1e63      	subs	r3, r4, #1
10006078:	4699      	mov	r9, r3
1000607a:	2301      	movs	r3, #1
1000607c:	4058      	eors	r0, r3
1000607e:	4682      	mov	sl, r0
10006080:	2400      	movs	r4, #0
10006082:	2e00      	cmp	r6, #0
10006084:	d003      	beq.n	1000608e <i2c_read_blocking_internal+0x46>
10006086:	2101      	movs	r1, #1
10006088:	9810      	ldr	r0, [sp, #64]	@ 0x40
1000608a:	47b0      	blx	r6
1000608c:	682a      	ldr	r2, [r5, #0]
1000608e:	2380      	movs	r3, #128	@ 0x80
10006090:	005b      	lsls	r3, r3, #1
10006092:	469c      	mov	ip, r3
10006094:	0013      	movs	r3, r2
10006096:	6f51      	ldr	r1, [r2, #116]	@ 0x74
10006098:	2910      	cmp	r1, #16
1000609a:	d0fc      	beq.n	10006096 <i2c_read_blocking_internal+0x4e>
1000609c:	2000      	movs	r0, #0
1000609e:	2c00      	cmp	r4, #0
100060a0:	d101      	bne.n	100060a6 <i2c_read_blocking_internal+0x5e>
100060a2:	7928      	ldrb	r0, [r5, #4]
100060a4:	0280      	lsls	r0, r0, #10
100060a6:	4649      	mov	r1, r9
100060a8:	1a67      	subs	r7, r4, r1
100060aa:	4279      	negs	r1, r7
100060ac:	4179      	adcs	r1, r7
100060ae:	4657      	mov	r7, sl
100060b0:	4039      	ands	r1, r7
100060b2:	0249      	lsls	r1, r1, #9
100060b4:	4301      	orrs	r1, r0
100060b6:	4660      	mov	r0, ip
100060b8:	4301      	orrs	r1, r0
100060ba:	6111      	str	r1, [r2, #16]
100060bc:	2e00      	cmp	r6, #0
100060be:	d028      	beq.n	10006112 <i2c_read_blocking_internal+0xca>
100060c0:	2280      	movs	r2, #128	@ 0x80
100060c2:	2740      	movs	r7, #64	@ 0x40
100060c4:	4690      	mov	r8, r2
100060c6:	e008      	b.n	100060da <i2c_read_blocking_internal+0x92>
100060c8:	2100      	movs	r1, #0
100060ca:	9810      	ldr	r0, [sp, #64]	@ 0x40
100060cc:	47b0      	blx	r6
100060ce:	2800      	cmp	r0, #0
100060d0:	d137      	bne.n	10006142 <i2c_read_blocking_internal+0xfa>
100060d2:	682b      	ldr	r3, [r5, #0]
100060d4:	6f9a      	ldr	r2, [r3, #120]	@ 0x78
100060d6:	2a00      	cmp	r2, #0
100060d8:	d113      	bne.n	10006102 <i2c_read_blocking_internal+0xba>
100060da:	4642      	mov	r2, r8
100060dc:	589a      	ldr	r2, [r3, r2]
100060de:	6b5a      	ldr	r2, [r3, #52]	@ 0x34
100060e0:	4217      	tst	r7, r2
100060e2:	d0f1      	beq.n	100060c8 <i2c_read_blocking_internal+0x80>
100060e4:	2100      	movs	r1, #0
100060e6:	9810      	ldr	r0, [sp, #64]	@ 0x40
100060e8:	6d5b      	ldr	r3, [r3, #84]	@ 0x54
100060ea:	47b0      	blx	r6
100060ec:	43c4      	mvns	r4, r0
100060ee:	465b      	mov	r3, fp
100060f0:	0020      	movs	r0, r4
100060f2:	712b      	strb	r3, [r5, #4]
100060f4:	b005      	add	sp, #20
100060f6:	bcf0      	pop	{r4, r5, r6, r7}
100060f8:	46bb      	mov	fp, r7
100060fa:	46b2      	mov	sl, r6
100060fc:	46a9      	mov	r9, r5
100060fe:	46a0      	mov	r8, r4
10006100:	bdf0      	pop	{r4, r5, r6, r7, pc}
10006102:	691b      	ldr	r3, [r3, #16]
10006104:	9a01      	ldr	r2, [sp, #4]
10006106:	5513      	strb	r3, [r2, r4]
10006108:	9b02      	ldr	r3, [sp, #8]
1000610a:	3401      	adds	r4, #1
1000610c:	42a3      	cmp	r3, r4
1000610e:	d1ba      	bne.n	10006086 <i2c_read_blocking_internal+0x3e>
10006110:	e7ed      	b.n	100060ee <i2c_read_blocking_internal+0xa6>
10006112:	2080      	movs	r0, #128	@ 0x80
10006114:	2140      	movs	r1, #64	@ 0x40
10006116:	5813      	ldr	r3, [r2, r0]
10006118:	6b53      	ldr	r3, [r2, #52]	@ 0x34
1000611a:	4219      	tst	r1, r3
1000611c:	d003      	beq.n	10006126 <i2c_read_blocking_internal+0xde>
1000611e:	2401      	movs	r4, #1
10006120:	6d53      	ldr	r3, [r2, #84]	@ 0x54
10006122:	4264      	negs	r4, r4
10006124:	e7e3      	b.n	100060ee <i2c_read_blocking_internal+0xa6>
10006126:	6f93      	ldr	r3, [r2, #120]	@ 0x78
10006128:	2b00      	cmp	r3, #0
1000612a:	d0f4      	beq.n	10006116 <i2c_read_blocking_internal+0xce>
1000612c:	6913      	ldr	r3, [r2, #16]
1000612e:	9a01      	ldr	r2, [sp, #4]
10006130:	5513      	strb	r3, [r2, r4]
10006132:	9b02      	ldr	r3, [sp, #8]
10006134:	3401      	adds	r4, #1
10006136:	42a3      	cmp	r3, r4
10006138:	d0d9      	beq.n	100060ee <i2c_read_blocking_internal+0xa6>
1000613a:	682a      	ldr	r2, [r5, #0]
1000613c:	e7aa      	b.n	10006094 <i2c_read_blocking_internal+0x4c>
1000613e:	2400      	movs	r4, #0
10006140:	e7d5      	b.n	100060ee <i2c_read_blocking_internal+0xa6>
10006142:	2402      	movs	r4, #2
10006144:	4264      	negs	r4, r4
10006146:	e7d2      	b.n	100060ee <i2c_read_blocking_internal+0xa6>

10006148 <i2c_set_baudrate>:
10006148:	b5f0      	push	{r4, r5, r6, r7, lr}
1000614a:	46d6      	mov	lr, sl
1000614c:	464f      	mov	r7, r9
1000614e:	4646      	mov	r6, r8
10006150:	4682      	mov	sl, r0
10006152:	b5c0      	push	{r6, r7, lr}
10006154:	2005      	movs	r0, #5
10006156:	000c      	movs	r4, r1
10006158:	f7fb f9f2 	bl	10001540 <clock_get_hz>
1000615c:	0005      	movs	r5, r0
1000615e:	0860      	lsrs	r0, r4, #1
10006160:	0021      	movs	r1, r4
10006162:	1940      	adds	r0, r0, r5
10006164:	f7fb fc4c 	bl	10001a00 <__wrap___aeabi_uidiv>
10006168:	0047      	lsls	r7, r0, #1
1000616a:	183f      	adds	r7, r7, r0
1000616c:	0006      	movs	r6, r0
1000616e:	2105      	movs	r1, #5
10006170:	0038      	movs	r0, r7
10006172:	f7fb fc45 	bl	10001a00 <__wrap___aeabi_uidiv>
10006176:	46a0      	mov	r8, r4
10006178:	4b1c      	ldr	r3, [pc, #112]	@ (100061ec <i2c_set_baudrate+0xa4>)
1000617a:	1a32      	subs	r2, r6, r0
1000617c:	0004      	movs	r4, r0
1000617e:	0068      	lsls	r0, r5, #1
10006180:	4691      	mov	r9, r2
10006182:	1940      	adds	r0, r0, r5
10006184:	4598      	cmp	r8, r3
10006186:	d82b      	bhi.n	100061e0 <i2c_set_baudrate+0x98>
10006188:	4919      	ldr	r1, [pc, #100]	@ (100061f0 <i2c_set_baudrate+0xa8>)
1000618a:	f7fb fc39 	bl	10001a00 <__wrap___aeabi_uidiv>
1000618e:	3001      	adds	r0, #1
10006190:	4653      	mov	r3, sl
10006192:	2200      	movs	r2, #0
10006194:	681b      	ldr	r3, [r3, #0]
10006196:	66da      	str	r2, [r3, #108]	@ 0x6c
10006198:	6819      	ldr	r1, [r3, #0]
1000619a:	3204      	adds	r2, #4
1000619c:	4051      	eors	r1, r2
1000619e:	3202      	adds	r2, #2
100061a0:	400a      	ands	r2, r1
100061a2:	2180      	movs	r1, #128	@ 0x80
100061a4:	0149      	lsls	r1, r1, #5
100061a6:	1859      	adds	r1, r3, r1
100061a8:	600a      	str	r2, [r1, #0]
100061aa:	464a      	mov	r2, r9
100061ac:	61da      	str	r2, [r3, #28]
100061ae:	2201      	movs	r2, #1
100061b0:	621c      	str	r4, [r3, #32]
100061b2:	2f4f      	cmp	r7, #79	@ 0x4f
100061b4:	d900      	bls.n	100061b8 <i2c_set_baudrate+0x70>
100061b6:	0922      	lsrs	r2, r4, #4
100061b8:	21a0      	movs	r1, #160	@ 0xa0
100061ba:	505a      	str	r2, [r3, r1]
100061bc:	6fda      	ldr	r2, [r3, #124]	@ 0x7c
100061be:	0031      	movs	r1, r6
100061c0:	4050      	eors	r0, r2
100061c2:	4a0c      	ldr	r2, [pc, #48]	@ (100061f4 <i2c_set_baudrate+0xac>)
100061c4:	0400      	lsls	r0, r0, #16
100061c6:	189a      	adds	r2, r3, r2
100061c8:	0c00      	lsrs	r0, r0, #16
100061ca:	6010      	str	r0, [r2, #0]
100061cc:	2201      	movs	r2, #1
100061ce:	0028      	movs	r0, r5
100061d0:	66da      	str	r2, [r3, #108]	@ 0x6c
100061d2:	f7fb fc15 	bl	10001a00 <__wrap___aeabi_uidiv>
100061d6:	bce0      	pop	{r5, r6, r7}
100061d8:	46ba      	mov	sl, r7
100061da:	46b1      	mov	r9, r6
100061dc:	46a8      	mov	r8, r5
100061de:	bdf0      	pop	{r4, r5, r6, r7, pc}
100061e0:	4905      	ldr	r1, [pc, #20]	@ (100061f8 <i2c_set_baudrate+0xb0>)
100061e2:	f7fb fc0d 	bl	10001a00 <__wrap___aeabi_uidiv>
100061e6:	3001      	adds	r0, #1
100061e8:	e7d2      	b.n	10006190 <i2c_set_baudrate+0x48>
100061ea:	46c0      	nop			@ (mov r8, r8)
100061ec:	000f423f 	.word	0x000f423f
100061f0:	00989680 	.word	0x00989680
100061f4:	0000107c 	.word	0x0000107c
100061f8:	017d7840 	.word	0x017d7840

100061fc <i2c_init>:
100061fc:	4a10      	ldr	r2, [pc, #64]	@ (10006240 <i2c_init+0x44>)
100061fe:	b570      	push	{r4, r5, r6, lr}
10006200:	1a82      	subs	r2, r0, r2
10006202:	1e53      	subs	r3, r2, #1
10006204:	419a      	sbcs	r2, r3
10006206:	2307      	movs	r3, #7
10006208:	4252      	negs	r2, r2
1000620a:	439a      	bics	r2, r3
1000620c:	4b0d      	ldr	r3, [pc, #52]	@ (10006244 <i2c_init+0x48>)
1000620e:	3210      	adds	r2, #16
10006210:	601a      	str	r2, [r3, #0]
10006212:	4b0d      	ldr	r3, [pc, #52]	@ (10006248 <i2c_init+0x4c>)
10006214:	4c0d      	ldr	r4, [pc, #52]	@ (1000624c <i2c_init+0x50>)
10006216:	601a      	str	r2, [r3, #0]
10006218:	0015      	movs	r5, r2
1000621a:	6823      	ldr	r3, [r4, #0]
1000621c:	439d      	bics	r5, r3
1000621e:	1e2b      	subs	r3, r5, #0
10006220:	d1fa      	bne.n	10006218 <i2c_init+0x1c>
10006222:	2466      	movs	r4, #102	@ 0x66
10006224:	6802      	ldr	r2, [r0, #0]
10006226:	34ff      	adds	r4, #255	@ 0xff
10006228:	7105      	strb	r5, [r0, #4]
1000622a:	66d5      	str	r5, [r2, #108]	@ 0x6c
1000622c:	6014      	str	r4, [r2, #0]
1000622e:	3c63      	subs	r4, #99	@ 0x63
10006230:	3388      	adds	r3, #136	@ 0x88
10006232:	3cff      	subs	r4, #255	@ 0xff
10006234:	63d5      	str	r5, [r2, #60]	@ 0x3c
10006236:	6395      	str	r5, [r2, #56]	@ 0x38
10006238:	50d4      	str	r4, [r2, r3]
1000623a:	f7ff ff85 	bl	10006148 <i2c_set_baudrate>
1000623e:	bd70      	pop	{r4, r5, r6, pc}
10006240:	20001028 	.word	0x20001028
10006244:	4000e000 	.word	0x4000e000
10006248:	4000f000 	.word	0x4000f000
1000624c:	4000c008 	.word	0x4000c008

10006250 <i2c_read_blocking_until>:
10006250:	b5f0      	push	{r4, r5, r6, r7, lr}
10006252:	46ce      	mov	lr, r9
10006254:	4647      	mov	r7, r8
10006256:	b580      	push	{r7, lr}
10006258:	b089      	sub	sp, #36	@ 0x24
1000625a:	001e      	movs	r6, r3
1000625c:	ac04      	add	r4, sp, #16
1000625e:	ab10      	add	r3, sp, #64	@ 0x40
10006260:	781d      	ldrb	r5, [r3, #0]
10006262:	4681      	mov	r9, r0
10006264:	0017      	movs	r7, r2
10006266:	9a12      	ldr	r2, [sp, #72]	@ 0x48
10006268:	9b13      	ldr	r3, [sp, #76]	@ 0x4c
1000626a:	0020      	movs	r0, r4
1000626c:	4688      	mov	r8, r1
1000626e:	f7fb f84f 	bl	10001310 <init_single_timeout_until>
10006272:	0033      	movs	r3, r6
10006274:	9001      	str	r0, [sp, #4]
10006276:	003a      	movs	r2, r7
10006278:	4641      	mov	r1, r8
1000627a:	4648      	mov	r0, r9
1000627c:	9402      	str	r4, [sp, #8]
1000627e:	9500      	str	r5, [sp, #0]
10006280:	f7ff fee2 	bl	10006048 <i2c_read_blocking_internal>
10006284:	b009      	add	sp, #36	@ 0x24
10006286:	bcc0      	pop	{r6, r7}
10006288:	46b9      	mov	r9, r7
1000628a:	46b0      	mov	r8, r6
1000628c:	bdf0      	pop	{r4, r5, r6, r7, pc}
1000628e:	46c0      	nop			@ (mov r8, r8)

10006290 <strlen>:
10006290:	b510      	push	{r4, lr}
10006292:	0783      	lsls	r3, r0, #30
10006294:	d00a      	beq.n	100062ac <strlen+0x1c>
10006296:	0003      	movs	r3, r0
10006298:	2103      	movs	r1, #3
1000629a:	e002      	b.n	100062a2 <strlen+0x12>
1000629c:	3301      	adds	r3, #1
1000629e:	420b      	tst	r3, r1
100062a0:	d005      	beq.n	100062ae <strlen+0x1e>
100062a2:	781a      	ldrb	r2, [r3, #0]
100062a4:	2a00      	cmp	r2, #0
100062a6:	d1f9      	bne.n	1000629c <strlen+0xc>
100062a8:	1a18      	subs	r0, r3, r0
100062aa:	bd10      	pop	{r4, pc}
100062ac:	0003      	movs	r3, r0
100062ae:	6819      	ldr	r1, [r3, #0]
100062b0:	4a0c      	ldr	r2, [pc, #48]	@ (100062e4 <strlen+0x54>)
100062b2:	4c0d      	ldr	r4, [pc, #52]	@ (100062e8 <strlen+0x58>)
100062b4:	188a      	adds	r2, r1, r2
100062b6:	438a      	bics	r2, r1
100062b8:	4222      	tst	r2, r4
100062ba:	d10f      	bne.n	100062dc <strlen+0x4c>
100062bc:	6859      	ldr	r1, [r3, #4]
100062be:	4a09      	ldr	r2, [pc, #36]	@ (100062e4 <strlen+0x54>)
100062c0:	3304      	adds	r3, #4
100062c2:	188a      	adds	r2, r1, r2
100062c4:	438a      	bics	r2, r1
100062c6:	4222      	tst	r2, r4
100062c8:	d108      	bne.n	100062dc <strlen+0x4c>
100062ca:	6859      	ldr	r1, [r3, #4]
100062cc:	4a05      	ldr	r2, [pc, #20]	@ (100062e4 <strlen+0x54>)
100062ce:	3304      	adds	r3, #4
100062d0:	188a      	adds	r2, r1, r2
100062d2:	438a      	bics	r2, r1
100062d4:	4222      	tst	r2, r4
100062d6:	d0f1      	beq.n	100062bc <strlen+0x2c>
100062d8:	e000      	b.n	100062dc <strlen+0x4c>
100062da:	3301      	adds	r3, #1
100062dc:	781a      	ldrb	r2, [r3, #0]
100062de:	2a00      	cmp	r2, #0
100062e0:	d1fb      	bne.n	100062da <strlen+0x4a>
100062e2:	e7e1      	b.n	100062a8 <strlen+0x18>
100062e4:	fefefeff 	.word	0xfefefeff
100062e8:	80808080 	.word	0x80808080
100062ec:	00000000 	.word	0x00000000

100062f0 <____aeabi_ldiv0_veneer>:
100062f0:	b401      	push	{r0}
100062f2:	4802      	ldr	r0, [pc, #8]	@ (100062fc <____aeabi_ldiv0_veneer+0xc>)
100062f4:	4684      	mov	ip, r0
100062f6:	bc01      	pop	{r0}
100062f8:	4760      	bx	ip
100062fa:	bf00      	nop
100062fc:	20000eb9 	.word	0x20000eb9

10006300 <__reset_non_control_endpoints_veneer>:
10006300:	b401      	push	{r0}
10006302:	4802      	ldr	r0, [pc, #8]	@ (1000630c <__reset_non_control_endpoints_veneer+0xc>)
10006304:	4684      	mov	ip, r0
10006306:	bc01      	pop	{r0}
10006308:	4760      	bx	ip
1000630a:	bf00      	nop
1000630c:	200003d1 	.word	0x200003d1

10006310 <__mutex_enter_timeout_ms_veneer>:
10006310:	b401      	push	{r0}
10006312:	4802      	ldr	r0, [pc, #8]	@ (1000631c <__mutex_enter_timeout_ms_veneer+0xc>)
10006314:	4684      	mov	ip, r0
10006316:	bc01      	pop	{r0}
10006318:	4760      	bx	ip
1000631a:	bf00      	nop
1000631c:	20000199 	.word	0x20000199

10006320 <__hw_endpoint_start_next_buffer_veneer>:
10006320:	b401      	push	{r0}
10006322:	4802      	ldr	r0, [pc, #8]	@ (1000632c <__hw_endpoint_start_next_buffer_veneer+0xc>)
10006324:	4684      	mov	ip, r0
10006326:	bc01      	pop	{r0}
10006328:	4760      	bx	ip
1000632a:	bf00      	nop
1000632c:	20000c3d 	.word	0x20000c3d

10006330 <__e15_is_critical_frame_period_veneer>:
10006330:	b401      	push	{r0}
10006332:	4802      	ldr	r0, [pc, #8]	@ (1000633c <__e15_is_critical_frame_period_veneer+0xc>)
10006334:	4684      	mov	ip, r0
10006336:	bc01      	pop	{r0}
10006338:	4760      	bx	ip
1000633a:	bf00      	nop
1000633c:	20000bb1 	.word	0x20000bb1

10006340 <__mutex_exit_veneer>:
10006340:	b401      	push	{r0}
10006342:	4802      	ldr	r0, [pc, #8]	@ (1000634c <__mutex_exit_veneer+0xc>)
10006344:	4684      	mov	ip, r0
10006346:	bc01      	pop	{r0}
10006348:	4760      	bx	ip
1000634a:	bf00      	nop
1000634c:	200001d5 	.word	0x200001d5

10006350 <___hw_endpoint_buffer_control_update32_veneer>:
10006350:	b401      	push	{r0}
10006352:	4802      	ldr	r0, [pc, #8]	@ (1000635c <___hw_endpoint_buffer_control_update32_veneer+0xc>)
10006354:	4684      	mov	ip, r0
10006356:	bc01      	pop	{r0}
10006358:	4760      	bx	ip
1000635a:	bf00      	nop
1000635c:	20000bed 	.word	0x20000bed

10006360 <__e15_is_bulkin_ep_veneer>:
10006360:	b401      	push	{r0}
10006362:	4802      	ldr	r0, [pc, #8]	@ (1000636c <__e15_is_bulkin_ep_veneer+0xc>)
10006364:	4684      	mov	ip, r0
10006366:	bc01      	pop	{r0}
10006368:	4760      	bx	ip
1000636a:	bf00      	nop
1000636c:	20000b89 	.word	0x20000b89

10006370 <__mutex_try_enter_veneer>:
10006370:	b401      	push	{r0}
10006372:	4802      	ldr	r0, [pc, #8]	@ (1000637c <__mutex_try_enter_veneer+0xc>)
10006374:	4684      	mov	ip, r0
10006376:	bc01      	pop	{r0}
10006378:	4760      	bx	ip
1000637a:	bf00      	nop
1000637c:	200000c1 	.word	0x200000c1

10006380 <__mutex_try_enter_block_until_veneer>:
10006380:	b401      	push	{r0}
10006382:	4802      	ldr	r0, [pc, #8]	@ (1000638c <__mutex_try_enter_block_until_veneer+0xc>)
10006384:	4684      	mov	ip, r0
10006386:	bc01      	pop	{r0}
10006388:	4760      	bx	ip
1000638a:	bf00      	nop
1000638c:	20000165 	.word	0x20000165

10006390 <__flash_do_cmd_cs_veneer>:
10006390:	b401      	push	{r0}
10006392:	4802      	ldr	r0, [pc, #8]	@ (1000639c <__flash_do_cmd_cs_veneer+0xc>)
10006394:	4684      	mov	ip, r0
10006396:	bc01      	pop	{r0}
10006398:	4760      	bx	ip
1000639a:	bf00      	nop
1000639c:	20000289 	.word	0x20000289

100063a0 <____aeabi_idiv0_veneer>:
100063a0:	b401      	push	{r0}
100063a2:	4802      	ldr	r0, [pc, #8]	@ (100063ac <____aeabi_idiv0_veneer+0xc>)
100063a4:	4684      	mov	ip, r0
100063a6:	bc01      	pop	{r0}
100063a8:	4760      	bx	ip
100063aa:	bf00      	nop
100063ac:	20000eb9 	.word	0x20000eb9

100063b0 <__pre_init_runtime_init_early_resets>:
100063b0:	10001791                                ....

100063b4 <__pre_init_runtime_init_usb_power_down>:
100063b4:	100017bd 100019a1 10002195 10002029     .........!..) ..
100063c4:	10002135                                5!..

100063c8 <__pre_init_runtime_init_clocks>:
100063c8:	100018c9                                ....

100063cc <__pre_init_runtime_init_post_clock_resets>:
100063cc:	100017d9                                ....

100063d0 <__pre_init_runtime_init_rp2040_gpio_ie_disable>:
100063d0:	100017f9                                ....

100063d4 <__pre_init_runtime_init_spin_locks_reset>:
100063d4:	1000180d                                ....

100063d8 <__pre_init_runtime_init_mutex>:
100063d8:	10000a21                                !...

100063dc <__pre_init_runtime_init_install_ram_vector_table>:
100063dc:	10001815                                ....

100063e0 <__pre_init_runtime_init_default_alarm_pool>:
100063e0:	10000de1                                ....

100063e4 <__pre_init_first_per_core_initializer>:
100063e4:	10001759                                Y...

100063e8 <__pre_init_runtime_init_per_core_irq_priorities>:
100063e8:	1000065d                                ]...

100063ec <__init_array_start>:
100063ec:	100041cd 	.word	0x100041cd

Disassembly of section .data:

200000c0 <mutex_try_enter>:
200000c0:	0003      	movs	r3, r0
200000c2:	6800      	ldr	r0, [r0, #0]
200000c4:	f3ef 8c10 	mrs	ip, PRIMASK
200000c8:	b672      	cpsid	i
200000ca:	6802      	ldr	r2, [r0, #0]
200000cc:	2a00      	cmp	r2, #0
200000ce:	d0fc      	beq.n	200000ca <mutex_try_enter+0xa>
200000d0:	f3bf 8f5f 	dmb	sy
200000d4:	2204      	movs	r2, #4
200000d6:	569a      	ldrsb	r2, [r3, r2]
200000d8:	2a00      	cmp	r2, #0
200000da:	db0b      	blt.n	200000f4 <mutex_try_enter+0x34>
200000dc:	2900      	cmp	r1, #0
200000de:	d000      	beq.n	200000e2 <mutex_try_enter+0x22>
200000e0:	600a      	str	r2, [r1, #0]
200000e2:	2000      	movs	r0, #0
200000e4:	681b      	ldr	r3, [r3, #0]
200000e6:	f3bf 8f5f 	dmb	sy
200000ea:	2200      	movs	r2, #0
200000ec:	601a      	str	r2, [r3, #0]
200000ee:	f38c 8810 	msr	PRIMASK, ip
200000f2:	4770      	bx	lr
200000f4:	22d0      	movs	r2, #208	@ 0xd0
200000f6:	0612      	lsls	r2, r2, #24
200000f8:	6812      	ldr	r2, [r2, #0]
200000fa:	2001      	movs	r0, #1
200000fc:	711a      	strb	r2, [r3, #4]
200000fe:	e7f1      	b.n	200000e4 <mutex_try_enter+0x24>

20000100 <mutex_enter_block_until>:
20000100:	b5f0      	push	{r4, r5, r6, r7, lr}
20000102:	001f      	movs	r7, r3
20000104:	23d0      	movs	r3, #208	@ 0xd0
20000106:	46c6      	mov	lr, r8
20000108:	061b      	lsls	r3, r3, #24
2000010a:	681b      	ldr	r3, [r3, #0]
2000010c:	0004      	movs	r4, r0
2000010e:	0016      	movs	r6, r2
20000110:	4698      	mov	r8, r3
20000112:	2500      	movs	r5, #0
20000114:	b500      	push	{lr}
20000116:	e00a      	b.n	2000012e <mutex_enter_block_until+0x2e>
20000118:	f3bf 8f5f 	dmb	sy
2000011c:	6015      	str	r5, [r2, #0]
2000011e:	f381 8810 	msr	PRIMASK, r1
20000122:	0030      	movs	r0, r6
20000124:	0039      	movs	r1, r7
20000126:	f000 fedb 	bl	20000ee0 <__best_effort_wfe_or_timeout_veneer>
2000012a:	2800      	cmp	r0, #0
2000012c:	d118      	bne.n	20000160 <mutex_enter_block_until+0x60>
2000012e:	6822      	ldr	r2, [r4, #0]
20000130:	f3ef 8110 	mrs	r1, PRIMASK
20000134:	b672      	cpsid	i
20000136:	6813      	ldr	r3, [r2, #0]
20000138:	2b00      	cmp	r3, #0
2000013a:	d0fc      	beq.n	20000136 <mutex_enter_block_until+0x36>
2000013c:	f3bf 8f5f 	dmb	sy
20000140:	7923      	ldrb	r3, [r4, #4]
20000142:	6822      	ldr	r2, [r4, #0]
20000144:	2b7f      	cmp	r3, #127	@ 0x7f
20000146:	d9e7      	bls.n	20000118 <mutex_enter_block_until+0x18>
20000148:	4643      	mov	r3, r8
2000014a:	7123      	strb	r3, [r4, #4]
2000014c:	f3bf 8f5f 	dmb	sy
20000150:	2300      	movs	r3, #0
20000152:	6013      	str	r3, [r2, #0]
20000154:	f381 8810 	msr	PRIMASK, r1
20000158:	2001      	movs	r0, #1
2000015a:	bc80      	pop	{r7}
2000015c:	46b8      	mov	r8, r7
2000015e:	bdf0      	pop	{r4, r5, r6, r7, pc}
20000160:	2000      	movs	r0, #0
20000162:	e7fa      	b.n	2000015a <mutex_enter_block_until+0x5a>

20000164 <mutex_try_enter_block_until>:
20000164:	b570      	push	{r4, r5, r6, lr}
20000166:	b082      	sub	sp, #8
20000168:	a901      	add	r1, sp, #4
2000016a:	0006      	movs	r6, r0
2000016c:	0014      	movs	r4, r2
2000016e:	001d      	movs	r5, r3
20000170:	f7ff ffa6 	bl	200000c0 <mutex_try_enter>
20000174:	2800      	cmp	r0, #0
20000176:	d107      	bne.n	20000188 <mutex_try_enter_block_until+0x24>
20000178:	22d0      	movs	r2, #208	@ 0xd0
2000017a:	0612      	lsls	r2, r2, #24
2000017c:	9b01      	ldr	r3, [sp, #4]
2000017e:	7812      	ldrb	r2, [r2, #0]
20000180:	b25b      	sxtb	r3, r3
20000182:	b252      	sxtb	r2, r2
20000184:	4293      	cmp	r3, r2
20000186:	d101      	bne.n	2000018c <mutex_try_enter_block_until+0x28>
20000188:	b002      	add	sp, #8
2000018a:	bd70      	pop	{r4, r5, r6, pc}
2000018c:	0022      	movs	r2, r4
2000018e:	002b      	movs	r3, r5
20000190:	0030      	movs	r0, r6
20000192:	f7ff ffb5 	bl	20000100 <mutex_enter_block_until>
20000196:	e7f7      	b.n	20000188 <mutex_try_enter_block_until+0x24>

20000198 <mutex_enter_timeout_ms>:
20000198:	b5f8      	push	{r3, r4, r5, r6, r7, lr}
2000019a:	000e      	movs	r6, r1
2000019c:	0007      	movs	r7, r0
2000019e:	f000 fea7 	bl	20000ef0 <__time_us_64_veneer>
200001a2:	22fa      	movs	r2, #250	@ 0xfa
200001a4:	0004      	movs	r4, r0
200001a6:	000d      	movs	r5, r1
200001a8:	2300      	movs	r3, #0
200001aa:	0092      	lsls	r2, r2, #2
200001ac:	0030      	movs	r0, r6
200001ae:	2100      	movs	r1, #0
200001b0:	f000 feae 	bl	20000f10 <____wrap___aeabi_lmul_veneer>
200001b4:	0022      	movs	r2, r4
200001b6:	002b      	movs	r3, r5
200001b8:	1812      	adds	r2, r2, r0
200001ba:	414b      	adcs	r3, r1
200001bc:	2b00      	cmp	r3, #0
200001be:	da02      	bge.n	200001c6 <mutex_enter_timeout_ms+0x2e>
200001c0:	2201      	movs	r2, #1
200001c2:	4b03      	ldr	r3, [pc, #12]	@ (200001d0 <mutex_enter_timeout_ms+0x38>)
200001c4:	4252      	negs	r2, r2
200001c6:	0038      	movs	r0, r7
200001c8:	f7ff ff9a 	bl	20000100 <mutex_enter_block_until>
200001cc:	bdf8      	pop	{r3, r4, r5, r6, r7, pc}
200001ce:	46c0      	nop			@ (mov r8, r8)
200001d0:	7fffffff 	.word	0x7fffffff

200001d4 <mutex_exit>:
200001d4:	6802      	ldr	r2, [r0, #0]
200001d6:	f3ef 8110 	mrs	r1, PRIMASK
200001da:	b672      	cpsid	i
200001dc:	6813      	ldr	r3, [r2, #0]
200001de:	2b00      	cmp	r3, #0
200001e0:	d0fc      	beq.n	200001dc <mutex_exit+0x8>
200001e2:	f3bf 8f5f 	dmb	sy
200001e6:	23ff      	movs	r3, #255	@ 0xff
200001e8:	7103      	strb	r3, [r0, #4]
200001ea:	6803      	ldr	r3, [r0, #0]
200001ec:	f3bf 8f5f 	dmb	sy
200001f0:	2200      	movs	r2, #0
200001f2:	601a      	str	r2, [r3, #0]
200001f4:	f381 8810 	msr	PRIMASK, r1
200001f8:	bf40      	sev
200001fa:	4770      	bx	lr

200001fc <flash_init_boot2_copyout>:
200001fc:	4b08      	ldr	r3, [pc, #32]	@ (20000220 <flash_init_boot2_copyout+0x24>)
200001fe:	469c      	mov	ip, r3
20000200:	781b      	ldrb	r3, [r3, #0]
20000202:	2b00      	cmp	r3, #0
20000204:	d10b      	bne.n	2000021e <flash_init_boot2_copyout+0x22>
20000206:	2380      	movs	r3, #128	@ 0x80
20000208:	4806      	ldr	r0, [pc, #24]	@ (20000224 <flash_init_boot2_copyout+0x28>)
2000020a:	4907      	ldr	r1, [pc, #28]	@ (20000228 <flash_init_boot2_copyout+0x2c>)
2000020c:	055b      	lsls	r3, r3, #21
2000020e:	681a      	ldr	r2, [r3, #0]
20000210:	50c2      	str	r2, [r0, r3]
20000212:	3304      	adds	r3, #4
20000214:	428b      	cmp	r3, r1
20000216:	d1fa      	bne.n	2000020e <flash_init_boot2_copyout+0x12>
20000218:	2301      	movs	r3, #1
2000021a:	4662      	mov	r2, ip
2000021c:	7013      	strb	r3, [r2, #0]
2000021e:	4770      	bx	lr
20000220:	20001c50 	.word	0x20001c50
20000224:	10001594 	.word	0x10001594
20000228:	10000100 	.word	0x10000100

2000022c <flash_enable_xip_via_boot2>:
2000022c:	b510      	push	{r4, lr}
2000022e:	4b01      	ldr	r3, [pc, #4]	@ (20000234 <flash_enable_xip_via_boot2+0x8>)
20000230:	4798      	blx	r3
20000232:	bd10      	pop	{r4, pc}
20000234:	20001595 	.word	0x20001595

20000238 <flash_save_hardware_state>:
20000238:	4b08      	ldr	r3, [pc, #32]	@ (2000025c <flash_save_hardware_state+0x24>)
2000023a:	685a      	ldr	r2, [r3, #4]
2000023c:	6042      	str	r2, [r0, #4]
2000023e:	689a      	ldr	r2, [r3, #8]
20000240:	6082      	str	r2, [r0, #8]
20000242:	68da      	ldr	r2, [r3, #12]
20000244:	60c2      	str	r2, [r0, #12]
20000246:	691a      	ldr	r2, [r3, #16]
20000248:	6102      	str	r2, [r0, #16]
2000024a:	695a      	ldr	r2, [r3, #20]
2000024c:	6142      	str	r2, [r0, #20]
2000024e:	699b      	ldr	r3, [r3, #24]
20000250:	6183      	str	r3, [r0, #24]
20000252:	23a0      	movs	r3, #160	@ 0xa0
20000254:	055b      	lsls	r3, r3, #21
20000256:	681b      	ldr	r3, [r3, #0]
20000258:	6003      	str	r3, [r0, #0]
2000025a:	4770      	bx	lr
2000025c:	40020000 	.word	0x40020000

20000260 <flash_restore_hardware_state>:
20000260:	6842      	ldr	r2, [r0, #4]
20000262:	4b08      	ldr	r3, [pc, #32]	@ (20000284 <flash_restore_hardware_state+0x24>)
20000264:	605a      	str	r2, [r3, #4]
20000266:	6882      	ldr	r2, [r0, #8]
20000268:	609a      	str	r2, [r3, #8]
2000026a:	68c2      	ldr	r2, [r0, #12]
2000026c:	60da      	str	r2, [r3, #12]
2000026e:	6902      	ldr	r2, [r0, #16]
20000270:	611a      	str	r2, [r3, #16]
20000272:	6942      	ldr	r2, [r0, #20]
20000274:	615a      	str	r2, [r3, #20]
20000276:	6982      	ldr	r2, [r0, #24]
20000278:	619a      	str	r2, [r3, #24]
2000027a:	23a0      	movs	r3, #160	@ 0xa0
2000027c:	6802      	ldr	r2, [r0, #0]
2000027e:	055b      	lsls	r3, r3, #21
20000280:	601a      	str	r2, [r3, #0]
20000282:	4770      	bx	lr
20000284:	40020000 	.word	0x40020000

20000288 <flash_do_cmd_cs>:
20000288:	b5f0      	push	{r4, r5, r6, r7, lr}
2000028a:	46d6      	mov	lr, sl
2000028c:	464f      	mov	r7, r9
2000028e:	4646      	mov	r6, r8
20000290:	2300      	movs	r3, #0
20000292:	b5c0      	push	{r6, r7, lr}
20000294:	2718      	movs	r7, #24
20000296:	b088      	sub	sp, #32
20000298:	001e      	movs	r6, r3
2000029a:	4681      	mov	r9, r0
2000029c:	000d      	movs	r5, r1
2000029e:	8a98      	ldrh	r0, [r3, #20]
200002a0:	4946      	ldr	r1, [pc, #280]	@ (200003bc <flash_do_cmd_cs+0x134>)
200002a2:	883b      	ldrh	r3, [r7, #0]
200002a4:	0014      	movs	r4, r2
200002a6:	4798      	blx	r3
200002a8:	883b      	ldrh	r3, [r7, #0]
200002aa:	4680      	mov	r8, r0
200002ac:	4944      	ldr	r1, [pc, #272]	@ (200003c0 <flash_do_cmd_cs+0x138>)
200002ae:	8ab0      	ldrh	r0, [r6, #20]
200002b0:	4798      	blx	r3
200002b2:	2300      	movs	r3, #0
200002b4:	4943      	ldr	r1, [pc, #268]	@ (200003c4 <flash_do_cmd_cs+0x13c>)
200002b6:	0006      	movs	r6, r0
200002b8:	8a98      	ldrh	r0, [r3, #20]
200002ba:	883b      	ldrh	r3, [r7, #0]
200002bc:	4798      	blx	r3
200002be:	4682      	mov	sl, r0
200002c0:	f7ff ff9c 	bl	200001fc <flash_init_boot2_copyout>
200002c4:	a801      	add	r0, sp, #4
200002c6:	f7ff ffb7 	bl	20000238 <flash_save_hardware_state>
200002ca:	47c0      	blx	r8
200002cc:	47b0      	blx	r6
200002ce:	4b3e      	ldr	r3, [pc, #248]	@ (200003c8 <flash_do_cmd_cs+0x140>)
200002d0:	0021      	movs	r1, r4
200002d2:	681a      	ldr	r2, [r3, #0]
200002d4:	2380      	movs	r3, #128	@ 0x80
200002d6:	009b      	lsls	r3, r3, #2
200002d8:	4053      	eors	r3, r2
200002da:	22c0      	movs	r2, #192	@ 0xc0
200002dc:	0092      	lsls	r2, r2, #2
200002de:	4013      	ands	r3, r2
200002e0:	4a3a      	ldr	r2, [pc, #232]	@ (200003cc <flash_do_cmd_cs+0x144>)
200002e2:	6013      	str	r3, [r2, #0]
200002e4:	2c00      	cmp	r4, #0
200002e6:	d01c      	beq.n	20000322 <flash_do_cmd_cs+0x9a>
200002e8:	2308      	movs	r3, #8
200002ea:	20c0      	movs	r0, #192	@ 0xc0
200002ec:	469c      	mov	ip, r3
200002ee:	0540      	lsls	r0, r0, #21
200002f0:	3f16      	subs	r7, #22
200002f2:	4662      	mov	r2, ip
200002f4:	6a83      	ldr	r3, [r0, #40]	@ 0x28
200002f6:	401a      	ands	r2, r3
200002f8:	421f      	tst	r7, r3
200002fa:	d039      	beq.n	20000370 <flash_do_cmd_cs+0xe8>
200002fc:	1a63      	subs	r3, r4, r1
200002fe:	2900      	cmp	r1, #0
20000300:	d12b      	bne.n	2000035a <flash_do_cmd_cs+0xd2>
20000302:	2a00      	cmp	r2, #0
20000304:	d10b      	bne.n	2000031e <flash_do_cmd_cs+0x96>
20000306:	2c00      	cmp	r4, #0
20000308:	d00b      	beq.n	20000322 <flash_do_cmd_cs+0x9a>
2000030a:	23c0      	movs	r3, #192	@ 0xc0
2000030c:	2208      	movs	r2, #8
2000030e:	2602      	movs	r6, #2
20000310:	055b      	lsls	r3, r3, #21
20000312:	6a9b      	ldr	r3, [r3, #40]	@ 0x28
20000314:	401a      	ands	r2, r3
20000316:	421e      	tst	r6, r3
20000318:	d042      	beq.n	200003a0 <flash_do_cmd_cs+0x118>
2000031a:	2a00      	cmp	r2, #0
2000031c:	d0f5      	beq.n	2000030a <flash_do_cmd_cs+0x82>
2000031e:	2c00      	cmp	r4, #0
20000320:	d130      	bne.n	20000384 <flash_do_cmd_cs+0xfc>
20000322:	4b29      	ldr	r3, [pc, #164]	@ (200003c8 <flash_do_cmd_cs+0x140>)
20000324:	681a      	ldr	r2, [r3, #0]
20000326:	23c0      	movs	r3, #192	@ 0xc0
20000328:	009b      	lsls	r3, r3, #2
2000032a:	4393      	bics	r3, r2
2000032c:	4a27      	ldr	r2, [pc, #156]	@ (200003cc <flash_do_cmd_cs+0x144>)
2000032e:	6013      	str	r3, [r2, #0]
20000330:	47d0      	blx	sl
20000332:	f7ff ff7b 	bl	2000022c <flash_enable_xip_via_boot2>
20000336:	a801      	add	r0, sp, #4
20000338:	f7ff ff92 	bl	20000260 <flash_restore_hardware_state>
2000033c:	b008      	add	sp, #32
2000033e:	bce0      	pop	{r5, r6, r7}
20000340:	46ba      	mov	sl, r7
20000342:	46b1      	mov	r9, r6
20000344:	46a8      	mov	r8, r5
20000346:	bdf0      	pop	{r4, r5, r6, r7, pc}
20000348:	2c00      	cmp	r4, #0
2000034a:	d12b      	bne.n	200003a4 <flash_do_cmd_cs+0x11c>
2000034c:	22c0      	movs	r2, #192	@ 0xc0
2000034e:	0552      	lsls	r2, r2, #21
20000350:	6a96      	ldr	r6, [r2, #40]	@ 0x28
20000352:	2208      	movs	r2, #8
20000354:	4032      	ands	r2, r6
20000356:	07b6      	lsls	r6, r6, #30
20000358:	d52b      	bpl.n	200003b2 <flash_do_cmd_cs+0x12a>
2000035a:	2b0d      	cmp	r3, #13
2000035c:	d919      	bls.n	20000392 <flash_do_cmd_cs+0x10a>
2000035e:	2a00      	cmp	r2, #0
20000360:	d1f2      	bne.n	20000348 <flash_do_cmd_cs+0xc0>
20000362:	22c0      	movs	r2, #192	@ 0xc0
20000364:	0552      	lsls	r2, r2, #21
20000366:	6a96      	ldr	r6, [r2, #40]	@ 0x28
20000368:	2208      	movs	r2, #8
2000036a:	4032      	ands	r2, r6
2000036c:	07b6      	lsls	r6, r6, #30
2000036e:	d4f4      	bmi.n	2000035a <flash_do_cmd_cs+0xd2>
20000370:	2a00      	cmp	r2, #0
20000372:	d104      	bne.n	2000037e <flash_do_cmd_cs+0xf6>
20000374:	000b      	movs	r3, r1
20000376:	4323      	orrs	r3, r4
20000378:	2b00      	cmp	r3, #0
2000037a:	d1ba      	bne.n	200002f2 <flash_do_cmd_cs+0x6a>
2000037c:	e7d1      	b.n	20000322 <flash_do_cmd_cs+0x9a>
2000037e:	000b      	movs	r3, r1
20000380:	2c00      	cmp	r4, #0
20000382:	d0f9      	beq.n	20000378 <flash_do_cmd_cs+0xf0>
20000384:	6e03      	ldr	r3, [r0, #96]	@ 0x60
20000386:	3c01      	subs	r4, #1
20000388:	702b      	strb	r3, [r5, #0]
2000038a:	0023      	movs	r3, r4
2000038c:	3501      	adds	r5, #1
2000038e:	430b      	orrs	r3, r1
20000390:	e7f2      	b.n	20000378 <flash_do_cmd_cs+0xf0>
20000392:	464b      	mov	r3, r9
20000394:	781b      	ldrb	r3, [r3, #0]
20000396:	3901      	subs	r1, #1
20000398:	6603      	str	r3, [r0, #96]	@ 0x60
2000039a:	2301      	movs	r3, #1
2000039c:	4499      	add	r9, r3
2000039e:	e7e7      	b.n	20000370 <flash_do_cmd_cs+0xe8>
200003a0:	2100      	movs	r1, #0
200003a2:	e7e5      	b.n	20000370 <flash_do_cmd_cs+0xe8>
200003a4:	23c0      	movs	r3, #192	@ 0xc0
200003a6:	055b      	lsls	r3, r3, #21
200003a8:	6e1b      	ldr	r3, [r3, #96]	@ 0x60
200003aa:	3c01      	subs	r4, #1
200003ac:	702b      	strb	r3, [r5, #0]
200003ae:	3501      	adds	r5, #1
200003b0:	e79f      	b.n	200002f2 <flash_do_cmd_cs+0x6a>
200003b2:	000b      	movs	r3, r1
200003b4:	42a2      	cmp	r2, r4
200003b6:	d1df      	bne.n	20000378 <flash_do_cmd_cs+0xf0>
200003b8:	e7dc      	b.n	20000374 <flash_do_cmd_cs+0xec>
200003ba:	46c0      	nop			@ (mov r8, r8)
200003bc:	00004649 	.word	0x00004649
200003c0:	00005845 	.word	0x00005845
200003c4:	00004346 	.word	0x00004346
200003c8:	4001800c 	.word	0x4001800c
200003cc:	4001900c 	.word	0x4001900c

200003d0 <reset_non_control_endpoints>:
200003d0:	2200      	movs	r2, #0
200003d2:	4b15      	ldr	r3, [pc, #84]	@ (20000428 <reset_non_control_endpoints+0x58>)
200003d4:	b510      	push	{r4, lr}
200003d6:	609a      	str	r2, [r3, #8]
200003d8:	60da      	str	r2, [r3, #12]
200003da:	611a      	str	r2, [r3, #16]
200003dc:	615a      	str	r2, [r3, #20]
200003de:	619a      	str	r2, [r3, #24]
200003e0:	61da      	str	r2, [r3, #28]
200003e2:	621a      	str	r2, [r3, #32]
200003e4:	625a      	str	r2, [r3, #36]	@ 0x24
200003e6:	629a      	str	r2, [r3, #40]	@ 0x28
200003e8:	62da      	str	r2, [r3, #44]	@ 0x2c
200003ea:	631a      	str	r2, [r3, #48]	@ 0x30
200003ec:	635a      	str	r2, [r3, #52]	@ 0x34
200003ee:	639a      	str	r2, [r3, #56]	@ 0x38
200003f0:	63da      	str	r2, [r3, #60]	@ 0x3c
200003f2:	641a      	str	r2, [r3, #64]	@ 0x40
200003f4:	645a      	str	r2, [r3, #68]	@ 0x44
200003f6:	649a      	str	r2, [r3, #72]	@ 0x48
200003f8:	64da      	str	r2, [r3, #76]	@ 0x4c
200003fa:	651a      	str	r2, [r3, #80]	@ 0x50
200003fc:	655a      	str	r2, [r3, #84]	@ 0x54
200003fe:	659a      	str	r2, [r3, #88]	@ 0x58
20000400:	65da      	str	r2, [r3, #92]	@ 0x5c
20000402:	661a      	str	r2, [r3, #96]	@ 0x60
20000404:	665a      	str	r2, [r3, #100]	@ 0x64
20000406:	669a      	str	r2, [r3, #104]	@ 0x68
20000408:	66da      	str	r2, [r3, #108]	@ 0x6c
2000040a:	671a      	str	r2, [r3, #112]	@ 0x70
2000040c:	675a      	str	r2, [r3, #116]	@ 0x74
2000040e:	679a      	str	r2, [r3, #120]	@ 0x78
20000410:	67da      	str	r2, [r3, #124]	@ 0x7c
20000412:	32f0      	adds	r2, #240	@ 0xf0
20000414:	0092      	lsls	r2, r2, #2
20000416:	2100      	movs	r1, #0
20000418:	4804      	ldr	r0, [pc, #16]	@ (2000042c <reset_non_control_endpoints+0x5c>)
2000041a:	f000 fd59 	bl	20000ed0 <____wrap_memset_veneer>
2000041e:	4b04      	ldr	r3, [pc, #16]	@ (20000430 <reset_non_control_endpoints+0x60>)
20000420:	4a04      	ldr	r2, [pc, #16]	@ (20000434 <reset_non_control_endpoints+0x64>)
20000422:	601a      	str	r2, [r3, #0]
20000424:	bd10      	pop	{r4, pc}
20000426:	46c0      	nop			@ (mov r8, r8)
20000428:	50100000 	.word	0x50100000
2000042c:	20001740 	.word	0x20001740
20000430:	20001b08 	.word	0x20001b08
20000434:	50100180 	.word	0x50100180

20000438 <hw_handle_buff_status>:
20000438:	b5f0      	push	{r4, r5, r6, r7, lr}
2000043a:	4647      	mov	r7, r8
2000043c:	46ce      	mov	lr, r9
2000043e:	b580      	push	{r7, lr}
20000440:	4b1c      	ldr	r3, [pc, #112]	@ (200004b4 <hw_handle_buff_status+0x7c>)
20000442:	2400      	movs	r4, #0
20000444:	6d9f      	ldr	r7, [r3, #88]	@ 0x58
20000446:	2601      	movs	r6, #1
20000448:	b085      	sub	sp, #20
2000044a:	2f00      	cmp	r7, #0
2000044c:	d01b      	beq.n	20000486 <hw_handle_buff_status+0x4e>
2000044e:	4b1a      	ldr	r3, [pc, #104]	@ (200004b8 <hw_handle_buff_status+0x80>)
20000450:	4698      	mov	r8, r3
20000452:	4b1a      	ldr	r3, [pc, #104]	@ (200004bc <hw_handle_buff_status+0x84>)
20000454:	4699      	mov	r9, r3
20000456:	e004      	b.n	20000462 <hw_handle_buff_status+0x2a>
20000458:	3401      	adds	r4, #1
2000045a:	b2e4      	uxtb	r4, r4
2000045c:	0076      	lsls	r6, r6, #1
2000045e:	2c20      	cmp	r4, #32
20000460:	d011      	beq.n	20000486 <hw_handle_buff_status+0x4e>
20000462:	423e      	tst	r6, r7
20000464:	d0f8      	beq.n	20000458 <hw_handle_buff_status+0x20>
20000466:	4643      	mov	r3, r8
20000468:	659e      	str	r6, [r3, #88]	@ 0x58
2000046a:	2301      	movs	r3, #1
2000046c:	0865      	lsrs	r5, r4, #1
2000046e:	006d      	lsls	r5, r5, #1
20000470:	43a3      	bics	r3, r4
20000472:	18ed      	adds	r5, r5, r3
20000474:	016d      	lsls	r5, r5, #5
20000476:	444d      	add	r5, r9
20000478:	0028      	movs	r0, r5
2000047a:	f000 fc13 	bl	20000ca4 <hw_endpoint_xfer_continue>
2000047e:	2800      	cmp	r0, #0
20000480:	d106      	bne.n	20000490 <hw_handle_buff_status+0x58>
20000482:	43b7      	bics	r7, r6
20000484:	d1e8      	bne.n	20000458 <hw_handle_buff_status+0x20>
20000486:	b005      	add	sp, #20
20000488:	bcc0      	pop	{r6, r7}
2000048a:	46b9      	mov	r9, r7
2000048c:	46b0      	mov	r8, r6
2000048e:	bdf0      	pop	{r4, r5, r6, r7, pc}
20000490:	8aeb      	ldrh	r3, [r5, #22]
20000492:	21e0      	movs	r1, #224	@ 0xe0
20000494:	9303      	str	r3, [sp, #12]
20000496:	2300      	movs	r3, #0
20000498:	a801      	add	r0, sp, #4
2000049a:	78aa      	ldrb	r2, [r5, #2]
2000049c:	00c9      	lsls	r1, r1, #3
2000049e:	8001      	strh	r1, [r0, #0]
200004a0:	2101      	movs	r1, #1
200004a2:	7102      	strb	r2, [r0, #4]
200004a4:	7143      	strb	r3, [r0, #5]
200004a6:	f000 fc1d 	bl	20000ce4 <dcd_event_handler>
200004aa:	0028      	movs	r0, r5
200004ac:	f000 fb98 	bl	20000be0 <hw_endpoint_reset_transfer>
200004b0:	e7e7      	b.n	20000482 <hw_handle_buff_status+0x4a>
200004b2:	46c0      	nop			@ (mov r8, r8)
200004b4:	50110000 	.word	0x50110000
200004b8:	50113000 	.word	0x50113000
200004bc:	20001700 	.word	0x20001700

200004c0 <dcd_rp2040_irq>:
200004c0:	2398      	movs	r3, #152	@ 0x98
200004c2:	4ac6      	ldr	r2, [pc, #792]	@ (200007dc <dcd_rp2040_irq+0x31c>)
200004c4:	b5f0      	push	{r4, r5, r6, r7, lr}
200004c6:	58d5      	ldr	r5, [r2, r3]
200004c8:	2380      	movs	r3, #128	@ 0x80
200004ca:	002e      	movs	r6, r5
200004cc:	029b      	lsls	r3, r3, #10
200004ce:	2410      	movs	r4, #16
200004d0:	b085      	sub	sp, #20
200004d2:	401e      	ands	r6, r3
200004d4:	421d      	tst	r5, r3
200004d6:	d074      	beq.n	200005c2 <dcd_rp2040_irq+0x102>
200004d8:	4bc1      	ldr	r3, [pc, #772]	@ (200007e0 <dcd_rp2040_irq+0x320>)
200004da:	4cc2      	ldr	r4, [pc, #776]	@ (200007e4 <dcd_rp2040_irq+0x324>)
200004dc:	6a9a      	ldr	r2, [r3, #40]	@ 0x28
200004de:	4bc2      	ldr	r3, [pc, #776]	@ (200007e8 <dcd_rp2040_irq+0x328>)
200004e0:	2600      	movs	r6, #0
200004e2:	601a      	str	r2, [r3, #0]
200004e4:	233b      	movs	r3, #59	@ 0x3b
200004e6:	5ce3      	ldrb	r3, [r4, r3]
200004e8:	2b02      	cmp	r3, #2
200004ea:	d100      	bne.n	200004ee <dcd_rp2040_irq+0x2e>
200004ec:	e14b      	b.n	20000786 <dcd_rp2040_irq+0x2c6>
200004ee:	237b      	movs	r3, #123	@ 0x7b
200004f0:	5ce3      	ldrb	r3, [r4, r3]
200004f2:	2b02      	cmp	r3, #2
200004f4:	d100      	bne.n	200004f8 <dcd_rp2040_irq+0x38>
200004f6:	e0ef      	b.n	200006d8 <dcd_rp2040_irq+0x218>
200004f8:	23bb      	movs	r3, #187	@ 0xbb
200004fa:	5ce3      	ldrb	r3, [r4, r3]
200004fc:	2b02      	cmp	r3, #2
200004fe:	d100      	bne.n	20000502 <dcd_rp2040_irq+0x42>
20000500:	e0f6      	b.n	200006f0 <dcd_rp2040_irq+0x230>
20000502:	23fb      	movs	r3, #251	@ 0xfb
20000504:	5ce3      	ldrb	r3, [r4, r3]
20000506:	2b02      	cmp	r3, #2
20000508:	d100      	bne.n	2000050c <dcd_rp2040_irq+0x4c>
2000050a:	e0fd      	b.n	20000708 <dcd_rp2040_irq+0x248>
2000050c:	233c      	movs	r3, #60	@ 0x3c
2000050e:	33ff      	adds	r3, #255	@ 0xff
20000510:	5ce3      	ldrb	r3, [r4, r3]
20000512:	2b02      	cmp	r3, #2
20000514:	d100      	bne.n	20000518 <dcd_rp2040_irq+0x58>
20000516:	e129      	b.n	2000076c <dcd_rp2040_irq+0x2ac>
20000518:	237c      	movs	r3, #124	@ 0x7c
2000051a:	33ff      	adds	r3, #255	@ 0xff
2000051c:	5ce3      	ldrb	r3, [r4, r3]
2000051e:	2b02      	cmp	r3, #2
20000520:	d100      	bne.n	20000524 <dcd_rp2040_irq+0x64>
20000522:	e10a      	b.n	2000073a <dcd_rp2040_irq+0x27a>
20000524:	23bc      	movs	r3, #188	@ 0xbc
20000526:	33ff      	adds	r3, #255	@ 0xff
20000528:	5ce3      	ldrb	r3, [r4, r3]
2000052a:	2b02      	cmp	r3, #2
2000052c:	d100      	bne.n	20000530 <dcd_rp2040_irq+0x70>
2000052e:	e13b      	b.n	200007a8 <dcd_rp2040_irq+0x2e8>
20000530:	23fc      	movs	r3, #252	@ 0xfc
20000532:	33ff      	adds	r3, #255	@ 0xff
20000534:	5ce3      	ldrb	r3, [r4, r3]
20000536:	2b02      	cmp	r3, #2
20000538:	d100      	bne.n	2000053c <dcd_rp2040_irq+0x7c>
2000053a:	e0f1      	b.n	20000720 <dcd_rp2040_irq+0x260>
2000053c:	4bab      	ldr	r3, [pc, #684]	@ (200007ec <dcd_rp2040_irq+0x32c>)
2000053e:	5ce3      	ldrb	r3, [r4, r3]
20000540:	2b02      	cmp	r3, #2
20000542:	d100      	bne.n	20000546 <dcd_rp2040_irq+0x86>
20000544:	e170      	b.n	20000828 <dcd_rp2040_irq+0x368>
20000546:	4baa      	ldr	r3, [pc, #680]	@ (200007f0 <dcd_rp2040_irq+0x330>)
20000548:	5ce3      	ldrb	r3, [r4, r3]
2000054a:	2b02      	cmp	r3, #2
2000054c:	d100      	bne.n	20000550 <dcd_rp2040_irq+0x90>
2000054e:	e101      	b.n	20000754 <dcd_rp2040_irq+0x294>
20000550:	4ba8      	ldr	r3, [pc, #672]	@ (200007f4 <dcd_rp2040_irq+0x334>)
20000552:	5ce3      	ldrb	r3, [r4, r3]
20000554:	2b02      	cmp	r3, #2
20000556:	d100      	bne.n	2000055a <dcd_rp2040_irq+0x9a>
20000558:	e171      	b.n	2000083e <dcd_rp2040_irq+0x37e>
2000055a:	4ba7      	ldr	r3, [pc, #668]	@ (200007f8 <dcd_rp2040_irq+0x338>)
2000055c:	5ce3      	ldrb	r3, [r4, r3]
2000055e:	2b02      	cmp	r3, #2
20000560:	d100      	bne.n	20000564 <dcd_rp2040_irq+0xa4>
20000562:	e12e      	b.n	200007c2 <dcd_rp2040_irq+0x302>
20000564:	4ba5      	ldr	r3, [pc, #660]	@ (200007fc <dcd_rp2040_irq+0x33c>)
20000566:	5ce3      	ldrb	r3, [r4, r3]
20000568:	2b02      	cmp	r3, #2
2000056a:	d100      	bne.n	2000056e <dcd_rp2040_irq+0xae>
2000056c:	e19c      	b.n	200008a8 <dcd_rp2040_irq+0x3e8>
2000056e:	4ba4      	ldr	r3, [pc, #656]	@ (20000800 <dcd_rp2040_irq+0x340>)
20000570:	5ce3      	ldrb	r3, [r4, r3]
20000572:	2b02      	cmp	r3, #2
20000574:	d100      	bne.n	20000578 <dcd_rp2040_irq+0xb8>
20000576:	e16d      	b.n	20000854 <dcd_rp2040_irq+0x394>
20000578:	4ba2      	ldr	r3, [pc, #648]	@ (20000804 <dcd_rp2040_irq+0x344>)
2000057a:	5ce3      	ldrb	r3, [r4, r3]
2000057c:	2b02      	cmp	r3, #2
2000057e:	d100      	bne.n	20000582 <dcd_rp2040_irq+0xc2>
20000580:	e19d      	b.n	200008be <dcd_rp2040_irq+0x3fe>
20000582:	4ba1      	ldr	r3, [pc, #644]	@ (20000808 <dcd_rp2040_irq+0x348>)
20000584:	5ce3      	ldrb	r3, [r4, r3]
20000586:	2b02      	cmp	r3, #2
20000588:	d100      	bne.n	2000058c <dcd_rp2040_irq+0xcc>
2000058a:	e17b      	b.n	20000884 <dcd_rp2040_irq+0x3c4>
2000058c:	2e00      	cmp	r6, #0
2000058e:	d108      	bne.n	200005a2 <dcd_rp2040_irq+0xe2>
20000590:	4b9e      	ldr	r3, [pc, #632]	@ (2000080c <dcd_rp2040_irq+0x34c>)
20000592:	781b      	ldrb	r3, [r3, #0]
20000594:	2b00      	cmp	r3, #0
20000596:	d104      	bne.n	200005a2 <dcd_rp2040_irq+0xe2>
20000598:	2180      	movs	r1, #128	@ 0x80
2000059a:	4a9d      	ldr	r2, [pc, #628]	@ (20000810 <dcd_rp2040_irq+0x350>)
2000059c:	3390      	adds	r3, #144	@ 0x90
2000059e:	0289      	lsls	r1, r1, #10
200005a0:	50d1      	str	r1, [r2, r3]
200005a2:	22c0      	movs	r2, #192	@ 0xc0
200005a4:	4669      	mov	r1, sp
200005a6:	4b8d      	ldr	r3, [pc, #564]	@ (200007dc <dcd_rp2040_irq+0x31c>)
200005a8:	0092      	lsls	r2, r2, #2
200005aa:	6c9b      	ldr	r3, [r3, #72]	@ 0x48
200005ac:	2680      	movs	r6, #128	@ 0x80
200005ae:	055b      	lsls	r3, r3, #21
200005b0:	808a      	strh	r2, [r1, #4]
200005b2:	0d5b      	lsrs	r3, r3, #21
200005b4:	2101      	movs	r1, #1
200005b6:	a801      	add	r0, sp, #4
200005b8:	9302      	str	r3, [sp, #8]
200005ba:	f000 fb93 	bl	20000ce4 <dcd_event_handler>
200005be:	4c95      	ldr	r4, [pc, #596]	@ (20000814 <dcd_rp2040_irq+0x354>)
200005c0:	02b6      	lsls	r6, r6, #10
200005c2:	06eb      	lsls	r3, r5, #27
200005c4:	d500      	bpl.n	200005c8 <dcd_rp2040_irq+0x108>
200005c6:	e07b      	b.n	200006c0 <dcd_rp2040_irq+0x200>
200005c8:	2380      	movs	r3, #128	@ 0x80
200005ca:	025b      	lsls	r3, r3, #9
200005cc:	421d      	tst	r5, r3
200005ce:	d02f      	beq.n	20000630 <dcd_rp2040_irq+0x170>
200005d0:	2402      	movs	r4, #2
200005d2:	4f84      	ldr	r7, [pc, #528]	@ (200007e4 <dcd_rp2040_irq+0x324>)
200005d4:	431e      	orrs	r6, r3
200005d6:	7ebb      	ldrb	r3, [r7, #26]
200005d8:	2b00      	cmp	r3, #0
200005da:	d014      	beq.n	20000606 <dcd_rp2040_irq+0x146>
200005dc:	f000 fca8 	bl	20000f30 <__rp2040_chip_version_veneer>
200005e0:	2801      	cmp	r0, #1
200005e2:	d900      	bls.n	200005e6 <dcd_rp2040_irq+0x126>
200005e4:	e070      	b.n	200006c8 <dcd_rp2040_irq+0x208>
200005e6:	22c0      	movs	r2, #192	@ 0xc0
200005e8:	2100      	movs	r1, #0
200005ea:	0038      	movs	r0, r7
200005ec:	0192      	lsls	r2, r2, #6
200005ee:	f000 fafd 	bl	20000bec <_hw_endpoint_buffer_control_update32>
200005f2:	0038      	movs	r0, r7
200005f4:	f000 faf4 	bl	20000be0 <hw_endpoint_reset_transfer>
200005f8:	f000 fc9a 	bl	20000f30 <__rp2040_chip_version_veneer>
200005fc:	2801      	cmp	r0, #1
200005fe:	d902      	bls.n	20000606 <dcd_rp2040_irq+0x146>
20000600:	4b83      	ldr	r3, [pc, #524]	@ (20000810 <dcd_rp2040_irq+0x350>)
20000602:	665c      	str	r4, [r3, #100]	@ 0x64
20000604:	661c      	str	r4, [r3, #96]	@ 0x60
20000606:	2301      	movs	r3, #1
20000608:	70fb      	strb	r3, [r7, #3]
2000060a:	3720      	adds	r7, #32
2000060c:	2c01      	cmp	r4, #1
2000060e:	d120      	bne.n	20000652 <dcd_rp2040_irq+0x192>
20000610:	23c0      	movs	r3, #192	@ 0xc0
20000612:	466a      	mov	r2, sp
20000614:	00db      	lsls	r3, r3, #3
20000616:	8093      	strh	r3, [r2, #4]
20000618:	4a7f      	ldr	r2, [pc, #508]	@ (20000818 <dcd_rp2040_irq+0x358>)
2000061a:	ab02      	add	r3, sp, #8
2000061c:	ca03      	ldmia	r2!, {r0, r1}
2000061e:	c303      	stmia	r3!, {r0, r1}
20000620:	2101      	movs	r1, #1
20000622:	a801      	add	r0, sp, #4
20000624:	f000 fb5e 	bl	20000ce4 <dcd_event_handler>
20000628:	2280      	movs	r2, #128	@ 0x80
2000062a:	4b79      	ldr	r3, [pc, #484]	@ (20000810 <dcd_rp2040_irq+0x350>)
2000062c:	0292      	lsls	r2, r2, #10
2000062e:	651a      	str	r2, [r3, #80]	@ 0x50
20000630:	2380      	movs	r3, #128	@ 0x80
20000632:	015b      	lsls	r3, r3, #5
20000634:	421d      	tst	r5, r3
20000636:	d10e      	bne.n	20000656 <dcd_rp2040_irq+0x196>
20000638:	2380      	movs	r3, #128	@ 0x80
2000063a:	01db      	lsls	r3, r3, #7
2000063c:	421d      	tst	r5, r3
2000063e:	d121      	bne.n	20000684 <dcd_rp2040_irq+0x1c4>
20000640:	2380      	movs	r3, #128	@ 0x80
20000642:	021b      	lsls	r3, r3, #8
20000644:	421d      	tst	r5, r3
20000646:	d12d      	bne.n	200006a4 <dcd_rp2040_irq+0x1e4>
20000648:	42ae      	cmp	r6, r5
2000064a:	d000      	beq.n	2000064e <dcd_rp2040_irq+0x18e>
2000064c:	e1be      	b.n	200009cc <dcd_rp2040_irq+0x50c>
2000064e:	b005      	add	sp, #20
20000650:	bdf0      	pop	{r4, r5, r6, r7, pc}
20000652:	2401      	movs	r4, #1
20000654:	e7bf      	b.n	200005d6 <dcd_rp2040_irq+0x116>
20000656:	2400      	movs	r4, #0
20000658:	431e      	orrs	r6, r3
2000065a:	4b60      	ldr	r3, [pc, #384]	@ (200007dc <dcd_rp2040_irq+0x31c>)
2000065c:	601c      	str	r4, [r3, #0]
2000065e:	f7ff feb7 	bl	200003d0 <reset_non_control_endpoints>
20000662:	2380      	movs	r3, #128	@ 0x80
20000664:	466a      	mov	r2, sp
20000666:	005b      	lsls	r3, r3, #1
20000668:	8093      	strh	r3, [r2, #4]
2000066a:	7214      	strb	r4, [r2, #8]
2000066c:	2101      	movs	r1, #1
2000066e:	a801      	add	r0, sp, #4
20000670:	f000 fb38 	bl	20000ce4 <dcd_event_handler>
20000674:	2280      	movs	r2, #128	@ 0x80
20000676:	4b66      	ldr	r3, [pc, #408]	@ (20000810 <dcd_rp2040_irq+0x350>)
20000678:	0312      	lsls	r2, r2, #12
2000067a:	651a      	str	r2, [r3, #80]	@ 0x50
2000067c:	2380      	movs	r3, #128	@ 0x80
2000067e:	01db      	lsls	r3, r3, #7
20000680:	421d      	tst	r5, r3
20000682:	d0dd      	beq.n	20000640 <dcd_rp2040_irq+0x180>
20000684:	431e      	orrs	r6, r3
20000686:	2380      	movs	r3, #128	@ 0x80
20000688:	466a      	mov	r2, sp
2000068a:	00db      	lsls	r3, r3, #3
2000068c:	8093      	strh	r3, [r2, #4]
2000068e:	2101      	movs	r1, #1
20000690:	a801      	add	r0, sp, #4
20000692:	f000 fb27 	bl	20000ce4 <dcd_event_handler>
20000696:	2210      	movs	r2, #16
20000698:	4b5d      	ldr	r3, [pc, #372]	@ (20000810 <dcd_rp2040_irq+0x350>)
2000069a:	651a      	str	r2, [r3, #80]	@ 0x50
2000069c:	2380      	movs	r3, #128	@ 0x80
2000069e:	021b      	lsls	r3, r3, #8
200006a0:	421d      	tst	r5, r3
200006a2:	d0d1      	beq.n	20000648 <dcd_rp2040_irq+0x188>
200006a4:	431e      	orrs	r6, r3
200006a6:	23a0      	movs	r3, #160	@ 0xa0
200006a8:	466a      	mov	r2, sp
200006aa:	00db      	lsls	r3, r3, #3
200006ac:	8093      	strh	r3, [r2, #4]
200006ae:	2101      	movs	r1, #1
200006b0:	a801      	add	r0, sp, #4
200006b2:	f000 fb17 	bl	20000ce4 <dcd_event_handler>
200006b6:	2280      	movs	r2, #128	@ 0x80
200006b8:	4b55      	ldr	r3, [pc, #340]	@ (20000810 <dcd_rp2040_irq+0x350>)
200006ba:	0112      	lsls	r2, r2, #4
200006bc:	651a      	str	r2, [r3, #80]	@ 0x50
200006be:	e7c3      	b.n	20000648 <dcd_rp2040_irq+0x188>
200006c0:	f7ff feba 	bl	20000438 <hw_handle_buff_status>
200006c4:	0026      	movs	r6, r4
200006c6:	e77f      	b.n	200005c8 <dcd_rp2040_irq+0x108>
200006c8:	4b54      	ldr	r3, [pc, #336]	@ (2000081c <dcd_rp2040_irq+0x35c>)
200006ca:	4a44      	ldr	r2, [pc, #272]	@ (200007dc <dcd_rp2040_irq+0x31c>)
200006cc:	661c      	str	r4, [r3, #96]	@ 0x60
200006ce:	6e53      	ldr	r3, [r2, #100]	@ 0x64
200006d0:	4023      	ands	r3, r4
200006d2:	42a3      	cmp	r3, r4
200006d4:	d1fb      	bne.n	200006ce <dcd_rp2040_irq+0x20e>
200006d6:	e786      	b.n	200005e6 <dcd_rp2040_irq+0x126>
200006d8:	3378      	adds	r3, #120	@ 0x78
200006da:	5ce7      	ldrb	r7, [r4, r3]
200006dc:	2f00      	cmp	r7, #0
200006de:	d100      	bne.n	200006e2 <dcd_rp2040_irq+0x222>
200006e0:	e70a      	b.n	200004f8 <dcd_rp2040_irq+0x38>
200006e2:	3302      	adds	r3, #2
200006e4:	5ce2      	ldrb	r2, [r4, r3]
200006e6:	2a00      	cmp	r2, #0
200006e8:	d000      	beq.n	200006ec <dcd_rp2040_irq+0x22c>
200006ea:	e10d      	b.n	20000908 <dcd_rp2040_irq+0x448>
200006ec:	003e      	movs	r6, r7
200006ee:	e703      	b.n	200004f8 <dcd_rp2040_irq+0x38>
200006f0:	33b8      	adds	r3, #184	@ 0xb8
200006f2:	5ce7      	ldrb	r7, [r4, r3]
200006f4:	2f00      	cmp	r7, #0
200006f6:	d100      	bne.n	200006fa <dcd_rp2040_irq+0x23a>
200006f8:	e703      	b.n	20000502 <dcd_rp2040_irq+0x42>
200006fa:	3302      	adds	r3, #2
200006fc:	5ce2      	ldrb	r2, [r4, r3]
200006fe:	2a00      	cmp	r2, #0
20000700:	d000      	beq.n	20000704 <dcd_rp2040_irq+0x244>
20000702:	e0f9      	b.n	200008f8 <dcd_rp2040_irq+0x438>
20000704:	003e      	movs	r6, r7
20000706:	e6fc      	b.n	20000502 <dcd_rp2040_irq+0x42>
20000708:	33f8      	adds	r3, #248	@ 0xf8
2000070a:	5ce7      	ldrb	r7, [r4, r3]
2000070c:	2f00      	cmp	r7, #0
2000070e:	d100      	bne.n	20000712 <dcd_rp2040_irq+0x252>
20000710:	e6fc      	b.n	2000050c <dcd_rp2040_irq+0x4c>
20000712:	3302      	adds	r3, #2
20000714:	5ce2      	ldrb	r2, [r4, r3]
20000716:	2a00      	cmp	r2, #0
20000718:	d000      	beq.n	2000071c <dcd_rp2040_irq+0x25c>
2000071a:	e141      	b.n	200009a0 <dcd_rp2040_irq+0x4e0>
2000071c:	003e      	movs	r6, r7
2000071e:	e6f5      	b.n	2000050c <dcd_rp2040_irq+0x4c>
20000720:	33f9      	adds	r3, #249	@ 0xf9
20000722:	33ff      	adds	r3, #255	@ 0xff
20000724:	5ce7      	ldrb	r7, [r4, r3]
20000726:	2f00      	cmp	r7, #0
20000728:	d100      	bne.n	2000072c <dcd_rp2040_irq+0x26c>
2000072a:	e707      	b.n	2000053c <dcd_rp2040_irq+0x7c>
2000072c:	3302      	adds	r3, #2
2000072e:	5ce2      	ldrb	r2, [r4, r3]
20000730:	2a00      	cmp	r2, #0
20000732:	d000      	beq.n	20000736 <dcd_rp2040_irq+0x276>
20000734:	e12b      	b.n	2000098e <dcd_rp2040_irq+0x4ce>
20000736:	003e      	movs	r6, r7
20000738:	e700      	b.n	2000053c <dcd_rp2040_irq+0x7c>
2000073a:	3379      	adds	r3, #121	@ 0x79
2000073c:	33ff      	adds	r3, #255	@ 0xff
2000073e:	5ce7      	ldrb	r7, [r4, r3]
20000740:	2f00      	cmp	r7, #0
20000742:	d100      	bne.n	20000746 <dcd_rp2040_irq+0x286>
20000744:	e6ee      	b.n	20000524 <dcd_rp2040_irq+0x64>
20000746:	3302      	adds	r3, #2
20000748:	5ce2      	ldrb	r2, [r4, r3]
2000074a:	2a00      	cmp	r2, #0
2000074c:	d000      	beq.n	20000750 <dcd_rp2040_irq+0x290>
2000074e:	e115      	b.n	2000097c <dcd_rp2040_irq+0x4bc>
20000750:	003e      	movs	r6, r7
20000752:	e6e7      	b.n	20000524 <dcd_rp2040_irq+0x64>
20000754:	4b32      	ldr	r3, [pc, #200]	@ (20000820 <dcd_rp2040_irq+0x360>)
20000756:	5ce7      	ldrb	r7, [r4, r3]
20000758:	2f00      	cmp	r7, #0
2000075a:	d100      	bne.n	2000075e <dcd_rp2040_irq+0x29e>
2000075c:	e6f8      	b.n	20000550 <dcd_rp2040_irq+0x90>
2000075e:	3302      	adds	r3, #2
20000760:	5ce2      	ldrb	r2, [r4, r3]
20000762:	2a00      	cmp	r2, #0
20000764:	d000      	beq.n	20000768 <dcd_rp2040_irq+0x2a8>
20000766:	e101      	b.n	2000096c <dcd_rp2040_irq+0x4ac>
20000768:	003e      	movs	r6, r7
2000076a:	e6f1      	b.n	20000550 <dcd_rp2040_irq+0x90>
2000076c:	3339      	adds	r3, #57	@ 0x39
2000076e:	33ff      	adds	r3, #255	@ 0xff
20000770:	5ce7      	ldrb	r7, [r4, r3]
20000772:	2f00      	cmp	r7, #0
20000774:	d100      	bne.n	20000778 <dcd_rp2040_irq+0x2b8>
20000776:	e6cf      	b.n	20000518 <dcd_rp2040_irq+0x58>
20000778:	3302      	adds	r3, #2
2000077a:	5ce2      	ldrb	r2, [r4, r3]
2000077c:	2a00      	cmp	r2, #0
2000077e:	d000      	beq.n	20000782 <dcd_rp2040_irq+0x2c2>
20000780:	e0eb      	b.n	2000095a <dcd_rp2040_irq+0x49a>
20000782:	003e      	movs	r6, r7
20000784:	e6c8      	b.n	20000518 <dcd_rp2040_irq+0x58>
20000786:	3338      	adds	r3, #56	@ 0x38
20000788:	5ce6      	ldrb	r6, [r4, r3]
2000078a:	2e00      	cmp	r6, #0
2000078c:	d100      	bne.n	20000790 <dcd_rp2040_irq+0x2d0>
2000078e:	e6ae      	b.n	200004ee <dcd_rp2040_irq+0x2e>
20000790:	3302      	adds	r3, #2
20000792:	5ce2      	ldrb	r2, [r4, r3]
20000794:	2a00      	cmp	r2, #0
20000796:	d100      	bne.n	2000079a <dcd_rp2040_irq+0x2da>
20000798:	e6a9      	b.n	200004ee <dcd_rp2040_irq+0x2e>
2000079a:	0020      	movs	r0, r4
2000079c:	2200      	movs	r2, #0
2000079e:	3020      	adds	r0, #32
200007a0:	54e2      	strb	r2, [r4, r3]
200007a2:	f000 fa4b 	bl	20000c3c <hw_endpoint_start_next_buffer>
200007a6:	e6a2      	b.n	200004ee <dcd_rp2040_irq+0x2e>
200007a8:	33b9      	adds	r3, #185	@ 0xb9
200007aa:	33ff      	adds	r3, #255	@ 0xff
200007ac:	5ce7      	ldrb	r7, [r4, r3]
200007ae:	2f00      	cmp	r7, #0
200007b0:	d100      	bne.n	200007b4 <dcd_rp2040_irq+0x2f4>
200007b2:	e6bd      	b.n	20000530 <dcd_rp2040_irq+0x70>
200007b4:	3302      	adds	r3, #2
200007b6:	5ce2      	ldrb	r2, [r4, r3]
200007b8:	2a00      	cmp	r2, #0
200007ba:	d000      	beq.n	200007be <dcd_rp2040_irq+0x2fe>
200007bc:	e0c4      	b.n	20000948 <dcd_rp2040_irq+0x488>
200007be:	003e      	movs	r6, r7
200007c0:	e6b6      	b.n	20000530 <dcd_rp2040_irq+0x70>
200007c2:	4b18      	ldr	r3, [pc, #96]	@ (20000824 <dcd_rp2040_irq+0x364>)
200007c4:	5ce7      	ldrb	r7, [r4, r3]
200007c6:	2f00      	cmp	r7, #0
200007c8:	d100      	bne.n	200007cc <dcd_rp2040_irq+0x30c>
200007ca:	e6cb      	b.n	20000564 <dcd_rp2040_irq+0xa4>
200007cc:	3302      	adds	r3, #2
200007ce:	5ce2      	ldrb	r2, [r4, r3]
200007d0:	2a00      	cmp	r2, #0
200007d2:	d000      	beq.n	200007d6 <dcd_rp2040_irq+0x316>
200007d4:	e0b0      	b.n	20000938 <dcd_rp2040_irq+0x478>
200007d6:	003e      	movs	r6, r7
200007d8:	e6c4      	b.n	20000564 <dcd_rp2040_irq+0xa4>
200007da:	46c0      	nop			@ (mov r8, r8)
200007dc:	50110000 	.word	0x50110000
200007e0:	40054000 	.word	0x40054000
200007e4:	20001700 	.word	0x20001700
200007e8:	200016f8 	.word	0x200016f8
200007ec:	0000023b 	.word	0x0000023b
200007f0:	0000027b 	.word	0x0000027b
200007f4:	000002bb 	.word	0x000002bb
200007f8:	000002fb 	.word	0x000002fb
200007fc:	0000033b 	.word	0x0000033b
20000800:	0000037b 	.word	0x0000037b
20000804:	000003bb 	.word	0x000003bb
20000808:	000003fb 	.word	0x000003fb
2000080c:	20001c4e 	.word	0x20001c4e
20000810:	50113000 	.word	0x50113000
20000814:	00020010 	.word	0x00020010
20000818:	50100000 	.word	0x50100000
2000081c:	50112000 	.word	0x50112000
20000820:	0000027a 	.word	0x0000027a
20000824:	000002fa 	.word	0x000002fa
20000828:	4b6b      	ldr	r3, [pc, #428]	@ (200009d8 <dcd_rp2040_irq+0x518>)
2000082a:	5ce7      	ldrb	r7, [r4, r3]
2000082c:	2f00      	cmp	r7, #0
2000082e:	d100      	bne.n	20000832 <dcd_rp2040_irq+0x372>
20000830:	e689      	b.n	20000546 <dcd_rp2040_irq+0x86>
20000832:	3302      	adds	r3, #2
20000834:	5ce2      	ldrb	r2, [r4, r3]
20000836:	2a00      	cmp	r2, #0
20000838:	d176      	bne.n	20000928 <dcd_rp2040_irq+0x468>
2000083a:	003e      	movs	r6, r7
2000083c:	e683      	b.n	20000546 <dcd_rp2040_irq+0x86>
2000083e:	4b67      	ldr	r3, [pc, #412]	@ (200009dc <dcd_rp2040_irq+0x51c>)
20000840:	5ce7      	ldrb	r7, [r4, r3]
20000842:	2f00      	cmp	r7, #0
20000844:	d100      	bne.n	20000848 <dcd_rp2040_irq+0x388>
20000846:	e688      	b.n	2000055a <dcd_rp2040_irq+0x9a>
20000848:	3302      	adds	r3, #2
2000084a:	5ce2      	ldrb	r2, [r4, r3]
2000084c:	2a00      	cmp	r2, #0
2000084e:	d163      	bne.n	20000918 <dcd_rp2040_irq+0x458>
20000850:	003e      	movs	r6, r7
20000852:	e682      	b.n	2000055a <dcd_rp2040_irq+0x9a>
20000854:	4b62      	ldr	r3, [pc, #392]	@ (200009e0 <dcd_rp2040_irq+0x520>)
20000856:	5ce7      	ldrb	r7, [r4, r3]
20000858:	2f00      	cmp	r7, #0
2000085a:	d100      	bne.n	2000085e <dcd_rp2040_irq+0x39e>
2000085c:	e68c      	b.n	20000578 <dcd_rp2040_irq+0xb8>
2000085e:	3302      	adds	r3, #2
20000860:	5ce2      	ldrb	r2, [r4, r3]
20000862:	2a00      	cmp	r2, #0
20000864:	d000      	beq.n	20000868 <dcd_rp2040_irq+0x3a8>
20000866:	e0a3      	b.n	200009b0 <dcd_rp2040_irq+0x4f0>
20000868:	4b5e      	ldr	r3, [pc, #376]	@ (200009e4 <dcd_rp2040_irq+0x524>)
2000086a:	5ce3      	ldrb	r3, [r4, r3]
2000086c:	2b02      	cmp	r3, #2
2000086e:	d130      	bne.n	200008d2 <dcd_rp2040_irq+0x412>
20000870:	4b5d      	ldr	r3, [pc, #372]	@ (200009e8 <dcd_rp2040_irq+0x528>)
20000872:	5ce3      	ldrb	r3, [r4, r3]
20000874:	2b00      	cmp	r3, #0
20000876:	d127      	bne.n	200008c8 <dcd_rp2040_irq+0x408>
20000878:	4b5c      	ldr	r3, [pc, #368]	@ (200009ec <dcd_rp2040_irq+0x52c>)
2000087a:	5ce3      	ldrb	r3, [r4, r3]
2000087c:	2b02      	cmp	r3, #2
2000087e:	d000      	beq.n	20000882 <dcd_rp2040_irq+0x3c2>
20000880:	e68f      	b.n	200005a2 <dcd_rp2040_irq+0xe2>
20000882:	003e      	movs	r6, r7
20000884:	4b5a      	ldr	r3, [pc, #360]	@ (200009f0 <dcd_rp2040_irq+0x530>)
20000886:	5ce3      	ldrb	r3, [r4, r3]
20000888:	2b00      	cmp	r3, #0
2000088a:	d100      	bne.n	2000088e <dcd_rp2040_irq+0x3ce>
2000088c:	e67e      	b.n	2000058c <dcd_rp2040_irq+0xcc>
2000088e:	23ff      	movs	r3, #255	@ 0xff
20000890:	009b      	lsls	r3, r3, #2
20000892:	5ce2      	ldrb	r2, [r4, r3]
20000894:	2a00      	cmp	r2, #0
20000896:	d100      	bne.n	2000089a <dcd_rp2040_irq+0x3da>
20000898:	e683      	b.n	200005a2 <dcd_rp2040_irq+0xe2>
2000089a:	2200      	movs	r2, #0
2000089c:	54e2      	strb	r2, [r4, r3]
2000089e:	3b1c      	subs	r3, #28
200008a0:	18e0      	adds	r0, r4, r3
200008a2:	f000 f9cb 	bl	20000c3c <hw_endpoint_start_next_buffer>
200008a6:	e67c      	b.n	200005a2 <dcd_rp2040_irq+0xe2>
200008a8:	4b52      	ldr	r3, [pc, #328]	@ (200009f4 <dcd_rp2040_irq+0x534>)
200008aa:	5ce7      	ldrb	r7, [r4, r3]
200008ac:	2f00      	cmp	r7, #0
200008ae:	d100      	bne.n	200008b2 <dcd_rp2040_irq+0x3f2>
200008b0:	e65d      	b.n	2000056e <dcd_rp2040_irq+0xae>
200008b2:	3302      	adds	r3, #2
200008b4:	5ce2      	ldrb	r2, [r4, r3]
200008b6:	2a00      	cmp	r2, #0
200008b8:	d116      	bne.n	200008e8 <dcd_rp2040_irq+0x428>
200008ba:	003e      	movs	r6, r7
200008bc:	e657      	b.n	2000056e <dcd_rp2040_irq+0xae>
200008be:	4b4a      	ldr	r3, [pc, #296]	@ (200009e8 <dcd_rp2040_irq+0x528>)
200008c0:	5ce3      	ldrb	r3, [r4, r3]
200008c2:	2b00      	cmp	r3, #0
200008c4:	d100      	bne.n	200008c8 <dcd_rp2040_irq+0x408>
200008c6:	e65c      	b.n	20000582 <dcd_rp2040_irq+0xc2>
200008c8:	23ef      	movs	r3, #239	@ 0xef
200008ca:	009b      	lsls	r3, r3, #2
200008cc:	5ce2      	ldrb	r2, [r4, r3]
200008ce:	2a00      	cmp	r2, #0
200008d0:	d175      	bne.n	200009be <dcd_rp2040_irq+0x4fe>
200008d2:	4b46      	ldr	r3, [pc, #280]	@ (200009ec <dcd_rp2040_irq+0x52c>)
200008d4:	5ce3      	ldrb	r3, [r4, r3]
200008d6:	2b02      	cmp	r3, #2
200008d8:	d000      	beq.n	200008dc <dcd_rp2040_irq+0x41c>
200008da:	e662      	b.n	200005a2 <dcd_rp2040_irq+0xe2>
200008dc:	4b44      	ldr	r3, [pc, #272]	@ (200009f0 <dcd_rp2040_irq+0x530>)
200008de:	5ce3      	ldrb	r3, [r4, r3]
200008e0:	2b00      	cmp	r3, #0
200008e2:	d100      	bne.n	200008e6 <dcd_rp2040_irq+0x426>
200008e4:	e65d      	b.n	200005a2 <dcd_rp2040_irq+0xe2>
200008e6:	e7d2      	b.n	2000088e <dcd_rp2040_irq+0x3ce>
200008e8:	2200      	movs	r2, #0
200008ea:	54e2      	strb	r2, [r4, r3]
200008ec:	3b1c      	subs	r3, #28
200008ee:	18e0      	adds	r0, r4, r3
200008f0:	f000 f9a4 	bl	20000c3c <hw_endpoint_start_next_buffer>
200008f4:	003e      	movs	r6, r7
200008f6:	e63a      	b.n	2000056e <dcd_rp2040_irq+0xae>
200008f8:	0020      	movs	r0, r4
200008fa:	2200      	movs	r2, #0
200008fc:	30a0      	adds	r0, #160	@ 0xa0
200008fe:	54e2      	strb	r2, [r4, r3]
20000900:	003e      	movs	r6, r7
20000902:	f000 f99b 	bl	20000c3c <hw_endpoint_start_next_buffer>
20000906:	e5fc      	b.n	20000502 <dcd_rp2040_irq+0x42>
20000908:	0020      	movs	r0, r4
2000090a:	2200      	movs	r2, #0
2000090c:	3060      	adds	r0, #96	@ 0x60
2000090e:	54e2      	strb	r2, [r4, r3]
20000910:	003e      	movs	r6, r7
20000912:	f000 f993 	bl	20000c3c <hw_endpoint_start_next_buffer>
20000916:	e5ef      	b.n	200004f8 <dcd_rp2040_irq+0x38>
20000918:	2200      	movs	r2, #0
2000091a:	54e2      	strb	r2, [r4, r3]
2000091c:	3b1c      	subs	r3, #28
2000091e:	18e0      	adds	r0, r4, r3
20000920:	f000 f98c 	bl	20000c3c <hw_endpoint_start_next_buffer>
20000924:	003e      	movs	r6, r7
20000926:	e618      	b.n	2000055a <dcd_rp2040_irq+0x9a>
20000928:	2200      	movs	r2, #0
2000092a:	54e2      	strb	r2, [r4, r3]
2000092c:	3b1c      	subs	r3, #28
2000092e:	18e0      	adds	r0, r4, r3
20000930:	f000 f984 	bl	20000c3c <hw_endpoint_start_next_buffer>
20000934:	003e      	movs	r6, r7
20000936:	e606      	b.n	20000546 <dcd_rp2040_irq+0x86>
20000938:	2200      	movs	r2, #0
2000093a:	54e2      	strb	r2, [r4, r3]
2000093c:	3b1c      	subs	r3, #28
2000093e:	18e0      	adds	r0, r4, r3
20000940:	f000 f97c 	bl	20000c3c <hw_endpoint_start_next_buffer>
20000944:	003e      	movs	r6, r7
20000946:	e60d      	b.n	20000564 <dcd_rp2040_irq+0xa4>
20000948:	0020      	movs	r0, r4
2000094a:	2200      	movs	r2, #0
2000094c:	30a1      	adds	r0, #161	@ 0xa1
2000094e:	30ff      	adds	r0, #255	@ 0xff
20000950:	54e2      	strb	r2, [r4, r3]
20000952:	003e      	movs	r6, r7
20000954:	f000 f972 	bl	20000c3c <hw_endpoint_start_next_buffer>
20000958:	e5ea      	b.n	20000530 <dcd_rp2040_irq+0x70>
2000095a:	0020      	movs	r0, r4
2000095c:	2200      	movs	r2, #0
2000095e:	3021      	adds	r0, #33	@ 0x21
20000960:	30ff      	adds	r0, #255	@ 0xff
20000962:	54e2      	strb	r2, [r4, r3]
20000964:	003e      	movs	r6, r7
20000966:	f000 f969 	bl	20000c3c <hw_endpoint_start_next_buffer>
2000096a:	e5d5      	b.n	20000518 <dcd_rp2040_irq+0x58>
2000096c:	2200      	movs	r2, #0
2000096e:	54e2      	strb	r2, [r4, r3]
20000970:	3b1c      	subs	r3, #28
20000972:	18e0      	adds	r0, r4, r3
20000974:	f000 f962 	bl	20000c3c <hw_endpoint_start_next_buffer>
20000978:	003e      	movs	r6, r7
2000097a:	e5e9      	b.n	20000550 <dcd_rp2040_irq+0x90>
2000097c:	0020      	movs	r0, r4
2000097e:	2200      	movs	r2, #0
20000980:	3061      	adds	r0, #97	@ 0x61
20000982:	30ff      	adds	r0, #255	@ 0xff
20000984:	54e2      	strb	r2, [r4, r3]
20000986:	003e      	movs	r6, r7
20000988:	f000 f958 	bl	20000c3c <hw_endpoint_start_next_buffer>
2000098c:	e5ca      	b.n	20000524 <dcd_rp2040_irq+0x64>
2000098e:	0020      	movs	r0, r4
20000990:	2200      	movs	r2, #0
20000992:	30e1      	adds	r0, #225	@ 0xe1
20000994:	30ff      	adds	r0, #255	@ 0xff
20000996:	54e2      	strb	r2, [r4, r3]
20000998:	003e      	movs	r6, r7
2000099a:	f000 f94f 	bl	20000c3c <hw_endpoint_start_next_buffer>
2000099e:	e5cd      	b.n	2000053c <dcd_rp2040_irq+0x7c>
200009a0:	0020      	movs	r0, r4
200009a2:	2200      	movs	r2, #0
200009a4:	30e0      	adds	r0, #224	@ 0xe0
200009a6:	54e2      	strb	r2, [r4, r3]
200009a8:	003e      	movs	r6, r7
200009aa:	f000 f947 	bl	20000c3c <hw_endpoint_start_next_buffer>
200009ae:	e5ad      	b.n	2000050c <dcd_rp2040_irq+0x4c>
200009b0:	2200      	movs	r2, #0
200009b2:	54e2      	strb	r2, [r4, r3]
200009b4:	3b1c      	subs	r3, #28
200009b6:	18e0      	adds	r0, r4, r3
200009b8:	f000 f940 	bl	20000c3c <hw_endpoint_start_next_buffer>
200009bc:	e754      	b.n	20000868 <dcd_rp2040_irq+0x3a8>
200009be:	2200      	movs	r2, #0
200009c0:	54e2      	strb	r2, [r4, r3]
200009c2:	3b1c      	subs	r3, #28
200009c4:	18e0      	adds	r0, r4, r3
200009c6:	f000 f939 	bl	20000c3c <hw_endpoint_start_next_buffer>
200009ca:	e782      	b.n	200008d2 <dcd_rp2040_irq+0x412>
200009cc:	0031      	movs	r1, r6
200009ce:	480a      	ldr	r0, [pc, #40]	@ (200009f8 <dcd_rp2040_irq+0x538>)
200009d0:	4069      	eors	r1, r5
200009d2:	f000 fa95 	bl	20000f00 <__panic_veneer>
200009d6:	46c0      	nop			@ (mov r8, r8)
200009d8:	0000023a 	.word	0x0000023a
200009dc:	000002ba 	.word	0x000002ba
200009e0:	0000037a 	.word	0x0000037a
200009e4:	000003bb 	.word	0x000003bb
200009e8:	000003ba 	.word	0x000003ba
200009ec:	000003fb 	.word	0x000003fb
200009f0:	000003fa 	.word	0x000003fa
200009f4:	0000033a 	.word	0x0000033a
200009f8:	1000663c 	.word	0x1000663c

200009fc <prepare_ep_buffer>:
200009fc:	b5f0      	push	{r4, r5, r6, r7, lr}
200009fe:	468c      	mov	ip, r1
20000a00:	8a83      	ldrh	r3, [r0, #20]
20000a02:	8b01      	ldrh	r1, [r0, #24]
20000a04:	0002      	movs	r2, r0
20000a06:	b083      	sub	sp, #12
20000a08:	1c0e      	adds	r6, r1, #0
20000a0a:	4299      	cmp	r1, r3
20000a0c:	d900      	bls.n	20000a10 <prepare_ep_buffer+0x14>
20000a0e:	1c1e      	adds	r6, r3, #0
20000a10:	b2b6      	uxth	r6, r6
20000a12:	1b9b      	subs	r3, r3, r6
20000a14:	b29c      	uxth	r4, r3
20000a16:	78d3      	ldrb	r3, [r2, #3]
20000a18:	2180      	movs	r1, #128	@ 0x80
20000a1a:	0018      	movs	r0, r3
20000a1c:	1e45      	subs	r5, r0, #1
20000a1e:	41a8      	sbcs	r0, r5
20000a20:	00c9      	lsls	r1, r1, #3
20000a22:	4331      	orrs	r1, r6
20000a24:	0340      	lsls	r0, r0, #13
20000a26:	4308      	orrs	r0, r1
20000a28:	2101      	movs	r1, #1
20000a2a:	404b      	eors	r3, r1
20000a2c:	70d3      	strb	r3, [r2, #3]
20000a2e:	7853      	ldrb	r3, [r2, #1]
20000a30:	8294      	strh	r4, [r2, #20]
20000a32:	2b00      	cmp	r3, #0
20000a34:	d132      	bne.n	20000a9c <prepare_ep_buffer+0xa0>
20000a36:	6911      	ldr	r1, [r2, #16]
20000a38:	2e00      	cmp	r6, #0
20000a3a:	d02a      	beq.n	20000a92 <prepare_ep_buffer+0x96>
20000a3c:	4663      	mov	r3, ip
20000a3e:	68d4      	ldr	r4, [r2, #12]
20000a40:	019b      	lsls	r3, r3, #6
20000a42:	18e4      	adds	r4, r4, r3
20000a44:	1e73      	subs	r3, r6, #1
20000a46:	9301      	str	r3, [sp, #4]
20000a48:	2b06      	cmp	r3, #6
20000a4a:	d932      	bls.n	20000ab2 <prepare_ep_buffer+0xb6>
20000a4c:	0023      	movs	r3, r4
20000a4e:	430b      	orrs	r3, r1
20000a50:	079b      	lsls	r3, r3, #30
20000a52:	d12e      	bne.n	20000ab2 <prepare_ep_buffer+0xb6>
20000a54:	1a63      	subs	r3, r4, r1
20000a56:	3b01      	subs	r3, #1
20000a58:	2b02      	cmp	r3, #2
20000a5a:	d92a      	bls.n	20000ab2 <prepare_ep_buffer+0xb6>
20000a5c:	2300      	movs	r3, #0
20000a5e:	08b7      	lsrs	r7, r6, #2
20000a60:	00bf      	lsls	r7, r7, #2
20000a62:	58cd      	ldr	r5, [r1, r3]
20000a64:	50e5      	str	r5, [r4, r3]
20000a66:	3304      	adds	r3, #4
20000a68:	42bb      	cmp	r3, r7
20000a6a:	d1fa      	bne.n	20000a62 <prepare_ep_buffer+0x66>
20000a6c:	429e      	cmp	r6, r3
20000a6e:	d00e      	beq.n	20000a8e <prepare_ep_buffer+0x92>
20000a70:	9d01      	ldr	r5, [sp, #4]
20000a72:	18e4      	adds	r4, r4, r3
20000a74:	1aef      	subs	r7, r5, r3
20000a76:	18cd      	adds	r5, r1, r3
20000a78:	5cc9      	ldrb	r1, [r1, r3]
20000a7a:	7021      	strb	r1, [r4, #0]
20000a7c:	9901      	ldr	r1, [sp, #4]
20000a7e:	4299      	cmp	r1, r3
20000a80:	d005      	beq.n	20000a8e <prepare_ep_buffer+0x92>
20000a82:	786b      	ldrb	r3, [r5, #1]
20000a84:	7063      	strb	r3, [r4, #1]
20000a86:	2f01      	cmp	r7, #1
20000a88:	d001      	beq.n	20000a8e <prepare_ep_buffer+0x92>
20000a8a:	78ab      	ldrb	r3, [r5, #2]
20000a8c:	70a3      	strb	r3, [r4, #2]
20000a8e:	6911      	ldr	r1, [r2, #16]
20000a90:	8a94      	ldrh	r4, [r2, #20]
20000a92:	2380      	movs	r3, #128	@ 0x80
20000a94:	1989      	adds	r1, r1, r6
20000a96:	021b      	lsls	r3, r3, #8
20000a98:	6111      	str	r1, [r2, #16]
20000a9a:	4318      	orrs	r0, r3
20000a9c:	2c00      	cmp	r4, #0
20000a9e:	d102      	bne.n	20000aa6 <prepare_ep_buffer+0xaa>
20000aa0:	2380      	movs	r3, #128	@ 0x80
20000aa2:	01db      	lsls	r3, r3, #7
20000aa4:	4318      	orrs	r0, r3
20000aa6:	4663      	mov	r3, ip
20000aa8:	2b00      	cmp	r3, #0
20000aaa:	d000      	beq.n	20000aae <prepare_ep_buffer+0xb2>
20000aac:	0400      	lsls	r0, r0, #16
20000aae:	b003      	add	sp, #12
20000ab0:	bdf0      	pop	{r4, r5, r6, r7, pc}
20000ab2:	2300      	movs	r3, #0
20000ab4:	5ccd      	ldrb	r5, [r1, r3]
20000ab6:	54e5      	strb	r5, [r4, r3]
20000ab8:	3301      	adds	r3, #1
20000aba:	429e      	cmp	r6, r3
20000abc:	d1fa      	bne.n	20000ab4 <prepare_ep_buffer+0xb8>
20000abe:	e7e6      	b.n	20000a8e <prepare_ep_buffer+0x92>

20000ac0 <sync_ep_buffer>:
20000ac0:	6883      	ldr	r3, [r0, #8]
20000ac2:	b5f0      	push	{r4, r5, r6, r7, lr}
20000ac4:	681a      	ldr	r2, [r3, #0]
20000ac6:	2900      	cmp	r1, #0
20000ac8:	d000      	beq.n	20000acc <sync_ep_buffer+0xc>
20000aca:	0c12      	lsrs	r2, r2, #16
20000acc:	7843      	ldrb	r3, [r0, #1]
20000ace:	0592      	lsls	r2, r2, #22
20000ad0:	0d95      	lsrs	r5, r2, #22
20000ad2:	2b00      	cmp	r3, #0
20000ad4:	d109      	bne.n	20000aea <sync_ep_buffer+0x2a>
20000ad6:	8ac3      	ldrh	r3, [r0, #22]
20000ad8:	18eb      	adds	r3, r5, r3
20000ada:	82c3      	strh	r3, [r0, #22]
20000adc:	8b03      	ldrh	r3, [r0, #24]
20000ade:	42ab      	cmp	r3, r5
20000ae0:	d901      	bls.n	20000ae6 <sync_ep_buffer+0x26>
20000ae2:	2300      	movs	r3, #0
20000ae4:	8283      	strh	r3, [r0, #20]
20000ae6:	0028      	movs	r0, r5
20000ae8:	bdf0      	pop	{r4, r5, r6, r7, pc}
20000aea:	6904      	ldr	r4, [r0, #16]
20000aec:	2d00      	cmp	r5, #0
20000aee:	d028      	beq.n	20000b42 <sync_ep_buffer+0x82>
20000af0:	68c3      	ldr	r3, [r0, #12]
20000af2:	0189      	lsls	r1, r1, #6
20000af4:	1e6f      	subs	r7, r5, #1
20000af6:	46bc      	mov	ip, r7
20000af8:	185e      	adds	r6, r3, r1
20000afa:	2f06      	cmp	r7, #6
20000afc:	d927      	bls.n	20000b4e <sync_ep_buffer+0x8e>
20000afe:	3101      	adds	r1, #1
20000b00:	185b      	adds	r3, r3, r1
20000b02:	1ae3      	subs	r3, r4, r3
20000b04:	2b02      	cmp	r3, #2
20000b06:	d922      	bls.n	20000b4e <sync_ep_buffer+0x8e>
20000b08:	0023      	movs	r3, r4
20000b0a:	4333      	orrs	r3, r6
20000b0c:	079b      	lsls	r3, r3, #30
20000b0e:	d11e      	bne.n	20000b4e <sync_ep_buffer+0x8e>
20000b10:	2300      	movs	r3, #0
20000b12:	0e12      	lsrs	r2, r2, #24
20000b14:	0092      	lsls	r2, r2, #2
20000b16:	58f1      	ldr	r1, [r6, r3]
20000b18:	50e1      	str	r1, [r4, r3]
20000b1a:	3304      	adds	r3, #4
20000b1c:	429a      	cmp	r2, r3
20000b1e:	d1fa      	bne.n	20000b16 <sync_ep_buffer+0x56>
20000b20:	4295      	cmp	r5, r2
20000b22:	d00d      	beq.n	20000b40 <sync_ep_buffer+0x80>
20000b24:	4663      	mov	r3, ip
20000b26:	1a9f      	subs	r7, r3, r2
20000b28:	18a3      	adds	r3, r4, r2
20000b2a:	5cb4      	ldrb	r4, [r6, r2]
20000b2c:	18b1      	adds	r1, r6, r2
20000b2e:	701c      	strb	r4, [r3, #0]
20000b30:	4594      	cmp	ip, r2
20000b32:	d005      	beq.n	20000b40 <sync_ep_buffer+0x80>
20000b34:	784a      	ldrb	r2, [r1, #1]
20000b36:	705a      	strb	r2, [r3, #1]
20000b38:	2f01      	cmp	r7, #1
20000b3a:	d001      	beq.n	20000b40 <sync_ep_buffer+0x80>
20000b3c:	788a      	ldrb	r2, [r1, #2]
20000b3e:	709a      	strb	r2, [r3, #2]
20000b40:	6904      	ldr	r4, [r0, #16]
20000b42:	8ac3      	ldrh	r3, [r0, #22]
20000b44:	1964      	adds	r4, r4, r5
20000b46:	18eb      	adds	r3, r5, r3
20000b48:	82c3      	strh	r3, [r0, #22]
20000b4a:	6104      	str	r4, [r0, #16]
20000b4c:	e7c6      	b.n	20000adc <sync_ep_buffer+0x1c>
20000b4e:	2200      	movs	r2, #0
20000b50:	5cb3      	ldrb	r3, [r6, r2]
20000b52:	54a3      	strb	r3, [r4, r2]
20000b54:	3201      	adds	r2, #1
20000b56:	4295      	cmp	r5, r2
20000b58:	d1fa      	bne.n	20000b50 <sync_ep_buffer+0x90>
20000b5a:	6904      	ldr	r4, [r0, #16]
20000b5c:	e7f1      	b.n	20000b42 <sync_ep_buffer+0x82>
20000b5e:	46c0      	nop			@ (mov r8, r8)

20000b60 <_hw_endpoint_xfer_sync>:
20000b60:	b510      	push	{r4, lr}
20000b62:	0004      	movs	r4, r0
20000b64:	6883      	ldr	r3, [r0, #8]
20000b66:	2100      	movs	r1, #0
20000b68:	681b      	ldr	r3, [r3, #0]
20000b6a:	f7ff ffa9 	bl	20000ac0 <sync_ep_buffer>
20000b6e:	6863      	ldr	r3, [r4, #4]
20000b70:	681b      	ldr	r3, [r3, #0]
20000b72:	005b      	lsls	r3, r3, #1
20000b74:	d502      	bpl.n	20000b7c <_hw_endpoint_xfer_sync+0x1c>
20000b76:	8b23      	ldrh	r3, [r4, #24]
20000b78:	4283      	cmp	r3, r0
20000b7a:	d000      	beq.n	20000b7e <_hw_endpoint_xfer_sync+0x1e>
20000b7c:	bd10      	pop	{r4, pc}
20000b7e:	2101      	movs	r1, #1
20000b80:	0020      	movs	r0, r4
20000b82:	f7ff ff9d 	bl	20000ac0 <sync_ep_buffer>
20000b86:	e7f9      	b.n	20000b7c <_hw_endpoint_xfer_sync+0x1c>

20000b88 <e15_is_bulkin_ep>:
20000b88:	4b08      	ldr	r3, [pc, #32]	@ (20000bac <e15_is_bulkin_ep+0x24>)
20000b8a:	6c1a      	ldr	r2, [r3, #64]	@ 0x40
20000b8c:	2300      	movs	r3, #0
20000b8e:	0792      	lsls	r2, r2, #30
20000b90:	d403      	bmi.n	20000b9a <e15_is_bulkin_ep+0x12>
20000b92:	7882      	ldrb	r2, [r0, #2]
20000b94:	09d2      	lsrs	r2, r2, #7
20000b96:	2a01      	cmp	r2, #1
20000b98:	d001      	beq.n	20000b9e <e15_is_bulkin_ep+0x16>
20000b9a:	0018      	movs	r0, r3
20000b9c:	4770      	bx	lr
20000b9e:	7ec3      	ldrb	r3, [r0, #27]
20000ba0:	3b02      	subs	r3, #2
20000ba2:	425a      	negs	r2, r3
20000ba4:	4153      	adcs	r3, r2
20000ba6:	b2db      	uxtb	r3, r3
20000ba8:	e7f7      	b.n	20000b9a <e15_is_bulkin_ep+0x12>
20000baa:	46c0      	nop			@ (mov r8, r8)
20000bac:	50110000 	.word	0x50110000

20000bb0 <e15_is_critical_frame_period>:
20000bb0:	b510      	push	{r4, lr}
20000bb2:	f7ff ffe9 	bl	20000b88 <e15_is_bulkin_ep>
20000bb6:	2800      	cmp	r0, #0
20000bb8:	d00a      	beq.n	20000bd0 <e15_is_critical_frame_period+0x20>
20000bba:	4b06      	ldr	r3, [pc, #24]	@ (20000bd4 <e15_is_critical_frame_period+0x24>)
20000bbc:	4a06      	ldr	r2, [pc, #24]	@ (20000bd8 <e15_is_critical_frame_period+0x28>)
20000bbe:	6a9b      	ldr	r3, [r3, #40]	@ 0x28
20000bc0:	4906      	ldr	r1, [pc, #24]	@ (20000bdc <e15_is_critical_frame_period+0x2c>)
20000bc2:	6812      	ldr	r2, [r2, #0]
20000bc4:	185b      	adds	r3, r3, r1
20000bc6:	1a9b      	subs	r3, r3, r2
20000bc8:	2000      	movs	r0, #0
20000bca:	22c6      	movs	r2, #198	@ 0xc6
20000bcc:	429a      	cmp	r2, r3
20000bce:	4140      	adcs	r0, r0
20000bd0:	bd10      	pop	{r4, pc}
20000bd2:	46c0      	nop			@ (mov r8, r8)
20000bd4:	40054000 	.word	0x40054000
20000bd8:	200016f8 	.word	0x200016f8
20000bdc:	fffffce0 	.word	0xfffffce0

20000be0 <hw_endpoint_reset_transfer>:
20000be0:	2300      	movs	r3, #0
20000be2:	7683      	strb	r3, [r0, #26]
20000be4:	6143      	str	r3, [r0, #20]
20000be6:	6103      	str	r3, [r0, #16]
20000be8:	4770      	bx	lr
20000bea:	46c0      	nop			@ (mov r8, r8)

20000bec <_hw_endpoint_buffer_control_update32>:
20000bec:	b510      	push	{r4, lr}
20000bee:	6883      	ldr	r3, [r0, #8]
20000bf0:	2900      	cmp	r1, #0
20000bf2:	d001      	beq.n	20000bf8 <_hw_endpoint_buffer_control_update32+0xc>
20000bf4:	681c      	ldr	r4, [r3, #0]
20000bf6:	4021      	ands	r1, r4
20000bf8:	2a00      	cmp	r2, #0
20000bfa:	d012      	beq.n	20000c22 <_hw_endpoint_buffer_control_update32+0x36>
20000bfc:	2480      	movs	r4, #128	@ 0x80
20000bfe:	00e4      	lsls	r4, r4, #3
20000c00:	4311      	orrs	r1, r2
20000c02:	4222      	tst	r2, r4
20000c04:	d00d      	beq.n	20000c22 <_hw_endpoint_buffer_control_update32+0x36>
20000c06:	681a      	ldr	r2, [r3, #0]
20000c08:	4222      	tst	r2, r4
20000c0a:	d10c      	bne.n	20000c26 <_hw_endpoint_buffer_control_update32+0x3a>
20000c0c:	4a08      	ldr	r2, [pc, #32]	@ (20000c30 <_hw_endpoint_buffer_control_update32+0x44>)
20000c0e:	400a      	ands	r2, r1
20000c10:	601a      	str	r2, [r3, #0]
20000c12:	4a08      	ldr	r2, [pc, #32]	@ (20000c34 <_hw_endpoint_buffer_control_update32+0x48>)
20000c14:	6c12      	ldr	r2, [r2, #64]	@ 0x40
20000c16:	0792      	lsls	r2, r2, #30
20000c18:	d403      	bmi.n	20000c22 <_hw_endpoint_buffer_control_update32+0x36>
20000c1a:	230c      	movs	r3, #12
20000c1c:	3b03      	subs	r3, #3
20000c1e:	d2fd      	bcs.n	20000c1c <_hw_endpoint_buffer_control_update32+0x30>
20000c20:	6883      	ldr	r3, [r0, #8]
20000c22:	6019      	str	r1, [r3, #0]
20000c24:	bd10      	pop	{r4, pc}
20000c26:	7881      	ldrb	r1, [r0, #2]
20000c28:	4803      	ldr	r0, [pc, #12]	@ (20000c38 <_hw_endpoint_buffer_control_update32+0x4c>)
20000c2a:	f000 f969 	bl	20000f00 <__panic_veneer>
20000c2e:	46c0      	nop			@ (mov r8, r8)
20000c30:	fffffbff 	.word	0xfffffbff
20000c34:	50110000 	.word	0x50110000
20000c38:	10006650 	.word	0x10006650

20000c3c <hw_endpoint_start_next_buffer>:
20000c3c:	6843      	ldr	r3, [r0, #4]
20000c3e:	b570      	push	{r4, r5, r6, lr}
20000c40:	2100      	movs	r1, #0
20000c42:	2580      	movs	r5, #128	@ 0x80
20000c44:	0004      	movs	r4, r0
20000c46:	681e      	ldr	r6, [r3, #0]
20000c48:	f7ff fed8 	bl	200009fc <prepare_ep_buffer>
20000c4c:	4b12      	ldr	r3, [pc, #72]	@ (20000c98 <hw_endpoint_start_next_buffer+0x5c>)
20000c4e:	016d      	lsls	r5, r5, #5
20000c50:	6c1a      	ldr	r2, [r3, #64]	@ 0x40
20000c52:	4305      	orrs	r5, r0
20000c54:	78a3      	ldrb	r3, [r4, #2]
20000c56:	0792      	lsls	r2, r2, #30
20000c58:	d50e      	bpl.n	20000c78 <hw_endpoint_start_next_buffer+0x3c>
20000c5a:	065b      	lsls	r3, r3, #25
20000c5c:	d00e      	beq.n	20000c7c <hw_endpoint_start_next_buffer+0x40>
20000c5e:	4b0f      	ldr	r3, [pc, #60]	@ (20000c9c <hw_endpoint_start_next_buffer+0x60>)
20000c60:	401e      	ands	r6, r3
20000c62:	2380      	movs	r3, #128	@ 0x80
20000c64:	059b      	lsls	r3, r3, #22
20000c66:	4333      	orrs	r3, r6
20000c68:	6862      	ldr	r2, [r4, #4]
20000c6a:	2100      	movs	r1, #0
20000c6c:	6013      	str	r3, [r2, #0]
20000c6e:	0020      	movs	r0, r4
20000c70:	002a      	movs	r2, r5
20000c72:	f7ff ffbb 	bl	20000bec <_hw_endpoint_buffer_control_update32>
20000c76:	bd70      	pop	{r4, r5, r6, pc}
20000c78:	09db      	lsrs	r3, r3, #7
20000c7a:	d0f0      	beq.n	20000c5e <hw_endpoint_start_next_buffer+0x22>
20000c7c:	8aa3      	ldrh	r3, [r4, #20]
20000c7e:	2b00      	cmp	r3, #0
20000c80:	d0ed      	beq.n	20000c5e <hw_endpoint_start_next_buffer+0x22>
20000c82:	2101      	movs	r1, #1
20000c84:	0020      	movs	r0, r4
20000c86:	f7ff feb9 	bl	200009fc <prepare_ep_buffer>
20000c8a:	23a0      	movs	r3, #160	@ 0xa0
20000c8c:	4a04      	ldr	r2, [pc, #16]	@ (20000ca0 <hw_endpoint_start_next_buffer+0x64>)
20000c8e:	05db      	lsls	r3, r3, #23
20000c90:	4032      	ands	r2, r6
20000c92:	4305      	orrs	r5, r0
20000c94:	4313      	orrs	r3, r2
20000c96:	e7e7      	b.n	20000c68 <hw_endpoint_start_next_buffer+0x2c>
20000c98:	50110000 	.word	0x50110000
20000c9c:	afffffff 	.word	0xafffffff
20000ca0:	dfffffff 	.word	0xdfffffff

20000ca4 <hw_endpoint_xfer_continue>:
20000ca4:	b570      	push	{r4, r5, r6, lr}
20000ca6:	7e85      	ldrb	r5, [r0, #26]
20000ca8:	0004      	movs	r4, r0
20000caa:	2d00      	cmp	r5, #0
20000cac:	d014      	beq.n	20000cd8 <hw_endpoint_xfer_continue+0x34>
20000cae:	f7ff ff57 	bl	20000b60 <_hw_endpoint_xfer_sync>
20000cb2:	8aa3      	ldrh	r3, [r4, #20]
20000cb4:	2b00      	cmp	r3, #0
20000cb6:	d101      	bne.n	20000cbc <hw_endpoint_xfer_continue+0x18>
20000cb8:	0028      	movs	r0, r5
20000cba:	bd70      	pop	{r4, r5, r6, pc}
20000cbc:	0020      	movs	r0, r4
20000cbe:	f7ff ff77 	bl	20000bb0 <e15_is_critical_frame_period>
20000cc2:	2800      	cmp	r0, #0
20000cc4:	d003      	beq.n	20000cce <hw_endpoint_xfer_continue+0x2a>
20000cc6:	2301      	movs	r3, #1
20000cc8:	2500      	movs	r5, #0
20000cca:	7723      	strb	r3, [r4, #28]
20000ccc:	e7f4      	b.n	20000cb8 <hw_endpoint_xfer_continue+0x14>
20000cce:	0020      	movs	r0, r4
20000cd0:	f7ff ffb4 	bl	20000c3c <hw_endpoint_start_next_buffer>
20000cd4:	2500      	movs	r5, #0
20000cd6:	e7ef      	b.n	20000cb8 <hw_endpoint_xfer_continue+0x14>
20000cd8:	7881      	ldrb	r1, [r0, #2]
20000cda:	4801      	ldr	r0, [pc, #4]	@ (20000ce0 <hw_endpoint_xfer_continue+0x3c>)
20000cdc:	f000 f910 	bl	20000f00 <__panic_veneer>
20000ce0:	10006670 	.word	0x10006670

20000ce4 <dcd_event_handler>:
20000ce4:	b5f0      	push	{r4, r5, r6, r7, lr}
20000ce6:	4647      	mov	r7, r8
20000ce8:	46ce      	mov	lr, r9
20000cea:	b580      	push	{r7, lr}
20000cec:	7843      	ldrb	r3, [r0, #1]
20000cee:	0005      	movs	r5, r0
20000cf0:	000f      	movs	r7, r1
20000cf2:	b085      	sub	sp, #20
20000cf4:	2b06      	cmp	r3, #6
20000cf6:	d807      	bhi.n	20000d08 <dcd_event_handler+0x24>
20000cf8:	4a68      	ldr	r2, [pc, #416]	@ (20000e9c <dcd_event_handler+0x1b8>)
20000cfa:	009b      	lsls	r3, r3, #2
20000cfc:	58d3      	ldr	r3, [r2, r3]
20000cfe:	469f      	mov	pc, r3
20000d00:	4a67      	ldr	r2, [pc, #412]	@ (20000ea0 <dcd_event_handler+0x1bc>)
20000d02:	7813      	ldrb	r3, [r2, #0]
20000d04:	3301      	adds	r3, #1
20000d06:	7013      	strb	r3, [r2, #0]
20000d08:	4b66      	ldr	r3, [pc, #408]	@ (20000ea4 <dcd_event_handler+0x1c0>)
20000d0a:	681c      	ldr	r4, [r3, #0]
20000d0c:	6962      	ldr	r2, [r4, #20]
20000d0e:	f3ef 8110 	mrs	r1, PRIMASK
20000d12:	b672      	cpsid	i
20000d14:	6813      	ldr	r3, [r2, #0]
20000d16:	2b00      	cmp	r3, #0
20000d18:	d0fc      	beq.n	20000d14 <dcd_event_handler+0x30>
20000d1a:	f3bf 8f5f 	dmb	sy
20000d1e:	61a1      	str	r1, [r4, #24]
20000d20:	0020      	movs	r0, r4
20000d22:	0029      	movs	r1, r5
20000d24:	f000 f8fc 	bl	20000f20 <__tu_fifo_write_veneer>
20000d28:	6962      	ldr	r2, [r4, #20]
20000d2a:	69a3      	ldr	r3, [r4, #24]
20000d2c:	f3bf 8f5f 	dmb	sy
20000d30:	2100      	movs	r1, #0
20000d32:	6011      	str	r1, [r2, #0]
20000d34:	f383 8810 	msr	PRIMASK, r3
20000d38:	2800      	cmp	r0, #0
20000d3a:	d104      	bne.n	20000d46 <dcd_event_handler+0x62>
20000d3c:	b005      	add	sp, #20
20000d3e:	bcc0      	pop	{r6, r7}
20000d40:	46b9      	mov	r9, r7
20000d42:	46b0      	mov	r8, r6
20000d44:	bdf0      	pop	{r4, r5, r6, r7, pc}
20000d46:	003a      	movs	r2, r7
20000d48:	7869      	ldrb	r1, [r5, #1]
20000d4a:	7828      	ldrb	r0, [r5, #0]
20000d4c:	f000 f8b8 	bl	20000ec0 <__tud_event_hook_cb_veneer>
20000d50:	e7f4      	b.n	20000d3c <dcd_event_handler+0x58>
20000d52:	2101      	movs	r1, #1
20000d54:	4b54      	ldr	r3, [pc, #336]	@ (20000ea8 <dcd_event_handler+0x1c4>)
20000d56:	781a      	ldrb	r2, [r3, #0]
20000d58:	438a      	bics	r2, r1
20000d5a:	701a      	strb	r2, [r3, #0]
20000d5c:	781a      	ldrb	r2, [r3, #0]
20000d5e:	3101      	adds	r1, #1
20000d60:	438a      	bics	r2, r1
20000d62:	701a      	strb	r2, [r3, #0]
20000d64:	2200      	movs	r2, #0
20000d66:	705a      	strb	r2, [r3, #1]
20000d68:	781a      	ldrb	r2, [r3, #0]
20000d6a:	3102      	adds	r1, #2
20000d6c:	438a      	bics	r2, r1
20000d6e:	701a      	strb	r2, [r3, #0]
20000d70:	e7ca      	b.n	20000d08 <dcd_event_handler+0x24>
20000d72:	4b4e      	ldr	r3, [pc, #312]	@ (20000eac <dcd_event_handler+0x1c8>)
20000d74:	2400      	movs	r4, #0
20000d76:	001e      	movs	r6, r3
20000d78:	781a      	ldrb	r2, [r3, #0]
20000d7a:	4b4d      	ldr	r3, [pc, #308]	@ (20000eb0 <dcd_event_handler+0x1cc>)
20000d7c:	4698      	mov	r8, r3
20000d7e:	4b4d      	ldr	r3, [pc, #308]	@ (20000eb4 <dcd_event_handler+0x1d0>)
20000d80:	4699      	mov	r9, r3
20000d82:	e010      	b.n	20000da6 <dcd_event_handler+0xc2>
20000d84:	464b      	mov	r3, r9
20000d86:	681b      	ldr	r3, [r3, #0]
20000d88:	0161      	lsls	r1, r4, #5
20000d8a:	185b      	adds	r3, r3, r1
20000d8c:	2b00      	cmp	r3, #0
20000d8e:	d006      	beq.n	20000d9e <dcd_event_handler+0xba>
20000d90:	69db      	ldr	r3, [r3, #28]
20000d92:	2b00      	cmp	r3, #0
20000d94:	d003      	beq.n	20000d9e <dcd_event_handler+0xba>
20000d96:	6869      	ldr	r1, [r5, #4]
20000d98:	7828      	ldrb	r0, [r5, #0]
20000d9a:	4798      	blx	r3
20000d9c:	7832      	ldrb	r2, [r6, #0]
20000d9e:	3401      	adds	r4, #1
20000da0:	b2e4      	uxtb	r4, r4
20000da2:	4294      	cmp	r4, r2
20000da4:	d817      	bhi.n	20000dd6 <dcd_event_handler+0xf2>
20000da6:	42a2      	cmp	r2, r4
20000da8:	d8ec      	bhi.n	20000d84 <dcd_event_handler+0xa0>
20000daa:	1aa3      	subs	r3, r4, r2
20000dac:	015b      	lsls	r3, r3, #5
20000dae:	4443      	add	r3, r8
20000db0:	e7ee      	b.n	20000d90 <dcd_event_handler+0xac>
20000db2:	4b3d      	ldr	r3, [pc, #244]	@ (20000ea8 <dcd_event_handler+0x1c4>)
20000db4:	781a      	ldrb	r2, [r3, #0]
20000db6:	07d2      	lsls	r2, r2, #31
20000db8:	d5c0      	bpl.n	20000d3c <dcd_event_handler+0x58>
20000dba:	2104      	movs	r1, #4
20000dbc:	781a      	ldrb	r2, [r3, #0]
20000dbe:	430a      	orrs	r2, r1
20000dc0:	701a      	strb	r2, [r3, #0]
20000dc2:	e7a1      	b.n	20000d08 <dcd_event_handler+0x24>
20000dc4:	4b38      	ldr	r3, [pc, #224]	@ (20000ea8 <dcd_event_handler+0x1c4>)
20000dc6:	781a      	ldrb	r2, [r3, #0]
20000dc8:	07d2      	lsls	r2, r2, #31
20000dca:	d5b7      	bpl.n	20000d3c <dcd_event_handler+0x58>
20000dcc:	2104      	movs	r1, #4
20000dce:	781a      	ldrb	r2, [r3, #0]
20000dd0:	438a      	bics	r2, r1
20000dd2:	701a      	strb	r2, [r3, #0]
20000dd4:	e798      	b.n	20000d08 <dcd_event_handler+0x24>
20000dd6:	4a34      	ldr	r2, [pc, #208]	@ (20000ea8 <dcd_event_handler+0x1c4>)
20000dd8:	7813      	ldrb	r3, [r2, #0]
20000dda:	4690      	mov	r8, r2
20000ddc:	0011      	movs	r1, r2
20000dde:	075b      	lsls	r3, r3, #29
20000de0:	d528      	bpl.n	20000e34 <dcd_event_handler+0x150>
20000de2:	7813      	ldrb	r3, [r2, #0]
20000de4:	2204      	movs	r2, #4
20000de6:	ac01      	add	r4, sp, #4
20000de8:	4393      	bics	r3, r2
20000dea:	700b      	strb	r3, [r1, #0]
20000dec:	0020      	movs	r0, r4
20000dee:	2100      	movs	r1, #0
20000df0:	3208      	adds	r2, #8
20000df2:	f000 f86d 	bl	20000ed0 <____wrap_memset_veneer>
20000df6:	782b      	ldrb	r3, [r5, #0]
20000df8:	7023      	strb	r3, [r4, #0]
20000dfa:	2305      	movs	r3, #5
20000dfc:	7063      	strb	r3, [r4, #1]
20000dfe:	4b29      	ldr	r3, [pc, #164]	@ (20000ea4 <dcd_event_handler+0x1c0>)
20000e00:	681b      	ldr	r3, [r3, #0]
20000e02:	0018      	movs	r0, r3
20000e04:	695a      	ldr	r2, [r3, #20]
20000e06:	f3ef 8110 	mrs	r1, PRIMASK
20000e0a:	b672      	cpsid	i
20000e0c:	6813      	ldr	r3, [r2, #0]
20000e0e:	2b00      	cmp	r3, #0
20000e10:	d0fc      	beq.n	20000e0c <dcd_event_handler+0x128>
20000e12:	f3bf 8f5f 	dmb	sy
20000e16:	0006      	movs	r6, r0
20000e18:	6181      	str	r1, [r0, #24]
20000e1a:	0021      	movs	r1, r4
20000e1c:	f000 f880 	bl	20000f20 <__tu_fifo_write_veneer>
20000e20:	6972      	ldr	r2, [r6, #20]
20000e22:	69b3      	ldr	r3, [r6, #24]
20000e24:	f3bf 8f5f 	dmb	sy
20000e28:	2100      	movs	r1, #0
20000e2a:	6011      	str	r1, [r2, #0]
20000e2c:	f383 8810 	msr	PRIMASK, r3
20000e30:	2800      	cmp	r0, #0
20000e32:	d12c      	bne.n	20000e8e <dcd_event_handler+0x1aa>
20000e34:	4643      	mov	r3, r8
20000e36:	78db      	ldrb	r3, [r3, #3]
20000e38:	07db      	lsls	r3, r3, #31
20000e3a:	d400      	bmi.n	20000e3e <dcd_event_handler+0x15a>
20000e3c:	e77e      	b.n	20000d3c <dcd_event_handler+0x58>
20000e3e:	782b      	ldrb	r3, [r5, #0]
20000e40:	ac01      	add	r4, sp, #4
20000e42:	7023      	strb	r3, [r4, #0]
20000e44:	2303      	movs	r3, #3
20000e46:	7063      	strb	r3, [r4, #1]
20000e48:	686b      	ldr	r3, [r5, #4]
20000e4a:	6063      	str	r3, [r4, #4]
20000e4c:	4b15      	ldr	r3, [pc, #84]	@ (20000ea4 <dcd_event_handler+0x1c0>)
20000e4e:	681d      	ldr	r5, [r3, #0]
20000e50:	696a      	ldr	r2, [r5, #20]
20000e52:	f3ef 8110 	mrs	r1, PRIMASK
20000e56:	b672      	cpsid	i
20000e58:	6813      	ldr	r3, [r2, #0]
20000e5a:	2b00      	cmp	r3, #0
20000e5c:	d0fc      	beq.n	20000e58 <dcd_event_handler+0x174>
20000e5e:	f3bf 8f5f 	dmb	sy
20000e62:	61a9      	str	r1, [r5, #24]
20000e64:	0028      	movs	r0, r5
20000e66:	0021      	movs	r1, r4
20000e68:	f000 f85a 	bl	20000f20 <__tu_fifo_write_veneer>
20000e6c:	696a      	ldr	r2, [r5, #20]
20000e6e:	69ab      	ldr	r3, [r5, #24]
20000e70:	f3bf 8f5f 	dmb	sy
20000e74:	2100      	movs	r1, #0
20000e76:	6011      	str	r1, [r2, #0]
20000e78:	f383 8810 	msr	PRIMASK, r3
20000e7c:	2800      	cmp	r0, #0
20000e7e:	d100      	bne.n	20000e82 <dcd_event_handler+0x19e>
20000e80:	e75c      	b.n	20000d3c <dcd_event_handler+0x58>
20000e82:	003a      	movs	r2, r7
20000e84:	7861      	ldrb	r1, [r4, #1]
20000e86:	7820      	ldrb	r0, [r4, #0]
20000e88:	f000 f81a 	bl	20000ec0 <__tud_event_hook_cb_veneer>
20000e8c:	e756      	b.n	20000d3c <dcd_event_handler+0x58>
20000e8e:	003a      	movs	r2, r7
20000e90:	7861      	ldrb	r1, [r4, #1]
20000e92:	7820      	ldrb	r0, [r4, #0]
20000e94:	f000 f814 	bl	20000ec0 <__tud_event_hook_cb_veneer>
20000e98:	e7cc      	b.n	20000e34 <dcd_event_handler+0x150>
20000e9a:	46c0      	nop			@ (mov r8, r8)
20000e9c:	10006ae0 	.word	0x10006ae0
20000ea0:	20001c4f 	.word	0x20001c4f
20000ea4:	200014d0 	.word	0x200014d0
20000ea8:	20001478 	.word	0x20001478
20000eac:	20001c4d 	.word	0x20001c4d
20000eb0:	10006afc 	.word	0x10006afc
20000eb4:	20001390 	.word	0x20001390

20000eb8 <__aeabi_idiv0>:
20000eb8:	4770      	bx	lr
20000eba:	46c0      	nop			@ (mov r8, r8)
20000ebc:	0000      	movs	r0, r0
	...

20000ec0 <__tud_event_hook_cb_veneer>:
20000ec0:	b401      	push	{r0}
20000ec2:	4802      	ldr	r0, [pc, #8]	@ (20000ecc <__tud_event_hook_cb_veneer+0xc>)
20000ec4:	4684      	mov	ip, r0
20000ec6:	bc01      	pop	{r0}
20000ec8:	4760      	bx	ip
20000eca:	bf00      	nop
20000ecc:	10004809 	.word	0x10004809

20000ed0 <____wrap_memset_veneer>:
20000ed0:	b401      	push	{r0}
20000ed2:	4802      	ldr	r0, [pc, #8]	@ (20000edc <____wrap_memset_veneer+0xc>)
20000ed4:	4684      	mov	ip, r0
20000ed6:	bc01      	pop	{r0}
20000ed8:	4760      	bx	ip
20000eda:	bf00      	nop
20000edc:	100021a5 	.word	0x100021a5

20000ee0 <__best_effort_wfe_or_timeout_veneer>:
20000ee0:	b401      	push	{r0}
20000ee2:	4802      	ldr	r0, [pc, #8]	@ (20000eec <__best_effort_wfe_or_timeout_veneer+0xc>)
20000ee4:	4684      	mov	ip, r0
20000ee6:	bc01      	pop	{r0}
20000ee8:	4760      	bx	ip
20000eea:	bf00      	nop
20000eec:	100011bd 	.word	0x100011bd

20000ef0 <__time_us_64_veneer>:
20000ef0:	b401      	push	{r0}
20000ef2:	4802      	ldr	r0, [pc, #8]	@ (20000efc <__time_us_64_veneer+0xc>)
20000ef4:	4684      	mov	ip, r0
20000ef6:	bc01      	pop	{r0}
20000ef8:	4760      	bx	ip
20000efa:	bf00      	nop
20000efc:	10001341 	.word	0x10001341

20000f00 <__panic_veneer>:
20000f00:	b401      	push	{r0}
20000f02:	4802      	ldr	r0, [pc, #8]	@ (20000f0c <__panic_veneer+0xc>)
20000f04:	4684      	mov	ip, r0
20000f06:	bc01      	pop	{r0}
20000f08:	4760      	bx	ip
20000f0a:	bf00      	nop
20000f0c:	10000501 	.word	0x10000501

20000f10 <____wrap___aeabi_lmul_veneer>:
20000f10:	b401      	push	{r0}
20000f12:	4802      	ldr	r0, [pc, #8]	@ (20000f1c <____wrap___aeabi_lmul_veneer+0xc>)
20000f14:	4684      	mov	ip, r0
20000f16:	bc01      	pop	{r0}
20000f18:	4760      	bx	ip
20000f1a:	bf00      	nop
20000f1c:	100020f5 	.word	0x100020f5

20000f20 <__tu_fifo_write_veneer>:
20000f20:	b401      	push	{r0}
20000f22:	4802      	ldr	r0, [pc, #8]	@ (20000f2c <__tu_fifo_write_veneer+0xc>)
20000f24:	4684      	mov	ip, r0
20000f26:	bc01      	pop	{r0}
20000f28:	4760      	bx	ip
20000f2a:	bf00      	nop
20000f2c:	10005db5 	.word	0x10005db5

20000f30 <__rp2040_chip_version_veneer>:
20000f30:	b401      	push	{r0}
20000f32:	4802      	ldr	r0, [pc, #8]	@ (20000f3c <__rp2040_chip_version_veneer+0xc>)
20000f34:	4684      	mov	ip, r0
20000f36:	bc01      	pop	{r0}
20000f38:	4760      	bx	ip
20000f3a:	bf00      	nop
20000f3c:	100004f5 	.word	0x100004f5

20000f40 <striped_spin_lock_num>:
20000f40:	00000010                                ....

20000f44 <irq_handler_chain_slots>:
20000f44:	00000000 	.word	0x00000000
20000f48:	00010000 	.word	0x00010000
	...
20000f54:	00020000 	.word	0x00020000
	...
20000f60:	00030000 	.word	0x00030000
	...
20000f6c:	00040000 	.word	0x00040000
	...
20000f78:	00050000 	.word	0x00050000
	...
20000f84:	00ff0000 	.word	0x00ff0000
20000f88:	00000000 	.word	0x00000000

20000f8c <irq_handler_chain_first_slot>:
20000f8c:	b501      	push	{r0, lr}
20000f8e:	6848      	ldr	r0, [r1, #4]
20000f90:	3101      	adds	r1, #1
20000f92:	468e      	mov	lr, r1
20000f94:	4700      	bx	r0

20000f96 <irq_handler_chain_remove_tail>:
20000f96:	4670      	mov	r0, lr
20000f98:	3809      	subs	r0, #9
20000f9a:	4901      	ldr	r1, [pc, #4]	@ (20000fa0 <irq_handler_chain_remove_tail+0xa>)
20000f9c:	4788      	blx	r1
20000f9e:	bd01      	pop	{r0, pc}
20000fa0:	1000091d 	.word	0x1000091d
20000fa4:	00000000 	.word	0x00000000

20000fa8 <last_added.0>:
20000fa8:	ffffffff 7fffffff                       ........

20000fb0 <default_alarm_pool>:
	...
20000fc4:	20001108 00000000 00000000              ... ........

20000fd0 <aeabi_bits_funcs>:
20000fd0:	00003350 	.word	0x00003350
20000fd4:	0000334c 	.word	0x0000334c
20000fd8:	00003354 	.word	0x00003354
20000fdc:	00003352 	.word	0x00003352

20000fe0 <aeabi_bits_funcs_end>:
20000fe0:	0000534d 	.word	0x0000534d
20000fe4:	0000434d 	.word	0x0000434d
20000fe8:	00003453 	.word	0x00003453
20000fec:	00003443 	.word	0x00003443

20000ff0 <stdio_usb>:
20000ff0:	10003ead 10003e61 10003dd5 10003d4d     .>..a>...=..M=..
20001000:	00000000 00000100                       ........

20001008 <_usbd_qdef>:
20001008:	200014d4 000c0010 00000000 00000000     ... ............
	...

20001024 <_usbd_rhport>:
20001024:	000000ff                                ....

20001028 <i2c1_inst>:
20001028:	40048000 00000000                       ...@....

20001030 <i2c0_inst>:
20001030:	40044000 00000000                       .@.@....

20001038 <print_mutex>:
	...
