:020000041000EA
:1000000000B5324B212058609868022188439860DF
:10001000D860186158612E4B002199600421596104
:100020000121F02299502B49196001219960352056
:1000300000F044F80222904214D00621196600F024
:1000400034F8196E01211966002018661A6600F04E
:100050002CF8196E196E196E052000F02FF8012189
:100060000842F9D1002199601B49196000215960AB
:100070001A491B48016001219960EB211966A021F2
:10008000196600F012F800219960164914480160C1
:100090000121996001BC002800D000471248134993
:1000A000086003C880F30888084703B5996A0420EC
:1000B0000142FBD001200142F8D103BD02B5186610
:1000C0001866FFF7F2FF186E186E02BD00000240BE
:1000D000000000180000070000035F00212200005C
:1000E000F4000018222000A00001001008ED00E03C
:1000F000000000000000000000000000070B8FD58A
:1001000000200420F7010010CB010010CD010010E9
:10011000C9010010C9010010C9010010C901001077
:10012000C9010010C9010010C9010010CF01001061
:10013000C9010010C9010010D1010010D301001045
:10014000C1010010C1010010C1010010C101001067
:10015000C1010010C1010010C1010010C101001057
:10016000C1010010C1010010C1010010C101001047
:10017000C1010010C1010010C1010010C101001037
:10018000C1010010C1010010C1010010C101001027
:10019000C1010010C1010010C1010010C101001017
:1001A000C1010010C1010010C1010010C101001007
:1001B000C1010010C1010010C1010010C1010010F7
:1001C000EFF30580103800BE00BE00BE00BE00BECA
:1001D00000BE00BEF2EB88717852021098520210F5
:1001E0003802001090A31AE700201E49086006C8D4
:1001F00081F3088810471C480068002801D00020BF
:10020000F3E70DA40ECC002902D000F012F8F9E7B4
:100210001649174A002000E001C19142FCD115495E
:100220008847154988471549884700BEFDE701C939
:1002300001C29A42FBD3704798520210C0000020BE
:10024000C41700209C690210000004200000042054
:100250009C6902100010042000100420000000001F
:100260007047000008ED00E0000000D0C417002037
:1002700018460020196F001079030010D96E001085
:10028000F0B5C64600B5174886B007F003F8164B20
:1002900000259846154C164EA17863788C46217936
:1002A000308840394F1EB94103274942B943A768F6
:1002B00022780831059767790391029161464008D9
:1002C0000190009140462900049707F065F8AC239F
:1002D00001351B01E4180236032DDDD106B080BCC8
:1002E000B846F0BDF0E700101CE80010201B00200D
:1002F00068EE001010B5490706D5032805D0072879
:100300000ED00224092801D010BD002404F01EFAEA
:10031000AC2212016243034B9B1818615961F3E749
:100320000124F3E7201B002070B50400022816D832
:10033000AC20000160430D4B1D186A78002A0ED0D6
:10034000AA78002A0BD12030C01802F061FA0028E8
:1003500006D1012321000648AB7007F01DF870BDDF
:1003600002002100034807F017F8F8E7201B0020DF
:1003700050E8001064E80010F0B5DE464E464546F1
:100380005746E0B5AFB006F0EBFEC74804F0B8F84A
:10039000C64806F07FFFC649C64806F0FDFF812229
:1003A000C54C002192012000089405F073F9012248
:1003B000C24BBF49E254C24B0132C248E25409F079
:1003C0008FFA0321042003F0F5F80321052003F040
:1003D000F1F800220121042003F004F90022012198
:1003E000052003F0FFF8B84BD027994601230025DC
:1003F0009846B64E3F067459200003F09FF94346D5
:10040000A3407B62BB614B465C590435200003F07E
:1004100095F94346A340002201212000BB6203F06E
:10042000E1F80C2DE7D1AA4B01220421032003F0AF
:100430000FF901220421072003F0E6F8012204212C
:10044000092003F0E1F81E2004F05AF88122089CEC
:100450009201A3189B469F4B01270C939E4B099337
:100460009E4B0A932DAB99469D4B0D939D4B0E933E
:10047000D0231B06984600239A46250020352800E5
:1004800000F0CAFD3A00E37814209B00F3589A402C
:1004900013004246536104F033F8514622AA283231
:1004A000117028002CA901F021FE282322AAD35C78
:1004B000E178002825D1002B23D0099B4900280092
:1004C000595A02F08BF9021E01D000F038FC4B465D
:1004D00049461870280001F009FE4B4602001B78BF
:1004E000E178002802D1834200D067E3012588002B
:1004F00030588540D020000685610D9806F04CFFED
:100500000AE03D008A00B25895402A004546AA619B
:1005100002000C9806F040FFAC231B01E4185C4578
:10052000ABD1089B1B78002B00D099E36E4B6F4E2C
:100530009A466F4B6F4F259300256F4B0993AC2361
:10054000089A1B01D35C002B00D050E3AC23089A1F
:100550005B01D35C002B00D0BAE32900674806F0AA
:100560001BFFFFF78DFE664B1800199306F092FEF5
:10057000089A5378002B01D000F0F8FB614BD35C54
:10058000002B01D000F093FC5F4BD35C002B01D01B
:1005900000F084FC5D4B0D935D4B9B465D4B0E93D1
:1005A0005D4B10935D4B13935D4B18935D4B149310
:1005B0005D4B17935D4B22935D4B23935D4B1693DD
:1005C0005D4B24935D4B20935D4B28935D4B2993AA
:1005D0005D4B27935D4B1A935D4B15935D4B5E4CC2
:1005E00026935E4B21935E4B0F93002006F0BCFDDB
:1005F000831C0FD00D28F8D023680A2848D05A1C35
:100600005F2AF2D822605A46D054002006F0ACFD92
:10061000831CEFD1002300269A46524F089DAB78E9
:10062000002B2BD04B4652461A7020239846A844E4
:100630004946404602F064FB00281FD14B461B7818
:10064000002B1BD03900404602F092FB002800D05E
:100650008FE1AB6828690133AB60030069690B4324
:1006600000D176E1A861E96104F070F80D9B0A9071
:100670000B911B68E978994200D1E4E0AC231B019F
:10068000ED18F618FF1881239B019E42C7D1ACE7F5
:10069000002259465D46CA542B78202B01D0092BE5
:1006A00062D10135F8E7C046DC05000084E800109F
:1006B000801A0600A8E80010201B0020C30A0000D2
:1006C00083150000F010002070EE00107CEE00108A
:1006D000F5020010C8E8001068EE0010FCE80010F9
:1006E00024E900105CE9001090E90010E4E9001032
:1006F000401B002008EA0010BCE9001028EA0010A6
:1007000044EA0010C10A000081150000D84400200E
:1007100054440020D8EA0010E0EA0010E8EA001093
:10072000F0EA0010F4EA0010FCEA001064E800109F
:1007300050E8001000EB001008EB001020EB001058
:1007400030EB00103CEB001064EB00107CEB001071
:10075000181A002098EB0010D4440020E0EB0010A1
:10076000E8EB001058240020002B69D028000E99D7
:1007700009F032FF002800D101E12800109909F0AA
:100780002BFF002800D1FEE006222800139909F073
:10079000C5FE002800D1DFE006222800149909F0E8
:1007A000BDFE002800D1F1E005222800169909F0CD
:1007B000B5FE002800D036E105352800179909F06C
:1007C0000BFF002800D082E1089D6B78002B0DD034
:1007D000AB78002B0AD02800203002F003FA002367
:1007E000020000212498AB7006F0D6FDC84B089E8D
:1007F000F35C002B0FD0C74D735D002B0BD0AE23E5
:100800001B01F01802F0EEF90023020001212498E8
:10081000735506F0C1FDC04B089EF35C002B0FD052
:10082000BE4D735D002B0BD0AD235B01F01802F0C1
:10083000D9F90023020002212498735506F0ACFD7B
:1008400000232360D1E6159B0B9A5B68934200D985
:1008500014E705D1159B0A9A1B68934200D90DE74E
:100860002B79A868403B5A1E934103225B42934375
:10087000083309932A696B69069207930023FB5694
:1008800005936B790493099B03930293AA69EB691F
:10089000009201930200269806F07EFD099BA04A73
:1008A00098465B0011939F4B90199C46AC4463465D
:1008B00000220021804412935B461D9793464746D1
:1008C0001C96219E0C911B951E941F93099BFB1A4D
:1008D00098465B465D00129B4446ED1808E0092BE4
:1008E0000FD03000013406F057FD0235BC4213D062
:1008F0002378002BF5D04223FF33E35C5A1F012AF3
:10090000EDD80023E95E0029EBDD0F98013406F0F5
:1009100043FD0235BC42EBD10A2006F071FC0C9B72
:10092000119F099A01330C93474493449A42CDD1C5
:100930000A980B991F9B7C4A9B46002380185941BB
:100940000B00020015991B9D1C9E1D9F1E9C0CC137
:1009500094E603F0FBFE85E606352800189909F0B9
:100960003BFE002800D07DE001230D9A5B4213601E
:1009700066E70200E9781A9806F00EFD7EE61998FF
:1009800006F088FC5CE7FFF77BFC59E7063528009A
:10099000179909F021FE002872D1089A5378002B8C
:1009A0000FD09378002B0CD1259801F031FF021E57
:1009B00000D0FEE00123089A00212398937006F0EE
:1009C000EBFC534B089AD35C002B11D0514D535D77
:1009D000002B0DD1AE231B01D01801F019FF01210E
:1009E000021E00D0E1E0089B2398595506F0D4FC84
:1009F000494B089AD35C002B00D121E7474D535D4A
:100A0000002B00D01CE7AD235B01D01801F000FFE4
:100A1000021E00D0C4E00123089A022123985355F6
:100A200006F0BAFC0CE701235B422B9300232C93C6
:100A30002D934B462800009320992CAB2BAA09F04C
:100A400041FD032817D12B9D022D07D8AC210901A8
:100A50006943089B5B185A78002A67D1289806F0EA
:100A600019FCEDE6280008F079FF022800D9E7E636
:100A70000D9B1860E4E62900279806F08DFCDFE660
:100A8000280008F06BFF0500022800D9D8E6AC2347
:100A90001B014343089AD3185B781100002B00D147
:100AA000CEE6AC231B014343D618B278002A00D00F
:100AB000C6E62033C81801F0ABFE021E00D05AE192
:100AC000012329002398B37006F066FCB8E62800DD
:100AD00008F044FF0500022800D9B1E6AC231B0151
:100AE00043430899CE187278002A00D1A8E6B2785C
:100AF000002A00D1A4E62033C81802F073F80023BE
:100B0000020029002498B37006F046FC98E6C0461F
:100B1000C10A0000C20A0000811500008215000011
:100B200059240020FA09000020A107002C9A9B7884
:100B30002D9F042A00D10FE1082A48D1781E0E28E3
:100B400045D8002B00D058E140339846AC263601FA
:100B50006E43089B20369E194146300002F0EEF9A4
:100B60008246FFB23900300002F05AFA534603437E
:100B70009A460121300002F0D7FA53461843C0B21A
:100B8000002800D06AE1AC231B016B43089A0020C7
:100B9000D31842465F711A712B9D2C9A2D9F17E036
:100BA0000221229806F0F8FB4AE6229806F0F4FBB0
:100BB0001EE70021229806F0EFFB02E7099A4B009E
:100BC000D25A0E982770530806F0E6FBA4E47F2063
:100BD000AC2109016943089B59188B780190029355
:100BE000290013002998009706F0D6FB28E6B54B9C
:100BF0005046D15C9B4606F0CFFBB34B180098469D
:100C000001F0A2FA041E0C9000D0DAE00122AF4BF2
:100C10000899CA54AE4B9B46CB5C834200D030E16E
:100C20004021404602F08AF90F210443404602F079
:100C3000F7F901210443404602F076FA220002430C
:100C4000D2B2002A00D0B1E0F4220899A14B1201DF
:100C5000CA529C4B0998C95C06F09EFB013575E4AD
:100C60009D4B089E1800F1789A4606F095FB9B4B29
:100C70001800259301F068FA0400051E00D0B2E0C8
:100C800001237370B378834200D0F3E0259D4021A7
:100C9000280002F053F90F210443280002F0C0F9A4
:100CA00001210443280002F03FFA22000243D2B29D
:100CB000002A70D1F423089A1B019380884BD178C5
:100CC00018000993012506F067FB864E864F36E42F
:100CD000864B5046D15C9B4606F05EFB844B180069
:100CE000984601F031FA041E74D10122814B089913
:100CF000814FCA54CB5D834200D0B3E040214046CF
:100D000002F01CF9204307000F21404602F088F949
:100D100001210743404602F007FA3A000243D2B2EB
:100D2000002A2DD1F4220899744B1201CA526F4B3C
:100D30000998C95C06F030FB0135FFF70EFC38005E
:100D4000E1788B00F35898400300404683610A988D
:100D500006F022FBFFF7E0FB781E3B2800D936E7C0
:100D6000002B00D0A5E010339846EFE60020FFF7F7
:100D7000DBFAFFF70FFC2900229806F00DFB5FE578
:100D80005A4B089C3000E15C06F006FB0022594BF0
:100D9000E254FFF7E2FB089C524EE178300006F087
:100DA000FBFA0023504F6370FFF7C6FB454B089CCE
:100DB0003000E15C06F0F0FA0022444BE254FFF709
:100DC000C5FB5A46089B3800995C0C9A06F0E4FA79
:100DD000FFF7BCFB5A46089B995C0200380006F0FE
:100DE000DBFAFFF7BAFB089B3F4F0200D9783800C7
:100DF00006F0D2FA3B4EFFF79FFB089B20315818B4
:100E000001F0F0FE402382469846AC260899360150
:100E10008C466E43B4446246002320368E1930005F
:100E200041469370099202F089F8534603439A466B
:100E3000FFB23900300002F0F3F8534603439A46FC
:100E40000121300002F070F953461843C0B2002867
:100E500004D1300001F0DCFC00281BD02B9D2C9A23
:100E60002D9FB5E6404601F0BDFE2200089B040020
:100E7000DA5543E7259801F0B5FE089B04009D7004
:100E800004E7404601F0AEFE5A46089B0C99040068
:100E90009954C5E60123099A937074E60224200050
:100EA000FFF742FA164B0D931C60FFF775FB012408
:100EB000F5E7089B2031581801F094FE1023824674
:100EC0009846A2E7C30A000000260020C10A0000DD
:100ED000C20A0000C40A000090E90010401B002074
:100EE000BCE90010E4E9001008EA001083150000D6
:100EF000C03000208115000082150000841500001C
:100F0000D8440020F0B557464E464546DE46E0B58B
:100F1000884691461F00C3B0002B2AD003880024C6
:100F20001B065B0E0393174B9B4600239A4602E079
:100F30006419A7421DD93D1BF02D00D9F025434669
:100F40006A461B195BBA93824B4619190E2302A8F5
:100F50002A00181804F0A4FB5346AE1C0093584610
:100F60003300039905AA08F0E5FC8642E0D0FF2093
:100F700000E0002043B0F0BCBB46B246A946A04604
:100F8000F0BDC046F0100020F0B5DE46574645469D
:100F90004E46E0B5884692469B4685B0002B31D040
:100FA00001230688002436069946174F760E12E074
:100FB0005B461D1BF02D00D9F02553461A1900235E
:100FC0003100009338002B0008F0BEFCA84211D17C
:100FD0006419A34516D943466A461B195BBA938127
:100FE0004B46310000933800022303AA08F0A2FC0C
:100FF0000228DDD0FF2005B0F0BCBB46B246A946B2
:10100000A046F0BD0020F6E7F010002010B5080063
:1010100003F076FA002010BD10B50021064A040046
:1010200004F038FB52232380044B24616360044B9B
:10103000A360044BE36010BD18090000050F001009
:10104000890F00100D100010F0B5454657464E466A
:10105000DE46E0B5B64BC7B002AA05000E0003CBD2
:1010600003C2B44B170003CB03C2B34BC22201939C
:10107000B24B920098468323A8449B004046E9184F
:1010800004F00EFB102E35D0C22342469B002800F0
:10109000AB4902F0FDF8AB4B83469946AA4BC924F5
:1010A00000279A4603E05346EB5C032B18D0B0218F
:1010B000042342468901280002F0F2F80A210600C2
:1010C000280002F013F9013C0643E4B23743002C38
:1010D00000D12AE14B46EB5C7E2BE4D942231F432F
:1010E0005B463B43D8B247B0F0BCBB46B246A946CC
:1010F000A046F0BD954B02A9E818082204F0D0FAEA
:10110000934B0822E818390004F0CAFAC22140467D
:10111000890002F0CDF8A9238022DB00EC18210021
:10112000520006A804F0BCFA069A079B18219B18E7
:101130000E9A68469B180F9A40189B189B08089AAD
:101140000693099B9B18109A9B18119A9B189B0851
:101150000B9A07930A9B9B18129A9B18139A9B1839
:101160009B080D9A08930C9B9B18149A9B18159A30
:101170009B189B08179A0993169B9B181E9A9B18FD
:101180001F9A9B189B08199A0A93189B9B18209AE0
:101190009B18219A9B189B081B9A0B931A9B9B18D0
:1011A000229A9B18239A9B189B081D9A0C931C9BB0
:1011B0009B18249A9B18259A9B189B086A460D93A6
:1011C00080235218D3588422825868469B18A02244
:1011D0004018825868469B18A422401882589B18D1
:1011E0009B080E938823C35868468C224018825867
:1011F00068469B18A8224018825868469B18AC2263
:10120000401882589B189B080F939023C358684638
:1012100094224018825868469B18B0224018825881
:1012200068469B18B422401882589B189B0810935C
:101230009823C35868469C224018825868469B18D9
:10124000B8224018825868469B18BC224018825821
:101250009B189B081193C023C3586846C4224018AA
:10126000825868469B18E0224018825868469B18AE
:10127000E422401882589B189B081293C823C35835
:101280006846CC224018825868469B18E8224018CD
:10129000825868469B18EC22401882589B189B087D
:1012A0001393D023C3586846D42240188258684606
:1012B0009B18F0224018825868469B18F422401868
:1012C00082589B189B081493D823C3586846DC2285
:1012D0004018825868469B18F82240188258684681
:1012E0009B18FC2241188A5816A89B189B08C022FC
:1012F0000021159304F0CEF9802206A952002000A7
:1013000004F0CEF9C2214046890001F0D1FFC92383
:10131000DB0001A9E818042204F0C2F90D4B0422F5
:101320000021E81804F0B6F9AEE601231F43D7E622
:10133000F0EB001084450210A0FC01001405000031
:10134000F82C000016050000150500001C05000023
:10135000340500008C050000F0B55746DE464E46C9
:101360004546E0B587B08B4603A9050008004C4B05
:1013700052BAD0CBD0C001230A808B700A000B3345
:101380002800484901F084FF474BC9249846474B41
:1013900000279946464B01909A46A84403E05346DD
:1013A000EB5C032B17D0B0210423424689012800AF
:1013B00001F076FF0A210600280001F097FF013CAA
:1013C0000643E4B23743002C66D04B46EB5C7E2BE1
:1013D000E5D942231F431C2342463649280001F029
:1013E0005FFF019B384303431C214046DCB201F000
:1013F0005FFF314B5B445B1B022B19D95B469B079C
:1014000016D1A3235A46DB00EB5813602B4BEB5845
:101410005360A423DB00EB589360294BEB58D36057
:10142000200007B0F0BCBB46B246A946A046F0BDBE
:10143000A3235A46DB00EB5C1370224BEB5C53702A
:10144000214BEB5C9370214BEB5CD3701B4BEB5C43
:1014500013711F4BEB5C53711E4BEB5C93711E4B76
:10146000EB5CD371A423DB00EB5C13721B4BEB5CD6
:1014700053721B4BEB5C93721A4BEB5CD372104BA9
:10148000EB5C1373184BEB5C5373184BEB5C93736F
:10149000174BEB5CD373C3E701231F439BE7C046A5
:1014A0008C450210F42F0000140500001605000002
:1014B00015050000042C0000E7FAFFFF1C050000E2
:1014C00024050000190500001A0500001B05000096
:1014D0001D0500001E0500001F050000210500007D
:1014E0002205000023050000250500002605000058
:1014F00027050000F0B55746DE464E464546E0B5A6
:1015000087B08B4603A905000800344B52BAD0CBF4
:10151000D0C040230A80CB700A00343B28003049F9
:1015200001F0B6FE2F4BC92498462F4B0027994651
:101530002E4B01909A46A84403E05346EB5C032BE4
:1015400017D0B021042342468901280001F0A8FEEB
:101550000A210600280001F0C9FE013C0643E4B25E
:101560003743002C36D04B46EB5C7E2BE5D942232B
:101570001F43424610231E49280001F091FE019BA3
:101580003843034310214046DCB201F091FE5A4635
:10159000184953185B1B022B0DD993070BD1A323BA
:1015A000DB00EB581360200007B0F0BCBB46B2462E
:1015B000A946A046F0BDA3235A46DB00EB5C13709E
:1015C0000D4BEB5C53700D4BEB5C93700C4BEB5C79
:1015D000D370E8E701231F43CBE7C0468C450210D8
:1015E000F42F00001405000016050000150500008A
:1015F000042C0000E7FAFFFF190500001A0500009F
:101600001B050000F0B55746DE464E464546E0B5A0
:1016100087B08B4603A9050008003C4B52BAD0CBDB
:10162000D0C080230A80CB700A00743B2800384960
:1016300001F02EFE374BC9249846374B00279946B8
:10164000364B01909A46A84403E05346EB5C032BCB
:1016500017D0B021042342468901280001F020FE62
:101660000A210600280001F041FE013C0643E4B2D5
:101670003743002C46D04B46EB5C7E2BE5D942230A
:101680001F43142342462649280001F009FE019B0E
:101690003843034314214046DCB201F009FE214BDC
:1016A0005B445B1B022B12D95B469B070FD1A32324
:1016B0005A46DB00EB5813601B4BEB58536020007D
:1016C00007B0F0BCBB46B246A946A046F0BDA32376
:1016D0005A46DB00EB5C1370144BEB5C5370144BFD
:1016E000EB5C9370134BEB5CD3700F4BEB5C1371A3
:1016F000114BEB5C5371114BEB5C9371104BEB5C3A
:10170000D371DCE701231F43BBE7C0468C450210C1
:10171000F42F000014050000160500001505000058
:10172000042C0000E7FAFFFF1C050000190500006B
:101730001A0500001B0500001D0500001E05000025
:101740001F050000F0B5DE4657464E464546E0B55B
:101750000E000500140083B030008B46042101F018
:10176000A7FDF2782C4B2800EA54B2782B4B2C4979
:10177000EA5472782B4B0027EA543278013BEA5442
:10178000294B220AEA54294BEC549A46284BC92487
:10179000994680234A46DB01AB52F022254B1205C5
:1017A000EA50254A0433EA501F4B9846A8441023B8
:1017B000424601F06DFD019003E05346EB5C032BC4
:1017C00017D0B021042342468901280001F068FDAA
:1017D0000A210600280001F089FD013C0643E4B21D
:1017E0003743002C14D04B46EB5C7E2BE5D94223CB
:1017F0001F43019B58463B431F00042101F058FD45
:10180000F8B203B0F0BCBB46B246A946A046F0BD54
:1018100001231F43EDE7C0461B0500001A05000029
:10182000F02F000019050000140500001505000048
:10183000160500001C0500000501000CF0B5DE4691
:10184000574645464E468B46E0B5040083B0082116
:101850005846150001F02CFD5B46DA79364B200026
:10186000E2545B469A79354B3549E2545B465A79E6
:10187000344B0027E2545B461A79334BE2545B4603
:10188000DA78324BE2545B469A78314BE2545B464D
:101890005A78304BE2545B461A78A323DB00E254BB
:1018A0002D4B2A0AE2542D4BE5549A462C4BC92560
:1018B00099464A462B4BA352A423F022DB00120583
:1018C000E250294B294AE250234B9846A044142366
:1018D000424601F0DDFC019003E05346E35C032B3C
:1018E00017D0B021042342468901200001F0D8FC22
:1018F0000A210600200001F0F9FC013D0643EDB28B
:101900003743002D14D04B46E35C7E2BE5D94223B0
:101910001F43019B58463B431F00082101F0C8FCB0
:10192000F8B203B0F0BCBB46B246A946A046F0BD33
:1019300001231F43EDE7C0461F0500001E05000000
:10194000EC2F00001D0500001C0500001B05000019
:101950001A05000019050000140500001505000017
:10196000160500000080FFFF24050000050100109F
:10197000F0B5DE46574645464E468846E0B504007B
:1019800083B010214046150001F092FC4346DA7BFB
:10199000464B2000E25443469A7B454B4549E2546E
:1019A00043465A7B444B0027E25443461A7B434B41
:1019B000E2544346DA7A424BE25443469A7A414B28
:1019C000E25443465A7A404BE25443461A7AA423DF
:1019D000DB00E2544346DA793C4BE25443469A79C1
:1019E0003B4BE25443465A793A4BE25443461A7908
:1019F000394BE2544346DA78384BE25443469A78FE
:101A0000374BE25443465A78364BE25443461A78F1
:101A1000A323DB00E254344B2A0AE254334BE5544F
:101A20009B46334BC9259A4601235246A352A52310
:101A3000F022DB001205E2502E4B2F4AE2502A4BD7
:101A40009946A1441C234A4601F022FC019003E080
:101A50005B46E35C032B17D0B02104234A4689017F
:101A6000200001F01DFC0A210600200001F03EFCD0
:101A7000013D0643EDB23743002D14D05346E35CDD
:101A80007E2BE5D942231F43019B40463B431F0069
:101A9000102101F00DFCF8B203B0F0BCBB46B24619
:101AA000A946A046F0BD01231F43EDE7270500002E
:101AB00026050000E42F0000250500002405000095
:101AC0002305000022050000210500001F0500007D
:101AD0001E0500001D0500001C0500001B05000080
:101AE0001A05000019050000140500001505000086
:101AF000160500002C05000005010018F0B545464C
:101B0000DE4657464E46314BE0B51A00EDB08846EA
:101B1000143208A9040021CA21C10A001C3303CBD6
:101B200003C22B4B21009A46F422A2445046243192
:101B3000520003F0B5FD4346102B55D0F222254B41
:101B40005200E11850460CF0DBFD234B08220AA995
:101B5000E01803F0A5FDF42352465B0020001F4966
:101B600001F096FB00251E4BAB468046C9269946E0
:101B700025001C4F02E0EB5D032B25D0B021042390
:101B800052468901280001F08BFB0A21040028003D
:101B900001F0ACFB5B460443013E2343F6B29B4697
:101BA000002E00D19EE24B46EB5C7E2BE3D95D46D6
:101BB00042231D4340462843C0B26DB0F0BCBB4633
:101BC000B246A946A046F0BD5D46F3E78445021043
:101BD000140500001C050000F4060000182E00008B
:101BE0001605000015050000F24B0822E01808A9B0
:101BF00003F056FDF4215046490001F059FBAA2399
:101C0000DB0099468022A144494652002CA803F0EB
:101C100047FDE94B0CAEE318190080223000009319
:101C200003F03EFD2D9A2C9B2F989B18349A9B18FD
:101C3000359A9B189B082C930023F25E0221735E59
:101C4000D2181021735ED2181221735ED2180323AA
:101C5000D117194089182E9A890312183698090C41
:101C600012183798121892082D920622B05E042599
:101C7000725F80181425725F80181625725F309D80
:101C80008018C2171A401218319892104019389DC6
:101C900012044019399D1143401980082E900825DF
:101CA000705F0A27F55F40191827F55F40191A275A
:101CB000F55F90274019C5171D404019329D8003DC
:101CC000AC46339D000CAC443A9DAC443B9DAC44C7
:101CD0006546AD082F9501910E21755E0C21725E4F
:101CE00052191C21755E52191E21755EAC46944432
:101CF0006246D2171A4062449210120410430290B6
:101D00003C9A3D9812184498121845981218920857
:101D100030922221705E2021725E12183021705E96
:101D200012183221705E1218D017184080463F9862
:101D300090443E9A12184698121847981218920822
:101D400031922621705E2421725E12183421705E59
:101D500012183621705E1218D01718408446419828
:101D60009444409A121848981218499812189208E8
:101D700032922A21705E2821725E12183821705E1C
:101D800012183A21705E429D1218D0171840801820
:101D9000439A800352194A9D000C52194B9D5219C7
:101DA0009208339245466246AD03921012042D0C00
:101DB000154303952E21755E2C21725E52193C212C
:101DC000755E52193E21755E08A9AC469444624680
:101DD000D2171A40624492101204104304908022D9
:101DE000842008ADC91990350858AA5808A91218B6
:101DF000A020C919085808A91218A420C919085800
:101E00003D0012189208349242204022305EB25EA9
:101E100012185020305E12185220305E08A9121895
:101E2000D01718408446944488228C20C9198A58B7
:101E300008A9C919085808A91218A820C9190858CA
:101E400008A91218AC20C91908581218920835921E
:101E500046204422305EB25E12185420305E1218C2
:101E60005620305E08A91218D0171840801890220A
:101E7000C9198A5808A990469422C9198A58B021CC
:101E8000424417000A0008A949198A58B421BF180A
:101E90000A0008A949198A58801090463A0042441D
:101EA000920836924822B25E000490464A22B25E00
:101EB0005821715E424452185A21715E5218D1174E
:101EC0000D0098211D4057190A0008A990318D581E
:101ED0000432110008AA05959032059D5258AD189C
:101EE000B822110008AA05959032059D5258AD18E8
:101EF000BC22110008AA9032525805959046059DC3
:101F0000A84442469208379262469203120C15008A
:101F100005434C200595325E02309446305E5C22CB
:101F2000B25E604480185E22B25E08A99446844482
:101F30006246D01718406044BA0380100004120CA7
:101F400002430692C022C42090318A582CA9085816
:101F50002CA91218E02008582CA91218E4200858BF
:101F600012189208389262206022305EB25E121817
:101F70007020305E12187220305E2CA91218D01713
:101F8000184084469444C822CC208A582CA908586A
:101F90002CA91218E82008582CA91218EC2008586F
:101FA00012189208399266206422305EB25E1218CE
:101FB000742003E02405000054060000305E12186F
:101FC0007620305E2CA91218D01718408018D02225
:101FD0008958043288462CA98A58F0210F002CA970
:101FE000C95942445218F4210F002CA9C959801034
:101FF000521892083A926822B15E02328846B25E66
:102000007821715E424452187A21715E00045218A0
:10201000D1170D00D8210F0008A91D409031521989
:10202000CD59DC210F0008A907959031079DC959AA
:1020300092036D18F8210F0008A907959031C9592E
:10204000079D120C6D18FC210F0008A99031C95989
:1020500007958846079DA844414689083B916146FB
:102060008903090C0D0005436C20315E02308C465B
:10207000305E7C21715E60448C4684447E20A8469C
:10208000305E039D6044C1170B401B189B101B045E
:102090001A43019B02980C93069B0D9011934346A3
:1020A00004980E95059D0F9013920021602214A8AC
:1020B0001293109503F0EEFAC02200213CA803F021
:1020C000E9FA80222CA94846520003F0E9FA3100CF
:1020D0008022009803F0E4FAF4215046490001F010
:1020E000E7F82BE51D0001231D4363E5F0B5002251
:1020F00083B00F001349050001F0BCF86B469E1D2C
:10210000040032000021280001F0ACF86B460121E8
:10211000DA1D0443280001F0A5F80222044309490E
:10212000280001F0A7F8327820430023C0B2F02A3B
:1021300004D16B46DB790C3B5A4253413B7003B0F0
:10214000F0BDC046FF7F0000F0B5DE4657464E4664
:102150004546E0B5FA4B87B0039301230022049370
:10216000F84BF94903620093F84B0400C361F84B44
:10217000C926C25401F07EF804220500092120007E
:1021800001F078F840220F210543200001F072F899
:1021900003220A210543200001F06CF802AB9A1CCF
:1021A000E9490543200001F05DF801220C210543B7
:1021B000200001F05FF8022100220543FF312000DA
:1021C00001F058F88121002205434900200001F068
:1021D00051F88521012205434900200001F04AF809
:1021E0000122DC490543200001F044F80022D949CE
:1021F0000543200001F03EF88521032205434900F4
:10220000200001F037F8042101220543FF312000AE
:1022100001F030F800220C210543200001F02AF8DB
:1022200043220F210543200001F024F8012105433A
:10223000200001F05BF840220F210543200001F04F
:1022400019F801220A210543200001F013F8642146
:102250000543200001F04AF800220543BA49200056
:1022600001F008F80543A9460025BB4BAA4698464D
:102270001F002500A044012342460621280001F04A
:102280000FF80A210400280001F030F853460443F7
:10229000013E2343F6B29A46002E00D1CDE1EB5D1C
:1022A000012BE8D12C004B4655462B43DBB29B4615
:1022B000002B00D0B9E101220E21200000F0DAFF4E
:1022C00002220600A049200000F0D4FF01229E490E
:1022D0000643200000F0CEFF012206430621200025
:1022E00000F0C8FF350000230543AA469946C926D9
:1022F0002500994F012342462121280000F0D0FFFC
:102300000A210400280000F0F1FF4B460443013E7F
:102310002343F6B29946002E00D12EE2EB5D042B4A
:10232000E8D12C0055464E4600228749200000F097
:10233000A1FF2E4302AB9A1C83490643200000F004
:1023400091FF01220C210643200000F093FF0022A0
:102350007D490643200000F08DFF02210022064344
:10236000FF31200000F086FF812100220643490052
:10237000200000F07FFF8521012206434900200054
:1023800000F078FF012273490643200000F072FF3D
:10239000002270490643200000F06CFF85210322D3
:1023A00006434900200000F065FF04210122064396
:1023B000FF31200000F05EFF002268490643200044
:1023C00000F058FF432266490643200000F052FF08
:1023D000032263490643200000F04CFF01226049BC
:1023E0000643200000F046FF00225D49064320001E
:1023F00000F040FF00225B490643200000F03AFF56
:10240000002259490643200000F034FF00224E49C3
:102410000643200000F02EFF02AB9A1C4A490643F7
:10242000200000F01FFF012247490643200000F072
:1024300021FF092244490643200000F01BFF8023AE
:102440004A4F1B023A0000210643200000F020FF03
:102450000A223D490643200000F00CFF80231B02A6
:10246000FA1800210643200000F012FF0B22364923
:102470000643200000F0FEFE80235B02FA18A02332
:102480000021DB010643200000F002FF01222E495B
:102490000643200000F0EEFE01222B4906432000F7
:1024A00000F0E8FE032206210643200000F0E2FED1
:1024B00005210643200000F019FF002222490643AF
:1024C000200000F0D7FE02AB9A1C1F4906432000F3
:1024D00000F0C8FE01220C210643200000F0CAFED5
:1024E000002219490643200000F0C4FE8A21002280
:1024F00006434900200000F0BDFE162100220643DD
:10250000FF31200000F0B6FE8B2142220643490035
:10251000200000F0AFFE182100220643FF3120000A
:1025200000F0A8FE00220B210643200000F0A2FECE
:1025300002AB9A1C04490643200000F093FE17E00A
:1025400001000100B0EE0010FF7F0000B8F10010A4
:102550001409000002400000140500000F400000B4
:102560001A020000190200001B02000084F500108E
:1025700000220C210643200000F07CFE01220643CD
:102580000B21200000F076FE02AB0643DF1C05ABFA
:102590009A4601960123FA2699465D4676000BE09D
:1025A0000121200000F0A2FE4A463B781A4217D1D2
:1025B000013EB6B2002E13D03A000621200000F0F2
:1025C00051FE3B7805437F2BEAD952460721200074
:1025D00000F048FE53464A461B7805431A42DFD0B6
:1025E0002B00019D1D43EBB29B46002B1DD1022207
:1025F0006E49200000F03EFE0423424606006C496E
:10260000200000F04DFE04210643404600F050FE3D
:102610000422414605A803F043F8664B059A9A4206
:1026200014D005253543EBB29B46584607B0F0BCA5
:10263000BB46B246A946A046F0BD1D004B462B4303
:102640001D0001231D43EBB29B46EEE7282320002B
:10265000594A5A4900F01CFE002335009946584B50
:102660000543C9269A46574F019503E0E35D022BC7
:1026700000D18CE0B021042342468901200000F003
:102680000FFE0A210500200000F030FE4B460543F6
:10269000013E2B43F6B29946002E00D180E053460E
:1026A000E35C7E2BE2D94A4642231A439146019DC0
:1026B000F6234E465B0042464349200000F0F0FD01
:1026C0002E430643F422200052004146243002F0FB
:1026D000E7FF10212000FFF711FA8323C2229B009D
:1026E000920000990643E01802F0DAFF1021200062
:1026F000FEF7AAFCF32306439B002000E26933495E
:1027000000F0C6FD35002E4B0543A946C9269A4662
:1027100025002F4F02E0EB5D032B35D0B0210423C1
:1027200042468901280000F0BBFD0A210400280070
:1027300000F0DCFD5B460443013E2343F6B29B46BA
:10274000002E26D05346EB5C7E2BE4D95A4642231A
:102750001A432C0093464D465B461E4A03A92000AF
:102760001D43FEF7EFFF1C4A054304A92000FEF7B6
:10277000E9FF0543EBB29B4657E74A4601231A435C
:102780002C0091465546CEE52C004D46E4E7019DD0
:102790008EE75A4601231A432C0093464D46DBE749
:1027A0004A4601231A439146019D81E7FF7F0000BD
:1027B000FC2F00009E6C0B0C88EE0010D82F000040
:1027C0001605000014050000042C0000342C000045
:1027D0001505000080DB000064D9000070B5002200
:1027E0000E000A49050000F045FD720804000421AE
:1027F0002800D2B200F03EFD2E80044302222800C1
:10280000024900F037FD2043C0B270BDFF7F0000D9
:10281000F0B5DE4657464E464546C023E0B5002596
:10282000A3B09B000C93DB4BDB4AC71839000D9516
:102830000E950400FEF7E6FED64BD84A0490A25C43
:10284000E35CD74E5343DBB29946FF232375330035
:10285000A5610296243312AA23CB23C21B68CC465F
:10286000136016AB9A4633005246343323CB23C24F
:1028700023CB23C223CB23C223CB23C20F218846E1
:102880004946C84D09015346002201268B46129540
:10289000039714E00007070F01970C2F1BD8404641
:1028A0001F8807405846074360461F80019F7843B2
:1028B00041180431A161013204330C2A0FD0196888
:1028C0000029F8D02900D1400E42F4D047461878AC
:1028D000A1690742DED1188800094118E9E7A36918
:1028E000302118335046A361039F00F0E1FCA3237D
:1028F000DB009C46A44463463022514618000193F5
:1029000002F0CEFEA34BA84A2000E250F02234335E
:102910001205E250A54BA64AA649E2503C233A00D4
:1029200000F0B6FC00239B46A34BC92598469B4B61
:10293000039099465B46BB461F0004E04B46E35CB0
:10294000032B00D103E1B02104235A468901200062
:1029500000F0A6FC0A210600200000F0C7FC013DA3
:102960000643EDB23743002D00D103E14346E35C5B
:102970007E2BE3D93B001A0042231A435F4693465D
:102980005046302100F094FCA3698C4A0D930D232E
:102990000DA920000E93FEF751FF894A059012A958
:1029A0002000FEF7E5FF002286490690200000F097
:1029B00061FC052209210790200000F05BFC022247
:1029C00080490890200000F055FC042309907E49BE
:1029D00020000CAA00F05CFC774BB84699466F4B80
:1029E000C9259A46002726000A9004E05346F35C66
:1029F000032B00D1AFE0B02104234246890130000F
:102A000000F04EFC0A210400300000F06FFC013D94
:102A10000443EDB22743002D00D1A5E04B46F35C03
:102A20007E2BE3D9340042233E0047461E43029BDF
:102A30000FAA083323CB23C2644B0CAA9381C02373
:102A40002000D3736249B43B0FAA00F021FC00239D
:102A50009846594BC9259946504B0B909A46434688
:102A60000296B8461F0004E05346E35C032B00D1F6
:102A700075E0B021042342468901200000F010FCDB
:102A80000A210600200000F031FC013D0643EDB2B2
:102A90003743002D00D174E04B46E35C7E2BE3D935
:102AA0003B001A0042231A4347469046029E1823D1
:102AB0003A004849200000F0F3FB18218146380015
:102AC00000F0F6FB0C22019938000BF019FE424B86
:102AD0000222E1180FA802F0E3FD6B469A8FA3696A
:102AE000FF259A421FD1039A049B4D4613435A4631
:102AF0001A431300059A1A431300069A1A43130047
:102B0000079A1A431300089A1A431300099A1A43A2
:102B100013000A9A1A4313000B9A33431A43130003
:102B200042461A431543390020002C4AFEF76AFD3D
:102B30002B4B2843E35CC0B2002B01D00323184386
:102B400023B0F0BCBB46B246A946A046F0BD3B0050
:102B50005F469B4614E734003E00474667E73B006C
:102B6000029E47469846A2E7340001233E004746AE
:102B70001E435CE73B001A0001231A435F4693465D
:102B8000FEE63B001A0001231A434746029E904688
:102B90008DE7C046140500005054000015050000E4
:102BA00084450210A7050000D98003004C050000F1
:102BB00005010038C42F00001605000068D9000088
:102BC00070D90000FF7F0000FC2F0000544000007F
:102BD000F42F0000042C00001C050000C4E00000DD
:102BE0001A050000F0B5C646032300B582B06B4459
:102BF000984600234246019313703D49043301AACD
:102C0000050000F04DFB3B4B019A07009A4203D0B0
:102C1000394BEB5C002B2DD042460621280000F0FA
:102C200021FB43463C001B7804437F2B4DD80022F8
:102C30002800324900F01EFB002214210443280022
:102C400000F018FB002215210443280000F012FBBD
:102C5000042209210443280000F00CFB0222044353
:102C60002649280000F006FB2043C0B202B080BC19
:102C7000B846F0BD00222149280000F0FBFA1622D8
:102C800004001521280000F0F5FA01220443142164
:102C90002800274300F0EEFAF6240743FF340FE044
:102CA00042460621280000F0DDFA0A21060028002D
:102CB00000F01CFB013C0643A4B23743002C13D0A8
:102CC00043461B787F2BEBD9A6E742460721280015
:102CD00000F0C8FA43461A78044313007C33DBB291
:102CE000012BA4D91443A2E743461B781F4393E763
:102CF000FC2F0000FF04000014090000FF7F00000B
:102D0000174B70B50400C2180E000423002100F018
:102D1000C7FA134B257D9C46E25C124B0100E35C35
:102D2000954205D0FF2A03D00F4AA25C052A09D09C
:102D30005BB2002B03DA0D4BE35C1943C8B20023EE
:102D4000337070BD094D655D2A40052AF0D1DA0661
:102D5000EED5012333706346E35C2375F1E7C0468B
:102D600014050000170500001505000016050000F9
:102D7000F0B5DE46454657464E46E0B5674B060081
:102D8000C4182200836983B00D00002100F088FA86
:102D9000624B0700F35C804633752000318B00F0F6
:102DA00087FAB3699C46102B00D8B0E042239946BD
:102DB0002B000F21A944C233CB4610228A469946E4
:102DC000A846574C0097019714E056498B4200D112
:102DD0007EE055498B420AD14346581CA323DB00B1
:102DE000D218B1183A0002F05BFCB3699C467A191C
:102DF000944529D9494B5546D118735C775A1B071E
:102E00001B0F701819000E3129403F090A2900D8FC
:102E10005F434388151DA34200D16DE0D5D94349D6
:102E20008B425ED042498B42E1D1A3234046DB0076
:102E3000D2184330B118FF303A0002F031FCB369C8
:102E40007A199C469445D5D8009A4B464546D946B2
:102E50009046019F4C4619000320A94600228D5E32
:102E6000EA170240521992100A8022880231D209D0
:102E700022800234A342F1D14D4628004230012382
:102E8000FF21FF3002E00133412B06D0EA5C002A2B
:102E9000F9D1C1540133412BF8D16346A22225490F
:102EA000F318715A2448D2009A5C49BA1B5C12028A
:102EB00089B21343994203D002231F43FBB29846C1
:102EC000404603B0F0BCBB46B246A946A046F0BDA2
:102ED000A423B218DB00D35C42461370B3699C464E
:102EE00085E7A323DB00D218B11848463A0002F068
:102EF000D7FBB3699C467AE7A323DB00D218B1184D
:102F000058463A0002F0CCFBB3699C466FE7422377
:102F100099462B00A944C2339CE7C0461405000023
:102F2000C4DE0000B454000084DB000044DF000075
:102F300084E000001C05000011050000F0B5C64645
:102F400005000E0000B5102939D07F24402928D172
:102F50002C4B2D4A9C4684446146A327E046FEF74D
:102F6000FBF91023294AFF00EB55AB540122284BF3
:102F70000400EA544146244A2800FEF7F9FC254A99
:102F8000044341462800FEF73DFB1E4B224A044302
:102F9000EA52224B414628001E4AEB53FEF74EFCF4
:102FA000044331002800FEF7A9FD31000443280046
:102FB000FEF74AF82043C0B280BCB846F0BD114BC2
:102FC000114A9C4684446146A327E046FEF7C4F9B3
:102FD00040230E4AFF00EB55AB5404220C4B040077
:102FE000EA544146084A2800FEF7C2FC094A044355
:102FF00041462800FEF706FB024B084A0443EA520A
:10300000054BC7E71405000038AD00001A050000A5
:103010001D050000505400000808000004040000D2
:10302000F0B5DE46574645464E46374BE0B5984626
:10303000804483B00C00354A41460500FEF75AFA39
:10304000334B0421EC5483464046994600F030F956
:10305000A323DB0004224146E81802F021FB54229E
:10306000294B4021EA5458234A46AB540022294BAD
:103070002800EA549A46284BC924E954274B313991
:10308000EA54EB18D9700A39197104395A709A70D8
:1030900059719A71224B0C32EA542249102342464C
:1030A00000F0F6F80027019003E04B46EB5C032BA1
:1030B00017D0B021042342468901280000F0F0F81F
:1030C0000A210600280000F011F9013C0643E4B291
:1030D0003743002C15D05346EB5C7E2BE5D94223B9
:1030E0001F435C46019B404604211C4300F0E0F86E
:1030F0003C43E0B203B0F0BCBB46B246A946A04692
:10310000F0BD01231F43ECE71405000058540000F4
:103110001505000016050000170500001C0500003D
:1031200023050000F02F0000F0B5DE464546574667
:103130004E460023E0B585B00393424B0C00984601
:1031400080444146404A0500FEF75CFA8346012C64
:1031500000D170E0032C6BD1022201233B49039381
:103160006C543B496A540821404600F0A1F8A3235F
:10317000DB0008224146E8180BF0C2FAAD22314BC1
:103180008021EA54314B28009A4630235246AB54F2
:103190000022304BC924EA5499462D4B0027E954AC
:1031A0000933EA547139EB18D9700A3919710439A5
:1031B0005A709A7059719A71274B1032EA54274904
:1031C0001423424600F064F8019003E05346EB5CA0
:1031D000032B17D0B021042342468901280000F0B8
:1031E0005FF80A210600280000F080F8013C064341
:1031F000E4B23743002C21D04B46EB5C7E2BE5D963
:1032000042231F435C46019B404608211C4300F0BB
:103210004FF82800124A03A9FEF794FA3C432043D2
:10322000C0B205B0F0BCBB46B246A946A046F0BD50
:103230007F239B4697E7032200238FE701231F4349
:10324000E0E7C0461405000030AD000015050000A1
:10325000170500001605000027050000EC2F0000F0
:1032600064D90000030010B500699C680123A047E1
:1032700010BDC04610B582B0030010006A465C68FD
:103280000732107018690123A04702B010BDC04674
:1032900010B50469A44644686046A04710BDC04606
:1032A00010B50469A44684686046A04710BDC046B6
:1032B00070B50E0082B0002915D0040000252378D7
:1032C00062781B0612041343E27820001343A278AD
:1032D00001A912021343043504220193043402F0BD
:1032E000DFF9B542EBD302B070BDC046030010B5A4
:1032F0000069DB68984710BDD023F0B5DE464E4626
:10330000454657461B061A68E0B5A64B910088460D
:10331000595853009B18A44A1B0183B09B189B4625
:1033200000260191002939D0A04B0F279A465A4612
:10333000F30808339B009D58012334009946083652
:10334000002D22D0390029402D0900291AD05346DA
:1033500042469A582300E240203BDB1713404A467E
:1033600013420DD107220800224092009040020033
:10337000E3088F483C339B001A502000019B98477C
:10338000002D02D00134B442DCD3202ECFD103B0C3
:10339000F0BCBB46B246A946A046F0BD0F23834A07
:1033A0000192CC08220058460F00083292001258B1
:1033B0000837002A00D1CDE01800104084461009DB
:1033C00013421AD04546019E7559AA4620256D42E2
:1033D000A94689444D46ED17A9465546CD402E00D5
:1033E0004D4635400126354204D16646704D3C3489
:1033F000A4006651002800D1ACE01C000440A446A3
:10340000140A034219D0481C81464046019D4E468D
:10341000285805000800F5401F38C017284001252E
:10342000284207D165462D01F0082E003C30604D42
:1034300080004651002C00D18CE0180020408446CA
:10344000100B234211D08C1CA1464446019D4E46D0
:103450002C5925000C00F5401E3CE4172C4001259A
:103460002C4200D181E0002874D01C000440A44606
:10347000140C034210D0C81C81464046019D4E46A4
:10348000285805000800F5401D38C01728400125C0
:10349000284273D0002C5DD0180020408146100DCA
:1034A00023420ED00C1DA4464546404C6459654647
:1034B000EC4025000C001C3CE40F2C4267D0002897
:1034C00048D01C000440A446140E034217D0481DE7
:1034D00081464546354840594D46E84005000800BC
:1034E0001B38C00F284208D1654648462D052E00DE
:1034F000C0082F4D3C3080004651002C2AD01800C7
:1035000020408446120F234229D0454627488C1D6F
:1035100082464059E040050008001A38C00F284292
:1035200006D1E0086446224D3C3024068000445118
:103530000731002A0ED05046444604590800CC40BA
:103540002038C00F204205D1C90819483C31120764
:1035500089000A50202F00D119E7390021E7002AFD
:10356000F8D0124807318246E5E765462D02F40897
:103570002E003C340E4DA400665174E765462D03C1
:10358000F0082E003C300A4D8000465182E74D463F
:1035900064462D042E00E408054D3C34A400665119
:1035A0008DE7C046D43F002000410140DC440020AC
:1035B0000040014010B54024074A83009A18126861
:1035C000C0005440C0222240044C1B191A60044B16
:1035D000C018416010BDC04604C0014004D0014085
:1035E00000400140064B8000C3181B68C9009200D0
:1035F0000A435A400C231340024A80180360704764
:1036000004C0014004D00140D02330B507241B067C
:1036100015001A6853009A18C308204080008140A2
:103620001800084C3C30120180009B0001519B188F
:10363000002D03D0044A9B18196030BD034A9B1823
:103640001960FAE70040014000610140007101404B
:10365000F0B5C40846469846A3004F46994607234E
:103660000340D0259B00D64699402D06C0B51700D3
:103670000E002A68002F1AD12B4B3C34A400E150D5
:1036800053009B181B01294A4B449B1819602C6856
:10369000274FA4003B59002B25D04346002B38D0A0
:1036A00043463B51E0BCBA46B146A846F0BD204F68
:1036B00093009A46FB58002B1FD04346002B2DD079
:1036C00053464146F950184B3C34A400E650530091
:1036D0009B181B01174A4B449B1801210D201E60AB
:1036E00000F022F9DEE74346002BDBD000220D205C
:1036F00011493B5100F078F9D4E74346002BE2D062
:1037000052460D20BB500C49002200F06DF92A688A
:10371000D9E70D20084900F043FAC1E70D2006491A
:1037200000F03EFA2A68CBE70040014000710140FA
:10373000D43F002000610140F93200100123D02263
:103740008340120693629361084A83009A181168B5
:103750004022514080320A400549C0005B181A607F
:10376000044BC018052343607047C04604C00140A5
:1037700004D00140004001408023DB051868000FA1
:103780007047C0460FB400B5084883B003F082FD0F
:10379000049B002B07D005A91800019103F066FBDC
:1037A000034803F077FD012003F078FBFCEB0010E9
:1037B000F8EB001070B58C461600EFF3108472B66B
:1037C0000F490B68002BFCD0BFF35F8F6346DB080B
:1037D000C5180722C05C63461A40012393401A00B3
:1037E0000240034207D118432870BFF35F8F0A607D
:1037F00084F3108870BD61463000FFF7C3FFC046F8
:103800002C0100D0F8B5CE4647468C4680B51C004A
:10381000EFF3108872B61C490B68002BFCD0BFF385
:103820005F8FA24221D80723994602E001329442D9
:1038300018D34946012611408E40D308C718C35CEF
:103840001E42F3D1100033433B70BFF35F8F002261
:103850000D4B1A6088F3108800280EDBC0BCB946F7
:10386000B046F8BD01204042EFE7BFF35F8F002371
:103870000B6088F31088012040426346002BEDD096
:103880000898FFF77FFFC0462C0100D0044A10784B
:10389000431CDBB2172B00D9102313707047C046AE
:1038A0000010002000B5054B83B0010000931822E2
:1038B0001F230348FFF7A6FF03B000BD0CEC001068
:1038C000E43F00200021044B044ABFF35F8F02C392
:1038D0009342FAD17047C046000100D0800100D069
:1038E000084B094A1360094A1360094A1360094AE0
:1038F0001360094A1360094A1360094A1360094AB0
:10390000136070478080808000E400E004E400E001
:1039100008E400E00CE400E010E400E014E400E05F
:1039200018E400E01CE400E01F2318401E3B834025
:10393000002905D0C021044A490053501360704744
:10394000802201498B50FAE700E100E00122824029
:10395000034B1B6813405A1E9341D8B27047C046B0
:1039600000E100E001238340014A13607047C04634
:1039700000E200E0054B10309B688000C358044A09
:1039800000209B1A47229A424041704700ED00E018
:103990000410002010B5EFF3108C72B60F4A1368B4
:1039A000002BFCD0BFF35F8F0D4B10309B68800065
:1039B0001B580C4A934201D099420CD1084B9B688A
:1039C0001950BFF35F8FBFF35F8F0022034B1A6064
:1039D0008CF3108810BD01F0FDF8C046240100D022
:1039E00000ED00E0C1010010F0B5DE4657464E463E
:1039F0004546E0B58B4685B0EFF3108872B61600E9
:103A00005B4A1368002BFCD0B246BFF35F8F0025E2
:103A100058494D57002D00DAA8E06B00564A019333
:103A20005B199B00D418A77910300F7053498000A0
:103A3000896884460F58B91A472933D801203900BC
:103A40008143CE79564500D86AE0A1465646039395
:103A500007E05800C01880001018C479B4424DD94E
:103A600001000623CB56002BF3DA081D4C46B24664
:103A700081460293424B4E46043CA41B2405414E12
:103A8000640D34438C808D71019949198900521855
:103A90009380029B3C4993715346D3715B461160FE
:103AA000936017E039498F4260D139490127D152DB
:103AB00038490233D3180439CB1A324A1B055B0D3F
:103AC00013436380344BE671A380FF23A3715B46ED
:103AD0002743A3606246294B9B689F50BFF35F8FCB
:103AE000BFF35F8F0022224B1A6088F3108805B065
:103AF000F0BCBB46B246A946A046F0BDB2460E1D7C
:103B00004C46B14688880293039B40050015043358
:103B10004844D318C31A1B051A485B0D0343AAE790
:103B20009E1CB14691444E460F001C4DBF1A7F416A
:103B30007D432D0D164FA571D752164F0433043F08
:103B4000D318BF1BCB1A3F05043B7E0D1B050D4F41
:103B50005B0D3E431F435346E3715B46A3600A4B34
:103B6000A7806680044327000B60B3E701F032F8BA
:103B7000240100D0114600200410002000ED00E0D8
:103B800001BD000000E0FFFF01488047C1010010B7
:103B900000A1FFFF4C10002001BDFFFFAAAA0000FA
:103BA000F0B5DE4657464E464546E0B583B0EFF3E6
:103BB000108972B65D4A1368002BFCD0BFF35F8F8B
:103BC0005B4B5C4E9A68030010339C001259984678
:103BD000B2423BD08A424CD0574FBC46D71B472FEE
:103BE00034D8564B1F271D680740AA460125BD4003
:103BF00080270195DD51BFF35F8FEFF30585AB465D
:103C0000002D38D101231D00854028005546054070
:103C1000100098438768AA46B94208D17CE0730037
:103C20009B199B0063449F68B9422DD0180006265B
:103C30008657002EF3DAB9424CD05346002B1ED0E3
:103C4000C0213E4B0198490058501860384B9B6882
:103C50001A51BFF35F8FBFF35F8F0022334B1A609F
:103C600089F3108803B0F0BCBB46B246A946A04613
:103C7000F0BD3200EAE7A845C4D000F0ABFF8023D6
:103C80002E490198C850E1E70627DF57002F22DBB5
:103C90007900C81985002E006644B0689860F079F4
:103CA000D871062030569871002826DB6046B68809
:103CB000C01A76053615761980190005204E400D7C
:103CC00030439880CB191F499B0008786344987152
:103CD0000F70B2E703005946002910D1FF318171FE
:103CE00019498180174865460178997117495B1B0E
:103CF0005B415943090D01709FE71348E1E71449FF
:103D00001448C91A08394E02760D3043988012487B
:103D100049080143D98090E70627C7570300002FC1
:103D2000B6DA59460029EAD13200DBE7240100D097
:103D300000ED00E0C10100100410002000E100E0EF
:103D400000E0FFFF1146002001BDFFFFAAAA00000E
:103D50005610002000F0FFFF00F8FFFF012303438F
:103D600070B59C46EFF30581EFF3108572B6274AD4
:103D70001368002BFCD0BFF35F8F254A0400254B4E
:103D8000A41A644163431B0D234C8900A6685BB2EF
:103D90007658664524D006215156994224D01221E6
:103DA000515699422AD01E215156994228D02A2193
:103DB0005156994226D036215156994224D042215B
:103DC00051560524994210D0144A1178137081710C
:103DD000BFF35F8F00220D4B1A6085F3108870BD12
:103DE000A2680F4C5450EFE70024610009198900C4
:103DF0005218FF2191710B499180E5E70124F4E706
:103E00000224F2E70324F0E70424EEE7240100D0C3
:103E100004100020AAAA000000ED00E011460020D6
:103E2000C101001001BDFFFF00B5074B83B00100C9
:103E30000093002205230548FFF7E4FC002801DB7E
:103E40001F23181A03B000BD28EC001015460020EF
:103E5000024BC918890001607047C0464000003419
:103E600070B5114C114DAC420FD2FF262368002BC8
:103E70000CD0FFF70BFD01002000FFF7E9FFA68043
:103E8000BFF35F8F0834AC42F0D370BDFFF7FEFC88
:103E900001002000FFF7DCFF2671BFF35F8F0834BD
:103EA000AC42E3D3F1E7C046BC170020C4170020A2
:103EB00010B50400FFF7EAFC01002000FFF7C8FF7F
:103EC000FF232371BFF35F8F10BDC04610B5040000
:103ED0000120FFF7E7FC034BC01880002060BFF310
:103EE0005F8F10BD40000034034BC918890001608A
:103EF000BFF35F8F7047C046400000340A4B19681B
:103F0000EFF3108072B60A68002AFCD0BFF35F8F0F
:103F10001B68BFF35F8F00221A6080F3108840BFD8
:103F2000002000217047C046F0450020F0B5DE4675
:103F300057464E464546E0B585B0EFF3058303226C
:103F40001A40B34B91005F58012393409B46029265
:103F50005A468846AF4B1A60AF4B03935B46AF4857
:103F600043630823FE5E002E37DABB881BB2002BAA
:103F700000DBA4E0BB79002B00D0E5E00823F95E6C
:103F8000002920DB4B007A695B18DB00D3189D68A1
:103F9000DC686B1C00D104E1A04801004144826A46
:103FA0000B69AE1A9B1A9E4215D30123026A02982E
:103FB00083401A420FD0994800F0C0FB8C4202DCCB
:103FC000CCD18542CAD940BF05B0F0BCBB46B24691
:103FD000A946A046F0BD0D61EDE77A6973009146F0
:103FE0009B19DB0099444B469C68DD6800F0A6FBFA
:103FF0008D42BADC00D1F6E0002D00DADBE04A4663
:104000004B4652691B699246039A934200D1CCE019
:104010004A460821785E528800045146104398476A
:10402000009001910099019A0B00134300D1C2E066
:1040300013000A00002B00DBD9E020002900801AC1
:1040400099414B469860D96000229B5E002B00DAB4
:104050008BE75D007C69EA18D200A218009494688E
:10406000D268A2468A4200DD7FE702D1844200D9AD
:104070007BE70824A4463B81BC44009C00972F00AA
:104080006546B4463E0006E05E00F218D200A21873
:104090009768D268BA468A4207DC00D1B4E0F318C8
:1040A000DB00E518E35E002BEEDA66464A46009F29
:1040B00013802E80BB881BB2002B00DA5AE73A69C6
:1040C000EFF3108172B61368002BFCD0BFF35F8F43
:1040D0000123BE885B42BB8036B23B69BFF35F8F72
:1040E00000221A6081F31088002E00DA42E73B00BC
:1040F00008333A0099467D6973009B190824115FC3
:10410000DB004846EB18002913DB9C680093A446AB
:10411000DC6806E0A34240D00023F95E38000029A5
:1041200006DB4F007F18FF00EF19FB68A342F1DDAB
:10413000009B068000201E5E1980002EDCDA17002E
:10414000BB79002B00D119E70023BB710823F95E6E
:104150004B1C00D137E73D000835AC467C6903E0D5
:1041600084464B1C00D109E74B005B18DB00E018CC
:104170000A00E15E43881BB2002BF1DA01256D4293
:10418000EE178560C66008257B5F9342E9D06346E1
:1041900019803B8903803A81E3E7BB686345BBD95B
:1041A000C6E7631C00D0F7E605E7534650461B6997
:1041B0009847002823D14B461B883A693B81EFF38F
:1041C000108372B611680029FCD0BFF35F8F494697
:1041D0007A880A803A697E80BFF35F8F0021116080
:1041E00083F31088C1E6844200D805E7BDE60B489A
:1041F00000F0A4FA009B019CC018614121E75346DE
:104200000CCB009201930DE7824500D847E74CE7BD
:10421000C44400203C7005402D3F00100040054084
:1042200070B52D4C2569002D04D00A212B48FFF7CD
:104230000FFE70BD2A4E0321294800F075FAE66092
:10424000FFF724FB274B0322C018D02322701B0644
:104250001B6801216370244B8000A3600F23206141
:104260000220638063694942A18019800231198666
:1042700047311D83585218315A5275325C39995260
:1042800018320131995218320131995218320131E4
:104290009952083518329D5202311832995218320B
:1042A0000131995218320131995218320131995223
:1042B0001832013199521832013199520B4B0C4985
:1042C000DC6001303562FFF765FB01210320FFF759
:1042D0002BFB084B1D60A8E770100020F045002064
:1042E0000040054040000034FFFF1000C44400209F
:1042F0002D3F0010386005400048704770100020C6
:10430000F8B51F0008AB1B7804001600002B07D17E
:1043100000F01CFA32003B00121A8B41002B51DBDB
:104320002269EFF3108C72B61368002BFCD0BFF338
:104330005F8F0223E15E256900293ADB4B0060694B
:104340005B18DB00C218C35A6380BFF35F8F002382
:104350002B608CF31088069B9660D7601361079BD7
:104360005361538801335B045B0C181C002B1ED077
:1043700083B25080080418432569EFF3108672B6A3
:104380002B68002BFCD0BFF35F8FA3881380A18024
:104390002369BFF35F8F00221A6086F310882378A9
:1043A00001329A400849E3685B181A60F8BD0120A1
:1043B000DEE7BFF35F8F00232B608CF310880120B2
:1043C0004042F3E70020F1E73C20000070B582B0E6
:1043D0000092019301000269EFF3108472B6136832
:1043E000002BFCD0BFF35F8F0223C85E0D6900284D
:1043F0003FDB4A69430016001B18DB00D218F35A52
:104400004B80BFF35F8F00232B6084F31088069BE3
:104410001361079B5361009B019C9360D460538898
:1044200001335B045B0C1D1C002B20D0ACB20304D9
:10443000558023430D69EFF3108C72B62C68002C65
:10444000FCD0BFF35F8F8C88148088800A69BFF32B
:104450005F8F002010608CF310880A780130904044
:10446000CA68084952181060180002B070BD0125D2
:10447000DCE7BFF35F8F00232B6084F31088013BE0
:10448000F2E7C0463C20000010B543890A1493426D
:104490001ADD53009B184269DB00D3180469EFF35F
:1044A000108C72B62268002AFCD0BFF35F8F5A8846
:1044B000090494B2090C8A4208D00369BFF35F8FE4
:1044C00000221A608CF31088002010BD094A224394
:1044D0005A80012302698371BFF35F8F002111604D
:1044E0008CF31088027804499340C2680120521866
:1044F0001360EAE70080FFFF3C200000407870472F
:10450000F0B5C64600B582B0040000F01FF9FA22EB
:1045100006000F00200000230021920001F062F845
:104520008019794104000D1E02DA01242E4D6442E7
:1045300006267642F71736196F41AF4214D811D0CC
:1045400000F004F932003B00121A8B41002B15DCFD
:10455000002B46D02000290000F038F902B080BCC2
:10456000B846F0BDA642EBD90026002700F0EEF8D1
:1045700032003B00121A8B41002BE9DD00F0E6F817
:1045800032003B00121A8B41002B0ADB00230193FF
:10459000164B3200009316483B00FFF717FF01301F
:1045A000D8D000233900B0469C46124A1248536ABC
:1045B000994204D8966A4645CCD29942CAD1066837
:1045C000EFF3108772B63368002BFCD0BFF35F8F18
:1045D0000368BFF35F8F66461E6087F3108820BFB5
:1045E000E5E7002AB6D0C9E7FFFFFF7FFD3E0010D8
:1045F0007010002000400540F0450020F0B5CE4688
:10460000474680B504000D0085B0EFF30583894669
:10461000002B32D1404E336883422AD03F4FFB6893
:104620003A7898461800039200F088F8039A131D10
:1046300042469B009B5822001B1A9C462B00121AD4
:104640008B411900002310008B4225DC22D020BFB3
:10465000334B586A48452BD3401B9A6A431E9841F6
:104660000023A2425B41184305B0C0BCB946B04626
:10467000F0BD73688B42D1D1E9E7294900204B6A2C
:10468000AB42F1D38A6A5B1B591E8B41A242404167
:104690001843E9E78445DAD900F058F822002B00E6
:1046A000121A8B41002B05DA1D4A536A4B4529D259
:1046B0000020D9E7002301931A4B22000093380011
:1046C0002B00FFF783FE0028EEDD154B30C65A6A3B
:1046D0004A4515D39B6AA34210D301003800FFF767
:1046E000D3FE0F4A0020536A4B45BDD3926A5B1B31
:1046F000591E8B41A24240411843B5E74A45ECD1CF
:1047000020BFEAE70020926A5B1BA24240415A1E8A
:1047100093411843A8E7C04668100020701000209D
:1047200000400540FD3E001010B5024A0248FFF768
:1047300041F810BD44EC0010E83F00200300416A3E
:104740000A00986A596A8A42FAD17047034B596A3B
:104750000A00986A596A9142FAD1704700400540B0
:1047600070B505000E00184A536A1900946A536A1E
:104770008B42FAD1200019002C00350024184D413D
:10478000AB4216D813D0104B2A005B6A9D4203D966
:104790000D494B6A9342FCD3934207D10A4A02E087
:1047A000516A994202D1916AA142F9D370BDA042E7
:1047B000E9D9054B5B6A1C005A1CEFD00122012489
:1047C0006442E5175242E3E700400540064A536A57
:1047D0009942FCD807D1044B02E05A6A914202D1B7
:1047E0009A6A9042F9D8704700400540F8B5DE4615
:1047F0004E4645465746E0B505008B4618000A99D7
:10480000914600F039FB0A9B6C001E026419304B84
:10481000A400E418636880469E4200D966602F1F9A
:10482000FBB29A46012B2FD9C0238022294FAD001D
:104830009B0179591201E3181A6000291BD14B46DC
:1048400022685B015340E022134080225201A218EB
:1048500013605346012B2FD9802380229B01E3183C
:1048600012011A60434666607B51F0BCBB46B246FB
:10487000A946A046F8BD786900F0FEFA0130430071
:104880001B18033BFDD2DAE75B46012BCCD1C023DA
:1048900003229B01E3181A60023AA3681A42FCD073
:1048A0004A46236852015A40E023134080225201B5
:1048B000A218084F1360AD005846032321684140F9
:1048C0000B40136001228240A3681A42FCD0C3E768
:1048D00000800040EC3F0020F0B5D6464F464646EB
:1048E000440098462418324BA400E41863688A46B2
:1048F0009146C0B5FF2B02D880235B006360061F82
:10490000F6B2012E2FD9C02380222A4F85009B01A9
:1049100079591201E3181A6000291BD14B4622680D
:104920005B015340E022134080225201A218136021
:10493000012E30D9802380229B01E31812011A60D6
:1049400080235B00636043467B51E0BCBA46B146BE
:10495000A846F0BD786900F08FFA013043001B18BB
:10496000033BFDD2DAE75346012BCCD1C02303220F
:104970009B01E3181A60023AA3681A42FCD04A4627
:10498000236852015A40E023134080225201A218AA
:10499000084F1360850050460323216841400B40B7
:1049A000136001228240A3681A42FCD0C2E7C046CD
:1049B00000800040EC3F0020014B8000C058704751
:1049C000EC3F0020F0B5C646040000B523481600B1
:1049D00098460D0000F050FA0100300000F04CFA4B
:1049E0004346069A1B04120313439C4623680600A1
:1049F000002B22DB1A4B1B48E218531E9A418023DE
:104A00005242120B9B011203D218174B1A60174B1C
:104A10001A60130001688B43FBD12122144B2560DF
:104A2000E318A6601A602268002AFCDA6246E26097
:104A300008221A6080BCB846F0BD3F2322681340AC
:104A4000AB42D7D1A3681B051B0D8342D2D1EE2206
:104A5000E368D20213406345CCD1EBE7001BB700FB
:104A60000040FDBF08C0004000E0004000F00040F2
:104A70000430000010B580241C4BE4051C600028A5
:104A80001AD001231A4C18431A4BDC611A4C4440CB
:104A90001C62596298628021144BC905196017483D
:104AA00017490860E021C9041960002A07D1802253
:104AB000144B12061A6010BD0E4BD861EBE7530180
:104AC0009B1A9B009A18802312015B049A4209D218
:104AD00013000D490B60074B5A608022094BD20529
:104AE0001A60E8E7094B1A00F3E7C04600B005403A
:104AF000D3C007B0008005402D3FF84FFCFF0100F8
:104B00000820014000A00540B4440020FFFFFF0042
:104B10008023024A9B000B43D3627047008005400C
:104B2000002310B50100988A1B8B984710BDC04622
:104B3000162310B5010018885B88984710BDC04641
:104B4000F8B54746CE4680B50F1E18D014239946B7
:104B5000043304000025012698464B461888434636
:104B600021681B88984701C4431E984101350640BF
:104B7000AF42F2D13000C0BCB946B046F8BD012604
:104B8000F8E7C046002370B504000D00988A054977
:104B90001B8B984703000020002C01DB0130A04054
:104BA0002900984755420000AA23064A1B011360BA
:104BB0008D235B00D3600449044B19605368002BBC
:104BC000FCDA70470040024000B0FA00006002408A
:104BD0007047C04610B50148FEF7D4FD68EC0010E0
:104BE00070B5074D074EB54209D20024013E761B31
:104BF000B608013608CD01349847B442FAD170BDE9
:104C0000B0E70010ECE70010054B064A06491A60B1
:104C1000064A074B1A6010000B689843FBD1704797
:104C200000E00040BFCDFBFE08C00040FE7F3C001E
:104C300000F00040044BDB6C002B03D18022034BBF
:104C4000D2021A607047C046000011504C2011502B
:104C5000044A054B1A60054A1368DB018033FBD117
:104C60007047C046FFFFFF0100F0004008C0004051
:104C70004022034B9A675A671A67DA667047C04644
:104C800000F0014010B5FEF71DFE10BD70B52749BC
:104C9000274E284D761AB4082200302C00D9302235
:104CA0002800920000F0FCFC2F2C3BD823002A3B6C
:104CB000214A052B1BD93020AE197107001B260095
:104CC000CB0F002902DAA1006A50661CC01AE31853
:104CD0009B004108EB18C900C9181A605A600833D4
:104CE0008B42FAD1012303421CD098438419A300BC
:104CF000EA50631C2F2C15D09B00EA50A31C2E2CCD
:104D000010D09B00EA50E31C2D2C0BD09B00EA50E6
:104D1000231D2C2C06D09B00EA50631D2B2C01D0A8
:104D20009B00EA50054B9D6070BDC046000100101D
:104D3000C001001000000020C101001000ED00E0E3
:104D4000002310B5294C82B0A367FFF72DFF012285
:104D5000274B1A60636C012BFCD10322254B1A6090
:104D6000224A936B012BFCD1013300930121224A8B
:104D700022480433FFF726FE052301210093204A31
:104D80002048FFF71FFE0022022104201E4BFFF7E0
:104D9000A3FD0022012105201C4BFFF79DFD0022F1
:104DA000002107201A4BFFF797FD00220021082061
:104DB000174BFFF791FD8023DB00009300220021B9
:104DC0000920134BFFF712FD0022104B0021062093
:104DD000FFF782FD0420FFF7EFFD0E4900F04CF8CD
:104DE00001000020FFF794FE02B010BD00800040DB
:104DF0003CB0004030B00040002F685900800240B5
:104E0000008C864700C00240001BB7004059730762
:104E1000006CDC0240420F0001480421014B18479E
:104E200090100020414B0010124A936F9B0815D23E
:104E30009066D166002905D0FFE7FFE7FFE7516FD5
:104E4000106F704704B580210906C2175140002831
:104E500000D0C84309F05CFC002104BDF0B5146E1D
:104E6000556E576F166FFFF7E3FF14665566576769
:104E70001667F0BD000000D0114A936F9B0813D253
:104E800010665166002905D0FFE7FFE7FFE7516F85
:104E9000106F704704B5002801D00020C04309F00E
:104EA00037FC002104BDC046F0B5146E556E576F37
:104EB000166FFFF7E5FF1466556657671667F0BD76
:104EC000000000D094464A4A926F9208624601D28E
:104ED00028E0C046F0B5464E346E756E776F366F7B
:104EE00000F020F89446424A1466556657671667E4
:104EF0006246F0BD94463E4A926F9208624601D2E5
:104F000054E0C046F0B53A4E346E756E776F366F2A
:104F100000F04CF89446364A146655665767166793
:104F20006246F0BD002B24DB11D000293EDA00B52B
:104F3000C943404200D1013100F038F8C943404232
:104F400000D10131DB43524200D1013300BD002AC0
:104F5000EBD1002801D1002905D00020C90FC907D5
:104F600001D1C043410800B509F0EAFB002200234B
:104F700000BD00B500290ADBDB43524200D10133FA
:104F800000F014F8C943404200D1013100BDC943CB
:104F9000404200D10131DB43524200D1013300F0E5
:104FA00005F8DB43524200D1013300BD002923D173
:104FB000002B18D1002A0CD0BC460D4F38667A66FB
:104FC00000210023FFE7FFE7FFE77A6F386F6746AE
:104FD0007047002801D00748010000B509F0B0FB78
:104FE0000022002300BD02000B00002000217047BA
:104FF000000000D0FFFFFFFF002B00D0BFE0130C2C
:1050000028D1002AE7D080B4114F39667A66FFE7CD
:10501000FFE730B4040C7B6F396F1B0423433B66FE
:105020007A66FFE7FFE7FFE7C04684B27B6F3D6F1C
:105030001B0423433B667A66FFE7FFE7C046002375
:105040002C042D0C7A6F386F00196941B0BC704781
:10505000000000D0F0B594460025140E01D11202D4
:105060000835140F01D112010435940F01D19200BB
:105070000235D40F01D152000135D40B0134254F34
:105080007C66254C3C660E0C93B2FFE7FFE7FFE71A
:105090003C6F6643360C7703BE467343DF0B5B04FD
:1050A000C01AB941130C7343DB18C91ACE08664302
:1050B000360CB64493B273431F0F1B01C01AB9419B
:1050C000130C73431F0B1B05C01AB941860D8F02C9
:1050D0003E436643360C092D24DB520A7243801A84
:1050E0007703460A6643360C16235B1BDE40DF401F
:1050F000BF1964466643821B7046043506330100BF
:10510000D940A840C01900D30131A24206D20023E1
:10511000F0BD0000000000D0FFFFFFFF121B0130B8
:10512000F3D3F1E709277F1BFE406446A2B2724326
:10513000801A00D20139220C7243130C1204821A15
:1051400099410B007046043513370100F940A8401F
:10515000801900D30131002B02D1A2420AD2F0BD46
:10516000013000D30131121BFAD2013BF8D1A24227
:1051700000D2F0BD013000D30131121BF7E7F0B5CA
:105180001C0C00D080E00CB400251C0A04D11B02CA
:10519000160E3343120208351C0B04D11B01160FE7
:1051A0003343120104359C0B04D19B00960F33430B
:1051B00092000235DC0B02D192185B4101351C00D4
:1051C000971864410134464F7C66464C3C660E0C91
:1051D000FFE7FFE7FFE7C0463C6F6643360C770307
:1051E000BE4697B27743C01B00D20139C01B00D224
:1051F00001399FB27743C91BC91B170C77437E0443
:10520000FF0B801BB941CE086643360C0C2D33DBF7
:10521000B644120B1F053A431B0B97B27743C01BD2
:1052200000D201399FB27743C91B170C77433E0464
:105230003F0C801BB941860D8F023E4366432927F0
:105240007F1BFE400C3D7746AF40BF1930BCA2B279
:10525000ABB272437343801A9941220C7243130C10
:105260001204801A994102000B000137001BA9416A
:10527000F9D2781E0021F0BD0C277F1BFE40774637
:105280007F0BAF40FF19E0E700245D1C07D0144FEF
:105290007D663966FFE7FFE7FFE7FFE73C6F95B202
:1052A0009EB265436643401BB141150C1E0C65431D
:1052B000664336042F0C3E432D04401BB1419942F6
:1052C00004D202000B0020000021F0BD01D1904269
:1052D000F7D3801A994101349942F2D3F6E70000DE
:1052E000000000D0FFFFFFFF48404140484018B495
:1052F000134B5B68019308BD18B4114B1B680193F5
:1053000008BD94460F4A926F920805D2624618B4BF
:105310000B4BDB68019308BD0A4AF0B5146E556E5D
:10532000576F166F6246FFF7F2FF064A146655661E
:1053300057671667F0BD18B4014B9B68019308BD11
:10534000201A0020000000D0FFB5504042405040DD
:1053500059404B40594000E0FFB5154F4C00640DDB
:1053600003D0BC4204D10C0314D80020090D090558
:105370005C00640D03D0BC4204D11C030AD8002297
:105380001B0D1B0501264B4009D44B4003D58B4216
:1053900000D18242FFBD9942FCD19042FFBD0B4338
:1053A000DB1803431343F5D0C9434918FFBD000080
:1053B000FF07000000B5FFF7CFFF01D0002000BDC0
:1053C000012000BD00B5FFF7C7FF804100BDC0460A
:1053D00000B5FFF7C1FF01D9002000BD012000BDCD
:1053E00000B5FFF7B1FF01D9002000BD012000BDCD
:1053F00000B5FFF7A9FF804100BD012040054A002C
:10540000121804D85A00121801D800207047012041
:10541000704700000021002805D17047C11748409F
:10542000401AFAD0C90713B5064B1B6898470CBC45
:10543000441CA2401005120B0349091B090519431E
:10544000114310BDEC4400201F04000010B54C00B7
:10545000620D8023D218DB00D21A5B057E2A10DD94
:105460009E3A13DACC170903490819435242D14036
:10547000640001341532202A05DAD0400843604325
:1054800010BD002010BD0846604310BDC80FC018F5
:10549000013810BD18B4024B5B6A019308BD0000CF
:1054A000201A002018B4024BDB6D019308BD0000E8
:1054B000201A0020C94211D300B549004908002232
:1054C00000F014F8002904D4002240428A41114619
:1054D00000BD80210906002000BD000018B4024B69
:1054E000DB6E019308BD0000201A002018B4024BA7
:1054F0009B6F019308BD0000201A002018B4024BD6
:10550000DB6F019308BD0000201A002010B5014890
:10551000FEF738F974EC0010132370B51D78012DD7
:1055200019D014DD1D48FFF703FB06001C48FFF7E8
:10553000FFFA1C4C80223100200000F0B1F8022D4F
:1055400006D01948FFF7ECFA184B186070BD154CDF
:10555000174BA364F5E7174B124C23606360A360FD
:10556000E36023616361A361E36123626362A36219
:10557000E36223636363A363E36323646364A364F9
:10558000E36423656365A365E36523666366A366D9
:10559000E36623676367A367E367D9E753440000C3
:1055A00053460000201A00204C330000EC44002039
:1055B000B95500100D55001007B5604601880A0A5C
:1055C0000230DF2AFAD1C9B2820804D302884088A7
:1055D0000004104300E00068014A5050039007BDEA
:1055E000201A002051434343C9188C46110C83B242
:1055F0004B4310B4040C614392B280B250436243F7
:105600001C041B0C001910BC59411304120CC018C7
:10561000514161447047000010B50148FEF7B2F8EF
:10562000F8EB0010132310B51C781148FFF780FA2F
:10563000012C0BD004DD010080220E4800F030F870
:105640000D48FFF76DFA0D4B186010BD094C0100B5
:105650005422200000F024F8220020000849803263
:105660000368002B00D1016004309042F8D1E7E7D5
:1056700053460000F04400204C330000EC4400206E
:105680001956001001480421014B1847A0100020B2
:10569000414B0010014B1B6818470000A010002070
:1056A000014B5B6818470000A01000209A4200D20E
:1056B000885470477047C046F8B5DE4657464E4698
:1056C0004546E0B599460D9B0700884693469B07E3
:1056D00028D00B9B002B3CD016000B9C0A9D361942
:1056E000321B013C4B464146285DB847002CF7D1A0
:1056F00035000D9B9B070ED55B46EC1A0C9BA34215
:1057000009D91E002A004B46414620200134B847E3
:105710000135B442F6D32800F0BCBB46B246A946D8
:10572000A046F8BD0B9B0C9A934214D213005D4621
:105730000C000B9A9E1A76192A004B46013521005F
:105740002020B847B542F7D10B9BA046002BC4D10F
:10575000E1E71500CDE75E46002BBED15D46DAE7F6
:10576000F0B54F46D6464646C0B584B09C460EAB13
:105770001F78129B9146BA460D9C109E119D9B0767
:105780004CD4002D41D1B44248D20123129F1F4076
:10579000B8460C9B5F1E302303E001343B55A64204
:1057A00001D9202CF9D14346002B00D187E00C9B76
:1057B0005F1E3023A54204D830E001343B55AC4293
:1057C0002CD0202CF9D1129BDB060DD5129B5B054A
:1057D00057D4A64267D0A54265D00F9B102B53D05B
:1057E000022B5BD0202C36D12023129C01930C9BE2
:1057F0004A460093039463460295FFF75DFF04B0A9
:10580000E0BCBA46B146A846F0BD0123129A134047
:105810009846012313422DD1B442BAD3129BDB0622
:105820001ED5129B5B05D8D4002CD2D10F9B102B18
:1058300060D00F9B022B71D0302301240C9A13707F
:105840005346002B11D1129B5B0740D52B260C9A97
:10585000631C1655C9E72300013430260C9AD65430
:10586000202CC1D05346002BEDD02D260C9A631C62
:105870001655BAE7002F34D0013DB44200D288E774
:1058800095E70F9B102BAFD1129B9B063CD5202C8C
:10589000AAD058230C9A13550134A3E7202CA3D087
:1058A0002300013407E0631E012CBFD00F9A102A99
:1058B00036D0022AD1D162260C9AD65492E7129B96
:1058C000DB06CDD5129B5B0500D482E785E7129AF3
:1058D0002300160700D488E720260C9A01331655BA
:1058E00083E70C2313405F1EBB41ED1AB44200D284
:1058F0004FE75CE7129B9B060ED478230C9A022498
:105900001370302353709BE7202C00D16CE7782371
:105910000C9A1355013465E75823EFE76033EDE740
:105920000C9AA61EB618129A920602D55822327008
:1059300093E77822327090E710B5002800D110BDAF
:1059400001F05EFCFBE7C04610B5002803D04A68B2
:105950000B681100984710BDF0B54E46DE4657461D
:105960004546E0B595B083468946924698461E9ACC
:105970001F9B10001900209EFFF73FFD002800D05C
:10598000D2E11E981F990122C44B5242FFF71AFD23
:10599000002800D001E11E981F990122C04B5242FD
:1059A000FFF726FD002800D0D6E01E981F990022A0
:1059B000BC4BFFF71DFD002800D0B5E01E981F99D5
:1059C0000022B94BFFF7FEFC002800D0ACE01E9887
:1059D0001F9900220023FFF7F5FC002800D0D1E03A
:1059E00000230B93229B5B0500D406260024302362
:1059F00006E006AA013417321355013E202C01D0CF
:105A0000092EF6D81E981F99FFF720FDA74BF2002C
:105A10009B180CCB050008920993FFF7FFFC0200CE
:105A20000B001E981F99FFF762FC089A099BFFF76D
:105A300082FC06900791FFF72DFD0700FFF7EAFCB7
:105A400002000B0006980799FFF751FC0022984BC3
:105A500006900791FFF7CCFC002800D1E9E0013760
:105A60003800FFF7D7FC02000B0008980999FFF7F0
:105A7000AFFC002801D000270135002E00D1B7E08F
:105A8000069513E0172306AA9B180A213800013453
:105A90001D19FFF7F1F93031297038000A21013E54
:105AA000FFF7EAF9092F00D8E1E00700202CE9D13F
:105AB000069D20240CAB0693172706ABFF180DE0BC
:105AC00028000A21FFF7B0F9013430312800395598
:105AD0000A21FFF7A9F9051E00D1B7E0202CEFD16C
:105AE0000323229A1340012B17D1219B002B14D0A2
:105AF0000B9B002B00D1E3E0219B013B2193202B4A
:105B00000BD93023219A06E006A9013417310B5531
:105B1000944200D3A0E0202CF6D1229B0194039361
:105B2000219B0293069B21E0229B52460493219BDA
:105B30004946039358461E9B1F9C0296009301946E
:105B4000434600F043F90400200015B0F0BCBB460A
:105B5000B246A946A046F0BD229B5B070FD40322A4
:105B6000544B22990192039121990291009352463C
:105B7000434649465846FFF79FFD0400E4E70422E8
:105B80004D4BEEE71E9A1F9B00200021FFF7AFFB55
:105B900001231E901F910B9324E70223229A54465F
:105BA0001A40229B06929B0700D1ACE02600434D91
:105BB00008942F1F3200E87843464946013DD847F4
:105BC0000136BD42F6D1089C069B0434002BBBD0A5
:105BD0005746219AE31B9A42B6D915002200434644
:105BE000494620200134D847E31BAB42F6D3ABE74C
:105BF0002800FFF713FC02000B001E981F99FFF707
:105C000076FB2B4B002206000F00FFF7DBFB0CABF3
:105C10000693002800D04FE7002230003900244BC3
:105C2000FFF7E6FB002800D046E7012301359D433E
:105C300042E70022069807991D4BFFF7C3FB002897
:105C400000D01AE7002F59D1013716E70323229A13
:105C50001340012B00D1A6E0202C00D15DE70B9B67
:105C6000002B3AD02D23069A1355013455E7069D93
:105C7000202C00D11DE73023361906E006AA013496
:105C800017321355202C00D113E7A642F6D12E234C
:105C90000CAA0134069293550EE7C046FFFFEFFFB2
:105CA000FFFFEF7F65CDCD4165CDCDC1D847021057
:105CB0000000E03FE0EC0010D8EC0010E8EC001031
:105CC0000C23229A134257D0219B013B2193A342DC
:105CD00000D916E7202C00D11FE7229B5B0704D5D3
:105CE0002B23069A1355013417E7229B1B0700D478
:105CF00013E72023069A135501340EE7FB0700D45F
:105D0000BBE60137B9E6219B042B00D84EE7554688
:105D10004F46043CE4182A00434601353900202050
:105D2000D847AC42F7D141E70227229B55461F4096
:105D30009B0726D006975F46234EEC1C2A00B078BE
:105D4000434649460135B847013EAC42F6D1069F6D
:105D5000002F00D1F8E65746219AE31B9A4200D85B
:105D6000F2E6150022004346494620200134D84778
:105D7000E31BAB42F6D3E7E6219BA34200D9C0E682
:105D8000CBE6219B032BD5D9069754464F46033DBE
:105D9000ED1822004346013439002020D847A5429F
:105DA000F7D1069FC6E7219B002B00D154E70B9B40
:105DB000002B85D0219B013B21939C4200D2A0E681
:105DC000202C00D04EE7A8E6E4EC0010F0B54546E4
:105DD000DE4657464E46E0B59BB0249C259D824644
:105DE00088469346994622002B0020002900FFF7A1
:105DF00004FB002800D0C1E00122200029007C4BD8
:105E00005242FFF7F5FA002800D0B7E00122200047
:105E10002900784B5242FFF7D5FA002800D0ADE0B8
:105E20000022002320002900FFF7CCFA002800D030
:105E3000BBE108940995089809998023289ADB000A
:105E40001A400F928022289E1201164032000E96B0
:105E5000289E0F000A901E4200D0A4E00B000343CE
:105E600000D0CBE0002A00D012E2320006332693A5
:105E7000022313400C930223134200D00AE2279B13
:105E8000042B00D215E200270426043B0E930022C7
:105E9000002320002900FFF795FA002800D0C8E170
:105EA000554B289A134004930E9B0393269B029311
:105EB000089B099C0093019441464B465A46504624
:105EC000FFF74AFD02002020289B0025034059428D
:105ED0004B415B421840531C089341464B464530AA
:105EE000D047FB17FC185C40FB0F1F270A93731E5B
:105EF0000E930AABFF1806E020000A21FEF7BCFF54
:105F00000400202D08D00A212000FEF7B5FF01353E
:105F100030317955092CEFD8052306930E9B564650
:105F20000593002304930A3303930A9B414602938B
:105F300012AB009330004B46089A0195FFF710FC16
:105F40000C9B002B28D05F46279BC41BA34223D960
:105F500082461D003A194B46414620200134B04785
:105F6000A542F7D850465946279C421A01320023D1
:105F7000944200D395E1013018180DE0289B00945D
:105F800001950493279B0393269B02934B465A4605
:105F900041465046FFF7E0FC1BB0F0BCBB46B246A2
:105FA000A946A046F0BD01432AD10E9B3200002B2A
:105FB00000D15DE70027269B0026BB4200DD82E181
:105FC0000022002320002900FFF7FCF9002800D060
:105FD0004BE1289B084A02961A408023DB001343BA
:105FE0000493279B0393089B099C00930194CDE79E
:105FF000FFFFEF7FFFFFEFFFFFF7FFFF0623269373
:10600000B24B7800400DC018FFF708FAB04AB14B08
:10601000FFF791F9B04AB14BFFF76EF93F03B04B70
:106020003F0B3B430C900D9100220A981900AD4B99
:10603000FFF75DF9AC4AAD4BFFF77DF902000B00AD
:106040000C980D99FFF758F9FFF700FA0700FFF7D2
:10605000E5F9A74AA74B0A900B91FFF76CF90022CC
:10606000A54BFFF749F9FFF7F1F9A44A06000A9892
:106070000B99A34BFFF75FF90A900B913000FFF7E4
:10608000CDF9A04AA04BFFF756F902000B000A9881
:106090000B99FFF72CF902000B000A900B91FFF708
:1060A0004AF90C900D910A980B9902000B00FFF72A
:1060B00023F90022109011910C980D99934BFFF742
:1060C00020F90022924BFFF717F902000B000C9801
:1060D0000D99FFF716F900228E4BFFF70DF902001C
:1060E0000B000C980D99FFF70CF90A9A0B9B0C907A
:1060F0000D9180210020C905FFF7F9F802000B007F
:106100000C980D99FFF7F8F802000B001098119900
:10611000FFF7F7F80022724BFFF7EEF87E4B0022F4
:10612000F6183305FFF707F902000B000A900B91F0
:1061300008980999FFF746F9002808D00A980B99A2
:106140000022734BFFF7DDF80A900B91013F0A998B
:106150000B9A0B0011003A006332C62A12D80222B1
:106160002898042610400E9A0C90002A26D1279BCE
:10617000042B05D9002800D0A1E0279B043B0E93F7
:10618000042642E00222289810400E9A0C90002A21
:1061900013D1279B052B00D889E0002800D084E08C
:1061A000279B0526053B0E9332E080231B069C4669
:1061B000AC446346089409933DE605260B4300D1A1
:1061C000F9E608980999554A554BFFF709F900284F
:1061D00008D0089809990022524BFFF7F3F80028DD
:1061E00000D0E8E6269B002B34D00F9B002B31D04B
:1061F000269B013B2693279BB34204D90C9B002B83
:1062000059D002230C9300230E93002F00D13EE6B9
:106210000A9A0B9B08980999FFF773F800220890D7
:106220000991002320002900FFF7CCF8002800D1B5
:1062300036E6089C099D289A80203B4B00061340B7
:10624000220004930E9B0393269B02932B1800922B
:10625000019331E6279BB342D5D90C9B002B2AD062
:1062600000230E9302330C93CFE7289B2E4A802005
:10627000089C099D1A408023DB00134322000493ED
:10628000279B000603932B180092019302967DE64C
:10629000052695E600230E930233002704260C936F
:1062A000F5E54B1E1B191B1A65E602230C93052608
:1062B000AEE70423E7E5279B9B1B0E93A5E702238C
:1062C00004260C93A1E7DB1B5E1E79E601FCFFFFB1
:1062D000FB799F501344D33FB3C8608B288AC63FD5
:1062E0000000F03F0000F83F61436F63A787D23F93
:1062F00071A379094F930A400000E03F1655B5BBE2
:10630000B16B0240EF39FAFE422EE63F00002C400E
:106310000000244000001840FF0300002D431CEB48
:10632000E2361A3F80842E41FFF7FFFFF0B5574653
:10633000DE464E464546E0B5A3B01F002C9B924674
:106340000C93C94AC94B8B460B901A60002900D1A7
:10635000BFE1002338789946002800D1C1E1C44B41
:106360004C460993C34B0E935B460A9308E0220008
:1063700053460A990B9DA84701343878002876D0F7
:1063800001372528F3D110239B46083B9946043B4F
:106390009846033B002602259C463878791C03006A
:1063A000203BDBB2102B03D8099A9B00D3589F46A1
:1063B0000300303B092B36D900252A2800D1A7E05D
:1063C00000230D932E283FD00300683BDBB2122B35
:1063D0001BD80E9A9B00D3589F4663460F001E435E
:1063E000DBE70F002E43D8E743460F001E43D4E7F8
:1063F0005B460F001E43D0E74B460F001E43CCE721
:10640000802378785B001E4301310F00672845D850
:106410002428ACD90300253BDBB2422BA7D89649F0
:106420009B00CB589F460025AB005D196D002D18D1
:1064300008780F000300303B303D0131092BF3D9C0
:1064400000230D932E28BFD1302280205242904647
:10645000C000064378780B0080444246092A00D8E1
:1064600051E12A2800D15EE10F000131ACE70A9B1F
:10647000A1469B46CA4503D801235B425344994633
:1064800053464A46594600200B9DA847200023B09A
:10649000F0BCBB46B246A946A046F0BD0300693B2E
:1064A000DBB20F2B00D962E7012199408846734A7D
:1064B00011408B46110042460A4200D013E10A2BDC
:1064C0002FD0072B00D052E70C9D01CD002800D122
:1064D00034E121231E43B0461F260D9A12ABF61855
:1064E000A14694465946340002E0000920290AD00A
:1064F0000F26064032003732092E00D8073A013104
:1065000062540F28F1D863464C468B460D9322E126
:106510000C9B20CB002D52DB78780C930F000131BF
:106520004EE70C9B0D9904CB90469B46002900D169
:1065300028E1434618784144002801D100F029FCA5
:106540000D9A94460A0004E059780133002900D1DD
:1065500095E19A42F8D163460D934346D31A0F93BF
:10656000730500D46CE10F9B0D9A934200D90F92F2
:1065700002231A0032400C92334200D191E20C9374
:106580000D9BB9461E1943461B1BA84622001F003F
:106590000B9D08E0541C53460A99A847385D002813
:1065A00000D163E122009642F4D145464F463400C3
:1065B0000C9B002B00D097E15B460C93DDE602229A
:1065C000787816430F006D420C930131F8E6787825
:1065D0006C2800D159E180235B001E43013114E790
:1065E00080239B0078781E4301310EE77878682875
:1065F00000D150E1802301311E4306E7672800D116
:10660000C2E0472800D134E1452800D134E1072118
:106610000C9B0D9A07338B43190004960395029245
:106620000CC90B98009201930C91220053460A99D1
:10663000FFF7CCFB0400A0E6462800D1A8E0072124
:106640000C9B0D9A07338B43190004960395029215
:106650000CC90B98009201930C91220053460A99A1
:10666000FFF77AF9040088E62D63001050440020FB
:106670003C46021080460210CC46021041900000B9
:106680002200534625200A990B9DA847013474E641
:106690000C9B04339B46631C9846B60700D4FFE06E
:1066A0000C9B220018780A9953460B9EB047641938
:1066B000012D00D849E245460B9EB8460A9F2A00A4
:1066C0005346013539002020B047A542F7D147464F
:1066D00072E7DB4B38780B9300239946002800D0F3
:1066E0003DE60024C6E66F2855D000D8BCE2102352
:1066F000782800D19EE09E430A239C4600230F93F6
:106700000A339B464DE000218A00521852000133A3
:106710001118187830390200303A092AF4D90D914D
:106720001F00591C50E60C9BB87804CB0237D143AC
:10673000C9170A400D920C93791C45E610233000CE
:10674000984311331843802380463000DB00184003
:106750001E4200D1C0E643460693082305930D9BD5
:106760002200049310230393002302935B460193BA
:106770001AAB00930A9953460B98FEF7F1FF0C955C
:106780000400FAE50139D4E680231B011E433EE7ED
:1067900020231E4353E708239C4600230F9308330E
:1067A0009B4680233000DB0018401E4200D11AE1D6
:1067B0000D233100994380230A009B001A40914623
:1067C000194200D0C3E180230A005B001A409046C2
:1067D0000C9A04320F92194200D08FE24B0600D57A
:1067E00097E10B0600D4E5E20C9B1B8899464B46CB
:1067F000002B00D005E210339943002800D100E2BD
:10680000002398460D9B069104935B460393002357
:10681000059502934346D9E0582808D0622878D1DC
:1068200002239C4600230F9302339B46B9E72023A3
:106830001E43103B9C4600230F9310339B46B0E74A
:1068400002231A0032400C92334200D105E20C932D
:106850004346B9460B9E0A9FA8461D1B220053467D
:1068600039000134B047285D0028F7D145464F462E
:106870009EE680231B011E4320231E43C7E662467B
:106880000D9242469B1A0F936AE6C0239B00B8788C
:106890001E43F91CB9E5C023B8781E43F91CB4E5C2
:1068A000012D00D84AE1631E9946A9444B46524641
:1068B0002600A146BA461C001700A8460B9D3200D0
:1068C0003B00013620200A99A847A642F7D13B0099
:1068D00057469A464C460C9B320018780A99534604
:1068E0000B9D4444A84767E6A0460F9B9D4200D8F5
:1068F00062E62C190B9E4546B8460A9FE41A2A0008
:106900005346013539002020B047A542F7D147460C
:1069100052E680233200DB001A4090461E4200D12E
:10692000F3E011218E43B4469846802362469B00D3
:106930001A40934662461A4259D180235B001A409E
:1069400091460C9A04320F9262461A4200D0A0E19E
:1069500063465B0600D5D4E063461B0600D412E212
:106960000C9B00229B5ED8171918414089B2DA0FA0
:106970000C92002B00D187E188461F2612ABBB4644
:106980001495F71845464E46E046A14606E0280015
:106990000A21FEF771FA0500202E08D00A212800EE
:1069A000FEF76AFA01363031B955092DEFD84C4659
:1069B000C446B1465F46149D634606930D9B0595FC
:1069C00004930A2303930C9B02934B4601931AAB47
:1069D000220000930A9953460B98FEF7C1FE0F9BC5
:1069E00004000C93C9E40C2331009943E3E6082228
:1069F000072191460C9B07338B4399444A460ACBA7
:106A000008000C92DA0F9346184300D085E000236B
:106A100099464346002B2FD1002200231092119358
:106A200000231F26994612ABF6185B461495BB4609
:106A3000E04637000F934E46A146109C119D05E09D
:106A4000B556001004000D00202E0CD00A220023A1
:106A500020002900FEF74EFA01363032BA55002DDB
:106A6000F0D1092CEED80F9B109411955F464C463F
:106A7000C446B1469B46149D634606930D9B0595FF
:106A800004930A2303935B4602934B4601931AAB8C
:106A9000220000930A9953460B98FEF761FE04000A
:106AA0006BE40F9B9D4200D896E18023DB000C93A2
:106AB0000F9B2E19F61A43460F930D9BA846994635
:106AC0005346BA461F000B9D22003B000134202094
:106AD0000A99A847B442F7D10F9B454698464B46C2
:106AE0000D933B0057469A4643461878002800D13C
:106AF00062E56B1C0F930C9B002B00D1A8E60023D2
:106B00003DE50C9B1B78190031E710239E43B446EA
:106B10000BE70C9B1B78994669E6DA1712921392E1
:106B20004A401092129813990A005A401192109AF2
:106B3000119B121A8B411092119371E70C9B22004A
:106B400018780A9953460B9CA047444634E508221E
:106B5000072690460C9B0733B343984442460C9259
:106B60001A685B68149208931300089A134305D1BE
:106B70001033994300239846002838D161208B06B2
:106B800000D5412000231F2698465A4612ABF6181E
:106B9000030018920F9A0A3BB1461695179419975D
:106BA0004446664690469B46149F089D159103E017
:106BB00007000D00202C13D03200002338002900DC
:106BC000FEF798F95B46D2B2D318092A01D8130010
:106BD00030334A4601341355A845E9D1BE42E7D9BE
:106BE000189BA0469B461599169D179C199F0D9BB7
:106BF000069104935B460393002305950293434655
:106C000044E761208B0600D541201F2612ABF21805
:106C100003000A3B0C934B464646A146A8461C007F
:106C20005D461491BB46170002E00400202E0DD0F3
:106C300029002000FEF720F90C9BCB18092901D868
:106C40000B0030330136BB55AC42EED25F464C46AA
:106C5000AB4614994546B046D4E50F9B9D4200D9FA
:106C600026E701330F93F3E5102332009A4394464D
:106C7000692800D0A2E080233200DB001A40904651
:106C80001E4200D151E64CE64346002B00D093E66D
:106C900073E60C9B1B68DA0F002B70D0D9175B18BA
:106CA0004B4098461F2612ABF618A14614955C4639
:106CB0004546BB46E04637000C9206E028000A2114
:106CC000FEF7DAF80500202C08D00A212800FEF78C
:106CD000D3F8013430313955092DEFD85F46C44619
:106CE000A3464C46149D0C9A634606930D9B05954E
:106CF00004930A23029203935B4667E60C9B1B688E
:106D00009846002B03D11033994300282DD16120E0
:106D10008B0600D541201F2612ABF61803000A3B54
:106D20004A460C93149143463100A846A1465E465C
:106D30001400BB461D000F0002E00500202C0DD002
:106D400031002800FEF798F80C9BCB18092901D8D0
:106D50000B00303301343B55B542EED223005F4681
:106D60004C464546B346994614990D9B06910493AB
:106D70005B4603930023059502934B4626E6434664
:106D8000002BB1D18EE70C9B1B68D8171918414016
:106D9000EDE580233200DB001A400F921E420FD037
:106DA0000230020032400F92304219D00023A04638
:106DB0000F939AE50C9B1B68994618E516009BE417
:106DC00002231A0032400C92334200D08CE5002D91
:106DD00000D06DE6FFF7F0FB01330F93FFF7D0FB18
:106DE0000C93F4E70EB410B5012485B007AA08CAC5
:106DF00001000392009204486242FFF797FA05B03F
:106E000010BC08BC03B01847AD56001000B585B0E3
:106E10000391012102900093034813004A4202A902
:106E2000FFF784FA05B000BD495900100FB410B542
:106E30000C4984B006AA08CA0C680392002C0BD037
:106E4000009201220848524202A9A047012004B042
:106E500010BC08BC04B01847180000F01BFA002052
:106E6000F5E7C046504400203959001010B5094AD2
:106E70000300146884B0002C08D001220091064859
:106E8000524203A9A047012004B010BD00F002FA4D
:106E90000020F9E7504400203959001000BEFDE7FA
:106EA0007047C046094A1368002B06D008491818D5
:106EB000884208D8106018007047064B044918181B
:106EC00013608842F6D901235B42F4E74C4000206E
:106ED000000004201846002010B5FFF7DFFFC04671
:106EE00010B584460C0082B01900002A0AD0074B66
:106EF00001920093624623000548FFF797FF0120A7
:106F0000FFF7CCFF034B1A00F2E7C046F0EC00108D
:106F100000ED0010F8EB001070B5FDF761FE074DB5
:106F2000074EB54209D20024013E761BB608013651
:106F300008CD01349847B442FAD170BDECE7001097
:106F4000F0E70010030010B5080011001B68984717
:106F500010BDC046F8B5437D07000D001600002B9C
:106F600038D0002A1ADD0B780A2B18D00020012E09
:106F700009D0012421006B5C01340A2B1AD0B442E1
:106F8000F8D1864203DD311A3B6828189847AD19BD
:106F9000013D2B780D3B5A4253413B75F8BD037DB3
:106FA000002BE3D102210E483B689847012EEED01A
:106FB0000120DEE76B1E5B5C0D2BE0D0884203DA1C
:106FC000091A3B6828189847054802213B689847EA
:106FD0002000D4E70368110028009847DEE7C04688
:106FE00028480210F8B50B680D005A1CCB180A602F
:106FF0001871802A00D0F8BD0E4B1C68002C15D0EB
:107000000D4E0F1D02E02469002C0FD02368002BC9
:10701000F9D03368002B01D0A342F4D1200039000D
:107020002A68FFF797FF2469002CEFD100232B601B
:10703000E1E7C0463C40002048400020F0B546460D
:10704000D6464F46C0B582B090461C0006000D00E3
:10705000FDF77CFB00232F4A12184B41002B02DA6C
:1070600001222D4B52422D4908008A4607F060FB51
:1070700081466B1C03D1300003F0F2FA0500002CAE
:1070800027D0274F274B1C68002C18D04346002BD5
:1070900021D1254B984602E02469002C0FD02368AB
:1070A000002BF9D043461B68002B01D09C42F3D142
:1070B00020002A003100B8472469002CEFD14B464C
:1070C000002B23D1280002B0E0BCBA46B146A84646
:1070D000F0BD164FD6E7144B984602E02469002C09
:1070E000EDD02368002BF9D043461B68002B01D05C
:1070F000A342F3D12A0031002000B8476B460A2290
:107100002000DA71D91D093AB847E7E7504607F081
:107110002FFBD7E740420F00FFFFFF7FBC17002087
:10712000556F00103C40002048400020456F001083
:107130000A4A1368002B05D10CE01A001B691032B3
:10714000002B07D08342F8D1002902D118691060C2
:10715000196170470029FCD01060FAE73C4000201C
:1071600010B500F0B3FA10BDF0B5CE4647460400A6
:1071700080B583B0FDF7EAFA2600002736184F41A4
:10718000002F02DA01261A4F76421A4B1A4D994601
:1071900001AB98464B461C68002C03D116E02469CD
:1071A000002C13D02B68002B01D09C42F7D1A36890
:1071B000002BF4D00121404698470028EFDD4346DC
:1071C000187803B0C0BCB946B046F0BD0B4B5A6A44
:1071D000974207D89B6AB34202D302204042F0E7AD
:1071E0009742FAD101200021FDF7BAFAD2E7C04652
:1071F000FFFFFF7F3C40002048400020004005404A
:10720000F0B5CE46474680B583B06B460600DD1D1F
:107210002870FDF79BFA0023194A12184B41002BE6
:1072200002DA0122174B524217490800894607F03B
:107230007FFA164B80461C68002C14D0144F02E0D5
:107240002469002C0FD02368002BF9D03B68002B59
:1072500001D09C42F4D1200001222900FFF77AFEE0
:107260002469002CEFD14346002B05D1300003B038
:10727000C0BCB946B046F0BD484607F079FAF5E71C
:1072800040420F00FFFFFF7FBC1700203C40002062
:107290004840002070B5040003F0E2F9012301002A
:1072A000050001222000FFF7C9FE084B1C68002CD6
:1072B00006D06368002B05D098472469002CF8D1CC
:1072C000280070BD2469002CF3D1F9E73C40002070
:1072D000F0B5CE46474680B5A3B004000E00FDF7DA
:1072E00035FA0023264A12184B41002B02DA0122FC
:1072F000244B5242244807F01BFA0023220001933A
:1073000080463300214801A9FFF780FD204F019BF3
:1073100081463C68002B19D0002C2FD01D4E02E076
:107320002469002C0FD02368002BF9D03368002B80
:1073300001D0A342F4D12000019A02A9FFF70AFE6E
:107340002469002CEFD100233C680193002C06D067
:107350006368002B0CD098472469002CF8D1434671
:10736000002B07D1484623B0C0BCB946B046F0BD9B
:107370002469EBE7044807F0FBF9F3E70194EEE733
:1073800040420F00FFFFFF7FBC170020E56F001099
:107390003C400020484000200FB400B583B004A951
:1073A00001C90191FFF794FF03B008BC04B018476E
:1073B000024B1860024B19607047C046DC3F00204A
:1073C000E03F002010B5024B1878FCF7CBFA10BD57
:1073D00013460020154B70B51A68002A22D0EFF32F
:1073E000108172B610680028FCD0BFF35F8F0020B8
:1073F0000F4A596010701B68BFF35F8F186081F3EC
:107400001088002400250B4E3078FCF79FFA0028E6
:1074100004D1002400252900200070BD3078FCF73D
:10742000A1FAF8E7FA240025A400ECE7BC44002008
:10743000144600201346002070B5050000200E0001
:1074400001F078FB002834D0002001F089FB0028EF
:107450002FD0FDF77BF90023174A12184B41002B60
:1074600016DB164C200007F063F9002821D000201D
:1074700001F060FB00280FD101200021404200F004
:1074800089FD03256D42200007F072F9280070BDC8
:1074900001220B4B5242E4E7002001F061FB00287F
:1074A000EAD029003200002001F064FB051EEAD179
:1074B000E7E703256D42E9E740420F00F44500206D
:1074C000FFFFFF7F10B5FDF741F900230D4A1218A9
:1074D0004B41002B02DA01220B4B52420B4807F0C2
:1074E00027F900280CD001200021404200F052FD75
:1074F000002001F083FB0028F5D1044807F038F99B
:1075000010BDC04640420F00FFFFFF7FF445002042
:10751000F8B5CE46474680B505000C00FDF716F9D4
:107520000023344A12184B41002B02DA0122324B5D
:10753000524232490800884607F0FAF8002803D181
:10754000C0BCB946B046F8BD002001F0F3FA0028EF
:1075500048D00026002C41DD294B994613E0A9199B
:10756000002001F087FB070001200021404200F0CD
:1075700011FD002001F042FBFDF7E8F8204BF61961
:1075800003C3B4422ADD002001F094FBA71B0200D4
:10759000B84200DD3A00002AE1D10120002140423A
:1075A00000F0F8FC002001F029FB002001F0C2FAF5
:1075B000002813D0002001F07DFB0028E1D1FDF769
:1075C000C5F84B460F000CCB002184460D4812181D
:1075D0004B419F4202D8D4D19445D2D9404607F0BE
:1075E000C7F8ADE700200021054B03C3404607F074
:1075F000BFF8A5E740420F00FFFFFF7FF4450020E2
:10760000101A002020A1070030B5002185B02848BD
:1076100007F0C6F800281CD1264B1A68002A16D09D
:10762000EFF3108172B610680028FCD0BFF35F8FB3
:1076300001242148596002781B68D2B20470BFF35C
:107640005F8F0020186081F31088002A17D005B0E2
:1076500030BD01200021404200F09CFC002001F0E0
:107660007FFA0500124807F083F8002DEFD0134B86
:107670001B68002BEBD0124A10689847E7E7FCF72D
:107680003BFE0400FDF762F8FA2200239200121874
:107690004B41002B02DA01220A4B52420121029196
:1076A00000210191084920000091FCF729FECEE756
:1076B000F4450020BC44002014460020DC3F00209C
:1076C000E03F0020FFFFFF7FD5730010D02310B5EF
:1076D0001B0684B01C68FCF70FFEFCF70FFFA042EE
:1076E00002D0002004B010BD284B002100201B78E0
:1076F00001F0A6FC26480368002B44D00120FCF7CB
:1077000093FBFF23234C244920701840FCF742F9D7
:1077100020780121FCF708F90520FCF72BF9002857
:1077200024D1082200211D48FDF7B4FFFCF7E4FD39
:107730000400FDF70BF8FA220023920012184B41C7
:10774000002B02DA0122164B524201210291002144
:107750000191144920000091FCF7D2FD0028C0DB04
:1077600011480121FFF7E4FC0120BBE70120FCF7F1
:1077700099F801000948FCF7B7FB002205200B49E6
:10778000FCF732F9ECE7FCF793FBB7E794520210F1
:10779000F44500201346002009760010BC44002068
:1077A000FFFFFF7FD5730010B0100020C5730010DD
:1077B00000487047A4480210004870475048021023
:1077C00010B5040016480378002B20D0002C06D1F9
:1077D000144B15484380063BFF3B038010BD052C2E
:1077E0001CD8124BA400E4580F480123811C013C13
:1077F00004E001330A800231142B0CD0E25C002A31
:10780000F7D1C022DBB25B0092001343E5E7112100
:1078100000F016F8DAE7CA239B00DEE70020DDE778
:10782000FC450020090400001440002038480210E4
:1078300010B5024800F0F4F810BDC046E444002042
:1078400030B5012900D1BBE0744B01391A7812110F
:1078500014003034092A00DDB5E00470012900D19C
:10786000DAE00F221C78224014003034092A00D9B3
:10787000ACE04470022900D1CEE05A78944612114F
:1078800014003034092A00DDA3E08470032900D1FC
:10789000C2E064460F22224014003034092A00D985
:1078A0009AE0C470042900D1B6E09A789446121187
:1078B00014003034092A00DD91E00471052900D15B
:1078C000AAE064460F22224014003034092A00D96D
:1078D00088E04471062900D19EE03025AC46DC7872
:1078E00022119444092A00DD7FE062468271072953
:1078F00000D191E00F22224014003034092A00D92F
:1079000077E0C471082900D186E03025AC461C79A7
:1079100022119444092A00DD6EE0624602720929B0
:1079200000D179E00F22224014003034092A67D8B0
:1079300044720A2900D16FE03025AC465C792211EF
:107940009444092A5FDC624682720B2964D00F22BC
:10795000224014003034092A59D8C4720C295BD053
:107960003025AC469C7922119444092A02DD073562
:10797000AC469444624602730D294DD00F2222403A
:1079800014003034092A01D93732140044730E2907
:1079900042D0DA7913111C003034092B01DD373362
:1079A0001C0084730F2937D00F2313401A0037327D
:1079B000092B01D830331A00C27310292CD0103093
:1079C0000023037030BD3732140046E7373214000D
:1079D0004FE73732140058E73732140061E7373287
:1079E00014006AE73732140073E70735AC46944455
:1079F0007BE73732140084E70735AC4694448CE7C4
:107A00003732140094E70735AC4694449BE737328D
:107A10001400C4720C29A3D14018D1E7E44400201B
:107A200010B588B004000D2200216846FDF732FE33
:107A30000D22002104A8FDF72DFE6A464B2368465F
:107A4000137004A900230D2206F06AFE15210822F6
:107A500020006944FDF724FE08B010BD7047C04601
:107A60000022014B1A707047124600204B7900200B
:107A7000FF2B0BD18B79002B08D1CB79012B05D1B2
:107A8000082A03D9024B8A7809301A707047C04619
:107A9000124600200120704710B5012913D1154965
:107AA0005379107909781B0203430020994200D0D2
:107AB00010BD5378012B08D0022BF9D1642200218C
:107AC0000020FCF7D7FF0120F2E7D1789378090274
:107AD000194380230A005B001A40194206D00A06A7
:107AE000D20F480A03231940FDF74CF80120404209
:107AF000F8E7C0461246002000487047604902106F
:107B00009446012310B501290AD152780023012A95
:107B100006D162461179527912020A43072A01D02E
:107B2000180010BDA6336146024A00F0EBFE0300C8
:107B3000F6E7C046B84802100123037000487047BA
:107B4000844902104B780A781B0213438A7810B5D7
:107B500012041A43CB781B0613439622D200934299
:107B600000D010BD0022012011004042FDF70AF8AC
:107B7000F8B500F03BF90C23194DFF22AB67052047
:107B80001849FBF731FF184C402200212000FDF777
:107B900081FD4027002301262121144A6670278396
:107BA000A260136063545F31618445396354104AA5
:107BB00010496360E2602787A1620B606362E26242
:107BC00006F0C6FD80239B052E64EB6490230A4AD1
:107BD0000120EA508022094B5202DA64F8BDC04607
:107BE00000001150C10400205040002084001050BB
:107BF000000110508000105010D0010000201150E2
:107C000010B501210520FBF78FFE10BD10B5002235
:107C10000021024800F00AF910BDC0467040002063
:107C2000044B1970002904D080219023024A890254
:107C3000D15070470E460020002011500B785B0693
:107C400000D070474B78052BFBD18A78014B1A6026
:107C5000F7E7C04600001150F8B5CE464746CB784E
:107C600080B59B079A0F1000012A58D08C780A79AA
:107C70004B797F211B022140E50913434A009146BD
:107C80002C4E52195201B218947001246C40547059
:107C900000245B055B0DD4701383D076CA00012DE0
:107CA0002CD0254FD2198F01BC46B4446746BA6028
:107CB000146000292CD0214AC900891879603F330B
:107CC0009B09022832D09A014B461D4C5B19216852
:107CD0005B01F6181B4B8A18F16022609A4227D884
:107CE000194A83064A4013438022120613437268DE
:107CF00013600120C0BCB946B046F8BD134FD2197D
:107D00008F01BC46B4446746BA621460002908D1AA
:107D100000236D0175196B600D4BEB60E9E70020E6
:107D2000E8E7094AC90089187962C8E7DA01CBE7B0
:107D3000FCF750FF50400020840010500400105009
:107D4000B8440020FF0F1050000010508000105069
:107D50000001105010B506F0FBFC10BD7F2010B5DF
:107D600008404000C90940181100044A4001801829
:107D70001A0000F05BF8012010BDC0465040002002
:107D80007F23180000B5084083B00B4204D14B425A
:107D90004B41084A013393668022C9094000064BD3
:107DA000401840010021C018120106F099FC03B0F0
:107DB00000BDC04600201150504000207F2213001B
:107DC00010B50B400A4200D110BDC9095B005B1819
:107DD00004485B01C018002300220349C37006F069
:107DE0007FFCF1E750400020FFF7FFFF80220A4BA5
:107DF000520410B51A60094B09491A6010000B684B
:107E00009843FBD18022002152010648FDF742FC35
:107E10000922054B5A6710BD00E0004000F0004009
:107E200008C000400000105000001150002310B5A1
:107E3000C3820133828283760161040006F090FCE4
:107E4000002804D080219023074A8902D1502000C5
:107E500006F096FC002802D00123237710BD2000F5
:107E600006F046FCFAE7C046002011507047C046B5
:107E70007047C04600207047002070477047C046DA
:107E80007047C0467047C0467047C046024B58789E
:107E9000431E9841C0B27047B83D0020024B18788D
:107EA0004007C00F7047C046B83D0020F0B5D64629
:107EB0004F464646C0B52C4B814698461B788A46AD
:107EC000FF2B4BD100293BD0002154222748FDF73E
:107ED000E1FB0022264C274B20001A70FBF7E8FF3D
:107EE000254B1C60254C2000143CFBF7EFFF2000C5
:107EF00001F098FB224B234D1C60234B002B04D038
:107F00002800FFF719FE214B186000242B78204F22
:107F10001E4E0DE0336862019B18002B10D05B6889
:107F2000002B0DD0984701342B78E4B2A34209D33B
:107F3000A342EFD8E31A5B01DB195B68002BF1D198
:107F400000200CE042464B46514648461370FFF76E
:107F50000FFE0028F4D04846FFF752FE0120E0BC97
:107F6000BA46B146A846F0BDE4100020B83D002056
:107F7000B03D00200F4600200C3E0020DC10002009
:107F8000103E00200D460020397B0010D03C002020
:107F90004C4A0210F0B5DE4657464E464546E0B51F
:107FA000C84B91B003931B78FF2B00D142E1C64B25
:107FB000C64E1F00C64B0DAC0293C64B01933568ED
:107FC0006A69EFF3108172B61368002BFCD0BFF31F
:107FD0005F8FA9612800210001F05AF96A69AB6935
:107FE000BFF35F8F0021116083F31088002800D158
:107FF00020E16378082BE2D89B00FB589F4663681A
:10800000002BDCD0A0689847D9E77F222179B04DBA
:108010000A405300EB189846C809804440460123A3
:10802000303005799D430571057903339D43057112
:10803000002A00D105E14346A74A1B7D12789342EE
:1080400000D3F5E0A54A5B011568ED18002D00D1BD
:10805000F0E0A36862792078AD69A847AFE7A04B4C
:108060001A78002A00D1E5E01A78013A1A701B78D4
:10807000002BA4D10122964D01212B78042013431B
:108080002B703423EA5C8A43EA54EA5C8243EA5464
:108090000133EA5C8A43EA54EA5C8243EA54237877
:1080A00000209B4600F088FC602223791A40602A59
:1080B00000D1F1E0402A00D1F7E0DB06DB0E012B16
:1080C00000D115E1022B00D1CAE0002B00D0E3E083
:1080D000202A00D111E2002A00D0DDE06379092BCB
:1080E00000D9D9E07F4A9B00D3589F46784D2B7822
:1080F000DB0700D463E7FFF7C7FE60E7029BDB788E
:10810000DB0700D45BE76068FFF7B2FE57E7704D0E
:108110002B78DB0700D452E728780007C00FFFF761
:10812000B1FE4CE723786B4A994693466A4B6B4AFB
:10813000984692463A00002547461B78B0464E4680
:1081400091460EE053461B686A019B18002B00D134
:108150007DE0DB683000984701353B78EDB2AB42FB
:108160000CD3AB42EED8EB1A5B015B44DB6830000A
:10817000984701353B78EDB2AB42F2D2544D5422D0
:1081800000212800FDF786FA1022FF21281DFDF7A7
:1081900081FA28002022FF21143046464F46FDF781
:1081A00079FA00F0FFFB2379AB7008E723784B4A9C
:1081B0009946494B924698463200BB464E460025AA
:1081C000474691461B780DE053461B686A019B1891
:1081D000002B40D0DB683000984701353B78EDB28A
:1081E000AB420DD39D42EFD3019AEB1A5B01D3183A
:1081F000DB683000984701353B78EDB2AB42F1D2F5
:10820000029D542200212800FDF744FA1022FF218C
:108210003548FDF73FFA28002022FF2114304E4652
:108220005F46FDF737FA00F0BDFBFFF729FEC6E613
:10823000934213D011B0F0BCBB46B246A946A0464B
:10824000F0BDA3686279207800F0CAFBB7E6464625
:108250004F461F4DA5E74E465F46E4E71D4DF8E645
:108260007023217A0B4217D1C80982460F330B4085
:108270005B0098461848EB1853441B7D00788342F6
:1082800064D216485B01006881469944002A00D1F7
:1082900055E14B46002B61D120780021FFF770FD9E
:1082A00080212078FFF76CFD89E6104800F084FB00
:1082B000012158460EAAFFF723FC002800D07EE6D5
:1082C000EAE7C046E4100020A4490210103E002056
:1082D000B83D00204C4A02100D460020D03C002042
:1082E0000F460020C8490210BC3D0020017B001051
:1082F000237A22890F2BCFD8FF231340D14AEB18C2
:108300001B791278934234D3C6D1CF4D686900F0FF
:1083100053FB012158466B690EAA9847002800D0EC
:108320004DE66022150023791D401A42B4D16379CD
:108330000A3B012BB0D800F03FFB63790A2B00D138
:108340008AE158460EA900F0C7FA38E6834200D009
:10835000F0E0BD4B9946002A00D1F0E04B46586949
:1083600000F02AFB4B46012158465B690EAA98474C
:10837000A3E7B64A5B011568ED18002DC6D18BE75F
:10838000A37999466B789945DBD06B78002B00D0A8
:108390002CE14B466B70002B00D124E1484601389C
:1083A000C0B2FFF709FA002800D174E143780793BF
:1083B000022B00D06FE10122C179B1468B11491126
:1083C00013400A40302112015B0113432A78A8466A
:1083D0008A4313432B7009239A4682445646BA4671
:1083E000C37882781B021343C3180593954B0493FB
:1083F000954B0893954B0993954B0A93059BB34274
:1084000000D84BE1737801220B2B03D13378F2783B
:10841000F6187378042B00D03AE1059B00279B1BCC
:108420009BB20693049B0B921D7819E0099A7B017D
:108430001568ED18002D00D12AE1310058462B694E
:10844000069A98478446082803D9069A824200D3A0
:108450000BE1049B01371D78FFB2BD4200D217E14A
:10846000BD42E3D8089B7D1B6D015D19E5E76B7884
:108470000CAA02321370584601230EA900F042FAEA
:108480009DE5E088030AC0B20F2B00D904E77149CB
:108490009A008A5897460EA800F094FA5846A17997
:1084A000FFF7B4FB02222B7813432B7087E5E38898
:1084B000012B00D0F0E608222B78584693430EA9F2
:1084C0002B7000F009FA7AE5022029780CAB9A1C8F
:1084D0008B068908DB0F01400B43138058460223AB
:1084E0000EA900F00FFA6AE5E388012B00D0D3E66D
:1084F00008222B7813432B7023E7237A22890F2B32
:1085000000D9C9E6FF2313404E4AEB181B791278B5
:10851000934228D24D4A5B011568ED18002D00D119
:10852000BAE6686900F048FA012158466B690EAA5C
:108530009847C2E6002A00D0AEE600239946627949
:108540000220130004928343012B11D0002A00D093
:10855000A2E62B004344534430331B790CAA9B07FB
:10856000DB0F0232B9E7934200D095E6364DD8E7EB
:10857000E388002B12D1039B1878049B012B23D096
:10858000FFF7FEFB43460221EB18534430331A79C0
:108590000A4301211A711A790A431A714B46002BBA
:1085A00000D10CE5586900F007FA4B4601215B69E0
:1085B0000EAA58469847002000F0FEF93523EB5CE0
:1085C000DB0700D5FBE4BCE6FFF7F8FB43460221DE
:1085D000EB18534430331A798A431A711A79049983
:1085E0008A431A71DAE7FFF74BFCAAE600215846E6
:1085F000FFF716FB5846FFF7ADFB00229246124AE2
:10860000AB780592114A049306922A000D4B554609
:10861000984692461B780EE0069B6A011B689B18E1
:10862000002B54D0DB6858469847434601351B78E9
:10863000EDB2AB4237D3AB42EED8059AEB1A5B01F1
:10864000D318EFE70D4600204C4A0210D03C002022
:10865000CC3D0020F04902100CAB9A1C5846012377
:108660000EA9157000F04EF9A9E40B9A012A4CD01E
:10867000002A3CD00023B07804E00133DBB20F7154
:10868000934234D2C118C9B241440D79FF2DF4D0C0
:108690004E464546574600236B70FDE54E4657460D
:1086A000FFF7ECFB4DE65546542200212800FCF76D
:1086B000F1FF1022FF21281DFCF7ECFF28002022EB
:1086C000FF211430FCF7E6FF049BAB7061E65546D2
:1086D000FAE7FFF711FA021E00D1DDE5D3789178B1
:1086E0001B020B4358460EA900F00CF9E5E5654660
:1086F0003B0031002A000A9800F046FD049B7619E1
:108700001B78BB4200D379E6C2E7174B296999422F
:10871000B0D1079AAEE7FFF7ADFB021E00D1BBE573
:10872000584613780EA900F0EDF8C6E52189FFF749
:1087300047F8021EF4D1AFE5022B0FD0FFF79CFBE8
:10874000021ECBD1A8E5FFF733F8021E00D1A3E546
:10875000122358460EA900F0D5F8AEE5FFF72CF825
:10876000021EBBD198E5C046B18D0010F0B54F4652
:108770004646D646C0B50C0016001F0082B0002A3F
:108780003AD0702398461D4B002599461C4B9A46BB
:108790001AE04B461B78200001935346997800F06D
:1087A000B9FC00281CD021000198FFF755FA0028D9
:1087B00016D0A378DA09012A19D00A9A0135137064
:1087C000B54219DA2378E4186378052B08D1E378E9
:1087D0009B079B0FBB4203D14246A3781A42D8D0D5
:1087E000002002B0E0BCBA46B146A846F0BD0B9AE4
:1087F00001351370B542E5DB0120F2E7E4100020FB
:10880000B83D0020702270B58B780C001A4201D060
:10881000002070BD064B20001D78064B997800F0B3
:1088200079FC0028F4D021002800FFF715FAF0E7C2
:10883000E4100020B83D00207F20074B10B51A68D7
:108840000840CB0934334000C018044B1100C01855
:1088500000F01CFC10BDC0460C3E0020B83D0020BE
:108860007F20074B10B51A680840CB09343340000D
:10887000C018044B1100C01800F030FC10BDC046F9
:108880000C3E0020B83D002070B57F24C809844606
:108890000C400F4864000419644430342079C00748
:1088A00001D5002070BD0B48012500788446207951
:1088B000284320716046FFF751FA0028F2D10122C7
:1088C0002379934323712379033293432371E8E798
:1088D000B83D0020E410002070B5094C06000822C5
:1088E00020000D00FCF7DCFE00238021E360A36084
:1088F0002B783000994300220023FFF7C5FF70BD9D
:10890000983D0020F0B5C646244C1700804608224A
:10891000200000B50D001E00FCF7C2FE0023A7607A
:10892000E381EB79AA791B0213431A1CB34200D9E5
:10893000321C96B2A281002B0CD0002E15D0002F35
:108940002AD0402E1AD8237896B27F2B1BD800212C
:10895000134A0EE080212B780022994340460023E1
:10896000FFF792FF80BCB846F0BD7F23002221783C
:10897000994333004046FFF787FFF3E7402223780F
:1089800096B27F2BE3D9064C320039002000FCF769
:1089900087FE80212200ECE70020E3E7983D0020DD
:1089A000583D002010B5142200210248FCF772FE49
:1089B00010BDC046983D0020014B18617047C0466D
:1089C000983D002010B5054C010008222000FCF75E
:1089D00067FE0023A360E36010BDC046983D002001
:1089E00070B5374C1D0023780600DA09C9098A42A0
:1089F00010D00020002D00D070BD21003000FFF706
:108A00001DF92369002B03D0220003213000984771
:108A10000120F1E77F2B06D8A0680028ECD02A00BF
:108A20002849FCF73DFEE289A1685219E38892B219
:108A30004919E281A160934214D03F2D12D9A38934
:108A4000981A051C80B2402828D82078ADB27F281B
:108A500026D800219A4230D01A4A2B003000FFF766
:108A600013FFC9E72369002B05D022000221300043
:108A70009847002808D080212378002299433000AD
:108A80000023FFF701FFB7E700213000FFF778F977
:108A900030008021FFF774F90120ADE74025D4E7CD
:108AA0009A4207D0074C2A002000FCF7F9FD8021EC
:108AB0002200D2E780210022CFE70022CDE7C04686
:108AC000983D0020583D002070B50400FFF7DEF906
:108AD000002800D170BDFFF7E1F90028FAD1C823C2
:108AE0006343124A2500D418E1780029F2D01033EC
:108AF0009E18300000F0B6FB3F28EBD90020E1784B
:108B0000FFF79AFE0028E5D0300000F0ABFBE178DB
:108B10003F2807D9064BEA01D21800204023FFF76F
:108B2000B3FED7E70020FFF79BFED3E7C81700206E
:108B3000D43C002010B50400FFF7A8F9002801D1AB
:108B4000002010BDFFF7AAF90028F9D1C82262431E
:108B5000024B01309B181B791840F2E7C817002020
:108B6000C82310B543430248181800F05DFB10BD40
:108B7000D8170020F8B5C82343431D4D1033EE1815
:108B8000802304005B029A4200D31A4A300092B25A
:108B900000F0CCFB0700FFF779F9002801D138007D
:108BA000F8BDFFF77BF90028F9D1C8236343ED181E
:108BB000EB78002BF3D0300000F054FB3F28EED9C7
:108BC0000020E978FFF738FE0028E8D0300000F0F8
:108BD00049FBE9783F2807D9074BE201D21800206A
:108BE0004023FFF751FEDAE70020FFF739FED6E712
:108BF000C8170020FFFF0000D43C0020F8B5040097
:108C0000FFF744F9002801D10020F8BDFFF746F92D
:108C10000028F9D1C82325005D432B00134E2433CF
:108C2000F718380000F000FB0028EDD0751900207F
:108C3000A978FFF701FE0028E6D00D4AE3019C1851
:108C400021004022380000F071FBA9780300051EC6
:108C500007D022000020FFF717FE0028D4D02800FC
:108C6000D3E70020FFF7FCFDCEE7C046C817002081
:108C7000143D002070B5C82444430C4B0500E41893
:108C800080235B029A4200D3094A200092B200F08E
:108C900015FC0600200000F0C7FA3F2801D830007C
:108CA00070BD2800FFF7AAFFF9E7C046EC170020C7
:108CB000FFFF0000C82310B543430248181800F016
:108CC000D1FA10BDEC170020F0B50025184C83B088
:108CD000C82200212000FCF7DDFC164B21001D708E
:108CE000FF236371E1235B02A3602000082340227D
:108CF000A37338310095073B103000F05FFA27006E
:108D00000123210020002600402278310093B8374B
:108D1000243000F053FAC0363800FBF7C9F83000B1
:108D2000FBF7C6F8E56127622663656303B0F0BD13
:108D3000C8170020543D00200A4B196B1A6A0029FD
:108D40000CD0002A07D00022DA615A631A6300228D
:108D50001A62012070475A631A63FAE7002AF8D0B2
:108D6000D961F4E7C817002070B5052200210D482D
:108D7000FCF790FC0C4D2B78DA0707D50B4C9B07C2
:108D80000CD50121200000F06DFC70BD05481030AD
:108D900000F048FC2B78054C9B07F2D4200000F033
:108DA00041FCEEE7C8170020543D0020EC170020DE
:108DB000F0B54B79070083B0022B02D18B79022BDF
:108DC00003D00024200003B0F0BD214B1E009B788F
:108DD000002BF6D18B78092433700D784D196B7800
:108DE000242B07D00CE02B78ED181C196B78A4B25B
:108DF000242B05D1A242F6D20020FFF765FEE1E761
:108E00001A00052B15D0042AF6D16B790A2BF3D161
:108E1000104B2E7801930133009338000223A919D7
:108E2000023AFFF7A3FC0028CBD00E34A419A4B259
:108E3000E2E729003800FFF7E5FC0028C1D0AB7855
:108E400073702B781C19ED186A78A4B2DBE7C04662
:108E5000C8170020CA17002060238C461100127822
:108E600070B513400022202B08D1324C4B792600DC
:108E70000D7924781B022B439C4201D0100070BD59
:108E80004B78222B1CD008D8202B39D0212BF5D1A0
:108E90006346012B43D00122F0E7232BEED163463A
:108EA000012B42D0032BF6D1234B002BF3D08B7830
:108EB000C97800200902194300E000BF0122DDE764
:108EC0006346012B31D0032BE5D10125CB788A787D
:108ED0001B0213431C001D403300012124331800E2
:108EE0006940347100F0BEFB144B002BD3D001233A
:108EF00062081A402900002000E000BF0122BDE7FF
:108F00006346012B0BD0032BC5D10D4B002BC2D0D8
:108F1000310000200831FEF715FE0122AEE7094AB4
:108F20000723FFF7EFFC0122A8E7FFF7D5FC01229A
:108F3000A4E7C046C81700200000000000000000A1
:108F4000457B0010D0170020F8B54746CE4680B5C7
:108F5000344C1F00E37880460D008B423BD0A37851
:108F600000208B4211D0C0BCB946B046F8BD2E4B94
:108F7000002B04D02D4800F06DF900284FD00020C0
:108F8000FFF7A2FDA378AB420AD1294B002B02D0F8
:108F9000002000E000BF0020FFF730FE002801D0D5
:108FA0000120E0E7234C200000F03EF90028F7D133
:108FB000002FF5D0BB06F3D1243C4046A178FFF743
:108FC0003BFC0028ECD0002300224046A178FFF7AC
:108FD0005BFC0120C7E7184E14483100BAB200F01C
:108FE0006DFA164B002BC2D06379FF2BBFD0002F38
:108FF000BDD0BC46B444E14603E001364E45B6D090
:10900000637932789A42F8D1084800F023F90028B1
:10901000F3D1064B103B597900E000BFEDE700E0CB
:1090200000BFACE7C817002000000000D8170020E0
:1090300000000000EC170020D43C002000000000DD
:1090400000B5030083B0002910D00020012B07D801
:109050000A78002A04D00C48C2540120012A01D009
:1090600003B000BD1800FEF721FFF9E701236A46AF
:10907000002001A99380FEF719FF0028F0D00122FB
:10908000014B1A70ECE7C046AC3D002070B50400FF
:1090900023780800DB070E00DD0F002B16D12378A4
:1090A0005B0701D5280070BD0121494205F070FB26
:1090B0002378DB07DD0F002B0AD123785B0708D468
:1090C0000422237801251343237002E00025E9E7F9
:1090D0000025300005F04CFBE4E7C04670B50D00FC
:1090E000012104004942280005F052FB23785B0768
:1090F000DE0F002B04DB280005F03AFB300070BDCA
:109100002378DB0704D40422237893432370F2E707
:109110000026F0E7437902791B021343C2785B050E
:1091200092075B0D920F022A1AD0032A0BD000205F
:10913000012A07D102394A425141104A89189942FD
:109140004041C0B2704702394A1E91410C4A49421F
:10915000114080220020D200891899424041F1E755
:10916000022904D0002040229A424041EAE7054A01
:10917000981843425841C0B2E4E7C046FF030000DC
:1091800040FCFFFF00FEFFFF8446881830B51C003E
:10919000814206D24A78052A04D00A788918884282
:1091A000F8D830BD7F228B781A4052006244DB0928
:1091B000D4540A7889188842ECD8F2E7F0B5C6464C
:1091C00000B598466B461E7E802304000F001500F4
:1091D0001B029A4226D8C068002803D001214942C8
:1091E00005F0D6FA2069002803D00121494205F094
:1091F000CFFA42465204F303520C1343E380002398
:10920000E06863812760A5802381002801D005F0F4
:10921000AFFA2069002801D005F0AAFA012080BC2D
:10922000B846F0BD0020FAE7038941899C46828850
:109230009BB288B28C4507D31B1A9BB2101C9A4272
:1092400000D9181C80B270475100091A5B189BB2F4
:10925000F4E7C04603894089181A43425841C0B216
:109260007047C046038941899C4682889BB288B278
:109270008C4507D31B1A9BB200209A4201D9D21AFF
:1092800090B270475100091A5B189BB2F4E7C046D0
:1092900070B5040000690D00002803D00121494287
:1092A00005F076FA238962899C4698B291B2A38828
:1092B000944532D3421A92B2002A27D0934208D260
:1092C00098422FD3C01A81B261818B4203D8C91A48
:1092D00089B28B42FBD9E28823685204520C514375
:1092E00028005918FCF7DCF9618901254A1C92B263
:1092F000A38891420DD900225B00D21A20696281B5
:10930000002801D005F034FA280070BD00256289DC
:1093100092B25B009A42F1DBEFE75A00521A8218D0
:1093200092B2C9E7C01881B26181CEE7F0B5464676
:10933000D6464F46C0B5060000698A46904682B0C0
:10934000002803D00121494205F022FA31897289AF
:10935000B5888BB294B2914255D31F1BBFB2002F78
:109360004BD0BD4205D2AB4252D25B199CB22F000A
:1093700074814346B8453ED89FB2A54203D8641BCA
:10938000A4B2A542FBD9F28831685204500C020005
:1093900062432B1B9BB28918019002009F4225D982
:1093A00043439BB21A0050469946FCF779F9504660
:1093B000019A7D1B6419544331684844A2B2FCF7FA
:1093C0006FF97189B588CB199BB26A00994216D999
:1093D0009B1A30697381002801D005F0C9F9380063
:1093E00002B0E0BCBA46B146A846F0BD50467A434A
:1093F000FCF756F9E5E73B1CBEE773899BB26A00B0
:109400009342E6DBE4E76F003F1BDF19BFB2A6E73C
:109410005B1B9CB2ABE7C046F8B50400C0680F0008
:10942000002803D00121494205F0B2F9258920899D
:109430006189A288ADB283B28EB2884228D39B1BC9
:109440009BB29A4209D8E679F60906D1E06800286D
:1094500001D005F08DF93000F8BD2B0095421CD3EA
:109460009B1A9BB29342FBD2E28820685204520CB2
:1094700053433900C018FCF713F96B1C9BB2A28848
:109480009D4216D9002352009B1A01262381DDE755
:109490005100891B5B189BB2D3E7E2882068520415
:1094A000520C53433900C018FCF7FAF80135A28872
:1094B000ABB252009342E8DBE6E7C046F0B54E4659
:1094C0004546DE465746E0B589460500160083B09E
:1094D000002A6BD0C068002803D00121494205F062
:1094E00057F92F89EA79BBB298466B89AF889BB24E
:1094F000D2093DD1984562D27A00D31A43449BB237
:10950000BB4261D2FB1A1A1C9BB2B34200D9321C77
:1095100096B2F31B01934346F3189BB29B46EA882D
:109520004446B84503D3E41BA4B2BC42FBD2520468
:109530003B1B570C3A00624328689BB28018B34229
:1095400056D33A0049467243FCF7AAF8AB885B0051
:10955000D84501D89B4502DB5A46D31A9B465B4649
:1095600037002B81E868002821D005F001F91EE0C2
:10957000BE422BD298454CD34246D21A92B27900C1
:10958000F01B921901908A42C5DBDA1992B2934618
:10959000921B92B29046934240D94346591A8BB2DD
:1095A0009846F3189BB29B46EA88B9E70027380033
:1095B00003B0F0BCBB46B246A946A046F0BD424649
:1095C000D31A9BB2BB429DD30027CBE7002FC9D053
:1095D000CC46EA88F61B5104490C714398468C44EA
:1095E000D919002389B2E1468B463E00019397E7E3
:1095F0007B439BB21A0049469A46FCF751F849460C
:10960000019B2868E2187A43514492B2FCF748F86B
:109610009CE77900CA1A424492B2B1E79142BCDD9C
:10962000C2E7C04610B50400C068002803D001217D
:10963000494205F0ADF82069002803D001214942D4
:1096400005F0A6F80023E06863812381002801D09B
:1096500005F08EF82069002801D005F089F8012076
:1096600010BDC04670B50400C0680D00002803D0CE
:109670000121494205F08CF82069002803D001211E
:10968000494205F085F87F21E279EB011140E0685D
:109690001943E171002801D005F06AF8206900281B
:1096A00001D005F065F8012070BDC046F0B5DE467A
:1096B00057464E464546E0B5060083B01F000CAB4A
:1096C00008001978002393463268D366013350604E
:1096D000D366002F3BDD7B1E994601234B409A4603
:1096E0000020802440238846556F102DFCD0002593
:1096F000AC46002802D13579A9028C464D46411B63
:109700004D424D4151460D4061466D020D43802151
:1097100049000D43414615611559556B2B420AD03E
:109720000120536D4042317103B0F0BCBB46B246DC
:10973000A946A046F0BD956F002DEDD0884659464C
:1097400012690A540130874203D03268CCE7002006
:10975000E9E74146E7E7C046F0B54E464546DE46F6
:1097600057468446E0B585B098460EAB91461A78C8
:109770006346080019680023CB6601334860CB6656
:1097800043460392002B4EDD01275E1E6346802474
:1097900057401A79A24680254C4692020020102399
:1097A0009146AD000194841B62426241019C3A40A3
:1097B000245C520222434C462243019C0A614A6BBC
:1097C0001342FCD052468A5801949146002A10D187
:1097D000B04223D00022013091468045E3D1634658
:1097E000039A1A7105B0F0BCBB46B246A946A04622
:1097F000F0BD4A6D012293464A6B2A42FCD00A6EA4
:109800005A460194002AE5D04C46002C03D0092387
:109810002340082BE3D001204042E0E7039A002ACE
:10982000D8D19346E8E70020D9E7C046F0B5D64640
:109830004F4646468246C0B505200C00FBF7BCF8F3
:109840000500600821004019FBF716FB47003F1890
:10985000060005213800FBF70FFBA0461C4B321A0F
:10986000040068009146401998452BD81949FBF728
:1098700003FB0130534600221B68DA661968043284
:10988000514002320A408021490159180A604A4673
:10989000DA6101221C624F2F00D92209A0215A50FF
:1098A000DA6F310050400C4A00049A18000C106026
:1098B00001222800DA66FBF7DFFAE0BCBA46B146BF
:1098C000A846F0BD0549FBF7D7FA0130D2E7C046FC
:1098D0003F420F00809698007C10000040787D0188
:1098E000104A70B5821A531E9A41072352429A4376
:1098F0000D4B10321A600D4B0D4C1A601500236889
:109900009D432B1EFAD166240268FF340571D5668B
:109910001460633C8833FF3CD5639563D450FFF7F4
:1099200085FF70BDE810002000E0004000F000401E
:1099300008C0004010B582B06C46247C0094FFF74C
:109940000BFF02B010BDC04610B582B06C46247C3F
:109950000094FFF7ABFE02B010BDC04610B50A225E
:10996000002100F0A3FD10BD70B50B0C0024150CF8
:10997000002B28D1002D3CD18BB291B2594300F07D
:1099800047F8051E33D00300083B5A6803239A4367
:10999000043A242A12D80300132A0AD90460446026
:1099A00008331B2A05D98460C460242A2AD0030006
:1099B000103300221A605A609A6002E00021FBF71F
:1099C00069FE280070BD002D16D1151C89B292B217
:1099D0004A43ADB29BB26B43110C5B18190C0BD10F
:1099E000190492B2114300F013F8051ECBD10025E3
:1099F000E7E72B1C0D1CE9E700F0D6FD0C23002542
:109A00000360DEE70300046118334461D1E7C04618
:109A1000F0B54E464546DE465746E0B50D000B35DF
:109A2000060085B0162D21D8102900D9D4E000F009
:109A3000D5FA102518230221CA4FFB181A005C68BA
:109A4000083A944200D186E103226368A1689343F7
:109A5000E268CA6091600121E3185A6830000A4345
:109A60005A6000F0C3FA20000830B8E007239D4395
:109A700000D5B1E0A94200D9AEE000F0AFFAFC2376
:109A80005B009D4200D2E0E1690A00D1AEE004290A
:109A900000D9A1E138239846A90988443931CB007F
:109AA000082252429446AF4FFB189C446346DC6840
:109AB000A44514D0032399460B0061469C4607E059
:109AC000E068002A00DB40E1814200D141E104006E
:109AD0004A46636893435A1B0F2AF1DD41463A0018
:109AE0003C690832944200D11EE10320636883433D
:109AF000581B0F2800DDACE13A617A610028AADA30
:109B00007A68904680229200934200D336E1DA08C8
:109B1000580901238340404618438046D300DB198F
:109B20009A687860E360A2609C60D46001208B102A
:109B30009840404562D8434603420AD103239943E3
:109B4000434640000431034203D140000431034244
:109B5000FBD00323B3469C460E00B8460190F000AC
:109B600040440100B246CB680BE064465A681F00CF
:109B7000A243DB68541B0F2C00DD39E1002C00DB15
:109B800053E19942F1D101239946CA445346083121
:109B90009B07E8D1032205E003680838013E8342B1
:109BA00000D013E23242F7D14346019A5B689343F7
:109BB00042465360019A520001929A421CD8002AF0
:109BC00006D119E004229146019ACA44520001923A
:109BD0001342F7D05646C2E70C233360002005B08D
:109BE000F0BCBB46B246A946A046F0BD80233F224A
:109BF000402190469B0053E75E4647460322BC68DF
:109C0000636893439846AB4203D35B1B0F2B00DD85
:109C10008DE0230043440293534B08201B6810330C
:109C20005B19019300F0CAFC504903900B688A4607
:109C3000013306D08446019B4242013B63441340FA
:109C400001933000019900F09DFC0300814601332F
:109C500000D11CE1029B834200D916E1444B0298DB
:109C60009B461A68019B59469C4662440A600399C8
:109C70000139484500D157E153461B68013300D1F3
:109C80005EE14B4602981B1A9B185A461360072345
:109C90004A4648461A400292184200D115E10398FC
:109CA000013384469B1A019A99444A4401926344C1
:109CB0000A409B1A194030008A4600F063FC431C9E
:109CC00000D158E14B46C01A0300534401935B4650
:109CD0001A68012052441A604B464946BB60019BFA
:109CE00003434B60BC4213D043460F2B00D82BE1FB
:109CF00007210C3B8B4361680140052019436160DB
:109D0000E118486088600F2B00D93FE14B465B6843
:109D100018490868904200D20A60174908689042C2
:109D200000D20A604C46B4E07B689846FEE6012209
:109D3000290013431143651961603000BD606B60F9
:109D400000F054F92000083049E7A268D060826032
:109D500081E66146C3E6DC680231A34200D1BEE67B
:109D600072E6C04600110020943B0020F81000204D
:109D7000643B00208C3B0020903B00205A0A042AC0
:109D80007CD9142A00D9B0E010005B3082465C32E6
:109D9000D200082040428446BA1894446246926831
:109DA0000B308146944500D186E00800A24661460A
:109DB000844602E09268914204D04C465068A04329
:109DC0009842F7D8D368614654469C466346A260E1
:109DD000E3609C60D460A9E6142967D9542900D9AE
:109DE0008CE06E239846290B88446F31CB0057E6F0
:109DF000BA460120514684464919054350464560FC
:109E0000856847466046EB605E469D605346396113
:109E10007961204308374860CF6030008F609C50E4
:109E200000F0E4F850460830D9E6BA4601205E4614
:109E30005244516801435160BA683000D3609A605F
:109E400000F0D4F838000830C9E62B00E9080833E0
:109E5000F2E56119884601218C460D434146656053
:109E600039617961CA608A60624602434A60E050A3
:109E7000300000F0BBF820000830B0E69A0910006E
:109E8000393238308246D20083E7BC4241D0BC68C8
:109E90006368032293431A005B1BAA4202D30F2B71
:109EA00000DD44E7300000F0A1F897E65B23984618
:109EB00088445C31CB00F3E553469810012383407E
:109EC000404618438046786080E7019B039A4B44E4
:109ED0000B40D31A194030008A4600F053FB431C54
:109EE00000D0EFE600239A46F1E6542A2ED81A0B4A
:109EF00010006F326E308246D2004AE7AA235B0020
:109F000099422ED8DD3B9846E90B88447831CB0046
:109F1000C6E5304B9B461A68019B9C465B466244F3
:109F20001A60039B591EA7E64846084200D0A3E6E4
:109F3000B9684344894601210B4349464B60E7E633
:109F400053464A461A60A2E64860ABE7AA204000A2
:109F5000824226D8DA0B1000783277308246D2005F
:109F600017E71D4B994226D87C239846A90C8844B4
:109F70007D31CB0094E5019A029B94464A46083B0A
:109F800063449B1A019300239A46A0E62100300007
:109F9000083100F0EDFB5B461A68BB6899465B68C8
:109FA000B6E60D4882420CD89A0C10007D327C3007
:109FB0008246D200EDE6FE237E227F2190469B0062
:109FC0006EE5FE227E2092008246E2E643465B6812
:109FD000F0E5C046643B00205405000010B502487F
:109FE00000F0E8FA10BDC046603B002010B5024802
:109FF00000F0E2FA10BDC046603B0020F0B55746C5
:10A000004E46DE464546E0B50C000600170083B01C
:10A01000002900D1ACE0FFF7E1FF08235B4299463D
:10A02000A1444B465B68032219003D0091430B3568
:10A03000CA468846162D67D81025AF4267D8A8456E
:10A040006EDA4946C04841444A68009080689346A9
:10A05000884200D1A0E0012084461000624690436F
:10A0600008184068104200D077E05A460320824327
:10A070009346C3445D454EDD6046184212D14B46BF
:10A0800048461B68C31A03209B465B688343D2186B
:10A0900042440092954200DCCCE0434400939D4250
:10A0A00000DCCBE039003000FFF7B2FC071E00D126
:10A0B0001EE14B4601225B68934302004B44083A81
:10A0C000934200D1E3E04246043A242A00D9E3E077
:10A0D00003002100132A09D92368036063684360E1
:10A0E0001B2A00D9DCE00300083108330A681A6033
:10A0F0004A685A608A689A603000210000F038FB94
:10A100003000FFF773FF20E00432954395D50C2310
:10A110000027336019E0D846CB688A68D3609A601C
:10A1200043465F1B5346012250465B684044134040
:10A130000F2F22D841460B4351464B6043681343CF
:10A1400043603000FFF752FF2700380003B0F0BC37
:10A15000BB46B246A946A046F0BD1A42A2D14B4624
:10A160004A461B68D31A03229B465B68934394E7D5
:10A170001100FFF74DFC0700E7E751462B43491953
:10A18000554617436B604F60436808311343436083
:10A19000300000F0EDFAD4E703218A439446290009
:10A1A000C44410318C4500DB84E0DB0700D579E73F
:10A1B0004B4648461B68C31A03209B465B68834393
:10A1C000D21842440192914200DD66E75B465A464E
:10A1D000DB6892685F46D3609A604246043A08376B
:10A1E000242A00D999E03B00132A0AD9594623684A
:10A1F0008B606368CB601B2A00D993E05B46083410
:10A20000103322681A6062685A60A2689A605B46DE
:10A2100001225919009B30009960019B5B1B13437D
:10A220004B605B465B6813405A462B435360FFF715
:10A23000DDFE8AE7CB688A68D3609A605B465A463F
:10A24000DB6892685F46D3609A604246043A0837FA
:10A25000242A17D83B00132A09D9594623688B6052
:10A260006368CB601B2A39D85B46083410332268F8
:10A270001A6062685A60A2689A60009B3C00984627
:10A28000DA464DE72100380004F03AFAF5E70322F8
:10A290005B689343984443E7210004F031FA2BE7CD
:10A2A000A3688360E368C360242A26D003001031CA
:10A2B00010331BE74B465919009B012299606346F6
:10A2C0005B1B13434B604B465B68300013404A46B0
:10A2D0002B435360FFF78AFE270036E7A3680B6124
:10A2E000E3684B61242A10D05B4610341833BEE774
:10A2F0003000FFF77BFE002727E723691831036151
:10A300000300626918334261F0E623698B615B46A2
:10A3100062692033CA611834A9E72100380004F0CB
:10A32000EFF974E7A3680B61E3684B61242A03D05B
:10A330005B461034183364E723698B615B466269BE
:10A340002033CA6118345CE700110020F0B557468D
:10A350004E464546DE46E0B582460F0090461E005A
:10A36000994683B0242B43D8012B41D00B00082001
:10A370004A4D1A0014780133295D0842F9D11D00B5
:10A380002D2C00D176E02B2C3ED0454B9B46002354
:10A390000193002E53D1302C00D173E00A230A26FA
:10A3A000994649465846FAF767FD2B008C463D0012
:10A3B0000200270000214C460020E146AC463D004B
:10A3C000303D092D07D9113D192D03D93D00613DBF
:10A3D000192D20D80A35AE421DDD4F1C05D0824212
:10A3E0002AD327D00121604328181F780133E6E7DC
:10A3F00000F0DAF816230360002003B0F0BCBB467F
:10A40000B246A946A046F0BD1C78254B951C9B463C
:10A4100000230193BDE767464A1C21D0019A002A18
:10A4200000D040424246002AE7D0002933D14346BB
:10A430001F60E2E7A945D5DA01214942D5E7102E90
:10A44000AFD110239946302CABD120222B789343E7
:10A45000582BA6D110236C78994610260235A0E718
:10A46000222251460A6042465846002AC5D0584624
:10A470005F1EDCE71C7880231B069B460123951C8E
:10A48000019386E720222B789343582BE2D00823B0
:10A490000836994685E78346E9E7C0466D4A0210CB
:10A4A000FFFFFF7F10B5FFF751FF10BD10B504008F
:10A4B0001300034A10680A002100FFF747FF10BD90
:10A4C000081500200EB48123F0B500269CB021AD04
:10A4D00002AC9B0080CDA3811B960290069000F0F9
:10A4E000BFF80B4B03900A9301235B42E381094BB6
:10A4F00007903A00210018682B000E9613960195DC
:10A5000000F092FB1CB0F0BC08BC03B01847C0467A
:10A5100019A50010081500200020704730B5002A4A
:10A5200027D003000B439B0713D1032A11D9134DE6
:10A530000BE0043A002A1CD0114C1C199C432C42FD
:10A5400017D104300431032A03D903680C68A342ED
:10A55000EFD00D78047801230139AC4207D00AE02E
:10A56000002C06D0C45C0133CD5CAC4203D19A42CE
:10A57000F6D1002030BD601BFCE7C04680808080A3
:10A58000FFFEFEFE002370B5064C050008002360A8
:10A59000FCF788FC431C00D070BD2368002BFBD067
:10A5A0002B60F9E744400020014B18687047C04613
:10A5B000081500207047C0467047C046802310B57C
:10A5C0005B01082801D1180010BDFFF7EDFF16232D
:10A5D0000360173BF7E7C046024670B50A4392078F
:10A5E0002AD11E4DEE0104C808C9541B94433440BF
:10A5F00017D0D0B2D9B2401A2106014310D190B27F
:10A6000099B2401A210401430AD110021902000A2A
:10A61000090A401A2102014302D1100E190E401AF4
:10A6200070BD9A42DFD010BA19BA884201D9012010
:10A6300070BD0020C04370BD02780B78013001313D
:10A64000002A09D09A4207D102780B7801300131F3
:10A65000002A01D09A42EFD0D01A70BD0101010149
:10A6600010B583070AD00300032102E001330B4237
:10A6700005D01A78002AF9D1181A10BD03001968FC
:10A680000C4A0D4C8A188A4322420FD15968094A54
:10A6900004338A188A43224208D15968054A043390
:10A6A0008A188A432242F1D000E001331A78002A46
:10A6B000FBD1E1E7FFFEFEFE80808080F0B5C6465C
:10A6C000060000B508200D00FFF778FF04003000F9
:10A6D000FFF784FC234B210098469B685F680323A7
:10A6E0009F4338001138401B0019FAF7C5FB451E7F
:10A6F0006543AC4208DC00213000FFF743FF4346CE
:10A700009B68DB19984206D03000FFF76FFC0020F1
:10A7100080BCB846F0BD30006942FFF733FF01301E
:10A720000ED0012243467F1B9B6817430E4A5F6091
:10A73000136830005B1B1360FFF758FC0120E7E74C
:10A7400000213000FFF71EFF43469A68831A0F2B43
:10A75000DADD064C04492468001B086001210B4324
:10A760005360D1E700110020643B0020F810002066
:10A77000F0B5D6464F46464605000C00C0B5002948
:10A7800048D0FFF72BFC2100012708394B68032034
:10A790009C46BB43CE187268824360463840804670
:10A7A0006A4891468468B44200D17CE07260B41873
:10A7B00064683C40A2464446002C30D10C68A44654
:10A7C000091B8C686344A4460824A0468044C44501
:10A7D0005CD0CC68A04664464246E2609460524633
:10A7E000002A1FD01F434F603360802292009342A3
:10A7F00030D2DA085C090123A34044682343436054
:10A80000D3001B189A68CB608A609960D1602800D9
:10A81000FFF7ECFBE0BCBA46B146A846F0BD524695
:10A82000002A0FD101224B44CF18BC46B468484FD0
:10A830001A43BC425BD0F668E660B4604A60624688
:10A840001360D2E762463A434A6080223360920046
:10A850009342CED35C0A042C3FD89C09260039349D
:10A860003836E40004192268083C0327944203D1D7
:10A870004EE09268944203D05068B8439842F8D8AA
:10A88000D468CC608A60A160D160C0E75246002ADB
:10A8900035D14B441A00B068F3681743C360986021
:10A8A0004F608A50B3E74B441A004346002B06D151
:10A8B0000B68C91A8C68D218CB68E3609C600123CE
:10A8C00013434B60234B81601B6893429FD8224BFC
:10A8D00028001968FFF7F2FE99E7142C13D9542CBD
:10A8E0001DD81C0B26006F346E36E400BAE7E16019
:10A8F000A1604A606246CC608C60136087E71F43AA
:10A900004F60336083E726005C345B36E400A9E7E0
:10A910000123B610B340466833434360B1E7AA222F
:10A920005200944205D8DC0B260078347736E400D8
:10A9300098E70A4A944205D89C0C26007D347C3660
:10A94000E4008FE7FE247E26A4008BE700110020A0
:10A9500008110020FC100020943B0020540500004A
:10A96000F0B557464E464546DE468846E0B50C00F3
:10A9700092461E00082183B00190464823001D78AE
:10A980000134425D1142F9D12D2D5ED00022934653
:10A990002B2D33D0002E07D1302D62D00A23052174
:10A9A00099460A263C4F0DE0102E53D0012031006D
:10A9B0004042FAF761FA0700012031004042B146F7
:10A9C000FAF75AFA002200202B00303B092B07D956
:10A9D000113B192B03D92B00613B192B11D80A33DA
:10A9E0009E420EDD551C06D0B84221D81ED04A46E4
:10A9F00050430122181825780134E5E725789C1C7E
:10AA0000C8E7531C17D05B46002B00D0404253468A
:10AA1000002B04D0002A15D1534642461A6003B0D9
:10AA2000F0BCBB46B246A946A046F0BD8B42DEDD77
:10AA300001225242DFE72223019910000B605346A6
:10AA4000002BECD0631E9846E6E725789C1C01237A
:10AA50009B469FE7302D0FD010230F2199460F4FB3
:10AA6000B0E7202223789343582B0AD008230721EC
:10AA700099460B4F0836A5E7202223789343582B9D
:10AA8000EAD1102365780F2199461026034F02342E
:10AA900098E7C0466D4A021099999919FFFFFF0F78
:10AAA000FFFFFF1F10B5FFF75BFF10BD70B514006F
:10AAB0004B1C1BD093892022FF259343226BA3813B
:10AAC000CEB263680D40002A13D0626B9A4208DD53
:10AAD0002368013B23601E706368013363602800B4
:10AAE00070BD210001F086F90028F1D001256D42EA
:10AAF000F5E721692268002905D0914203D2511E51
:10AB00000878A8420ED0E363230040332363032375
:10AB100063633F33A263E65423004233236001237F
:10AB20006360DCE7013321606360D8E710B50C0097
:10AB3000096B00290FD023004033994201D0FFF761
:10AB400017FE00232363E36B6360002B03D0002018
:10AB5000A36B236010BD0022202101206260A28926
:10AB600023690A43A2814042F3E7C046F0B5DE46BE
:10AB700057464E46454683461800E0B5504385B0DB
:10AB80000F000E9C0193002835D0002398464033D7
:10AB90009946656806002168A144A84220D9029020
:10ABA000039238002A00FAF77BFD2368216B5B19BA
:10ABB00023604346B24663607F19761B002921D08B
:10ABC000494502D05846FFF7D3FD43462363E36B64
:10ABD0006360002B16D0A16B1D002160B342E0D34F
:10ABE00032003800FAF75CFD636801989B1B6360D4
:10ABF00023689B19236005B0F0BCBB46B246A9464A
:10AC0000A046F0BD23692021236000236360A3894F
:10AC100002980B43A3815346039A28181100C01AC7
:10AC2000FAF72AF9E7E7C046F0B5DE464E46454654
:10AC30005746E0B5CF4C0D00A5440A930C23C95EDE
:10AC400080239B01160083466A6E194269D10B432B
:10AC5000AB81C94B1A406A66337801361393002BD7
:10AC600001D100F0EEFF002292460B92089206926C
:10AC70000592C24A54469146B046CA46C04A099215
:10AC800052460821D25C114227D1252B11D14346CF
:10AC9000002600274146A4461A781300253BDBB264
:10ACA000481C532B0FD8099C9B00E3589F466446D1
:10ACB00080466B68002B43DD43462A68013B1178D0
:10ACC0001B78994233D00598B1239B009D44F0BC7A
:10ACD000BB46B246A946A046F0BD082657466B685B
:10ACE0000AE02A681378FB5C1E420DD06B680132C3
:10ACF000013B01346B602A60002BF2DC29005846CE
:10AD0000FFF714FF0028ECD04346BA460293012116
:10AD10008C46029A1378624490461393002BAFD16D
:10AD2000D1E7920498D501235B420593CBE76B688A
:10AD30000132013B6B6043462A6001340293E6E72F
:10AD400029005846FFF7F2FE0028B5D0059B002BDE
:10AD5000E9D0AB895B06B6D5E5E78F233342B2D1A4
:10AD6000BB00DF197F00BF18303F4A78010094E72D
:10AD70006B6864460290002B01DC00F041FF042365
:10AD8000994651462A681378CB5C1B0720D50823C7
:10AD9000B24698460E0006E0414601322A6013781A
:10ADA000F35C194211D06B680134013B6B60002BDE
:10ADB000F2DC29005846FFF7B9FE0028C6D141460B
:10ADC0002A681378F35C1942EDD1330056469A464F
:10ADD0004B46022B00D169E3032B00D1C8E2584651
:10ADE00001F052F8AE22036852000E937B1E93428C
:10ADF00001D800F087FC5E3FFF3F11975E27FF37C9
:10AE0000F023DB00334398460023994603931093C5
:10AE10000F9307930D9358AB1E000C93594B04935B
:10AE20002300444698462A6811780B002B3BDBB27E
:10AE30004E2B00D934E104989B00C3589F468023D1
:10AE40009B001E436B6864460290002B59DD4E4BFD
:10AE50000B93102306930D3B994692E76B6864466B
:10AE60000290002B01DC00F0C1FE002F00D1013761
:10AE7000102333400393F60701D500F0B4FC039B85
:10AE8000002B01D000F052FC0A9E3B0002CE0122B2
:10AE900058460095FFF76AFE002800D156E7059B4B
:10AEA0002418013305930A9631E76B6864460290D3
:10AEB000002B01DC00F097FE334B0B930A23069323
:10AEC000073B99465DE7330700D0FCE602234A784A
:10AED0001E430100E1E66B6864460290002B01DC32
:10AEE00000F079FE284B0B9308230693053B994607
:10AEF00047E788239B001E436B6864460290002B43
:10AF0000A5DC29005846FFF711FE00289FD01DE759
:10AF10006B6864460290002B01DC00F058FE0223AF
:10AF200099462EE7010018A8644600F023FF6B68DD
:10AF30000290002B01DC00F040FE002F00D1013F09
:10AF400001231A00324090461022324007923342C9
:10AF500001D000F0C7FC20202B6810A91A7809182E
:10AF60008A5C0799002900D152E3002A00D1AAE6A1
:10AF7000464613E03CFDFFFFFFDFFFFF6D4A021076
:10AF8000704B0210C04C0210A5AA001020201A78A5
:10AF900010A909188A5C002A00D16AE36A680133A3
:10AFA000013A01366A602B60BE4200D161E3002A9B
:10AFB000ECDC29005846FFF7B9FD002800D058E323
:10AFC0002B68E3E701231E436B6864460290002B65
:10AFD00088DC29005846FFF7A9FD002800D181E749
:10AFE000B4E6330700D06EE604234A781E4301001E
:10AFF00053E66B6864460290002B01DC00F0D5FD3F
:10B00000D24B0B930023069303339946B9E63307DB
:10B0100000D058E64A786C2A01D100F0A8FD01233F
:10B0200001001E4339E664460290F30600D56EE641
:10B030000A9A08CA0A92720701D500F068FDF20761
:10B0400001D500F002FE002E01D100F0FEFDE21756
:10B050001C605A605BE601231E436B6864460290E5
:10B06000002B01DC00F048FDB84B26E76B68644616
:10B070000290002BF8DCB54B0B930A230693073B99
:10B08000994629005846FFF751FD002800D178E67F
:10B090005CE6374300D016E64A7810260100FCE54E
:10B0A0000E9B1B788B4218D180239B001C4214D02E
:10B0B000A74B1C40079B0D933170013F01360123C4
:10B0C0009C466B68E044013B6B60002B00DC47E171
:10B0D00001322A60002F00D0A5E64346A0461C009E
:10B0E000079A039B2700013B002A6FD04146994AEB
:10B0F00011408846012B01D800F016FD4B46013B5C
:10B10000062B00D9C5E24B46022B01D800F01DFEEC
:10B11000032B00D1BDE2230037004C469946013F86
:10B120002A0058463978FFF7C1FC3B199B1BDBB25C
:10B13000032BF4D14B46A1461C004B46043BDBB22B
:10B14000013C013EE71AF61A4CE02305C5D5039BE6
:10B150004B44002BC1D1804B1C40002399460393E4
:10B16000AAE72305F3D4A0238020DB002340C000FE
:10B17000834204D00442B0D0079B002B20D0802310
:10B180009B001C4204D1079B0D9810961B1A0F932D
:10B19000724B2340C02464001C43002307938BE7B9
:10B1A0004B46002B00D0BFE1079B002B00D064E290
:10B1B000E0232000DB001840984201D100F048FD58
:10B1C0004346A0461C002700039B013B012B01D8EE
:10B1D00000F0AAFC4B460022013B0792062B01D847
:10B1E00000F0CBFC4346DB0501D400F00DFD4346E7
:10B1F0005B0501D500F086FD731E197899467C1E0B
:10B20000652903D0452901D000F033FC2A005846B7
:10B21000FFF74CFC1023424641461A400B4200D037
:10B2200075E54B461A700F9B002B01D000F072FCA5
:10B23000002258460C9901F04BFE0A9B060004CBF5
:10B240000F000A9343469146DB0704D443469B070D
:10B2500001D400F042FC4B461E605F60059B013349
:10B26000059354E5230504D5039B4B44002B00D1E3
:10B2700071E74B46022B00D02FE7032399461BE7CB
:10B280008023234200D128E79C4315E7230504D5FA
:10B29000039B4B44002B00D15DE7039B012B00D0A7
:10B2A0001BE70223039307E74B46072B00D014E765
:10B2B0000823994600E7982380201B012340400083
:10B2C000834200D009E7079B012B00D005E7214B03
:10B2D000013F2340802424011C433023337000238A
:10B2E00001360793E8E64B46062B00D0F5E6072328
:10B2F0009946E1E6230500D535E7EEE6039B002BF2
:10B3000000D00AE1079B002B07D1E0232000DB00DF
:10B310001840984201D100F0ABFC4B46012B02D003
:10B32000042B00D0D9E64B460133DBB29946C3E685
:10B33000E30500D40BE780239C43079B013307936D
:10B34000119B002B00D088E3013FB8E6A5A40010B4
:10B350007FFDFFFFFFFEFFFF7FFEFFFF7FF0FFFF90
:10B3600029005846FFF7E2FB002800D1B2E6B4E618
:10B37000AE2200217B1E52000491934204D95E3F0D
:10B38000FF3F04975E27FF37D8231B011E4300238E
:10B39000039358AB98460C93D14B994623004446EF
:10B3A00098462A6811780B002B3BDBB24D2B14D842
:10B3B00048469B00C3589F46069B0A2B0DDDC94B90
:10B3C0001E40217001346B68013B6B60002B66DD11
:10B3D00001322A60013F002FE3D14346A0461C0002
:10B3E000F30507D50C9B984500D9AEE30C9B984517
:10B3F00000D168E410231A003240334212D1434690
:10B400000B9F1A7058460022069B0C99B8470A9A5F
:10B41000171DB30600D409E313681860059B0A974B
:10B420000133059343460C9A9B1A039A944663444E
:10B43000E4186CE40698AC4B4000C35E0693A94B3D
:10B440001E40BEE7C0238020DB00334080008342E3
:10B45000C3D1A64B3340A026F6001E43102306930B
:10B46000AFE780233342B8D09E43AAE706989E4BAD
:10B470004000C35E0693082BA1DCAEE73305A0D5E0
:10B48000069B002B05D180239B001E43F93BFF3B0D
:10B490000693730500D4BDE2954B1E4091E7290049
:10B4A0005846FFF743FB002894D096E7002F00D1C1
:10B4B000013F01210B005046334098462B681A7813
:10B4C000825C0820104010223240314235D1002ADF
:10B4D00000D148E1002800D019E442460826A046E1
:10B4E0003C00170005E051461A788A5C164200D0ED
:10B4F00074E16A680133013A01376A602B60A74240
:10B5000000D16BE1002AEEDC29005846FFF70EFB64
:10B51000002800D062E12B68E5E7039B022B00D0F6
:10B52000FBE603230393C7E5FD20033B034200D062
:10B53000D3E50433DBB29946BEE50A9E002A00D06B
:10B5400090E208CE9946002859D1002304969046EF
:10B550001E0000F091FCB04201D1FFF7F7FB2B6811
:10B56000721C03921A7858A98A5501336A682B60B5
:10B57000089B013A07916A6016AE032B02D1169B15
:10B58000042B04D0082200213000FAF783F8039B33
:10B5900049465846079A00960A9301F069FE0890BA
:10B5A000431C01D1FFF7D2FB002800D02EE34A460E
:10B5B0001060002001F080FE002800D089E3039B8A
:10B5C0009C466444013F002303934346002B02D171
:10B5D00004339C46E1446B68002B00DC6AE352466E
:10B5E0002B681B78D35C1B0702D4002F00D087E3A5
:10B5F0004246049E0A96002A01D0FFF788FB4B467C
:10B6000000221A60059B0A9601330593FFF77FFB22
:10B610000A9901C980468946002A01D1FFF753FBE8
:10B620000200013A06001900D71907E02020296816
:10B6300010AA0B781218D35C002B67D06A684B1CD9
:10B64000013A2B606A600A783300327001369F42FB
:10B650005CD06B68002BE9DC29005846FFF766FADE
:10B660000028E3D0B04501D1FFF770FB4346F21A42
:10B6700052E0B0464444FFF74AFB4346A0464246E8
:10B680001C001C4B1A40039B9046013B012B00D829
:10B690004AE21023424641461A400B4201D0FFF7CE
:10B6A00036FBC02332708022DB000B40D200934275
:10B6B00000D0B8E50D9B079A934200D1B8E59A1ADD
:10B6C000109610A98C460C4B10996344994202D3F2
:10B6D0000A4B634410930A491098FBF783FBA7E5D4
:10B6E000FC4D02107FF4FFFF344F0210FFFDFFFFFF
:10B6F0007FFAFFFFFFFEFFFF7302000072020000EF
:10B70000CCED001000231193FFF77AFB4346F21AA9
:10B71000B04501D1FFF7D7FA00233370059BA41879
:10B72000013305934B460A93FFF7F1FAA046002632
:10B730005C460AE0D218290020002A60F618FF1A99
:10B74000FFF7F4F9002800D008E26B682A689F42EE
:10B75000F0DCA3464446F619DB1BD2196B602A6065
:10B76000A419FFF7D4FA0A9904C90392002800D05B
:10B77000DAE21600013AD719082288469146049465
:10B7800007E051462B681A788A5C4946114200D07E
:10B7900004E26A68013A6A605A1C2A6032001B7827
:10B7A000013634001370974200D1F0E16B68002B32
:10B7B000E7DC29005846FFF7B9F90028E1D04146F7
:10B7C000B046039A049CB31AE4180023424613704F
:10B7D000059B0A9101330593FFF799FA4446B84651
:10B7E0004444FFF794FA00239946039B002B00D1B1
:10B7F0004EE1A04600263C0000F03EFBB04201D1E5
:10B80000FFF7A4FA90202B6810A91A7840000918B5
:10B810008A5501336A682B60089B013A771C6A607D
:10B8200016AE032B02D1169B042B04D00822002154
:10B830003000F9F72FFF3B0049465846009658AABA
:10B8400001F016FD0890431C01D1FFF77FFA002894
:10B8500010D1039BB844013C002B04D14A4613602D
:10B8600004239C46E1446B68002B1ADD002C1ED09B
:10B870000026C1E7089A931C1BD0B844032A02D1C2
:10B880003368042B04D0039B013C002BE8D0EAE78B
:10B89000039B002B02D104239C46E1446B68002BE0
:10B8A000E6DC29005846FFF741F90028DED044467F
:10B8B0000EE06B683E00002B9EDC29005846FFF727
:10B8C00035F9002898D04446002F01D0FFF73EFA02
:10B8D000039B5A425341059A94469C446346059300
:10B8E000FFF715FA13AB9946002A00D1CBE00023ED
:10B8F0009846DA4B52460D935B46BA46A3464446F9
:10B900009846089E0E9200F0B7FAA04201D1FFF7C8
:10B910001DFA90202B68621C039210A91A7840002F
:10B9200009180A556A680133013A6A602B6014AC41
:10B93000032E02D1149B042B04D0082200212000E6
:10B94000F9F7A8FE039B49464046009458AA0C9379
:10B9500001F08EFC0600431C01D1FFF7F7F9002827
:10B9600034D14B46002718600822002116A8F9F7A9
:10B9700091FEE0230D9A4046D35812A904933A0051
:10B9800016AB049FB8470027012801D110AB1F7ADE
:10B99000202210AB9B18DB5D002B00D16EE1039BD6
:10B9A0009C46E344032E18D001235B429C46079B30
:10B9B000E244002B02D104339C46E1446B68002B27
:10B9C00017DD5346002B1AD000249CE7831C1CD0A3
:10B9D0004B461F687B1CC7D1DAE72368042BE3D1F1
:10B9E000079B002B02D104239C46E1446B68002B8B
:10B9F000EADC29004046FFF799F80028E1D00E9BC9
:10BA00005C469A46C34608965BE06B68002B48DDAF
:10BA1000039C78E7924B1E40049B002B02D0013B15
:10BA200004930137039B01330393CCE4730734D4AD
:10BA3000F30700D500E1B60700D4FDE0894B0B9A6F
:10BA40009A4200D173E100225846069B0C9901F0FE
:10BA500025FB0A9B1B6803C3E0E4119B013B119388
:10BA6000FFF72DFB13AB9946002800D16DE5FFF7DA
:10BA70004EF92A005846FFF719F8B31E994619786F
:10BA8000BC1EFFF7C3FB0A9B04CB91460A932EE72B
:10BA90000A9B04CB91460A93ABE60A9B1B6818806D
:10BAA000BCE429004046FFF741F80028B0D00E9BC7
:10BAB0000896039E5C469A46C346002E01D0FFF7C7
:10BAC00045F9079B002B01D0FFF721F94A46136087
:10BAD000059B01330593FFF71AF902000B00F9F7F4
:10BAE0008CFC002800D029E130003900F9F706FD70
:10BAF0004B461860FFF7B2FB29005846FFF716F8CF
:10BB0000002801D0FFF722F9574BFFF7D6F91C8028
:10BB1000FFF7FDF8109B0022591C58460A23FEF738
:10BB2000C1FC0F9BC21ACCE50C9F3400BE4201D869
:10BB3000FFF7C9F85E46013C2A0030002178FEF785
:10BB4000B5FFBC42F7D1FFF7BEF84746013F2A00D8
:10BB500058463978FEF7AAFFB84647E4A34644465C
:10BB6000002E01D1FFF7F2F8A419FFF7D0F8022355
:10BB70008A781E430231FFF790F84B46022B00D81B
:10BB8000E3E0032B01D0FFF7C6FAFFF72BFB039B83
:10BB9000049CF31A4146E418B04616E6039B41465E
:10BBA000A046049CF61AA4190FE62F4B0B93002312
:10BBB000069303339946FFF764FA29005846FEF7C7
:10BBC000B5FF002801D1FFF7B8F9FFF7BFF802234E
:10BBD0009946FFF756FA234B0B9308230693053B30
:10BBE0009946FFF74EFA1F4BFFF746FA29005846D1
:10BBF000FEF79CFF002801D1FFF737F9FFF7A6F801
:10BC000004239946FFF73DFA3C0042E5089B0233C6
:10BC100000D1E0E44B46186801F04EFB002858D1F3
:10BC2000039B9C46089B6444032B00D0CAE4336802
:10BC3000042B00D0C6E4C6E40A9B1B681860FFF71B
:10BC4000EDFB00230593FFF73EF81C60FFF75FF85C
:10BC5000064B1C4001239946FFF72EFA5016002090
:10BC60007FFCFFFFA5AA0010A5A400107FF8FFFF2E
:10BC70003E4B1C4001230393FFF71EFA0E9B0896D0
:10BC8000039E5C469A46C346002E00D119E7202742
:10BC900010AB9C46A0465C46FF370C9E6744B95DDE
:10BCA0002A002000013EFEF701FF002EF7D1A34637
:10BCB000444606E729005846FEF738FF002800D121
:10BCC0008DE4039B4246049E002B01D0FFF73EF813
:10BCD00090E40A9B42469846202710AB9C4603946A
:10BCE00044469046FF37049E6744395D2A00584613
:10BCF000013CFEF7DBFE002CF7D14246039C79E4C1
:10BD0000039E26E40C9A964201D8FEF7DCFF34002D
:10BD10005E46013C2A0030002178FEF7C7FE0C9BEE
:10BD20009C42F6D1FEF7CFFF039B98464DE50022DB
:10BD30005846069B0C9901F097FA8AE60C4800F0E9
:10BD4000A7F84B461860FFF789FA0C9A5C469642B2
:10BD500001D8FEF7B8FF013E2A0020003178FEF737
:10BD6000A5FE0C9B9E42F6D1FEF7ADFF7FF8FFFFCC
:10BD7000F8EB001070B50D7804005E2D1BD0481C48
:10BD8000002600212300621CFF3219700133934208
:10BD9000FBD1002D0DD00122724062550378461C64
:10BDA0002D2B0FD05D2B0BD0002B03D01D003000AE
:10BDB000F3E7013870BD4D78881C01260121E1E7C9
:10BDC0003000F7E741785D2910D08D420EDC2B0062
:10BDD00002300133E2549942FBDC8D4203DB002147
:10BDE00001354D19DAE7491B0139F9E72D253000F6
:10BDF000D3E7C046F0B50C002300C646096B4033BC
:10BE000000B5994215D0666B77003A00FEF7F6F858
:10BE1000051E28D083199846010032001800F9F752
:10BE20003FFC4346256323606763002080BCB8461F
:10BE3000F0BD8021C900FDF7EBFD002813D0802361
:10BE4000DB00636342232063E25C084BC25441235E
:10BE5000E25C074BC2544023E25C064B9C46C25452
:10BE600060442060E1E701204042DFE7FF0300007B
:10BE7000FE030000FD0300009422024B5200985C78
:10BE80007047C046501600200048704740170020F9
:10BE9000004870470000C07F82B000290AD0002A05
:10BEA0000BD0002B0BD013780B601078431E9841F9
:10BEB00002B0704701A9002AF3D10020F8E7022060
:10BEC0004042F5E770B516000D0002F0B1FA002E01
:10BED0000DD06B236A00520D9B1A002B07DD002446
:10BEE000034A1B059D182B002200F9F724FA70BDA8
:10BEF0000000F03FF0B54546DE4657464E46E0B5F9
:10BF00009FB0069200220C001A9200210022804667
:10BF100004910592210019910A780F002D2A03D867
:10BF2000AA4D9000285887460021079100210891CA
:10BF3000302A00D1C4E02F2A00D889E200239A4693
:10BF4000190038000026130055460BE08B005B18E3
:10BF500001305B00199099180278303913000136CE
:10BF60002F2A0FDD392A6FDC082EEFDDAB005B19BD
:10BF700001305B0019909D180278303D13000136A6
:10BF80002F2AEFDC894601229149AA46FEF7C6FA1C
:10BF9000002800D14AE20023089612930A930B93DB
:10BFA000089B1C00102B00DD10244846F9F732FADC
:10BFB000089B04900591092B19DD2200854B093A55
:10BFC000D2009B181A685B68F9F7B5F904900591DF
:10BFD0005046F9F71FFA0B00020004980599F9F78B
:10BFE0008BF9089B049005910F2B00DDAFE00A9BB5
:10BFF000002B01D100F066FC0A9B002B00DC46E31D
:10C00000162B01DC00F05FFD2523089A9B1A0A9A83
:10C01000934200DA9BE00F24089B6E4DE41AE10086
:10C020006918049A059B08684968F9F784F90A9B1E
:10C030001C1BE4002D192A686B68F9F77CF90600CF
:10C040000F0013E2013166E7894601226049AA46E2
:10C050001D00FEF763FA002846D1199D2B00691CCC
:10C0600019915B780D001A00002E00D0E2E12B0040
:10C070000020302A07D11800013319931A78302A8A
:10C08000F9D0401B01301300313B082B00D867E288
:10C0900020239A43452A00D118E3089B034300D08C
:10C0A000E2E1069B00260027002B00D01C60300038
:10C0B00039001FB0F0BCBB46B246A946A046F0BD51
:10C0C0007A7820318A437D1C582A01D100F0FDFB8B
:10C0D0002F0019953A780135302AF9D0002A00D17D
:10C0E000C2E10123089326E70023002000220996DD
:10C0F0001293652D00D1D2E100230B93452D00D181
:10C10000CDE1002E00D0BFE1089B034300D0ABE19E
:10C11000002AC6D1692D00D1E6E201DD00F0C2FCA3
:10C12000492D00D1E0E24E2DBBD12B4919A801F0D9
:10C130002DFC0028B5D0199B1B78282B01D100F0CD
:10C1400079FD264801F0CAF806000F008EE10A9A30
:10C15000089B94461B1B6344002B00DC70E20F22FB
:10C160001C001100944319401A4201D100F02CFC2C
:10C17000184BC900591808684968049A059BF9F7D3
:10C18000DAF804900591002C01D000F01DFC00238A
:10C1900009934B463200009339004046089B01F05A
:10C1A00093FD1390002801D100F09AFC0A9B12998C
:10C1B000DA430B98D217081AD917134014930023A7
:10C1C000084099469B461290F0E0C046584F021036
:10C1D000DCED0010B0510210ECED0010F8EB001097
:10C1E000C91A521A1F2900DD26E301238B40109340
:10C1F00000231593AB189A46099BA4189C462B0064
:10C200006444554500DD5346A34200DD2300002B66
:10C2100004DD5246D21A9246E41AED1A129B002B04
:10C2200000DDB0E25346002B00DDC8E20A9B002B84
:10C2300000DDF3E2002C00DDE4E2002D08DD4946DC
:10C240002A00404601F084FF8146002800D1E2E246
:10C2500040461A99089A02F017F88346002800D140
:10C26000D9E2C36849460E930023C36001F0EEFF94
:10C27000002801DA00F009FD059B0B9301D100F0C5
:10C28000A2FC4946584602F0B1F980230022DB05A2
:10C2900004000D00F9F79CF8002800D165E20E9B20
:10C2A000002B00D0D5E2049B002B00D05AE30B9B5F
:10C2B0001B0300D0FDE2002220002900D74BF9F734
:10C2C00081F8002801D000F074FC0022D44B20003B
:10C2D0002900F9F730F80A000100130010911192BB
:10C2E0000C9080221206944663440D930B9BCD4A1A
:10C2F0000C9C0D9D13409A46CB4B9A4500D1AFE262
:10C30000099B002B29D0D423DB049A4525D810980B
:10C310001199C64AC64BF9F75BF8002818D0109857
:10C320001199F9F7B7F8002800D10130F9F772F840
:10C330000E9B10901191002B01D000F024FC802264
:10C3400012060B009446634416901793169C179D93
:10C35000D6235246DB04EB189D1A3000390002F058
:10C3600067F802000B0020002900F8F7E4FF320014
:10C370003B00F8F7C1FF0E0004900591099B002BCC
:10C3800004D1A84B33409A4500D1B9E240461A99EE
:10C3900001F03EFC4046089901F03AFC494640460F
:10C3A00001F036FC5946404601F032FC139C4046F1
:10C3B000616801F005FC031E089000D12BE22269A0
:10C3C0000C3302320C34210018009200F9F768F99E
:10C3D000049E059F1CAB01931BAB009332003B00F6
:10C3E000404602F0A1F8011E1A9000D1F0E10121AF
:10C3F000404601F039FD8146002800D10BE21B9B2D
:10C40000002B00DAD7E1129A149C9D1809991C9A06
:10C410005B1A36219B188A1A8649013B8B4200DA47
:10C42000DEE60023159301331093E3E6199B591CB4
:10C4300019915B781A00303A092A00D9D4E0151E08
:10C4400001D100F037FD012330000996129315E366
:10C45000012238007849FEF761F8002800D188E30E
:10C46000089B002B00D11CE600260027069A002A14
:10C4700001D0199B1360079B002B00D117E6802188
:10C4800009067B181F0012E60B9B129A08969B1A4E
:10C490000A93099B002B00D182E51E0080E5330042
:10C4A000034308990B4300D1FBE5199C631C1993C6
:10C4B00065782B2D00D1F9E12D2D00D0AAE00123C4
:10C4C0000A93A31C1993A5782B00303B092B00D9A4
:10C4D000AEE11999302D0ED14B1C19931D7819001E
:10C4E0000133302DF9D000230B932B00313B082B67
:10C4F00000D906E601334D1C1995AC464D780B93D7
:10C500002F2D00DCD4E20E9101000B9B0B928B4689
:10C510000B99624660468C460BE09900C9180132BF
:10C52000490019924B194578303B2F2D00DCC5E2AC
:10C530001000392DF1DD0B9363460E9994461A00D5
:10C5400063465846591A082900DCB1E23B4B0B936D
:10C550000A9B002B00D1D4E50B9B5B420B93D0E5EB
:10C56000431C199F303A129300231500390001260D
:10C5700009934B469B004B44A94600205B0099441D
:10C580004B1C19931D7819002B00303B092B00D947
:10C59000F5E11D00421C4B1C002D01D100F087FC71
:10C5A000129B9C46944463461293012A01D100F0E9
:10C5B0007CFC52468A462100731C4C469C468946A8
:10C5C000110008E0A2001419640001339A1B013A1B
:10C5D000904200DC4AE25A1E082AF3DD102BF4DCFC
:10C5E0008A0051184900F0E720229343452B74D06C
:10C5F0004846F8F70FFF04900591092E00DC61E131
:10C600003400102E00DD10240023089612930B93A3
:10C610000A93D2E400230A9356E7C0460000F03F95
:10C620000000E03F0000F07F0000E07F0000C0FF5E
:10C63000FFFFDF4102FCFFFFDCED00101F4E00009A
:10C64000002B00D1A3E50F2211005B4219401D1100
:10C650001A4200D09DE21F2D00DD80E010231A0059
:10C660002A4009922B4201D05A330993012304989E
:10C6700005999A46C34C53462B4200D134E22268B6
:10C680006368F8F758FE6D1044D00834F3E70A9B4E
:10C69000163300DA5BE50B99129ABB4B521AD200A3
:10C6A0009B181A685B6804980599F8F72AFE06003B
:10C6B0000F00DBE6002207924F1C19974A78002AE8
:10C6C00000D033E4EDE401220792F5E700220300F5
:10C6D0000992129200260132E3E600230C000020AA
:10C6E000012209961293E1E6A84919A801F04EF932
:10C6F000002800D1D5E4199BA549013B19A819933D
:10C7000001F044F9002802D1199B01331993002646
:10C71000A04FABE6099A0E900F910E9B0F9C0493CD
:10C720000594002A12D00F9B20005A006B23520D53
:10C730009B1A002B0ADD1F2B00DC33E30021049140
:10C74000342B00DC59E3DC239B040593002204987E
:10C7500005990023F8F72EFE002800D119E52223C1
:10C76000424600260027136080E68B4B0022200003
:10C770002900F8F7E0FD0E9B10901191002B63D17A
:10C780000B000C90ADE549461A00404601F074FCE0
:10C790001A99814600281BD00A000100404601F08A
:10C7A00093FB1A990B90002812D0404601F030FA02
:10C7B0000B9B1A9336E5149A129DD41A26E61A9901
:10C7C0005246404601F0C4FC011E1A9000D02DE5EF
:10C7D000DA462223424600266E4F1360404601F09F
:10C7E00017FA4046089901F013FA4946404601F00D
:10C7F0000FFA4046139901F00BFA5146404601F0FA
:10C8000007FA33E622004046089901F0A1FC08909F
:10C81000002800D011E5DA461A99DAE74046149A62
:10C82000089901F029FC0890002800D002E5F2E701
:10C83000002319940B9364E45849CB1A01219940C1
:10C84000012315911093D5E4109B119C0C930D942A
:10C850004CE50023524C0C930D941093119445E534
:10C86000504A0B9B944663440593049C059D20000D
:10C87000290001F0DDFD0C9A0D9BF8F75CFD22000C
:10C880002B00F8F739FD434B474A049005910B40C4
:10C89000934200D801E1454A974201D10136BAD00E
:10C8A0000123424C5B42049305946FE500230A93F5
:10C8B00007E600233E4C0C930D940023384C109354
:10C8C000119413E5049E059FD0E50293079B404613
:10C8D00001931AAB0093374A1BAB19A900F05CFD1A
:10C8E0000F231E0004000640034200D1BCE5062EC3
:10C8F00000D0FCE000230026002719950793B5E53A
:10C90000109C119D20002900F8F7D4FDF8F7CAFD0E
:10C9100002000B0020002900F8F7E9FC049A0E9BA6
:10C9200036031343360B04000D00234A33430AD168
:10C93000224BF8F747FD002800D127E5DA46049E90
:10C94000059F1A994AE71E4BF8F73CFD0028F5D1E0
:10C95000200029001B4A104BF8F74AFD002800D19F
:10C9600014E5EBE7012BA4D10B9B002BA1D1DA46F8
:10C9700022234246002600271A9913602EE701223F
:10C98000FFF7B7FB50500210B0510210E0ED00105D
:10C99000E4ED00100000F07F0000E03FE2FBFFFF4D
:10C9A0000000F03F0000B0FCFFFF9F7CFFFFEF7F27
:10C9B0000000F0BF3C5002109535A094FFFFCF3F20
:10C9C000FFFFDF3F35E5AF359A235B009C4200DD7A
:10C9D00086E02411012C00D188E1049805990022F9
:10C9E0009246013293465246D14BB2461D000993FE
:10C9F000160000235A46224204D02A686B68F8F7D2
:10CA00009AFC0123013664100835012CF2D1320062
:10CA100056469246002B01D004900591C54A059BCD
:10CA20009446634405935346D900099B9C46049A57
:10CA3000059B614408684968F8F77DFCBE4BBF4A16
:10CA4000049005910B4093424AD8D4208004844638
:10CA5000BB4A61440591934201D8FFF798FB01233B
:10CA6000B84C5B4204930594FFF791FB0A004B46D8
:10CA70005146A14692461C0001386044461C0828D5
:10CA800000DC76E50020102E00DD79E553469B00A2
:10CA90005344AA465B009A4472E5D4239B04CE1803
:10CAA00005966BE46E2D01D1FFF73FFBFFF7F9FA16
:10CAB0000B99A54B994200DC4AE548E560460B938B
:10CAC0000E9903003AE50A9AA04BD100591808685C
:10CAD0004968049A059BF8F72EFC06000F00C5E490
:10CAE00022234246136012E66D100834C3E51A9AF9
:10CAF000002A07D035211CA801F0ACFD40461A9948
:10CB000001F086F8052E00D9BEE1914BB6009B5985
:10CB10009F461C9B8F4904931D9B1B9A0B408E497B
:10CB20008C466244120513430593E40503D5802225
:10CB3000120613430593804A049E059F134200D0BA
:10CB400094E4FDF731FD222303608FE40122834B3F
:10CB5000524204920593E40500D4B3E6059BE6E750
:10CB6000754B0593F7E71C991D9A1D9B049105923F
:10CB7000DBE7199D2B00013519955A78002399465A
:10CB80009A46FFF774FA109B119C16931794FFF7BF
:10CB9000DDFB6E4BC9005B181A685B680498059949
:10CBA000F8F7AFFB04900591002D01D1FFF7EFFAE4
:10CBB00051E500236A4C0C930D940023694C1093AB
:10CBC0001194FFF793FB159B0E9A9C46059BDA4642
:10CBD0001B031B0B002A41D0634A934200D1D1E0D2
:10CBE0006346002B00D1C7E062460B9B13420CD07A
:10CBF00004980599099AFFF765F902000B003000C7
:10CC00003900F8F779FB06000F00099B002B00D1D3
:10CC100097E630003900554B0022F8F78CFB464B65
:10CC200006000F000B4200D08BE6222342461A99E1
:10CC30001360D3E51CAC22004D4919A800F0BCFEDE
:10CC4000052801D0FFF77DFA1D9B3B4A1A431C9B28
:10CC500005920493049E059FFFF708FC002B4AD120
:10CC6000049B002B00D0B5E0099B002B00D1A0E075
:10CC7000314C0B9B23401C00D623DB049C4229D85B
:10CC8000DC239B049C42C4D872E60E9B0499059A4F
:10CC9000DA460B43B9D10B921303B6D1D623264CF7
:10CCA000DB0414409C42B0D95B465B69002B03D186
:10CCB0005B461B69012BA8DD51460122404601F06D
:10CCC00047FA4946824601F0C1FA00289DDD099BDA
:10CCD000002B6ED0274B244A9C46012364442243F8
:10CCE0005B4205920493049E059F92E700239A46B7
:10CCF0000F4B099392E66346002B73D062460B9B61
:10CD0000134200D181E704980599099AFFF7DAF8F0
:10CD100002000B0030003900F8F7E9FA0022002386
:10CD200006000F00F8F746FB002800D16DE71FE66C
:10CD3000885102100000B0FC0000F07F0000A07CD1
:10CD40000000907CFFFFEF7F1F4E0000B0510210EB
:10CD500010500210FFFFEFFF33040000FFFFFF7FC2
:10CD60000000E0BF0000E03FFFFF0F00000050396F
:10CD7000285002100000F0FF109B049A134200D1CB
:10CD800043E735E7099A049B002A4FD15A1C3BD050
:10CD90006246002A00D17FE00B9B134200D027E7B8
:10CDA0001A991BE5012252429A40049B13400493B6
:10CDB000CCE4434B0B9A1A991A401300414A94460B
:10CDC000414A63441A4301235B4205920493049E43
:10CDD000059F03E56246002A0AD00B9B134200D14F
:10CDE00013E790E7109B049A134200D10DE78AE7FE
:10CDF000109A1A4200D108E785E74B239A1A4C3B58
:10CE0000934018400590A1E4304A0B9991421DD0FF
:10CE10002B4B0B9A1A401300802252039446634412
:10CE2000059300230493049E059FEEE6D421244A33
:10CE30000B98C90402408A4216D95A1CE4D06246B3
:10CE4000002A0CD0104200D1E3E6D1E60133DFD155
:10CE50002223424600261A99194F1360BEE4109A05
:10CE60001A4200D1D5E6C3E66B21120D891A0122C0
:10CE700052428A409342C7D06246002AEFD00B9BB1
:10CE8000134200D1C5E6B3E6E4050BD580231B06AB
:10CE90000593049E059F54E6109A1A4200D0A7E617
:10CEA0001A999BE4002600274BE63000E6E51000C7
:10CEB000FFF767FB012009961292FFF761FBC0465E
:10CEC0000000F07F0000F0FFFFFF0F00FFFFEF7F8B
:10CED00010B5024BFFF70EF810BDC04650160020EB
:10CEE000002909D0FF2A02D801200A7070478A233E
:10CEF000036001204042F9E70020F7E7F0B5DE4685
:10CF00004E4645465746E0B589B00D00059193461B
:10CF10001E00082107905F482B001C780135025D38
:10CF20001142F9D12D2C00D184E02B2C4BD00123C0
:10CF30005B420393584B049300230693002E08D1C1
:10CF4000302C00D180E00A239A4600230A26994615
:10CF500005E0102E00D182E0F317B2469946524602
:10CF60004B4603980499F7F7C5FF23000F0080464E
:10CF7000029200200022002113E0B94201D1404575
:10CF80001ED8804543D052464B46F8F72BFBE3179B
:10CF900000940193009B019C0122C01861412B78F1
:10CFA00001351C00303C092C04D9113C192C0DD83A
:10CFB000373B1C00A64211DD531CF0D0B942DCD92E
:10CFC00001225242EBE72C789D1CB0E71C00613C2B
:10CFD000192C03D8573B1C00A642EDDC531C1ED075
:10CFE000069B002B04D003000C0000215842A141F5
:10CFF0005B46002B04D0002A45D15B46059A1A6097
:10D0000009B0F0BCBB46B246A946A046F0BD8F426F
:10D01000B9D1029BA342B6DA01225242BFE72223D2
:10D02000079A13605B46002B30D06B1E039804995F
:10D030000593E2E72C789D1C0023039380231B06B5
:10D0400004930123069379E720222B789343582BEE
:10D0500011D008239A460023083699467FE7302CE2
:10D0600004D010239A460023994678E720222B7893
:10D070009343582BF5D110239A4600236C78994698
:10D08000102602356BE703900491CEE703980499CC
:10D09000B6E7C0466D4A0210FFFFFF7F10B5FFF7ED
:10D0A0002DFF10BDF0B54546DE4657464E46E0B56D
:10D0B00087B00D00039198460821059065480192BC
:10D0C0002B001C780135025D1142F9D12D2C00D1C5
:10D0D00088E0002204922B2C67D04346002B0FD10E
:10D0E000302C00D183E0052302935B4B9A465B4BC7
:10D0F00099460A23009300239B460A33984615E07D
:10D10000102B00D185E04246009301204042C11718
:10D11000DB179B46F7F7EEFE4246824689465B46A2
:10D1200001204042C117F7F7E5FE029200220020DD
:10D13000002116E01C00A0451EDD531C0FD0494500
:10D140003BD801D1504538D8504531D0009A5B4684
:10D15000F8F748FA2600E7178019794101222C7860
:10D1600001352300303B092BE4D92300413B192B27
:10D1700026D8373CA045E0DC531C27D0049B002B6D
:10D1800004D003000C0000215842A141019B002B58
:10D1900004D0002A23D1019B039A1A6007B0F0BC87
:10D1A000BB46B246A946A046F0BD2C789D1C94E72C
:10D1B0004945CBD1029B9C42C8DD01225242CEE7B9
:10D1C0002300613B192BD7D8573CB4E72223059A9B
:10D1D00001204042C1171360019B002BDED06B1E63
:10D1E0000393D8E72C789D1C0123049375E7202234
:10D1F0002B789343582B1ED007230293083B9A4663
:10D20000174B99460823009300239B460833984602
:10D210008CE7302C0AD00F230293103B9A46114B17
:10D2200099461023009300239B467FE720222B780A
:10D230009343582BEFD10F230293103B9A46094B8F
:10D240006C7899461023009300239B461033984630
:10D2500002356BE76D4A0210999999999999991934
:10D26000FFFFFF1FFFFFFF0F10B5FFF71BFF10BDF4
:10D2700030B5E42504000E4883B04559002A07D094
:10D28000069800902000A847431C0AD003B030BD88
:10D29000069B0021009320000123064AA847431C57
:10D2A000F4D10023069A13608A332360EEE7C04668
:10D2B00050160020F8EB001010B5002100F002F825
:10D2C00010BDC04603000020FF2B03D8024A0830DF
:10D2D000D35C18407047C0466D4A021000200149D7
:10D2E0007047C0460000F87FF0B5D6464F46464628
:10D2F0000369C0B50A009A464F11BB4208DC0023FF
:10D30000036100234361E0BCBA46B146A846F0BDC4
:10D310001F218C460600644614369D00BB0075191B
:10D32000F318114014421FD02022521A944604CB05
:10D33000CA4090469D4228D9B14664461A68A24028
:10D34000444622434C4604C404CBA146CA409046FE
:10D350009D42F2D85346DC1BA4003419043C2260E1
:10D36000002A0CD004340AE032009D42C7D902CB17
:10D3700002C29D42FBD85346DC1BA4003419A31BF8
:10D380009B100361B442BED1BBE74261002AB6D014
:10D3900034000434F3E7C046F0B5DE464546574650
:10D3A0004E46E0B58846096893468A7887B0039070
:10D3B0000593302A00D0CDE1CB1C1D0001335A1E4D
:10D3C0001278302AF9D0691A8B1E9A46C24FBB5C7C
:10D3D000002B00D1FCE0002200242B789146BF4AAC
:10D3E000FB5C0292002B00D16AE12E0073780136BB
:10D3F000FB5C002BFAD1012230000299FDF78EF878
:10D400000190002852D0002233780192002C02D0E3
:10D41000A41BA2000192202234009343502B51D030
:10D4200043461E604B46002B7DD1631B013B002110
:10D43000072B03DD01315B10072BFBDC039800F0A9
:10D44000BFFB8246002800D18FE21423534404938B
:10D45000A54200D3D1E19846002399463B0000261F
:10D460004746A8464D4699460CE0202E19D032007A
:10D47000043649462378CB5C0F210B4093401D4373
:10D4800044455ED0013C23782E2BEED14445ECD3AD
:10D49000012220000299FDF741F80028F0D0202E4B
:10D4A000E5D120C7002204260025E2E7002C00D1A8
:10D4B00043E12022A41BA30001933378340093435B
:10D4C000502BADD163782B2B00D11EE12D2B00D03A
:10D4D000EBE00122A378A11CFB5C2600581E182853
:10D4E0009ED84E1C4978103B795C180000290AD15F
:10D4F0000CE083001B185B00013658183378103895
:10D50000F95C002901D01929F3DD0300002A00D0BD
:10D510005B42019A94469C446346019343461E60D5
:10D520004B46002B81D053465A42534106245B425E
:10D530001C40200007B0F0BCBB46B246A946A0463E
:10D54000F0BDB846A94646464B4608C6049B484629
:10D55000F61A5346B6101E6100F00EFC5B461D68BD
:10D560007601361AAE4251DC00DAD0E09B68019AAF
:10D57000934200DAC0E05B465B689A4200DB97E0CA
:10D580009C1A671EAC426FDA0026002F00D04EE1D5
:10D590001F21012339408B407A11049992008A5847
:10D5A000504621002D1B1A4200D12BE1FFF79CFEB3
:10D5B0005B465B6801935B46DC68022C00D1DBE0D4
:10D5C000032C00D142E1012C00D16EE1122470E065
:10D5D000424B0122190028000293FCF79FFF81466D
:10D5E00000286FD16B786C1CFA5C002A6CD0250087
:10D5F000302B00D05DE16B780135302BFBD0FB5C2C
:10D600005A425A41914601229246EBE6741B210090
:10D61000504601F03FF8061E0FD01F210123601E67
:10D6200001408B404211049992008A5801261A4207
:10D6300003D0012800DD00E1022621005046FFF75B
:10D6400053FE019B9C465B46A44462469B68019244
:10D65000634551DB5B46019A5B68934200DC7DE0E9
:10D660009C1AA54200DDD4E05A46D268022A37D07F
:10D67000032A00D1F1E0012A35D1AC4233D1012C8B
:10D6800007D05046611E01F005F800282BD05B46FC
:10D690005B68059A62241360012352461361049A61
:10D6A00013605246109B1A6043E70022611C13E787
:10D6B00001245246109B1A60059B019A1A6038E7B4
:10D6C0002E0098E62C002B7820229343502B00D17B
:10D6D000BEE043461C6026E778500210DCED0010E7
:10D6E000119A002AD5D05146039800F091FA0023F0
:10D6F000109A502413601CE75146039800F088FAF2
:10D700000023109AA324136013E70022E2E6AE1B65
:10D7100032005146039800F01BFD019B82469A1B84
:10D720005B469B6801929A42E6DC5B465B689A42E4
:10D73000BEDA14215144049122E77378741CFA5C18
:10D740002600002A00D166E673780136FA5C002ACA
:10D75000FAD15DE600238D1C9A4637E60124002E9F
:10D76000A7D05B46DB68022B06D0032B08D0012B29
:10D7700055D010231C439CE70123119A9B1A119347
:10D78000119B002BF5D053461F69049BBA009146AC
:10D79000180098460021484402E002C3984261D92B
:10D7A0001A68561CF9D001321A60022C69D01F2366
:10D7B0001E0021242E402B4200D17AE74B464344E1
:10D7C000043B186800F0D8FA20239B1B984200DB2A
:10D7D0006FE753461969002900DD93E000235246A4
:10D7E00013610023524653615B46019A9B680132E4
:10D7F0000192934280DB21245BE7049B984600233F
:10D800009946A0E6FFF770FD5B465B680224019332
:10D81000A5E7671E002E00D1B6E60126B8E6B307DD
:10D82000A7D5049B1B681E43F607ACD4A1E73900BB
:10D83000504600F02FFF0600AAE65046A11E00F059
:10D8400029FF002800D1F7E60326F6E6022497E731
:10D85000002301930133994634E6119A002A00D03F
:10D8600017E740E753469B689F4225DA534601225B
:10D87000791C1961BB0053445A61049B9846022CE1
:10D88000A9D15B461B682224013BAB4200D010E7C4
:10D890001F21012329408B4041466A1192005458B0
:10D8A0001C4063425C41213403E7022302241E43EF
:10D8B000B7E701239A4698E5534659680398013122
:10D8C00000F07EF9061E56D0534651461A690C31B7
:10D8D000023292000C30F7F7E3FE5146039800F055
:10D8E00097F901223369B246591C9B00F318316144
:10D8F0005A6114239846B044022CC2D08F4200DBF8
:10D9000055E768E7534650465B6989004144183043
:10D910005B0881421FD944461A000368DB071343A2
:10D9200008C404C852088142F7D8130052468A1A24
:10D930004146193A92089200043152181360002BA4
:10D9400000D0043243465146D31A9B100B61424526
:10D9500000D049E745E742461360002B02D042461B
:10D960000432EFE7524613613BE70022E421054B06
:10D970000548F9F7B5FA00228421024B0248F9F76D
:10D98000AFFAC046F0ED001004EE001030B50268AA
:10D9900008E013781D00413D192D00D820330131D6
:10D9A000A34206D10C780132002CF2D10260012092
:10D9B00030BD0020FCE7C046F0B54546DE46574680
:10D9C0004E461F2403000800E0B525001100006842
:10D9D00087B04211920005408A180395044200D096
:10D9E0009EE01000171F021F914600224846026069
:10D9F00018684678002E00D1AFE001906F4804937C
:10DA000080464B460F200024002283460198019354
:10DA1000434602963D0026008946B84639009246A4
:10DA20001F00029C15E0202C00D98AE052450CDD35
:10DA30008D4201D2072E55DD0826A94505D2291FA2
:10DA4000002392460D0000260B6084780130002CE4
:10DA500012D03B5D002BE6D001360132082E39DCB6
:10DA60002C682401A4465C462340644623432B6073
:10DA700084780130002CECD1019B8C46340049465F
:10DA800047469946002A68D0654502D2072C00DC3B
:10DA900077E0A94247D20A002B0001CB01C29F4286
:10DAA000FBD26A1C781C0023904266D200200A1D1B
:10DAB0009B181A0004331060BB42FAD94B461B680E
:10DAC000002B05D1B94250D0043F3B68002BF9D060
:10DAD000052043E0A945B8D20024043DA446012610
:10DAE0002C60C0E708239B1B9B009C4620236446B8
:10DAF0002E001C1B02952B6865460590944620005D
:10DB00002A0075682C0084401C432B00D3403460ED
:10DB1000736004368E42F4D36246029D05988BE70B
:10DB20001700101D5FE74B46039A1B68002ACDD0F3
:10DB30002020801A01225242C24013404A461360FC
:10DB4000C4E7A246340056464746804601988C46B4
:10DB5000049B49468146292E0BD0042007B0F0BC17
:10DB6000BB46B246A946A046F0BD012305200B6086
:10DB7000F4E740460230186084E77D1BAD08AB0037
:10DB800094E708262023361BB6009B1B98462B687B
:10DB900028001A000B0031006646AC464546984600
:10DBA00044682300AB4013432200CA400360426034
:10DBB0000430B042F4D3654641466AE7785002101B
:10DBC000436C70B504000D00002B0AD0AA009B180E
:10DBD000186800280ED002681A6000230361C36031
:10DBE00070BD21220421FBF7BFFE031E6064EDD14E
:10DBF0000020F5E70126AE40721D012120009200B1
:10DC0000FBF7B2FE0028F3D045608660E5E7C0462A
:10DC1000002906D04A68436C92009B181A680A6073
:10DC200019607047F0B5C6461F008046002300B556
:10DC30000E000D6914310C6801332004000C5043B0
:10DC4000240C5443C019070CE4190004270C000CE1
:10DC50002404241810C19D42EDDC002F07D0B368C6
:10DC6000AB4208DDAB00F31801355F613561300070
:10DC700080BCB846F0BD716840460131FFF7A0FF97
:10DC8000041E16D0310032690C31023292000C3081
:10DC9000F7F706FD434672685B6C92009B181A68A2
:10DCA00032601E602600AB00F31801355F613561FC
:10DCB000DDE70022BA21024B0248F9F711F9C0460C
:10DCC000F0ED001038EE0010F8B54746CE460600DD
:10DCD000180080B50C00083009211F009046F7F7A6
:10DCE000A3F8092F3BDD012500216D000131A84279
:10DCF000FBDC3000FFF764FF011E32D0089B43615C
:10DD0000012303614346092B16DC092398460A3494
:10DD100047450CDD4346E719FF1A23780A223000F5
:10DD2000303BFFF77FFF01340100BC42F5D1080012
:10DD3000C0BCB946B046F8BD09239946A1444D463A
:10DD400044442B780A223000303BFFF76BFF01354B
:10DD50000100A542F5D14C464444083CD8E70021D7
:10DD6000C7E70022024B0348D331F9F7B9F8C046A0
:10DD7000F0ED001038EE0010802203005202002067
:10DD8000934201D21B04103080225204934201D2EC
:10DD900008301B0280225205934207D38022D2050D
:10DDA000934214D29B0014D4033008E08021043045
:10DDB0001A01C9058A4203D3D243D20F8018704793
:10DDC0009A019B0105D40A42EED12020F7E71A0000
:10DDD000F2E70230F3E7C0460368010010B55A07C6
:10DDE00007D0DA072BD49A072ED55B0803600120F1
:10DDF00010BD1A0410D1FF221B0C10201A4201D1B1
:10DE000008301B0A1A0717D09A070ED0DA0701D478
:10DE100001305B080B60EBE7FF221A4211D01A07B2
:10DE20001AD104201B099A07F0D19A085C070FD574
:10DE3000130002300B60DBE704301B09F3E700201E
:10DE4000D6E708201B0ADDE79B0803600220CFE726
:10DE5000DB0805D12020CBE7DB0803200B60C7E7F8
:10DE600003300B60C4E7C046436C70B504000D007E
:10DE7000002B0AD05868002815D002685A60002389
:10DE8000C36001334561036170BD21220421FBF7AA
:10DE90006BFD031E6064EDD146210022084B09484A
:10DEA000FF31F9F71DF81C2201212000FBF75CFD72
:10DEB0000028F1D00123436001338360DFE7C046CF
:10DEC000F0ED001038EE0010F0B54E4657464546CE
:10DED000DE46E0B50B6916698A469146984685B0DC
:10DEE000B34204DB330089464646924698464B4689
:10DEF00059684346F5184B469B68AB4200DA01313E
:10DF0000FFF75EFE071E00D1AAE014239C4684445E
:10DF10006346AC00644418000022A34202D204C34A
:10DF20009C42FCD814234B449B46434651469B00DD
:10DF300098461431B60088445E44414576D20023A9
:10DF40009A464B4615339E4200D382E05B460193CE
:10DF5000434600935346B446A246AB46B9460C002E
:10DF6000029306E02D0C32D1009B04340430A3420E
:10DF700059D925682B04190C002BF3D0019D534669
:10DF8000A04600260C0082462F00039308CF0168AC
:10DF90001A04120C62431B0C0D0463432D0C52191E
:10DFA0009219090C5B18110C5B1812041E0C120C50
:10DFB0001B04134308C0BC45E8D850464446039BA5
:10DFC0009A46029BC3185E6025682D0CCCD00600D3
:10DFD00000220368A046604619001400B446019F61
:10DFE0003A88090C6A43121952181B0411041B0CBD
:10DFF0000B43336010CF7168240C6C430B041B0C73
:10E00000E318120C9B181C0C0436B842E8D8624680
:10E01000844610004446029A043482185360009BE0
:10E020000430A342A5D854465D464F46002D03DC7C
:10E0300006E0013D002D03D0043C2368002BF8D0FE
:10E0400038003D6105B0F0BCBB46B246A946A046CB
:10E05000F0BD4B46F31A153B9B089B009A4675E7AB
:10E06000B1210022024B03484900F8F739FFC046AE
:10E07000F0ED001038EE0010F8B503234746140009
:10E08000CE461A0080B50E0007002240234239D147
:10E09000A41032D03D6C002D3DD0012398460023C2
:10E0A0009946434623406410002B08D12868002875
:10E0B00019D00500434623406410002BF6D02A00F7
:10E0C00031003800FFF700FF002E06D072687B6C2D
:10E0D00092009B181A6832601E60002C0ED0060059
:10E0E00028680028E5D12A0029003800FFF7ECFE57
:10E0F0004B46286005000360DCE73000C0BCB94631
:10E10000B046F8BD0E4B013A9200D2580023FFF7FB
:10E1100089FD0600BCE701213800FFF751FD051E0F
:10E1200007D0084B43610123036100233864036077
:10E13000B3E746210022044B0448FF31F8F7D0FE34
:10E140007851021071020000F0ED001038EE00105E
:10E15000F0B54546DE4657464E46E0B50D002B6904
:10E1600054119846A04443465E1CAB688346170092
:10E17000496883B09E4203DD01315B009E42FBDCB7
:10E180005846FFF71DFD8446002854D00100143185
:10E190000B000191002C0CDDA400220000201432A1
:10E1A000624401C39342FCD1019B9946A1444B4672
:10E1B00001931F222B0011002C691433A400394055
:10E1C0008A461C193A4230D00132521A9146002731
:10E1D000019851461A688A403A4304C04A4680CBA7
:10E1E000D7409C42F5D82A0015320023944203D32D
:10E1F000631B153B9B089B00019A91464B445F6053
:10E20000002F00D1464663461E615B4660466A6841
:10E210005B6C92009B181A682A601D6003B0F0BC0A
:10E22000BB46B246A946A046F0BD019904CB04C145
:10E230009C42FBD8E6E7EF210022024B024849004E
:10E24000F8F74EFEF0ED001038EE001002690B6991
:10E2500030B50500D01A9A4214D19B001435143100
:10E26000EA18CB1801E095420CD2043A043B14683A
:10E2700019688C42F7D000238C425B4102205B423C
:10E280001840013830BDC046F0B545469046DE46E0
:10E2900057464E464346E0B50A690C00196983B0FB
:10E2A000551A8A4214D12700424689001437143285
:10E2B0007B18521802E09F4200D396E0043B043AD8
:10E2C0001E6811688E42F6D000D399E0012504E063
:10E2D000002DFBDBA04600251C0043465968FFF7D4
:10E2E0006FFC8446002800D194E043461A69143339
:10E2F0009600B246C5609A4465460093534621692C
:10E300002000890089461435002101932B00143028
:10E3100081444D46A34614270C00924601009946BD
:10E32000434601C9DE5902043304120C1B0C9B1A2C
:10E3300062461B19000C360C361A181430181B04D0
:10E3400004141B0C00040343D35104378D42E7D857
:10E350002100019C48465246A2465C46A94605005B
:10E36000200015301E000027009B814504D348463D
:10E37000001B1538800887007819041DDF19A04696
:10E380003C1DA146EF1A0300A2451DD93B0057468C
:10E3900092461A000E00A51801CC03041B0C5B1852
:10E3A0001B14010C86195B1836041914360C1B0457
:10E3B0001E432E60A742EDD83B0049465246013B22
:10E3C0005B1A9B089B004344002E04D1043B196850
:10E3D000013A0029FAD063461A61604603B0F0BCE6
:10E3E000BB46B246A946A046F0BD0021FFF7E8FBB8
:10E3F0008446002808D00123036100234361ECE731
:10E400004346A0461C0068E70022054B0548064924
:10E41000F8F766FD0022024B02480449F8F760FD58
:10E42000F0ED001038EE0010370200004502000049
:10E430000D4A0E4B94460B4063440022002B02DD34
:10E440001900100070475B421915132903DC802363
:10E450001B030B41F4E7143901221E2902DC802240
:10E460001206CA400023EBE70000C0FC0000F07F6A
:10E47000F8B506004746CE4604691436A4003419A0
:10E48000231F1D6880B528000F009846FFF774FC15
:10E490002022111A030039600A282EDD07000B3FE5
:10E4A000464519D208235B429C46A44463461B6838
:10E4B000002F1AD01900D21BD140BD409146194AF5
:10E4C0000D432A431100BB40664511D24A460C3C1D
:10E4D0002468D44023430BE00B2805D0BD40114BEA
:10E4E0002B431900002303E000230E4A2A431100A6
:10E4F0001800C0BCB946B046F8BD2F00153A121A34
:10E50000D7409146074A3A4311000027464503D2B7
:10E510004A46083C2768D74015339D402B003B43B3
:10E52000E6E7C0460000F03FF0B5012183B01400DB
:10E530001D00FFF745FB061E47D02B036F001B0B8A
:10E540007F0D02D08022520313430193002C16D179
:10E5500001A8FFF741FC0124019B20307361346165
:10E56000002F23D01C4B35249C46089B67443F1842
:10E570001F60241A3000099B1C6003B0F0BD684680
:10E580000094FFF729FC019C009B002806D0202264
:10E590002100121A9140C4400B4301947361B4618D
:10E5A000631E9C4101343461002FDBD10B4B9C4630
:10E5B000089B604418600023E3189B00F318186957
:10E5C000FFF7DAFB6401241AD4E70022044B054864
:10E5D0000549F8F785FCC046CDFBFFFFCEFBFFFFEA
:10E5E000F0ED001038EE00100F030000F0B5CE463D
:10E5F000474680B585B0884602A98146FFF738FFB7
:10E6000004000D00404603A9FFF732FF02000B0093
:10E61000404649460069096900920193091A490177
:10E62000884602980399401A0100414400290BDDF5
:10E6300009054F193D0020002900F6F762FE05B0DC
:10E64000C0BCB946B046F0BD09055B1A0193009AFB
:10E65000019BF0E71300013970B54C1111690134C9
:10E6600014338900A400591804198B420AD20500FA
:10E6700040CB40C59942FBD88B1A153B9B089B00A9
:10E6800004301818844203D9002308C08442FCD8FF
:10E6900070BDC04610B504000269143448118242AE
:10E6A0000ADA9200A31803E0043B1A68002A14D186
:10E6B000A342F9D8002010BD8300E3188242F7DDA1
:10E6C0001F22100008400A42F2D019680A00C24016
:10E6D000824001209142EED1EAE70120EBE7C046FB
:10E6E00001B40248844601BC604700BFED0B002026
:10E6F00001B40248844601BC604700BF3D0C0020C5
:10E7000001B40248844601BC604700BFBD0E002032
:10E7100001B40248844601BC604700BFB90E002026
:10E7200001B40248844601BC604700BF8902002052
:10E7300001B40248844601BC604700BF6501002067
:10E7400001B40248844601BC604700BFB90E0020F6
:10E7500001B40248844601BC604700BFD1030020D9
:10E7600001B40248844601BC604700BF890B002009
:10E7700001B40248844601BC604700BFD5010020B7
:10E7800001B40248844601BC604700BFB10B0020C1
:10E7900001B40248844601BC604700BF99010020D3
:10E7A00001B40248844601BC604700BFC10000209C
:10E7B000094C0010354C0010194E00108556001001
:10E7C0001955001025560010414D0010514C0010F5
:10E7D000714C0010854C0010613E00108D4C0010F3
:10E7E00021420010D14B0010E138001031780010A8
:10E7F000736C6F742070726573656E7420696E69D6
:10E80000742072756E6E696E672061646472372061
:10E810006D6F646520736571000000002564202021
:10E820002020256420202020202025642020202056
:10E8300025642020202020202030782530325820C8
:10E84000257578257540257520256C750A00000012
:10E8500053454E534F522025642053544152540A7D
:10E860000000000053454E534F522025642073741E
:10E87000617274206661696C65642073743D2575EE
:10E880000A0000000A5250323034302D5A65726F3F
:10E8900020564C35334C3843582033782062726907
:10E8A0006E672D757000000049324330205344419B
:10E8B0003D4750342053434C3D47503520402025A0
:10E8C0007520487A0A00000053454E534F522025C8
:10E8D0007520616273656E74206174206465666181
:10E8E000756C742030783239202873743D2575207A
:10E8F000616C6976653D2575290A000053454E53C4
:10E900004F522025752061646472657373206368BB
:10E91000616E6765206661696C65642073743D256E
:10E92000750A000053454E534F52202575206D69DE
:10E930007373696E672061667465722061646472C6
:10E94000657373206368616E67652073743D257518
:10E9500020616C6976653D25750A000053454E536C
:10E960004F5220257520666F756E64202D3E205312
:10E9700054206164647220307825303258202F2072
:10E98000372D626974203078253032580A00000033
:10E9900053454E534F522025752075706C6F61643E
:10E9A000696E6720564C35334C384358206669727F
:10E9B0006D776172652E2E2E0A00000053454E536E
:10E9C0004F5220257520524541445920387838400F
:10E9D0003135487A20286E6F7420737461727465C3
:10E9E00064290A0053454E534F5220257520636F0A
:10E9F0006E666967757265204641494C45442073CF
:10EA0000743D25750A00000053454E534F52202592
:10EA10007520696E6974204641494C4544207374E1
:10EA20003D25750A00000000696E697469616C69B2
:10EA30007A65642073656E736F72733A2025640A79
:10EA400000000000636F6D6D616E64733A0A2020F0
:10EA500068656C700A20206C6973740A20207072DB
:10EA6000696E7420307C317C327C6F66660A2020AF
:10EA7000737461727420307C317C327C616C6C0AFE
:10EA8000202073746F7020307C317C327C616C6C20
:10EA90000A20206D6F646520534C4F542038204865
:10EAA0005A2020202028387838206D617820313590
:10EAB000487A290A20206D6F646520534C4F5420FA
:10EAC0003420485A2020202028347834206D617862
:10EAD000203630487A29000068656C70000000001C
:10EAE0006C697374000000007072696E742000001D
:10EAF0006F6666007374617274200000616C6C0054
:10EB000073746F702000000053454E534F52202500
:10EB1000642053544F502073743D25750A00000043
:10EB20006D6F646520256420256420256400000045
:10EB300062616420736C6F74000000006D6F646527
:10EB400020736C6F743D256420256478256440250E
:10EB5000642073743D25752072756E6E696E673D15
:10EB600025640A00756E6B6E6F776E20636F6D6D36
:10EB7000616E643A2025730A0000000053454E532D
:10EB80004F522025752072656164206572726F7224
:10EB90002073743D25750A000A544F4620736C6F2C
:10EBA000743D2575207365713D256C752074735F08
:10EBB00075733D256C6C75206D6F64653D256478BB
:10EBC0002564402575487A2074656D703D25644341
:10EBD000206972715F75733D256C6C750A000000C9
:10EBE000202D2D2D2D000000202534640000000074
:10EBF0000F04041708101007000000000A2A2A2A30
:10EC00002050414E4943202A2A2A0A004E6F207381
:10EC100070696E6C6F636B732061726520617661E1
:10EC2000696C61626C6500004E6F207573657220BF
:10EC3000495251732061726520617661696C61622D
:10EC40006C650000486172647761726520616C6177
:10EC5000726D20256420616C726561647920636C3B
:10EC600061696D65640000004861726420617373BE
:10EC7000657274006D697373696E6720646F756285
:10EC80006C652066756E6374696F6E0052656C65A5
:10EC900061736500626F6F74325F7732357130383F
:10ECA00030000000322E332E300000007761766590
:10ECB00073686172655F7270323034305F7A65728A
:10ECC0006F000000746F665F7269670041756720AE
:10ECD0003131203230323600666E692B0000000080
:10ECE000666E69006E616E00666E692D0000000040
:10ECF0002C2066756E6374696F6E3A200000000008
:10ED0000617373657274696F6E20222573222066A9
:10ED100061696C65643A2066696C652022257322FE
:10ED20002C206C696E65202564257325730A00000C
:10ED300055534220737464696E202F207374646F7E
:10ED40007574000052617370626572727920506947
:10ED5000000000005069636F00000000426F6172A4
:10ED60006420434443000000526573657400000052
:10ED7000556E68616E646C6564204952512030782C
:10ED800025780A006570202530325820776173207D
:10ED9000616C726561647920617661696C61626C35
:10EDA0006500000043616E277420636F6E74696EA6
:10EDB00075652078666572206F6E20696E61637478
:10EDC00069766520657020253032580065256C64B1
:10EDD00000000000504F5349580000002E00000072
:10EDE0006E660000696E697479000000616E000053
:10EDF00042616C6C6F632073756363656564656401
:10EE0000000000002E2E2F2E2E2F2E2E2F2E2E2FD6
:10EE10002E2E2F2E2E2F6E65776C69622F6C6962F5
:10EE2000632F7374646C69622F6764746F612D67FC
:10EE300065746865782E63002E2E2F2E2E2F2E2EB1
:10EE40002F2E2E2F2E2E2F2E2E2F6E65776C696271
:10EE50002F6C6962632F7374646C69622F6D7072BA
:10EE600065632E6300000000540056005800000047
:10EE7000030000000700000009000000020000007D
:10EE80000600000008000000540000409E1400C06E
:10EE90009E2001409E3400409E3804049F380402A6
:10EEA0009FB801009FC801000000000F020200246B
:10EEB0009FD800C0032009600B0808170808080342
:10EEC0009FE401400000000000000000000000007E
:10EED00001E00020000000209FF8004017171717DE
:10EEE0009FFC0404000046A4000037660000266072
:10EEF00000001CBC00001773000011250000110762
:10EF000000000E6300008B4C000060A200003DC0BA
:10EF1000000026AA00001BC200001804000014977D
:10EF2000000010ED0001281B000093F00000576165
:10EF30000000302B000020AA00001AB6000015C304
:10EF40000000160E00017FBB0000AD58000071AF3D
:10EF5000000036D9000022FB00001C960000188338
:10EF60000000179600019000000097D60000663B55
:10EF70000000330A000020CD00001938000016A55B
:10EF8000000014BB0000AFCF0000657D00003D9382
:10EF9000000029D10000194E000015BA000011C66A
:10EFA0000000127F0000731D0000422C00002E8222
:10EFB00000001E800000181C0000132D00000FC66A
:10EFC00000000F8500004F04000033E900001F0619
:10EFD000000018400000132C0000129700000E01E2
:10EFE00000000DACA0FC01000000000000000003C8
:10EFF0000000000000000000A10C010000000080E3
:10F00000000000030000000000000000A11C00C080
:10F01000000070EB0C8001E000000026A12809022E
:10F0200000000000000000000000000000010000DF
:10F030000036000301D9014302330217024B02419B
:10F04000011702220027005D0005001100000001E9
:10F0500000000000000000000000000000000000B0
:10F0600000000000000000000000000000000000A0
:10F070000000000000000000000000000000000090
:10F080000000000000000000000000000000000080
:10F090000000000000000000000000000000000070
:10F0A0000000000000000000000000000000000060
:10F0B0000000000000000000000000000000000050
:10F0C0000000000000000000000000000000000040
:10F0D0000000000000000000000000000000000030
:10F0E0000000000000000000000000000000000020
:10F0F0000000000000000000000000000000000010
:10F1000000000000000000000000000000000000FF
:10F1100000000000000000000000000000000000EF
:10F1200000000000000000000000000000000000DF
:10F1300000000000000000000000000000000000CF
:10F14000A248004000000000A24C00810000000026
:10F1500000000000A2540081000000000000000038
:10F16000A25C00810000000000000000A264008199
:10F170000000000000000000A26C008400000000FD
:10F18000000000000000000000000000000000007F
:10F19000000000000000000000000000A28C0082BF
:10F1A000000000000000000000000000000000005F
:10F1B0000000000F05010304545000800004040403
:10F1C00000000808AD3000800201030300000300C6
:10F1D000AD38010001E001400040004001000400A2
:10F1E0000000000154580040041A0100545C014022
:10F1F0000000271000000FA00FA003E802801F40AE
:10F200000000050054700080032003200000000867
:10F2100054780100011300290033000002000001AE
:10F2200004010802548801400000000000000000B2
:10F23000000000000000000000000C00AD480100CC
:10F2400001F400000306001008070807000000088A
:10F25000AD6001000000008000000000201F01F4EC
:10F2600000001D0AAD70008008001F400000000172
:10F27000AD78008000A0032000010190AD80004027
:10F2800000002800AD840080000032000320000050
:10F29000AD8C00800258FF380000000CAD940100D6
:10F2A00000019000FFFFFC000000040000000101CD
:10F2B000ADA400C00480061A0040058000000106CD
:10F2C000ADB000C00480061A19000580000001904E
:10F2D000ADBC04400000000000000000001200254A
:10F2E0000000000600000005000000050000000608
:10F2F000000000040000000F0000005A00000000A1
:10F30000000000090B0C0B0B0303110501010101A7
:10F3100000000000000D0000AE0001040000000429
:10F32000000000080000000A0000000C0000000DB2
:10F330000000000E0000000800000008000000109F
:10F340000000001000000020000000200000000667
:10F350000000050A02000C0800000000AE4000405A
:10F36000000001FFAE44004000100401AE48004020
:10F3700000001000AE4C004000000001AE50014003
:10F38000000000140400280003206C0000000000AE
:10F3900000002580AE64004000000002AED80100ED
:10F3A00000C805DC000007AE0104000000000301F6
:10F3B000B5500282000000000000000000000000C4
:10F3C000000000000000000000000000000000003D
:10F3D000000000000000000000000000000000002D
:10F3E000000000000000000000000000000000001D
:10F3F000000000000000000000000000000000000D
:10F4000000000000B5A00282000000000000000023
:10F4100000000000000000000000000000000000EC
:10F4200000000000000000000000000000000000DC
:10F4300000000000000000000000000000000000CC
:10F4400000000000000000000000000000000000BC
:10F450000000000000000000B5F0004000FF0000C8
:10F46000B39C0100349B0435021B087C8000120110
:10F4700000010800B6C000C00000600000002000CD
:10F4800000000000AEA8004000000405AEAC008003
:10F490000100010000020000AEB4004000000000C6
:10F4A000AEB800810000000000000000AEC0008186
:10F4B0000000000000000000AEC800810801010843
:10F4C00000000008AED0008101080808000000011B
:10F4D000B5F400800000000000000000B5FC0080D2
:10F4E0000000000000000000B60400400000000022
:10F4F000B60800440000000000000000000000000A
:10F5000000000000B61800440000000000000000E9
:10F510000000000000000000B628004400000000C9
:10F52000000000000000000000000000B6380044A9
:10F5300000000000000000000000000000000000CB
:10F54000B6480100000000000000000000000000BC
:10F5500000000000B658010000000000000000009C
:10F560000000000000000000B6680100000000007C
:10F570000000000000000000000000000000000F7C
:10F58000000103C8E0000308E0000AC8E000050825
:10F59000E0640848E0000A88E0000A88E0000A8881
:10F5A000E0000A88E0642E28E06431E8E064354831
:10F5B000E0643B88E0680468E0681768E0681B481E
:10F5C000E0681EC8E0682528E0682848E00009E8EF
:10F5D000E00009C8E00009A8E0000988E000096827
:10F5E000E0000948F8020006C1C381011E06A10B14
:10F5F0001A0681009923E10097B397E3062C9773CD
:10F600000634E2C0062CFC80C183E340E2C0061C45
:10F61000FC980634FC9C0634E340061C6938C18320
:10F62000C143E800C1C38105E100000CFA045E6536
:10F63000EC100CF0F41C5E60BC6E8861FF8407FC6B
:10F640009A14D804E4300460FC124C06E0D04C4A12
:10F65000C1C38215C1C3C1C3F804170C8193818350
:10F66000E2C00C2C1C8CD167E36BE404E56B8E05C7
:10F670008064038804D8E76BE96B8064EB6B8AC510
:10F68000806406080A58ED6BF16B8064806407287B
:10F690000878F36BF56B8064F76B8AC5F96B8C05A2
:10F6A000FB6B8C450C0A8A458A65E4B4E4B80C0A05
:10F6B0000A7884454006E064404AFC1280D5E0D0D8
:10F6C000C1C3C1C31F0CC1C30FFCF004BCF4F78459
:10F6D000C153FD64E080000CE080000CE080000C71
:10F6E000E080000CE080000CE080000CE080000C6A
:10F6F000E080000CE080000CE080000CE080000C5A
:10F70000E080000CC1C3C143C1C3C153FAFC040C67
:10F71000600006DA0A20A10B183064000E24E40011
:10F72000020A37800C068000083420000A70B78077
:10F730005842A40481613298212BAA45060A8CBB49
:10F740000C1000000400E400181A6400A825E00072
:10F750000804A11D0E1457801006D78004404000F5
:10F760000854C4044C72768010C4D2A01440768031
:10F770000E64A4801224F680A16B76803C01548034
:10F780008C8B400004800890DC004870849B28A388
:10F79000EC040EA09EE5A07D964B217B0E8A86454B
:10F7A0000E9AE5000006448016A0800008542C84C0
:10F7B000C000289C20010E4A0054400000C4A8ACA0
:10F7C000C000289D0F9C14544002885B80CB99A8F0
:10F7D00061840084E1840894128401CB324FE0FC00
:10F7E000E4041C704B0A01A158DA841094BB640035
:10F7F0006D84401A1C70C61F00C424080E54A084D7
:10F80000085421FC4002A084A1EB399C3C00580024
:10F81000BC004A401D5A08C50EE0E0040DCBEC04C4
:10F82000E1FC00A44B0A42B758FA840808C46418E3
:10F8300010A4E0FC400A608420BFED8C005490AB23
:10F8400014846184280F9C809194482213B04A62EA
:10F850004C50C3C7805B1C0027F04ED89C0044402E
:10F86000960B211D578004A4D78002B440000606E1
:10F87000C4040420528C42124010946B4C205C0053
:10F88000801BDC000C0C8C0BDD93F2FC8C1B7FC509
:10F89000806B7FA5967B73E5FA3C040C81C1210B3C
:10F8A0000000020AA085986B76800A140824A12B18
:10F8B000060A76800C048000988B7680061A1EC596
:10F8C0001834E000A11B7680A4800E403C014EC09D
:10F8D0000860C00048500480A873DC00EC040A7083
:10F8E0009AC5A05D90CB215B0A8A86450A9AE500FD
:10F8F00008064480107080000A4A2C84C000200052
:10F90000289508340C24400008248F94182428A03B
:10F91000C000289419984842883B982B61840814A9
:10F92000E0FC0C14618418042CCF893BE41046DA07
:10F930000430450AE40412506D84401A125081C10B
:10F940000C2424080834A1FC0A2420844842A08402
:10F95000A19B39983C004640BC004450135A186B98
:10F9600088C5E004EC040E9046FA033B450AE40423
:10F970000A2404001034E184C26760FC60841CC463
:10F98000ED8C400A6184083410C4B05F9CCB61FCEC
:10F990005002306F44129188883B138C1C00422027
:10F9A00040808A2B18E41C004FD89C80180BA7ECD1
:10F9B0000C0C8C1BDD93F23C826B00CB75F5FF9534
:10F9C000C1C3905BFAFC040C808B210B0000020A7F
:10F9D000046B829B80E5867B060AA12B400A80008F
:10F9E00080E5E59C841B81210C0C840BDD93F2FCEB
:10F9F0006800418800BB841B02AB900B41188E1B32
:10FA0000007BE80040D8920B8C1B680044B2813127
:10FA100042A2F08C8623F29C42127D85C1C3F28003
:10FA2000E6864A0EE706580E6606460EE1C0085402
:10FA30006786440EE0C000C402C460578A03E1C078
:10FA4000F29042125D938603F2884212E50004CAE6
:10FA5000C17C0214DC004010848004CACC800420E5
:10FA6000C9080014C17C02148000045AAD88061431
:10FA7000200106060004C00002148988400289089B
:10FA8000DD93998CE50004CAC0000206C0000006A0
:10FA9000848004CACC800420C9880014C0000206F7
:10FAA0008000045AAD880614200106060004C00038
:10FAB0000214898840028988DD93998C8141610B09
:10FAC00006148A25E11B768076800404088581412E
:10FAD0000630A43304046C04A03DE184A13B86E518
:10FAE000C88C021464041830E408431A240818303F
:10FAF000A08402140AC021CB195AEC048245E00408
:10FB0000C247401D1C8008449184400227FC4A984B
:10FB10005D93C3177FE5880B7D55804BC1C3883B40
:10FB2000FA00040C8111006BE8045048E1A0408603
:10FB300000158004A11BE03CDC384208680457C86B
:10FB4000C1C38C0BFA04047C74A9464E490EC01044
:10FB5000C01074A98825893DCD14CD04050ACD2493
:10FB60004A00E0808425F00CE4000A3A6001009825
:10FB700004208000C116EC04F80C004A0420FE6545
:10FB8000E92DEC10FE85C11EE00404CA8000454842
:10FB900045C8C116FBF587FCE198414661914306D3
:10FBA000801EC00081119B0181318121E8044A88B7
:10FBB0008C45A10B74A906CE484EC010C01074A984
:10FBC0008A45893DCD14CD04050ACD244A00E08044
:10FBD0008625F00CF00C4C10E4184A5AE4000A3A5E
:10FBE000A0000128600100A8C5508000EC0404209A
:10FBF000004AC156FE45F80C0420C554E92DEC100E
:10FC0000FE65C15EE00404CA80004588C156C55047
:10FC100087FC45884786FB6508F0E1908C4EE43010
:10FC2000E1A40C46E1A40E4682458F6D023AD91438
:10FC30000068E40080006001FC3842088161FF65D3
:10FC40000046E16B4C08E1A48B04DC38FE248914E7
:10FC5000E86C6568E1A40C46E1A40E4682458F6D10
:10FC6000023AD9140068E40080006001FC384208C0
:10FC70007578FF650C7CEFFCDD93F2048055A11BC9
:10FC80000A0083114006E550404AFC12D7F4E0D048
:10FC9000C1C382B5C1C3C1C3F4040B3FF4040B2F2D
:10FCA000F4040B1FF4040B0F0A508135405AEC404A
:10FCB0004406E0BC446ABC22404AA090C0002089AF
:10FCC000ED88401A200101980AFFC000C1C3F40466
:10FCD000C1C3C1C3F4040BF5F4040BE5F4040BD564
:10FCE000F4040BC5F4040BB5F4040BA5F4040B9554
:10FCF000F4040B850AFF81550A50F404D7E4EC8024
:10FD0000D7B4D7D4D794D7A4D774D784820B9464AC
:10FD1000FA005C08F83C044CE440048A212B80A5DE
:10FD20008215803B461281F5064AF98082B5F80CAF
:10FD30000420803B044AEC04C548E4004588CD46D5
:10FD40000C4C87FCDD93F03C6C400A204927E1C154
:10FD500004208ACF06C06C04044AE44048126400C0
:10FD60000033F08C0275806B0285F0100295F80C60
:10FD700002A5F8084C75F8044C85F0104C95F80C69
:10FD80004CA5F8084408F804445287F8E92DF1B06E
:10FD90000A208695C5276C1061880E54EC040C204F
:10FDA00064041870E4000C4A047444C74242E088BA
:10FDB000867B70B0DD8ED18487FC4D88718844527B
:10FDC000A12B9833F7E5ECF5881B212BF7A5EC75F3
:10FDD000E100000CF804040C780C000A8225803B3A
:10FDE00094A5A12B04204D16064AEC04FE25F80C20
:10FDF0009095E92D7A800814E440048AE0A00A4432
:10FE00000854A85F06F5E0C00C24AA4F0A206190B0
:10FE100061C1EC40EC040C600C4A0ACF4E32E400A5
:10FE2000862B70B0E4400670F0104445F80C444551
:10FE3000F8084445F804444587FC4C08F1B04452A6
:10FE40008695E92DF9C107514A52A4530453FAB0DB
:10FE5000EC1004200E2408514557E188E404187082
:10FE60006C040C50E0880A7464000C4ADD4E867BFA
:10FE700087FC4DC8AA2344C7A12B983304208205D0
:10FE8000044AEC04CD16E40087FC45C8F0040C0CD1
:10FE9000C1C3DD93FE7C040C044A007B4072E01079
:10FEA0001EF07988000CED20001A6200110EF80C8B
:10FEB0001B0E828B200100265E05C000400020350D
:10FEC000233EEF8D5E17A40B9D2EE0FC2388A10E30
:10FED0000024C000C41B6188C03B7D417A104212DF
:10FEE000FA1046328413003382113E1E82317C3E6A
:10FEF0000020191E973EEC040084FE0EAF8B618437
:10FF0000540A158E2EA5E68A00808EA3108A6C04F2
:10FF1000400AE4A45672E68A40707080A2B5DC0004
:10FF200000840FBE23B4E18CE68A4C0A608400642E
:10FF3000F09850728E030D0E8E0B0B0E5608901B10
:10FF4000138EFC380B84809B901B900BFC3856085A
:10FF5000829DFF11A00D82850E0B84D5A324901BDA
:10FF6000FC3844088E0B210D81C582858275A10D58
:10FF7000901B0E0B4408A324210DFC3880458E0BEA
:10FF8000930E900B50A22C0B2364F198F09856A27C
:10FF9000900B0B0E4C08941B009BFC3809BE940B75
:10FFA0004C08961BFF11FC3882A5829D84D5A00DBC
:10FFB000900B09648C1BA324FC38440801D5A10DC7
:10FFC0009C0050608255A10D900B09A4941BA324A2
:10FFD000FC3844088055A10D8FB490AB8D148B94E0
:10FFE0009693A364718440B28D0E921BFC384C082A
:10FFF000920B008B4C08961BFF11FC3882C5828D3A
:020000041001E9
:10000000A00D15840D648615A324961B44088C0B43
:10001000A10DFC384CB001E515849C008275A10D42
:10002000961B0D648C0BA324FC3844088095A10D0D
:100030008CBB0135930492BB941B23644C08930E34
:10004000009BFC38961B940BFC384C08829DFF11DA
:10005000A00D828513A484D5A324961B4408940B79
:10006000A10DFC3881D582A58275A10D961B136464
:100070008C0BA324FC3844085660A10D96AB9C0061
:10008000002A9B040118E00080004001E0FC1E07EC
:1000900017148435024A8E0B8024E400C13EA83434
:1000A0004308E92E830587FCA8149C04A80E9C1E17
:1000B000191481B5024A8E0B8028E400C136A83895
:1000C0004308E9261D1487FCEC040080500A816176
:1000D000407266861B0EF0840E8380AB90BB809BC3
:1000E0008CD5D6AD8E1B140B4408A324A00DFC3870
:1000F000A10B8AF59D049205A10B8DB5C0401E058C
:10010000012888D580004001E0FC1E071724845593
:10011000961B900BE400044A80448434C13EC54ED3
:1001200087FC4508AC048315AC1EA01481C5A00E45
:10013000960B1924044A901B8038E400C146844879
:100140004508C536210487FC80838361D6AD80B322
:10015000160B94F5A3248E1BFC384408F2C5A10DA0
:10016000400103981E0780008E35E0FC960B172493
:10017000044A941B8434E400C54E80444508C13EC3
:10018000878587FC400101281E0780008455E0FC1C
:10019000940B1724044A921B8434E400C54E804417
:1001A0004508C13E831587FCA814A404A80EA41E0C
:1001B000192481C5941B920BE400044A84488038BA
:1001C000C536C14687FC450883611D04719580933F
:1001D000A80480A3A81EAC1481C5AC0E940B1924EE
:1001E000044A961B8038E400C14684484508C53659
:1001F0001D0487FC210483616F3580A31D1480B327
:100200009504A16BE686400A00000E88F0805872C3
:10021000719C4292F1A440A2922B011D44A00E3B7E
:1002200046909C0048229C00A14BF18C1E078A2519
:1002300042A260FC8455F190FD3145474422C82B11
:100240008E3B7A0C82218823E400044A84548C4437
:10025000C54ECD5E87FC450808308335FD516C04E2
:1002600082212443FA14484226238823044A8E3BE1
:100270008C48E400CD5684584508C5461D2487FCAB
:10028000F1A042C2F1AC52824492A413A12BFB8490
:100290001E078C4584B5E0FC61880224423BFD4189
:1002A000F18844C2FA10463202308233024AE40432
:1002B000A834E400E94E88444308C93E83B587FC6E
:1002C00006B07E143033EC04901382214212B8132E
:1002D000FD317A8CFA0C4612F1844232E400024A73
:1002E00046C228580E48F188EC0404208E56E94690
:1002F00087FC4208986B1D148245C20DEFF87E08FA
:100300008E0B001BA3349D24EFFC5C68C29D9D14E2
:100310007D58A805920B6FF8F1A44E62808B1D24C6
:10032000F9884072000A11045E07F80C1B0EE0FC0D
:10033000C000002640345E051E08EF8D408A9FFCF9
:10034000840DE68A0E03A0C5F08850720024190EB1
:10035000441BE188403BFD21FA08421244321D341F
:100360008023FA08E40416200C108613CE8DE404D2
:10037000909B8AC592AB2194941B2324920B949357
:10038000FC3844088875A30DA10B9B041E0782E569
:100390008435E0FC6400164A961B920B8034A82436
:1003A000C12EE93E87FC4308A8048305A81EA414B7
:1003B00081B5A40E64000C4A8C1B920B8038A828CF
:1003C000C126E93687FC4308F4B5CE9D19049D0487
:1003D000C18D808387D5F2B5820D1BB48E2599CE51
:1003E000FC84BE64828182618AC5CEBD2194969BC5
:1003F000232492AB9493941B4408920BA30DFC38D6
:100400000118887580004001E0FC1E07104A843501
:10041000920B6400A824901BE93E80344308C12E4F
:10042000830587FCA414A804A40EA81E0C4A81B559
:10043000920B6400A8288C1BE93680384308C1263B
:10044000CE9D87FC9D04F4B580B31904F2B5C1BDFF
:10045000E5201EF0F67C0C0CC1C3DD9304FC805B30
:100460004006E2C0D56EFC12D58ED57E405AD59E90
:100470004206E0BCD5AEBC22D5DED5BE426AD5EE82
:10048000404AA090C0002089ED88401A20010178E0
:10049000C1C3C000C1C3C1C3F0044B85F0044B9578
:1004A000F0044BA5F0044BB5F0044BC5F0044BD55C
:1004B000F0044BE5F0044BF5C21F81A5D51ED51EF7
:1004C000D51ED51ED51ED51ED51ED51EE0D0404A40
:1004D00082B5D52EC1C3C1C34B0FC1C34B1FF0049E
:1004E0004B2FF0044B3FF0048165F004D51EC21F72
:1004F000D51ED51E94FED51EDD938101E00419861C
:10050000A3CDC1C3184A82A54346E0000215E19875
:100510004205800041FE8000BFFF1FFD4346DD9382
:100520008414E19841FE84CEFFFF7FFDC1C3DD93BB
:10053000FE7C040C6C401EF07C0E826BE1A04086B9
:1005400002058014A10BE14802109AE5C001652163
:10055000BE14BE1E808BFE1EA30DA204401B92552E
:100560001400FD214E1264044407FA08100394732A
:10057000E4000E6AE6101600A16B140B140000E5EF
:100580001615EC048D1BE08022148AF5EC0800009F
:10059000F8801625500583AB020600045615C000EE
:1005A000A12B58801015882583316188003422944E
:1005B000801FE8808265A11BE18C10152C14801F20
:1005C0008205A11B4408820B8175FC38FC38440865
:1005D000FC048145FC384408819BA204FE04883554
:1005E000910B80044E6886B53FFF47E5EC1016B0CE
:1005F000A10B8101A2048625A10B2004A10B82B5C9
:10060000FE748465900B1C0E680140089C84C00039
:10061000E875A18B7E8E8195E6D5A10BBE04815530
:10062000A10B8004A0F1E4F5F67C0C0CC1C3DD93B2
:10063000E100000CFA00004C8301001BEFFC76087F
:100640008105C143FA8002140006E11B00069422D2
:10065000DD93D462F800040C6C501EF0E47C034A75
:10066000826B3C5EFC1EBE5E42668E050C4AF0024A
:100670000634647C5E15FA804A0E00045E259FFCF9
:10068000061A00081E25E400442280045E25981402
:100690001E2580001E5580004A5080084422907C10
:1006A0005E2599941E2580044220800418149C0025
:1006B00040003CB5BC341814024400D5E11BFA805C
:1006C000DC3C18C4E2320066420E28F1C010600122
:1006D0000C0C8C2B8775F000017E28F10C0CFFF8B8
:1006E000DD93F0006C401EF0E47C014ABE2EBC2E6F
:1006F0008685FC2EE47C000A440684453E2EF002EA
:10070000FC1EC121841FBE14BC14BC1EBE29FC24C7
:10071000BE1EA41F0006BE148155E206F87E4006E8
:10072000F0FE00065D9381017FE5A0F1FFF801AEC8
:10073000E2C0041C041FC111F07C4400021CA41F71
:10074000DD93E340E47C040A408804240000060EA4
:1007500008308010481204105802D08802067190A8
:10076000FFFC600000C483C7020FF080700142C02C
:10077000610BDFFC73FD40C04807C00300A5D01724
:100780005D93A20FFFF8018E60010286A20FF800B0
:100790004006900EA10DFC12400682C5A10DFC1A68
:1007A000400682150206FC0AC02060018075830D98
:1007B000F372004681015D93FA7C040CEC301EF06C
:1007C000864B088B81713E2E405A006B7C7EE5067D
:1007D000425A8131882B6586EFF84F6867D1000057
:1007E000448640014212E03C8131729CEFF845683A
:1007F000000017A4C0046401729C42121974D70748
:10080000E0D41614FF0120BF001401BB57FEE1AC79
:10081000A10B1FFC60381409DFFC57FE81111B94EB
:100820000AF01C241504E420BE44A10B8008001B20
:1008300006148004901B7B00E80043C8FC04BC0E37
:10084000E0180E496834AA245082A01B8E0B7B90BE
:1008500068384A683E0E8C4B850581A10E29D90A5D
:1008600042BAE01C48BAE502062065828301E41C16
:100870000203A70F4242811190217284EFF8504881
:100880007FFD45FE82A1403F41FEC50D003F1FFD9B
:1008900041FEA11BC03F1FFD91ADE50EBE04F81542
:1008A0001E05A10B98F10000F27C0C0CC1C3DD9376
:1008B0005896211B0214E008180640AC442AC000D8
:1008C000A14B41060000020680085896FF11826580
:1008D0000244023D6037E10491800214421A8613FB
:1008E0002023E0928223980BDD93942EFA04044C8B
:1008F0008111026B6000450666D88C0B81716FF820
:1009000066000060E4C00260912101A50420067E1B
:100910004073EC044275F820C17CF008FCF5A12B73
:100920007FF4410EE038030660280506FFD4470E29
:10093000486281F500007180927EEC204862107E52
:10094000107EF088F084486282111076870B88212F
:1009500041F6FC358111600C6F404C01674400602A
:100960006398C0038F216FF86561006002604008E2
:10097000C003676105060195067EE008EC040420CB
:10098000F0084275A12BC17C0C4CFE35DD93F204BE
:100990006FD10019A11BC00500098245C006602D5A
:1009A000F3F04000000CA90BDD93E20081015D93A0
:1009B000F0804412EC7004298405A12BE03C02294C
:1009C000E682402A02098013C0056B71EC14000016
:1009D000E40800CAE200000C5D93DD93C1C381010D
:1009E000F804040C603C0239677002100A04C0036A
:1009F0000420608C0455E64058227C14463AF0945A
:100A0000817166820834B264C2376088FC10024586
:100A1000486288538613729C0804324E305EE08828
:100A20000213844340016C01083580238233E200C5
:100A3000E2004835EC000409440182010C0CEC0092
:100A4000DD93F004FE04040C4822086B214BF98C62
:100A500008658A7BE008489661840824E0FC0A3433
:100A60000A342A4F8803E1846FF47188F284425279
:100A7000641C434A421A8141416AE01C420AE4185C
:100A8000421AE580420AE1880904ED80DC004C004E
:100A9000DC004E10806E827E0C0C880BDD93F60419
:100AA000F800044C67FD00258151400186448434E0
:100AB000E01802C56FC90021843340056050026B05
:100AC000F29448426FCD00010255C00584C3601CFA
:100AD0008261064E42C5843E80536018E01C425538
:100AE000E0504263F0000C4CC1C3DD93603C02391E
:100AF000C84481C1463ACA54C437E68206358233B7
:100B00008643E7DC72B04652CA3E80130201C84EEB
:100B10000435EA708033E020E0204435E054043BA3
:100B2000EB700201E0240415443382318013E05459
:100B3000E0244415C1C3DD93E03C0239E058044B86
:100B4000E682403AE01404358013C407E7DC02056E
:100B5000E010041581010013728040324405824187
:100B60004415E0144443E010DD93E0586058002938
:100B70000A39845B0A49EF400239EF444001605171
:100B80004A21C72DC82D4F406F484A21E4A00800D4
:100B90004F444A210035C23786136020603002C3BB
:100BA00067600A500213C003980BE0C0E00024689D
:100BB000FA3C040C846B027B60500E2B0EAB8181DF
:100BC0000E9BE054188EE0589A8EA12B4C23D88EA1
:100BD0004CA3E0184C93E01C84C5E02006241C04C0
:100BE0009E14E184813106036FF46588F2A04212FD
:100BF00067FD008A41FEC7FF00011FFD41FEA11BEA
:100C0000C0011FFD140A980E04A4680084C5FB806F
:100C100006245C04DE14E184813106036FF463E88A
:100C2000F2A0421267FD008A41FEC7FF00011FFDCE
:100C300041FEA11BC0011FFD120A9A0E0494680018
:100C40008605FB8060100E05E1840624E0140E1575
:100C5000813106036FF46228F2A0421267FD008A18
:100C600041FEC7FF00011FFD41FEA11BC0011FFD8A
:100C70000C0CD80EDD93F23CF804040C843B01010B
:100C800046018A068E06F008020B8C06A10BE05086
:100C900002C58845060460187F51E184866BA64B27
:100CA0004C408ACD18639C00FFF8180EE0824E6A13
:100CB000E01C02654A720A6D4640FA300A521C0076
:100CC0000856E9FC403A8C334002E0820002FA30D8
:100CD0008A06E9FCE054020B8845A10B602002C59E
:100CE000E1840604A64B7F518ACD866B9C004C4064
:100CF000602402C54C6A9863020E60828ACDFFF8B8
:100D00001C004640FA044C620A621833403AE9FC7F
:100D1000C856E082FA044002E9FC00020C0CCA0644
:100D2000DD93F004F81C040C8904847A0489861A83
:100D3000D658E010807C8898C8C88A780429CA6888
:100D4000021CE014E1840284601040510A249813CC
:100D5000C217618402100C534011EC04C257601C8E
:100D60006C0402504011C287C227602060284021D5
:100D7000664004400619C00381316038E014409198
:100D8000E0184071E024408149488195EC040A3024
:100D9000EC0402104640C95DA11B9C004031FCF5EB
:100DA0008101602CF01C0C0CC1C3DD93F080462245
:100DB000EC70063986A5A13BE03C0439E682403A56
:100DC000F08046226B7106390630C005E23DEC1416
:100DD000C207841504038023C00263B986128422EB
:100DE000411A850D400AE004000CE184DD93E20025
:100DF00081015D93FA7C040CEC701EF081611D048E
:100E0000888B7C5E901B7E1E00063E0E8B6EE0047F
:100E1000E03804B98145896E0000456EA10BEC04F1
:100E20007C04FE951220874140036571E640143032
:100E300066410E30806EC003C26E824E0006406E68
:100E4000BE14E008864E840EC46EC66E9C2885E5EE
:100E500086A5A12B0009FE04C12DE0103E14824599
:100E6000E00800468701040EA408860EC60EC46E74
:100E700006F02A142804E4407FFD49FE3C3ECFFFE3
:100E80005E18813181516FFC8195890483017C2436
:100E9000880E8711A4188A1ECA1EC86E16B0610E6D
:100EA0000291EC04827190A1F455A1BBB8F17C04CD
:100EB000A10B8004C0084C960C0C8C0BDD93F27CCB
:100EC000FA7C040CEC301EF0886B0A9B80BB067B1E
:100ED00064D10090848B4001089002AB3C0EE490FA
:100EE00064910A900E2BC00178588C3BA10BEFFC4B
:100EF00098F180A5F27C0C0C0490DD93960B643085
:100F00006FFC65887C8E8C1BE48010908C1B160B0C
:100F10006FFC6B483C9E902B7C24960B0E3B941BE5
:100F200070188C4B905B6FFC0C0C98F1DD93F27C8D
:100F3000FA1C044C829B048B867B086B6F4810194B
:100F4000676004801209C0038C3B6010E804596894
:100F5000E0100E05E0340E1BEF481029E0101239A6
:100F6000E08C0E498101180E4C21D81C4C31E01840
:100F70004C41E01C0C4CE020DD93F21CFA7C044C4C
:100F800081B113A46E4002221174888B285E866B97
:100F90000FBE81918155812182214134FA24523240
:100FA000FE75C32D41FEA09D803F1FFD80005405AE
:100FB00006F09005920B6470902B0A1BE8345E4893
:100FC0008E15A10B901B120B68346148A10B8E2B60
:100FD0008F848C3554B5A18B409600008A458008DB
:100FE000981A9C04C7079A2A8095C30D8101440D65
:100FF000401288250406708842B2FF40813172ACED
:10100000EFF44E2860FC0414240FC3070131C3170A
:101010004438902B0404EFF4FF3160A0D01771071F
:10102000A20F072B1FFC45FE45FEA10BA82EDFFCDF
:101030000C4C8101DD93F27CF81C040C8403041336
:10104000618A400A421A82110420618A1804EC0461
:101050000C04608808C5E08C4E527C300A65F0981C
:10106000850D7C18CAC79E8412C4A6C38CC3617C3C
:10107000F2A04C920C041E6E1CCEE0840CCB8A6352
:101080000006690000008000830BC4044CC382C1C9
:10109000F6D5E900F01C0C0CC1C3DD93F81C040C60
:1010A00061FC182404C3A20303C786030BC4818117
:1010B0004C0AB8030034618E0904E088F0804E4287
:1010C0000C13948E421AC4678863618EB08E808E32
:1010D000C4170223618E462AF08444424242C43738
:1010E0000670708C827BEC101494D9841093C66DBA
:1010F000DC004C40DD84949EC67D30944E401093BD
:10110000309EDC00FC35856BC9C480549853C62DD5
:101110004440005E832BDC000C0CFE35DD93F01C9C
:10112000FE7C040CEC401EF04C4208134C6AF0802C
:10113000821161926192421AE0881844D6077E3E7D
:10114000C46719344FFE4417C0017FFD52520AC3D1
:101150003E3EF084F098545206C00C7E7C5EEC104B
:10116000FCA8160481C1014181110181E96483F564
:10117000C6AD7E041EA5CA674E624008217DF1807F
:101180000C068E6BA02D40009C004C70617C0E64A0
:10119000406A8C435872642E4C6AF2B08083E4AE8D
:1011A00072844262640016B093ABC00818CAF83566
:1011B000181AE000082AE000420AE000421AE5801E
:1011C000420AE1880845ED80800840966184004429
:1011D000E0FC04C404C4240F1003E1844212983BD1
:1011E000882B7288EFF06948E000034A021A3E1427
:1011F000006AE000420AE000421AE580420AE18803
:101200000006ED80040EC000A0F18101F67C0C0CFC
:10121000C1C3DD93F87C040C4C520D040C23F08008
:10122000F0944E126196582AEC041050C487027153
:1012300018338F24463AC4C7420261964C6AF0B014
:10124000829B619661964E7AC4378151708C5802A8
:10125000F0A04602E5A481659453C69DDC005200CF
:10126000FE55999BA34D4467C477046380000C9599
:1012700052920265FF9190946024491A0C958A9BC2
:101280005292A000189EB1940483847383D5FF9179
:10129000C5B4F1A44AA28AA30CA5F1AC0245800012
:1012A000909454A26024491A0CA58AAB54A2A000C1
:1012B00018AEB194E40C591A3C015800431A40008E
:1012C0004200E40CC0003C0164101460551A846BA9
:1012D0004CA0E4204C1ABC003DB8E01CC3FF3FFD0D
:1012E0000C0C8101DD93F07CFA7C040CEC301EF0D8
:1012F000CA37008BE1FC148400A490A38033E1047E
:1013000060A2403AE17C0654617C180456C2AA03EC
:101310004602F38C1734F9AC41FEA13B00011FFDDE
:1013200080084E960A449005A443617C617C182491
:101330004A52FF21817173B04472045D3E1EF180F8
:10134000124480CBE05761C01C005820F3AC4272BD
:10135000E0477C3E608406B4E1FC0C046084040435
:101360005610B25F40C21C0042B2F090AC3F729483
:10137000EFF05CE802A495B4D6B77C00A2833E14DB
:10138000A38B7C3404010000D6178004020482037E
:10139000961FE17C401A80130002E1AE0002E000DB
:1013A000C7FF6BFD8E0B0C0E0C0C98F1DD93F27CDD
:1013B000FA7C040CEC501EF0A4131B74A403093E29
:1013C0008A9B1F6446721D84563AF088882B619E62
:1013D0007C4E99A416138E4B7E1E960321B4A01347
:1013E0003C6E931DC404121070A442020210943B80
:1013F000905B6C04EFFC69688615A10B943B7E142E
:101400008E4B3CBE905B7C24E40400106FFC68A80B
:10141000A10BB20318048275400AD677980EE11E1C
:10142000400AAC042C0EE11E98248101C22DAC149C
:1014300040004C15DC004220C0005625C0000C3591
:1014400044300934A8F1DC004C35C62D1615C00017
:10145000C71DC000C0005635F27C0C0C000CDD939B
:10146000C0006101FA7C040CECF01EF0849B111E9C
:10147000934E955E973E8F0EB3148C08191EA10BE8
:101480009D1E811184459B1EE004000285B38113DB
:101490008BF39904E5800000F8604015F8304015A2
:1014A0004015C11E4015E02C9704E05CA10B82089A
:1014B00031B4A225AF8481711324ADA4E0840074FB
:1014C0007C000443F0804222E09002238245844D58
:1014D000067419048033E0880255861B8404F030BA
:1014E000190485F5E08806744442092E0D7EFA0839
:1014F00000338221061BA823E6400C30F030025551
:1015000002C584040513E060EC0404408B4E85336F
:10151000E800313C70884EA282718221E1AA4E7AA5
:101520001045C4778803FC1CE444840E8C5E885309
:10153000FC1C164598CE88C38B448D742051892499
:10154000E0880C7408444B570C5EFB801E55CA0D96
:10155000400240300674D19482214088FA8018A459
:10156000D094463240604605F190462206340F047E
:101570000009FB001904E0308063A10BE640006025
:10158000C0000025800004060000402580000406FD
:10159000A604914450588414E4D008F008F07C4E1E
:1015A000BE4EE4E09544BCCEE80062088271210B97
:1015B00080341E1580C04C1586189714DED5837DA7
:1015C000020B801B0C0CF8F1DD93F27CFA7C040C0E
:1015D000EDF01EF01E05A90E972EE0ACE0B41E251E
:1015E0001E059D0E195EE0A0E64018209951151EBB
:1015F0001E05A30E1E15E09C1E65E0B0130EE0A8AC
:101600001EB581011E75E0A4BD0EE098B90EBB0E9B
:10161000B50EB70EB10EB30E8145AF0E0A50710C68
:10162000A15BEC042954FE95E640142012101B7EA9
:10163000256EE4C0E5800C40650118500A50400258
:10164000C0046601101021CE1F5EE640E0084496FB
:101650008171273E9395ABBE020AA414C7FF63FDB8
:10166000A10B8A0525B486D5AD2E963BF8C00C0398
:1016700078300C13A324964B6B58A954A10BE800A7
:101680000C0382B5812178C078300C13AB34964BB3
:101690006A98A154A10BE800A7348445AD24ABB4EB
:1016A000E2A4040A0FFC43F6800844968000541319
:1016B00088910271846104A184810D8581212BB4FC
:1016C000F8C00C03F8300C13963B1D4468B89F54C7
:1016D0002734E800AD24A10B2002F895E5A004F022
:1016E00006F018123E2EE5D0E5B00AF09603113E42
:1016F000E1AE400ABC3E9BB42B34AD0EA144962B08
:10170000EFFC4CE800F018123E0EE5C0E5E00AF0F0
:10171000962B1104A944AB342D04BC0E4BF886BBA8
:101720009704EFFCE03000098405A10B657000F020
:10173000E58004F00AF018123E0EE590BC2E963BB0
:101740009B24AD044AB89F44BD04EFFC9924951432
:10175000BB04AD0EB534B3B4841A910E8B2E8DAE8E
:10176000AF049324892EB1C4FCBEFE0EBECEABB432
:10177000B944BC3E9B04B7549134AD24E818756855
:101780008101002BF1D5A734837D8E181EF0D8D5AA
:101790000C0CE5F0DD93F27CFA7C040CEC501EF0AE
:1017A000828B3E2E0050009B1911E76081858121BC
:1017B00078604023EC040210F8304023A11BC12CB8
:1017C0000C50FE150E4067607C3EE4C0BEB481A1A3
:1017D0009C0485D563FD000A88A5C7FF78300E15E7
:1017E000A024960BE042A43A4298E458090EE8007F
:1017F0009C14960BA43AA024E458E042E800420866
:10180000960B7E0EE0300E15A43AA024E458E04278
:10181000E8004168FC34FE14F8604C13980C8914FD
:10182000F8304C13846102A18E088871F45581ADA3
:10183000A8F10101F27C0C0CC1C3DD93180E241336
:10184000441AF000401AE4820224E40282CFE17CD0
:10185000810100C3F2844222640104C04212C080AC
:101860001814F280E1C7E17C42129823E1277280CC
:10187000A22FE017080E0823422AFF00442AE48E14
:101880000614E40E864FE17C421288230420F28C79
:10189000C0086401F2804212E17C06148623E93715
:1018A00072804212E817D927020E222F4222F80036
:1018B0000212FA04C07F6BFD4010A11DA05D1C0048
:1018C00040105D93C1C39C00FA3C04CC886B008B34
:1018D000602C100901A183412034C827214F867B49
:1018E0000FAE820B0DAE841B5298882B58AEE83099
:1018F0001AAE809BE47004F0921B0E0BE83057A8E0
:101900008435A10B06F00F042214E460580E922BCC
:1019100053988E0BA10BE83080181E0500044C056F
:1019200080000006F23C0CCCC1C3DD93FA7C040CB1
:10193000EC301EF0889B007B602C0E090E29846B16
:101940008351603060100E4B215F81B11C3486AB37
:101950007CBE820BE8880454881B3EBEE8304F08EA
:101960000090008B0195E4C041BE9911EC04021077
:10197000F83440B5E02C40B5FE15A11B658014A0DD
:1019800005C5E091A10B8101280488D5E42004F06D
:1019900068305308A10B901B7C0486D5E41006F038
:1019A000A40E902B9E14A804E8304EE88475A10B79
:1019B00006F03E04902BE410F8305205E060140568
:1019C0004E189E14A10BE83080041E05003052050D
:1019D0008000000688A102B19A188891F49583BD11
:1019E0000C0C98F1DD93F27CFA7C044C847B11247E
:1019F000889B15A4FF8113B441F6A12B4C960FFCD4
:101A00008A058008442A2B3F463AE68A8161668E21
:101A1000423A8F1E463AE502002465828203E18441
:101A200072984232739881310F24EFEC41FE910B92
:101A3000A11B1FFC5FFC41FE0294A19B818141849C
:101A4000509C4212501A847380734026408A8E83C1
:101A5000AC8EF00A8C0B280EF27C0C4CC1C3DD93CB
:101A6000E682401A64010000DF07C0406FFD0002FB
:101A70005D93C03FFB800004FE7C040CEC601EF014
:101A8000827B049B8161005B8111120B81B101A1FA
:101A9000030A81C58275E23CF0080025F804004580
:101AA000564284A3821172ACFC958F1D6000174AC8
:101AB000E18400A46000161AE0FC02B46000146A1D
:101AC0007E0EA20FE580420A6188421AE18400B4CA
:101AD000422A7C0E3E3EED80E43010305E27895E67
:101AE00089A5E05C601C4CCA440A8101400AE1807F
:101AF0008EE5E99C8101262404CAA414041AE0009E
:101B0000022AE000420AE000421AE5801E27E1882E
:101B1000420AE05C8AA5ED80647C0B0A0050823B9F
:101B200046206C8044529C0002067B800022C0004C
:101B30002023EC7CEF8008146C000A047E04A13F93
:101B40004852A11F04227890A83FEC0482037C1421
:101B5000942B253F7284423269F8963B0954EFEC8E
:101B600067FD008A41F6C0FFA11B0FFCCFFC41F6C8
:101B70008261610C0C0A9091ECB5E240B0F13E0438
:101B8000E0184071E01C4051F67C0C0CC1C3DD93A1
:101B9000F800044C02100A280814EC04E03161FC3F
:101BA00083410813831703A57830065BEC040420F7
:101BB000826080C046C38AC3CD5AF8600AC40A63F3
:101BC0001864FB004A427B004663F1949853602CF2
:101BD000FB144A12E05C4653F8F5A12B0C4C810132
:101BE000DD93F000F804040C60880C3401458A7B16
:101BF000F0985852D97DDD2E0613FED5440A86038F
:101C00008211618E618E461AF09840420C34C427CE
:101C1000424260884652F088444270888195F0982C
:101C2000C11DC5644240CD6ED93D1C009C0046508C
:101C3000FCF5851B0C0C8101DD93F004FA7C040C8F
:101C4000EC701EF00034008B0603E1FC1F1482BB15
:101C50000D3E83071D348A6B2374845B21A4A02B63
:101C60003E1E829B0B4E900B7E2E8141093EAA2385
:101C70003C3E961B7C5E8A3B6CD88C5BA10BEFF8DC
:101C8000090486753EAE81417E24961B3C0E8C5B1A
:101C90008D34900BEFF86C0882D5A10B81410D2497
:101CA000961B7E048C5B3E7E0904FC343C0E802334
:101CB0006B18900B161BEFF80B64968D090E8CBBFE
:101CC0000A55944B2594920BFA204212B0138211BC
:101CD000A714831383B38D1EE80031EC70A046B2C5
:101CE000463A801B828161AE00A5C437880B7C0C0C
:101CF0007C0C0855F08C4492FC0C0EC5719848A2DF
:101D00000A438CA33843B453084E98530D14804BA8
:101D10008233820B09048C5E0C0CB8F1DD93F27CEB
:101D2000FA7C040CECD01EF080BB2904828B2F744B
:101D300043FE134EC0017FFD8A6B0F2EB144B324C6
:101D400081017E0E9C0E913E970E990E41F6150E66
:101D50008B4EE00C8D2E900CAD94881E91A4AB544C
:101D60004062897E420AF0ACC417E19AFC040A255D
:101D700084A5A12B84E5A12DFC0412158E95A11D2F
:101D8000400A8201C407E19AFC000A158C95A11D46
:101D90007C001205820DFF1181A58AF5FC04120555
:101DA0008A45A10B7C041205820DFF11030188A551
:101DB000E4B002F08A7B1C0E0AF00B04142BE4C082
:101DC00000BC8C3BE4A000F0960B3E0E8F14BC1EB2
:101DD0005658FE440D04EFF89924961B3E0E973496
:101DE0009544940B9354BC6EEFF868088E5B0974AD
:101DF000E2A4000A8101807582B19C0E808591BDAC
:101E0000A10B9C040101EAE50C0CE8F1DD93F27CE6
:101E1000FA7C044C827B006B60140C19E00040C615
:101E20009475F41DE0180C2992F5F02DE686502AE1
:101E3000E500110A1921925576D88E0B8C1B6FEC98
:101E400064300070E0040206819101550210419C4B
:101E5000A11BEC040060FE9581B164908111019595
:101E6000E500028A412480E556228211D11DFAAC98
:101E700000B4FE15D8B761D098710F0E81A14861EA
:101E8000810103D540961824A12BE0080F14848506
:101E9000E1840024813116036FEC5008F2A4421251
:101EA00067FD008A41F6C0FFA11B0FFCCFFC41F685
:101EB00081011C0C847102A1D1AD8861150A80C515
:101EC0008075E4FCF6E5A10BF27C0C4CC1C3DD93FC
:101ED000FA7C040CECF01EF0866B0488601002198A
:101EE00000A98191060E6010C00072C088BB1D9EC3
:101EF00042967E1EC00167B98B1E8004110E8D1E96
:101F000063214156150EC0016EA100061B0EC001D3
:101F10008F1E840B191E931E973E8C1BE80048C829
:101F20006C0400A0E00842C6741C010A090E81017D
:101F3000808800A4045002F0E010101A1C00020572
:101F40008000020600105E050904B18BED80420A94
:101F5000C00842C642C6A10BE5AD00088A95FC1E2A
:101F6000A10BFC047E148A350E0B907B4998962BAE
:101F700018B1E80004068111960B6008EFEC72C8F6
:101F8000E69E4E7A00068375E7AD610084159D0ECE
:101F900000F018341A44E4E0E1EC0B76901B3E0E9E
:101FA000FE248904920B3C0EE80040C86D0C9D0491
:101FB000937B82917C04FA350C0CF8F1DD93F27C72
:101FC000F87C040C61064E0AE08812246006500A70
:101FD0000F4488CB4E9A866B8111669EE6A2509A7A
:101FE0008E630D34402A10C3101EE68AF0A44E62A0
:101FF000650E443AF0A450C2E58E463A8FAD81C5D5
:1020000046AA56AAC41014A0D0A456B242127E35D5
:1020100088C1D0AC52CA91CD546046B2FC15DC00E8
:10202000E1841804425A02C340CAE6960C0CE0024E
:102030008135F07CC1C38B45FA00040C480A086B5B
:10204000400AE5060A2465860244E184E84761B057
:1020500018346807201FE184E0FC00344042A05F90
:1020600041B8F09442126FEC0406F2B040406001B7
:102070008403FF318131070B728C42129FFC41FEB9
:1020800041FEA11B400ADFFC0204F00A8413E18434
:10209000E002401A8101180EF2000C0CC1C3DD935E
:1020A00060144401083C81310A3CAF41FC00061435
:1020B00060184401E41C0030601C4401EC04003052
:1020C000602044014441C21783016010E0244411A0
:1020D000E0284411E02C4401C1C3DD93042E0038F4
:1020E000A13BFFFC8208844582E5A10B7180482258
:1020F0002623900140009031400173C173C14630E6
:102100000623C00181358803FFFC002E860E842E35
:10211000C1C3DD93FA7C040CEC501EF0867B090EE3
:1021200061840014E0AC0674886B2023841386233A
:10213000E10E401AE10E422AE1AC0404611E562A67
:10214000E1AC0414E11E502AE40404B0611E542AD8
:10215000E0800406068422230623E0ACF1844202D8
:1021600004B47C2E7E1EE0AC3E0EA40385B5909B8D
:102170008235919BE02C521AA0101E05A00C1E1552
:10218000A0000168E020521AA0000088521A090439
:1021900000F8E02CC000200180101E0580081E15EC
:1021A000179B80C580B58101BE148904E8004B08E7
:1021B000608802940C2582918C137C04E11E529A53
:1021C000842E8023F4B5959BA8F10101F27C0C0CC0
:1021D000C1C3DD93FA1C044C847B028B866B009B8D
:1021E00000061C14E024E0804338A434A044E80036
:1021F0009E14980E880B602442B8A4349A0EE8000E
:10220000F21C0C4CC1C3DD93FA3C040C828B047BA2
:1022100060240E1910498321866B602460280E59B2
:102220001C04809B2234A32FE0900244682C488831
:10223000E89414249C24A4142234980E040BCF1781
:1022400047D8942B1A0EE82C0C0C8101DD93F23C3C
:10225000FA0C040C403A006B027BE50AE58A423A2C
:1022600000000181C00167D172A04212E03C4486A7
:102270006FE871487F218131850B81311FFC41FE60
:1022800041FEA11B427ADFFC447AE50200646582CC
:102290008203E09C72A04222E0A00464EFE86FE8B1
:1022A0007FFD45FEC50DC03F1FFD41FEA11B003F48
:1022B0001FFD41FE0C0CC03FDD93F20CA11B005B27
:1022C00060084096640018500006C080070A40006D
:1022D00040C6E640190A4000C0FF67FCC00040C687
:1022E0005C08A10B1814DA00A15D61FCE05702C381
:1022F000D63703C7D18018C442CA8AC38413E08684
:10230000E0000212E10E421ADD93901E6506440AB7
:10231000420A81310020E586C0046401F28C421239
:102320005C08EE1D41FE5A00C03F1FFCD7076A172C
:10233000A20F5D93FA7C040CEC701EF081617E3E6E
:1023400088BB092EE03404098D6EFC1EE80D3E0E9C
:10235000602402A9E00040C6150A981596B5E6402B
:102360008904FC147518FE3404106FFCA10BE430D2
:102370007C0494958914963B72D8FE2400B0EFFC3F
:1023800081116420551D817516258121821140041B
:10239000020AC12EFE15E24089117E04B0010175CA
:1023A00078104065EC040210A11BC16E0974FE5543
:1023B0007E8490B1BCBE8101C0717C94B08105B5B2
:1023C0008A75A10B906B0B6E8984FE14F8100E2594
:1023D000A004861473D8A4342224EFFC1C0480BB10
:1023E000E46008F0601012157698943B8C8B6FFCBB
:1023F0008295A10B781050B58D24943B8904A02EB2
:102400000014BC446878960B0B64EFFC88818871DB
:10241000BE148261F4B5C36D0C0CB8F1DD93F27C8F
:10242000FA7C040CEC301EF0806B064A04C9840A66
:102430004C45E0C00249EDAC4C05E020C40AEDA8D3
:10244000EE244C45E0CC0449EDB04C05E0C804094D
:10245000E0C40479EDC04C45E0D00441EDBC4C052E
:10246000E02C0405EDB44CC5EDB84C75E0D404C1C6
:10247000E0D80471EDC44C45E0E00449EE284C0579
:10248000E0DC0401EDC84CC5EDCC4C75EDD44C45F9
:10249000E0F00449E0E404C9E0EC0479EDD04C0537
:1024A000E0E80409EDE44C45EDD84CC5EDE04C7591
:1024B0008AC48844CA84C874E0F80491E0FC04A18A
:1024C0006DDC4C054CC581014C75EDF04C85EDF48F
:1024D0004C95EDF84CA5EE484C05EE4C4C45EDE81E
:1024E0000645EDEC04C5E0340475E0104C45E014FD
:1024F0000645EE500485E0380495E01804A5E01C7C
:102500004CC5E0204C75EE704C95EE744CA5EE7CFD
:1025100083A16E80EE544C45EE784C8504C58C4406
:10252000A194E024EE844C45A4888E444C459B74D1
:10253000CC44EE884C45A7B4CE44EE8CEE904C458E
:10254000E0100645EE944C45E0140645EE984C45E7
:10255000E0180645EE9C4C45E01C0645EEA04C45B7
:10256000E0200645EEA44C45E0240645EEA84C4587
:10257000E0280645EEAC4C45E02C0645EEB04C4557
:10258000E0300635EEB84CC54C3599C49734EEB4FE
:102590006D884CC57FFC59E69F44C020ED844C35C6
:1025A0004C85C8349D84ED806D8C4C4567FC0430AF
:1025B000582DC0FFE0081806017C18342344FF2181
:1025C00081C018C46D944C7590B0463218342534CF
:1025D0004C8581400E606D90C00D6600EE344C5508
:1025E000EE044C259534FC3E6DA44CC5FFF459CE49
:1025F0006D9C4C45FFF8088E0C85994B5082CD9C04
:102600000840519050A1CC04FCF5C0006E3C4C0534
:10261000670000604C05C00600606D98C002650050
:102620006E204C35E080068A6601066050C6400484
:102630004C65E0004C05EDA04C35EE2C4C25EE3001
:102640008875EE14EDF80C35EE280C4586B5874DEF
:10265000EDB40C25E4080020E17C18049803FDC7C4
:10266000610818045802A101A9CDF1B0BEBE82D5FF
:10267000EDC40CC5EDC80CB580F596CDEE7C0CC54F
:10268000EE800CB580C596CD98F1100BF27C0C0C49
:102690000CC5DD93AACDEDCC2041FE15A6439833A1
:1026A000FC75A94DEDD00C35FAF5AC3DE4040620DF
:1026B000E1FC0834460206438347F1B0F8B5893D92
:1026C000EDB80C45EE240CC598438643F6B5854D10
:1026D0006DD80C4551F69131A24DE00C3EB482F517
:1026E0000906A14B188600008605800049F6234B99
:1026F00011C1E00C846589213EB4838549F6A54B60
:1027000059F6000C8245800C82F5A74B600C49F607
:10271000E00C59F645F601458921E00CEE584C4590
:10272000EE5C4CC5EE604C25EDE00C458235A24DCB
:1027300084C5A14B41F6234B0465E00C83758921C8
:1027400041F6A54B47F6000C8245800C82F5A74B5D
:10275000600C41F6E00C47F645F601458921E00C96
:10276000EE644C05EE684C35EE6C4C254C55C60AB3
:102770004002EE344C05FA148E0B6E34E80C5448CB
:10278000680C46E853B88E0B8E0B680468087228F4
:102790000C058E0B0C15EE384CA5EE204C05EE18F2
:1027A000BE0D6E3C6E1C4CA5908440020E3C4C0548
:1027B0000000820381116C04EE404C056E444C0510
:1027C000BE1E8101BE048F55E31C010AA1ABD6D504
:1027D0000C0584D5A70BEE1CA50B8225A30B8265E7
:1027E0004AF882958E0B68006C1881858E0B680004
:1027F000551881458E0B6800EE180CA580F5A3AB2B
:102800008E0B7C14FC384208EE180CA58A35A5AB5B
:102810006E080C150C0587218411EE404C15830DB4
:1028200040104E400C15DC00010A6E280116E040F5
:102830004C0580000C058E40820D6E208404021031
:102840008E404C15E68A400AEE3C0C15EC38000030
:102850004C05801D8E0B4E3CFC385608EE180CA51E
:102860008815A7AB6E400C050C158721010AEE08F0
:102870000116E040841100000E404C050C05830D4C
:102880004C15EE200C15CE40400AEE3C0000E68AC6
:10289000801DEC184E3C4C0550388E0B0CA5E808FA
:1028A0003E04EE188201AFAB000CBE0EA10BE2009D
:1028B0000C05E26581116E0426068201FA8000048F
:1028C0000C25839500006D9C0C45EC040223EE2042
:1028D000043384110453E030583AE060465AE192E0
:1028E00044C3E192468AE0304632E8304433D09027
:1028F000A10BE0605995F8F5C1C38181FA3C040C45
:10290000ECA01EF0548E2D84C010641113AEAF9451
:1029100063D1144E91AEC0108D8E8F9EA1C4ABA416
:10292000A974A564A384A794897E8BAEFC6EFE9ED9
:10293000BCCEBE8EEFFC57680C0CD0F1DD93F23CA0
:10294000FA1C044C0C05806BA10DE0880C1580B5B9
:10295000830DE0BC8F0180A5E0984C050C158BC55C
:102960000C25E1400C75E0A84622E018870BF084A6
:102970000C358255A13BE07C0C3580D5460AE074CD
:102980009295E080E1D00C19E088420A032182256B
:1029900063388C1B0C25E8084C05E0A80C15E08872
:1029A000875160C4E0340C35E0A00C45E0BC4C1508
:1029B000484A82334A326696095DF1884C55855102
:1029C000484260984C5590880640609C48328C0480
:1029D000C42B7188182444470E55E08898737C10E6
:1029E000E0AC0C450825C4570A34FC148E53E0882B
:1029F0000000823D4C05840882A580C0063057C483
:102A0000C4C7EC04FC3008C5FC7584CD60BC4C35F3
:102A1000FDC5982BF21C0C4C0C25DD93061460842C
:102A20000C45E08886736078823B01514C258221F9
:102A3000824360840EC58345DD84F810E0200C9548
:102A4000C487C4C7FC3012C5FC201285F1B058827F
:102A50004AC20ACD4610FA1482115C00FA85881D1C
:102A60000C5598140C45E03C0210E01C032DEC04BE
:102A70000443C227483386534853E030DA85E06088
:102A800082010311E0984C15E09C4C15E0BC4C050C
:102A9000C1C3F925FAFC040C0C15806BA11DE08C58
:102AA0000C058235801DE0880C0580A5830DE0BCF7
:102AB0008F0180E5E0984C05F2FC0C0C0C55DD9381
:102AC0000C25E1440CC5E0A80C35E0180C4BE0B433
:102AD000445260480C2BF188851B6050E0C80C857F
:102AE000E0CC0C750C958275A19BE0800C9580F56F
:102AF000520AE0740FB8E0800C55C0005486607034
:102B00005202E03CAAA3F1849645949D60940C5532
:102B1000955BFDA10C5594A51450E03416A4E40473
:102B200096A3E1FC8AA383A79245959D70845202E7
:102B30000291C6371494A031CB3761FCF9A11493EC
:102B40000CA5C297949F6010189592C3B2C4F80C5C
:102B500014A5C497C4C77C24641016A0C7B786A365
:102B6000669248BA7FFC578E0840C3FFC947E5000C
:102B700060200CB588A3964FF00A48AAFC2416954D
:102B8000FC3016C5E68A444A0420A6939893660052
:102B9000849DD1270C2584A59834E084E01C0C4545
:102BA0004C25822106306084072DEC040443C227A3
:102BB000F1944602E0304833E06048030C05DE65DE
:102BC000FF91613460944C9573588C2B0C35E80858
:102BD0000C25E08C4832E088861B7180613C4C45B6
:102BE0004240854DAB0D1C00E13C4C150C0982D5D3
:102BF000400AE1D00026E0904C05C0004C05C0988A
:102C00000030409C9435CC1060340C05F18848327B
:102C100086E5880DE40402000614A8130C35E1FCD7
:102C2000861360840C158317A223601C8403023171
:102C300060844C354C25C23786136088603042234F
:102C40004C058F214203E08C4C25E060E755E0986D
:102C500060380C05F1884A12E0A40C45895D804378
:102C600030238A45F09C403260884C254C058C1BF3
:102C700068B8E08C0C15E8080C25E0840C35E01CE5
:102C80004C05E0888211608C60844C150223C217C9
:102C900044038F118C0B6060E0304433E0984C1596
:102CA000F2FC0C0CE00810A860BC4C054C15FD11A2
:102CB000E135E09460A00C050C3587210C45E0441B
:102CC000400AE0484C25E68A461260980000F18CE4
:102CD000A8136C1860BC4C354C25803D4C95E09C8D
:102CE0004C15E0944C05E0C0DD75C0BC60780C0567
:102CF000445281310054718000C3E08883558A0BAF
:102D00001875F3440C85F80CC447E0201045C477CF
:102D10001075FC104872FC1C064DF190FA0C4642EE
:102D20005C004050EC040A50FA65855DE0840C2597
:102D30000C4598340C55E03C8221601C60844C2585
:102D4000EC040630C227072D460204534A33F190A3
:102D50004A03E0302AE8E06085019FFCE0984C05DA
:102D6000609C4C05EC040010C1C3F505FAFC040C92
:102D70008781006BE0900C05E0180C15E0840C7561
:102D800060984C85ACD5A10DE08C0C25AC45850D2B
:102D900060200C55E08804047C080225F088461267
:102DA000F8100645F80806C5781806350A25C42720
:102DB000C4477C087C100A450AC5C4C7C4377C30A8
:102DC000FC0C0A35A6C3A823906584CDE0340C25FD
:102DD00006248421FD37E17C852786234C05A40346
:102DE000040460900245E08846127C088E34F08826
:102DF000C4479A240435C4370445FC0C4832FC10FF
:102E0000893171900A00854518046C0402C5E08878
:102E100012547C300295E088C4C7FC247C3004C581
:102E20000495C497B2C3FC2482F5A3CDE4081240F4
:102E3000E17C14949493FDA793CD859700904C5515
:102E40009C0040509C0048C0EC040630F695A13B25
:102E50008C1B0321E8047D28613C0C450C35FFC127
:102E6000126060340C15E6200C25E0944A42E0889C
:102E70004052F18C991B7B00FA004422E0904C25D3
:102E80000C15B045981DE0840C05AE051414601CAB
:102E90000CC5E08480A3E0A4E0301453F1B0565296
:102EA0000F38972D021180004C158433081460846C
:102EB0000803E0840CA591114C15E0508C1B605068
:102EC000E030402360604033FB000034E80855E800
:102ED0000C1598240C35E0844CA5E01C04206050AF
:102EE000051DEC04E084041446038433A0A5E060CF
:102EF0000C25A535FF11609486B5832B613C0C250C
:102F00000C0582710A7460349844E084E01C0C352E
:102F1000608C0C054C25A023084060900A33EC041B
:102F20004C25897D4C75E0944623E0844603E030CF
:102F30009865E060E0880C05E0A40C35E0904C2535
:102F4000F18048228E25864D60340C35EC04042037
:102F500060BC4C254C4585414C45E0988033609CD5
:102F600060944C15EC0C063060C04C359215862DE3
:102F7000603C0C150C2582710674601C4C75E08455
:102F80008013E084608C4C15440386234413E030A6
:102F90000C09E060400AE1D08AE5E0847B0000147F
:102FA0004F388C1B0C15E8080C25E084C217E01C78
:102FB000440382238515E06086F5A17D601C0C1515
:102FC000E0840474E0400C3504238223463AE03068
:102FD000A023E0A282A5862D02098E138201E1E0E2
:102FE000E1E04201E0880C05E01C0C15E0840C7562
:102FF0008E13C277E03042034C058F010C0CE09831
:10300000DD93F2FCE0A40C05E0840C15F180405245
:10301000812D0211E0844C1598449425E01C0C3558
:10302000E08C0C05EC0418401814191D86C3E084CC
:10303000E0305853E06058030C09F8050C55E1D016
:10304000400AE03C02A5E084F0884052680849E864
:103050000C158C1B0C25E0840C35E0909844E01C8A
:10306000084002110A14EC04891D608460844C1528
:1030700046038A3387016060603046238000007613
:10308000E0984C058BA5EEA5606014A348A286C30A
:10309000A443FB108E05984D8211184460844C1592
:1030A00008408433091DEC04E0840814402388039D
:1030B0004033E030E825E0600C3587F50814601CEB
:1030C0000C05E0848833E08CE0304623E060460362
:1030D000E1D00C29E084440A000482E58C1B7B00CB
:1030E000E8084548E0840C15E01C0C25E084061433
:1030F000440386239804E060E0984C85EC040000CB
:10310000DE65811D0C3583B5A4536040E0A2463ACC
:1031100082A5865D001982038211E1E0E1E04011A1
:10312000E0900C25E01C0C05E0840C15E0840614EE
:10313000402386034C85E030A404E098E0A40C35DD
:10314000E0900C25862D80330C3586C58033E03425
:1031500090A5872D601C0C25E4040810603C0C35FC
:10316000E0840244E0844C454403822342326030D0
:103170004413F0800C09E060400AE1D030F8E084AC
:10318000E7B5DFFC86F5A11D601C0C25E084061464
:10319000E0400C4506338433484AE030A033E0A2D7
:1031A0008285883D040982238201E1E0E1E0440157
:1031B0000C25A4040C15E01C0614E0848623E0848E
:1031C000E03044038F01027160984C0531888F1BF9
:1031D0008C0BDFFCF2FC0C0CE0042708E0FC0C0577
:1031E000E1000C15E0944C2560984C85F18040225C
:1031F00060BC4C054C25A223E125E0C0F81C040C62
:103200008161022460200015004581718834E0A0AE
:10321000C8C48A540035CA2486536018585298533B
:10322000825B7088044055CE81D5EC108271028497
:103230007C181085F098528260101295B0C3886196
:10324000D5CE92C3FC75857D60881844EC04084097
:1032500070B04A120A50983318C06C3081F5EC40B7
:1032600082214D7402858264C477FC307C300C95D9
:103270000C6588C1B283FC1CD58E8C83FC35892DEE
:10328000F01C0C0CC1C3DD93F87C040CED801EF027
:1032900060BC00750035FF61811160C060180025B9
:1032A000401581814065E07C0015E08800C5E0B4F0
:1032B0004065E0A8253EE140E088067460D800350E
:1032C000004586231620606C4ACAEC408121668640
:1032D0004686213E2833E03C1B3EA051E4400610C8
:1032E00008100B377C3EE410E4080610CB5702119F
:1032F000853707478317195E81513E4E8141093E4C
:103300000015951E931EE0DCE0E000150015FE1E82
:103310008D1EE028E02C00150015911E8FCEE024B4
:103320001D1EA37EE08402C481110B1E8EC32B1EC2
:1033300081113CCE1A38971E0AA0E0000B0AE40463
:103340001A48E7201615C000A24D60105E45AD6E0C
:103350005E25C05C98F5C04CC41727BE60AC003534
:1033600019748CBB06C58E6BAB34FC0404CDAEC3A4
:103370002B3E88339C0058204E600E05298E9C0001
:10338000AF4E988BE0B000358BC48F44FC0406151B
:103390006084061488338E13E032463A463A9DC460
:1033A00090CB66B2E5000630463ACF370D34E69250
:1033B000421A8613421AF00A0210E68ED117E6006E
:1033C0001E4582CD5820005C1E859C001E758050D5
:1033D00082658044966B2F44E0884095A14BA98478
:1033E000811180C581E5AB1E966B01E583413C14DC
:1033F000E14040959413A5247B084412A52E811129
:10340000A374AB1EAB249B14822DA7B4C00013F889
:103410001278A34D4C80400027CEDC001615832186
:10342000AF2EE01060201625E0880814E02000355B
:10343000E0100015C42721C4FC100665FC08062511
:103440007C100245100599AD93C48C239E6599ADFF
:1034500083ADFE14EE34AA85FCC482140215C43771
:1034600042C2FC0C1814FA044C22E08CC267F1B082
:103470001E95906D4C8000580FB89C00298E8000DE
:10348000E4100E40C77740C4B3111F1EE686442ADD
:1034900018259D1410207C0C1F34E4084E7AC58733
:1034A00082CB6686AD110883483A10714977E6866B
:1034B000E098022406060E830283E0041043831181
:1034C00013E58F811F5E83711615805B1665F830DA
:1034D0001675F820298EF8102C84C41706C5C46709
:1034E000C4777C04FC1806657C1C06750635C48709
:1034F0002904FC208E639863866315347A1846325B
:10350000E0840C24806DA6631D849245E4100E4077
:10351000C7770A0B844342C466A24E7A9F54C447BD
:103520007C04181545778471087390CB02739181E0
:10353000487290110414708C0606E190891160089D
:1035400087710BF5F8101675C477ACC47C1C066542
:103550000635C4C789C4FC3046C28C334C22FA0CF1
:10356000C267F18C9EE5906D1840298E0215E4101B
:10357000C7C77C1C84431D740243918144CA8811CF
:103580008643669E8ECB4447060604214527E00805
:1035900004438571E18C0414851107358A0B006B97
:1035A000A374AD94A7C4AF448D559F54C477AC7435
:1035B000FC1C06154232BE340614FA044C22E08488
:1035C000C267F18C92E5906D1840298E0035E410A9
:1035D000C7C7601484431D847C1C063558CA877194
:1035E00010C1E6A249C786131843843110CBC41713
:1035F000043482438F81618860040606442A89115D
:103600008223E6B21124EF2F424A8443421AF00A81
:103610008613E68A826DF11F80501E6580581E95C4
:1036200080441E75AF4488C5E08840952374971484
:10363000A7C4A34B971E8211001584958EA360F03A
:1036400060A0002585418731442A94130610668EB8
:10365000853DE41040485E154015831181B5E07C3E
:103660008195AD94906B2D94A7C4AF448135A3741C
:10367000A7C4AF4488B10C8B926B182B8AAB25146E
:10368000F0A8527225A8829DA16D9FFC97248215F7
:10369000E0F00015832D8221C08840651EF00111E5
:1036A0004015E5800C0CE098DD93F07CF87C040C70
:1036B000ED801EF0FF31012160804025E03C4A860C
:1036C000606C0025001581B1816160B4608C40356B
:1036D00040358191A453614460C00035E44004103A
:1036E00060A800C500458B27A93EE0BCE01800A5F6
:1036F0000410092E0727E410E68646CA44427E2EAF
:103700004427F1B050A2A031041070880211E408DF
:103710000527CB371F3E8317E088064486A3215E2A
:1037200081310F2E00159B1EA51EE0E4E0E8001578
:103730000015991E8D1EE0ECE02800150015931E63
:10374000971EE02CE0240015231E95CEE08402C4D1
:10375000B81B111EFF117C1E81110B1E81C11D1E85
:103760000D0AB1A518B8E31CA2CDC0005C004E3014
:10377000DC0046C02DAE965520248CAB0015886B1E
:1037800098B360ACC4279F44FC080215F1904E1218
:103790000C05867D9C004E308E9B2F9EE0B0005520
:1037A00091749514FC080A2560840A2482538823A6
:1037B000E01E4A5A4A5AA374927B669EE5000A505C
:1037C0004A5ACF579314E686442A8A23442AF00A99
:1037D0000420E686D127E6001E95847D4E30005CED
:1037E00082059C00A1CB0C4BE08C404501E580A5F7
:1037F00001D581B17C248C4B404581B183C16144AA
:103800008823A914FA044222AF94A91E946B2114B0
:1038100082BDADA4C0001348833123CD5C0046C0F7
:10382000DC004A90C00011B8ADBEAB7EF810142584
:10383000E0200055F82014C5C4272514FC080AB55B
:10384000601000250A75C4C7836D7C30FC3004C548
:103850008EB30E65836D99148D149C25836DA874A9
:103860000214A6858924C477FC1C0215FA0444229C
:10387000E08C0224F1844AB2925DC25780000FA806
:1038800012C02F9E278EE410C014C797B3113E1E9E
:10389000E68650BA3EB4A314C58784816686529AE0
:1038A00016B59883ADC17C1C582A10914997E6B291
:1038B000E0040E0604B412830483E09810C38391DD
:1038C00013458F81A78E83211475A8241485E010D9
:1038D0002F9EE0201495C427C47760307C080A1519
:1038E0000A75C4870A85FC1CC4977C20FC240A55F1
:1038F00082731B1490732F940AB40A734E12E084DF
:10390000AE53FA1C90E5925D10C023944214E4106B
:1039100096C3C78766A6508A0215C4C78481FC086F
:103920009883C58790110283709C5882E190161489
:103930009181121B0E060B95A78EE0081415A88422
:10394000C487E0107C200A750A15C4178F54FC0444
:103950004E528E134AB2FA04C257F19C8665925DAC
:1039600085912F9E7C200415E41004C0C727238472
:1039700002C396C3442A88118EC366A2161444C794
:103980000421E18C4527901B04C39181E0080E06B9
:10399000852105D5925B0D05C4777E24FC1C0A1594
:1039A000FA044422E0840224F1844AB2925DC257B0
:1039B000AF9E980510C0278E0015E410C7876014CD
:1039C00096C323947C1C0215E0040E06E6A6508ADA
:1039D0008223108184114987C42710C3618816147B
:1039E000121B84C307218F8142BA89919213E68604
:1039F000E51F172442CA82C3421AF00A8E13E68AD0
:103A0000825DF11F805C1E55404588C5A33B608CDC
:103A1000882B1D1448202784ADB4DC0082112B7440
:103A200086959D1E60F40015984B84CB71844622C8
:103A30000230FF212924EC409514841D5C004430A1
:103A40001E25833D83114050608040158B4E85318B
:103A50008145A92EADB4A78406CBAB740840826122
:103A600010806C0414A0EC108A9B6C108E3B0145F6
:103A7000925B7F35834DA9149FFC2758A13D8B3461
:103A80009D248215E0F40015832D8221C08C4035E1
:103A90001EF001114015E5800C0CE098DD93F07CE0
:103AA000F87C040CECA01EF060BC00854015FF11F2
:103AB0000015E090911EE0C0E0300015E01800B560
:103AC00000158D1E8B1EE024E064001589BEFE8E5D
:103AD00081110F1E8111131E81113E1EADB5FC1EFA
:103AE000E31C050AC00016E860200075E08806A403
:103AF0007C0C16858F1482210E95C487A11B7C2017
:103B000096C5932EB413FE149645B01D60B40015EF
:103B1000065596330625FA10C457E0207C140E454E
:103B20000EC5C42704107C088727E410FA1044222D
:103B300060100095082492C34CC2E0841285F19075
:103B4000A36D7C20A4B5BC8E601400458B94C26725
:103B50007C140845E4100A8098834757E6A64A5A21
:103B60006408164045B7882356BA9051C95766A6CF
:103B7000C4270A83848308B1C7B70D44448A968357
:103B8000442AF00A0420E692CF27E5001EB5846D92
:103B90009AE58010846DFC24C09040A589B4BE24B1
:103BA000C0085E6598B5A12BE0F8002544A29144B9
:103BB0004822F18883217A10BE2E914E00658BA594
:103BC00042B260B40245F08C00B5FA100660E01411
:103BD0004447E4100E25873716C5FC104A32FC20F6
:103BE00004947A080654E0844622E084A33DF18CD4
:103BF000C0101EB51645A25550C27C103CCEF0A494
:103C0000E40816C0C5B70BC4844108838A834547BE
:103C100066B256BA484AC487C23766B288B10D54F4
:103C2000C7B708419643C747484A9043484AF00AF5
:103C30000840E696CF47E5001EB5883D1EC58010BA
:103C40009865800089B4FC4440A5883D5E35C090ED
:103C5000BE34C008A13BBCC4003596159144E0F8C1
:103C6000F18C46A27A104832914E833189D5BE3EFE
:103C700010A00C340484EC04A01160887C08166544
:103C800002248B170E45C437C467FC0CFC180425AE
:103C9000FA084612E0880234A2A5891DE08C02349D
:103CA000F18442C2A0F5A31DB3414024669248CAE4
:103CB0008BC4C2177C1804253C6484410A60C54744
:103CC0008C436410AD614757E6B24A5A66B2582A2F
:103CD0001051CC27E69A463A82C14957C3C70A43D6
:103CE00086430D3498438443F00A444AE68E442ABE
:103CF000E5000420841DCF27FC2496C540A5841D23
:103D00005E15C09089B5C00810A002440454EC04AC
:103D1000E08806847C0C16358B67A0610234C4579A
:103D20000835E0880E45FC044C62FC140664FA0C6D
:103D3000893DE088066490054622E08CA33DF18C25
:103D400040248E55E40808C0C5470B74C4C73951D8
:103D50007C040415484A9B21C237669EE68A449A31
:103D60004A6A084104C3E696E69E441ACC174747C0
:103D7000822108C3C3270AC30D2482C342CA84C355
:103D8000421AF00A0210E68ACF17E5008465823DE8
:103D9000823DFC14C09040A5C0085E35A11BBE1436
:103DA000001582551114E0F842A2A2A3111EFA04D4
:103DB000BE1E831190AB111483AD93249FFC292860
:103DC000D0F10111E0984015F07C0C0CC1C3DD93DB
:103DD00060AC001500258141815160A0818584344B
:103DE00006CDC5C4FB3046321C004850855D82516B
:103DF0004045FE15DD93E0B8F87C040C60180265C0
:103E00008E35A32BE04C02559465815D080406C4F1
:103E10000C25E08888637C106C040E00804B838145
:103E2000E0880624FC0C183586AB03F5F8040C95E5
:103E30001895C497959DFC24879D82A502A582654F
:103E400016A4E0B4F7B7E17C8EBB16A3949D8BA7B4
:103E5000A38B809588BB82750C6002810E70EC107C
:103E600092AB6C048A8D964B9854F8451855C457FC
:103E700081C5FC14040406340C25E0880824FC08E1
:103E80000655E088804B7C1002C58A3BC427602021
:103E9000E3400219FC081825E686463AE686425AAF
:103EA00086530421822385274800855D880BDC002A
:103EB000F07C0C0CC1C3DD93F87C040CEC801EF08C
:103EC000E0840015B0F5A11D601C0025E0841214EB
:103ED00012738493A17DE0300045AED5875160A078
:103EE000E0601233E696504AACA5913DAC75A13D19
:103EF000AC25917D0C70092E0045E40C00A5E0B4C2
:103F0000A041E0D4617C0A44FA8004A4F7570F2E44
:103F100004A40A430B47E1A00D4EE1A7E088086422
:103F200060180055FA801624FE2EFCAE54520B5E2B
:103F30000151F09081C5814182616924E02000C572
:103F40001825C4278421FC0848228527866DFA108D
:103F50000FC4FC851223A01D8EC3C02CF0AC4EC232
:103F60005B1C4E229CF5A3CD892D8D2404B09C852D
:103F7000FA2DEC04917D9C150D249AC5E18406B4BC
:103F80000CC00BA43E1EE404E0880264A8230F1EAC
:103F900082A344278191262360AE462AE088044408
:103FA0008C8B01B10315A6CB6924A4C38214828132
:103FB0000215C427C417FC08A6C318136000041216
:103FC000E8000212A29304B3FC058E8D18900B84B6
:103FD0000F14E408E40806B0032589946114828371
:103FE000C02482610415C4170025FC04442AE0247F
:103FF0008A136686E50004204A12CF278E6DF0886A
:10400000FE14FAE5F420028A0C3488D585C76108CD
:10401000F1B0466286E5A03D60D000057C248CC3EB
:1040200042CA8AC3D107F00AFA800004E692400A25
:10403000E68A421A05078401E6000210911706037A
:10404000820D3E04D0A44002C1E00019C404021055
:10405000C1E040110C0CC0F1DD93F07CF87C040C45
:10406000EC401EF060A80015007581410025E0AC11
:1040700000A5E0B0A31D60A0884E9C4E831384353C
:104080008DF383339CC48254FC100A559C5E985374
:1040900088C4C0547C100A55985388410254885EE5
:1040A000F18448A21870234D4C70E4100855DC00D0
:1040B000DC005050608806447C3E8E6BE08816140D
:1040C000FE0C0C9582A17EAEA2A309138AAB3EAE74
:1040D000897383337C2C14A5CD84943B1493B093C3
:1040E000F19E86ABBEC4FC840254FEA4C4C78A837E
:1040F0000EA08EC3489AEC0400D8E01C0E10A0005D
:104100008F13EC0487738333E174D934AE33D594C1
:10411000F13E9233182040548875E41060880E44B4
:104120000C85846B06A07E1C0913E404F1844832DC
:104130000614073330ACE0888A9B68007C0C12952B
:10414000E9B492AB1283B683F18E949B46524054ED
:10415000C447F09C200100A8582240008305F0903D
:104160008A3B046BA00000D8EC0400108333811359
:10417000D9048773D524CD148403A203A0F1F10ED2
:10418000F07C0C0CC1C3DD93F81C040C60A002355C
:1041900002258741463AE0504822E6920630F080F8
:1041A000874DEC0402358AA50804601883C1E088B5
:1041B000FC100655C4578644FC1408550C0083F5C2
:1041C0000E0464040675E08810647C1C0685E08893
:1041D000C477FC207C1C08950875C487937DFC205F
:1041E0008B7D8205028580C5CA7760B48095907DFD
:1041F000806B23CB02C180B584CD8C0B0C0CF825D1
:10420000DD93F01C60A00055004581310254E01898
:104210000454608881C5E08C4A4208CB713EF0842A
:10422000943E84438231103E60A000558B3D984BF4
:10423000DD93FC95F87C040CECA01EF081312D0D73
:104240000455AC350445E10404A5E108135EE10C16
:10425000F19456124A12114E0495F19040126110D9
:104260000485F1A8585261140445F9AC4CC2611898
:104270000F1EF980F1A44E1258120D7E2C7FF1A072
:10428000F1904812B87F0BCEA17DA87F7C4EA2751D
:10429000E08802B4C45709AEFE8EBE9EE0180495B5
:1042A000E11C0485E0B404A5FC141275FC0412158D
:1042B000E0200455C417C477FC040A45FC1C0A1509
:1042C000E1200475E6A2504AF1904812669E4E4ADB
:1042D000907DB483044598E50C0461241235E08890
:1042E0009304FC180A35C4374232FC0C421AF1849C
:1042F000924B66928C258E1DC4B78DB4FC2C08059C
:104300000A65C4070405FC004662E128463AF18CC0
:104310009104E6828825823DC4A78BA4FC28080569
:104320000A95C4070405FC004292E12C421AF19858
:104330008904E6828425861D0435FC04C407E13027
:10434000FC0008050A05C407B203FC00E68E400A1B
:10435000820D7E0480041E058875A90DE074041585
:10436000E094420A8FC486C5AFCDA0C3C4C78655AA
:10437000181588C31825F818F034F8080A15C4175A
:10438000C4277C047C080A250A35C437A413FC0C16
:10439000841DA6238C1000000C0CD0F1DD93F07C62
:1043A000060B803B0C0CD0F1DD93F07CFA7C040C06
:1043B000EC901EF0827B0B2E0240090E0008E4C038
:1043C000E700044066400A4001F599C142658161F9
:1043D00018C07830C56EEC044265D56C4A63E02C99
:1043E000C966E02CE02C4461FC55A1CB6088020436
:1043F0007C0EC207E700004000403E0E7E1EE640F5
:10440000E4C0123064C01440E6400C308181110ECB
:1044100012058D459921783043389C1A1C1AE81CE6
:104420007FFD57FE4002CFFF99217BACF830540549
:104430004278E504690EE81C8F9E9921E02C120554
:1044400041F89C1A593AE81CFBAC400299211E1A0B
:1044500054058DAE860B602CE81C4148992111B49F
:104460000C03ED0C9E1AE05CE81C42A8602C0C03C7
:104470001E1A80AB423899210C03E81C809B608C8B
:1044800099211E1AE81C41C88934FC244222FE44AA
:10449000B42371A492230013402A8E38441AE09268
:1044A0001144E0920202A13B920B600060000622E0
:1044B000EBFC041202323E340006EBFCA19D4000EE
:1044C0009C004090603048030C2690334611828156
:1044D0008F94E03091BE8DA482088B04E655818DC7
:1044E000C8F10101F27C0C0CC1C3DD93E0840044EF
:1044F0007C000A03F0805852E09018C3FD0120C3ED
:1045000080CD3C04978018C4440418C08615A31DB0
:10451000E68A44CAE50E582A658E442A18C08131BD
:10452000C1006401728C4422DE27E3C702CDA4CF10
:1045300080F593110A298853E22DE1E08B11805513
:1045400040118803DD93E3901824425A9833E088A1
:10455000E0300635C35DC65780000A06D1944A1282
:104560008215CB3DE010000B8203C6075C08C03DFE
:1045700004439A0048018501DD93E390FA7C040C22
:10458000ED301EF01E259B2EB7C4E08899411D4ECC
:104590001E25952E0CC06084B5B4E7901E25972E7D
:1045A000992EE080A32EBF24912EBD24932EBB24F0
:1045B0000F2EB9248145812108405926A14BEC04D6
:1045C0001F1EFE95E5800A5060004F06E0081106A8
:1045D0008191213E161587D5020AFC1CC7FF63FD99
:1045E00048C28C658D1170A4E3904811A11B801AFC
:1045F000942480E50286C32D4811C000821AC3901E
:104600008265A11B709C44C20425CE17C22DE030E8
:10461000C0000236C3904811C01AA55E8205A11BD6
:10462000FC20182B0236C22D4811C0002314C39061
:10463000163B922B006B984B787898AB2134EFFCAB
:10464000255494CB02918C0B087188518E1884816B
:10465000F055839D02299F14040AE0348485E3FC0D
:10466000985B15240D2E9D448B2E8921892E97242D
:10467000FE2E8F24FC2E9924BE2E9124BC2E932432
:1046800040989B240101E800E5301EF0F27C0C0C00
:10469000C1C3DD93FE7C040CED001EF0848B7C0E08
:1046A000955EBB04110EFE4EB704A30BB304BE0E01
:1046B000B1048B0E8E28890E8675972E8171036545
:1046C0008E039504E390000982D5AD0B8E4B7C04DC
:1046D0008B348924E0200013FE549504BE04BC0EE4
:1046E000EFFC706882719724FA758F2BE00039987F
:1046F000E0300209B5B49514A10B1F0E021015018C
:104700001D0EE790C0000046C0385E059B0EBD043C
:1047100081A5B90404200438AD3BEC0480381E3573
:1047200000004231A12B82110994FCD5E200002A3D
:1047300081A10B7460080D06400A8131962B66A694
:1047400040090C06420AC000400AE51E0210E59E20
:10475000C008640172A84002E807D9178111220F2E
:10476000EFD8532866A6446A640000004212C100D4
:10477000E30772A8651E462A442ADE174C02659E8E
:104780000630F9844008640140228111D93772A8AB
:10479000962B68078131260FEFD851680000173437
:1047A000C100640142121B445E17F2A80434E307FF
:1047B000A20F6088A61B082364010640042040095C
:1047C000C00964016008488611B48151852581C102
:1047D000A9BB15A4FC10147314958C7E4695FC148B
:1047E00052A260C012A9F1B046A5E3908295E18083
:1047F000887E8C730E7595744475FC141279E0C034
:104800004475E39018C0E18084416C04883108212C
:10481000991B88511F24F6D51B44815191B481C145
:1048200060880624193EA41B0F3E8833E5E004800F
:104830006581063008404009C00A67810862851515
:10484000F09452425265A9BB1075F9805275FC1460
:104850004E8278C00EA9F1B0A4AEE240006382B5EA
:10486000F09452321065A46E5265FC140E69E0C0DB
:104870005265E24018C0E18084216C04991B885184
:104880001104F6F51754FF819F148141004A1B342F
:10489000000CE00C0454E20000146880420AE88036
:1048A0008135E68A82414D8EFEB5834D0E041B1480
:1048B0008141E08865810610933EC0091BC485953F
:1048C000E0880A44829B13648AC39FA466010AC0DD
:1048D00018C0400AC009640194B4836582E5A1BB95
:1048E000E1800CB58265A1BB9834B0B416B4A6B310
:1048F000170AF080C0036081800052B56C0414A0D8
:1049000088618891FA55A1AB824117548B4B8E1365
:104910009114F4F50A48A91B0368C000C0004001C7
:104920006696420A9B34814105B5C4171B54861311
:10493000F0944642C4371364829B1FA40A308A3322
:10494000400A6601640118308365C009A13B9434B4
:104950000C3582E5A13BE180B0348265B63398B472
:10496000F08016346081170A52B5C00314A080008D
:1049700088916C04A1AB88611754FA558E1382415B
:10498000F4D58B4B1B14874599348141061086134F
:10499000C00965818595933E0A441BC41364E08871
:1049A0009FA4829B0AC08AC3400A6601640118C0A2
:1049B0008365C009A1BB94B40CB582E5A1BBE180BD
:1049C000B0B48265A6B39834F08016B46081170A3B
:1049D00052B5C00314A0800088916C04A1AB88611B
:1049E0001754FA558E138241F4F58B4B420A9F34CB
:1049F0009944E69686131B340613C4170630883391
:104A000040096581933E81411BC485951364885399
:104A10001FA4C4578AC3829B66010AC018C0400AFB
:104A2000C009640194B4836582E5A1BBE1800CB543
:104A30008265A1BB9834B0B416B4A6B3170AF0804F
:104A4000C0036081800052B56C0414A08861889115
:104A5000FA55A1AB824117548B4B8E131B94F4F57E
:104A60008D0581416682424A7FFC55FE139EDFFF21
:104A70000D1E923B59FEFF515FFF7FFD0385FF61D5
:104A80008C1481918405911B4A60951D58A05C008F
:104A90000275DC00DC004C9092BB191D1C005650C6
:104AA000FB305812941B965B88310291819D82AB3A
:104AB0001394FA358C85915BF1A842C2E1DC030ABC
:104AC00058A008551B94DC00E08802446088066406
:104AD000E088165412901213C00A6481FC0C12353F
:104AE000E9C00215FC2C1295F18C461206343213E3
:104AF0001394F080F08002144A60871D58A01C00B7
:104B00008A6B9C008131121B458E8135813D82313B
:104B10008D14FEB582631B148263C467024198CE74
:104B2000854D8E931B34E8158D35819143FE139E80
:104B3000DFFF7FFDFF4106BB7FFD4BFEFFC15FFF37
:104B40008191038591ABACA483AD84055C0048C022
:104B5000DC004A10589002750BADDC004C40926BA3
:104B60004AA21C008C4BFB14029182AB941B8EB3A7
:104B7000FA35859D914B13944C528E450D0AF18464
:104B80000855E1DCDC004A100C941BA412C4E08838
:104B9000164460881463E088670114A01495C00966
:104BA0000C65FC2414A5EA205262FC2C3463F1A4A9
:104BB000F0801294F0800C64936D13941C0048C034
:104BC0009C004A10011188CB856D81615084483268
:104BD000C4040C6040004885D09C421242CAFCF5D7
:104BE0009B44E682C4179213845E88138831029135
:104BF000E6B5819D022A91140C28E010C000400106
:104C0000FF311B6481C17F41136E8B757FB18C5B5B
:104C10000345FF618A9B8111FE1C12A519A491AB6B
:104C2000DC0046A0DC005610FC280A554850915B79
:104C30004C105C000211DC00851D925B91BB80A5CD
:104C4000916BFA6591BBFA25916B8C8542328C454C
:104C50000214F190030AF0808695E1DC02C41B94F3
:104C60000AB4E088146460881213E0886701129027
:104C70001255C0090215FC141295EA204A12FC28AC
:104C80003213F194F0800A54F08002148095835D11
:104C9000893D81859F1480C5E6824A6A9813015533
:104CA000668242BA1B54985BC4178A13848E8A1397
:104CB00082C113649F5488618BCB9714420AE8F534
:104CC00081516686C4179B2454220B85192EF084CB
:104CD000141B84BB7FC1FF2181E58161919BED9411
:104CE000469045944460DC00919BDC005C00586079
:104CF000DC004890816D8261912B80A591CBFC05F1
:104D0000912BFAC591CB8CC542328C850214F1905F
:104D1000030AF08086D5E1DC02541B9414BBE088C2
:104D2000E0880C24E08814C412901213C00A648135
:104D3000FC181265E9C002157C2812954C1296AB3E
:104D40003213F198F0800C64F08002144CCA0155C3
:104D500046CAE0041714E010DC00582002069B2429
:104D60008A13C000E682421AC4179813848E8413F3
:104D7000825119248E238EA3835B97149724EA35DE
:104D80009BB49F14E68A400A00138F341D94C40715
:104D90004CB2C41780B370848111091582AB15041D
:104DA000862B0F3E8C4B163B82031B146790000032
:104DB0008165815188410251882108319FC4881141
:104DC0008845995D93CB80C884C4FCD5841591CB6C
:104DD0005FFD3F2888C4C3FF80F591CB91CB8CC485
:104DE00090C48095F8E591CB801689117C0481D51B
:104DF0008924944B00138B349504E020BC0EFE54A0
:104E00007758BE041B04EFF80F34941B172482114B
:104E10000E038E631B0E8EB3851B8E331EF0F015B2
:104E20000C0CE500DD93F67CFE7C040CEC601EF0BF
:104E3000829B00AB60940034E18402A4820325C409
:104E4000602A400A2984A1714202816140C27BB07C
:104E5000A273FA80F398426240128073CB77729803
:104E6000E0EC02040E042E1F0B1EE194FA90402287
:104E700044422E1F211BFB88EFFC43F6A403201C99
:104E80007398426280084C968000101848AA9F24AC
:104E9000897EE6AA064406233E5EE1840623CA27ED
:104EA000442A823B84C3E012F29844624E22A0C19D
:104EB000CBC7729860EC167438BFCB777FFD45FE88
:104EC00056CAC03F802B6408E0000E1AE180420AF7
:104ED0001FFD57FE0E06403F5758C0000404EFD494
:104EE000D01761E045FE241FC03F7FFDFFA15007A2
:104EF00042CA7C9E7E8EE408E008421A406A0B9407
:104F00000984E028E580420AE188421A6D80420A5D
:104F100041FE922B43FE5FFCC03F1FFC6FD44BE869
:104F2000122B903B4B98903B023BEFD423A4802B59
:104F3000E028446A06CA21841D94E5FCE1FC061AB7
:104F40006580420A421A960B8E1B6188ED80420AE8
:104F50005FFC45FEC00447F6EFD4536847FE3E248D
:104F6000C03F7FFD89B4A774446284937E84F29825
:104F7000442290937C94F298442292A354CA72984B
:104F8000041AE40C420AE0000406E18055FE4000E9
:104F9000C03F1FFC61E006A450A7D0271403A62F32
:104FA0004212FFA145FE7288DFFF7FFC640842CAFF
:104FB000421A8471C7776008E028406AE580420A97
:104FC000E188421AED80420A1FFD43FE41FE5FFF69
:104FD000A11BDFFC0B24824545F8963B0131EFD441
:104FE0004F188E2B8195EFD48E2B0131EFD44EC804
:104FF000963B0B24EFD4452843FEA11D5FFF1FFD08
:10500000DFFC41FE82E5A11B963B0B24EFD44468F4
:1050100060F80414240FC5070131C5174D388E2BD5
:1050200081E5EFD48E2B0131EFD44CE8963B0B2475
:10503000EFD4434860F80414240FC507211DC51799
:105040007FFD45FE0414C7FFFF310188018800047D
:1050500080F8021419844602465AA12B409A60280F
:10506000400AE52647FEE18404065FFC0033C000E9
:10507000E5A6409A4022953B47FE7280A10B9FFC1B
:10508000DFFC47FEF00A403A0C0BA00C0C0CB0F110
:10509000DD93F67C814101B582414954985DC5C4D8
:1050A00080000A06D1B04A52814DCD5E5D93FCD599
:1050B000C1C38101F87C04CC67900A30E6A01830A7
:1050C00081610F4E4806088B03A5E0242066809B73
:1050D00018A3A51B160E40001478D0000001160678
:1050E00006A59000F27D0000484A80B554A2E49CD9
:1050F00065AE90AC0831826104C182518AA8828178
:10510000F8D5956D88D5E5AD82418F44885B033134
:1051100081C103B578040A699478A51BE0881064FE
:105120007C200085E0881274FC240095938D809586
:105130008175809580A5928D78044A71946683C1AB
:1051400082310AA80CA482518D3DFA80A3CDF89536
:105150008101F6C5F07C0CCCC1C3DD93FA7C040C54
:10516000ED901EF0E0841E75A74E9D5EAF2EA13E11
:105170009E14A91EE0200E05E08C1E85E0881E65A9
:10518000E0801EA5820B250E47F8AD1E1F0EE81409
:105190000E0583C14C05E0180E09EB54DC34E058D1
:1051A0000060310EC00B65419E48AB0EE0200E1B27
:1051B0005C589C284C35A9CF4C21EB50C0026D693E
:1051C00004C41E044C13E894C00166B16D6D4C41DB
:1051D0004C51C002C0026D71E8144B2860180E05D6
:1051E0000E29809B90BB604CF0145605E0480E09D8
:1051F00014199BAE81A16034E0900E39E0940E4901
:1052000078185601E7F4030A78105631001081012E
:10521000027004045641E460904B780CF814562157
:10522000E01C0E355001A31E9901604850A1AC0648
:1052300050A1E054AB04E058B124AD14EFE0746821
:105240008D51210B2FC490A5B11480AB6401006077
:10525000047040090165E4A04944823BEC04063037
:10526000A13BC14E1E05FE75A1AB60909D0E96D56B
:10527000E0A4180912C5A10B84601280646012803A
:10528000E48002C064E004C0E5F006C06401006090
:1052900008604009C002650166010A6018604004A8
:1052A000C00667018DBE8F9E895E8BCEFC6EFE4E62
:1052B000B104BE0EA554A744A904BC0EEFE87208C1
:1052C00080AB3114A1AB2FC405E588A5AFC49551BF
:1052D000E0701809EE45A10BE074180996F5A30BD0
:1052E000A114A30400349D24E44000C0A01146543E
:1052F000FC2EFE6E3C1EBE0E2904921B9F24989B22
:1053000065B8B144210BEFD890858F5192CB00AB9B
:1053100000C0F3D5962B66F06FE443C880AB923B98
:105320008265A1AB9D0497511EF000AE025EE59030
:105330000C0C940BDD93F27C028027040460E67071
:1053400040096401924B963BE02C0059FE1EAF04CD
:105350003114A71EFC6EA001992EBE2E8E1B3C1E82
:10536000A324970EEFE0480880AB1D04995121ABB0
:10537000239EF69564D10E802B04C0022D14962B2B
:10538000A7348E4BEFE06D48A1AB80AB79C58AA501
:1053900012099D5192CB6070D605A10B60580E0981
:1053A000650004600660C002400466016701086091
:1053B0005B78C0068C1B68109151210BAFC4D0B52F
:1053C0001809B114A10BE070020BD045E4A00470E1
:1053D000640106608C1B4009EFFC65E880AB31146A
:1053E00093512FC42D7EE91566310480A574C00148
:1053F000FC2E999400702B2E3E9EE440E17C02042A
:10540000962B7717820323340A042F04155EE114C8
:1054100031048E4BE7000200A904BC0EE8044808E2
:10542000A1AB80AB0AF660352F04C000AD24963BDB
:105430000009A1148F2EE304B0112B248D2EA34458
:105440008B6EB124FE2E899E9F6495243E7EFC2E99
:10545000BC0E8C5B9724A904EFE04BA8A1AB80ABFA
:105460000B4658752F04C00021748C2BAB64963BFF
:1054700000002D940270E7108C4BE4406FE058E878
:1054800000AB925B21AB8E2B52D5927BC0000BC63A
:1054900008802F04C003649164700220162B849B43
:1054A000254E8E3BE7200000EFF47828A1AB80ABBF
:1054B0000BD64E75120BC0002534961B4CB88E2BA4
:1054C00080ABE8044C15A1ABC0000BE61215AF741D
:1054D000122BE010A994E03C0E0BB1440E39E18888
:1054E000919EE3208D2E8F4E9F148B1E0070090E0F
:1054F000A344E7309B14FE1EA534FC3E0410275441
:105500003E3EE440BC6E963BEFF843A8A1AB80ABB7
:105510005FFC30B8C0000BF663800E196450088041
:10552000120BC004A534962BEFFC5C684A0600AB56
:10553000DFA5E000FA7C040CEC301EF082AB1914FD
:10554000849B1574866B3E5E88BB7C1E604012890E
:1055500047F8941B8E3B6800E044120982E5A60DD3
:105560008665A90B8C25AD0BAF0B7CB4100B9A157F
:1055700061F88E1BA30DEFD88D158C258E45A50BDC
:10558000A70B7CB402609695900B64206FDC4108F9
:10559000A30D8E2B8B3582258E1B100BEFD860A8A8
:1055A000A30D7CB43E6492958E1B900B6FD861A8BE
:1055B000100B8C2B69B88E1B8C2B6FD8921B140B85
:1055C0006FD86D6887B58C2B642002607EF8900BD5
:1055D0008E2B6FD8A30D7CB43E648C558E1B900B24
:1055E0006FD86008100B8C2B6A788E1B8C2B6FD8B1
:1055F0000E098565C0056FD184E5A10B67FD0E1509
:105600009704C0016FC90E290E39C005C0056FCDC2
:1056100060090E4BC21EC003E0105615E05856211B
:10562000E05C5631E03056436FD85B487CB48E0B5B
:1056300080B5A30D8E0B3E14EFD8634898F101019D
:1056400040162C0E2E0EE0000C0C8101DD93F27C36
:10565000FA7C044C846B028B867B6028A008A2181D
:10566000E810626860581019A204802B6678E03454
:10567000C8176810E0440C199C55A51B4E05E01492
:10568000C00167DDE0180C0B98349A2467E14E15D1
:105690000C19C0014E03E038C0026FE1E0540C0960
:1056A00067E94E254E35C001C00167ED6FC94E1147
:1056B000A10B4005603C0C190C2981010C39E0401C
:1056C0004E11E048C0056FCD6FD14E014E21C0058F
:1056D000C0056FD56FD94E31B0A5C00560510C091A
:1056E00002604001C0036491E08804047C08023534
:1056F000F08848124E358463400167F9E08406045F
:1057000060600845065B82338013612068014E4566
:105710008341400160094E530C25C003063BE1BCA8
:105720004E41E150C0056FD167FD4E254E33C0019B
:10573000C003600DE300020960214E010209C006AA
:105740004E01E330C0066025E360020960294E0186
:105750000209C0064E01E390C006602D0C29914558
:1057600006706040E014E470E0104E0508241A044E
:105770004E15E08886436014603C0E59E084102486
:105780008C0B100E701500158683400260540CC9F6
:10579000445A84334815E68A001BE100C00478119E
:1057A000781900495013C008425264004641FBB0CA
:1057B00058726A000049F088C0087815EC0046115C
:1057C000EB004641781100494641C00808246D00AD
:1057D0000059E084400878090E43C427047084739C
:1057E00040076771677108404651C01106C06E00DE
:1057F000C0136770815107657C1400C96490106004
:105800000EC4C0031095E08854827C1C8C73F09CFD
:105810007801449512C4400214A5E084909360601E
:10582000612012BB44A5988348B3E400C00278010C
:10583000E1BC0E75E150129B4E32497E519CF094B2
:1058400010C982519CC6E300E33010C9E4004EC188
:10585000E36010C9E8004EC1E39010C9EC004EC1EE
:10586000F275835DF27C0C4CC1C3DD93FA7C040CB1
:10587000EC901EF084BB0B1E80AB2B1481813C5E30
:10588000866B3E4E8D1EAE04AF74A514FE1EA7940B
:105890004FB88F8E1639E810981AE094A53B9A2AD3
:1058A000E0105213E0145223090E8A557401000EC1
:1058B000BE7EC0078301260E85017C0E2D64A18C5F
:1058C000FA800204940B29748D34FE24E8004D28DC
:1058D00060941619122B940B49988C3B0B64E800CA
:1058E0001629940B8E4B6090E094161968004E8830
:1058F0008D148C3B8904BE748F05FC941619A33457
:10590000CC28E0908295C51DC51DCE2800141E65CB
:105910008000122600181E15800050C6090E96E55C
:10592000F084403260200019E47004F0E1200009A6
:1059300060805E11E48002F060845E0159788C0B17
:10594000A10BE800008B80E58B64879189048D149E
:105950000F048955E47004F0608402040C13C4073A
:10596000021B80630C05E2485213E02402F0602819
:10597000A60EE48057B8BE648C0B68008B11210B17
:1059800088F5FC1E04F00F04FE14E4700215C40731
:105990008C036010E024000502F00203E60EE480B0
:1059A0005658BC648C0B68008475A10B8C1B0F04CB
:1059B00004F02164C207E47002F00203000BE480EB
:1059C0005203E0188C0B603CE80055288465A10B5D
:1059D000808B0B648B910D14021B89044418E1A881
:1059E0004C03EFE0900B6018C8F11C8E0C0C9E9ECF
:1059F000DD93F27CBE7E8F048063C207E0180C0B3F
:105A0000E0385203E0941609C1C3EBB5FA04044C24
:105A1000843B066B4406027B0C0BE00057B8861BE8
:105A2000A67DEFD0A97B8225AD7B80A5AF7B8225AB
:105A300001858695A57B8101A77B8285810184D51F
:105A40004C03DA0E020660284C13E10081D5E038E1
:105A5000DA0E8101E0284C0360304C03E1000006BF
:105A6000E0384C03E03C4C03F2040C4CC1C3DD9322
:105A7000FA0C040C847B066B4446028B0C0BE00C86
:105A800054988E1BAD8BEFD0E00C101AED80420ABB
:105A90008000000680704C01A58B82E5012182B553
:105AA000E480006060704C21E4B002700C0C99211D
:105AB0001318F20C0C0CFFD0DD93F20CF83C044CE4
:105AC0008C35A51B6FD106090619C005C0056FD915
:105AD0006FC906290659C00540056FCD4811A10BB5
:105AE0004821E0344851E0204801E0249AC5E030E4
:105AF00067F90605061BC001C0036009602D062971
:105B00004805C0064813E0100605E0E0C001680142
:105B1000600D061B4821C0034805E2804813E040A1
:105B20008B45E110603C0659F08840326E700019D8
:105B3000E680184081710161E0344811EA70001973
:105B4000E0204811EB700019E0244811E68A425A1F
:105B5000EC70000960840414E0880A1410028623A3
:105B600000106C30C0166770677102200450400F3F
:105B7000C00B677160304881E5000A40029B8535A3
:105B800050327C181085F08840047801F09854C297
:105B900078605493F098521278304A850685846173
:105BA00088217C08E400129B5032558E5493F09C5F
:105BB00052C278301089F09C82717C000889A486DA
:105BC0001084E030917DFA800C4CF675DD93F03C4A
:105BD000F88C040C60384611462181510430603C39
:105BE000C001647060184653647018300C30C002F5
:105BF00040026671E00C43F681710325790044553B
:105C0000F09C5062F15CC95E63005071A0568271D5
:105C1000E1005051E2005051E4005011E1000E0A41
:105C20000430FAD540166771E010180649568145D0
:105C3000EC0418C0FE95A1CB67F14655040640015F
:105C40004655EFF0C00167ED67E946554611C001C2
:105C500040056FD94623881BC0026FE9602D46516D
:105C60000C0CC0062438F08CC1C3FFD4F81C040C03
:105C7000E0180079E0280039E02000C908700668C3
:105C80004A3AEC040049E6920089E0145252601C42
:105C90000059F0B081016024D26D041840C6080E8E
:105CA0008E55E000EC041240E6A6525AD21D9093A5
:105CB000D96D8C75D11D8C35A13B8AF5A15B8AA568
:105CC00052C28A65128AF9A088D5F0008895F07DC5
:105CD0008855F44DEC081240F4F4130AE57D86B5BE
:105CE0004E328675A27FF9940E8AAC7F8495F000BF
:105CF0004E1AB013A17BE116B86382F5E10E586A23
:105D00008255A1CBE00E406AE016421AE692400AA4
:105D1000080E82030C0C8101DD93F01CFA7C040C4C
:105D2000ED501EF080AB3D048191255E848B154EB5
:105D30001630130E3B04E520E0080D068171211E8C
:105D4000A30EA99E270EB904650100A01B0EC00278
:105D5000660100A0190EC004670100A0170EC0065E
:105D6000640100A01F0EC009650100A01D0EC00B3C
:105D70008D8581019855A10B78901603AC12945B28
:105D8000A734A52472F8A344A10BEFDCA13494F549
:105D900016039D44AC12F890E03016238B4E8C38DD
:105DA000A7549F449744894E9944FE4E9B44FC4E11
:105DB000BCAEBE4E7438A544A10BEFDC93448EF507
:105DC0001603A1342C12F890F0A44A426030162336
:105DD0008E388C43E0510F5E094E8B5EE54008F033
:105DE0009D44FE4EA754915E9F44FC4EBCAEBE4EF9
:105DF00079789544A10BEFDCA904883511048FC490
:105E00000034A30BC0000006C0005835C0605835F0
:105E1000A14484B5160393245058F890E58008C037
:105E20000423AC12894EFC18FECEA744BE4EFCAE35
:105E30003C4E95446BD883410271EFD804B18891F0
:105E4000A2188461E4F5837DE5501EF0F27C0C0C11
:105E5000C1C3DD93FE7C040CEC601EF084AB06B87D
:105E60006010002302149941000B81513E0EE01492
:105E7000E760003041568145EC040840FE95A14B97
:105E80006C0400107FFC49EE3E04CFFFE410414A51
:105E9000E00404DAED80420AEC0400006FF9015AD4
:105EA00040C6400F420AE000175AED80420AE43033
:105EB0000006ED80BC0EC000800013C8600A402EB2
:105EC000E7601230E6A01030E502441AE582481A75
:105ED0000224092E7E4EE184E0FC0044C347201FCB
:105EE0008B4EFC1E2012A535A8348101401AA01D3E
:105EF000423AC686403AE5820414E5020620F6805E
:105F0000050A6C80005BE47CFB8C48226C7C0642BA
:105F10009C004A10688C18544A0081510C341C00B3
:105F20000E54EC00A6436F8C789C4C62EC04084243
:105F3000ACCF0B64689008C4483BA75F4D4ACACBFE
:105F40004C1AE40C8C3B600C420A7C644D6AE58080
:105F5000421AE430420AE1884052ED804E205098C7
:105F600008F5DC00D28C42420865A12B80000E06A9
:105F70006C040E200F0A803B4610E47C02201C00BB
:105F80004472EC8400067B840222C0000804EC7C8E
:105F90000A146F842223EC00233FA30FF890485289
:105FA000A83F0B146C040422A53F8C03F2844232F8
:105FB000FE348924EFCC47280070002B0870E42CB5
:105FC000010A6C540331E47CFB9048020000060691
:105FD000E48000CA6200000CEC7C0A426F94180452
:105FE000EC000C54AB3F2A4378B05862EC040842F2
:105FF000AB0F383F44AA293F471DE400E00C41F6AF
:10600000E00C421AE580420AE188421AED80420A19
:10601000A11B9EC5BE448EF5F6800024F680024486
:10602000028A80139075E48064740F0A9C15834182
:10603000BD113E04402AAE13044466820270E88417
:1060400004206408A32FEC04F808460298D5853B89
:106050006C800610E47C030A461201210416FB8CB6
:1060600002CA4000080CE480023262000A44EC7C60
:1060700018146F842233EC004AC2A32FA34F7894E4
:1060800006322A2F272FEC0481118803422207555C
:10609000040BF284BE248131EFCC49686408067099
:1060A000070A812101E5E47CC0000416640806703B
:1060B000E512402A6592422AE47C070A04068321FD
:1060C0000870800006CA6C780A0CE48048326200CE
:1060D0000642FB901854EC7C0C346F8C2643EC0089
:1060E0005862A72FA75F78B00842382F292FEC04F9
:1060F00042128A034C78F28804706FCC008AE40C58
:1061000041F6E7FCA11B000CC00C41F616B0A4063A
:1061100082916C04848108A102448195867168840F
:10612000EF0F820300027F45A1BBEFFCDFFC2DD8FF
:10613000B0F13C04F67C0C0CC1C3DD93F804040CF4
:1061400080CB061D7A0C4C12FB0442321C005820F6
:10615000F18446621C004400670FFF01E17C0CC41F
:10616000698C0EC4F89840028403AE0F79084C0283
:10617000F9304E02A16D8E6F040484F5BF6170800A
:106180004662632F4229F18C0424A7CF06C476808F
:106190000420FC7C4222EC042263F1846D3FA30FB7
:1061A0000335841BA31D860341FC04241FFC41FE10
:1061B0000275DFFFD088400260010606C307600059
:1061C0000210062FA40FEC04941E900EF0040C0C89
:1061D000C1C3DD93FA7C040CEC701EF0889B1D3467
:1061E000826B00CB5022062D5890FA0C52001C00F6
:1061F00021049C00FB084632718C54829C004C5058
:106200004A107ECE0D0E9C001F048C1B095E942B41
:106210000B0E868B4378980B007BEFCC7F0182BB03
:106220007CAEFF1142F8942B09A4EFCCE17C04640E
:1062300078884002F8884212B61F2E0F56023E6E32
:106240004E12F0A44072F2A842727928820FF91817
:106250009835A10DE17C0274F08440B272844472DE
:10626000441FC20F40F8902B211BEFCC0014BFC17C
:10627000811156809C0440009680000484800000B8
:10628000EC040C0044627C840020F1A0050A6C80C0
:106290004822E47C42B07B8000429C0056706C7CBB
:1062A00006149C000A046F804652EC00A1BF788C53
:1062B0004EB27EB447F6F98CB0C3600071A04A328A
:1062C0000B0AA0435852647C1EB5FBB0965B0004D9
:1062D0006C041042EC7C08C240000A06EC00144436
:1062E0006F9012541014B17F40A2688002B4F8A4D9
:1062F000A8C3689000C2201F211FEC04E89000543E
:106300007C7C0214F1884432EFC87BE803D590030B
:10631000F29C4212FF01238D020682F560006001AB
:10632000E0FC0074C37743B7B60F02AF79A842729E
:10633000EC040C807FA781A57FFD43FE0121DFFFD8
:1063400042229403906B7284880E8B240D048A1E63
:10635000806EB8F1F27C0C0CC1C3DD93FA7C044C66
:10636000887B0A6B76801424E00048C6B443195138
:10637000090A34534A42E47C81C17B946C7C085204
:106380009C00580000000006E4B012106F9002C498
:10639000EC001644788442B22853A90F0252A20F8F
:1063A00086A36C0468840204E89000C46FC85B088C
:1063B00081818131FF213493849D1E1E82859C0E34
:1063C000128A189E8A55E0FC6FC87428ECF8049075
:1063D00051E60525322BE000050A803B4610E47C9F
:1063E000C1111C004222B2130412FB840834EC7C5D
:1063F000813168881C004600EC000A246F88003454
:106400004052A413204FF880EC040012688002442C
:10641000E88800349E1E9C0E0C4C988EDD93F27C16
:10642000F87C040C887B52C4F0140E65E682521A84
:106430006090580A041683C1A16B400044C20DB499
:1064400012249188423AA32B8FA4E6860824118453
:1064500019C49B808088084410904E72E08808140C
:106460000A70147E2C5EE41017649071F0904A72EA
:106470001490285E0A94E40C12A460887D97E17C55
:10648000F0945672F97112A3708452B2209E8EAFAE
:10649000103494B31204608854B2E08850B270A0F3
:1064A00018AEF0A4303E9033E0E0440A0206133404
:1064B0009524C000C000461586018295E17C180431
:1064C0009803FDC780838E0F8A83104390130C4E70
:1064D0000C0C881EDD93F07CFA7C044C88AB027BAC
:1064E000617C10741003866B527284BB509FF2A0C3
:1064F000100BC08F6C78921BA11BEFC8D6800014C4
:106500009C04400096800004848000006080010AA2
:10651000EC8402008255A81E41FE7F77DFFF7FFDDD
:1065200081010073A80E987E561B85158203902B5F
:106530006C800200E47C010A7B844002C0000406F7
:106540006C7C02029C0050906F840424EC000614C2
:1065500044322203238FF888EC040002A17D248FAB
:10656000E8800084D18000040C4C980EDD93F27C0E
:10657000FA7C044C827B0A6B617C0264E17C0674C9
:1065800081A10243586211B40603F284F90450C297
:10659000728C4A725842C60FC65F7904E5B2420A4D
:1065A000E532465AE5B2485A428A02334842E50289
:1065B000528A72A80613E582E522465A72A448421E
:1065C000E5A24A5A708C5042E532400AF2A848527D
:1065D000F99046828E85A13B06440F2E4A82E17CCB
:1065E0005842F08C07CBF28C06C4C6CF90CB5680B5
:1065F000990C4A529680065484800630EC040A3086
:10660000E47C0B0A1C005840EC8408307B904A5212
:10661000C0001006EC7C08526F901284EC00144409
:1066200052A229CF2853F8A41216B2CF0A526004FE
:106630002693EC04E89414C4922B298FEFC8624887
:10664000B41F0F2481A1300F01E584B3A11DB2B3A3
:1066500056B2026504B39088E0FC0614C3174307E2
:1066600016B0260F21BDEC04E00004B21FFD43FE6E
:1066700041FE5FFF048ADFFCFF8160FC603880F52B
:1066800004206FC845E6ECF84E6FE000F18048A2A8
:10669000906D13544040154446A29C004230F38450
:1066A000961E9C00902E940EF27C0C4CC1C3DD9380
:1066B000FA04044C807B026B811158046BC804F609
:1066C000581881310404EFC8C21761FC7C7C0004B7
:1066D0008403A22F7C7C02040013FF077001000ECC
:1066E000411DCFFFE1C000140000581E803F0FFD88
:1066F00045F65C144022C3FC009AD180C03F634D34
:10670000200100F8DD1740006D8D0000401AC03EEA
:10671000871166826686400AE0144306009A8FA5B8
:10672000C03F61C9200100E80000C000C03C6F2DDF
:106730006682401A400A8711028666868D95E0308F
:1067400061BD009A00E8C03EC00020016D750000E8
:10675000401AC038871166826686400AE080038648
:10676000009A8B85C03C6071200100E80000C000E9
:10677000C0306DF56682401A400A8711038666862E
:106780008975E12861C9009A00E8C037C00020017E
:106790006F290000401AC024871166826686400A6D
:1067A000E2540306009A8765C02F6149200100E882
:1067B0000000C000C0166FC96682401A400A8711E7
:1067C000020666868555E41063F9009A00E8C02247
:1067D000C00020016D590000401AC00A871166826E
:1067E0006686400AE62842060721834562D9009A58
:1067F000421AC012400AE68A4000268729594306F9
:106800000000C00080022DB92686400AA824020696
:10681000E086400AD1800004F2040C4CC1C3DD9331
:10682000FA04044CE0300229E090440AC00000065B
:10683000C0004205842480F50416A12B402280006C
:10684000442A9180E4500C108171230BC4278111DC
:1068500090884C626FC86C08987E8C0BF2040C4CCC
:10686000C1C3DD93FE7C040C6C611EF0133EC001BD
:106870000E09807B8121604C60BC5E255E25886BA3
:1068800081A160B40AF01D0EC00164515E25DC34A4
:106890005E25E0AC5E25E09CA13B608C06343F2E7B
:1068A0005E25C1545E25E1045E25E1005E25E0FC25
:1068B0005E25E0F85E25E0F45E25E0F05E25E0EC84
:1068C0005E25E0E85E25E0E45E25E0E05E25E0DCB4
:1068D0005E25E0D85E25E0D45E25E0D05E25E0CCE4
:1068E0005E25E0C85E25E0C45E25E0C05E25E0B818
:1068F0005E25E0B05E25E0A85E25E0A45E25E09878
:106900005E25E0945E25E088BD2EE084443ABB2EEF
:106910008731468E800C0E25E0500E090424971E08
:10692000A32D8138C40004068121192E9314982EBA
:1069300060204231042E8131E7C002F004F00D1EC8
:106940000B2EE7D0E7E002F004F0091E7E2EE7F000
:10695000640102F07C1EC001641104F03E2EC001EF
:10696000643102F03C1EC001910E832197449D14B6
:10697000EFFC5588E1141E05AB0B8004E008001AFB
:10698000ED80420AC0003C58E10C1E05A10B8004BA
:10699000800000B680004C0580003BB8676000F0C6
:1069A00064400AF00D0EC001E77000F000F00B0E1D
:1069B000090EE780E79000F000F07E0E7C0EE7A065
:1069C000E7B000F000F03E0EC001642181213C0ED2
:1069D0008131110497449D14EFFC5248E1101E05CB
:1069E000AB0B8004E008001AED80420AC1141E05BA
:1069F000C0000005C000342861081E05E58008F0CD
:106A0000610C1E15E5700AF08004813181110424A7
:106A1000EFFC4A6806F03314B104E5307C3EAF2445
:106A2000E54006F0804B3E3E825B3C2EEFFC5A2850
:106A300081611B7E2FB891540E09E00081116040E6
:106A4000E09C5E15E0885E1540003D1E1E05F3F8D3
:106A5000AD0B60F4E0985E15E0945E15E08C5E1579
:106A6000E0845E15BB1EBF1E88F5956E60F01E3576
:106A7000E7100CF018F00044AB14E6C07C6E8C30CC
:106A8000E17C0A44A904BECEBC3EA724EFFC5728F3
:106A900060B41E15E70006F060B01E051E258C4B85
:106AA00051B8E0C41E25EFFC1E35E0DC1E05E0D821
:106AB0001E15E0C08195E0C4E0F01E15E0DC1E2547
:106AC000E0D81E358410800408F008240C30E5C09E
:106AD000E5B00AF0EFF87348819101810E09A9D55C
:106AE0004000E040AD0BF3F81E358A750CF060F8FD
:106AF0001E05E71018F060FCAB14E6C0FC2406315C
:106B0000FC200045BECEFC6E0A442904A724E17C8B
:106B100052F8BC3E1E15EFFC06F060B41E05E700FF
:106B20008C4B60B0E0C41E25EFFC4D88E0E41E25D0
:106B3000E0E01E35E0C01E05E0C41E151E0581D52F
:106B40001E15E0FC1E25E0F81E35E0E40005E0E03F
:106B50000211FC200425FC2408F07C200631E750BB
:106B60000AF07C246EB8E7401E25EFF8A32DE0D490
:106B7000DC04809582C5A10B60D01E1508F0840B43
:106B80000AF067501924E7406D989D311E25EFF8F3
:106B90001E35E0D408F060D00AF0E6A083016690CC
:106BA0006FF87DE80E0981114000E040AD0BF3F86D
:106BB0001E358AF50CF061001E05E71018F061041F
:106BC000B314E6C0FC240631FC200045BECEFC6EAA
:106BD0000A443104AF24E17C4CB8BC3E1E15EFFCE6
:106BE00006F060B41E05E7008C4B60B0E0C41E25C3
:106BF000EFFC4748E0EC1E15E0E81E25E0C01E054E
:106C0000FC200245E0C41E15FC2404311E0583153A
:106C10001E35E1041E15E0E81E25E0EC0005E1004C
:106C20000245FC200411FC200631FC24282BFC2406
:106C3000E73008F06FF86848E7200AF0A58EA39EB9
:106C4000A10BDC041714842553388E0B1E05EFFCB2
:106C5000802B60CC60C81E15E73008F067200AF072
:106C600066D89D311E65EFF812F060CC1E35E74006
:106C70000EF060C8FC9EE6E00A643E7E1E15E17CD4
:106C80008C4B60ACE0A81E05E0A41E25BC3E9F3ED8
:106C900046F8A15E1EB5EFFC1E85E0BC1EA5E0B85F
:106CA000961BE0D06D38900B942B6FC4E00002CAA5
:106CB000E000021A670500EA420AC927421AE58085
:106CC000420AE18882A5ED80727D100681014002B2
:106CD00060B85E855E0581A181B160BCE0D05E05D3
:106CE000609C1E15E65006F006F07C3E3E3EE660D7
:106CF0001E05904B965B6098E0941E2566B8BCAE6E
:106D00001F34EFF8FC9E8C4B1E15BE7E1E05E0BCAA
:106D10001E25E0B8BC3EE0D042B8A1541E35EFFCC1
:106D200018F060D07CCEE610E62018F01E15BECE1E
:106D30001E05E08C1E25E0881E55E0841E45E0BC43
:106D4000BC3EE0B8EFF8648860A41E35E5D018F0CA
:106D500018F07CCEBECEE5E0BD04BF141E55BB24AA
:106D60001E45E0ACBC3EE0A8EFF86368A584A394A0
:106D700082919B749D0488812B28930B3944DFFCFE
:106D8000E5D00CF00EF03734FC6EE5E00A443E7EB0
:106D9000BF14E17CBB24BD047EB8BC3E7C6EEFF822
:106DA0003E7E81313F148341BD048151BC3EBB24F2
:106DB000EFF8612881513904BB94B7143D44BF34C6
:106DC000E9840404F6800C24376EBE61F1844262CB
:106DD0006C800410E47C030A7B8850129C004A00FB
:106DE0006C7C0E82817C00046F9C0254EC00047465
:106DF00054220C9D1604F884AE83689C82A5A55E7F
:106E0000719844926238880B861B6FC4823B004B9A
:106E10008C9B3D4EBB6EBF3EB4BF379D148202F5C6
:106E20000490EC04880B6C286FC46128004B861B0F
:106E30003D4E9591BF3E823B2524BB9EF98C40423E
:106E400002B4210B0235E8A8E89C0024834101210B
:106E500083213F2E81313D2E6FC445A83F1E882BD4
:106E60001E15B2630EF0609C1E35E6601E25E0988C
:106E70003B6EE094E6500CF0860B3D0E864B7C6E2C
:106E8000825B3E7E7758BC2EBB34EFF8BE7EFC6E34
:106E9000E09C1E15E0981E05E0941E25BD44BF54DD
:106EA0007678BC3E1E35EFF881716098E09C1E55E7
:106EB000E08C1E1560941E35F18C487273944A72F2
:106EC000E61018F018F07CCEBECEE620E0881E0555
:106ED000E0841E2557F8BC3E1E65EFF8FF01608C6C
:106EE000E0841E851E95806D0C0640885E758000CE
:106EF0008C1B008C00885E751206902B5A788000DF
:106F0000920B6FC4E00002CAE000021A640100EABA
:106F1000420AC100421AE580420AE1888225ED80DA
:106F2000608C5E755E05FF0181A16088FF0103052D
:106F3000E044108A048082F5920B6C406FC458883C
:106F400081A18C1BE08C5E15E0885E0591549B74DA
:106F5000210185553003E1114402B013010A7B84FD
:106F6000121BE47CEC7C0022400002069C00526074
:106F70006F800614EC000804A19F202346421154A0
:106F8000269FF88CEC04042200141B74259FE880D3
:106F90005E0581A15E95E0889564E08C1E259334A2
:106FA0001E45E104026460F81E35E0888613610026
:106FB0008261460E1E159DC400C4E0FC98336088B3
:106FC0008013002361045E251E2598435E35E0F49E
:106FD0001E35E1005E15E0F0882160FCE0EC1E1536
:106FE00060F45E251E2582315E45E0E4801360F882
:106FF000E0E81E4560DC1E055E3580231E35E0F0AE
:10700000984360E060EC5E151E1588015E25E0D8AF
:10701000983360E460E85E455E35A121821160E04E
:10702000E0845E25E0DC5E05E0D85E1510688B6BC1
:107030001304DFFC01B5811141249801EC040A50CE
:10704000454A9E34040CE40C8413E200FCD5A15B99
:10705000E0580E091E059334811D6114E200040CF2
:107060008EAE8C2E4611800489116024A50B9324CA
:10707000C0000266E0204411A50B17349314864526
:10708000A31B8414CE1480E5E094424A00300E2500
:107090000E198430AD1BE040400C0615C4300030A2
:1070A000AB0B8AF5800C06059C940004800C460509
:1070B000E1101E05A51B80140E1982750410E04016
:1070C000A11B6C18E40804DAED80420ACE1488F59E
:1070D000E0440E29F0C042104410292BCE2EFC04AF
:1070E000800480F54210A50B46159C0CCE14800C34
:1070F000E094420A00308205892164309121812583
:10710000801EA41FE0500E09420193141EF0E028D7
:10711000C0016461F67C0C0CA31BDD939314FA355B
:10712000A31B8414FD45F4A5FA7C040CEDF01EF0BD
:10713000829B233EE0981E35A50EAB4E0619A73E56
:107140001EB5E0900089E0A88013E04860700261FD
:10715000AC1E8111E0105615E04C0019A91EE62462
:10716000605000A9E080440A975ECE78241482E53E
:10717000E084441A020CA11BA41EE200A0000078C7
:10718000921B0101EFF874E8440AE6240016E08837
:10719000429040007458DC0000F0CFF80AF06560BF
:1071A0000D0EE5D0E59000F000F00B0E090EE57035
:1071B000E5A000F000F07E0E7C0EE580E5B000F06A
:1071C00000F03E0E3C0EE5C0291483210C3B940BCD
:1071D0005278924B6604EFF8E1318111E08C400A5D
:1071E000C0741E05C00040151205A7440819C00C44
:1071F000860FE0942554E60EFC1044101FE8AB2BDC
:10720000159EC0001C08A16DBB04C000A50B800426
:1072100080001F5860A01E051470C8770025E44048
:107220009404E010FF0100230024802D520AC1AC19
:107230008215C12AD707A40B400AA00B1200E1AAAD
:107240000A09EC04400AE0644420E094400713FD7E
:10725000C0C0069440281E25D988463240084435CF
:107260000A19AB1B08258068AB34E018529223142E
:107270000C2490848418E120A71B5218062982153B
:10728000851BE02C062984158175E028E024062959
:107290008235851BE0200629821102214C2A9F1E7F
:1072A0008135E69A9F1E83118825A16B02641F24F5
:1072B000832DE08408158685400A60209D6EE08855
:1072C000E6A2461A84D59B3E403A9F24813166A2AD
:1072D000600A442EE17C02047758932E0414EFC018
:1072E000A12BE1940C248E2587E5F680AC0E890154
:1072F0001F04B155E194023476800214E000440684
:107300008EBB1F7476800004E5E00AF00010202395
:10731000192EEC183344802D9188420208840034E1
:107320008414021051804222C000045600342D34CF
:10733000400AC9044222669EBD1ED1848C3090242E
:10734000E09A400AEFF46FC8AD14BD04407E840695
:10735000930EE01E04048DA506146194A62FE0ECA4
:10736000F6800C240460C061804B6C14647C050AB8
:1073700048108EBB02601C001D74EC94FB844222FA
:10738000EC7C0612688C0A444800814118341C00C9
:107390000044EC00447A6F8C40C2E6AAA6137880C1
:1073A0000012205F0254EC0400446880442AE88CF8
:1073B0008131669EEFC06728802B2704AB2EC00862
:1073C0004E62A31E840B71806FC075E81D648E2B06
:1073D0000014A11B0004D68000009680AE038480B8
:1073E000E080010AC0541E05421682952B04E0007D
:1073F000F1804412A314A12EEFC07468A273A114EB
:107400000AF03344AD14E5E09024BD7E8E1B0430B9
:10741000EFF4696846061F24BD04E0000424AD149F
:10742000A433F680993E8406609C1E0525549EB1C7
:10743000A74481C1406AAB0E926B669A93B5910ED8
:10744000F0844492040CD52D0A29E200A40F606454
:10745000FBFC000A444A80858665E090E17C066476
:107460000663963F956D943B40000606E08C440A07
:1074700040541E350464A6634422E0880420D08C66
:10748000C00904019090442284A0042084738824BD
:1074900082110261F4B5838BFBFC000A0A0980C5E6
:1074A000404AE06498A5E09000741B141934E094FD
:1074B000E0880AC4A203B744F0800404E1940224E3
:1074C000F6800214EC1802104212823D0424918CC2
:1074D0000210088442328414065651840424C000E9
:1074E000423249041F34D1849D04A10D442ABD1E9B
:1074F000B134E68EE082402A7C14082506318A43A6
:10750000215EFC30D18000040AF023CE6178E5E0F2
:10751000A3C4EFF4BD14B10480169803A744A55486
:10752000E0640A09E084404A93048885B544A124B4
:10753000E69E400A847B2F34F6800204A41D115479
:1075400080000206CC080210A30F3D1E7C1C0825FB
:10755000400A8E430AF060160631E5E05EF8FC3022
:10756000A3C4EFF4BD14AF0480169803A744A55438
:10757000909302C181CBA90440000E06C000020610
:10758000000662559714C0000A49B9348408E054D3
:107590008C248618E682401AE4040220E692480A07
:1075A000891B8C1E3B0480D5801E85118365953414
:1075B000A12D1534A10B84750A2984250424E040EB
:1075C000040AFC008255F018E182401A1E05A10B46
:1075D00002560074401580000A098000400AE064E9
:1075E0008285E0808014BB040615A51B4210800C28
:1075F00046159C108311000C1EF0801E0C0CE5F04B
:10760000DD93F27CFA9C040C605000190029826B17
:1076100081C1604C0A1090CE0E14640C0059E088B1
:1076200052506064C00173F06686502A48C5927358
:107630001280E010C487640C73F15290907341FF84
:1076400060844A0A10069273404000014C85907194
:10765000529240044E7290A0100610A44CC58000B7
:10766000127400044A0AE188B28F60800E741A8E88
:1076700010848084A8711CC400044C85DCC0108474
:1076800040044C8560440E8A08A5C018800000663E
:10769000E040007986D5EE7DE00C1036E49C504A3F
:1076A00000898635F38DE048007604C506898000A0
:1076B000FC8DE02C068982B5FC8DE024068982359C
:1076C000FC8DE028063980B5FF3DE02001358215AC
:1076D000930191010C0C900EDD93F29C6044000923
:1076E00018CEE0274C25A22F2B0BE010FEAC01F6A4
:1076F0008101580E000001065A0EAD7BDC94000497
:10770000400C4C05E0804A4A40000006DC00426024
:10771000CFF848888C1B0301F29C0C0CFFF808285A
:10772000FA3C040CEC201EF0829B006B0E603E2E97
:10773000088BEC043C9E86AB01218101014189311B
:1077400056988E1B8C5B6FCC82B5A10B81013EAE2F
:1077500081213C9E814111318C5B0E1BEFCC55C8C1
:1077600080A5A10B0C0C90F1DD93F23C81013E8EC3
:1077700081213C9E814121318C5B0E1BEFCC54C892
:107780000C0C90F1DD93F23C8605A11B880DFF41A6
:10779000C1AC0804C106484AD190481217800804B9
:1077A00073FC40000844C0070840812C424A84040E
:1077B0008816E18681010C0E5D93DD93E00840960A
:1077C000FE7C040CECE01EF0886B00BB6018168990
:1077D000067B844B04F082AB06F064D0094EE4A033
:1077E0007D38880B901B6FFC64C004F0E49006F0B9
:1077F000901B140BEFFC7CA864B004F0E48006F04E
:107800008E0B0B7E6FFC7C281E09901B98B160D0FC
:1078100060C01E39E084048460B01E59420796237C
:10782000EC080420708042B20010C2374EB26C08DF
:10783000570DF08C4257849B9C0052006C080070DE
:10784000F09446B2845B570D1C004A00EC080030EF
:1078500084CB570D58001504FC0E9C000B048904C2
:10786000130481ABE000541AED84400A9104BE0E6B
:1078700081013C0E9195FE0E8AAB0F8E8E5B048AC1
:10788000A40A8D9E8994FC74400AB0030F2A669E58
:10789000C0086400521A8B740E00601CC00464009F
:1078A000400D4126D7774000400D5E058C9B40007F
:1078B00020000188A0000C06B00A8C6AAC03BC440E
:1078C0006692400A6400091A4926C008C000200DCB
:1078D000200D5E4500004000C00464018063D707AE
:1078E00006258E8380000E06824B147ABE14A80AE9
:1078F000400AAE03031A6686C0086400200D4326C2
:107900005E15C0004000200D640100005707C00450
:107910008073881B7B800064FB800C847A804C62BF
:10792000E40800107B800274E408411A7A9842123D
:10793000591C926B4200961B00503C00411AE4080F
:10794000967B64084E000D440030BC00963B6408F2
:107950006408411A4600969B00403C000F84E408EE
:10796000E408411A3C005200E40800A06408411AEF
:107970004A00965B00C03C00411AE40896CB6408BC
:107980003C005800EC041080E000101A3FFD3768FE
:107990007E04C3FF0C0CF0F1DD93F67C7188441279
:1079A000E1F582338401C20700045D93C1C3FA800C
:1079B000FA00004CE506440A6586400A042081115D
:1079C000C200640172844002E1CC082460B8020461
:1079D0000624DA07A04F61C879844432FC7C004455
:1079E0006010020675988131084CEFBCDD93F200FF
:1079F000FA04044C802B046B4E96212B82C5E008C0
:107A000060C80014E1840624DD170603813101718A
:107A10006FBC7448F29C42128E0B980EF2040C4C10
:107A2000C1C3DD93E506440A6586400A042081113E
:107A3000C200640172844002DC07E527A40F5D9355
:107A4000FA00004C822B4207811104017A80000465
:107A50007B9881310404EFBCA22FE1A041FEA12B51
:107A60000004DFFC084CFA80DD93F200FA00040CFD
:107A70006FFC7A080264846B8203E184E01A400A96
:107A8000F2000C0CC1C3DD9369294386441AC0017E
:107A9000401AE50281116582640104204002C2009F
:107AA000E52772845D93DC07C1C3A40F04348331DE
:107AB000A33F6888422A82218013E68E00145D93DA
:107AC000C1C3FB80FA04044C847B066BEFFC77286F
:107AD0008461C267FA800264E69E421AE502441A93
:107AE0006582401A04208111C0086401728440023A
:107AF000E807D9270C4CA40FDD93F2048111210B68
:107B000000008465040E6C044602FFF0A13BF808F7
:107B100041840004C40402100214FE3500047B807A
:107B2000D017FA805D93A01FFB8000147A800204B6
:107B3000A11FD10700105D93C1C3E404FA00004CFB
:107B4000E502482AE5824A2A6506403A423A882BED
:107B50008A3B6586EFBC7388600104068131420070
:107B600042128403F907728C60900414240FF917F1
:107B7000850BFF211FFC41FE41FEA11B084CDFFCD1
:107B8000DD93F200FA04044C866B211B81710A45D7
:107B900088E5A12B7E81060E481A40004A0AE50AB4
:107BA000400AE50E461AE58E1854658A5607E1D458
:107BB000E1840244003420CF5657E0FC0434A01F77
:107BC000401261844222F094882B72B0EFBC666848
:107BD000850BFF211FFC41FE0165A11BDFFC41FE5F
:107BE0004E960101180EE0080C4C8E0BDD93F2044A
:107BF0007FFD47FE860DC03F00000602083EA11B28
:107C000080000206409C0634C1840814509046321D
:107C1000423A810140964006881E8008C1C3DD9328
:107C2000FA00040C8A25A12B0A0206130614E000B0
:107C3000030A7A800830F47C81116C807B90463294
:107C40000032814148506C7C0A069C0018440000B8
:107C50000C04EF80A0336C0078B05862214FA15F14
:107C6000E18400240632385F275FEC044252880327
:107C700081317284EFBC6128F2000C0CC1C3DD932A
:107C8000FA00004CA12B003BE506403AE586423A5B
:107C90000620826583416C048131274F6F38880349
:107CA00042126FBCFF21F28C41FE850BA11B1FFC11
:107CB000DFFC41FEF200084CC1C3DD93FE00044C22
:107CC000A32D003BE406403AE486423A082086753C
:107CD00083316C0468900834211D81C1E17C0A4421
:107CE00071904CC2E8880434739458C2DC00486038
:107CF0005C004AC042528803062472845078E17CBA
:107D0000034AEFBC021AE00000EAE000420AE00089
:107D1000421AE580420AE18880F5ED807FFD41FE50
:107D20000C4CDFFFDD93F60006067F21E0006001CA
:107D3000E008434AE008421AE40C416AE580420A3E
:107D4000E188421AED80420A000100060C4CE00076
:107D5000DD93F600FA7C044C866B044B70900809A6
:107D6000082981511210788C0839E60014107884A3
:107D70001806E4C0FFF857CE4E461A265856E000C3
:107D8000DA36818189A58F4EF0A04042E04000198B
:107D90008AA5A11BE06000198A25A11BA11BA41ABA
:107DA000081988C544627C204411F0A00019E01035
:107DB0004411E0200019E0304411E0400009E05097
:107DC0004401E060A42AE070AA14A804E184062417
:107DD000813106036FBC5628F294421242620F446E
:107DE000040EF09C120B815181F5F820F0A0406246
:107DF000E0104051E0304051E0504051607040513F
:107E0000F09C40628101005E71AC4262040C828190
:107E1000EC0816B088710491B18B90A18101ECD56A
:107E2000F27C0C4CC1C3DD93F87C040C06000628E0
:107E30006001E600E610081065100A1059C6F81136
:107E400081616000027983F5A17BF820847884A5A4
:107E50008445A17B8084947406AB8294107AF820C8
:107E60000CBA8E83F2985292008E829E46A38EA305
:107E700082B1782002C18CBC044184310851900148
:107E80000EC08211857DECF00C0CF6F5DD93F07CD4
:107E9000FA3C040C846B062883814438807B4608B6
:107EA0009111258F6FFC5CE8E88C128414041C147B
:107EB0001E34E090020B902B6418941B1C14EFFCF2
:107EC000980E922B020B9E346398941B9C24EFFC1B
:107ED0000E1B9A0E1E34E0106318840B922B6FFC5D
:107EE0000C0CD80EDD93F23CFA1C044C887B444801
:107EF0008101009B846B0A8B860B0B0E902B0E1B53
:107F000068004348AB9B883BA59B84050C6002E559
:107F1000A79B8410A99B824540800225A39B9C00BF
:107F20000861867581258E0B0D149061E45006F072
:107F3000629898240B14EFFCE000001A619C4E0A32
:107F40000F248101200102060206C000881EC00025
:107F5000F21C0C4C40C6DD934E0A60084E1AE99C98
:107F60008111619CC1C3FDF58403A72F5C08C30D7B
:107F700000061A005D938000F1804012FA7C040C28
:107F8000EC501EF06461000081414003FC1EBE0EF7
:107F900006088BF501B181A1814D81717E4E9265FC
:107FA0000209881381A160B060F00239024981B1F1
:107FB0008161609060D00229420A9D1180336686FB
:107FC00081713E5488230813C417094E814102531E
:107FD00018858325C001783110A3F194484281812E
:107FE00092B3F2A072A04C6282118271FC55851D81
:107FF000F05102011E15870D58504010FCF5DC00B1
:1080000084D5E57D6184107440828191813170A8AE
:1080100072A4424244188E2B00ABEFBCF0AC4082FD
:1080200072A44262439881318E2B6FBCFC1480BBDA
:108030000044FE44061060880444E5108603608412
:108040008241043340B580AE4673E0208408E0806E
:10805000E815814D0C0CA8F1DD93F27CFA7C040C40
:10806000EC701EF081C13001827B7C0E0C700DCE55
:108070000BCEE4F089CE81A1FC94FECE1E0889557A
:108080008DCE811101ADFECE89CE81018C058BCEC6
:1080900070A85662F0A8509278E01609E43004F017
:1080A00078A01619E4600AF0F8201039E020104991
:1080B0009B213C2EE800430878C01609E45004F0E8
:1080C00078801619E4400AF0FC281239E040104983
:1080D00093213C2EE800420881C17E048085A10BDB
:1080E000A11B8B147ECE80B50BCE81110D24810196
:1080F000F0A8486282A10934F8204801F8604821BC
:10810000F84048319C089016EE5581AD0C0CB8F142
:10811000DD93F27C58120033143EF080F090403230
:108120000000190D001BEC0402C081513C148C04AA
:10813000FB0444228235843D885B040DC000001698
:10814000D18C4002D0884A02DD93845EFA3C040C54
:10815000EC201EF0828B0A6B847B11948C1B080B25
:108160006FFC69880101902B856591A18835A10B71
:108170006080121512458131902B6040E0601255ED
:10818000BE9E9C088C1B3C1EEFFC6B088435A10B2B
:1081900060801215E48004906040124512558131D0
:1081A0009E08E060902B3E2E8C1B3C1EEFFC69E885
:1081B0006C0414A0A1AB889190F1F655F23C0C0C24
:1081C000C1C3DD93FA3C040CEC201EF0827B1584C5
:1081D000846B17948E2B13046FFC65C80101901BF0
:1081E000E00814C6A10B857512158855813168C049
:1081F0006460124512558E2B9808E6903C1EBE9E78
:108200006738901BA10BEFFC12158455049068C0D1
:10821000C00264C064601245125581319A08E6902C
:108220008E2B3E2E901B3C1EEFFC66086C0414A0A7
:10823000A1AB889190F1F635F23C0C0CC1C3DD93F3
:10824000FA3C040CEC401EF0809B1584847B0A6B86
:10825000008082AB088064503C0EE410E4400A8049
:10826000EFFC77688415A10B67A00280E7600080AF
:1082700004807E1E7C2EE7903E0E941B7A388E2B57
:10828000A10BEFFCA0F180A5F23C0C0C1744DD9390
:108290000E1B920B103B8C2B0C0CA0F18115F23CA9
:1082A000FA0C040C868B086B847B020B6FFC6D88C8
:1082B000100B8C1B66388C1B1009EFFC0000E35878
:1082C000E20DEC0C1C0040709C0042608FFC5AE8F0
:1082D0000C0C8101DD93F20CF83C044C6201025B52
:1082E00081C140010CC485950E64FB80826360846B
:1082F00060010C8982734002E8000E7B06A5C487EA
:10830000C4777C20FC1C00955082D3AD5095D08C56
:108310000489C000A18BE0300C6082C54008640174
:1083200098688073C4679C747C1808858863CF77CD
:10833000988E8E83588A82C1F4D5EC140C4C81013E
:10834000DD93F03CF87C04CC81C10F4E81610D3E81
:10835000640900398745C00260340299FA800EC46E
:10836000603002B90485C477A1BBFC1CE5A6548A21
:108370006526508AF09C5222D187F0A756820F843E
:108380008E83F9A88DA4A0BE8EA302C5C65AA86488
:10839000E516486AE5964A6AEE57D347F9944C4287
:1083A000A0BE8CB3807324444E4582C1A844E90426
:1083B000E9444E454E65A0444E45E9C4588AE984D7
:1083C000F275F40C0CCC8101DD93F07CF800044CC8
:1083D00081411931185483954C12608402C3F09482
:1083E000185B82410CC9E800C0026001E0880C54AF
:1083F0007C18006504C5C4C7D96DFC30D0804A52D2
:108400000C014A3102CBC00440016201FB800A44E6
:10841000F855D95D0C4C8101DD93F000FA7C040C19
:10842000EF101EF0848B026B64090C09807B400204
:10843000651002F0E61004F0813101650000493E4C
:10844000C53EEC04FE75A10B661012F0E51014F0A9
:108450008C1B0E0B923B102B6FFC740816F0944B88
:108460008C0B6410922B101B964B143BEFFC76C8C0
:108470008C1B0E0B6FFC7AC80101962BE7101EF0C7
:10848000F27C0C0CC1C3DD93FF010024832D841406
:10849000000000065D93822DC0000016FA7C040CDB
:1084A000EC901EF0829B7E2E02063E0E0921E0100B
:1084B00068F1064E4EF8C010920B6FBC811101019D
:1084C0008101090E8381111E81A10F1E81317C0E55
:1084D0000D3E91A5E088007412058B1E4C78FC00BF
:1084E0000C74E800010A6084C00164004C039263CC
:1084F000000468001E1580844002800400B390844C
:1085000000010C01C00C4126C0085E0547FC57F66F
:10851000FBFC100A7EA486C5E48004F0647006F0BB
:108520001419960B47B8E0281409E800808B602CDA
:10853000A10B2802400E82454206602E400AE0F858
:10854000AA12E086FA0440028111090E81A10905F0
:10855000008A8B0414A0F43C02F604040CE58000AD
:108560008000100689148F04F18040B2F08000046E
:1085700082C5830D04F07E0406F0E4800019E470E7
:10858000960B6028E8004428818102A10B0483F542
:10859000E48004F006F07EA48201E470E02814195F
:1085A000960B0B0EE80043C8602C14092802808B40
:1085B0008245A10B602E400EE0F84206E086400A9C
:1085C0004002AA12090EFA048B1481A192730D3491
:1085D0004E118F04C00260016C004CA34C03823129
:1085E000C00164096201120B0E344001C17DFB80A1
:1085F0000010DC355201E404C0026409C8F17C04B7
:10860000F27C0C0CC1C3DD930A448844AA43E904FC
:1086100081010043C34F084EDD938C4EA30F0C0E17
:108620008101080EC1C3DD93603C0209A10B803BB0
:1086300040960665483A8008403AE0020844E10264
:108640008243FA80EC7008498101490D861382A5A6
:108650006B710219F41DC005460680F5464AE064B8
:108660008311648481118045DD93881600045D9335
:10867000C1C3FA80FA7C040CEC301EF082BB007B94
:108680006771107012704011C003677181A13EBE06
:108690008101016100A4852504F07B807C58E420E1
:1086A0008E1B6FFCA11B91181FFD43FE56159FFFEB
:1086B00082E5800045FE201ACFFF7FFDFB800C6421
:1086C000E0178261AC1EB41FC41DA414C00040C6D4
:1086D00088B102A1889104816001140AF695C00155
:1086E00098F13E14620142630C0CC001DD93F27CF0
:1086F00081015D9360380019A11B812100000216E1
:1087000080084096CC2A8625E02806097CC00824EB
:10871000484AE22702106686010AEC0440C664401B
:10872000442AE000080660120006F000422A800099
:108730004242E686CE2CF184E0104613C1C3DD939D
:10874000FA3C040C808B066B60380C09210B847B8F
:10875000869581018E1B100BEFFC78E8409600ABEC
:10876000140AE0088445E2A4677112808E1B40035E
:108770008C2B120BEFFC69484126008BA18BE00C7F
:108780009C0050A0E3C8100A0C0C8095DD93F23CCD
:108790008E1B120B6FFC6448A10B8C2BDC0050006D
:1087A0000C0C900BDD93F23CFA00004CE1001E062D
:1087B000619C004666388311C1C3EFB8FA0C040C03
:1087C000806B027B603C41F673D8811181816FBC64
:1087D0006000427662988C0B7ED8E8248C0B680C83
:1087E000E13C008680188004F1FC421000C60016AF
:1087F0008004E144018600868004E144404600860E
:108800008004E144404600860C2BEFDCC0156E0965
:1088100073F54220444A40FF4C13E098C0156E099E
:10882000F8700039F3EC4430F87040214C818445F5
:10883000402B6C2173F942104C13C0FFC0156E0918
:10884000F8204081F8100019F3F84210F810401198
:10885000421080188016F3F8421080188016F3F446
:10886000F83000194011C8194081F8300009E03093
:10887000400AF83082E5E08843F61C04FFC06FFD33
:10888000020E020F4000F000C3007C019C049C0E0D
:108890009C0E820F6E0D0C09A30BC0360C098415BB
:1088A000C038631141C6A30B002012FD000102066F
:1088B0004C81BFC1803803118000401568005FA85B
:1088C00042868C0B8C0B6000E8245B08EFFC76E89A
:1088D000FA00040C8B11006BE8285688612400C64E
:1088E000E00042064C118004402B6C1D00168111E3
:1088F000E13C008680188004F1FC4210400600161E
:108900008008EFDCE080400A0E090C0B4000C01527
:10891000C0FF137D0E094C038C0B4015E8005CA8CA
:10892000E8005C0861444046800485110186001619
:108930008004E14400C600168004E1440C0980165E
:10894000C02B6C21EC0402008495E71DEC2C020086
:1089500084B5E71DEC10020084D5E51D8625AD0B1E
:108960008665B30B86B5B50B0C0C8C0B2058F2004A
:108970008C0BE058F2000C0CE04035480C0C8C0BD2
:108980000838F2008C0BE054F2000C0CE04C10C8DC
:108990000C0C8C0B85B5F2000C0C8C0B8575F20061
:1089A0000C0C8101DD93F200FA00040C811101012D
:1089B00068207DA8034681618331614C0836842498
:1089C000E11444C6903688440866882484148721BC
:1089D00083110426F2000C0CE0203C68611440C6B0
:1089E00080048311C1838016DD93C713FA3C040C05
:1089F0000C09806BC02B6C214096B30B4C0180009E
:108A0000802B0C1D406682254C01E000402B6C1D24
:108A100041788C0B40F8E8508C0B681861D10C0938
:108A2000807B40156C790C19400AC02C8201E686C7
:108A300067F9008A41D6C0030E66003C000480043A
:108A4000A17B5A8066314C038245C0166C1D0C29EF
:108A50008C0B402B680C7048A10B8E1B47B8987587
:108A60008C0B68446C210C09807B402B8855B30B20
:108A700092D5A17B683C72C8007B8C0BE134410627
:108A8000029600044C11E004C02B6C1D000E001671
:108A90000C19FFF8C02C6CFDE3F0020AC4040010AE
:108AA0006CFD4C018C0B402CE8044BE88C15A17B31
:108AB000217B8785E00040666C1D4C018A15C02B28
:108AC000614C554666E010602804C0A367611260DF
:108AD0000260C09F405465C1654104600660C05497
:108AE000405466D15ED8904B925B6FC0A17B807B77
:108AF000280482F5663102600860C0AD40A164714F
:108B00006178902B923B6FC0A17B807B0C2982E522
:108B1000402B6C1D6A388C0B8E1B680C8055A10B8A
:108B20008E0B8171F23C0C0C2804DD93648104608F
:108B30000660C09940A2652150D8901B7395EFF84C
:108B4000C1C3807B6451008A80F5C003611801466F
:108B500080048711DD9380166439008A80F5C00295
:108B60006118014680048511DD9380166118034663
:108B70006418014A8414C001E200000CDD938406ED
:108B80006661028A0306C0030466010402158000C0
:108B900086C580006499028A0306C0030456010456
:108BA000021580008485800066C9028A0306C0021F
:108BB0000446010402158000824580006495030A82
:108BC000030640020414E1040426872104268000E1
:108BD000E10403068418841465794011DD93C02BE9
:108BE000030AC417C00F6681028A86F5C00F64F5B8
:108BF000010402C68000040680000215028A8485F2
:108C0000C00C66CD010402C6800004168000021567
:108C1000030A8245400A64A1E10402C685210414C6
:108C20008000043602C684268414E10440118418AE
:108C3000C02B6575C1C3DD93E1180586882888249B
:108C40000015A12B00090E0DC1180546C000042512
:108C500081B002144000042984040210C4040420DA
:108C6000C00A421A6E014013DD93C015E12401468B
:108C700084288014F3F84420430604268414E11465
:108C8000042484288426FC9484288014F3F444204B
:108C900080048426421080188016F3CCC1C3DD9373
:108CA000E1240146801880048016C219C1C3DD93F7
:108CB000FAFC040C0026006B4C01E00C402B6C1DF0
:108CC00065188101811168206FA90C15251BC00B47
:108CD000E124034682458424424A881880C5E08006
:108CE0000C0C831123F8F2FC3E0EE02088188C0B4C
:108CF000F3F84210028608167578E00C812168505E
:108D0000614410C6E1485386FFA12004E124574680
:108D1000C7078008F0044E0080C5A17B6FA90C0531
:108D2000A50BC00BA40482D5940D80000C298405EA
:108D3000402B6C1DE00C0296680C592881958C0B19
:108D40008008A0040155C707F0044E00EFFC52E86C
:108D50008004AC04F835A10B83113E04F2FC0C0C2A
:108D6000E0202028FAFC040C0036007B4E01E00CC9
:108D7000402B6C1D5F788101811168203E0E81813E
:108D8000E12401C6554600048086E1248064A804DD
:108D90008E0B0014E82074A843A603910321E00C75
:108DA00070388E0B4186E8508014E1140346048C21
:108DB0008414E124C4298428434604260414E118B9
:108DC00084B8832102C604868414E12402860496B2
:108DD0008004E00C8E0B009CE8506E88612401C674
:108DE0008004A9118E0B0096E8207208600C0286A0
:108DF0006DB881218E0B6850E14400C68008800464
:108E00005200C707120AF00480C5FBFC6FA90E05CB
:108E1000A30BC00B01C686B58004E1244146008641
:108E20008004E11800C600B68004E12401460086F3
:108E30008004E124421080180016F3F4E00C02A62E
:108E40006C1D0E298E0B402BE80C50A800C68185A6
:108E50008004E144C7078008F00452008004A8049D
:108E6000F445816B8E0B2B11E8206E080014A804CA
:108E70006DB88E0B01C6E8208004E12441460086CF
:108E80008004E11800C600B68004E1240146008693
:108E90008004E124421080180016F3F4BE0483110C
:108EA000F2FC0C0CE02016087001000602064020BF
:108EB000FFC06001DD93801EFA0C040C808B027BE6
:108EC0008101046B682055084386811149C66148B9
:108ED0000424E148700102060434C0208858A18BA4
:108EE00008489024600104060CC9FFC0402B6C198F
:108EF000A65F843F60C7D0474652A85F0C49F9B0CF
:108F0000C02C0CFDC0E00844442200B5A17BD090E9
:108F100049FE80C5C03F7FFDA43F883F8311043ECA
:108F2000F20C0C0CE0201208FAFC040C5006006B4A
:108F30000C09E1A0402D67CD209E8191E14C05C632
:108F4000E080400AC00000160CF54C014006402CA1
:108F50008004E14C88048074E1E01674E0E014B40D
:108F6000FCC002A40074001E0814E1C0FCC404A4E8
:108F7000F010000A9405842EF008000A000A988573
:108F8000AA65F00CF004000A40001368C14C17C633
:108F9000025604AB6ED8E0108C0B68206198054631
:108FA000FB80007472FD49C602064020C020730198
:108FB000401220432014F180E14C17C68555882AC1
:108FC0006C080A40775D807BE1900A3473FD4A505B
:108FD0000816400F484A8000E13766964A308433CD
:108FE00041FF73F10600C5478253641088CB0165C9
:108FF00018C05D84D58EEC04FE75A1CBE0880A44D0
:1090000070944802F094403248309034BF4BF03CAA
:109010001F15F6150256942B8C0B608068206AA8E9
:109020000C0B847B40156E09E14C17C64000AC1454
:10903000C0FF72F16E094C038C0B4015EFF87C08F1
:109040008E2B1BA502563E2E6938E0208C0B682023
:109050007B80007472FC43C64012C02002467180BF
:10906000C02072C0041000340991E40017C68811B2
:10907000083EE14CE198054608CA85A5EC080A407F
:109080000A34775D4A50E190400F73FD8000081666
:109090006696484A2074E13746C086C341FF73F1A3
:1090A000E1880A448ACB0801827B0E334DA48155A6
:1090B000EC0418C0A1CBDDAE0034FE75FB80189423
:1090C00088C3445712C00A13C53EE410F03C483030
:1090D000F495BF4B91F5BE246040025664988C0B0A
:1090E0004C91E820403864C54A588C0B45D8E800BC
:1090F0000C0BEFFC40156E09FFFC03EEE8000E0AB6
:109100004200820F40007C044C13FD0440156E09A0
:10911000E19803864C03849E40156E09FB80007421
:1091200062E54CB117C640158E05E14C72FD49C68B
:10913000054640200206E198402073012014A04318
:10914000F18040128555882A6C080A40775D807B43
:10915000E1900A3473FD4A500816400F484A8000D7
:10916000E13766964A30843341FF73F10600C54704
:109170008253641088CB016518C05D94D59EEC04C1
:10918000FE75A1CBE0880A4470944802F094403206
:1091900048309034BF4BF03C0C19F6154015626511
:1091A000E14C00468819800444208028A22FF3EC6B
:1091B0000C098026C02B64C56C214C018C0B402B04
:1091C000E800458800602044C05465017B800404A9
:1091D0001911810172C106464F58C0202C14E800B5
:1091E000002E9F217C514EA0847EC300EFF86DE8D5
:1091F000A9910E2B6001020600947FC02C24FB80F5
:10920000A01F841F7C014010880EC30067CD0C098D
:10921000400AC02D80E5E0806C110C09400AC02B8B
:109220008095E098F2FC0C0C8C0BDD93F2FC0C0C9E
:10923000C1C39FA5FA00040C4186006B8014E1486D
:10924000442084288426F3BC84288014F37C4420A2
:1092500080048426421080188016F1FCEFF87A68AA
:10926000831101010C0C8C2B2278F200C1C3FFFC8E
:10927000F81C040C6141001908004015C0D96601B2
:10928000614500290A004015C0D965C16211003945
:1092900091C1401581710161E686442A621D001961
:1092A0004021C0154015630940318121C015630D6F
:1092B000061007C50C4AE4400C1AE000400AF87C8E
:1092C0000A50E1840E06041094848000500A5184F0
:1092D0008225E49C6C34128012DAA18B420AE408E5
:1092E0008095ED8082610271BF8B8505A16B882519
:1092F00000958245C00D696D12C0936B4093842028
:1093000080160BE1F03C528002A5B99B9B8018C4EB
:10931000A19B498773FD508018C4400F508AFB8081
:1093200090C3C6A688C17D05E5FC0D0A4023F0A5C3
:10933000400A6895FB8008C4688940138833400A56
:109340006FF1068A0A34402B0049FB80002D07CDBF
:1093500040138811400A688DEC0402306891403354
:109360000606400AC0207001688540130214400AB6
:109370004840FB80A61F1C2007CD40410045802DA2
:10938000C00D696964F940154015C00BC00B64FD40
:109390008941095B0E09002B4043C015C00A688152
:1093A00012FD44204023C0FF40150E09E140044651
:1093B00000860824881EE140801E8004F01C0C0CEE
:1093C000C1C3DD93F804040C61980B46E0900C14C3
:1093D0004E0014CA0C64F03CA10B7B8000162E6F6B
:1093E00058228000401A71B004C4E68202C460C0F2
:1093F000246FFB80496E862B945AC50702000253E6
:109400004A50E404C1FF73F18A43016500005154DE
:10941000C95EEC04FE75A10B4032C4170C0CF0843D
:10942000DD93F004FA7C040CEC501EF00C09806B08
:10943000C0366E014060A30B4F789C004106880047
:10944000029661340004E004E1A050066C1D4C114A
:109450008171402B0016A07E0C0B8111C0156E0986
:1094600073FD40004C03C0FD40156E0967B88101D3
:109470007E0EE81CE148418641C60014FC1EE1480E
:10948000800484180C298008C02D67CD68890C0BD6
:109490000604400A0229E0A03E3EA61F241FF02732
:1094A0004C15C50740026801643106608311C0286D
:1094B0004675C11D021058047E75C404C4100630E0
:1094C000618D0C0B0860401CC0D9660165C10A6043
:1094D00081B140D9BC0E81A1F8044605090EA00453
:1094E000E19801468101009A144A8B85141AE00024
:1094F000400AF87C0A50E184160604109414800097
:10950000420A511490E5E4AC8425A1AB696D0C25A9
:1095100085ABC00D08910C0B4000800A80FF13F151
:109520009098400206000EA580280401EC34041037
:1095300080B5E42DBF1B4D1E87258AD58A65A11BEA
:10954000703C5810E1C00414B9CB0C1E848B01711F
:10955000491782454E10A1CB400F73FD4E7A808B88
:10956000C577C6B29223091473F14020883141FFB8
:109570000203862B81A58E1B0210218B00C5EC04F3
:1095800088010000000044C5A11B88214477FCD558
:109590008E33900B82A102B1E5FC150A9D01E8E52E
:1095A0009F010C0EBC048E0EFC04CC0E0C1980081E
:1095B000C01562EDF017BE24A20FA40F68014C0580
:1095C0008C0B4002E8104AC8E148418680188004AC
:1095D000E090420A80188265421080284420F08082
:1095E000A22FF37CF88042207E0480165BB88311A2
:1095F0000186E81C8004E1980C0BA30B80150E0972
:109600009CA400040E094C0380858015680049C89D
:1096100003018C0B451881118C2B6FFC0C0CA8F1ED
:109620001C38F27CC1C3FFF8F87C040C63090019F4
:109630008121401500C9911540366E09FA80082431
:10964000630D0069460240150659F090C0156F4140
:10965000586AA1CB0C306692C0DB66106E11465181
:109660008645C0367A800EC412848181CB9DFA80F3
:10967000549284055602F09C16B9F0A8C01A6E41A7
:109680007C85B9BB8404108094CB325381459856B5
:1096900081710B9B0A8A80A5837174081876807586
:1096A00018C48E5B0C007A80C058664060880EC477
:1096B000E08812447C1C0C85661014001493C0DBF7
:1096C0000A0A8C7382217BFCE0405285E8000E85FB
:1096D00062405285E08410C464000E7518638C8368
:1096E000D08058C261405275E08412446801107BFA
:1096F00094934001527388A3107BE680C0016C01F3
:10970000E780527360010C795471C004C00161019B
:1097100064010C495441C004C001620168010C4954
:109720005441C0044001630118498141C01A0E41EF
:1097300062114641448AC038DED5F404F07C0C0C3A
:10974000C1C3DD93FA84040C8101006B681C50C80E
:109750000C1B8111400A68910060807B40286401E5
:10976000700104068811C020C5170165021041343C
:10977000C93EEC04FE75A11B6148418680048C2B18
:10978000E0198018830100166FF8798850D881118C
:109790007D18EFF88C0B680C618D0C0B8311401C4D
:1097A0004C038201401C618D0C0C8E0B0DB8F284B1
:1097B000C1C3E01CFA00040C4386026B0414E148A8
:1097C000E0980604F100463044208428262FF2FC5D
:1097D000E19807860C0E84260C1B820940156E0941
:1097E0004210D007C0FE73FD4C13A01FC0156E09B8
:1097F000EFF84DC8811101010C0C8C2B35D8F2000B
:10980000C1C3FFF8E10001868008800482095D93EE
:10981000C713C183000CDD93C0006101FA0C040C76
:109820008101006B828B047B65394C010460402C04
:10983000C0B165418C0B0311E80042888C0B031109
:10984000E8004E2880D5A10B68485988A10B8C0BE5
:109850000C0C8085DD93F20C457601110931E00096
:109860005D588C0BA38BE848A10BFCB50C0BFC7569
:1098700052388E1BA10BE8000111FAB58C0B812127
:10988000F20C0C0CC1C3B145F87C040CECC01EF00A
:10989000600446864031A51B402B6C1DE0040E067B
:1098A000A1810EA5AA35A31B600C41E6E00C59E688
:1098B00001A6170E110EE004E004012601860F0E2A
:1098C000150EE004E0040006A1010B0E0006090ECF
:1098D0007E0EE0047C0EA101E004018601860D0EDF
:1098E0003E0EE004E00401A649F63C0E4BA6E00C57
:1098F00003A6600C0706E00C110660040DA6E00448
:1099000013A660040FA6E00C55A6600C13CEE00C65
:10991000E00C41E657F605950006E00C8911600859
:109920009101130E4006170E0D0EE000150E850175
:109930000B0E8301090E81017E0EA1017C0E8301B5
:109940000F0E8101110E85013E0E8101E0004006DF
:1099500081313C0E81910161140601510101E00445
:109960001606814181C1E0088BC488C689C48AC6B5
:10997000FEC4C8C6FCC4CAC6E0184481E014443121
:10998000E01044C1E01C4431E020443144319534BE
:109990008F34E024E028443144318D349134E02C7C
:1099A000E03044314431BE34BC34E034E03C446106
:1099B000E0404461E0384431E0484491E04C447177
:1099C000E0444411E0504411E05844A1E0544451B3
:1099D000E05C4451E0604451E06844014401930478
:1099E0009704E06CE07844B1E0744441E0644401E1
:1099F000E0704401E07C4441E0F10101F07C0C0C9A
:109A0000C1C3DD93FA04040CEC901EF0806B251B9F
:109A1000810104259295A31B654102608C0B40B126
:109A2000E84862E89095A10B4C018301C02C653990
:109A3000428687E5040660044C11E004402B6C1D4F
:109A4000601102063E1EC400091C83111516A111E7
:109A5000E000420685711F16891125163116AB16D6
:109A6000AF269111040635269706E0089B769906E5
:109A7000A1769D06A706A306AD06A906B706B306FE
:109A8000BB16B90660805E11E41002F0BF26BD0669
:109A9000E0845E01608C5E015E218C0B5EF8E088E4
:109AA000A10BE8484C7180B5C02C6539C8F1810123
:109AB000F2040C0CC1C3DD93FE7C04CC806B027BF2
:109AC000649002F0E48004F0E810496860901E8918
:109AD000E0040E2AE0801E79400101880460C00085
:109AE00040B165C10155993149168111EC04063028
:109AF000FE95A13B65F104609D3140B1491C814553
:109B0000EC040630FE95A13B15C601910785EAF0ED
:109B1000A10B81B140628E15047470A8009CFA807C
:109B2000E0900084799C4202F0AC40626EF14011FA
:109B300043F6402B8000400D603140914011C02C15
:109B4000802C42B143F1401102B4002C4091FA80C4
:109B5000002C41714F588C0B1E89E80000806090EA
:109B60000204E40482B17A80048084A1434AE4249C
:109B7000020CE408500062000273DC00170A810145
:109B8000F205E53CF67C0CCCC1C3DD93FA7C040CF9
:109B9000EE501EF0A11B006B65390C09848B402C24
:109BA00042668A25A50B60046C1D4C118191402BE7
:109BB00081B102C58C0B0511EFFC7268A1BB80BBA3
:109BC000C0000BA86804544880BB8C0BE440108A8A
:109BD000A1BBA2750C29A235402B6C1DE00042B63A
:109BE000680463E856B68C0B230BE0009ED5818198
:109BF000230B9525E00440A66C1D4C018205C02B6B
:109C00008C0B0311EFFC7008A1BB80BB00C6A495B0
:109C100002F060080155E42045B681B1EC04000073
:109C2000FE95A10B10600101C0B0657181013E0E6F
:109C300015063C0E8955E004788110099511400104
:109C400061901204429A9E098203E686E630010A78
:109C5000034680F58414E134B71B84140C2982F583
:109C6000402B6C1DE008033668045FA80F368C0B90
:109C7000230BE008E00800C6A1BB88054EB006D55E
:109C80002018DC00E42004F06140140A88168023C8
:109C900000045E9580000E0680005E953E0482C53D
:109CA000000481714092FA80BE0EFB800004BC0467
:109CB0004092FA80BC0EFA806C0414A08EBB8281A4
:109CC000EE75A1AB8CF5A1BB0004BC04C407FA80FF
:109CD0000E003E041204E4108C0B7A80680054A835
:109CE00003D5C497A1BB80BB40F688D5400061A1D5
:109CF00081B581116080420A1029902B06F05C002A
:109D00000233E4208C268211E230020A0C0BFC950F
:109D10004B58901B00BBE804E0004F768275A1BB56
:109D20007A800294FA800474642006F049988C0BBF
:109D300080BBE8481EF0160B0C0CE650DD93F27C5D
:109D4000FA7C040CEC301EF0828B009B0C907C2E75
:109D5000C0AF6471F0A05462E2801419E8004C882E
:109D6000807B428767C000A03C6E9063654512907F
:109D70003E0EC0B101A181B105558181FC248161F4
:109D8000F8041209440AA418D007E08048004D08DE
:109D90000E0FA20FFB8002648245830B1084031117
:109DA00014A4FA80B71F7B80828122AF3FBB806BF7
:109DB0001E0582B1849100048000408180001E0550
:109DC000800040A3E040160A0101F6750C0C98F1E2
:109DD000DD93F27CE57C030A041482B58E19618C54
:109DE00000098403C02C65C1E484404AE200000CF1
:109DF0005D93DD93C1C38101FA00004C64710000E2
:109E0000041440AF000BE08480137C08E5000219C5
:109E1000684C6828D0078211F200084CC1C3DD935A
:109E2000FA7C044C6C590019829B402B887B0A6B8E
:109E300084AB068B8111231BA19B8825A1AB80A538
:109E4000A18B806500298295402B6C1DE00842960D
:109E500068045068E00856968445A30BE022407AD7
:109E6000E122427AE02A400AE026421AE6A2400AAB
:109E7000E026400A020282031816EFFC960B81B11D
:109E8000F27C0C4CC1C3DD93FA7C044C6C59001974
:109E900082AB402B887B0A6B849B068B8111231B32
:109EA000A1AB86E5A19B80A5A18B80650029829549
:109EB000402B6C1DE008429668044D28E008569639
:109EC0008405A30BE022407AE122427AE126400A8F
:109ED000E12A421AE6AA400A020282031816EFFC9F
:109EE000960B81B1F27C0C4CC1C3DD9361900414DC
:109EF000442AA9310614668E8E39E1848121040337
:109F000081310603000001E5C09C6781701400499F
:109F1000E080420AC1900844254F9E49A83F88210D
:109F2000E040040A5D93FC95FB8000349F21011101
:109F30008131039568840824FB800634E34F804F09
:109F4000618C0A44E184184484C902591844385F7A
:109F50004647E084385F88C9A85F90498811235F2D
:109F6000020AAA3FF8F5E04000345D93C1C3FB80CC
:109F7000FA7C040CEC701EF09D8100AB81911E0BED
:109F80009D1101550210419CA11BEC0400A0FE95FF
:109F900040B165F181459D110210419CA11BEC046B
:109FA00085C5FE9570A44CA2FA800E946EF10CB992
:109FB000940B402B6FFC7108000A8E1B86B5F004D1
:109FC0006CE914090C19C02CC02C62B1FA80000491
:109FD000FA8002148435830B73C040B047079E1B80
:109FE000022B9EB983317C008013373FA62F940B40
:109FF0008E1B042CE8004248120A8291F475E1405D
:10A00000648D00E69E1B40209D2101650420453A99
:10A01000C13CEC04FE75A12B648D40A69E1B402024
:10A02000452A8155EC041080A18BC12C7758FE7510
:10A03000940B68440C0CB8F1DD93F27C833100136F
:10A040006EF102190414C02B9E19618CA33F3C29A8
:10A05000002B8403C01662F94033A43FC01662F996
:10A06000C1C3DD93FA7C040CECD01EF002F0009B1F
:10A070005C18E4C004F0680C1239E4B0C02B6C49E1
:10A080006C4112091219C02BC02B6C456C4D128902
:10A090001229C02BC02B6C39403A8D3E1239E68212
:10A0A000C02B6C3D6686548AE188020452019101FE
:10A0B000402664810F2EC5A75221920BC0266491C1
:10A0C0005231893EC02664B112B98B1EC02B6C512F
:10A0D0006C5512695211C02B402664D1E4A002F0E5
:10A0E00064F152A167D8C026807BE80CA655A17BFD
:10A0F000066445B77CBEE1888065A1BB82F5A13BC3
:10A100006C1D12294296402B120BE0087A78866B60
:10A110004E966800230BE008A0858C3BC5870D0494
:10A120004BF67C14488AE00C81B1600E440AC507E6
:10A130008F04E006BE2E8B140203BC4EE68A424A10
:10A1400000000924FE0EEC0400A084A381A16C048D
:10A1500052118D0EC02C653D4C928BE50C09F0AC74
:10A16000C02B6EF162B14C514C51C02CC02C63F12C
:10A17000F03C420092D5C51DC81D8D447E149275D9
:10A18000C20DC9078F1490F59095C30D618C00B472
:10A19000F01C44B083413E09044412030019E888CE
:10A1A000402C65C108A4868B0AF07A807C14E49068
:10A1B000F988581204340B3440C1FA80402C65C130
:10A1C0000214920B62D8FA8006346FFC807BFA800E
:10A1D0008A15A17B0AF03E041E49E4801E39E090F6
:10A1E0003C04E0A0FA80020463F14C410404C02C5A
:10A1F000920B7A80EFFC64A8A17B807B1E0984759A
:10A2000082A160804BF6103B4C01E00CC02C62B187
:10A2100082B18924E53C170A4098E825920B680032
:10A220000E0B807B0C0CE8F1DD93F27CFA1C040C25
:10A23000EC301EF08181006B6C590C09A30BC02B14
:10A2400002F08A858C0B6420E80C5D8888D5A10B10
:10A250006FDC400680088191E080404A04F1006094
:10A260000060C0AD80AD04F90315800AFB800E04C8
:10A270007A800284E41008F08C0B01216800428887
:10A280007C0A8E3BFB80129480938281C18DFC04FA
:10A290004C93FC15C016629998F18101F21C0C0CCC
:10A2A000C1C3DD9382F5FC1D021483318211FA8053
:10A2B000F438030A081482150834FA80804FE890B5
:10A2C000FC85A14B81010816C1C3DD93FA7C040C07
:10A2D000F80010FCECF01EF0805B029B63FC120A9D
:10A2E000FC2E8101900CBE4E80000B981050493717
:10A2F000C0B066B10E503C3EC0B0643181A101B126
:10A3000081617E5E0E098585930BE3C0FC04883570
:10A3100080F5A30B6CE90A09A018C02C8615830BE5
:10A320007A8002B455788A0B000AEFFC1E55F004BF
:10A3300082D5C00C02A41C0804F0E08882A16450FD
:10A3400082237E54806370AD804588BE02B18195C2
:10A3500082718281E53C170AA1ABF4E50A8B9EE588
:10A36000C0156A7DC987BC14FB8000146A810A0B82
:10A37000D10D40159C005010FB800284C01DC90700
:10A38000DC005000EC18510A3E148465E090006433
:10A3900000F0040C0195E45041249F11EC0414A03A
:10A3A00044118A23C02C6171FE15A1AB81318B75DC
:10A3B0000034850502F060880215E4500014FC00AA
:10A3C0008A03E0846E39002B810140158285A12B20
:10A3D000444A81014420E08040FF13F9C404000096
:10A3E00004247E350A13C18442018231C02C61717C
:10A3F000F815953B947B21068323A1434E8AABE35A
:10A400008A25EC20645012F082B1FFB18845D5BD99
:10A4100000502464C0AF6471E44004F060840264BE
:10A42000000B80630C19FC0473D8E5002108EFFCD5
:10A430000C198891830BE500050102600E74400140
:10A440004201DB800E7040007E54C404EC204E8A32
:10A45000C1C3F6B5C8773E040101807C18FCF8F151
:10A460000C0CF000DD93F27CFA00040C0246026B47
:10A470000414E12884348321657500190045C01B4C
:10A48000C0066D49657900098231401BA111232F57
:10A49000880B212FEFE875488101180EF2000C0C93
:10A4A000C1C3DD93FA7C040CEC501EF0887B008B5A
:10A4B000650D1009826B402B60880274101384AB09
:10A4C000230B81214225869BC00B61A5A70B82250A
:10A4D000100B8C7540156A79910C81B13E5E850533
:10A4E000669100107C0EC0B142B8900B8E1B6800C4
:10A4F00002F049073C1EE440FB80160464300AF079
:10A500000C1B900B123B942B43B8964B7E14E80027
:10A51000FC24A10B8435881EBE54910AFB800604DE
:10A520000416973B408040004270DC0048505C00BD
:10A530006CD8DC008101CFFC0C0CA8F1DD93F27C1F
:10A54000FA1C044C807B026B81810191407283254F
:10A550000009F0A4C02C63F1E3FC000A8D0B8225F6
:10A56000029480F58E0B7A80EFFC44888291808380
:10A57000E140120A900BFAB5F21C0C4CC1C3DD93FA
:10A58000FA7C040CEC501EF04006006B0004E1184D
:10A59000191482BB088B8A7B0008869B7E1E84ABC5
:10A5A00064F89111002BEFE8E44000F00A843E0EBD
:10A5B0003C7EE09064E10660160BC0AD4DF8941B44
:10A5C000924B6FB4A17B807B0C298265402B6C1D64
:10A5D00054588C0B8E1B68008101230B090480E505
:10A5E000C90781716FFD00027E14C0FF040CA8F141
:10A5F0000C0C8E0BDD93F27CFA3C040C0E00026B0B
:10A60000C0B0657164711000810140AF6004130631
:10A6100083759DA178810E194410C001C917703C43
:10A62000E6AA442A8D2B822380000E198000100B8D
:10A6300008486728840402106C0412908481827197
:10A64000FA35A19B0C0CD007DD93F23CFA00040C08
:10A650000206006B5DF8E28043F6E8480586600C70
:10A660007B98E0108C0B6FA8457601110C0BE00075
:10A670000C0C8C3B3E38F200C1C3E040FA9C040C49
:10A680004096006B4C01E004402B6C1D0206827B5F
:10A690008C0B6280E8485C08E4400E8A0C2982D565
:10A6A000402B6C1DE00042B668004DA850B68C0BE4
:10A6B000230BE0008C8581716188007406099191FB
:10A6C00004948311A11F69804022C82781117984D5
:10A6D000441281A5044AF91C4462F80C821150848A
:10A6E000C0004401E040020A0111FCB50C0B9F219F
:10A6F00067B88C3B808BE8408455A18B6AA90C0914
:10A70000A30BC02B00608435408B66B1E0100206BD
:10A71000411E8145EC041290FE95A19B900B818116
:10A72000F29C0C0C0C0BDD930C0C8C1B1C78F29C1B
:10A73000C1C3E03CFA00040C61004C46E00445361D
:10A7400040219814C02B6C1D442084288426F3ECEF
:10A7500084289814F3F84420434604266258E01CE9
:10A760008321684480189804F3F442100C0C80167E
:10A77000DD93F200FA80000C4186003B0004E148C2
:10A78000E00409466C1D46418048C02BFC9C0844EF
:10A7900041C600468004E148830100166C2546212D
:10A7A0008111402B6FF078A8080C862B0FD8F2800F
:10A7B000C1C3FFF0FA3C040C8101006B68144D48E2
:10A7C0008181811168286FC81286807BA404E13CD6
:10A7D000421080188016F3BCE83072C8951103A1AE
:10A7E0008C0B0321E8445E28E110414684868014E6
:10A7F00080A680048018A4040016E01979B88C0B98
:10A8000000C6EFFC8004E12C421080180016F3F81B
:10A81000E118410600868004E11441068018800496
:10A82000F2FC4210414600160004E1140086831138
:10A83000E1144186008C8004E11800060086800443
:10A84000E118004600868004E11800C600868004F6
:10A850000C0C8E0B0878F23CC1C3E014FA3C040CDB
:10A86000816102AB807B21AB419C0CA4E00401160A
:10A870006C1D4E01849B402B50044C604738810175
:10A88000811168144256008B5CF8E0008E0B68144E
:10A890000106216B4E01E004C02B6C1D012688A52A
:10A8A000941B60046C1D4E018E0B402B6FFC764890
:10A8B00041C6922B402072FD600102068004FFC059
:10A8C0000206020FC02072C1FCC4000401C6040EBF
:10A8D0008004E1988475A30B72C102068E0B4020A0
:10A8E000EFEC76E8013681F5941B60046C1D4E0197
:10A8F0008E0B402B6FFC74088195922B6800416889
:10A9000042968E0B8E0B6000E81459086000426678
:10A9100058B88E0B0311E8144258900B8C0BE814B6
:10A92000F23C0C0CC1C3DD93FA84040C0C0B806B5D
:10A93000C0156E0972F940004C03C0FF40156E0946
:10A940004C018101C02B64D5E8007D688C0B007B35
:10A95000E8185E4868007C8847F88C0BA17BE80CFF
:10A9600049F886258C0B68006800418801C68C0B6D
:10A9700042466FDC421EE00402168311E01C43468F
:10A98000F8084015EFF069280C0C8C0B0A78F2845B
:10A990000C0CE00CDD93F284634900190656402D3F
:10A9A000C0016001640140358331400568154033C2
:10A9B0008121400A65454031070640224031E008C8
:10A9C000401B656D4031E0194022654D4031A14189
:10A9D000402864894011AF31402D6349601102263F
:10A9E0004031C0C040286491E00C47F6632940150F
:10A9F0009111400B67C940310606402D4033E008F5
:10AA000040136985E08C0606681140134011C00AA6
:10AA100040276315E0100386699140134386401375
:10AA20004033E00040136995E000468663314011F1
:10AA30008911402763354031003BC027C00A693186
:10AA40006C614011851140226C6540119D114022BE
:10AA50006FB14011023440224021FCA8C02C6E513D
:10AA6000680940234023C00AC00A680D611D4025C3
:10AA70009521400A656540414043C01BC0146241B6
:10AA8000648D40214043C028C01369816311404157
:10AA90004021C027C0226FB569314013DD93C00A41
:10AAA000F87C040C600C148663C0040E40A3C0BB89
:10AAB00040156DB5EFFC55F66DC140A355F6401538
:10AAC00040A1E00C402C6CFDE07C0706636940A1CE
:10AAD00055F6402DC02072FD6459402505064005FD
:10AAE00040A5E008400B64E1E00457C664E540A5DA
:10AAF000BDA1400B6E254021832140296E8140B1CC
:10AB0000B7B1402C63A940A11456402DC02070015C
:10AB10006AE14033120640154033E008401C626D84
:10AB2000E000468660240D86E05C11C66E8940B167
:10AB3000ABB1402C6225403346C6401C4021E000AA
:10AB4000402B65114021A351402B65D1E0400E06FA
:10AB5000668140218111402B6685402191C1402BA7
:10AB60006B8D40218541402B6B9140214021C02BB2
:10AB7000C02C6D616E5D40214021C02CC02C6E61E7
:10AB80006E9140214021C02CC02C6E996331402130
:10AB900040A5C02DC00B64ED64F140A58DA1400B14
:10ABA000681D40214021C02DC02D69D969DD40219B
:10ABB0004021C02DC02D6A7D64D54021A921403897
:10ABC0006B1D40630C0640154083F90040156DB1C4
:10ABD000E0CC10D66E9540B116C6402C40A1E00CDA
:10ABE000402D63D172BD55F64023C020401C621138
:10ABF000E01044C6622940330706401C4091E0182B
:10AC0000C0296E216E2940914091C029402C6E9D33
:10AC10004051B591402B65C9EFF04B866D9540656D
:10AC20000C0E400A4083FFC040156DB9E00050662D
:10AC3000634940B11786402D4023E060401C6215F7
:10AC40004033A121401C622DE0F846066329409163
:10AC50004091C02DC02D633963D940914091C02DE2
:10AC6000402D64096001120640A5C020C00B64F9A4
:10AC700064FD40A51466400BC02068016B19405369
:10AC8000995140156D9940658961400A6D9D4075E7
:10AC90008B71400A6B9540818F81402B69A940B32D
:10ACA00087B14016623140334646401C4095E0F87B
:10ACB000C00B650565094095B991400B651140A52C
:10ACC00040A5C00B400B6515402393A1C01C622119
:10ACD000624140234023C01C401C6245E01804062A
:10ACE000620540114041C015C02B653165CD40C1A2
:10ACF0004051C02BC02B66416AA140714061C02BFE
:10AD0000C02B6AA56B8940614081C02BC02C6D515E
:10AD10006E5940814061C02CC02C6E656E694061E7
:10AD200040C1C02CC02C6E856E8D404140C1C02CEE
:10AD3000C02C6EA5632540714071C02DC02D6335B8
:10AD4000634140414071C02DC02D6345635940B1FE
:10AD50004071C02DC02D635D636140614071C02DA5
:10AD6000C02D6365636D401140B1C02DC02D63716E
:10AD700063A140714071C02DC02D63A563D54071A2
:10AD80004081C02DC02D64016405407140C1C02DBB
:10AD9000C02D6431643540714091C02DC02D64399F
:10ADA000646140A14071C02DC02D6465646940910B
:10ADB0004081C02DC02D6531653540814061C02D79
:10ADC000C02D68116A31404140C1C02DC02D6A3587
:10ADD0006A3940B14061C02DC02D6A7164D1401103
:10ADE0004013C038C01C6219621D40534033C01C60
:10ADF000C01C6235623940134013C01CC01C623D48
:10AE0000624940234023C01CC01C624D6251402354
:10AE10004013C01CC01C6255F07C0C0CC1C3DD93F8
:10AE2000F83C044C614C4446E4500A0091C10A14B9
:10AE30000C864834C00061954E860844C000619578
:10AE4000E686443A61900644E4100800558A83552A
:10AE5000EC0418C0C987D19266A2502AE1F4149478
:10AE6000508A86A99493600EFB001294508A8597AD
:10AE7000D99EE686A1CBDD8E0012FA756199048613
:10AE80000202C000619906C6881EC0000C4C8C0EE0
:10AE9000DD93F03C04C60002C0006199840D882453
:10AEA0005A005C08C0000006619504868834C00022
:10AEB0004486870DC0000195C000042504358EB579
:10AEC000870DE01C01990446042580008C858000D4
:10AED000833101A5FA8008340845C447804DFC0839
:10AEE000823180B5F418070A0630FCC50A34EC0438
:10AEF0000850FA80C45764047C080A350825C44702
:10AF0000A623FC080605A12B80000406619558863F
:10AF1000460240000A55F18C0845FC30AA43FC303B
:10AF2000E17C18449843F5C7463A8D47443AE69287
:10AF3000CC27E08A04148A23619906868C34C000E9
:10AF4000FA004032E682400AE082402AE40042CA27
:10AF5000E200000CC1C3DD93FA7C040CEC501EF03F
:10AF6000828B7C2E866B621875B8BE1E6008EFFC63
:10AF700081A19181E100000A104609157C14C000EE
:10AF8000000496038013FA80EC0002198885C3AD93
:10AF9000400ABE149403E686FA800E0460840074AE
:10AFA000E08802747C040C1500038C03C0016C0162
:10AFB000619C0414E43002F0C5077E2E00F0110CF1
:10AFC0007698E440A10BEFFC50984E72C00000E66A
:10AFD0000C014E018291C004FA800094F415D10D49
:10AFE0008211BC14FA800014560AD10D120646A232
:10AFF0005E15C000FC35C000BE0482A17C7581AB2B
:10B00000C00002060C0CA8F1DD93F27CF87C04CCA5
:10B01000E45DC258400898958F5E81416100000A46
:10B020000B959101C0000046107498734E12FA807F
:10B030000E99F0A0D34DEC00508A8E858883E69659
:10B04000FA801084F0A054226C0114B9BDBBC00476
:10B05000214B8C1564010E708A15C00388D5A59B01
:10B0600064041280640014A05622C013068470A4E5
:10B0700016B9E08440046C018483C487169428B612
:10B080001420E084400E6401145BC49786A37C2CDA
:10B090000455A85C205EFC2464010A200A8BC00CC5
:10B0A00086537C2C8F54948C06909C989C36EC0490
:10B0B0000E648261C17DFA808D34EE1518348231C0
:10B0C000C1CDFA80468258CAC0000C06C0185E3551
:10B0D0008241FC357C958B4BC0000606F07C0CCC85
:10B0E000C1C3DD93E1144246841884146BF140110E
:10B0F000DD93C02BE14C000680088004E000004A8C
:10B10000E200000CC1C3DD93614C00068004811194
:10B11000DD93801661484186E19805C683310004BD
:10B12000C2198018883E8016C1C3DD9361484186EC
:10B13000E19805C681310004421080188016F3F8AA
:10B14000DD93883EE14841868000800441C6A10D20
:10B1500000058148001980004210800040119C04C5
:10B16000DD938000E14841868000800441C6A10D46
:10B1700000058148001980004210800040119C08A1
:10B18000DD938000E14841868000800441C6A10D26
:10B19000000581480019800042108000401193F49E
:10B1A000DD938000E14841868000800441C6A10D06
:10B1B00000058148001980004210800040119C1059
:10B1C000DD938000E14841868000800441C6A10DE6
:10B1D000000581480019800042108000401193EC66
:10B1E000DD938000FAFC040C8101006B680C7BC8C5
:10B1F00081818111613456862C04807BE14C1306D9
:10B20000832103A1A4048086A4048086A40480A6CC
:10B210000C158086C00B69F94086A11B00158FDCD8
:10B220008C0B0000E8404DC883112C04404600A65A
:10B230008004E134A40480A6A4048086A40480A62B
:10B240008C0B0086E81067A88E0B0311E80C78C8F9
:10B2500067CD0C09A409C02D8275A50B6C210C09C2
:10B26000A70BC02B8C0B80D5F2FC0C0CE02C122809
:10B27000F2FC0C0CC1C3DD93FA7C040CED501EF003
:10B280009711006BE8104D28EFDC4246400084081F
:10B290008406F3F862650C09404AC0152258E08C18
:10B2A0000C098000C02D6B8521F8A10B0660800081
:10B2B00040B667A1E0040006645004F081458111A6
:10B2C00000004916A10BEC041921FE953E3E815168
:10B2D0001B488101000AE0001B48F000525AC000E0
:10B2E0008693E68AE02012A91249A1AB15F88028BE
:10B2F00012B98000B1AB602CE0281249E18400B49F
:10B3000040407C0E890EF0FCAC05FE4E1E05B3AB32
:10B31000400280100049909880150F4180000BA8D2
:10B320008EE5B5AB1E05B7AB40028010004190988A
:10B3300080150E410C09AAC54015621189C4B9AB2C
:10B34000E68240CA9A800004909840020E4100496B
:10B35000A6E5801AA425BBAB8A45BDAB81413FABB6
:10B36000140AA6050C45E040800D0859140AA28570
:10B370000C45E044800D085D140AA0C50C49E04866
:10B3800080360185140AA0C58685E04CE050140A79
:10B39000890488158C03C40768E500458F35C00D06
:10B3A000C2078904004B8C03C00A6DA189048F2554
:10B3B00000418C03C0156E416D4100010D35C01573
:10B3C0008904A0438C03C407686500458BB5C00D94
:10B3D000080409243C5EFA808C2389016F410439FA
:10B3E000812140150E2485458873FA800E708C7378
:10B3F000C06B6641110A988B0635F41CC404042006
:10B400007010000AE40418801C58FCD5FA801084DF
:10B4100010898C83C02E67C1FA800A54FA80108488
:10B42000FA35915B93C1040B89217BF5F40C448AB6
:10B4300018067675000AC00004047010A215FA8080
:10B44000E080561AA000085806F07C040944E45035
:10B45000BC548321E080400A5C100629F090403201
:10B460004420BE348026D004890495058C03C4078B
:10B4700064D100458175C005C407890400458C036B
:10B48000C00565D160010006814BFC00800008F812
:10B49000E02412098445AB0B8465A30B8865A50BDA
:10B4A0008885A70B8A85A90BA015A10B814DA40443
:10B4B000A60490358265804DA40487D5814B039501
:10B4C000814DA404A60480958C85804D04F07C04F5
:10B4D0008944E4506080400A040983010735DC1088
:10B4E000D004400001E5A404A604804D09C4804DA9
:10B4F000E45000F00029FC348265FC30A40483157C
:10B5000009C4814BE45000F00029FC348205FC3072
:10B51000464A7E440406E080018580007E44843BE8
:10B52000E080460A462083319803D004BE3480363A
:10B530007C0481D5E45004F0404A89448101608054
:10B54000DC10040988237E4407158806BC54992121
:10B55000564A845582E5E08006F07C0409C4E45034
:10B56000FE448121E080404A5C300629F0B0403240
:10B57000FBE58026010A3E3484F5F40C8685AFABEA
:10B580008A85A5AB8C25A7AB8CC5A9AB8E85ABAB4B
:10B590009025ADAB8235A3ABC227882304438C230F
:10B5A000400C6D21EF559921FE44992172004040D5
:10B5B000094582510823CF07664100600624C05820
:10B5C0008023608464010429860340046C010043E5
:10B5D000BE34C0010705C827882384438C23C427B1
:10B5E000689104458585C005C427882304458C23BC
:10B5F000C0066091882385158C23C2276921044BDE
:10B600009921400C8823E96504498C23401A6A413A
:10B61000E7F5992100600823C0586641608406243C
:10B62000042980234004600100438603C0016C01AB
:10B63000C827BE346575A4430B0A992124C8E4FCCD
:10B640004C159FFC400B69ED4C158101400B69E9DD
:10B6500085A58121645006F0EC8008107C04063931
:10B66000FB904A12647C030AEC7C08526C00104484
:10B6700006CBA853180682110EC4800081C16890C1
:10B680009C0058306F9006C44682A9CFB80F788CC2
:10B690000652267F4C05EC04400B69E9AE2FA77FCC
:10B6A00069ED4C25020AC00BF4B5E100A10BA40F13
:10B6B0000C098805C03864C564C10C19430DC03835
:10B6C00064C5006086F5C0E1EFDC42468818822B35
:10B6D0008816C2196E0D0C19A31BC0368000021605
:10B6E00003114C1181F58038C20984088325840632
:10B6F000EFDC40468408801BF3F84000006004063D
:10B70000C0E164C5020A80180210E3FC4011C404C1
:10B710001EF0C0000C0CE550DD93F27CEFDC4046DF
:10B72000802880180419C217F3F444208026A22F21
:10B73000C1C3DD93EFDC0286E0700229E084440A95
:10B740009A005C0864D50029A72BC02B8000022931
:10B750009C20442080004221FFFC1468FA00040C65
:10B760006C5100190029C02BC0156141E0840614FA
:10B770006686422AFA8004346C494031060A402B1E
:10B78000421AF0004011E00AC02B6C41810180A5F3
:10B79000F2000C0C0029DD93402B6C1DE008429652
:10B7A0006FF845E8E0084C960C06A30B8C0BC00024
:10B7B000F2000C0CC1C3DD93FA00040C6C550019A7
:10B7C0000029C02BC0156145E08406146686422A14
:10B7D000FA8004346C4D4031060A402B421AF000C6
:10B7E0004011E00AC02B6C45810180A5F2000C0CD1
:10B7F0000029DD93402B6C1DE00842966FF843084A
:10B80000E0084C960C06A30B8C0BC000F2000C0C4D
:10B81000C1C3DD93FA04044C0C09806BC01561456B
:10B82000EC040200F41C030A0C1982D5C015614116
:10B83000EC040410F424050A400A80D5008AE68648
:10B840008435E5446C1D0C290FF6402B03F6E00807
:10B850008C0B6008EFF840480D78A30B0C198000A2
:10B86000C015614161510C0904144015440AFA8065
:10B87000050AE68A8295E4A061450C290C39C015B9
:10B88000C0156155E68A443AE484048A0C298495FB
:10B89000402B6C1DE0084E76600842767DF88C0BDC
:10B8A000A30BEFF480000B2861410C190C09C015A3
:10B8B000C01561517A800214FA80040461490C3980
:10B8C000422AC0158613E686E4A0030A0C198415E3
:10B8D000C015614561550C290C39C015C015614D65
:10B8E000E686422A028A86138415E4846C1D0C299C
:10B8F0004E76402B4276E0088C0B6008EFF47B0814
:10B90000A065A30B61510C09000AC01586D5F01083
:10B9100061550C09A90BC0150C098635C01561418C
:10B92000E080404A0C0980E5C0156145E080400A8E
:10B930000C2982A5402B6C1DE0084E0660084206CB
:10B9400078D88C0BA30BEFF40C099805C01561494E
:10B95000F80C004A0C098465C015614DF80C004ACA
:10B960000C0982A5C0156151F80C004A0C0980E54C
:10B97000C0156155F80C000A0C2982A5402B6C1DDE
:10B98000E0084E166008421676988C0BA30BEFF475
:10B990000C098E85C015614188B5A30B61450C0962
:10B9A000A30BC0150C098815C0156151EC100000DF
:10B9B000F430010A0C09825540156155000081716F
:10B9C000008AEC108835F4346C1D0C294E36402B5F
:10B9D0004236E0088C0B6008EFF474280355A30B83
:10B9E000C0000E0661510C09B10BC015A90B8205F0
:10B9F0000C098415C0156155A90B016561550C0929
:10BA0000B10BC015817100D50C4C8E0BDD93F20487
:10BA10006C1D0C294E26402B4226E0088C0B60083A
:10BA2000EFF471E80E06A30B8E0BC000F2040C4C71
:10BA3000C1C3DD93FA0004CC8101006B66350C1B99
:10BA40009906C016424A9106420660804C11E004F5
:10BA5000C02B6C1D80000C586FFC6DE8A10B8C0B8B
:10BA6000C0000BF861410C0904F040150C19E420EA
:10BA7000C01561456682401AE43002F063094C014A
:10BA80008C0B4015E8004B8861490C099918C015CA
:10BA9000614D0C291138C0150C09C50740156141CD
:10BAA0004C118013402B6C39E188082461510C192A
:10BAB0008643401561550C29A30B401561450C398F
:10BAC0004C41C015C02B6C3D6C514C114C21C02B0E
:10BAD000C02B6C55060A80959C45F004F40C070AAF
:10BAE0004C218455402B6C4D4C31EA0DC02B6C45DC
:10BAF00063588C258C0B6FFC9C55A10B6C410C0979
:10BB000085E5C02BF010060A680D86154C21893199
:10BB1000C02B6C4D6C454C318685C02B6FFC620888
:10BB2000A10B8C0B0C0996B5C02B6C418615AB0B89
:10BB30006FFC6448FD158C0B6FFC6408A10B8C0B2B
:10BB40000C0992F5C0156141F495E80D6C510C1982
:10BB50004C11C02BC02B6C496C414C010C19C02BF3
:10BB6000402B6C45FA8000046C4D0C39401AC02BF8
:10BB70000C19E682C02B6C556C510C09000A402B45
:10BB80000416E0404C218000802C0C816C490C296B
:10BB90004C11C02B002B0C6DFA8002140C694C0167
:10BBA000443A802B401AE68A402AE6824C01E002A1
:10BBB000402C6C79FA80020466314C134498C0160C
:10BBC0008C0B68008295A10B6FF064E8A10B8C0BC5
:10BBD00073B880F58C0B682468304F0821118C0BEA
:10BBE0004C118321C01B656165414C210CCCC022E6
:10BBF000DD93F200681100490039C027402768151D
:10BC0000088A81010844E54000408188068A0C507A
:10BC10000406E500063481010034818800009A8022
:10BC200088068C40A13B8438C4080630C18806349D
:10BC3000C0004231C0000409FBFC000ADA800004A5
:10BC4000C4080000C188000440004401DD93810164
:10BC5000FA00040C680040C8A10B806B0C0C8085B6
:10BC6000DD93F2000C0C8C0B8B55F200FA04044CA3
:10BC70000C19806BC02B6C516C550C09441AC02BED
:10BC8000A12BE5020C398605C02B6C4D6C490C4983
:10BC90000C59C02BC02B6C456C410CC9464AC02BBB
:10BCA00048CAE50E464AE516443AE50E0365E00A41
:10BCB000EFFC04226C1D0C294E56402B4256E00826
:10BCC0008C0B6008EFF45CC88805A30B6C510C1951
:10BCD0008121402B6C550C090424C02BC2077A80AB
:10BCE000042201714C01ED00401B63054C11C21789
:10BCF000401B6301E004000663094C014C21C01B9A
:10BD0000C01B630D63114C718E0BC01BF2040C4CF5
:10BD1000C1C3DD93FA7C040CEC301EF08101006B92
:10BD2000630D0C7902F0401B0C99E420C02B6C5180
:10BD30006C550CA9FC0EC02B3C06890645188C0BD3
:10BD4000A10BE800C000100600081E859095A10B0D
:10BD5000641002F074F89E2B8C0B6FFC8E65A18B27
:10BD60006C3D0C390290402B3C48EC04EC0404A0E0
:10BD70006C390C5981C1402BA8338908608C083478
:10BD800064200660A053C06DC6570545124402C129
:10BD900051CDFA80F0945412790046A1F0A45622B5
:10BDA00082258CB66C510C990A54402BC297FA80AC
:10BDB000925301D56C550C4981C1402B6C390C59FB
:10BDC000C247C02B924320530E70C65782316C0479
:10BDD000F6B5A17B98F18101F27C0C0CC1C3DD9317
:10BDE0006C510039824B402B6C4900290019C02B43
:10BDF000C02B6C41C1C38725FA04040CEC301EF043
:10BE00008101007B826B7C0E02F03E0E7E98E42066
:10BE10008E0B6FFC8415A10B641002F041188E0B81
:10BE2000A10BE800FC048235401ABE140002E68231
:10BE3000180EEFFC98F18101F2040C0CC1C3DD93E4
:10BE40006C550039824B402B6C4D00290019C02BDA
:10BE5000C02B6C45C1C38125FA00040C8285A13B2F
:10BE6000E50A401AE00E400AEFFC00028101100EC4
:10BE7000F2000C0C0029DD93402B6C1DE0084256AB
:10BE80006FF44EE8E0084C560C06A30B8C0BC00078
:10BE9000F2000C0CC1C3DD93FA045E65EC100CF0EB
:10BEA000741C5E60BC6E8861FE8003FCF804170C95
:10BEB000EC301EF08193818341C6C18343266148E3
:10BEC0008004E00C418600168004E14802148018CA
:10BED0008016FC9CEFE456A86F9C6248C1C38101A8
:10BEE000FA00004C614841C6E00C4336001680045D
:10BEF000601100060004C020E148438680188404D5
:10BF0000FC9C02145518801660B8EFE481016F9C08
:10BF1000FA00004C614841C6E00C4346001680041C
:10BF2000601100060004C020E148438680188404A4
:10BF3000FC9C0214539880165F38EFE481016F9CDB
:10BF4000FA00004C614841C6E00C437600168004BC
:10BF5000601100060004C020E14843868018840474
:10BF6000FC9C0214521880165DB8EFE481016F9CAE
:10BF7000FA00004C614841C6E00C4396001680046C
:10BF8000601100060004C020E14843868018840444
:10BF9000FC9C0214509880165C38EFE481016F9C81
:10BFA000FA00004C614841C6E00C43A6001680042C
:10BFB000601100060004C020E14843868018840414
:10BFC000FC9C02144F1880165AB8EFE481016F9C54
:10BFD000FA00004C614841C6E00C43E600168004BC
:10BFE000601100060004C020E148438680188404E4
:10BFF000FC9C02144D9880165938EFE481016F9C27
:10C00000FA00004CE2C0002C614841C6E00C43F647
:10C0100000168004E148418680188004FC9C0214CC
:10C020004C38801657D8EFE481016F9CFE1C04CC7D
:10C030006FF84628807B806BE0000E2A400105F8EF
:10C04000050180004C018191402B6C1DE19400069C
:10C050001060009EC0AF641DEFE87D688265A10B93
:10C06000A0068701EFF84528EFF84568EFE449E8B6
:10C07000EFE87D08458601116AD8EE108C0B6F9CA5
:10C080006FDC00866A78811144C66F9C0086E000F0
:10C090004286600C4C15E03C400E60D960010206FF
:10C0A0004C05C07DC00E60CD60D14C054C05C00E66
:10C0B000400E60D54C058B01400E60DD4C158301B0
:10C0C000400A6D49E04043566E914C0101B6402C48
:10C0D0004C13E34840166739E0004216673D4C03B5
:10C0E00000764016C02060096E014C138711401580
:10C0F0004C118096C03864C10006830510606194BD
:10C10000C0AF641C231B80144C118311402B6C1D89
:10C11000C0000206C0004015EFE45AA8646018F0A1
:10C1200060188C0B8D04E8108255A10BA19B8F9495
:10C13000014680E58004E134A30B80045ED8889535
:10C140008C0B680C10B6202802B6E0088C0B600837
:10C15000EFF0786868384AC851F88C0B8C0B68048B
:10C160007D38A18B50006FF47D589C0041D8EFF4CE
:10C170000101EFE46A1883118C2B6FE40CCC900B57
:10C18000DD93F61C680C7A48008B8C0BA18B8C0B12
:10C1900048788085FBF5EFF4E81464E8A18B808B88
:10C1A0007A18F6558C0B6FF4E80045884001044876
:10C1B0008C0B0000EFF447686FF07F0801C68C0B12
:10C1C00042466FDC421EE00402168311E01C434627
:10C1D000F8084015EFE466A86800482800C68C0BF4
:10C1E0009711614CA39B00048181019100460016C8
:10C1F0000004E14C80169D11745880B58C0B680CBE
:10C20000020E808B40106001E5400006022B818504
:10C21000EC0400000233C934C69F841BFE15A10B39
:10C2200072FD41C6009EC02044188C0BA18BE838DB
:10C230008135E4B5E83843C88E1B0C0B6FE86F08F6
:10C24000808B8E2BE255A18B9F2101118C0B03312A
:10C25000E8344DE8808B7135612000C6800481117F
:10C26000010600168004E120014600168004E1204A
:10C27000018600168004E12001C600168004E1203A
:10C28000400600168004E120404600168004E120AC
:10C29000408600168004E12040C600168004E1209C
:10C2A000410600168004E120414600168004E1208A
:10C2B000418600168004E12041C600168004E1207A
:10C2C000000600168004E124004600168004E124E4
:10C2D000008600168004E124DD9380166265000963
:10C2E000024640150414E14C880981314420842819
:10C2F000202FF3ECE13440868311042600168004DD
:10C30000E134404600168004E14C01068836802462
:10C310008816802400368004E1344006001680042C
:10C32000E14C0086430600048016E000C1C3DD93A3
:10C330006805001B002BC00AC00A68016815003B95
:10C34000004BC00A400A6809002BE017400A680D3C
:10C35000005BA41F400A6811801EE037282FE027E9
:10C36000822EAA3FDD93C03EFA045E65EC100CF00D
:10C37000741C5E60BC6E8861FE8407FCF804170CB8
:10C38000EC501EF0819381830161C183E03C41F652
:10C390006FA055A8010681114F066198001AE14C63
:10C3A000E138440688449C34001CC2194601A101AE
:10C3B000402B6C1D101683118804831141F6006612
:10C3C0005418E03C7BD8EFA01C04E8144D188111F0
:10C3D000A8F1E808F0041F0CF6840FFCFD64BCF41F
:10C3E000C1C3C153FA045E65EC100CF0741C5E60AE
:10C3F000BC6E8861FE8003FCF804170CEC301EF064
:10C40000819381830106C18345066198001AE14C3E
:10C41000E13846868C548844001CC4194801A301A5
:10C42000402B6C1D141683118C0481118804801616
:10C4300067CD0019C819C02D67CD40118311402D5B
:10C44000E80849881F0C98F10BFCF004BCF4F68056
:10C45000C153FD64FA045E65EC100CF0741C5E6060
:10C46000BC6E8861FE8407FCF804170CEC501EF0CB
:10C470008193818341F6C1838111603CEFA04E48D6
:10C48000614C4D069804A5116C1D40118511402B7F
:10C49000E8084708E1384F4680189C04E080420ACB
:10C4A0000106864545066198801AE138C819883426
:10C4B0008C08801C8C06C20980188804F3F842108E
:10C4C00098048016E8347568022618044518E010B0
:10C4D0009C04E808400A800884C5E084619801064D
:10C4E000E13845068834801A801CD019C4098C08AC
:10C4F00088048C06421080180016F3F4E02002260F
:10C500004378980441F6E8088311603CEFA049C8DD
:10C510001F0CA8F10FFCF004BCF4F684C153FD64B9
:10C52000FA045E65EC100CF0741C5E60BC6E8861F1
:10C53000FE8407FCF804170CEC501EF081938183F5
:10C5400041F6C1838111603CEFA047E8614C4D0684
:10C550009804A7116C1D40118711402BE80840A8D2
:10C56000E13C0E4680189C04E080420A010684E506
:10C5700004066198801AE13CE01988348C08801C1C
:10C580008C06C20980188804F3F84210023600169F
:10C590009804E010E8047EE880189C04E084420AD5
:10C5A0000106860504066198801AE13C021488346D
:10C5B000801CFC94C4098C0888048C0642108018E6
:10C5C0000016F3F4E02002367D3898049C04E80459
:10C5D000400A80088A05E08861980106E13C04066B
:10C5E0008834801AFC9802148C08801C8C06C809B8
:10C5F00080188804F3EC421041C600168004E1382C
:10C60000421080188016F3EC001B9804C0156E09C8
:10C61000FC9802146E094013023640157A98E040E7
:10C620004C38E80441F6EFE08311603CEFA040C8CD
:10C630001F0CA8F10FFCF004BCF4F684C153FD6498
:10C64000FA045E65EC100CF0741C5E60BC6E8861D0
:10C65000FE8407FCF804170CEC501EF081938183D4
:10C6600041F6C1838111603CEF9C7EE8614C4D0630
:10C670009804A9116C1D40118911402BE80477A87A
:10C68000E13C0F0680189C04E080420A010686A562
:10C6900004C66198801AE13C02148834801CFC9C1A
:10C6A000C2098C0888048C06421080180016F3F822
:10C6B000E010024675D898041804E804E00C42968D
:10C6C000E8044C6880189C04E084420A010686A5B0
:10C6D00004C66198801AE13C02148834801CFCA0D6
:10C6E000C4098C0888048C06421080180016F3F4E4
:10C6F000E00C42A64AB898041804E804E020024678
:10C70000E804738880189C04E088420A010686A524
:10C7100004C66198801AE13C02148834801CFCA491
:10C72000C8098C0888048C06421080180016F3ECA7
:10C73000E00C42B648B898041804E804E040024609
:10C74000E804718880189C04E08C420A010686A5E2
:10C7500004C66198801AE13C02148834801CFCA84D
:10C76000D0098C0888048C06421080180016F3DC6F
:10C77000E08002466FD898041804E804E00C42C632
:10C78000E804466880189C04E090420A010686A5E9
:10C7900004C66198801AE13C02148834801CFCAC09
:10C7A000E0098C0888048C06421080180016F3BC3F
:10C7B000E10002466DD898041804E804E00C42D663
:10C7C000E804446880189C04E094420A010686C587
:10C7D00004C66198801AE13C02148834801CFCB0C5
:10C7E00000048C088C06FC9480188804F37C4210AA
:10C7F000024600169804E200E8046BC842E61804FA
:10C800004258E00C9C04E804420A801886C5E0986F
:10C8100061980106E13C04C68834801AFCB4021415
:10C820008C08801CFC98000488048C064210801838
:10C830000016F2FCE400024669B898041804E80403
:10C84000E00C42F6E804404800009C04820DFF1111
:10C8500000C686B58014E13C042484288426FC9C10
:10C8600080188004F1FC421003060016842AE19827
:10C8700004249804042CFCB8E8000246E80467A8E5
:10C88000430618047F98E00C41F6E8008311603CF1
:10C89000EF9C6DA81F0CA8F10FFCF004BCF4F6840B
:10C8A000C153FD64FA045E65EC100CF0741C5E600C
:10C8B000BC6E8861FE8407FCF804170CEC501EF077
:10C8C000819381830161C183E03C41F66F9C6BC819
:10C8D0004F0681110306614C1C04E198E13C464679
:10C8E000AB41042A40418C54C02B6C1D7CBC0024FD
:10C8F000040C832194268B1180668C0463989C041D
:10C900009C04E804EFE07128603C41F669B88311AB
:10C91000A8F1EF9CF0041F0CF6840FFCFD64BCF43E
:10C92000C1C3C153FA045E65EC100CF0741C5E6068
:10C93000BC6E8861FE8C07FCF804170CEC401EF0FE
:10C94000819381830161C183E03C41F66F9C67C89C
:10C950004F068111AD01614C83811C146C1D420195
:10C960008301402BEFE47288E13C41C604868014C9
:10C9700080048D119C048066E8045FC8603C41F629
:10C9800066188311A0F1EF9CF0041F0CF68C0FFCCD
:10C99000FD64BCF4C1C3C153FA045E65EC100CF035
:10C9A000741C5E60BC6E8861FE8407FCF804170C82
:10C9B000EC501EF08193818341F6C1838111603C6C
:10C9C0006F9C64284F068161AF01614C42019C1449
:10C9D000402B6C1D6EF881011C04EFE45C988F11F4
:10C9E0000086E8048018EFDCF8C0020A801880E5B1
:10C9F000F0C04210E080020A9C1482B56C15021946
:10CA0000420AC02B0019E0848018C070F3DC421089
:10CA10009C0480166C150019420AC02B8445E084E2
:10CA200068045A88E010027668D89C049C04EFE4FD
:10CA30006E09001B4210C015C0FD73FD6E09401346
:10CA40000146C01583116140001680040066831101
:10CA5000E03C41F6EF9C5F881F0CA8F10FFCF0044E
:10CA6000BCF4F684C153FD64FA045E65EC100CF06E
:10CA7000741C5E60BC6E8861FE8003FCF804170CB9
:10CA8000EC301EF081938183001CC1834000E2C022
:10CA900002067F00840EE19CE340001C614C4106CD
:10CAA000E14042C6B1310004834104246C1D403191
:10CAB0000846C02B8414812191110426E80455A84E
:10CAC0001F0C98F10BFCF004BCF4F680C153FD641C
:10CAD000FA045E65EC100CF0741C5E60BC6E88613C
:10CAE000FE8407FCF804170CEC501EF08193818340
:10CAF000001CC1834000E2C002067F00840EE19C5E
:10CB0000E340001C614C4F06E13442C6B3211C04D3
:10CB10004DC604144021E198C02B6C1D18168418D2
:10CB2000527893119808E80482E5A70B84A5A30B1B
:10CB30008665A50B8855A10B02961C045198E01040
:10CB4000C183E8048385C11302961C045118E08058
:10CB5000C183E8048305C71302961C045098E020A3
:10CB6000C183E8048185C31302961C045018E04079
:10CB7000C183E8048101C51300469806831161440E
:10CB8000812100048016A8F11F0C80260FFCF00400
:10CB9000BCF4F684C153FD64FA04044C68005EE8FA
:10CBA000A10B806BC0001D4863290C39404E402DFD
:10CBB000C0106CDD63210C190C29C02DC02D63251C
:10CBC000618408345478823982496F9C1BF8A10B28
:10CBD0000C39C000402D63396CE5400E0C19C010B3
:10CBE000C02D633163350C290834C02D823961842E
:10CBF0006F9C5328A10B8249C0001AA863490C39C5
:10CC0000010E402DC0106CED63410C190C29C02D94
:10CC1000C02D63456184083451D8823982496F9CA4
:10CC20001958A10B0C3BC000401669A96CF901CE44
:10CC30000C19C010C02D6359635D0C290834C02D38
:10CC4000823961846F9C5088A10B8249C00018080A
:10CC500063710C3941CE402DC0106D0963610C1910
:10CC60000C29C02DC02D6365618408344F3882398A
:10CC700082496F9C16B8A10B0C39C000402D63A9E6
:10CC80006D31400E0C19C010C02D63A163A50C2995
:10CC90000834C02D823961846F9C4DE8A10B824914
:10CCA000C000156863D90C39400E402DC0106D3995
:10CCB00063D10C190C29C02DC02D63D561840834B3
:10CCC0004C98823982496F9C1418A10B0C39C00012
:10CCD000402D64096D41014E0C19C010C02D640136
:10CCE00064050C290834C02D823961846F9C4B483F
:10CCF000A10B8249C00012C864390C39404E402D46
:10CD0000C0106D4D64310C190C29C02DC02D643537
:10CD10004A188239864B6F9C1198A10B0C39C000C0
:10CD2000402D64696D5500CE0C19C010C02D646192
:10CD300064650C290834C02D823961846F9C48C811
:10CD4000A10B8249C00010486F9C4F4841F68101F9
:10CD50008311603CEF9C478863290C0903C6402D72
:10CD60008414E1388209C707424604060C09E138F9
:10CD7000C02D6339C707841404068209E13840C610
:10CD80000C298014C02D6349C92784384630822974
:10CD9000A43FF3F88004843663490C198028C02D21
:10CDA0008419C917F3F444200026A22FE13841C6A4
:10CDB0000C2B8014C01669A9CB27843846308229F1
:10CDC000A43FF3F88014843669A90C2B8438C0166C
:10CDD0008429CB27F3F446308436A43F0C1B80040F
:10CDE000C01669A9CB17802844208819A22FF3EC1C
:10CDF000008600260C19E13CC02D636900168004F2
:10CE0000E13C014664E10C158004C00B0186001E64
:10CE10000C15E13CC00B64E5001E8004E13C03C638
:10CE200063A90C098414C02D8209C50742060406B3
:10CE30000C09E13CC02D63A9C707841404068209CC
:10CE4000E13C40C664ED0C158004C00B4106001E99
:10CE50000C15E13CC00B64F1001E8004E13C43462C
:10CE600063D90C098414C02D8209C50743860406C2
:10CE70000C09E13CC02D63D9C7078414040682095C
:10CE8000E140004664F90C158004C00B0086001ECA
:10CE90000C15E140C00B64FD001E8004E14002C699
:10CEA00064090C098414C02D8209C5070306040611
:10CEB0000C09E140C02D6409C707841404068209E7
:10CEC000E14001C665050C158004C00B4006001E3C
:10CED0000C15E140C00B6509001E8004E14042468C
:10CEE00064390C098414C02D8209C50742860406E2
:10CEF0000C09E140C02D6439C70784140406820977
:10CF0000E140414665110C158004C00B4186001EAE
:10CF10000C15E140C00B6515001E8004E14043C6BE
:10CF200064690C098414C02D8209C5070206040631
:10CF30000C09E144C02D6469C70784140406820902
:10CF4000E1340146800480048455BF0B6C1D0C291C
:10CF50000EA6402B02A6E0088C0B6008EFEC4808F8
:10CF60000E06A30B8E0BC000F2040C4C8101DD9366
:10CF7000F2040C4CC1C3DD93FA00040C0C09806B65
:10CF8000C02D632163250C197AD8C02DA10BEF9811
:10CF90000C099435C02D633163350C197A38C02DD6
:10CFA000A10BEF980C0990F5C02D634163450C1956
:10CFB0007998C02DA10BEF980C098EB5C02D63593F
:10CFC000635D0C1978F8C02DA10BEF980C098C75D6
:10CFD000C02D636163650C197858C02DA10BEF98C3
:10CFE0000C098A35C02D63A163A50C1977B8C02D33
:10CFF000A10BEF980C0986F5C02D63D163D50C19F0
:10D000007718C02DA10BEF980C0984B5C02D6401D1
:10D0100064050C197678C02DA10BEF980C09827568
:10D02000C02D643164350C1975D8C02DA10BEF9853
:10D030000C0C8085DD93F20064610C090C19C02D85
:10D04000C02D6465F2000C0CFF9834E8FA80000CE7
:10D050006C1D00294038C02BA30BEFEC41F6825524
:10D060008111603CEF986F08F280080CFFD839E816
:10D07000F280080CC1C3DD93FA0C040C0C0B806B1E
:10D08000C0156E09E080400A0C298235402B6C1DCA
:10D090000C0C8C0B3E38F20C4E46FFE80E09EFDC10
:10D0A000C209F810F8104E016C210C09A70BC02B17
:10D0B00042368CF58C0B6000E8005B8860044246C9
:10D0C000573883218C0B683081811C08F3F84000AD
:10D0D0009C089C06F3F440004E819C060C0BE0304B
:10D0E000C0156E0973FD40004C03C0FD40156E096C
:10D0F00040F88C0B75F8E8208C0B6FE8614400C693
:10D10000E000424600868004E144018600868004F7
:10D1100058B88C0B0C0CE8003478F20C4256FFD84F
:10D120008C0B6000E80058286E090C0B02064015B5
:10D13000FFC06001FC9800046E094C0341C6401515
:10D14000C02072FD020F800472C102060004C020DC
:10D15000040EFCC472C102068C0BC020F20C0C0C35
:10D16000FFD832E8FA00040C8225A11B6F9866C82C
:10D17000400683110C0CFA02DD93F2007A024C0691
:10D18000E03C41F66F9866088C0B8111F2000C0CA4
:10D19000C1C3DD93FA7C044C1206006B14C6E00890
:10D1A000574661141086E1108101613C8171099537
:10D1B0006C1D4C918C0B402BE80044881415A10B7E
:10D1C0000219C0008E75C000680048C828148C0B76
:10D1D0008418A10B420A8C958C25E0848E1B0C0BC5
:10D1E000E8004D08E0C8000A62388AB52C04E81C43
:10D1F000832181119511001668304D882C048C0B09
:10D20000801683118008A804E084404A4000160577
:10D21000C0000206C00040118018A004F3DC4210D8
:10D22000A0048016421080180016F3BCE11000C65E
:10D23000801880040016C219E0004126E87D827142
:10D240000C4CEE05DD93F27CFA0C040C6FEC7AC802
:10D250000E16806B42C660084C71E010402B6C1DAE
:10D260004A3881218C0B6830614400C6E124508625
:10D27000A014800484388028E080464A444A8465AB
:10D28000FE25E08CEFEC7A086C1D0C290216402B71
:10D290006E58E0088C0B6FE88095A30BE8304F4880
:10D2A0004F188195A004E830400A800880D5E084BA
:10D2B0008E0B8171F20C0C0C7858DD930C29EFEC7D
:10D2C000402B6C1DE0080E26600802266C788C0B43
:10D2D000A30BEFE8C0000E060C0C8E0BDD93F20CD6
:10D2E000FA0C040C6FEC76080026806B428660080E
:10D2F0004C01E03C402B6C1D457881218C0B683043
:10D30000614400C6E1245046A0148004843880287B
:10D31000E080464A444A84A5FE25E08CEFEC75483F
:10D320006C1D0C290E46402B0246E0088C0B600851
:10D33000EFE869688095A30BE8304A684A3883753E
:10D34000A004E830400A800882E5E084EFEC73C86E
:10D350006C1D0C290E56402B0256E0088C0B600801
:10D36000EFE867E88045A30B008681718004E13C0B
:10D37000D01980188E0B0016F20C0C0CC1C3DD9373
:10D38000FA1C044C806B027BEFEC70E860080036FE
:10D39000E00442266C1D4C018121402B683040681E
:10D3A00000C68C0B52C661448004E1248028A4147A
:10D3B000464A843884A5E080E08C444A7038FE25D3
:10D3C0000C29EFEC402B6C1DE0081066600802662B
:10D3D00064588C0BA30BEFE84558809581E5E83045
:10D3E000E83045288008A404E084400A100600E5DF
:10D3F000697D8000E0005126900B80A5F21C0C4C4A
:10D400006E18DD930C29EFEC402B6C1DE0080E76B6
:10D410006008027662388C0BA30BEFE8C0000E06A2
:10D420000C4C8E0BDD93F21C6FA50025A12BC00BBD
:10D430009A005C08E06C020A04CD00259AA58005DC
:10D440000025A51B800B0A0D840404200A0D40252D
:10D4500098C5800B0025A71B800B0A1584040420A7
:10D460000A1540259685800B0025A91B800B0A1103
:10D47000840404200A1140259445800B0025AB1B31
:10D48000800B0A19840404200A1940259205800B98
:10D490000025AD1B800B0A1D840404200A1D4025B5
:10D4A0008EC5800B0025AF1B800B0A21840404204D
:10D4B0000A2140258C85800B0025B11B800B0A2595
:10D4C000840404200A2540258A45800B0025B31BCF
:10D4D000800B0A29840404200A2940258805800B32
:10D4E00086C5B51B0025B71B800B0A2D84040420BC
:10D4F0000A2D40258485800B0025A31B800B0A097B
:10D50000840404200A0940258245800BFC04441051
:10D51000E074040A832180B56A3140250025C00BE0
:10D52000400B6A0164010600C627C0BA4486043372
:10D530004615E0004206E0344615FC060015E038CA
:10D54000C00B6A01441A82114015E10AC00B6A013E
:10D550000015A12B000B0A05800004060A014025D6
:10D560000210800B40158404800B0A05C1C3DD93B3
:10D570006FA50025A12BC00B9A005C086B750025D8
:10D580000600400BC0BB65D1E0004A868623C62753
:10D590004606C81E0045FC06C00B6B7598214A3E26
:10D5A0004A4A82414045E116C00B6B750035A15BCC
:10D5B000000B0B79800008060B7540450630800B88
:10D5C00040358404000B0B79F024020A020A98A566
:10D5D00088C5F004F008020A020A9A658A85F00CF0
:10D5E000F010020A020A9C259E45F014F018020A67
:10D5F000020A8AE58E05F01CF020020A020A902534
:10D600005C08F0000015DA00C00B6CBD82118824A4
:10D610006CBD40154025C00BC00B6CE50015DD93BB
:10D62000C00B6CC140158211C00B6CC14015881431
:10D63000C00B6CE90015DD93C00B6CC9401582115D
:10D64000C00B6CC940158814C00B6CF10015DD933C
:10D65000C00B6CD5821188246CD540154025C00BB9
:10D66000C00B6CFD0015DD93C00B6CD94015821109
:10D67000C00B6CD940158814C00B6D010015DD93EB
:10D68000C00B6CDD821188246CDD40154025C00B79
:10D69000C00B6D050015DD93C00B6CE140158211C8
:10D6A000C00B6CE140158814C00B6D090015DD93AB
:10D6B000C00B6CC5821188246CC540154025C00B79
:10D6C000C00B6CED0015DD93C00B6CCD821188246E
:10D6D0006CCD40154025C00BC00B6CF50035DD93BB
:10D6E000400B6CD16015020A8231C0086CD1403504
:10D6F0008834C00B6CF940358445C00B6015020AB4
:10D700005C08C0040015DA00C00B6D0D821188247E
:10D710006D0D40154025C00BC00B6D150015DD9338
:10D72000C00B6D1140158211C00B6D11401588148E
:10D73000C00B6D19C1C3DD936FA50025A12BC00BD4
:10D740009A005C086D1D00350800400BC0BD647177
:10D750006D250025C637C00B864302216D25402567
:10D76000A921400B4206D21E4815FC060015E01008
:10D77000C00B6D1D441A82114015E10AC00B6D1DCE
:10D780000015A12B000B0D21800004060D1D402566
:10D790000210800B40158404800B0D21C1C3DD9362
:10D7A000FA04044C0C05806BC00B6FA58AA5A10B75
:10D7B0006DE90C05A921400B668A440AE08806043D
:10D7C000F08C4E6200208C2340BD67C16A38A921CD
:10D7D0004006EF904E05FC06C00B6DC96DE90C05C7
:10D7E0008201C00B6DE94C05004A400B0C05F81C8A
:10D7F000400B0DEDC00002060DE94C150000C00BFA
:10D800004C05C404C00B0DEDF2040C4CC1C3DD93F8
:10D810006FA50025A12BC00B9A005C086EB10025F6
:10D82000863AC00BF008024B1824065A041AE08C02
:10D8300000C3C42758538023C0176D7D6D795813DA
:10D840005833C017C0176D756D7158434206C01725
:10D850004415FC06C00B6E916EB100158211C00B11
:10D860006EB14015024A400B0015F81C400B0EB576
:10D87000C00004060EB140250210C00B4015C404C0
:10D88000C00B0EB5C1C3DD936FA50025A12BC00B46
:10D890009A005C086F190025C634C00B60900824FC
:10D8A0000043C42748358023C00B6F2D4835C4344E
:10D8B000C00B6F2948358634C00B6F25481584147A
:10D8C000C00B6F21FC0642066EF944150015C00B13
:10D8D000C00B6F1940158211400B6F19F81C024ADA
:10D8E0000F1D00150406400B4025C000C00B0F198A
:10D8F000C40402100F1D4015DD93C00BFA0C040C7C
:10D90000614C4D06E1980346812118046E1047864C
:10D91000E1000AC60386040C042EE198E19803C6D0
:10D920000286042E4025E1A4400B6FA9E1000046C9
:10D930000486001E083EE10066A108100210C0BF68
:10D9400040B967F1E1000506944E980476F8881E08
:10D950001804EFF04071B571C02B6C1DEFF44EA8A8
:10D9600042C61804840EE198E82C49A8458618148C
:10D97000880EE198682C49884286820B040EE19853
:10D98000E03C41F66F946608001C81115006E2C02D
:10D99000C00061990046200E5618E19CA004EF9447
:10D9A000E340001C603C41F664D8831183816F948E
:10D9B00043861804C480601569FD40150396400B2A
:10D9C000D98463096C1D40714015C02BC00B6FA139
:10D9D0006FA540854058C00B9804E800C1C3FFD52F
:10D9E000FA0C040C41F6007B62D8E03C81116F9484
:10D9F000090181614E01B711402B6C194E118E0B3C
:10DA0000402B6C1D511883110E0BEFFCC0156E09D5
:10DA1000E098404A0E1982E5C02B64C58AF5A71B21
:10DA2000EFDC0286420A84188A25E080E080400A02
:10DA3000051188C54F988E0B5F78EFFCA10BE808A5
:10DA40005F9880B58E0B68080E0B806B40156E09D1
:10DA500040008311C0FF72FD6E094E0341F6401570
:10DA60005F18E03CA16BEF940711A4D54DD88E0B45
:10DA700072F8EFFC8E0B6FD4806B11E58E0B0911E1
:10DA8000EFFC4D4864D50E09A70BC02B108692D52C
:10DA9000A008EFDCF8C0000AA00880E5F0C0400054
:10DAA000E080000A0E0B9055C0156E09E080400A18
:10DAB0000E098E05C02B6C218C75A70B404AA0085F
:10DAC0008AE5E08C8E0B1B11EFFC4B086FD854C815
:10DAD0001D118E0B4A988E0B7C18EFFC8E0B68186C
:10DAE00064CD0E05E214C00586E5C20DC809A00884
:10DAF0008E0B2006E8187F286E090E0B8311401547
:10DB0000FC9800046E094E0341F6401559B8E03CFC
:10DB10000B11EF9448988E0B4138EFFC8155E80CBF
:10DB20008E0B1F11EFFC4828603C41F658B883115A
:10DB30000E09EF94C02B6C11E098404A11118A85B0
:10DB400047388E0B0E05EFFCC00E60F540068505CC
:10DB50004E05FC06400E60FD6F588E0B56B8E80867
:10DB60008E0B6808FC06400660F90E250E15C00EE7
:10DB7000C00E60F561014E058221C00E60F94E2590
:10DB80000010400E4E05EC04C00E60F5F815A10B18
:10DB9000C313C183603C41F6555883110064EF9470
:10DBA0000C0CFA80DD93F20C6C194011DD93C02B44
:10DBB0006E0D0019A31BC036DA005C086311001952
:10DBC000A31BC038002B82F540156E09E14C03C63B
:10DBD00044208414C0FF72F16E0940231EF8C01562
:10DBE000DD93FFD4FA84040C4106006B0004E114B9
:10DBF00083218371C4198018410600160004E128AE
:10DC000000768511E1284006007680047CD88C0BD4
:10DC10004046E828BD116128832100048C0B007662
:10DC2000F2840C0CE0283C28FA7C044C4186008BE2
:10DC30000004E1280311827B5672866B15467088BA
:10DC40008016E13440868D258311612881210004EE
:10DC500041C600768004E128020600167A58E010DA
:10DC6000900B6828614400C6E12C024684148004AD
:10DC70008038A824A14B8448884480858475A54BAE
:10DC8000E08C460A88348085FC95A53B6C1D1029E4
:10DC900002C6402B5E38E008900B6FE4E00812C625
:10DCA0008CD5A10B612C0086000481118004812198
:10DCB00041C6180E8004E128020600167758E010CD
:10DCC000900B6828614400C6E12C0246841480044D
:10DCD0008038A824A34B8448884480858475A74B4A
:10DCE000E08C460A88348085FC95A73B6C1D102982
:10DCF00002C6402B5B38E008900B6FE4E00812C6C8
:10DD000080D5A10B82710861E6C5D67D920B819109
:10DD1000F27C0C4CC1C3DD93FA00040C612842462E
:10DD2000041481610466832173F883114006E82896
:10DD30008004E128410600668004E1144210801846
:10DD40008016F3F4F2000C0CC1C3DD93E01800154B
:10DD5000E05000256127E017700142104025C30004
:10DD6000C0096E09E0500025FB8004240406241F2E
:10DD7000C3C060016E0D40150015C009ED17E054D9
:10DD8000F3F04210684140110015C027DD17E05440
:10DD9000F3F04210684540110015C0274011E058CB
:10DDA000C0386315E05800150406041FC300600165
:10DDB0008121051B80000226031540110200003856
:10DDC0008395E57088210434C63BF13762114231F6
:10DDD0008434C027C63BE137621542318434C02702
:10DDE000C63BD13762194231C534C0274231C63BE8
:10DDF000C027620D6061048AF8B5C00165D10200D8
:10DE000081214001463B837542318821C0266D71D6
:10DE1000E13784344231C63BC0266D75D137843436
:10DE20004231C63BC0266D79C63BC5346D6D42316B
:10DE30000434C026E040048AF13778F568014031A7
:10DE40000015C027E117E184680540110015C027BF
:10DE5000F117E188681140110015C027E117E1882A
:10DE6000681540110015C027FF17E18C67F14011BC
:10DE70000015C027F117E18CF0FC421067E140115A
:10DE80000015C0270025E18CE917E18C9E19472772
:10DE9000A41FA02967ED40110015C0270025E18CC3
:10DEA000E117E18C9E194527A41FA02967E94011BD
:10DEB0000015C0270025E18CD117E18C44203E19C4
:10DEC000241FF080E004040667E540110015C02718
:10DED0004015E190C00A6EE9E1FC00154013E1171E
:10DEE000C0136C29E1FC00156C2D40130015C01304
:10DEF000D117E200686540110015C0274011E2000B
:10DF0000C0276869E20400154011F117C027686D49
:10DF1000E20400154011E117C0276871E204001502
:10DF20004011D117C0276875E204001568794011C7
:10DF30000015C027F117E208687D40110200402754
:10DF4000C002643145348175EC0404206C294235EB
:10DF5000A12BC0090200FE354003643181B5812147
:10DF6000842104344233E137C01368594233C53445
:10DF7000C0136855E500048A0200FC954003673130
:10DF800081758921042045344235EC04C00A6B1D9B
:10DF9000FE35A12B67710000931140034124817568
:10DFA000EC040210603D4025A11BC0055D93FE35C9
:10DFB000C1C38101FA00040CEF4C022980B5A12BEA
:10DFC000EF3C02299625A12BF9310121815107410E
:10DFD000585283854C52780C82C3F890FC1818C9AB
:10DFE00091C1582F440A81B5C227609C73F944201F
:10DFF00018C040014420EC04A1CBD8748251FCB578
:10E00000E1400A0A0706F8F5040A61380C34FBFC03
:10E010009FF8059EFA80042402398C2E872BEF4C42
:10E02000074680F58C34E134AF3B8C34021986F519
:10E03000832BEF3C034680F58414E134AF1B84143A
:10E04000024684B50CE661948638E0086C1D002910
:10E050008466C02BF3F046300636C439E00802E689
:10E06000EFE07FE88255A10B005681858018E1948E
:10E07000F3F042108016C2198C0B8161F2000C0C77
:10E08000C1C3DD93FA00040C0206006B4C38E28039
:10E090005A98E82C8C0B6FFC45F601110C0BE00C28
:10E0A0005C388C3BA10BEFFC637882D58C0B6FFC4A
:10E0B0008C1B0C0BEFFC780880B5A10B6FFC6488FF
:10E0C00081018C0BF2000C0CC1C3DD93FA0C040C23
:10E0D000B911006B682C4A08E4100E6081212911E7
:10E0E0008E3B0C0BEFFC5A28A17B807B615880C5CE
:10E0F0008C0B6FFCE0001E08642010600921851164
:10E1000059388C0B903B6FFC8C0B007BEFFC6068EC
:10E110001D18A17B2014C000E1080E0604149C0405
:10E12000D11761C07A800614FA800424A1391F290E
:10E1300068005C681C048911E1140346841480089B
:10E14000830B8418C0001AE8E1340146800480047F
:10E150001A78A90B5A148000E1444F0604149C0459
:10E16000F11761C07A800624F87C4410788046302C
:10E170005A588B111C04E800E14842C684148008F8
:10E18000830B8418C00018E84F465A149C04E144DD
:10E1900061A00414FA8002147A800424F8804610E6
:10E1A0008B113F29E80058C843061C048008E14849
:10E1B000841884141758830B0C45C0000286601025
:10E1C0008404E148E1E0044444200038C43DFBFC01
:10E1D000E14780D5FA8004448065C53D84048026EB
:10E1E000038600088414E148830B8418C00015A836
:10E1F000E0100C05E0B8400A02468485D507614866
:10E200008609042404048806E14803C684148008AF
:10E21000CB178418830B8619C0001448E0100C0536
:10E22000E0B4400A02068485D107614886090424C7
:10E2300004048806E14803C684148008C7178418BC
:10E24000830B8619C00012E8E0100C05E0B0400A0C
:10E2500043C684458E0961448806842403C60404A9
:10E260008008E14884188414830B8E19C00011A81B
:10E27000E0100C05E094400A42068405C7076108D7
:10E280008609042404048806E114038684148008A3
:10E29000830B8418C0001068E0140C05E0F8400AF5
:10E2A00002C68445F10761489E09042404048806D7
:10E2B000E148420684148008830B8418C0000F28AC
:10E2C000E0140C05E0F4400A03068445E9076148C0
:10E2D0009E09042404048806E14842468414800808
:10E2E000830B8418C0000DE8E0140C05E0F0400A30
:10E2F00003468445E10761489E0904240404880616
:10E30000E148428684148008830B8418C0000CA85E
:10E31000E0140C05E0B4400A43868625C907610075
:10E320008409042446308838A03FF3F40404883676
:10E33000E11403C6841480088418C307C01FCD17D6
:10E34000E080424A0C05AAC5400AE0148605E0B008
:10E35000610043860424C90788388209F3F84630EF
:10E360008836A03F03C604048008E114841884148E
:10E37000C01FCB17E080424A0C05A485400AE01478
:10E380008625E0AC610043460424C507883884092B
:10E39000F3F446308836A03F03C604048008E11435
:10E3A000C3078414C7178418424AC01F9E25E08003
:10E3B000E0140C05E0A8400A43468605C507610045
:10E3C0008209042446308838A03FF3F804048836D4
:10E3D000E11403C684148008C5178418424AC01F7C
:10E3E00096E5E080E0140C05E0A4400A430684C5ED
:10E3F0008409610088388424F3F446308836A03FCD
:10E4000003C604048008E11484188414424AC01F1F
:10E4100090E5E084E0140C05E0A0400A4306848502
:10E420008209610088388424F3F846308836A03F9A
:10E4300003C604048008E11484188414420AC01F2F
:10E440008AF5E080E0180C05E0F4400A02468605F3
:10E45000EB07610487310414788C4602842886090E
:10E46000F3F044200426A62FE114420684188414F5
:10E470008619CB1784B5811BE0180C05E0071A1428
:10E48000700140008171430061C00414FB800214DC
:10E490006E094C25A20F40096E0D4C0581B5C009CF
:10E4A0006C1D0C294E66402B4266E00C8C0B600CF8
:10E4B000EFE05D680C0C8E0BDD93F20C6984082490
:10E4C000E9840A3418440048B85FE0840425A75B57
:10E4D000E98402448625A35B86A5A55B5C08A15B55
:10E4E000C44DDA00A11B8065A11B8485818586351A
:10E4F00082E5A11B5C08A31BC44DDA00C74D825501
:10E500009A005C08DD9380368205C44D80D5A11B3E
:10E51000DD93802680168111C74DDD93A31B806596
:10E52000DD93FC45FA1C044C986B008BEFF875C822
:10E5300067C10E80434640AE0121E00C7758900B36
:10E540008E3B6FF8A10B81911C1482357FFD45FE37
:10E55000434AC03F120CE408980EE2000C4C9A9E0D
:10E56000DD93F21CFA84040C61984F061C6E806BDC
:10E57000E1000206E82865088C0B1C14E8004088BE
:10E580008C0B1C14F2840C0CC1C38765FA84040C38
:10E59000807B026B60084026655002704E01C08986
:10E5A000402B6C1D641100600921C0116A988131F3
:10E5B0000060E81840116421650102702921C089BA
:10E5C00069F881310060E81840116471656102707A
:10E5D0002121C089695881310060E818401164B177
:10E5E00065A102704506C08989316018F2840C0C5F
:10E5F000E0182888FA7C040CECF01EF082BB006B5B
:10E600006E050C09A30BC03616099675C00464A1EB
:10E61000E3FC000A0C0994A540386321E19C4E0AF2
:10E62000001A81810B38E000C0002001600C005608
:10E630004C01967B402B6C1D66B112601460C0BF0C
:10E6400040C06521641100B002B0C0114014646183
:10E65000662116600460C0AE40AE65A165E1187029
:10E6600009BEC01F64C106607ECEC0AD65210860D2
:10E670007C2EC0AD65410A603E1EC0543C0E941B0A
:10E680005538920B8E2B6FC463210C094E0A40380B
:10E69000001AE19C07B8E000C0002001600C006691
:10E6A000656006604C01C0D8402B6C1D141B920B9A
:10E6B0004D988E2B964B6FC04E0A0DA54046E19C9F
:10E6C000434660084C01E14C402B6C1D641104B0C2
:10E6D0001860C01140AE65A1640110B00E60C0109A
:10E6E000409F67616611086014B0C0AD401365B10A
:10E6F000679112B017BEC010662116600404C0AE48
:10E7000066D102600FBEC0546451066019BEC09E3F
:10E710000D9E8EBB66710A608B8EC0A2FECE89AE46
:10E72000186013CEC0A364A108607C4EC06C670162
:10E73000964B3E4EBCCE9B8E9D2E951EEFB84988C3
:10E74000A18B808B405688750A606008C0A16470F8
:10E750006C1D4C014146402B1734E14C9924964BDB
:10E76000023080044014646165E10E30892EC01FC0
:10E77000FC1EFE7E9B249D14861B3E1E923B3CAEDF
:10E78000EFB44EE8A18B808BA18B8A456E890C0576
:10E790001056400A0C15C00CC00A6E8D6E910C25E7
:10E7A0000C35C00AC00A6E95693D4C034060400AB2
:10E7B0004C13DC00400A6941C00C025669454C23E9
:10E7C0004C33C00AC00A69490C1D0C294478C02B7F
:10E7D000100BCFE00C0CF8F1DD93F27C6008426680
:10E7E000E14C41466C1D4C110260402BC0B66701E4
:10E7F0000A601924C0A366E19B3480048E2B7C2E12
:10E800009514BE1EBC1E934469589D1417B4EFB4F2
:10E81000A18B808B9FFC30184E0A77A5C1C3E99C61
:10E82000FA7C044C4106008B008EE198E100020660
:10E8300068284F280191900BE6D45406836117B1E4
:10E84000817109C56E19101B00644015801FE8A472
:10E850009005A11BE13443868428841480A5A12B54
:10E86000801F84188CC5A11BF0A44C8268810C0900
:10E87000000AC01B410663FC8014E198049480E503
:10E88000900B7A80E800432868188145900B6FFC54
:10E8900068810C090606401B0C14E138EC0404B036
:10E8A000000A83611005E3FC1009DC28002707E556
:10E8B0005005A17BC00A6E698255842CE1984106FF
:10E8C000900B0014EFFC6988613806068C04807B8D
:10E8D000029180BC84B188A1E040120A8E0BEC95B5
:10E8E000F27C0C4CC1C3DD93FA0C040C808B027BD0
:10E8F000600840365001846B402B6C1D6411007021
:10E900000280C011406D65714FB88921813168184E
:10E910006421007002804011C06D65218131292180
:10E92000E8184F0860880064658002800225C06D89
:10E9300082037C0089310C13611D4E250025C00126
:10E940004E25E04040016121E0184506E0800005C9
:10E9500061254E050209C0014E01E300C00464A117
:10E9600063400209E0184306E686426A64A54E0148
:10E970008283400464B1007002804011C06E650162
:10E98000F20C0C0CE0180BE8FA3C040C15C6006BFA
:10E990001060E1A0405466D165411260286EC054F9
:10E9A00067610E60100BC0AE0C2B921B6A388E3B59
:10E9B000A10BEFCC28248455121B900B6C188E3BB6
:10E9C000A10BEFCC000014259C0040801C0042905D
:10E9D0009C0046708FCC68E86E890C15A10B400A2C
:10E9E0006E8D0C250E06400A0C358000C00A6E9113
:10E9F0006E950C454C13C00AC00A693D69414C2311
:10EA00004C33C00AC00A694569494C438265C00A53
:10EA10006C1D0C290E56402B0256E00C8C0B600C22
:10EA2000EFDC71E80C0C8E0BDD93F23CF87C040CEF
:10EA3000EC601EF06141001915C640150029E01078
:10EA400040156145422A81B10029E686C015621150
:10EA5000FA80021404000B2EC066664904007E2E64
:10EA6000C058665104007C2EC06B664597C5BE2E0B
:10EA7000F08C44026F410479E57DC0158B2482D56A
:10EA8000E68A483AF09044026E410429F02DC01AFB
:10EA9000544A80D58075E48882B115756991002942
:10EAA000A52BC02B40880444C0000A16D080442205
:10EAB0000891049586B5C005608404448023835181
:10EAC0006D2104630454C00CCF2DFA808088084463
:10EAD0009080484208910895880580058251082356
:10EAE0008023C2276D2104238D2DC00CFB55FAA570
:10EAF000FA8004540844CF2D48428084086B9080EB
:10EB0000800C0D2108238265C427825104258023AF
:10EB1000C0056891FAA5D22D0B24F905FCC4D59740
:10EB20004A2A899EFE24E68E60840654E0880854B2
:10EB300098433EC404640433FB27FB009853062922
:10EB40001064846383617B00858709C5F02D942858
:10EB5000544A80959025E48818248C2286C9E1F4D3
:10EB6000042498238527FB005822102412C0F1A00A
:10EB7000130AEDB0C0046475D52702E56D4018C0D6
:10EB8000E004524660A658CA89948221EC0818C055
:10EB9000E00A449A099483D5190A8221C00260458B
:10EBA000600A449AC00013E6402658CAC0041306FF
:10EBB000589202F59F91D1B066A658CAE004524619
:10EBC0006EC118C058CAC00418C0E0A6D82DEC14F5
:10EBD000C00004D6C0004A2184310261825108413C
:10EBE000ECB5CF6D06B4EBA5C33DFA800101D0555D
:10EBF0000C0CB0F1DD93F07CF81C040C63150019CB
:10EC0000A51BC03800199415C03864D19275A11B9A
:10EC10006141001981314015614500298941401544
:10EC2000E686442A621100190795C015FA8004246B
:10EC300070B04A02E68658CA67410A50816140575F
:10EC400098838585F0A04E026E410E99AB9BC01A49
:10EC5000C28786F510838083C00C6D21E1F4128495
:10EC600000938699401C626D108492838587FB0017
:10EC700082D5928D6A410E890099C01AC03864D538
:10EC8000D28DC38706410E704E41806B8261800039
:10EC900010641478CF8DFA808231F4B5FA8018347C
:10ECA000F0F5C5CD0C0C8101DD93F01CF804040CCB
:10ECB00061410019FB314015614500298141401532
:10ECC000E686422A6211002909F5C015FA8002146D
:10ECD000668A4A7A66400C005862C05818C9F09497
:10ECE000C0046C0118062BCB8675E0800E7980730A
:10ECF000C0156F4184A5A17BE084185481C11863BD
:10ED00006C010C63876DC0010CC480C58CC3E1FC31
:10ED100083C701F5600D0D0A59F6402082C5E07CDD
:10ED2000E17C0CC48CC3F96718C089C70053E5C8DF
:10ED30004AC18241C01A6241186483850D0A61F498
:10ED4000C003607C8CC386C9FB0018C485C776E508
:10ED5000617D0D0AF8B5C009E17C0CC48CC3FB676A
:10ED60007D6587C7E53018C0FA800E44EC35C37D59
:10ED70000C0C8101DD93F004FA9C040C5106006B2D
:10ED8000206EE198670112600315C0940C0B81712D
:10ED9000C01666356080404AE01000065C004060A6
:10EDA000DC004270CFDC42A88271650EE2300E0AB0
:10EDB0002014FAF50C0C8C0B8115F29CFA04040C4F
:10EDC000EC301EF00006006B4C01E00C402B6C1D7B
:10EDD000E14C414664810E6018604099C08B6461CB
:10EDE00004603E7EC0AE66A106600004C09F6761FD
:10EDF000652108600A6040A2C0A366E16218BCCE2B
:10EE0000A10BEFC80E0602A50C298000402B6C1D3B
:10EE1000E00C0E56600C025652188C0B0E0BEFDCF9
:10EE20000C0C98F1DD93F204E104000680088004E4
:10EE300082095D93FA7C040CEC301EF08101008B9A
:10EE40006FF0592881718111600447C61005806BED
:10EE500040096E0D656104801015C0ADC00A6D4992
:10EE60006C1D50315C58C02B809BEFC482C5A19BA8
:10EE70006C1D1029900B402B6FDC4F280311921B47
:10EE800057188C0B1575EFF07C6E927BE1040146F0
:10EE90006D5910158004C00A1005801EC00A6D59F6
:10EEA0006E0D10155BF8C0090000EFC4C08064014E
:10EEB000E1C012046FCC6488100B920B6BD8921BCC
:10EEC000100BEFCC65D8921B100BEFCC6898921BFF
:10EED0000146EFCC028661188004E1188424800882
:10EEE00004048806E1040386102B8008C0166739E5
:10EEF00050018414402B657DE10401C68321042C5C
:10EF0000673D101B8004C01641C6001C8004E10050
:10EF1000C2198018004600168004E104D019801838
:10EF2000900B001660CD101563F8C00E1009E82094
:10EF300040386315E1041406A50B83210E911019C6
:10EF40004106402C0005C1104011C000891140004D
:10EF50000016A8041015900BC00E60D1E82062685E
:10EF60008F612804006683211015900BC00E60D5B8
:10EF7000E82061C81676280400B6E0044C58900BCF
:10EF80005075E800400E60ED5075A10BC00E60E9B1
:10EF900060F150758885C00E0346FC640186E11857
:10EFA00083A1611880A6800480088404409A8201AD
:10EFB0005003E002C0156E01EFE04D68E11800C695
:10EFC00080A68004E8206608EFCC4F088C0B031164
:10EFD000EFF04CA898F10E0BF27C0C0C1015DD93A1
:10EFE000C00E60E560DD10058211C00E60E55015B1
:10EFF000A10B400E50158311C00E60ED60F150154D
:10F000009685C00E83913E9EA80489054210801803
:10F010008016F3EC8018A804F2FC4210A8048016B5
:10F02000421080188016F3F48018A804F3F84210F8
:10F03000A80480168321002660D11015900B400E85
:10F04000E8205B4883212804900B006660D51015EA
:10F050005AB8C00EA804E820900B00B6E800456836
:10F060009015A10B60E510058291400E60ED101522
:10F070008201C00E60E550058211400E60DD100572
:10F080005015C00EC00E60ED89210201EED5C19D64
:10F090006C1D10290236402B7E18E008900B6FD8AB
:10F0A000E0080E36831100AB45D8FC0421ABEFF02D
:10F0B0003E94806B80000E061029EF15402B6C1DCE
:10F0C000E00802366FD87CC80E36900B00ABE00823
:10F0D000FC048311EFF04488806B21AB0E066BF5C6
:10F0E00010058000400E6105E118034660E150956F
:10F0F0005095C00EC00E60E9D30D7C64010550959B
:10F10000BE94C00EC1C3E9D5FA00040C60D9001545
:10F110008121400E682054A800C6816103866144A5
:10F120008004E10080288414464A843800C5E090B9
:10F1300080000C16E08C444A8C0BFCE5F2000C0CB1
:10F14000C1C3DD93FA1C044C8101006B6FF040C811
:10F15000818181110186007B0004E118E00443D61F
:10F160006C1D4C111286402B8086E13C6E0D0C0507
:10F17000A414C0098201D9076E014C038408C0158C
:10F18000F37C4000000604068014E1044420842837
:10F190008426F3EC84288014F2FC44208014842616
:10F1A000442084288426F3F480188004F3F8421065
:10F1B00041C600168004E100421080180016F3F8E2
:10F1C000E104004680188004F3DC42107DB880160C
:10F1D000A404EFDC021480188016FC94EFC87E684B
:10F1E0008E0B0311EFEC7C08E11800C680868004CA
:10F1F000F21C0C4CC1C3DD93FA04044C4326006B93
:10F200000C01E004C02B65B56C1D4C11400AC02BED
:10F210000C09E084C02B05A943068C958418EFDC0B
:10F2200080B5A31B66E90C0985B5C026F700008AE6
:10F230000C1980D5C02666EDFCA5A11BE098404ABC
:10F240000C1980C5C02C6CFD8265A11B820DFF11BD
:10F250000C198215C02666ED0465A11B800040468E
:10F26000E094400A05A90C090260002B80AD05B1AD
:10F27000044102608418C09E08450C098203C0271F
:10F28000E100428684068414A10B8408840880A5CA
:10F29000E504008A404680958406E00061004E4601
:10F2A0009C048321421080188016F3DC80189C0493
:10F2B0000016C219479887118C0B682083211C0403
:10F2C000C419801899110016682047089C048C0BFB
:10F2D000C81980180C4C8016DD93F204E10441C675
:10F2E000801880048016C219C1C3DD93FA04044C4F
:10F2F0004246007B4598E0048121682000C6816178
:10F30000038661448004E10080288414464A8438DE
:10F310008425E098E08C444A0E29FE25402B6C1D84
:10F32000E0080C866008028669988E0BA30BEFD864
:10F33000C0000C06E8204A880C4C8C0BDD93F204CC
:10F34000FA00040C41F6016157D8E03C81116F8846
:10F35000E14441C680668004EFDC6EA8EFDC7148B2
:10F36000EFDC7328603C41F656D883110C0CEF8813
:10F370003358F200C1C3FFC8FA00040C40C6006B4A
:10F380004C01E008C02B6C1D6D490C054C05C006F6
:10F39000C00B668566850C057778C00B0004EFC04E
:10F3A0004C05FB80C00B668965390C094C01C02BEC
:10F3B000C02D6A35653D0C094C01C02BC02D6A3942
:10F3C000F2000C0CC1C3DD93FA00040C40D6006BB4
:10F3D0004C01E008402B6C1D0C059111C0086959C7
:10F3E00066794C050C09C00BC02B65CDEFC072A827
:10F3F0006A054C010C05C02DC00B637D667D4C0574
:10F400000C0CC00BDD93F200FA0C040CC417006B5B
:10F41000600840E64C018C13402B6C1D0205847B78
:10F42000C0066D6166794C050C09C00BC02C6E31AD
:10F430006D0D0C09A30B402C404A84150060E08C34
:10F4400000AD054D05A10260006080B340AD0549E7
:10F450000591026081C5C0B3608C404A65C00260FE
:10F460000060C0B380AD0545054100608008C0ADB7
:10F4700091110484EFC06E686A054C01A37B402D96
:10F4800003890C854C85800BC00B667DF20C0C0C3F
:10F49000C1C3DD93600848F640418231C02B6C1D2A
:10F4A00066710045A14BC00B06710045463AC00B82
:10F4B0004035C012C00B6669666900350045C00B57
:10F4C000C00B666DE192463A666940354021C00B3B
:10F4D000C02D69D169D54011DD93C02D6008430668
:10F4E00040118921C02B6C1D6A7140210019C02D6B
:10F4F000C02B65514015D617C00B66916D51001594
:10F500004015C006C00B669569D10019A51BC02D1A
:10F51000031184D540118121C02D6A7565F5001550
:10F520004015C00BC00B669965F900154015C00B5E
:10F53000C00B66A166B14025DD93C00B68150019AC
:10F540008121402D6A7540110015C02DC00B65FD4D
:10F55000669940150200400BC0B666C168150039B7
:10F56000872DC02D9A005C0878A8023502458221BB
:10F570000055F898C00B6669E692485A42458643A2
:10F580000235F810C237F810F8104235F81002357D
:10F5900069D50049C247C02D084B8043C014666935
:10F5A000E012463AF8104235F81002354235C337BA
:10F5B0000235F8100245F8880055F878C00B6669E6
:10F5C000E692485A844E8643C23784348434843E5B
:10F5D00069D50049C247C02D084B8043C01465510E
:10F5E000E092463A8434843EC53E8337C1C3F785F2
:10F5F000667D00154015C00BC00869456A050019F5
:10F600004011C02DC0226549C1C3DD93667D001540
:10F610004015C00BC0066D4D6A0500194011C02D84
:10F62000C01B6569C1C3DD93E0280225E02C0215EB
:10F63000695D402545F640084015E02CC008696129
:10F6400062C94023DD93C011FA9C040C808B046BCB
:10F65000608800645282827B433670805011E008DB
:10F66000402B6C1D668100900270C06D892164A0E2
:10F670006810648800908131406D6781E4B0027049
:10F6800081310921E81063E860184106E4C0027086
:10F690006682406AE024040680838531650100802B
:10F6A0000C0CC06E22D8F29CC1C3E010FA0C040C02
:10F6B000826B007B6CFD0E3943F6402C6EB8E00C7B
:10F6C00085216FFC6FFC70C867F88E0B8E0B6FFC8A
:10F6D000600840A665E002704E01C0B6402B6C1D6C
:10F6E000E14C414604700004C0B6664164A0086065
:10F6F00062188C3B008BEF94E00841266C1D4E0194
:10F700000070402BC08965A164C00260E02404063B
:10F7100068105F88900B8531F20C0C0CC1C3DD932F
:10F72000FA1C044C866B008B708852821219827B03
:10F73000401B688110398321C02C6CFDEFFC6AC826
:10F740006FFC6CE81219900B401B688165D8900B18
:10F750008C2B6FFC600840B665E002805001C0B69B
:10F76000402B6C1DE14C414604800004C0B666414C
:10F7700064A008705DF88E3B1229EF94401B6881ED
:10F78000100B806B76188E1B8C0BEFFCF21C0C4C54
:10F79000C1C3DD93613000C6E130030605460004B5
:10F7A0000786E13009C661304A06E13058466130CB
:10F7B0008004E1308414841400138824E1304086EE
:10F7C0008C3488248C34841386139044945490444D
:10F7D000945488138A13B0C48004B0C4800498136E
:10F7E00082035D93FA00040C0146006B0004E124DF
:10F7F000E12445466E090C158008C009C507882418
:10F80000440008344DB8F00C8C0B68206CFD0C19CA
:10F810008121402C64B54C054C21C005C01562E126
:10F8200062E94C214C11C015C01562EDF2000C0CC0
:10F83000C1C3DD93E118420684188414655D40114C
:10F84000DD93C022E118420684188414657D4011BE
:10F85000DD93C01BFA00040C0046006B0004E12895
:10F86000E1184206841480044C058201C0086945F1
:10F8700091110408EFC04E6865494C010C0CC02280
:10F88000DD93F200FA00040C0046006B0004E1284E
:10F89000E1184206841480044C058201C0066D4DB7
:10F8A00091110408EFC04CE86D010C194C01C02CFB
:10F8B000C01B6569655D4C110C0CC01BDD93F2002B
:10F8C000FA00040C01C6006B0004E13480048B31A3
:10F8D00065490C290C19C022C0226559695D4C0587
:10F8E00059F8C0084C05EFC040086961E00C43F6C8
:10F8F00065914C110C0CC022DD93F200FA0C040C43
:10F9000068206DC84278806B8C0B6800668100604F
:10F910000206406DC0206341600404064F18813127
:10F920000E60E810406D678181F5A18178400E0579
:10F930000C298B31C01B656965790C195718C01BE0
:10F940005D0EEFC0EC041080FC35A18BF20C0C0CAA
:10F95000C1C3DD93FA9C040C0206006B45B8E004B9
:10F960000E60E820406E64810195A1815D188C9B3A
:10F970005E788C0B650EEFD4EC041080FE15A18B25
:10F98000658100600406406D0131E0040C0C8C1BA5
:10F990000B78F29CC1C3E01065A10000020640890B
:10F9A000C020631D602404060AB88731C1C3E0107B
:10F9B000650100000206406EC0206101624004063D
:10F9C00009F88731C1C3E010FA7C040C6D911EF078
:10F9D000006BC004E13041466C6D0C2942C64022E8
:10F9E0000C39E13040226FBD4C41854140226C69A9
:10F9F000000481714C21822140226C6D4C31823196
:10FA000040226FBD64D104F00414C002E41006F07B
:10FA100095511D41818101C112C4836582C17A80E3
:10FA2000E112529A6696549A120CBB9B10A3E20004
:10FA300014A49283C4A7FA80FC2800B502A5C9BE0D
:10FA4000CDAEFC28E230180A0060FA35409065819E
:10FA500064D102F04506C00281316020E8104528DB
:10FA60006641006002F040924506E410813160205A
:10FA7000E8104488613000C6E130024604C6000444
:10FA80000414E138663106600824C08B8365814127
:10FA9000700C4A4018548241A75B608462000A0CD3
:10FAA00018C48EC38A737A80C4C708CEFC30006540
:10FAB000F8204665FC3002C5B14BCDCE1EF0FA559C
:10FAC000C0046591F27C0C0CC1C3DD93E1184206C1
:10FAD000841884146CAD4011DD93C022E1184206F5
:10FAE000841884146FFD4011DD93C02263850015D6
:10FAF0004015C00BC0086B21C1C3DD9363850015A1
:10FB00004015C00BC0086BF5C1C3DD93FA1C044C53
:10FB10008101008B6FE87288816181110006007B92
:10FB20000004E110E00443166C1D50118391402B3A
:10FB3000004600968004E108C2198018008600166D
:10FB40008004E108C21980187C9880167CF8EFF8D0
:10FB5000900B6FF882E5A10B6C1D10290C86402BD1
:10FB60000286E008900B6008EFD467A80B45A30B52
:10FB7000C0000C06EFD86E886FF874084558900BDB
:10FB8000900B680061144106E0044566801880040B
:10FB90000016C219E1044086435600040096E004B2
:10FBA000E118004650118004C02B6C1D00C6009661
:10FBB0008004E118010600961019E10CC02C6E5D5E
:10FBC00050218004C02B6C1D00C600161019E10CDA
:10FBD000C02C6E6500168004E10840866E61101925
:10FBE0008004C02C404600161019E108C02C6E6934
:10FBF00000168004E14441866E5910198004C02C1F
:10FC0000417600165001E004402B6C1DEFFC41F6DC
:10FC100068004908031181116A588E0B8C0BEFE8BC
:10FC2000F21C0C4CC1C3DD936E8100290346402CAD
:10FC30008414E110038604260029E110C02C6E858F
:10FC400004268414E11042C66E8900298414C02C55
:10FC5000420604260029E110C02C6E5104268414AB
:10FC6000E11005C66BAD00198824C02BF0FC4210D2
:10FC700043C608160029E110C02C6EA18426841406
:10FC800063150019A51BC0380EA500290246402C9B
:10FC90000215C1140416C00043068000021581102D
:10FCA00004268000E11402066E5500298414C02C3D
:10FCB000028604260029E114C02C6E8D842684144B
:10FCC0006EA90019211BC02CE110438684258424D1
:10FCD00008168111E110454688168824631500290D
:10FCE000A52BC038030684E5832161108375841435
:10FCF00008168311E11045468816882463150029EB
:10FD0000A52BC03841100306C0000406C000021530
:10FD1000050680D58824E1148125881600098426EB
:10FD2000402C6E9DE110024684068414C1C3DD930D
:10FD3000E11C04C608168824E11C05060816882460
:10FD4000E11C054608168824E11C0586081688244F
:10FD5000E11C05C608168824E11C44060816882400
:10FD6000E11C444608168824E11C448608168824B1
:10FD7000E11C44C608168824E11C450608168824A0
:10FD8000E11C454608168824E11C4586081688248F
:10FD9000E11C45C608168824E120040608168824BC
:10FDA000E120044608168824E120048608168824E9
:10FDB000E1144386840C8414C1C3DD93612401C61D
:10FDC00080048111DD938016FA0C040C0046006B50
:10FDD0000014E118E00804C66C1D4C218121402B61
:10FDE00011C603710426E124E12C43060426841481
:10FDF00080048511A00480768C0B0026E8185248F8
:10FE0000027620044C11E008C02B6C1D0C0C80768F
:10FE1000DD93F20CFA0C040C827B043B861B01215F
:10FE200068186C4800068161434661280004E12C93
:10FE3000E14404C68131041480C88824844884586D
:10FE4000500A88880405E08C80080D56C75745C7BE
:10FE5000C44702C9A6CF0459AACF084946C2A8CFB1
:10FE6000877BF81C70F8FA758C0BE818F20C0C0CF8
:10FE7000C1C3DD930286022B4011E008402B6C1DAC
:10FE8000F9958F11FA84040C0046007B4E01E008BE
:10FE9000402B6C1D7998826B8E0B6FFC600800867E
:10FEA0004E018F11402B6C1D8C2B8E0BF2840C0C91
:10FEB000C1C3F725FA7C044C613811462004806BDD
:10FEC000700102560E86F7AB1246613C0321E11425
:10FED000801E8BA180189C04F3F442108911001637
:10FEE0000016A40466188B118C0B6818E11416C652
:10FEF0008008AC046080400AA60599016FA90C1522
:10FF0000A31BC00B01C6A4658004E100404A800821
:10FF10009B016084A51BA2650B11A2256458832157
:10FF20008C0B6818E1104046800880046090404ABD
:10FF30009E859F016FA90C15A71BC00B24049CE58F
:10FF400083218B118C0B00A6E81863088008AC0491
:10FF50006080404A9A45A1016FA90C15A91BC00BEE
:10FF600001C698A58004E100400A8008A3016084CE
:10FF70002B1B96A5E10015C60B1196256158832110
:10FF80008C0B6818E1104046800880046090404A5D
:10FF90009285A5016FA90C15AF1BC00B240490E539
:10FFA000832185118B11001668186008AC048C0B36
:10FFB000404A8008A70160800C158E25400B6FA970
:10FFC000E11044468C45B11B8008A8046084400AB7
:10FFD0008A85A9018A45B31B610041068004851109
:10FFE00088048016404A80089D0160900C1586E5C3
:10FFF000C00B6FA98645AD1B81B1240483210B1171
:020000041002E8
:10000000E1105446410600B68004E1108C0B00B6A6
:10001000E8185CC88008A8046090404A80C5970131
:100020006FA90C15B51BC00B2014829570010476C6
:100030000604F7AB80BB7A804C35842EC00B6FA9C9
:10004000611041060004831100168321E10041067E
:1000500081110004911100160016A4045A588D1144
:100060008C0B681802662004F7AB70019C04801E9C
:10007000C41980189C1480164400840800B47C4085
:100080008426FA80F27C0C4CC1C3DD93FA7C040C0C
:10009000EC501EF0613853062404806BE004020625
:1000A0006C1D4C1154C6402B5106E1388018E134C8
:1000B0008016C2198018A404F3F84210A804801610
:1000C000421080180016F3F8E00402164C11A00448
:1000D000C02B6C1D8C0B0016E8187B686D150C0985
:1000E000807B402CE084404A400A824582E5E088DB
:1000F0006D210C19420AC02C8225E0886138004627
:10010000800489110C098016C02C6D15F81C004A5A
:1001100001758095E99C4E0A6D110C19A11BC02C2C
:10012000E0000E1A20010258400AC000400AE99C73
:1001300086C5E99CE094404A0C098865C02D63118E
:1001400086D5A10B022620044C11E004402B6C1D27
:10015000E1101646A31100160016AC0464788C0B4F
:100160000C09E800402C6E9DAC14807BA17B8406BA
:10017000000680E587116138801C800440469B950D
:100180008014E100442084280426F3ECE13C02863C
:1001900084288414FC9C042480048426C8198018B4
:1001A0000C098016C02C6D15E080400A0C0980C532
:1001B000C02D63119AA5A10B613800068004871138
:1001C0000C09801CC02C6D15E084400A0C0980E5E8
:1001D000C02C6D21E084400A0C098E75C02C6D1175
:1001E00028C5A10B80000E06026620044C11E00415
:1001F000402B6C1DA121A1B100600016C06E64816E
:1002000002F001754138E410EC040420A12BC5363E
:100210006538FE758C0B681C8C1B0C0BE80443289E
:100220000060007BC06E648102F001754528E41017
:10023000EC0416B0A1BBC1260C09FE75C02D67C920
:100240009CD5A50B680074480F258C0B2004807B7F
:10025000E00402466C1D4C110016C02BE13800462C
:10026000851100048C0B001668007B28807B8C1B9A
:100270008C05A17B61380006801489210336042C8B
:100280000004E0084C118B21C02B6C1D8B05802CC9
:10029000023620044C11E004C02B6C1D00460016F1
:1002A0000004E1380016831144588C0B0C09E81C3B
:1002B000402D67C9A10B807B709880B58C0B6800BE
:1002C0000006807BA17B6138871100048C15801C9F
:1002D0006B18EF958C0B6FF863110C09400AC02D59
:1002E0008275E0806FF875A86B588C0B8C0B6FF8DB
:1002F0006FF86E8881858C0B6FF857C80C0B8C0BD0
:1003000059388C1B1606EFF889116138001CAC04B3
:10031000E00801366C1D4C018C0B402BEFF052486D
:10032000807B2C048B11217B11E8801C2804800029
:100330008018A17B8016C2198018A4048016C219E7
:100340008018A404F3F8421092C58016A17B2404FF
:10035000C2198018A4048016421080188016F3F881
:100360008018A804F3F842108A9580166FF863C8C5
:1003700020048C0BE00402B66C1D4C118016C02BBF
:10038000EFFC51E8613C10862004839180188321A2
:10039000F3BC421000C600168004E1104210801821
:1003A0000016F3F8401895118C0B6818611041463F
:1003B0008014812180048426A0048096E01980188E
:1003C0000006801642E661380004E000001CA8F137
:1003D000E13C008680188004F1FC42108E0B001670
:1003E000F27C0C0C0C09DD93C02C6D15E088400AE2
:1003F0000C198C25C02C6D21E088420A20048A65E6
:10040000E00402766C1D4C110016C02BE13800464A
:10041000871100048C0B0016E8007BA867C90C0943
:100420008171402D80B5A70B68006528807B8C0BFF
:1004300063110C09404AC02D80E5E0806FFC4C68D8
:1004400077F88C0B8C0B6814E035A17B6D150C09CB
:10045000400AC02C8645E08C028620044C11E00442
:10046000C02B6C1D8C0B0016E80079C867C90C09FD
:10047000807B402D80B5A90B680062A8807B8C0B27
:10048000D8B5A17B6D150C09400AC02C8425E090DD
:100490006FD46F4820048C0BE00402966C1D4C1145
:1004A0000016C02B7BF88C0B0C09EFC4C02C6D150B
:1004B0006088400AD26581716D210C09400AC02C08
:1004C000D0A5E08802A620044C11E004C02B6C1DCE
:1004D0000C098016C02D6311E080404A70F8842515
:1004E0008C0B6FF86FF870486F188C0B8C0B6FF8D3
:1004F0006FF86F6879188C0B8C0B68004DD88335BA
:100500008C0B681C6FF8628801958C0B013181019E
:100510000C1B8C0B50588E2B8271EFF8E0400E0AAA
:10052000210BFCF53138807B7C38DFFC8C0B6800BC
:1005300066350C0B81714016E080404A9FFC308884
:100540006FF858280C098C0BC02D6311E080400A0D
:1005500062F88EB58C0B6FF86FF859685CF88C0BED
:100560008C0B6FF80C098765C02D67C98215A30B2A
:1005700068005AE8807B8C0B2DA8A17B2004DFFC4F
:10058000E00402566C1D4C118016C02B6C810C09C6
:100590000200C02CE51DEC0440C682C58311610435
:1005A00000168004E10C018602060004801EE800AB
:1005B000FFFC215840C6A10B020601040005800083
:1005C0004011800020A880004218FFFC8C0B6FF8BF
:1005D00043B620044C11E008C02B6C1D831100169B
:1005E00068007B4857358C0BC1C3807BFA7C040CB8
:1005F000EC301EF00486006B0C09E13CC03863153A
:100600000C19A50B402C0E99C1140106C000000561
:1006100080000206811001068000000541060016D8
:100620008004E114E01980188804801642108018B4
:100630008016F3DC80188804F3BC421000C6001654
:100640008004E110C21980188C0B0016EFE45A48A0
:1006500081013E0E50863C0E0391E124E1244E467A
:10066000612454C6A185810100067C0E4C01E0087E
:10067000C02B6C1DEFD4598860080016E01042C6EC
:100680006C1D4C018121402B6814690800C68C0B3D
:100690008004E144816580B8EFD4596863294C91A6
:1006A000A004C038400A800880C5E08063290C0996
:1006B000A10BC038560A8245FAE5E08C63290C0983
:1006C000A10BC038FD45FA55E8146DE88008A00478
:1006D000E084404A0C0980C5C038632980C5A10B5D
:1006E000EFD4572863294C9155F8C03855B8EFC05E
:1006F0000026EFD4428660084C01E03C402B6C1D84
:10070000653881218C0B6814E14400C680B88004F0
:10071000559881654C91EFD4C038632980089C04BA
:10072000E080404A560A8245FC85E08C63290C092A
:10073000A10BC038FD95FAF5E8146A6880089C049E
:10074000E084404A0C0980C5C03863298285A10B2A
:10075000EFD453A8E13C0086801880048016D0199D
:1007600063294C910086C0388004E13CD019801880
:1007700051B880160C09EFC0C02C6EA90106A30B5E
:1007800000058110409180009E258000E11400C684
:1007900080088004E084400A50589AA50036EFD4BF
:1007A000422660084C01E004402B6C1D5FD881217B
:1007B0008C0B6814E14400C680B880045038816511
:1007C0004C91EFD4C03863298008A804E080404AE7
:1007D000560A8245FC85E08C63290C09A10BC038C0
:1007E000FD95FAF5E81465088008A804E084404AFD
:1007F0000C0980C5C03863299225A10BE90DFC04C2
:100800004D38902500C6EFC0574661100004E11036
:1008100080188321F3F84210811100160016AC04F1
:100820005C3895118C0B681443462C040486E11047
:100830000096E13CE11400C680088004E084404A50
:1008400040000205C0000206C00040118018880464
:10085000F3DC421088048016421080180016F3BCA6
:10086000E11000C6801880040016C219E00C41F6A1
:10087000FC04BE0EE80D82019FFC2F88BC0EBE0456
:100880004A1881854C91EFD4C0386329EFC048E8FD
:1008900063150C094F064038A50BE11470B882159A
:1008A0008C0B6FF84C01BC0EC0386329E13C00860C
:1008B000801880048016E01980189C04F3BC421054
:1008C0003C0480160C0C98F1DD93F27CFA7C040C4D
:1008D000EC301EF00809804BC02D67CDE08C400A3B
:1008E000080B96D540166BE1668112401440C0B5E6
:1008F00040B56541BC4E817173F140008803C0FF73
:100900006401100000404028C0B366B100407C0E76
:10091000C09C674187B5BE0E7C04A80A73F14C00E9
:1009200028BAC0FF816B88636D9880F5880B6810CA
:10093000A10B3C44BE048C1580F5816B68106B28BC
:100940003C44880B88F5A10BA10BA40A240A86A5B8
:10095000A41AE0B7210B9E0973C1441020BFC0FF49
:100960000016C917A4BF0000E686400A4507E1BE8D
:100970000165902B5934801BEC040210A11BC93E69
:10098000C407FE7504918083827184A1E49C0F0AE0
:100990008101F0850C0C98F1DD93F27C6C1D082927
:1009A0004000402B4801F3F4402D67CDE00C0E369B
:1009B000600C02367538880B230BEFCC0E0698F1CD
:1009C0008E0BC000F27C0C0CC1C3DD93FA0C040C3E
:1009D000827B006B6D210C098181402CE084400AF0
:1009E00040C68AE585316104834100048C0B008692
:1009F000637D0C157978C00B822B681463110C0988
:100A0000404AC02D82C5E0806FF85E0848188C0B04
:100A10008C0B6814794102068C0B5DCDEFF862C82F
:100A20000C0B815564388E1B008BEFF446388C0B11
:100A30000C09E814C02C6D01653D4C01900BC022DF
:100A4000F20C0C0CC1C3DD936C8100090200C02CB8
:100A5000E51DEC0440C682A58311610400168004E4
:100A6000E10C018602060004801EE800A10BDD9364
:100A7000DA005C08610440C680048111DD938016B1
:100A8000FA7C044C826B007B6D390E098181402C0D
:100A9000E080400A0E099CE5C02D63116D414E8136
:100AA000404AC02C4070E0805E38DC001406C8006C
:100AB00091B161380E098BF5C02D6311E080400AB9
:100AC000120604750206C0005DCD79415DB88E0B3B
:100AD00001D5EFF80331808B0C1B8E0B6218922B23
:100AE000008BEFF4120A8291FCD5E0406D410E09B3
:100AF000A10BC02C0000140580000266800040138A
:100B00000D410E09000A802C1405F00440B380004A
:100B1000A18B000001118AF551788E0B0E09E800B7
:100B2000402C6D41A10B808B0000140580000276E3
:100B3000800040130D410E09000A802C1405F004BA
:100B40000296000040138000A18B00000E1B8295CE
:100B5000401666350E298E0BC02C6D096FC8418872
:100B6000808B82196D410E098201C02C6D414E01AE
:100B70000E09C02CC02C6D416D110E19C30DC02C77
:100B8000900BE675F27C0C4CC1C3DD9363810015BC
:100B90008531400B638500258141400BE0142C48D2
:100BA000FA00040C0C09806BC02C6D516080400A67
:100BB00082858101680056880C198C0BC02D67C98D
:100BC0004060AB1B68389C000C198FFCC02C6D5129
:100BD000E084420A625882858C0B6FEC67C90C195D
:100BE000B11BC02D9C0040608FFC67286D510C1913
:100BF000420AC02C82A5E088680056280C198C0B8C
:100C0000C02D67C980B5B31B0C0C8C0BCBF5F20063
:100C1000F2000C0CC1C3DD93FA84040C0C09806B48
:100C2000C02D6531E080404A0C0980E5C02D653556
:100C3000E080400A0D118C85794104064EB8DDCD67
:100C40008C0B6FF88085A10BF2840C0C6BD8DD93B4
:100C50008C0B6FF46AAD0C090C79C02BC02C6CFDA9
:100C60001E79A30B9C00406008106BA89A80027448
:100C70006D510C09400AC02C8425E08C613441067A
:100C8000E00845A6027400044C21FA80C02B6C1DBC
:100C90008C0B0026E8004D68F4F5A10B04060F113B
:100CA000DDCD79410C0C8C0B0B58F284C1C3FFF8DD
:100CB000FA04044C8101006B6FE06568007B8111D0
:100CC000E148418680088004E090400A0C098CC508
:100CD000C02D67CDE084400A0C098C05C02C6D1531
:100CE000E090404A0C0980C5C02C6CFD88B5A10B72
:100CF000603C41F64A7883114206EF7C8C0B600021
:100D0000EFE0794861380106E00C43F60C298004D5
:100D1000C02D67CDE088444AC00040154216FE351C
:100D20008C0B6000EFE0782867CD0C094000C02DE7
:100D30004C01F3ECC02D67CD8E0B0311EFE0614841
:100D40000C4C8101DD93F204FE7C040CEC601EF07F
:100D5000806B3E1E650D0C098111402B81A10B1E7D
:100D6000002A911C810160040098FE0EC000400121
:100D7000645002F077988C0B80ABEFC86048020695
:100D800064988C0B0060E81440096401610112064C
:100D90007C0EC020E6E41006817109156E190C0B5B
:100DA000400AC0158C65E49CF09C4062688100B9E3
:100DB000160AC01B8A65E3FC40010178BE04C0002E
:100DC0000406A10B061600244060800042901C001F
:100DD00042629C00450650A00646C0184060400094
:100DE00068F8DC000B34E804E4400AF08C1B0C0BC0
:100DF000964B7C24EFC87588A1AB80AB7E1484B57C
:100E0000910A81A1FB800214FE0E820312900271EE
:100E1000C002650166C11080FE7DC001FE04F005C0
:100E200062994C03140BC0160C0CB0F1DD93F67CE8
:100E3000E11000C680188004F3F84210DD9380169C
:100E4000FA84040C807B026BEFEC798882B5A10BED
:100E500066350E1B420AC01680E5E0808C1B0E0B27
:100E6000F2840C0CE01016E8F2840C0CC1C3DD9384
:100E7000638900158531400B041083411538EC2837
:100E8000C1C3E014FA00040C0C09806BC02D67C9C3
:100E90008235AD0B6FFC51C8A10B8C0B0C0982B5D0
:100EA000C02D67C9701C000A80D581010C0C8C0B09
:100EB00010D8F2000C0CFFFCDD93F200FA84040C55
:100EC0008171006B6D150C09400AC02C8CC5E09037
:100ED0006FEC55C85AB88C0B8C0B6FEC6FEC68E854
:100EE0000C098C0B403864B5A10B807B0421006099
:100EF000026000E18054070107410460066000546D
:100F0000805806418FD042A864B90C09A10BC038A3
:100F10000701006002600054805407410FD04788E9
:100F2000064004600C098058C038632180C5A10BBD
:100F30000C0C8C0B2BB8F2848E0BFFECF2840C0C97
:100F4000C1C3DD93FA0C040C0A86006B0C09EFDCBC
:100F5000C02C6D0D6D150C190C2BC02CC0166631F4
:100F60006CED0C79404A402C0C89E080C02C6C71EF
:100F70006CF10C494210402C0214DC20400A1C0C7D
:100F80000660E090C0B30531053506608C3880B34B
:100F90006D114C314610402C4C31FC10C02C6D159D
:100FA0004A0A94580424E0840424C084854BFA80BF
:100FB000DC1002341C504210E08C404A6D154C117C
:100FC0004010402C4C0193F0802C0D1554788085F6
:100FD0008C0B680463110C09400AC02D0C09E080D9
:100FE000C02C0D15D3F840000D154C01100A402CF3
:100FF0008465FFFC7A800084FA8002740C09811BEE
:10100000002C0D15800002060D114C114000802CA3
:101010004C0193E0802C0D150C0C8101DD93F20C3A
:10102000FA00040C680043084898806B8C0B680C2D
:101030006C110C09400AC02B8465E094EFDC40067B
:10104000400A800882B5E0806C210C09A70BC02BF8
:101050004FB882B58C0B6FFC68046B0881458C0B14
:101060006FD44EA8A10B8C0B575882558C0B68007F
:1010700080B5A10B680044E881018C0BF2000C0CD8
:10108000C1C3DD936C21001945C6402B4021E00807
:10109000C02B6C1D4226A31B40118000802B0C1D11
:1010A000A71B8A45A51B8205800042360C1D4011F6
:1010B0008515802BE00042466C1D40110286402BB6
:1010C0008428EFDCF0C04420E040040A842880E556
:1010D000F0C04420E080040A842880B5F3DC44207A
:1010E00000298426C02B6C11E094440AC000041629
:1010F000C0A042216E09001BC419C0156E0940131F
:10110000008640158018EFDCF3F84210DD9380165E
:10111000FA9C040C8101007B6FE04268818181119F
:101120006C210E09806B402BE00843D66C1D4E11DC
:10113000A50BC02BA70B88450E0BA275C0156E0919
:10114000737540000004C0FF4E03FC9440156E0907
:1011500060988E0B4838EFBC8E0B680064D50E0982
:10116000A70BC02BA50B8605008608C5A30B8FDC3B
:1011700003D588F5EFDC00866E090E0B4000C01524
:10118000C0FF7371FC9400046E094E030C0CC01573
:10119000DD93F29CEFDC0086424A801880E5E08C0B
:1011A0006C150E19420AC02B80A5E08401558008F9
:1011B000FC080004C8098008EFDC02864F9884060A
:1011C0008E0B6FE4EFDC1286400AA40882B5E08043
:1011D000400AA40882F5E0888E0B3D11EFE05268CA
:1011E0006800496887258E0B8E0B3F11F29C0C0C12
:1011F000FFE011C86E090E0502064009C0FA600141
:10120000E002401A64CD0E150404C005D017E18435
:10121000C20D8413C00000460002401AE14C038650
:10122000040E84140E0B9511C0156E09FC98000471
:101230006E094E038E0B4015EFE04F88603C41F67F
:101240006018831147D8EF785281EFF00311E0A0C6
:101250000C0C8C0B3878F29CC1C3FFDCFA00040C38
:101260000146006B0004E124E00843E66C1D4C11CC
:101270004546402B0C15E124C0096E0988248008DE
:101280000834C507F00C4400681079A802868C0B5E
:1012900048866FDC860EE03CC424860468B10C3BB3
:1012A000480AC00A000E6692C3D06400600E400A6D
:1012B0008823C9474002C50D020991884000C0003B
:1012C0004201DC04000640004C05C000C00564CDAE
:1012D000F2000C0CC1C3DD936E0900150406400931
:1012E000C0FA600164CD0005422AC005D007E006BF
:1012F000E1840414C01D8403C00000460006400AB7
:10130000E14C0386840E8414C1C3DD93FA00040CFF
:1013100041F6006B4C01E008402B6C1D4858B7119A
:101320008C0B6FE064CD0C15028AC00580F5E59446
:101330008C0B0121F2000C0CE01006C88C0B3B1149
:10134000EFE04748600442468C0B8121F2000C0C10
:10135000E0100608FA7C044C0006006B0004E1383B
:1013600000BC83B1E1940046A1AB80A80C29826542
:10137000402B6C1D67388C0B941B6FC80E08A10B9B
:101380000E60C00040B3645160B88C0B8E1B6FE0E0
:1013900067CD0C090204C02D420AE19082196080D9
:1013A00006314C13400A40168625E0846C110C1956
:1013B000424AC02B8465E09461380306E00C45F690
:1013C000404A84144225E0880C09C000C02D07CD96
:1013D0004000FE354C01F3ECC02D67CD64D10060B8
:1013E000106040B3C0AF641181A10F0E819113A5AD
:1013F000FBFC160A1311A60541788C0B120AEFE0CC
:1014000041067BFC4C01E000C02B6C1D41269CA5D5
:101410004C01E000402B6C1D5DD88C0B0F14E800D4
:1014200063388C0B1911EFE07FF88C0B4166EFDC11
:101430004C01E000402B6C1D6F388C0B80ABE8003A
:1014400098F5A1ABE00041366C1D4C018C0B402B94
:10145000E8105968A1AB80AB414696954C01E0007D
:10146000402B6C1D4A788C0B80ABE8149435A1ABF3
:101470006D090C090C1BC02CC01666356C040400E9
:10148000E00041566C1D4C019E29402B8C0B02192B
:10149000EFC077E8A1AB80AB41768E954C01E000C0
:1014A000402B6C1D54F88C0B80ABEFFC8C35A1AB42
:1014B00061380006E00043864C118004402B6C1D0F
:1014C000001C85115E388C0B80ABEFF48835A1AB26
:1014D0006C710C094396402C4C11E000C02B6C1D24
:1014E000E3FC000A0C1980E5C02C6CED1606811B8C
:1014F00001F58000411681A14C01E000402B6C1DDC
:1015000042388C0B00ABE800A1AB83918391E425BA
:101510008E1B0C0BEFE05468901B0C0BEFE057A8F0
:10152000D8E5A1AB6C910C09210BC02CE00041A6C1
:101530006C1D4C014060402B53D89C00940B8FC80D
:10154000F27C0C4CC1C3DD93FA04040CEC501EF089
:101550000306006B0C0BE008C0156E096C1D4C11E6
:101560008311402B6D094C11404AC02C81016094BD
:101570000D0D0C194C03C02CC01666716CE94C01A2
:101580004210C02C4C11DC40C02C0D0D69650C15AF
:101590000C29C00DC02C6D0DE000021AA00000380F
:1015A000442080C54C21F3DCC02C6D0D66350C1B2E
:1015B000442040164C01F3E0402C6CED4C21C22934
:1015C000402C6D0DE00C45F66CF14C21420A402C8C
:1015D0004C03E09440160681E088420A0CF94C2145
:1015E000420A402C4C01E08C402C0CFDE090420A59
:1015F00003354C05420A400B4C21E09CC02C6CF595
:10160000685880E58C0B6FF066350C1B420AC016DB
:101610008625E0A067F10C598C0B402767ED0C493B
:101620000C39C027C02767E967E50C290C19C027CA
:10163000C02767E1E8044188A17B807B0C1B9EF5F5
:10164000C0166635E0A4420A031182854E788121D6
:101650008C0B6FC0A17B807B0C1B9C35C016663544
:10166000E0B8420A7BF880E58C0B680CA17B807B9C
:101670000C0998B5C02D6311E080400ADC00406081
:10168000CFEC67C865510C094346402B0414E104B4
:10169000000085518E09EC040C098406C038632DC6
:1016A0004006210B4C01E008C02B6C1D0C0982F593
:1016B000C03863150245A50B80000A8600C5A30B40
:1016C00080000A660A46A10B026080004054654112
:1016D000641104600860C09E40A26671E43000F0AE
:1016E00006F021567F58E410A10BEF800C1D0C2949
:1016F0000206402B84B5C0046008441664500060A4
:101700004C21C09E402B6C1D64A102607818C0A3C0
:10171000A10BEF800C298605402B6C1DE0040216FE
:101720006E8D4C150E56400A4C05E00C400A6E8931
:10173000E00C02566FC849480E0B8C0B0C0CA8F13C
:10174000DD93F20469650C05A10BC00D0C0980E561
:10175000C02B6C11E094404A414684E54BE6614C55
:101760000004E00C66D106600C29C0544015630DDE
:1017700066E108600C19C0A3C01563096C1D4C51CB
:101780006278C02B0C09EFA0C02B6C116094404A0A
:10179000E00C00466C1D4C018645C02B66B1006014
:1017A000026040BFC0C0652164C10460066040ADF6
:1017B000C0AD65216FAC7288662008600060C0AE65
:1017C00040D865617078811104C66F707765E0104C
:1017D000C1C38171F87C04CC6D0D00C90316402C87
:1017E0004011E008402B6C1DEFDC48066C790019B5
:1017F0000079C02C402C6C75FC0010C46D0D40812C
:1018000000ABC02CC016663100198D1EC02C6D09AE
:10181000631500B50069C00BC02C6CF900198F1E50
:10182000C02C6CF56635005B0099C016C02C6CF1BD
:10183000F8600829E084440A0F1B8655061083319E
:10184000020A44040616E3FC120A00004031E3FCDD
:10185000402C6CF5808583210490959B4021C40425
:10186000402C6CF182CFF111C4C9076563FC020AF8
:101870001654964B832161B483310245E08406748B
:10188000FA8006348331071BC40406106CF540311E
:10189000120A402C80E5E3FC02A4C2A7839BFA80D5
:1018A000C40404906CF14021560A402C80A5E080CD
:1018B000FA80023480F5CE1DE080564A464A80E523
:1018C0008085E0805880015558C0FC1808BBF3E0C3
:1018D000EFDC48066D0D40C1580A402C82C5E084FB
:1018E000FA80026483110F1B44040260F3FC0C0AAB
:1018F000800002166CF940110029C02C402C6CFDB0
:10190000FFF8020EFFF80C0EE3FC040A4404022068
:10191000E0B44A0A6CFD40118855C02C42C29111B6
:1019200018C4788422CFFC0C40C1A11BC02C6D0DC3
:101930008D149015020A8F3480E5FBFC7A80021426
:10194000FA80043484F5832B6CED00198321402C3C
:101950006D094021020AC02C88D5E3F08D148575ED
:10196000020A8F3482A5FBFC7A800214FA800434C8
:1019700080E5832BE40402306D0940118395C02C6F
:101980006CED00199121402C788844C2FC0C18C4DD
:10199000832124CF6D094021020A402C40C1E3F08D
:1019A000C02C6D0D0C1080654061E404C02C6CED02
:1019B0006CED0019A11BC02C42C082C54011F3BCC4
:1019C000C02C6D0D421090189016F3F86D0D00C9E3
:1019D0008315C02CE08C584A00198225C02B6C114D
:1019E000E094424A58C000B558C0DC4040C1F3BC46
:1019F000C02C6D0DE08C584A00158405C00B631592
:101A00008265A11B633500258311400B0220972BB3
:101A10004015C404C00B6335F07C0CCCC1C3DD930E
:101A2000FA04044C680C46880E01807B402C6D0142
:101A3000008A816182D5E1B86C1D0E290C46402BCD
:101A40000246E00C8E0B600CEFC470A80C06A10BD4
:101A50008C0B8000F2040C4CC1C3DD93FA00040C23
:101A60000C09806BC02C6CFD80F5A10B6C6D0C0912
:101A7000404AC02C8265E08C63350C05A10BC00B7D
:101A80000C158265C00B631580D5830B6D150C0991
:101A90000555C02C0C09C609C02C6C6DE090400A9D
:101AA0000C098625C02C6C898485A10B680C4248E2
:101AB0000C118C0BC02C6D056C890C290C01C02CF1
:101AC000C02C6D01F188461282F5870D840D8223AA
:101AD0000C098295C02C6D15F3F040006D154C017A
:101AE0000C0CC02CDD93F2006D150C194C01C02CB0
:101AF000C02C6D054C11C619C02C6D15C1C3FF3526
:101B000082C5A93B02A5A33B818804248485A53B0B
:101B10008485A73B5C08A13B0FD8DA008975FF706C
:101B20005C08A12B45349A00EC0404207BFD463070
:101B3000C13EDFFF8131FF6583318145DD93812522
:101B4000F81C040C900145274BFE0141C03F7FFD6E
:101B5000048485950674A33BC4C48841A0114664DF
:101B60001BFD50804E709FFF1FFF1BFD12748A8F5C
:101B700058C060E09FFF1BFC1BFD4C60B09F1FFF27
:101B800010C4517761C7E0C0FB800E7418C4506761
:101B90002E8FFA804095B86F4085F8084065F804AC
:101BA000C54DF00C0C0CF4F5DD93F01CF81C040C86
:101BB0009001452749FE0131C03F7FFD7FF10A0EAC
:101BC000180E403FC03F7001026583D58631700C0E
:101BD000F8080275F8040285781052624095F167A2
:101BE000127478080A9FE0A02C9FE177E0C00C8473
:101BF000780440952E6F986F4065D1874085F0102E
:101C0000C53DF80C0C0CF875DD93F01CEC401EF093
:101C10006018002900498131BE3EE010C5277C3E96
:101C2000A72B7E3E668A464A0A2683411806000094
:101C3000826580008151252B814103C1A32B80C582
:101C4000015180F5814181C1FCCEBE5EC008FE4ECF
:101C50000034001301B5FA80484A81310AF0610A64
:101C60008231E4100A45C447C546FC10FA800834A6
:101C7000FC95C14DA0F10101C1C3DD93EC401EF004
:101C8000601C002900498131855160147C3EBE3EB4
:101C9000272BC527E68A484A18167E3E8205800013
:101CA00081C1252BA32B80A5015180D5BE5E81C1AA
:101CB000FECEFC3E813142080044001381A5FA802B
:101CC000610A484AE4100AF0C4478231FC100A4510
:101CD0000834C546C14DFA800101FC95DD93A0F1A1
:101CE000F81C040C610C07C6E10C490646060CC43E
:101CF0000C64E10CE10C46864F8610540C44E10C58
:101D00001C348B81E4600E001C988175EC041080FB
:101D1000DD98F196A18BD9961800FE35896164741F
:101D200071788155EC040C60A16BD5761D51FE7560
:101D3000815580CB0A507168D166EC04FE75A15BB9
:101D400095411C0141588155EC040840A14BCD56EA
:101D50000020FE7583316C0468800034080081C166
:101D600000346C040A00E88881016C048161034539
:101D70000E54E92D000448B08255DB80E8B00E44D3
:101D8000006000730034E4300E7468800E03FB8042
:101D900086C18261FAB58D1B610442066BFC010AA3
:101DA0000414C0FFDB80000404010000040CC080A8
:101DB0000C0C8101DD93F01CFA04044C4216006BFC
:101DC0006298E0000C09E80C402B6C45E10C42469F
:101DD0000E600414C0AF6431000CA90B0406E200CD
:101DE00071588E0B8C1B6FFC6438026074788E0BFC
:101DF0000C19EFFC402B6C39E46000606C410C293D
:101E00008131402B0C498185A14BFC044116807522
:101E100082118231FE15C53D6C3D0C090260402BDC
:101E20000C39E474402B6C45446281410195F0808B
:101E300088589C218075A15B824145068221020160
:101E4000FE15C74D6C450C298C0B402B6C410C19B1
:101E50007478C02B4298EFFC8C0B68100C4C8101FD
:101E6000DD93F204FE7C040CED401EF04016006B86
:101E7000089BE0044C0186AB402B6C1D010184BB28
:101E80005EB1828B8A7B613061205EA1E2800206B6
:101E9000E1105E919F0EA10E5E019D0E5E01E0D0ED
:101EA0005E01E0C08C0B60B0E80C5B689F21011103
:101EB0008C3B0C0BE80469A860900084E18C0284E0
:101EC00040000D8E4E09F1C0E0040E6A718450028C
:101ED000937E8F0100B8958E80004001FA800084C7
:101EE000150E90015E0191019F0160B040A20F0E9E
:101EF000B20FF9AC9AA5A10B4F761E89118EE000A6
:101F0000F0AC50A2928307656C1D0C294376402BE0
:101F10004A58E0008C0B6FC45EB1A10B5EA1C130CA
:101F20005E91C1201548C110160AC00081017000E1
:101F3000440400B0F000164A6200020CF000144A9B
:101F40006200040C141A828381117000240502A01F
:101F5000848340007000124A060C8121121A62002C
:101F60000490F00040002405049B868380BB82AB74
:101F7000F265E88D5EB193045EA1E1301104E120C9
:101F80005E91A30B5E07E1101504E03CE4200E0017
:101F90001E75897E160A40201074FBFCB003FA807F
:101FA00044000C251504F07CE080500AA12B8875B4
:101FB000A001888560D05E01F3C0420065C4028A3A
:101FC00002808E0B0080043C5E118C04838580D0DF
:101FD0006C1D0C294376402B4418E0008C0B6FC419
:101FE000E0004F760F48A10B9BA1C000E1205EA14D
:101FF000A12BF1458440000060D05E015E018E0B94
:1020000000F0E0C016F065003E0EE4D0E4C008F039
:1020100004F00B2E3CBEE530E4B00AF08C0B01114D
:1020200068004DE81EA98C3B140A60C08605FBFCC5
:10203000E0804E0A443C0270CC040070C0D05E11B7
:102040008B0482B5E040000AC0281E05C440000091
:1020500080281E0560D05E015E018E0B00F0E0C09E
:1020600004F064F03E0EE520E4C008F00AF03CBE47
:102070000311E4B04B388C0B8C3B680060C01E9998
:10208000FBFC120A504A86A50E70E0805E71CC04FB
:102090008495C0D0A10B8B0480281E0580D05E01E2
:1020A000950482A55E01A001420060D0028AF3C0BF
:1020B0000E80E5C45E718C085E7180D000F0E0C0D7
:1020C00004F064E03E0EE510E4C008F00AF03CBE07
:1020D0000511E4B048388C0B8C3B6800807B85810F
:1020E00096D5A17B8C3B13141E198F04A11B60C0D5
:1020F00040101E25FA800004FB8040A27B804092A5
:10210000FA80021440205E25FB80421204049104F0
:102110008C0B7A80E80456A8A17B807B0C0B903551
:102120004CD88C1B1E07E80040C6603C0004E10848
:1021300001218511020681710016C000E1084106E7
:10214000022C80040026E200E108414600168004CB
:10215000E1084186020C80040026E200E10841C645
:1021600000168004E10C00068311000400460016EE
:102170008004E10C008600868004E10C8D3480260A
:102180009F14A1044C319D24C02767E167E54C01F1
:102190004C11C027C02767E967ED4C214C71C0275F
:1021A000402767F51304A9319F248B411D04A11416
:1021B0004616A10B08F64000442AC000D017668ED0
:1021C000E692400A8023822369594C250E0BC008F1
:1021D000E5401EF0F67C0C0CC1C3DD93FA7C044C88
:1021E00093348F3E8B7591649488909894F5D19D2B
:1021F000500218A81079F0A44027634156A283C169
:1022000010B4F1A44E7061901684FBFC16C4FA80E1
:10221000967FE8AC8675A17B108A0FC40EB6F410C9
:10222000161600004E7280000E7491A018799A80E4
:1022300016B47C249893889CA476B67F0E70887818
:102240008876EC0482718C7498A88C7E7A8012A4B3
:10225000EC040E106480149098A6E57DA11B8455B3
:10226000148A865584F5F6000E904AA750A0ED44D6
:10227000B073F08090789876EC040E7081B590760B
:10228000F3FC150A0E9082159876ED880E70907802
:102290009076EC08A18B888881C5EA156C1D002911
:1022A0004366402B6DB8E0084D666FC0A10BE00897
:1022B000816180550C4C8C0BDD93F27CF87C040C16
:1022C000EC401EF066B104009131408B8141015514
:1022D0000630494EA13BEC040121FE9501518131AC
:1022E0008B95814110447C2E7E1EFA80F408088A6A
:1022F0008881042881913E4E0C2488AB0E24619481
:102300000469E19CE18418240E242E6F0879E18C85
:102310002E6F90C9386F9E294867A9C18000581652
:102320008B612C2F00000CF6FA800E244E0A857566
:102330008665E4A47A8008A4F000065A7000060AB4
:10234000041C98BB025462004447FA80DC005660CB
:102350004402051B0415F09040086BAD8010160672
:1023600044159613C0086BAD600C121A0A0A8291CC
:1023700054807BFC0A0CBC00B19BE2007C24F63547
:10238000BE4483397C0C040A020C82217E14E200D4
:1023900082118243F43C050A0101E8C50C0CA0F14E
:1023A000DD93F07CFA7C040CEC301EF04056006BA0
:1023B0004C01E000402B6C1D7C0E810171788C0B70
:1023C0000C09E800C02B65F9E080400A05010060B7
:1023D0000206409B4FF8C00004064F6C0C09C01861
:1023E000C02B6C2188F5AB0B6D210C094000C02C73
:1023F000C209F3F06D214C018C0B402CEFF47AC82C
:102400006D210C09807B402C4306217B8321EFDC6E
:1024100040000426C409F3F06D214C018265C02CF4
:102420006C1D0C298C0B402B6FC061A8A10B8E1B5F
:10243000C0000C388111017181A1135512B43E34D2
:10244000D09DFA80004A9C359AC5FBFC7000060AB4
:102450000111960B84058121F004060A0000000694
:102460009C0042B004060225060A800082B5F008EE
:10247000811101014C01962BC02767E567E94C11DA
:102480004C21C027C02767ED80F5A17B6FF476480B
:10249000807B8C0B8245A17B6C1D0C298C0B402B07
:1024A0006FC05DE8A10B8E1B02F0A0F58C0B6420C1
:1024B000E8004E88807B7C0465F90C194486402B2B
:1024C000400AE03C420AE00ACF07E0808405FC0EA7
:1024D0007A8002A4650004600614C09B0433E0887F
:1024E0008C0E8223E40044B14411BC140C1BE500A3
:1024F00040156AF9C30D82A1D19D862507F50C0907
:1025000016B04027E675C4046AF50C1BC11DC01542
:102510000C1B8205C0156AF143F6430D8855E00C8B
:10252000415603C5BC14E000160A83D543F6701467
:102530008615E00C020ABC148495F00C6AF50C1B9D
:10254000C11DC0150C1B8205C0156AF143F6430D71
:102550008215E00CE000414667F54C0143F6402748
:10256000030AE00C86D5F40C67F50C09004AC02775
:102570008605FBFC67E10C298C0B402782113E1E6F
:1025800002143C1E41D8FA80808BE8001656EB8D71
:1025900000060000D4658000E000413667F54C017C
:1025A0004CA1C02740266CF173D88C0B4106EFB4C8
:1025B00081116FDC0E0B80160C0C98F1DD93F27C10
:1025C000F81C04CC67F10059A71B402718240131DF
:1025D000153CE18C05418F6180040F56021604857D
:1025E000251B8000E0084EA60000020680001006B1
:1025F000231B82650295814103568111834160044A
:102600008111291612F08381B09FE4503863A476BB
:10261000FBFC0A4A701C58200A648121FF617A8001
:1026200000000486E8B01864084405554C12FA808E
:1026300010F070880063E4500C798B1B40276341D5
:10264000E1FC0C140C6482634C12FC001069F198DC
:102650004E727C180C7F9830A17B816150045070C1
:10266000C1840E744C627E750634D0A088137A80C3
:102670008A1D8C330034F6A50CCCFA80DD93F01C57
:10268000FA0C040C827B006B6D590C059121400AF9
:102690006E0D0C155EB8C0090C29EFA8402B6551D2
:1026A000E11843468351041484188448637D0C3533
:1026B0009E49C00B8E19C9170224235F63F8E0906E
:1026C00004546FA84678E890808B6FE8601002068B
:1026D0006598902B8E3B6FA8A17B807B0C2982E5AF
:1026E000402B6C1D4BB88C0B8E1B6FC00E06A30BC2
:1026F0008E0BC000F20C0C0C8101DD93F20C0C0C63
:10270000C1C3DD9364C100390216402B4011E00CB7
:10271000402B6C1D00198341C01562196635002BD2
:102720000059C016C02B650D6C7540110019C02CE6
:10273000402B6C11700544204031C080402C6C7DD2
:102740007EF944200039C079C02B65096094424A63
:1027500040118511C02265956D3140110206402C53
:102760004041C000C02C6C8D6C8540514023C02C72
:10277000C01666356D3540314011C02CC02C0C811F
:102780000E1940134011C015C02B0C59C1C3DD9365
:10279000E01402296635003B8444C01606348229C1
:1027A0004045FC00400B63154033A43F401666359E
:1027B000EFDC088660240229FC0C0634C2279058FE
:1027C0004A500429A45FF3F402299056C627E02852
:1027D000A62F902966354023042440160239FC10A8
:1027E000C837E02CA43FA039663540334630401648
:1027F000C0FF737DE03002294420CA270029F08001
:10280000402B64C54033A43FC0166635E010023942
:102810004031A72BC02C6C71002980F5C02B6C11A6
:10282000E094444A022982650239E0184021E02000
:10283000C02C6C79663140330229C0160039E03C67
:10284000C02C6D216D3900598229C02CFC00063442
:10285000601C02294031A43F402C6D21FC04063449
:1028600060400249F3F84A506C8940210400402C32
:10287000C06E64C18449C2474041A64F402C6D21BF
:10288000F3EC4840E0440239A65F82396D3940518B
:102890000239C02CC437E048A64F88396D21404129
:1028A0000239C02C0049E04CC02C6D154630CA37A7
:1028B00048407080A64FF37C6D1540410239C02C12
:1028C0000049E050C02C6D5108448239A64FFC00ED
:1028D0006D5140410844402C0239FC04C237E05499
:1028E000A83F84396D5140310634402C0249FC0820
:1028F000C447E058A83F88496D5140314630402CCC
:102900000249F3DCC647E05CA83F90496D51403175
:102910009F31402C0249816506306034C946EC0481
:10292000FE55A13BE038022968FD40210219C01B79
:102930004011E034C0226FB9C1C3DD93FA00040C2A
:10294000EC601EF00C05806BC00A6D6562190C19F5
:102950000C29C015C02B6C2165B90C393C0EC02B5D
:10296000111681010F3683118B06A32B82258D163C
:102970008285A72B5E11A52B04260024808580006C
:1029800045F613060345E00C0C4B833140156E09E8
:102990000C25FD51C00D6965212BCB47060C852107
:1029A000C84B6200041613364642C0000C49F99425
:1029B000C02B65B58B21092600162706C040701173
:1029C00082490B0E8C0B1536993697369D269B1631
:1029D000A1169F46A516A316EFFC69688C0B1E1B5B
:1029E000EFFC6D880C0CB0F1DD93F200FA00040CE2
:1029F000EC601EF070000216E00404068101006B1A
:102A000083113E1E8B2111269B16BC0E9F069D2610
:102A1000A306A116A706A506AB16A916AF06AD1606
:102A20008C0B13069716951666D899161E1BEFFC8D
:102A30006AF88C0BB0F1EFFCF2000C0CC1C3DD9313
:102A4000FA00040CEC601EF08321006B61D10C19BC
:102A50000C39C015C01562196D650C058916C00AC0
:102A600065B90C191136C02B3C0E87318F168101C8
:102A700065B50C191B36C02B8B068D3182190D26BE
:102A800002161F16C0407011A1269D36A526A3264A
:102A90001306A7068B1E8C0B97269526633899265E
:102AA0001E1BEFFC67588C0BB0F1EFFCF2000C0C16
:102AB000C1C3DD93FA00040CEC601EF08321006BAF
:102AC00065B50C098141402B62190C390A16401575
:102AD000BC4EF000618C020411368209F888421263
:102AE0008B311F068C0B3E5E9D369B26A346A1466E
:102AF000A716A546AB46A926AF46AD269526934612
:102B000099269726EFFC60088C0B1E1BEFFC6428AF
:102B10000C0CB0F1DD93F200FA00040CEC601EF036
:102B20000416006BC00460116C210C09A131402B0C
:102B300083213E2E8B3111366034004A020C810114
:102B4000BC0EE2009D369B26A1069F06A526A30685
:102B5000A926A7161306AB06AD268C0B9526AF2625
:102B600099269726EFFC5D088C0B1E1BEFFC612855
:102B70000C0CB0F1DD93F200FA0C040C0206006BB1
:102B80007498E2804046E8040F8660044C01E0102F
:102B9000402B6C1D81958C8B6381100940F8C027F8
:102BA0006106E800EC040E70FCF5A17B457601118E
:102BB0000C0BE0000C0C8C3BA915F20C6184040496
:102BC000E18C020470804420F03C480060840604DC
:102BD000282FA0194630C607A22F710072004000AE
:102BE0005D93A62FC1C3A40F60044826640C4B0656
:102BF0004041C020402B6C1D640D48068135C0202B
:102C0000D1C6CDC8FEB58B4B81158531FA7C044CFD
:102C10004106006B0004E1144786867B524660043F
:102C20004C31E12C402B6C1D0038AD7BE03981B17B
:102C3000000600360004E118E00447966C1D4C3194
:102C40008331402BA4048036868580B68A05A37B19
:102C50008CC5A57B9025A77B92E5A97B8445AB7BA2
:102C600096B5A17B612C010680049F11014600B638
:102C70008004E12CA4048016421080188016F3E42E
:102C800001868BA58004E12C01C600168004E12C8E
:102C9000A4048026421080188016FD80010689C594
:102CA0009F11612C00B68004E12C0146801680043F
:102CB0008018A404F3E442108016C419010687C5E5
:102CC0008004E12C014600168004E12CA404802637
:102CD000CC19801885F58016612C0186E0004376BA
:102CE00000B68004E12C01C6801680048018A4047C
:102CF000F27C421083F58016612C0186E000437659
:102D000000B68004E12C01C6801680048018A4045B
:102D1000F27C4210FC94021481D580166C1D0C29A3
:102D200011A6402B03A6E0088C0B6008EFBC598865
:102D30009A85A30BE12C54C68008A80480F5A10B4A
:102D4000E13401468004800482B5B10B6C1D0C296E
:102D500011A6402B03A6E0088C0B6008EFBC5808B6
:102D60009485A30BE47D240488D580188121421921
:102D7000428600167198E03C8C0B6800614400C6E6
:102D8000E1340546A814800480388824480A844821
:102D90008085E080B54B8844460A8E158085E08C9E
:102DA000B53B88340C29FC75402B6C1DE00811B62E
:102DB00003B605756019E00800168121E03C4286E3
:102DC00068006F4800C68C0B054661448004E134FE
:102DD0008824A81484488038E090480A8844808574
:102DE0008475B34BE08C460A88348085FC75B33B10
:102DF0006C1D0C2911C6402B03C6E00852F8E008F0
:102E00008C0B6FBC8045A30B73D881812404E80030
:102E1000E00802F6410600B68004E1146C1D4C1176
:102E20008018C02BF3BC4210000600168004E11885
:102E3000900B00B6F27C0C4CC1C3DD936004485685
:102E400064200B864041C020402B6C1D6411080695
:102E50008135C020D1C6CDC8FEB58B4BDB758D3119
:102E6000643149064BC64020C0206439CDC8813545
:102E70008B4BD1C68B31FEB5C1C3D9A5E0044476D6
:102E80006C1D402141C6402BC020643905C6016538
:102E9000C020643DC136C538FEB5850B81015D9308
:102EA000FA1C044C8111007B81310121EFFC6B087D
:102EB0000E70006BC09A66F1640D5106A19140201E
:102EC000E1088175EFFC67C812905D06A19BEC04D8
:102ED0008C0BFE35F21C0C4CC1C3DD93FA1C044C68
:102EE0008111007B87310121EFFC69280E70006B96
:102EF000C0B366B164211186138640208175E0104D
:102F000065D8E1085D06EFFCEC041290FE35A19B4C
:102F10000C4C8C0BDD93F21CFA7C044C0046006BCD
:102F20000004E118E00442366C1D4C1183B1402BC3
:102F3000613055C600B68191E13410C60096A804F0
:102F4000E134000684288014F3C0442080048426E1
:102F50009E198018FF404210008600168004E1345C
:102F6000A0048096A10B8008014680F58004E1341E
:102F7000BB0B80040C2982B5402B6C1DE0080FA60A
:102F8000600803A646B88C0BA30BEFBC28048A4547
:102F9000E03C428600B6812160788C0B00C6E800D8
:102FA000054661448004E1348824A01484488038B4
:102FB0008085A14BBD4B8844460A84758085E08C92
:102FC000BD3B88340C29FC95402B6C1DE0080FC6D6
:102FD000600803C644388C0BA30BEFBC817180459D
:102FE000E80065280096A804E118004600968004D1
:102FF0000C4C8E0BDD93F27C0025A11B000B0521F0
:10300000812C43C68000021580004225A31B80C589
:10301000A51B808583658225653100250206400B4E
:103020008414E1300025842E400B6521E12C43C639
:10303000042E8414E1300206653100058414C00BAF
:10304000DD93840EF80C044C611804460834A51B6B
:103050008C468141A31B882543061025A11B812C8A
:1030600000399A35402D6531E12C43064BB60414E6
:1030700089C1E00C84488239F3F848408731264FF3
:10308000437604460049E00C402D6531653100006F
:1030900007D5C0B50049C247402D6531E12C430634
:1030A000824984344A508C58A85FF3F884348C5693
:1030B000653100498C58C02D8849C247F3EC4A500D
:1030C0008C56A85F00498434C02D6531C2478C58A6
:1030D0004A509049A85FF3DC04148C56E0084BF684
:1030E000653500391806402D8448E004A039C837FA
:1030F000F3BC48408F31264F43F604460049E004B4
:10310000402D653565350000CA47C0B5612C4D06B8
:103110001874984FFA8006348A8F9C889C86A88FF2
:1031200080089844C5079058270F8209A05F825FE6
:103130000804905680168311F00C0C4CC1C3DD932B
:10314000F80C044C61880414E198478686190C54E5
:103150006090082464B00600A24FC08B0A43C447A5
:1031600081D5815118C05D844C85EC04A1CBF01051
:103170002031FE5508408251C00164011846A55B0C
:103180004C4040007C95DC00DC004E306198468667
:10319000E0004B866516442A640000000C34C08CA5
:1031A000E00C48068151033565124C5AF0B04E12BE
:1031B000006584638C737C3088C144779C6E867311
:1031C000E0E0180A7001FC55B55B825118067E5587
:1031D0008101C000F00C0C4CC1C3DD93F83C044CE1
:1031E00061880614E0080B069321061966964A3A90
:1031F000E0900834668A581A65B00C00A24FC08B64
:1032000081C118530E608375898164408AAB089B25
:1032100059AE8185EC041080601C4C958891C8A142
:10322000FE15A18B0A5002C1C0026501650008406D
:10323000A5CB8E6B4B86FA3508006000C090658088
:103240006516463AE00C40068151035565024E5A18
:10325000F098501270985242867388614E8A8E831D
:10326000A47EE68AE2305285E0E00C0A0251FC15A9
:10327000B55B984B44E01840C0000C068101FCD5BA
:10328000F03C0C4CC1C3DD93FA00040C6FFC4468A5
:103290008C0B806BF2000C0CFFF005E800005D93D6
:1032A000C028654100005D93C02B6611610803864C
:1032B00084149D21030604260424E10808168311C2
:1032C000E1144506883888240836C83960010606A6
:1032D0000025C040C00A6EF1A121472D0805002934
:1032E000014600278004E128010600268004E12829
:1032F000DD938016E128038684288414872B843884
:103300000220FEB54011ED5CC02C6D01C1C3DD9300
:1033100060084356E12805866C1D40118814C02BB7
:1033200084388428FEB5872BED5C02206D014011A6
:103330004011C02CC015613165394011DD93C022A8
:1033400060084366E12805866C1D40118814C02B77
:1033500084388428FEB5872BED5C02206D01401176
:103360004011C02CC015613165594011DD93C01B5F
:1033700060084396E12805866C1D40118814C02B17
:1033800084388428FEB5872BED5C02206D01401146
:103390004011C02CC015613562F140114011C015BB
:1033A000C01B655DC1C3DD936E01000B07064015B0
:1033B0000C34E1448721A12BE686400A00C60C0E9E
:1033C0008014E1445C08842680049A00424A8018F4
:1033D000FEA5E08C80168111C1C3DD936E01000B48
:1033E00007C640150C34E1448721A12BE686400A2C
:1033F00001860C0E8014E1445C08842680049A0047
:10340000424A8018FEA5E08C80168111C1C3DD936D
:10341000F800044C61384BC6143485618C48A12BEC
:10342000F3EC484048460C4610C4E144B0368131C4
:10343000B06690C4303690C4E14458866E01000BEB
:10344000B0C4C0156686400AB00E871100169004FD
:10345000E13C000684C8801484C6C8C98018800472
:10346000F3EC421094048016C819801880E5801689
:1034700080189004E08C424A8036FEA5F0000C4C87
:10348000C1C3DD93614400C680048111DD938016C1
:10349000FA9C040C43E6029B086BE0044011867B17
:1034A000402B6C1D41B8848B4206E800C26761184E
:1034B00084690414424604968414E1184286048602
:1034C0008414E118420604768414E1104420842810
:1034D000AC2FF3F40C0C842683F5F29C61144106A6
:1034E000E11447868141001484188428CB278C344A
:1034F00082190429A41F0C5A80348C4C8C48E05744
:10350000F3F8484000348C46F984405242408C48DD
:103510008C16F2FCC1C3DD9361144386E1C0040440
:1035200048000414CA07F004F10040004306042CCC
:103530008424E11446308838A83FF3F88414883690
:1035400044208428A02FF2FCDD938426FA9C040CEE
:1035500041F6009B066BE0045201847B402B6C1DFE
:103560007BD8828B1229EFFC402C6E95E11C024621
:10357000C887041471C0488004269E79E118434628
:1035800088388424F23C46308836A83F8428841446
:10359000F3C044200426AE2FE11C02868466841406
:1035A000F29C0C0CC1C3F7A5FA84040C826B007B5F
:1035B00065350E390E29C02BC02B6539653D0E19B6
:1035C0007C58C02B0E0BEFFC66B88C1BA10BE800DF
:1035D0000C0C8085DD93F2848C1B0E0BF2840C0C9A
:1035E000E00027E8FA3C040C41A6006B4C01E00423
:1035F000402B6C1DE00443A66FFC7D88807B8C0B08
:10360000A4D5A17B653D0C290C19C02BC02B6539B5
:1036100065350C0964B8C02B008BEFA0E1040146AE
:10362000902B00040CA58094C0096E0D65410C39E7
:10363000920BC02B6FA064884C05941B400B636DEC
:103640000C39920B402B654963D8941B902B6FA0CB
:1036500063654C05920B400B65450C39941B402B60
:103660006FA063284C05902B400B63710C39920BB3
:10367000402B654D6278941B902B6FA06D590C15F3
:103680009121400A63694C05020BC00B5EF8941B44
:103690004C05EFA040066D49E11C02864C058414E0
:1036A000C00869416B1D4C054C05C008C0086BF192
:1036B0004C018408C01B65714C018408C02265510F
:1036C0004C018408C0226CA1434604088414E1180C
:1036D0006FF14C018408C0224C019E09C01B657526
:1036E0009E09840865554C018408C0224C019E093E
:1036F000C0226CA59E0984086FF54C018408C02285
:103700008E09C90765794C018408C01B8E09C90759
:1037100065594C018408C0228E09C9076CA94C0167
:103720008408C0228E09C9076FF94C014078C02275
:103730008C0B68000C0C8E0BDD93F23C68B1001B07
:10374000060E400AC3D06401E18404146C79003988
:103750008623402CE006422AE1840434422A822354
:10376000002BE00EC00A68B50206C41D421280009C
:103770004015D188C00B6375C1C3DD93FA9C040C5E
:103780000C19806BC02B64C165510C990C79C02B4E
:10379000C02B65C9EC040010C797650D81010215A7
:1037A0000C09A71BC02C0E31830180B56E314C0172
:1037B0000C09C02C402C6D0DF004000A8E9302758C
:1037C000E08C404A054D006001C580AD05490060B0
:1037D000404AC0AD0060E08C80AD05450541006009
:1037E0008088C0AD6FA04E080294900B81417A8012
:1037F0006102461A101B8C0B64B88E2B0C09EFFC6F
:10380000C02B65516C1D0C19C807C02B6AA94C034D
:103810004C03C00DC011629966494C034C03C011A2
:10382000401167F152188C0BA10BE8000C0C80853D
:10383000DD93F29C6C1D0C198C0B402BF29C0C0C34
:10384000C1C39F85F804040C6E3100190019C02C07
:10385000402C6D0D8245A11BE08C424A05A104005D
:1038600001C580B305910400424AC0B30400E08C56
:1038700080B305C105B104000069C0B3C02B64CD9D
:10388000005B8824C0156AD16AE1004BA36B401528
:1038900068C900CB003BC00AC00A68CD046100655E
:1038A00084C580050065A56B8005045D00758425D1
:1038B000400B63750285A76B9C004C70645D0065CE
:1038C000CC7DC005046100654C628005424A9A9C2B
:1038D000D8C7608C026402E55857E0B04A5AD8470E
:1038E000484AE00A4055E00AC00B6379637D4045D1
:1038F000481AC00BD81D600A421258374045D1B053
:10390000400B6381481A8141423AC00A4045E00AAF
:10391000C00B6385638940158101400BF0040C0CDA
:10392000C1C3DD93FA3C040C00B6008B5001E008E3
:10393000402B6C1D067B88AB4E18849B820B6FA0BE
:103940006FA04F68210B806B0206FF11A3AB000034
:10395000820302E58295D30D84A5A37B5095A17BBC
:10396000C00B052150958415C00B6521A37B8335C1
:10397000A17B82C5052150058235C00B652150050C
:103980008185C00B653150958145C00B653150056F
:10399000100BC00B73188E1B5A18EFF80E646FFCD7
:1039A0004386E1A08414E11843C604768414E11828
:1039B0000C0C84661B18F23CC1C3FFFCFA04044CD7
:1039C000866B4227042484210624FA808233E18412
:1039D000600A4E3A0029C62D402B0C1DC0084296A5
:1039E000CFB473E86001000681317D09E01E400A12
:1039F000E51A420AE59A440A648100104222C7A1EE
:103A0000040E728CC00374246F5C74880C4C81317A
:103A1000DD93F204FA00040C6C010C1281114028B1
:103A20006F605DA88C0B8C2BF2000C0CC1C3DD9376
:103A3000FA00040C4206022B0414E118E124478624
:103A4000841881618C388C348245871B600803663A
:103A5000E0080D66EFB470480C06A10B8C0B8000DB
:103A6000F2000C0CC1C3DD93FA00040C4286022B59
:103A70000414E118E12447C6841881618C388C3421
:103A80008245871B60080376E0080D76EFB46E88E8
:103A90000C06A10B8C0B8000F2000C0CC1C3DD9353
:103AA000FA00040C02C6022B0414E128E118474670
:103AB000841881618C388C348E39C9378245871BD4
:103AC00060080386E0080D86EFB46CA80C06A10B15
:103AD0008C0B8000F2000C0CC1C3DD93FA00040CC7
:103AE0000286022B0414E128E118474684188161FC
:103AF0008C388C34871B9E39039682450D9660085E
:103B00006AD8E008A10BEFB480000C060C0C8C0BFB
:103B1000DD93F2006C800412813181114800C53DB3
:103B2000000450044212C18406305090FCF5C404D5
:103B3000820B5D93FA00040C0C09806BC02B65B5F9
:103B4000E084400A05A90C194086402B0005C100FD
:103B50004011C0008495C0006D210C09400AC02CA2
:103B600082C5E08063790C158531400B8C0B0341D5
:103B70006FFC6DA88C0B822BF2000C0C810181650F
:103B8000F2000C0CC1C3DD93FA7C044C0086006B80
:103B90008004E13C421080188016F1FC65B50C09E8
:103BA000404AC02B0004609880C5FA006CFD0C19D7
:103BB000A11BC02CFF1182858235820D66ED0C1988
:103BC000A11BC02602600285809906E5E094400AA8
:103BD000044502600260C09E80AD05A953F604183A
:103BE0000C39E000C02B65AD70844432050AA61381
:103BF000161264FC1224E000400A1A800060E09073
:103C0000409906F1C00002064F604E68C0180406D5
:103C100015860FBE0101E100897581716100408642
:103C2000E0084206832100048C0B00B6EFF87BE825
:103C3000603C428652788C0B007BEFE075B88C0BB1
:103C40000C09EFF8402C6D01F0A04462A17B281410
:103C50006BF144018408C02641F682658111603C05
:103C6000EF644F28600C430660788C0B5938EFC81E
:103C70000C19EFDCC02B65B5E090420A0284826526
:103C800004606088C09966F09023041344B1840EE8
:103C90000C15E400C00A6D610206C20D4C11C00093
:103CA000C02606ED82B180D5FA8010B4ECE5D28D45
:103CB00065B50C198291402BE090420AC01C1E256C
:103CC000D188448206E14C21938B40260C0984F56F
:103CD000402666E5E10042868321041466ED4C210E
:103CE0000406C026E03C41F66F644AE843068111B1
:103CF0008C0B600CEFC85C28420A85954486609462
:103D00000824E100044102604CB1C09E402666E5F3
:103D100005B10260841880AD021290138816ECFC85
:103D20006C6D0C294C11C02CC02666E969B54C0598
:103D3000440AC0098245E0906FF86DE80C098C0BCD
:103D4000C02C6D016D054C014046C02C8014E10073
:103D5000442084280426F3ECE13C02868428841461
:103D6000FC9C042480048426C81980188E0B00163D
:103D7000F27C0C4CC1C3DD93FA00040C40A6006B2E
:103D80004C01E000402B6C1D69588C0B6E38EFF431
:103D90008C0B6FE80C19A10B802C0D15937C421035
:103DA0000D154C118111002C6C214C110C0CC02BE9
:103DB000DD93F200FA1C044C8171006B66350C0B2C
:103DC00043F640164C73EFFCC0166671E080404A23
:103DD0000C199885C02B6C496C510C890C29C02B8F
:103DE000C02B6C556C4D0C39C517402BC527C587AA
:103DF000482A45374A3AE6A20644E6860854FA803D
:103E0000893BFA8080000016888C0004020010C5EF
:103E10000C398C04402C6D09E084400A6686442AE3
:103E2000FA800814815101116C0400304002833182
:103E30000009D098C02C0CA16CE94C018305C02C62
:103E40008425A18B7A801884E89412346032584A11
:103E5000FB8002144C13B21FC0166671855D985327
:103E60008345FC156C1D0C294296402B4F78E008C9
:103E70008C0B6FB4E0084E9666710C1BA30B4016BA
:103E80006CE90C090E06402C0004C00002147A8074
:103E9000400AFB80A11FE6A266714C138E0B4016F0
:103EA000F21C0C4CC1C3DD93E1044206841A841455
:103EB0006E194013DD93C015F87C040CEC601EF005
:103EC0006C4100699F71402B6C4900398181402B06
:103ED0006C5100498191402B423AAF76421AE69AE2
:103EE000BE1EE0126C4D00193C1EC02B6031020E4C
:103EF0007C1EC241E04002168F110D1C95111D164B
:103F000085111F168B112116911123169711251655
:103F1000991127169B1129169D112B1681112D160B
:103F20006C5500C98365C02B64200AF00A2982B150
:103F30008023FC08688144818281401B6C410069B8
:103F40000A64C02B04B47A809453FA80FAB5CB2D5E
:103F500000298291402B6C45FA8014940494C5ADDD
:103F60005420C088C00313F156A07AB50029DC00A4
:103F7000402C6C81FA8018C4E012463AA32B3C24F2
:103F8000DFFC4FEE68BD40713E24C01BFA800A245E
:103F90006032485A64800A000745C06EFA800424E3
:103FA0006E1900CB580AC01559E6E4844C50000C39
:103FB00088A59C006C7900C9E5CDC02C94C88835D3
:103FC0006C4100690079C02BC02C6CE9E01A50CA22
:103FD000E00E527AE11A58CAE692508AE10E4C7A03
:103FE00058CA10930E94E68E50027A804E7AF0846E
:103FF0008CC3668A64810C808EC3C06E021198C621
:10400000020A8251F2B5E0400C0CB0F1DD93F07C75
:104010000000101400434AB00000092C00001A24CC
:10402000004354C0000000200000194400000000BC
:10403000000000E00000000000800200008002019B
:104040000000000000800211008002120000000049
:1040500000800216008002170080021800800219FA
:104060000080021A0080021B000000000080021D78
:104070000080021E008002200080022400800226B0
:104080000080022C000000000080022F0080024609
:10409000000000000080024A000000000080024C86
:1040A0000080024D0080024E00800251000000009E
:1040B0000080025300000000008002570000000052
:1040C000008002590080025A0080025F0080026076
:1040D000008002610080026200800263008002644E
:1040E000008002650080026600800267008002682E
:1040F0000080027300000000008002780080027CD3
:10410000008002810080028600800287000000009B
:10411000008002950000000000800299000000006D
:10412000008002A3008002A800000000008002AA14
:10413000008002AB008002AC008002AD008002AEC5
:10414000008002B1008002B200000000008002B6D0
:10415000008002B7008002B8008002B9008002BA75
:10416000008002BB008002BC008002BD008002BE55
:10417000008002BF008002C2008002C3008002C42F
:10418000008002C500804000000000000080400266
:1041900000804003008040040080400600000000D2
:1041A000008040090080400A0080400B0080400CE5
:1041B000000000000080400E0080400F0000000062
:1041C0000080401300804014008040150000000073
:1041D000008040190080401E0080401F0080402069
:1041E0000000000000804024008040250080403C0A
:1041F0000080403D0080403E0080403F00804040C5
:1042000000804041008040420080404300804044A4
:104210000080404500804046008040470080404884
:10422000008040490080404A0080404B0080404C64
:104230000080404D0080404E0080404F0080405044
:104240000080405100804052008040530080405424
:104250000080405500804056008040570080405804
:10426000008040590080405A0080405B0080405CE4
:10427000000000000080405E000000000080406000
:1042800000000000008040690080406A0080406BB0
:104290000000000000804074008040780080407979
:1042A0000080407A0080407C00804084008040850F
:1042B00000804088008040890080408E000000001F
:1042C00000804090008040910080409900000000F4
:1042D0000080409F00000000008040A1008040A2BC
:1042E00000000000008040A8008040B0008040B680
:1042F000008040D0008040D1008040D4008040D574
:1043000000000000008040DD00000000008040DF71
:10431000008043DC008043DD00000000008043E4B7
:1043200000804404008044280000000000804448CD
:104330000080444C00804450008044540080445825
:104340000080445C008044600080446400804468D5
:10435000000000000080469800000000008048C86F
:10436000008048C900000000008048CB008048CC95
:10437000000000000080491C000000000080343C68
:104380000080800000808001008080020080800624
:10439000008080070000000000808009000000000D
:1043A0000080800E008080100000000000808014DB
:1043B000008080180080801C000000000080802D9C
:1043C0000080802E00808031008080320080803527
:1043D0000080803600808037000000000080803937
:1043E0000080803A0080803B0080803C0080803DDF
:1043F0000080803E008080400080804400808048B3
:10440000008080490080804A000000000080804CCD
:10441000008080500080805400808055008080564D
:1044200000000000008080580080805C0080806078
:104430000080806100808062000000000080806455
:10444000008080680080806C0080806D0080806EBD
:104450000000000000808070008080740080807800
:10446000008080790080807A000000000080807CDD
:104470000080808000000000008080880080808CA8
:104480000000000000808094008080980000000000
:104490000080008000800081008000820080008316
:1044A00000800084008000850080008600800087F6
:1044B00000800088008000890080008A0080008BD6
:1044C0000080008C0080008D0080008E0080008FB6
:1044D00000800090000000000080010100800102C7
:1044E00000800103008001040080010500800106B6
:1044F000008001070080010A0080010C00812C006F
:1045000000812FFC00000D00000000640000BB8053
:1045100000001A480000FB800000000000000000BE
:1045200000000000000017EC00001854000018BC48
:10453000000000000000000000000000000000007B
:10454000000000000000000000000000000000006B
:104550000000000000001A3F000000000000000002
:10456000000000000000000000000000000000004B
:10457000000000000000000000000000000000003B
:1045800000000000007800080000000800000000A3
:104590000000000F000200080F04040008101007BC
:1045A0000000000F030101E407000000000000000C
:1045B00000000000000000C00D000000C000B45466
:1045C0004000C0540401D0540404D055010484DBDD
:1045D0000404C4DB0204C4DE020444DF010444E03A
:1045E000010484E0C00858D806005250D3F0754248
:1045F0008CEC001006005250E182887F94EC001091
:1046000006005250ABB36053A4EC001006005250A9
:10461000BBFF3CB6ACEC001006005250861C0302F7
:10462000C4EC0010060052505422A29DCCEC0010A5
:1046300005005250DE65F4689C690210F8630010B2
:10464000B0630010B0630010F0630010B06300109E
:10465000B0630010B0630010B0630010B0630010CE
:10466000B0630010B0630010E8630010B063001086
:10467000E2630010B0630010B0630010DA63001052
:10468000EC6500100A640010E06500100A64001078
:10469000CE6500100A6400100A6400100A6400105D
:1046A0000A6400100A6400100A6400100A64001012
:1046B000006400100A6400100A6400100A6400100C
:1046C0000A6400100A640010006400108066001084
:1046D0006E6300106E6300106E6300106E63001056
:1046E0006E6300106E6300106E6300106E63001046
:1046F0006E6300106E6300106E6300106E63001036
:104700006E6300106E6300106E6300106E63001025
:104710006E6300106E6300106E6300106E63001015
:104720006E6300106E6300106E6300106E63001005
:104730006E6300106E6300106E6300106E630010F5
:104740006E6300106E6300106E630010FC65001055
:1047500038660010FC6500106E6300106E63001078
:104760006E6300106E6300106E6300106E630010C5
:104770006E6300106E6300106E6300106E630010B5
:104780006E6300106E6300106E6300106E630010A5
:104790006E6300106E630010186800106E630010E6
:1047A0006E6300106E6300106E6300106E63001085
:1047B0006E6300106E6300106E6300106E63001075
:1047C000186800109066001018680010FC65001052
:1047D00038660010FC650010000000000000F03F8B
:1047E00000000000000024400000000000005940CC
:1047F0000000000000408F40000000000088C3401F
:1048000000000000006AF8400000000080842E4193
:1048100000000000D01263410000000084D79741DF
:104820000000000065CDCD410D0A00000600525089
:1048300053B4F4A130ED00100000000044ED00106E
:1048400054ED0010FC4500205CED001068ED0010F8
:1048500009025400030100807D080B0002020200DF
:1048600000090400000102020004052400200105E3
:104870002401000104240206052406000107058125
:104880000308001009040100020A000000070502E5
:1048900002400000070582024000000904020000F7
:1048A000FF00010512011002EF0201408A2E0A00EA
:1048B00000010102030100000A00000000000306DD
:1048C000A6000800020002009C00140003005749E3
:1048D0004E55534200000000000000000000800020
:1048E00004000100280044006500760069006300B0
:1048F000650049006E00740065007200660061008A
:1049000063006500470055004900440000004E0068
:104910007B00620063003700330039003800630019
:1049200031002D0037003300630064002D00340097
:104930006300620037002D00390038006200380043
:104940002D0039003100330061003800660063003B
:10495000610037006200660036007D000000000044
:10496000050F2100011C100500DF60DDD88945C757
:104970004C9CD2659D9E648A9F00000306A60001A0
:1049800000000000000000005D7A00100000000040
:10499000617A00106D7A0010997A0010957A0010F3
:1049A00000000000BE7F001024810010AC810010C8
:1049B000FC8000100E810010EC8000105E80001062
:1049C0000A800010FE7F0010C8840010AE84001022
:1049D00098820010E88400109882001096840010DD
:1049E00082840010988200106E8400108083001072
:1049F0009882001046870010388700102C8700101E
:104A000098820010988200101687001038870010D6
:104A100098820010988200109882001098820010EE
:104A2000988200109882001098820010D2860010A0
:104A3000080D0020080D0020520D0020720D0020EE
:104A4000B20D0020C40D0020000D00200000000069
:104A5000C98C0010398D0010698D0010B18D0010C7
:104A6000598E0010498F0010000000000020202007
:104A7000202020202020282828282820202020200E
:104A800020202020202020202020202020881010DE
:104A9000101010101010101010101010100404043A
:104AA00004040404040404101010101010104141F8
:104AB00041414141010101010101010101010101E6
:104AC00001010101010101011010101010104242FA
:104AD00042424242020202020202020202020202B6
:104AE0000202020202020202101010102000000056
:104AF00000000000000000000000000000000000B6
:104B000000000000000000000000000000000000A5
:104B10000000000000000000000000000000000095
:104B20000000000000000000000000000000000085
:104B30000000000000000000000000000000000075
:104B40000000000000000000000000000000000065
:104B50000000000000000000000000000000000055
:104B60000000000000000000000000000000000045
:104B7000AEAC0010C6AC0010C6AC0010C6AC001045
:104B8000C6AC001092B00010C6AC0010C6AC00104D
:104B9000C6AC0010C6AC0010C6AC00105AAD001078
:104BA0005AAD00105AAD00105AAD00105AAD0010A9
:104BB0005AAD00105AAD00105AAD00105AAD001099
:104BC0005AAD0010C6AC0010C6AC0010C6AC001048
:104BD000C6AC0010C6AC0010C6AC0010C6AC0010CD
:104BE000C6AC0010C6AC0010C6AC001056B0001029
:104BF00070AD0010C6AC001070AD0010C6AC001057
:104C0000C6AC0010C6AC0010C6AC0010C6AE00109A
:104C1000C6AC0010C6AC0010C4AF0010C6AC00108B
:104C2000C6AC0010C6AC0010C6AC0010C6AC00107C
:104C3000C6AC0010C6AC0010C6AC00103EAE0010F2
:104C4000C6AC0010C6AC001024AF0010C6AC0010FB
:104C5000C6AC0010C6AC0010C6AC0010C6AC00104C
:104C6000C6AC0010C6AC00105CAE00106CB00010FA
:104C700070AD001070AD001070AD0010E2AF00100C
:104C8000F2AF0010C6AC0010C6AC00100EB00010A1
:104C9000C6AC001026B00010D6AE0010F2AE001068
:104CA000C6AC0010C6AC001010AF0010C6AC0010AF
:104CB000AAAE0010C6AC0010C6AC00103EAE00108C
:104CC00080B20010A0B0001080B20010A0B00010A0
:104CD000A0B0001030B300104EB100104EB1001063
:104CE0004EB100104EB100104EB100104EB1001088
:104CF0004EB100104EB100104EB10010A0B0001027
:104D0000A0B00010A0B00010A0B00010A0B0001023
:104D1000A0B00010A0B000108CB200104AB100107A
:104D20004AB100104AB1001062B1001064B2001024
:104D3000A0B00010A0B00010A0B10010A0B00010F2
:104D4000A0B00010A0B00010A0B00010FCB2001085
:104D5000A0B00010F4B20010A0B00010A0B000107D
:104D6000A0B00010E6B20010A0B00010A0B000107B
:104D7000A0B00010B6B20010A8B20010A0B0001091
:104D8000A0B00010A0B00010A0B00010A0B00010A3
:104D9000A0B00010A0B000108CB200104AB10010FA
:104DA0004AB100104AB1001062B1001064B20010A4
:104DB000A0B00010A0B00010A0B10010A0B0001072
:104DC000A0B00010A0B00010A0B00010FCB2001005
:104DD000A0B00010F4B20010A0B00010A0B00010FD
:104DE000A0B00010E6B20010A0B00010A0B00010FB
:104DF000A0B00010B6B20010A8B2001062B400104B
:104E0000DAB3001062B40010DAB30010DAB30010A5
:104E10007CB4001034B4001034B4001034B400106A
:104E200034B4001034B4001034B4001034B40010A2
:104E30006CB400106CB40010DAB30010DAB30010D8
:104E4000DAB30010DAB30010DAB30010DAB30010EE
:104E5000DAB30010B8B30010B8B30010B8B3001044
:104E6000B8B30010B8B30010B8B30010DAB3001034
:104E7000DAB30010DAB30010DAB30010DAB30010BE
:104E8000DAB30010DAB30010DAB30010DAB30010AE
:104E9000DAB30010DAB30010DAB30010DAB300109E
:104EA000DAB30010DAB30010DAB30010DAB300108E
:104EB00044B40010DAB30010DAB30010DAB3001013
:104EC000DAB30010DAB30010DAB30010DAB300106E
:104ED000DAB30010B8B30010B8B30010B8B30010C4
:104EE000B8B30010B8B30010B8B30010DAB30010B4
:104EF000DAB30010DAB30010DAB30010DAB300103E
:104F0000DAB30010DAB30010DAB30010DAB300102D
:104F1000DAB30010DAB30010DAB30010DAB300101D
:104F2000DAB30010DAB30010DAB30010DAB300100D
:104F300044B400100A000100020003000400050050
:104F400006000700080009000A000B000C000D0015
:104F50000E000F0010000000A2C0001028BF0010BB
:104F600028BF001028BF001028BF001028BF001065
:104F700028BF001028BF001028BF001044C0001038
:104F800044C0001044C0001044C0001044C00010D1
:104F900028BF001028BF001028BF001028BF001035
:104FA00028BF001028BF001028BF001028BF001025
:104FB00028BF001028BF001028BF001028BF001015
:104FC00028BF001028BF001028BF001028BF001005
:104FD00028BF001028BF001044C0001028BF0010D8
:104FE00028BF001028BF001028BF001028BF0010E5
:104FF00028BF001028BF001028BF001028BF0010D5
:1050000028BF0010B4C6001028BF0010C6C600108C
:1050100088CE001012CB001066CB001060CB0010C1
:105020004CCB001012CB001034000000CEFBFFFF71
:10503000CB0300000100000000000000350000006C
:10504000CEFBFFFFCB0300000100000000000000CA
:10505000BC89D897B2D29C3C33A7A8D523F649394E
:105060003DA7F444FD0FA5329D978CCF08BA5B2570
:10507000436FAC64280668110000000000000000C7
:105080000000000000000000000000000000000020
:105090000000000000000000000000000000000010
:1050A0000000000000000000101112131415161764
:1050B0001819000000000000001A1B1C1D1E1F0014
:1050C00000000000000000000000000000000000E0
:1050D0000000000000000000001A1B1C1D1E1F0025
:1050E00000000000000000000000000000000000C0
:1050F00000000000000000000000000000000000B0
:10510000000000000000000000000000000000009F
:10511000000000000000000000000000000000008F
:10512000000000000000000000000000000000007F
:10513000000000000000000000000000000000006F
:10514000000000000000000000000000000000005F
:10515000000000000000000000000000000000004F
:10516000000000000000000000000000000000003F
:105170000000000000000000050000001900000011
:105180007D000000000000000080E03779C341434B
:10519000176E05B5B5B89346F5F93FE9034F384D9D
:1051A000321D30F94877825A3CBF737FDD4F157549
:1051B000000000000000F03F00000000000024405C
:1051C00000000000000059400000000000408F4037
:1051D000000000000088C34000000000006AF840A2
:1051E0000000000080842E4100000000D0126341C6
:1051F0000000000084D797410000000065CDCD413C
:10520000000000205FA00242000000E8764837421C
:10521000000000A2941A6D42000040E59C30A242BA
:105220000000901EC4BCD64200003426F56B0C432F
:105230000080E03779C3414300A0D88557347643D6
:1052400000C84E676DC1AB43003D9160E458E14337
:10525000408CB5781DAF154450EFE2D6E41A4B44AC
:1052600092D54D06CFF08044F64AE1C7022DB544F1
:08527000B49DD9794378EA44AA
:10527800E8450210F4450210004602100C460210E0
:105288001846021024460210304602102C4802101C
:1052980003000068EFF3108C72B60268002AFCD095
:1052A800BFF35F8F04229A56002A0BDB002900D037
:1052B8000A6000201B68BFF35F8F00221A608CF31E
:1052C80010887047D0221206126801201A71F1E77F
:1052D800F0B51F00D023C6461B061B680400160045
:1052E8009846002500B50AE0BFF35F8F156081F38B
:1052F80010883000390000F03BFF002818D12268E0
:10530800EFF3108172B61368002BFCD0BFF35F8FE8
:10531800237922687F2BE7D943462371BFF35F8F38
:105328000023136081F31088012080BCB846F0BDCB
:105338000020FAE770B582B001A9060014001D002C
:10534800FFF7A6FF002807D1D0221206019B12788A
:105358005BB252B2934201D102B070BD22002B0061
:105368003000FFF7B5FFF7E7F8B50E00070000F0CB
:105378001FFFFA2204000D000023920030000021D4
:1053880000F0FEFE22002B0012184B41002B02DA1F
:105398000122034B52423800FFF79AFFF8BDC0467E
:1053A800FFFFFF7F0268EFF3108172B61368002BCE
:1053B800FCD0BFF35F8FFF2303710368BFF35F8FD8
:1053C80000221A6081F3108840BF7047084B9C4642
:1053D8001B78002B0BD18023064807495B051A6808
:1053E800C25004338B42FAD10123624613707047CE
:1053F80010460020D43E00100001001010B5014BEB
:10540800984710BDD53E0020084B5A6842609A68FC
:105418008260DA68C2601A6902615A6942619B69EE
:105428008361A0235B051B6803607047000002408E
:105438004268084B5A6082689A60C268DA600269FA
:105448001A6142695A6182699A61A02302685B0500
:105458001A60704700000240F0B5D6464F464646EF
:105468000023C0B5182788B01E0081460D00988A11
:1054780046493B88140098473B8880464449B08A8F
:105488009847002343490600988A3B8898478246F4
:10549800FFF79CFF01A8FFF7B7FFC047B0473E4B97
:1054A80021001A6880239B005340C02292001340B9
:1054B8003A4A1360002C1CD00823C0209C464005A3
:1054C800163F6246836A1A401F4239D0631A002980
:1054D8002BD1002A0BD1002C0BD0C0230822022686
:1054E8005B059B6A1A401E4242D0002AF5D0002C68
:1054F80030D1294B1A68C0239B009343274A136075
:10550800D047FFF77BFF01A8FFF792FF08B0E0BC88
:10551800BA46B146A846F0BD002C2BD1C022520590
:10552800966A08223240B6072BD50D2B19D9002AC6
:10553800F2D1C0225205966A08223240B607F4D446
:10554800002A04D10B002343002BBAD1D1E70B006A
:10555800002CF9D0036E013C2B70230001350B435E
:10556800F2E74B461B780139036601239944E7E7C4
:105578000021E5E7C0235B051B6E013C2B7001355C
:105588009FE70B00A242DFD1DCE7C0464946000096
:1055980045580000464300000C8001400C90014033
:1055A8000022154B10B59A60DA601A615A619A6147
:1055B800DA611A625A629A62DA621A635A639A6301
:1055C800DA631A645A649A64DA641A655A659A65E1
:1055D800DA651A665A669A66DA661A675A679A67C1
:1055E800DA67F03292000021044800F0B1FD044B64
:1055F800044A1A6010BDC0460000105090400020B8
:10560800B844002080011050F0B54746CE4680B51A
:105618001C4B00249F6D012685B0002F1BD01A4B10
:1056280098461A4B994604E00134E4B27600202CDF
:1056380011D03E42F8D043469E65012365086D00AF
:10564800A343ED186D014D44280000F013FC002819
:1056580006D1B743E8D105B0C0BCB946B046F0BDE5
:10566800EB8AE0210393002301A8AA78C9000180EE
:1056780001210271437100F01DFC280000F098FB25
:10568800E7E7C0460000115000301150504000209C
:105698009823C64AF0B5D55880232E009B021024C3
:1056A80085B01E401D4274D0C14BC24C9A6AC24B91
:1056B80000261A603B23E35C022B00D14BE17B23DD
:1056C800E35C022B00D1EFE0BB23E35C022B00D1AB
:1056D800F6E0FB23E35C022B00D1FDE03C23FF3323
:1056E800E35C022B00D129E17C23FF33E35C022B2E
:1056F80000D10AE1BC23FF33E35C022B00D13BE17C
:10570800FC23FF33E35C022B00D1F1E0AB4BE35CFD
:10571800022B00D170E1AA4BE35C022B00D101E11E
:10572800A84BE35C022B00D171E1A74BE35C022B91
:1057380000D12EE1A54BE35C022B00D19CE1A44BE8
:10574800E35C022B00D16DE1A24BE35C022B00D19C
:105758009DE1A14BE35C022B00D17BE1002E08D137
:105768009E4B1B78002B04D180219D4A90338902DF
:10577800D150C02269468D4B92009B6C80265B05F8
:105788008A805B0D012101A8029300F093FB954CE0
:10579800B602EB0600D57BE080235B021D422FD0CA
:1057A8000224844F1E43BB7E002B14D000F0F8FC6B
:1057B800012800D970E0C02200213800920100F0D1
:1057C800FDFA380000F0F4FA00F0EAFC012802D9EA
:1057D800834B5C661C660123FB702037012C20D1AB
:1057E800C0236A46DB0093807F4A02AB03CA03C327
:1057F800012101A800F05EFB8022794B92021A6514
:1058080080235B011D420ED18023DB011D4221D183
:1058180080231B021D422DD1AE4200D0BEE105B04F
:10582800F0BD0124BFE700241E43604B1C60FFF756
:10583800B7FE80236A465B0093801472012101A899
:1058480000F038FB8022664B12031A658023DB01C7
:105858001D42DDD01E4380236A46DB009380012170
:1058680001A800F027FB10225D4B1A6580231B025C
:105878001D42D1D01E43A0236A46DB00938001213C
:1058880001A800F017FB8022554B12011A65C3E7E7
:10589800FFF7BAFE26007FE7544B444A1C66536E56
:1058A8002340A342FBD186E77833E75C002F00D181
:1058B8000AE70233E25C002A00D00DE13E0003E76C
:1058C800B833E75C002F00D103E70233E25C002A1B
:1058D80000D0F9E03E00FCE6F833E75C002F00D189
:1058E800FCE60233E25C002A00D041E13E00F5E626
:1058F800F933FF33E75C002F00D107E70233E25C9E
:10590800002A00D02BE13E0000E77933FF33E75C43
:10591800002F00D1EEE60233E25C002A00D015E148
:105928003E00E7E6324BE75C002F00D1F8E6023391
:10593800E25C002A00D001E13E00F1E63933FF3392
:10594800E75C002F00D1CFE60233E25C002A00D0EA
:10595800EBE03E00C8E63833E65C002E00D1AEE648
:105968000233E25C002A00D1A9E6200000222030A0
:10597800E25400F04BFAA2E6B933FF33E75C002F9C
:1059880000D1BDE60233E25C002A00D0C4E03E004C
:10599800B6E6184BE75C002F00D1CBE60233E25C99
:1059A800002A00D0B0E03E00C4E6C0460000115016
:1059B8000040054050400020404000203B020000CD
:1059C8007B020000BB020000FB0200003B0300005A
:1059D8007B030000BB030000FB0300000E46002011
:1059E800003011501000020000001050002011502B
:1059F8007A020000FA0200006B4BE75C002F00D12E
:105A080089E60233E25C002A76D13E0083E6674BE2
:105A1800E75C002F00D188E60233E25C002A63D1FC
:105A28003E0082E6624BE75C002F00D18CE6023331
:105A3800E25C002A00D0A3E05E4BE35C022B30D18D
:105A48005D4BE35C002B27D15C4BE35C022B00D061
:105A58008FE63E005A4BE35C002B00D17EE6FF2325
:105A68009B00E25C002A00D183E60022E2541C3B42
:105A7800E01800F0CBF97CE6524BE75C002F00D130
:105A88005DE60233E25C002A16D13E0057E64A4B37
:105A9800E35C002B00D15CE6EF239B00E25C002A6C
:105AA80075D1464BE35C022B00D062E6444BE35CC5
:105AB800002B00D15DE6D2E70022E2541C3BE0183F
:105AC80000F0A4F93E003AE620000022A030E2549B
:105AD8003E0000F09BF9FCE5200000226030E25413
:105AE8003E0000F093F9EFE50022E2541C3BE01879
:105AF80000F08CF93E0018E60022E2541C3BE01846
:105B080000F084F93E0006E60022E2541C3BE0184F
:105B180000F07CF93E000DE620000022A130FF30A5
:105B2800E2543E0000F072F9EAE52000002221303C
:105B3800FF30E2543E0000F069F9D5E50022E25456
:105B48001C3BE01800F062F93E00E9E52000002265
:105B58006130FF30E2543E0000F058F9CAE52000F9
:105B68000022E130FF30E2543E0000F04FF9CDE56D
:105B780020000022E030E2543E0000F047F9ADE595
:105B88000022E2541C3BE01800F040F954E70022E0
:105B9800E2541C3BE01800F039F982E731000A486A
:105BA800694000F00DFBC0463A020000BA0200004E
:105BB8007A030000BB030000BA030000FB030000E7
:105BC800FA0300003A03000070ED0010F0B58C46AF
:105BD800838A018B020083B00E1C994200D91E1CD7
:105BE800B6B29B1B9CB2D37880211800451EA841F1
:105BF800C90031434003084301214B40D370537817
:105C08009482002B32D11169002E2AD06346D468C1
:105C18009B01E418731E0193062B32D923000B4312
:105C28009B072ED1631A013B022B2AD90023B70800
:105C3800BF00CD58E5500433BB42FAD19E420ED086
:105C4800019DE418EF1ACD18C95C21700199994299
:105C580005D06B786370012F01D0AB78A370116900
:105C6800948A802389191B0211611843002C02D1E0
:105C78008023DB0118436346002B00D0000403B0E7
:105C8800F0BD0023CD5CE55401339E42FAD1E6E72E
:105C98008368F0B51A68002900D0120C4378920581
:105CA800950D002B09D1C38AEB18C382038BAB4235
:105CB80001D9002383822800F0BD0469002D28D073
:105CC800C36889016F1EBC465E18062F27D90131AB
:105CD8005B18E31A022B22D9230033439B071ED1FA
:105CE8000023120E9200F158E15004339A42FAD17F
:105CF80095420DD063469F1AA318B45CB1181C7066
:105D0800944505D04A785A70012F01D08A789A7044
:105D18000469C38A6419EB18C3820461C6E70022C8
:105D2800B35CA35401329542FAD10469F1E7C04645
:105D380010B50400836800211B68FFF7A9FF63689A
:105D48001B685B0002D5238B834200D010BD012164
:105D58002000FFF79DFFF9E7084B1A6C0023920714
:105D680003D48278D209012A01D018007047C37E73
:105D7800023B5A425341DBB2F7E7C04600001150DC
:105D880010B5FFF7E9FF00280AD0064B064A9B6AC0
:105D9800064912685B189B1A0020C6229A424041A5
:105DA80010BDC0460040054040400020E0FCFFFF19
:105DB80000238376436103617047C04610B583684A
:105DC800002901D01C682140002A12D08024E40058
:105DD800114322420DD01A6822420CD1084A0A40C7
:105DE8001A60084A126C920703D40C23033BFDD2B5
:105DF8008368196010BD8178034800F0E1F9C04656
:105E0800FFFBFFFF0000115084ED0010436870B5E0
:105E18000021802504001E68FFF7D8FE124B6D0193
:105E28001A6C0543A37892070ED55B060ED00F4B6C
:105E38001E4080239B0533436268002113602000C5
:105E48002A00FFF7BBFF70BDDB09F0D0A38A002B47
:105E5800EDD001212000FFF7B9FEA023044ADB059D
:105E6800324005431343E7E700001150FFFFFFAF3F
:105E7800FFFFFFDF70B5857E0400002D14D0FFF70B
:105E880057FFA38A002B01D1280070BD2000FFF71F
:105E980077FF002803D0012300252377F4E72000AB
:105EA800FFF7B4FF0025EFE78178014800F088F993
:105EB800A4ED0010F0B54746CE4680B543780500FE
:105EC8000F0085B0062B07D8684A9B00D3589F4619
:105ED800674A137801331370664B1C686269EFF3E5
:105EE800108172B61368002BFCD0BFF35F8FA161DD
:105EF8002000290000F04CF96269A369BFF35F8FA5
:105F08000021116083F31088002804D105B0C0BCBB
:105F1800B946B046F0BD3A006978287800F020F913
:105F2800F4E70121544B1A788A431A701A78013120
:105F38008A431A7000225A701A7802318A431A70FA
:105F4800CAE74E4B00241E001A784D4B98464D4B1D
:105F5800994610E04B461B6861015B18002B06D080
:105F6800DB69002B03D069682878984732780134B8
:105F7800E4B2944217D8A242ECD8A31A5B01434476
:105F8800EEE73D4B1A78D207C0D504211A780A43A8
:105F98001A70A1E7384B1A78D207B7D504211A78B6
:105FA8008A431A7098E7344A1378904611005B07C1
:105FB80028D51378042201AC93430B7020000021EC
:105FC800083200F0C5F82B78237005236370294B3D
:105FD8001B6818005A69EFF3108172B61368002B1A
:105FE800FCD0BFF35F8F06008161210000F0D0F87C
:105FF8007269B369BFF35F8F0021116083F3108862
:1060080000282CD14346DB78DB0700D47EE72B78C9
:1060180001AC2370032363706B686360154B1D68C4
:106028006A69EFF3108172B61368002BFCD0BFF3D6
:106038005F8FA9612800210000F0AAF86A69AB699E
:10604800BFF35F8F0021116083F31088002800D10F
:106058005CE73A006178207800F082F856E73A0069
:106068006178207800F07CF8CCE7C046304A02100E
:106078000F460020103E0020B83D00200D460020AD
:106088004C4A0210D03C00207047C046F0B5CE46BE
:10609800474680B588420DD98B1898420AD2531EBC
:1060A800002A03D0CA5CC254013BFBD2C0BCB9462B
:1060B800B046F0BD0F2A0BD80500561E002AF5D0B1
:1060C8000023CC5C1A00EC5401339642F9D1EDE779
:1060D80003000B4388469B0734D110261700B146AE
:1060E8000C000300103F3F093F01C519A944266869
:1060F8001E6066685E60A6689E60E6681034DE60B2
:106108001E001033AE42F2D1CF1939000F230C26EE
:1061180010318C461340164217D04446043B9B0866
:106128009B00FF181437061B0C688D1904312C606E
:10613800B942F9D16146043359184B441D00032371
:106148001A40BAE70500561EBAE74D461A00B4E7EA
:1061580001B40248844601BC604700BF9556001050
:1061680001B40248844601BC604700BF6D7E001040
:1061780001B40248844601BC604700BFFD450010D9
:1061880001B40248844601BC604700BFE5550010D1
:1061980001B40248844601BC604700BF199400104E
:1061A80001B40248844601BC604700BF793700103B
:1061B80001B40248844601BC604700BF4D47001047
:1061C80001B40248844601BC604700BF853700100F
:1061D80010000000000000000000010000000000A6
:1061E80000000000000002000000000000000000A5
:1061F8000000030000000000000000000000040090
:106208000000000000000000000005000000000081
:10621800000000000000FF000000000001B5486811
:1062280001318E460047704609380149884701BD4B
:106238005D3D001000000000FFFFFFFFFFFFFF7F34
:106248000000000000000000000000000000000046
:10625800000000009018002000000000000000006E
:10626800503300004C330000543300005233000018
:106278004D5300004D4300005334000043340000E8
:1062880011750010C574001039740010B173001036
:106298000000000000010000143E002010000C0067
:1062A80000000000000000000000000000000000E6
:1062B80000000000FF000000008004400000000013
:1062C8000040044000000000FFFFFFFF0000020044
:1062D8000000000000000000001100200011002054
:1062E80008110020081100201011002010110020B2
:1062F8001811002018110020201100202011002062
:106308002811002028110020301100203011002011
:1063180038110020381100204011002040110020C1
:106328004811002048110020501100205011002071
:106338005811002058110020601100206011002021
:1063480068110020681100207011002070110020D1
:106358007811002078110020801100208011002081
:106368008811002088110020901100209011002031
:106378009811002098110020A0110020A0110020E1
:10638800A8110020A8110020B0110020B011002091
:10639800B8110020B8110020C0110020C011002041
:1063A800C8110020C8110020D0110020D0110020F1
:1063B800D8110020D8110020E0110020E0110020A1
:1063C800E8110020E8110020F0110020F011002051
:1063D800F8110020F81100200012002000120020FF
:1063E80008120020081200201012002010120020AD
:1063F800181200201812002020120020201200205D
:10640800281200202812002030120020301200200C
:1064180038120020381200204012002040120020BC
:10642800481200204812002050120020501200206C
:10643800581200205812002060120020601200201C
:1064480068120020681200207012002070120020CC
:10645800781200207812002080120020801200207C
:10646800881200208812002090120020901200202C
:106478009812002098120020A0120020A0120020DC
:10648800A8120020A8120020B0120020B01200208C
:10649800B8120020B8120020C0120020C01200203C
:1064A800C8120020C8120020D0120020D0120020EC
:1064B800D8120020D8120020E0120020E01200209C
:1064C800E8120020E8120020F0120020F01200204C
:1064D800F8120020F81200200013002000130020FA
:1064E80008130020081300201013002010130020A8
:1064F8001813002018130020201300202013002058
:106508002813002028130020301300203013002007
:1065180038130020381300204013002040130020B7
:106528004813002048130020501300205013002067
:106538005813002058130020601300206013002017
:1065480068130020681300207013002070130020C7
:106558007813002078130020801300208013002077
:106568008813002088130020901300209013002027
:106578009813002098130020A0130020A0130020D7
:10658800A8130020A8130020B0130020B013002087
:10659800B8130020B8130020C0130020C013002037
:1065A800C8130020C8130020D0130020D0130020E7
:1065B800D8130020D8130020E0130020E013002097
:1065C800E8130020E8130020F0130020F013002047
:1065D800F8130020F81300200014002000140020F5
:1065E80008140020081400201014002010140020A3
:1065F8001814002018140020201400202014002053
:106608002814002028140020301400203014002002
:1066180038140020381400204014002040140020B2
:106628004814002048140020501400205014002062
:106638005814002058140020601400206014002012
:1066480068140020681400207014002070140020C2
:106658007814002078140020801400208014002072
:106668008814002088140020901400209014002022
:106678009814002098140020A0140020A0140020D2
:10668800A8140020A8140020B0140020B014002082
:10669800B8140020B8140020C0140020C014002032
:1066A800C8140020C8140020D0140020D0140020E2
:1066B800D8140020D8140020E0140020E014002092
:1066C800E8140020E8140020F0140020F014002042
:1066D800F8140020F8140020101500200000000015
:1066E80000000000983B0020003C0020683C00208F
:1066F8000000000000000000000000000000000092
:106708000000000000000000000000000000000081
:106718000000000000000000000000000000000071
:106728000000000000000000000000000000000061
:106738000000000000000000000000000000000051
:106748000000000000000000000000000000000041
:106758000000000000000000000000000000000031
:106768000000000000000000000000000000000021
:106778000000000000000000010000000000000010
:106788000E33CDAB34126DE6ECDE05000B000000D5
:1067980000000000000000000000000000000000F1
:1067A80000000000000000000000000000000000E1
:1067B80000000000000000000000000000000000D1
:1067C80000000000000000000000000000000000C1
:1067D80000000000000000000000000000000000B1
:1067E80000000000000000000000000000000000A1
:1067F8000000000000000000000000000000000091
:106808000000000000000000000000000000000080
:106818000000000000000000000000000000000070
:10682800430000000000000000000000000000001D
:106838000000000000000000000000000000000050
:1068480043000000000000000000000000000000FD
:106858000000000000000000000000000000000030
:1068680043000000000000000000000000000000DD
:106878000000000000000000000000000000000010
:1068880043000000000000000000000000000000BD
:1068980000000000000000000000000000000000F0
:1068A800430000000000000000000000000000009D
:1068B80000000000000000000000000000000000D0
:1068C800430000000000000000000000000000007D
:1068D80000000000000000000000000000000000B0
:1068E800430000000000000000000000000000005D
:1068F8000000000000000000000000000000000090
:10690800E1CE001099BE0010000000006C4A021091
:10691800DCED0010F8EB0010F8EB0010F8EB0010BD
:10692800F8EB0010F8EB0010F8EB0010F8EB001093
:10693800F8EB0010F8EB0010FFFFFFFFFFFFFFFF71
:10694800FFFFFFFFFFFF00000100415343494900DB
:10695800000000000000000000000000000000002F
:1069680000000000000000000000415343494900B6
:10697800000000000000000000000000000000000F
:1069880000000000000000000000000000000000FF
:0469980000000000FB
:04000005100001E9FD
:00000001FF
